node_id,z,y,x,degree,is_interior,embedded,iou,fill,inscribed_radius_vox,diameter_um,radius_fill_vox,diameter_fill_um,box_material_frac,saturated
0,28.86448,603.87217,65.62873,5,0,0,0.25257,0.75419,2.00000,232.78363,0.00000,0.00000,0.34259,0
1,28.83475,682.58239,66.15705,5,0,0,0.25943,0.77031,3.00000,349.17545,2.73839,318.72650,0.32742,0
2,28.80502,761.29261,66.68538,3,0,0,0.00000,0.00000,0.00000,0.00000,0.00000,0.00000,0.04141,0
3,29.07262,52.90064,61.93045,3,0,0,0.07171,0.09863,0.00000,0.00000,0.00000,0.00000,0.09824,0
4,29.04289,131.61086,62.45877,5,0,0,0.22338,0.59116,1.00000,116.39182,0.00000,0.00000,0.29850,0
5,29.01315,210.32108,62.98710,5,0,0,0.21784,0.58824,1.00000,116.39182,0.00000,0.00000,0.32710,0
6,28.98342,289.03130,63.51542,5,0,0,0.22279,0.60497,1.00000,116.39182,0.00000,0.00000,0.34061,0
7,28.95369,367.74152,64.04375,5,0,0,0.21400,0.57967,1.41421,164.60287,0.00000,0.00000,0.32794,0
8,29.10571,406.83754,103.30591,8,0,0,0.24645,1.00000,8.00000,931.13452,12.00000,1396.70178,0.66586,0
9,28.92395,446.45174,64.57208,5,0,0,0.22211,0.61983,1.00000,116.39182,0.00000,0.00000,0.34662,0
10,29.07597,485.54776,103.83423,8,0,0,0.24322,1.00000,8.24621,959.79144,12.00000,1396.70178,0.66470,0
11,28.89422,525.16195,65.10040,5,0,0,0.25264,0.71858,2.00000,232.78363,0.00000,0.00000,0.33683,0
12,29.04624,564.25798,104.36256,8,0,0,0.24339,1.00000,8.00000,931.13452,12.00000,1396.70178,0.64173,0
13,29.01651,642.96820,104.89089,8,0,0,0.25069,1.00000,7.00000,814.74268,11.36987,1323.36023,0.61530,0
14,28.98677,721.67842,105.41921,8,0,0,0.24238,1.00000,7.00000,814.74268,9.70831,1129.96790,0.55661,0
15,29.22464,91.99667,101.19260,8,0,0,0.25327,1.00000,7.00000,814.74268,10.36595,1206.51147,0.61133,0
16,29.19491,170.70688,101.72093,8,0,0,0.24576,1.00000,8.00000,931.13452,12.00000,1396.70178,0.66336,0
17,29.34693,209.80291,140.98309,8,0,0,0.24627,1.00000,9.05539,1053.97278,12.00000,1396.70178,0.71910,0
18,29.16518,249.41710,102.24926,8,0,0,0.24140,1.00000,8.06226,938.38080,12.00000,1396.70178,0.66957,0
19,29.31720,288.51313,141.51141,8,0,0,0.23537,1.00000,9.43398,1098.03821,12.00000,1396.70178,0.72230,0
20,29.13544,328.12732,102.77758,8,0,0,0.25000,1.00000,8.00000,931.13452,12.00000,1396.70178,0.67181,0
21,29.28746,367.22335,142.03974,8,0,0,0.24643,1.00000,9.05539,1053.97278,12.00000,1396.70178,0.72288,0
22,29.25773,445.93357,142.56807,8,0,0,0.24306,1.00000,9.00000,1047.52637,12.00000,1396.70178,0.71770,0
23,29.22800,524.64378,143.09639,8,0,0,0.24407,1.00000,9.00000,1047.52637,12.00000,1396.70178,0.69722,0
24,29.19826,603.35400,143.62472,8,0,0,0.24119,1.00000,8.00000,931.13452,12.00000,1396.70178,0.66746,0
25,29.35028,642.45003,182.88688,8,0,0,0.24390,1.00000,8.00000,931.13452,12.00000,1396.70178,0.66560,0
26,29.16853,682.06422,144.15305,8,0,0,0.25275,1.00000,8.00000,931.13452,11.48761,1337.06335,0.62202,0
27,29.32055,721.16025,183.41520,8,0,0,0.24157,1.00000,8.00000,931.13452,10.46435,1217.96436,0.59258,0
28,29.13879,760.77444,144.68137,5,0,0,0.00000,0.00000,0.00000,0.00000,0.00000,0.00000,0.11168,0
29,29.40640,52.38247,139.92644,5,0,0,0.28996,0.92222,4.00000,465.56726,4.66583,543.06403,0.38573,0
30,29.55842,91.47850,179.18859,8,0,0,0.24068,1.00000,8.00000,931.13452,12.00000,1396.70178,0.67482,0
31,29.37667,131.09269,140.45476,8,0,0,0.24322,1.00000,8.06226,938.38080,12.00000,1396.70178,0.69242,0
32,29.52869,170.18871,179.71692,8,0,0,0.23970,1.00000,9.27362,1079.37329,12.00000,1396.70178,0.73210,0
33,29.49895,248.89893,180.24525,8,0,0,0.24189,1.00000,10.63015,1237.26196,12.00000,1396.70178,0.75635,0
34,29.46922,327.60915,180.77357,8,0,0,0.24035,1.00000,10.04988,1169.72327,12.00000,1396.70178,0.75949,0
35,29.62124,366.70518,220.03573,8,0,0,0.24290,1.00000,11.57584,1347.33264,12.00000,1396.70178,0.77126,1
36,29.43949,406.31937,181.30190,8,0,0,0.24238,1.00000,10.24695,1192.66125,12.00000,1396.70178,0.75334,0
37,29.59151,445.41540,220.56406,8,0,0,0.23462,1.00000,11.00000,1280.30994,12.00000,1396.70178,0.75802,1
38,29.40975,485.02959,181.83023,8,0,0,0.24559,1.00000,10.00000,1163.91821,12.00000,1396.70178,0.74227,0
39,29.56177,524.12561,221.09238,8,0,0,0.24302,1.00000,10.00000,1163.91821,12.00000,1396.70178,0.72314,0
40,29.38002,563.73981,182.35855,8,0,0,0.24271,1.00000,9.00000,1047.52637,12.00000,1396.70178,0.71123,0
41,29.53204,602.83583,221.62071,8,0,0,0.23919,1.00000,9.00000,1047.52637,12.00000,1396.70178,0.67878,0
42,29.50231,681.54605,222.14904,8,0,0,0.24084,1.00000,8.06226,938.38080,11.90940,1386.15674,0.62182,0
43,29.47257,760.25627,222.67736,5,0,0,0.00000,0.00000,0.00000,0.00000,0.00000,0.00000,0.13658,0
44,29.74018,51.86430,217.92243,5,0,0,0.28454,0.94795,3.74166,435.49832,5.30513,617.47424,0.43987,0
45,29.71044,130.57452,218.45075,8,0,0,0.24136,1.00000,10.86278,1264.33875,12.00000,1396.70178,0.74662,0
46,29.86247,169.67054,257.71291,8,0,0,0.24541,1.00000,12.00000,1396.70178,12.00000,1396.70178,0.77613,1
47,29.68071,209.28474,218.97908,8,0,0,0.24423,1.00000,11.00000,1280.30994,12.00000,1396.70178,0.76582,1
48,29.83273,248.38076,258.24124,8,0,0,0.24171,1.00000,12.00000,1396.70178,12.00000,1396.70178,0.77856,1
49,29.65098,287.99496,219.50741,8,0,0,0.24357,1.00000,11.22497,1306.49487,12.00000,1396.70178,0.77037,1
50,29.80300,327.09098,258.76956,8,0,0,0.25119,1.00000,12.00000,1396.70178,12.00000,1396.70178,0.77856,1
51,29.77326,405.80120,259.29789,8,0,0,0.24592,1.00000,12.00000,1396.70178,12.00000,1396.70178,0.77805,1
52,29.74353,484.51142,259.82622,8,0,0,0.24087,1.00000,11.00000,1280.30994,12.00000,1396.70178,0.75757,1
53,29.71380,563.22164,260.35454,8,0,0,0.24271,1.00000,10.00000,1163.91821,12.00000,1396.70178,0.71885,0
54,29.86582,602.31766,299.61670,8,0,0,0.24288,1.00000,10.00000,1163.91821,12.00000,1396.70178,0.70195,0
55,29.68406,641.93186,260.88287,8,0,0,0.24711,1.00000,9.05539,1053.97278,12.00000,1396.70178,0.66758,0
56,29.83608,681.02788,300.14503,8,0,0,0.25241,1.00000,9.00000,1047.52637,12.00000,1396.70178,0.64038,0
57,29.65433,720.64208,261.41119,8,0,0,0.24168,1.00000,8.00000,931.13452,11.20867,1304.59778,0.60013,0
58,29.80635,759.73810,300.67335,5,0,0,0.00000,0.00000,0.00000,0.00000,0.00000,0.00000,0.12896,0
59,30.07396,51.34613,295.91842,5,0,0,0.27251,0.95868,4.00000,465.56726,5.75000,669.25293,0.47686,0
60,29.89220,90.96032,257.18459,8,0,0,0.25138,1.00000,10.00000,1163.91821,12.00000,1396.70178,0.72960,0
61,30.04422,130.05635,296.44674,8,0,0,0.24114,1.00000,12.00000,1396.70178,12.00000,1396.70178,0.77446,1
62,30.01449,208.76657,296.97507,8,0,0,0.25155,1.00000,12.00000,1396.70178,12.00000,1396.70178,0.77856,1
63,29.98476,287.47679,297.50340,8,0,0,0.24446,1.00000,12.00000,1396.70178,12.00000,1396.70178,0.77869,1
64,29.95502,366.18701,298.03172,8,0,0,0.24828,1.00000,12.00000,1396.70178,12.00000,1396.70178,0.77869,1
65,30.10704,405.28303,337.29388,8,0,0,0.24457,1.00000,12.00000,1396.70178,12.00000,1396.70178,0.77869,1
66,29.92529,444.89722,298.56005,8,0,0,0.24573,1.00000,12.00000,1396.70178,12.00000,1396.70178,0.77722,1
67,30.07731,483.99325,337.82221,8,0,0,0.25052,1.00000,11.09054,1290.84766,12.00000,1396.70178,0.77242,1
68,29.89555,523.60744,299.08837,8,0,0,0.24440,1.00000,11.00000,1280.30994,12.00000,1396.70178,0.74829,1
69,30.04758,562.70347,338.35053,8,0,0,0.24290,1.00000,9.27362,1079.37329,12.00000,1396.70178,0.73830,0
70,30.01784,641.41369,338.87886,8,0,0,0.24659,1.00000,9.00000,1047.52637,12.00000,1396.70178,0.68659,0
71,29.98811,720.12391,339.40718,8,0,0,0.24779,1.00000,7.14143,831.20380,10.93841,1273.14160,0.60205,0
72,30.22598,90.44215,335.18058,8,0,0,0.24103,1.00000,10.00000,1163.91821,12.00000,1396.70178,0.75885,0
73,30.19625,169.15237,335.70890,8,0,0,0.24609,1.00000,12.00000,1396.70178,12.00000,1396.70178,0.77869,1
74,30.34827,208.24840,374.97106,8,0,0,0.24440,1.00000,12.00000,1396.70178,12.00000,1396.70178,0.77869,1
75,30.16651,247.86259,336.23723,8,0,0,0.24966,1.00000,12.00000,1396.70178,12.00000,1396.70178,0.77869,1
76,30.31853,286.95862,375.49939,8,0,0,0.24374,1.00000,12.00000,1396.70178,12.00000,1396.70178,0.77869,1
77,30.13678,326.57281,336.76555,8,0,0,0.24108,1.00000,12.00000,1396.70178,12.00000,1396.70178,0.77869,1
78,30.28880,365.66884,376.02771,8,0,0,0.24374,1.00000,12.00000,1396.70178,12.00000,1396.70178,0.77869,1
79,30.25907,444.37905,376.55604,8,0,0,0.23900,1.00000,12.00000,1396.70178,12.00000,1396.70178,0.77869,1
80,30.22933,523.08927,377.08436,8,0,0,0.24829,1.00000,11.00000,1280.30994,12.00000,1396.70178,0.75821,1
81,30.19960,601.79949,377.61269,8,0,0,0.24271,1.00000,9.11043,1060.37988,12.00000,1396.70178,0.71622,0
82,30.35162,640.89552,416.87485,8,0,0,0.24405,1.00000,9.00000,1047.52637,12.00000,1396.70178,0.69683,0
83,30.16986,680.50971,378.14102,8,0,0,0.24352,1.00000,9.00000,1047.52637,12.00000,1396.70178,0.65414,0
84,30.32189,719.60573,417.40317,8,0,0,0.24003,1.00000,8.00000,931.13452,11.03260,1284.10486,0.61702,0
85,30.14013,759.21993,378.66934,5,0,0,0.00000,0.00000,0.00000,0.00000,0.00000,0.00000,0.14406,0
86,30.40774,50.82796,373.91441,5,0,0,0.26258,1.00000,5.09902,593.48413,8.13773,947.16559,0.54374,0
87,30.55976,89.92398,413.17657,8,0,0,0.24339,1.00000,11.00000,1280.30994,12.00000,1396.70178,0.76154,1
88,30.37800,129.53818,374.44273,8,0,0,0.23641,1.00000,12.00000,1396.70178,12.00000,1396.70178,0.77792,1
89,30.53002,168.63420,413.70489,8,0,0,0.23919,1.00000,12.00000,1396.70178,12.00000,1396.70178,0.77869,1
90,30.50029,247.34442,414.23322,8,0,0,0.24222,1.00000,12.00000,1396.70178,12.00000,1396.70178,0.77869,1
91,30.47056,326.05464,414.76154,8,0,0,0.24510,1.00000,12.00000,1396.70178,12.00000,1396.70178,0.77869,1
92,30.62258,365.15066,454.02370,8,0,0,0.24661,1.00000,12.00000,1396.70178,12.00000,1396.70178,0.77869,1
93,30.44082,404.76486,415.28987,8,0,0,0.24122,1.00000,12.00000,1396.70178,12.00000,1396.70178,0.77869,1
94,30.59284,443.86088,454.55203,8,0,0,0.24255,1.00000,12.00000,1396.70178,12.00000,1396.70178,0.77869,1
95,30.41109,483.47508,415.81820,8,0,0,0.24220,1.00000,12.00000,1396.70178,12.00000,1396.70178,0.77632,1
96,30.56311,522.57110,455.08036,8,0,0,0.24524,1.00000,11.00000,1280.30994,12.00000,1396.70178,0.74694,1
97,30.38135,562.18530,416.34652,8,0,0,0.24035,1.00000,10.04988,1169.72327,12.00000,1396.70178,0.74573,0
98,30.53338,601.28132,455.60868,8,0,0,0.23916,1.00000,10.00000,1163.91821,12.00000,1396.70178,0.70598,0
99,30.50364,679.99154,456.13701,8,0,0,0.24304,1.00000,8.12404,945.57159,12.00000,1396.70178,0.63552,0
100,30.47391,758.70176,456.66533,5,0,0,0.00000,0.00000,0.00000,0.00000,0.00000,0.00000,0.14394,0
101,30.74151,50.30979,451.91040,5,0,0,0.26979,0.97772,4.12311,479.89572,6.34127,738.07153,0.50246,0
102,30.71178,129.02001,452.43872,8,0,0,0.24073,1.00000,12.00000,1396.70178,12.00000,1396.70178,0.77811,1
103,30.86380,168.11603,491.70088,8,0,0,0.24441,1.00000,12.00000,1396.70178,12.00000,1396.70178,0.77869,1
104,30.68205,207.73023,452.96705,8,0,0,0.24423,1.00000,12.00000,1396.70178,12.00000,1396.70178,0.77869,1
105,30.83407,246.82625,492.22921,8,0,0,0.24745,1.00000,12.00000,1396.70178,12.00000,1396.70178,0.77869,1
106,30.65231,286.44045,453.49538,8,0,0,0.23693,1.00000,12.00000,1396.70178,12.00000,1396.70178,0.77869,1
107,30.80433,325.53647,492.75754,8,0,0,0.23970,1.00000,12.00000,1396.70178,12.00000,1396.70178,0.77869,1
108,30.77460,404.24669,493.28586,8,0,0,0.24541,1.00000,12.00000,1396.70178,12.00000,1396.70178,0.77869,1
109,30.74487,482.95691,493.81419,8,0,0,0.24898,1.00000,11.22497,1306.49487,12.00000,1396.70178,0.77485,1
110,30.71513,561.66713,494.34251,8,0,0,0.24592,1.00000,11.00000,1280.30994,12.00000,1396.70178,0.73971,1
111,30.86715,600.76315,533.60467,8,0,0,0.24257,1.00000,10.00000,1163.91821,12.00000,1396.70178,0.72154,0
112,30.68540,640.37735,494.87084,8,0,0,0.24255,1.00000,10.00000,1163.91821,12.00000,1396.70178,0.69248,0
113,30.83742,679.47337,534.13300,8,0,0,0.24319,1.00000,9.00000,1047.52637,12.00000,1396.70178,0.65242,0
114,30.65566,719.08756,495.39917,8,0,0,0.24337,1.00000,7.34847,855.30170,10.74956,1251.16052,0.59309,0
115,30.80769,758.18359,534.66132,5,0,0,0.00000,0.00000,0.00000,0.00000,0.00000,0.00000,0.14432,0
116,31.07529,49.79162,529.90639,5,0,0,0.26848,0.95041,3.31662,386.02798,5.91467,688.41913,0.52518,0
117,30.89354,89.40581,491.17256,8,0,0,0.24392,1.00000,11.09054,1290.84766,12.00000,1396.70178,0.76691,1
118,31.04556,128.50184,530.43472,8,0,0,0.24545,1.00000,12.00000,1396.70178,12.00000,1396.70178,0.77837,1
119,31.01582,207.21206,530.96304,8,0,0,0.24966,1.00000,12.00000,1396.70178,12.00000,1396.70178,0.77869,1
120,30.98609,285.92228,531.49137,8,0,0,0.24216,1.00000,12.00000,1396.70178,12.00000,1396.70178,0.77869,1
121,30.95636,364.63249,532.01969,8,0,0,0.24472,1.00000,12.00000,1396.70178,12.00000,1396.70178,0.77869,1
122,31.10838,403.72852,571.28185,8,0,0,0.24457,1.00000,12.00000,1396.70178,12.00000,1396.70178,0.77869,1
123,30.92662,443.34271,532.54802,8,0,0,0.24355,1.00000,12.00000,1396.70178,12.00000,1396.70178,0.77843,1
124,31.07864,482.43874,571.81018,8,0,0,0.24441,1.00000,11.22497,1306.49487,12.00000,1396.70178,0.77466,1
125,30.89689,522.05293,533.07635,8,0,0,0.25172,1.00000,11.00000,1280.30994,12.00000,1396.70178,0.75987,1
126,31.04891,561.14896,572.33850,8,0,0,0.24592,1.00000,10.00000,1163.91821,12.00000,1396.70178,0.74259,0
127,31.01918,639.85917,572.86683,8,0,0,0.25310,1.00000,8.24621,959.79144,12.00000,1396.70178,0.69568,0
128,30.98944,718.56939,573.39516,8,0,0,0.24357,1.00000,8.00000,931.13452,11.48546,1336.81396,0.62074,0
129,31.22731,88.88764,569.16855,8,0,0,0.24898,1.00000,11.00000,1280.30994,12.00000,1396.70178,0.76576,1
130,31.19758,167.59786,569.69687,8,0,0,0.23867,1.00000,12.00000,1396.70178,12.00000,1396.70178,0.77869,1
131,31.34960,206.69389,608.95903,8,0,0,0.24257,1.00000,12.00000,1396.70178,12.00000,1396.70178,0.77869,1
132,31.16785,246.30808,570.22520,8,0,0,0.24677,1.00000,12.00000,1396.70178,12.00000,1396.70178,0.77869,1
133,31.31987,285.40410,609.48736,8,0,0,0.23797,1.00000,12.00000,1396.70178,12.00000,1396.70178,0.77869,1
134,31.13811,325.01830,570.75353,8,0,0,0.25000,1.00000,12.00000,1396.70178,12.00000,1396.70178,0.77869,1
135,31.29013,364.11432,610.01568,8,0,0,0.24745,1.00000,12.00000,1396.70178,12.00000,1396.70178,0.77869,1
136,31.26040,442.82454,610.54401,8,0,0,0.23922,1.00000,12.00000,1396.70178,12.00000,1396.70178,0.77869,1
137,31.23067,521.53476,611.07234,8,0,0,0.24359,1.00000,10.09950,1175.49963,12.00000,1396.70178,0.76205,0
138,31.20093,600.24498,611.60066,8,0,0,0.24122,1.00000,9.00000,1047.52637,12.00000,1396.70178,0.72294,0
139,31.35295,639.34100,650.86282,8,0,0,0.24100,1.00000,9.00000,1047.52637,12.00000,1396.70178,0.69837,0
140,31.17120,678.95520,612.12899,8,0,0,0.25172,1.00000,8.06226,938.38080,12.00000,1396.70178,0.65984,0
141,31.32322,718.05122,651.39115,8,0,0,0.24339,1.00000,8.00000,931.13452,11.38183,1324.75171,0.62726,0
142,31.14146,757.66542,612.65731,5,0,0,0.00000,0.00000,0.00000,0.00000,0.00000,0.00000,0.13997,0
143,31.40907,49.27345,607.90238,5,0,0,0.26052,1.00000,5.47723,637.50427,7.90311,919.85785,0.52173,0
144,31.56109,88.36947,647.16454,8,0,0,0.24138,1.00000,10.24695,1192.66125,12.00000,1396.70178,0.73664,0
145,31.37934,127.98367,608.43071,8,0,0,0.24392,1.00000,12.00000,1396.70178,12.00000,1396.70178,0.77702,1
146,31.53136,167.07969,647.69286,8,0,0,0.24236,1.00000,12.00000,1396.70178,12.00000,1396.70178,0.77690,1
147,31.50162,245.78991,648.22119,8,0,0,0.23800,1.00000,11.57584,1347.33264,12.00000,1396.70178,0.77830,1
148,31.47189,324.50013,648.74952,8,0,0,0.24147,1.00000,12.00000,1396.70178,12.00000,1396.70178,0.77869,1
149,31.62391,363.59615,688.01167,8,0,0,0.24206,1.00000,11.00000,1280.30994,12.00000,1396.70178,0.77152,1
150,31.44216,403.21035,649.27784,8,0,0,0.23890,1.00000,12.00000,1396.70178,12.00000,1396.70178,0.77869,1
151,31.59418,442.30637,688.54000,8,0,0,0.23965,1.00000,11.00000,1280.30994,12.00000,1396.70178,0.75546,1
152,31.41242,481.92057,649.80617,8,0,0,0.24508,1.00000,11.04536,1285.58960,12.00000,1396.70178,0.77421,1
153,31.56444,521.01659,689.06833,8,0,0,0.24422,1.00000,9.00000,1047.52637,12.00000,1396.70178,0.71878,0
154,31.38269,560.63079,650.33449,8,0,0,0.24271,1.00000,9.11043,1060.37988,12.00000,1396.70178,0.74099,0
155,31.53471,599.72681,689.59665,8,0,0,0.23968,1.00000,9.00000,1047.52637,12.00000,1396.70178,0.68576,0
156,31.50498,678.43703,690.12498,8,0,0,0.24322,1.00000,8.00000,931.13452,12.00000,1396.70178,0.64134,0
157,31.47524,757.14725,690.65330,5,0,0,0.00000,0.00000,0.00000,0.00000,0.00000,0.00000,0.14656,0
158,31.74285,48.75528,685.89837,5,0,0,0.27023,1.00000,5.09902,593.48413,7.43969,865.91949,0.48320,0
159,31.71311,127.46550,686.42670,8,0,0,0.23948,1.00000,10.24695,1192.66125,12.00000,1396.70178,0.75213,0
160,31.86514,166.56152,725.68885,8,0,0,0.24054,1.00000,8.30662,966.82300,12.00000,1396.70178,0.71942,0
161,31.68338,206.17572,686.95502,8,0,0,0.24763,1.00000,11.00000,1280.30994,12.00000,1396.70178,0.76390,1
162,31.83540,245.27174,726.21718,8,0,0,0.24694,1.00000,9.43398,1098.03821,12.00000,1396.70178,0.73094,0
163,31.65365,284.88593,687.48335,8,0,0,0.24306,1.00000,10.63015,1237.26196,12.00000,1396.70178,0.77293,0
164,31.80567,323.98196,726.74551,8,0,0,0.24829,1.00000,9.11043,1060.37988,12.00000,1396.70178,0.73350,0
165,31.77593,402.69218,727.27383,8,0,0,0.24473,1.00000,10.04988,1169.72327,12.00000,1396.70178,0.73274,0
166,31.74620,481.40240,727.80216,8,0,0,0.24038,1.00000,10.00000,1163.91821,12.00000,1396.70178,0.71021,0
167,31.71647,560.11262,728.33048,8,0,0,0.24203,1.00000,9.00000,1047.52637,12.00000,1396.70178,0.67795,0
168,31.86849,599.20864,767.59264,5,0,0,0.28707,0.93017,3.74166,435.49832,4.71065,548.28076,0.38016,0
169,31.68673,638.82283,728.85881,8,0,0,0.24458,1.00000,8.00000,931.13452,12.00000,1396.70178,0.63674,0
170,31.83875,677.91886,768.12097,5,0,0,0.29196,0.91008,3.16228,368.06323,4.77238,555.46582,0.36966,0
171,31.65700,717.53305,729.38714,8,0,0,0.24049,1.00000,8.00000,931.13452,10.55040,1227.98047,0.57357,0
172,31.80902,756.62908,768.64930,3,0,0,0.00000,0.00000,0.00000,0.00000,0.00000,0.00000,0.04582,0
173,32.07663,48.23711,763.89436,3,0,0,0.17744,0.32329,1.00000,116.39182,0.00000,0.00000,0.13837,0
174,31.89487,87.85130,725.16053,8,0,0,0.25188,1.00000,8.77496,1021.33405,12.00000,1396.70178,0.67898,0
175,32.04689,126.94733,764.42269,5,0,0,0.24131,0.69832,2.00000,232.78363,0.00000,0.00000,0.38106,0
176,32.01716,205.65754,764.95101,5,0,0,0.24687,0.71111,1.00000,116.39182,0.00000,0.00000,0.38234,0
177,31.98742,284.36776,765.47934,5,0,0,0.27281,0.79670,2.23607,260.26001,2.85049,331.77420,0.41062,0
178,31.95769,363.07798,766.00766,5,0,0,0.26570,0.80220,2.00000,232.78363,2.89211,336.61740,0.40365,0
179,31.92796,441.78820,766.53599,5,0,0,0.27353,0.86389,3.00000,349.17545,3.57532,416.13757,0.38374,0
180,31.89822,520.49842,767.06432,5,0,0,0.27574,0.87778,3.00000,349.17545,4.20546,489.48135,0.40038,0
181,68.10303,485.85451,64.76253,8,0,0,0.26942,0.75275,2.23607,260.26001,2.77539,323.03293,0.21971,0
182,68.07329,564.56473,65.29086,8,0,0,0.27071,0.78711,3.00000,349.17545,2.90084,337.63354,0.21574,0
183,68.04356,643.27495,65.81918,8,0,0,0.28288,0.82143,2.82843,329.20575,3.38000,393.40436,0.21446,0
184,68.01383,721.98516,66.34751,8,0,0,0.30019,0.88796,3.74166,435.49832,4.27698,497.80566,0.19520,0
185,68.25170,92.30341,62.12090,8,0,0,0.27916,0.77135,2.82843,329.20575,2.64659,308.04153,0.18515,0
186,68.22196,171.01363,62.64923,8,0,0,0.28405,0.80441,3.00000,349.17545,3.44621,401.11087,0.22586,0
187,68.37399,210.10966,101.91139,12,1,0,0.24438,1.00000,7.00000,814.74268,9.36069,1089.50757,0.38099,0
188,68.19223,249.72385,63.17755,8,0,0,0.27441,0.77410,3.00000,349.17545,2.81699,327.87405,0.22707,0
189,68.34425,288.81988,102.43971,12,1,0,0.24089,1.00000,8.00000,931.13452,9.60502,1117.94580,0.39091,0
190,68.16250,328.43407,63.70588,8,0,0,0.26104,0.72829,2.44949,285.10056,2.78392,324.02515,0.22771,0
191,68.31452,367.53009,102.96804,12,1,0,0.24290,1.00000,7.14143,831.20380,9.47015,1102.24744,0.38541,0
192,68.13276,407.14429,64.23421,8,0,0,0.27445,0.75137,2.82843,329.20575,2.65229,308.70505,0.21594,0
193,68.28478,446.24031,103.49636,12,1,0,0.24136,1.00000,7.34847,855.30170,9.48833,1104.36377,0.38285,0
194,68.25505,524.95053,104.02469,12,1,0,0.25017,1.00000,7.00000,814.74268,9.46106,1101.19019,0.39334,0
195,68.22532,603.66075,104.55302,12,1,0,0.24019,1.00000,7.00000,814.74268,9.41463,1095.78577,0.37958,0
196,68.19558,682.37097,105.08134,12,1,0,0.24626,1.00000,7.00000,814.74268,9.01224,1048.95044,0.35098,0
197,68.34760,721.46699,144.34350,12,1,0,0.24618,1.00000,6.40312,745.27124,8.35843,972.85339,0.32730,0
198,68.16585,761.08119,105.60967,8,0,0,0.00000,0.00000,0.00000,0.00000,0.00000,0.00000,0.02637,0
199,68.43346,52.68922,100.85473,8,0,0,0.28942,0.81006,3.00000,349.17545,3.39917,395.63516,0.20518,0
200,68.58548,91.78524,140.11689,12,1,0,0.24321,1.00000,7.00000,814.74268,8.87486,1032.96155,0.35168,0
201,68.40372,131.39944,101.38306,12,1,0,0.23948,1.00000,7.00000,814.74268,8.97433,1044.53821,0.36128,0
202,68.55574,170.49546,140.64522,12,1,0,0.23605,1.00000,7.00000,814.74268,9.11230,1060.59729,0.37184,0
203,68.52601,249.20568,141.17355,12,1,0,0.24154,1.00000,7.00000,814.74268,9.33359,1086.35376,0.37408,0
204,68.49628,327.91590,141.70187,12,1,0,0.23989,1.00000,7.68115,894.02246,9.49821,1105.51343,0.38534,0
205,68.46654,406.62612,142.23020,12,1,0,0.24019,1.00000,7.00000,814.74268,9.39323,1093.29529,0.38528,0
206,68.61856,445.72214,181.49236,12,1,0,0.23984,1.00000,7.00000,814.74268,9.53188,1109.43237,0.40019,0
207,68.43681,485.33634,142.75852,12,1,0,0.23968,1.00000,7.00000,814.74268,9.37801,1091.52405,0.37741,0
208,68.58883,524.43236,182.02068,12,1,0,0.24559,1.00000,8.00000,931.13452,9.72173,1131.52991,0.41792,0
209,68.40707,564.04656,143.28685,12,1,0,0.24171,1.00000,7.00000,814.74268,9.30421,1082.93433,0.37574,0
210,68.55910,603.14258,182.54901,12,1,0,0.24206,1.00000,7.00000,814.74268,9.32223,1085.03088,0.39232,0
211,68.37734,642.75678,143.81518,12,1,0,0.24138,1.00000,7.00000,814.74268,9.15704,1065.80408,0.35725,0
212,68.52936,681.85280,183.07733,12,1,0,0.24742,1.00000,6.08276,707.98376,8.79983,1024.22803,0.35328,0
213,68.49963,760.56302,183.60566,8,0,0,0.00000,0.00000,0.00000,0.00000,0.00000,0.00000,0.02970,0
214,68.76723,52.17105,178.85073,8,0,0,0.31865,0.92896,4.00000,465.56726,4.69181,546.08832,0.24653,0
215,68.73750,130.88127,179.37905,12,1,0,0.24488,1.00000,7.00000,814.74268,8.78039,1021.96552,0.36704,0
216,68.70777,209.59149,179.90738,12,1,0,0.24539,1.00000,7.00000,814.74268,8.85178,1030.27417,0.38835,0
217,68.85979,248.68751,219.16954,12,1,0,0.24491,1.00000,7.07107,823.01440,9.14098,1063.93481,0.38502,0
218,68.67803,288.30171,180.43570,12,1,0,0.24154,1.00000,7.00000,814.74268,9.40753,1094.95972,0.40064,0
219,68.83005,327.39773,219.69786,12,1,0,0.24273,1.00000,7.00000,814.74268,9.29564,1081.93640,0.39546,0
220,68.64830,367.01192,180.96403,12,1,0,0.24589,1.00000,7.00000,814.74268,9.43889,1098.60999,0.40890,0
221,68.80032,406.10795,220.22619,12,1,0,0.25051,1.00000,7.00000,814.74268,9.35366,1088.68982,0.39206,0
222,68.77059,484.81817,220.75451,12,1,0,0.24711,1.00000,7.00000,814.74268,9.27676,1079.73889,0.38112,0
223,68.74085,563.52839,221.28284,12,1,0,0.24154,1.00000,8.00000,931.13452,9.28084,1080.21423,0.39078,0
224,68.71112,642.23860,221.81117,12,1,0,0.24796,1.00000,7.00000,814.74268,8.90525,1036.49805,0.37677,0
225,68.86314,681.33463,261.07332,12,1,0,0.24778,1.00000,7.00000,814.74268,8.85820,1031.02197,0.36211,0
226,68.68138,720.94882,222.33949,12,1,0,0.24708,1.00000,7.00000,814.74268,8.49530,988.78320,0.34803,0
227,68.83341,760.04485,261.60165,8,0,0,0.00000,0.00000,0.00000,0.00000,0.00000,0.00000,0.03008,0
228,69.10101,51.65288,256.84672,8,0,0,0.30798,0.89751,3.60555,419.65665,4.51339,525.32190,0.24736,0
229,68.91926,91.26707,218.11288,12,1,0,0.24779,1.00000,7.00000,814.74268,8.75216,1018.67969,0.36358,0
230,69.07128,130.36310,257.37504,12,1,0,0.24488,1.00000,7.00000,814.74268,8.75257,1018.72772,0.37446,0
231,68.88952,169.97729,218.64121,12,1,0,0.24744,1.00000,7.00000,814.74268,8.85321,1030.44092,0.36442,0
232,69.04154,209.07332,257.90337,12,1,0,0.25225,1.00000,7.00000,814.74268,9.03025,1051.04724,0.38080,0
233,69.01181,287.78353,258.43169,12,1,0,0.24422,1.00000,7.07107,823.01440,9.04230,1052.44983,0.39334,0
234,68.98208,366.49375,258.96002,12,1,0,0.24438,1.00000,7.87401,916.47003,9.34681,1087.89221,0.40800,0
235,68.95234,445.20397,259.48835,12,1,0,0.24476,1.00000,7.07107,823.01440,9.33874,1086.95325,0.39846,0
236,69.10436,484.30000,298.75050,12,1,0,0.24627,1.00000,7.00000,814.74268,9.28217,1080.36853,0.40928,0
237,68.92261,523.91419,260.01667,12,1,0,0.25121,1.00000,7.14143,831.20380,9.27451,1079.47742,0.39878,0
238,69.07463,563.01022,299.27883,12,1,0,0.24983,1.00000,7.00000,814.74268,9.37687,1091.39099,0.40582,0
239,68.89287,602.62441,260.54500,12,1,0,0.24490,1.00000,7.07107,823.01440,9.20961,1071.92297,0.39002,0
240,69.04490,641.72043,299.80716,12,1,0,0.24949,1.00000,7.00000,814.74268,9.26080,1077.88171,0.40422,0
241,69.01516,720.43065,300.33548,12,1,0,0.24607,1.00000,7.00000,814.74268,8.82500,1027.15820,0.35968,0
242,69.25303,90.74890,296.10887,12,1,0,0.25225,1.00000,7.00000,814.74268,8.65615,1007.50464,0.37107,0
243,69.22330,169.45912,296.63720,12,1,0,0.24133,1.00000,7.00000,814.74268,8.97688,1044.83594,0.37690,0
244,69.19357,248.16934,297.16553,12,1,0,0.24847,1.00000,7.07107,823.01440,9.23381,1074.73975,0.39686,0
245,69.34559,287.26536,336.42768,12,1,0,0.24234,1.00000,7.00000,814.74268,8.99815,1047.31042,0.38054,0
246,69.16383,326.87956,297.69385,12,1,0,0.24626,1.00000,7.00000,814.74268,9.13204,1062.89429,0.38291,0
247,69.31585,365.97558,336.95601,12,1,0,0.24572,1.00000,7.00000,814.74268,9.27396,1079.41333,0.40890,0
248,69.13410,405.58978,298.22218,12,1,0,0.25141,1.00000,5.74456,668.62006,8.23372,958.33759,0.35341,0
249,69.28612,444.68580,337.48434,12,1,0,0.24355,1.00000,7.07107,823.01440,9.21956,1073.08118,0.39693,0
250,69.25639,523.39602,338.01266,12,1,0,0.24458,1.00000,7.00000,814.74268,9.21308,1072.32666,0.40122,0
251,69.22665,602.10624,338.54099,12,1,0,0.24290,1.00000,7.00000,814.74268,9.54785,1111.29175,0.41158,0
252,69.19692,680.81646,339.06931,12,1,0,0.25450,1.00000,7.00000,814.74268,8.87858,1033.39453,0.36915,0
253,69.34894,719.91248,378.33147,12,1,0,0.24369,1.00000,7.00000,814.74268,8.96154,1043.05017,0.37274,0
254,69.16718,759.52668,339.59764,8,0,0,0.00000,0.00000,0.00000,0.00000,0.00000,0.00000,0.03520,0
255,69.43479,51.13471,334.84271,8,0,0,0.29623,0.87955,4.00000,465.56726,4.16712,485.01828,0.24493,0
256,69.58681,90.23073,374.10486,12,1,0,0.24440,1.00000,7.00000,814.74268,8.69420,1011.93347,0.36454,0
257,69.40506,129.84493,335.37103,12,1,0,0.24335,1.00000,7.00000,814.74268,8.54341,994.38336,0.36134,0
258,69.55708,168.94095,374.63319,12,1,0,0.24508,1.00000,7.00000,814.74268,9.12069,1061.57361,0.38093,0
259,69.37532,208.55515,335.89936,12,1,0,0.24419,1.00000,7.00000,814.74268,8.74299,1017.61206,0.38074,0
260,69.52734,247.65117,375.16152,12,1,0,0.24267,1.00000,7.00000,814.74268,8.99601,1047.06177,0.38995,0
261,69.49761,326.36139,375.68984,12,1,0,0.24022,1.00000,7.00000,814.74268,9.21222,1072.22644,0.38413,0
262,69.46788,405.07161,376.21817,12,1,0,0.24291,1.00000,7.00000,814.74268,9.19756,1070.52112,0.39802,0
263,69.61990,444.16763,415.48033,12,1,0,0.23970,1.00000,7.00000,814.74268,9.24589,1076.14612,0.39725,0
264,69.43814,483.78183,376.74649,12,1,0,0.24201,1.00000,7.00000,814.74268,9.25476,1077.17847,0.41862,0
265,69.59016,522.87785,416.00865,12,1,0,0.24812,1.00000,7.00000,814.74268,9.32298,1085.11902,0.39802,0
266,69.40841,562.49204,377.27482,12,1,0,0.23848,1.00000,7.87401,916.47003,9.62800,1120.62024,0.41581,0
267,69.56043,601.58807,416.53698,12,1,0,0.23832,1.00000,7.07107,823.01440,9.28498,1080.69580,0.38771,0
268,69.37867,641.20226,377.80315,12,1,0,0.24236,1.00000,7.00000,814.74268,9.38238,1092.03259,0.40442,0
269,69.53070,680.29829,417.06531,12,1,0,0.24187,1.00000,7.00000,814.74268,8.90461,1036.42371,0.35846,0
270,69.50096,759.00851,417.59363,8,0,0,0.00000,0.00000,0.00000,0.00000,0.00000,0.00000,0.03322,0
271,69.76857,50.61654,412.83870,8,0,0,0.30705,0.92458,4.00000,465.56726,4.79421,558.00696,0.23827,0
272,69.73883,129.32676,413.36702,12,1,0,0.24422,1.00000,7.00000,814.74268,8.65089,1006.89282,0.35418,0
273,69.70910,208.03697,413.89535,12,1,0,0.24915,1.00000,7.00000,814.74268,8.97165,1044.22681,0.37133,0
274,69.86112,247.13300,453.15751,12,1,0,0.25051,1.00000,7.00000,814.74268,8.93894,1040.41907,0.37331,0
275,69.67937,286.74719,414.42367,12,1,0,0.24136,1.00000,7.07107,823.01440,8.93024,1039.40637,0.37139,0
276,69.83139,325.84322,453.68583,12,1,0,0.24675,1.00000,7.00000,814.74268,8.91131,1037.20312,0.37850,0
277,69.64963,365.45741,414.95200,12,1,0,0.24691,1.00000,7.00000,814.74268,8.78588,1022.60510,0.37395,0
278,69.80165,404.55344,454.21416,12,1,0,0.24315,1.00000,7.00000,814.74268,8.90136,1036.04590,0.38618,0
279,69.77192,483.26366,454.74249,12,1,0,0.24522,1.00000,7.00000,814.74268,9.12667,1062.27002,0.39341,0
280,69.74219,561.97387,455.27081,12,1,0,0.24694,1.00000,7.00000,814.74268,9.32196,1084.99951,0.39840,0
281,69.71245,640.68409,455.79914,12,1,0,0.24897,1.00000,6.40312,745.27124,8.88390,1034.01282,0.36832,0
282,69.86447,679.78012,495.06130,12,1,0,0.25068,1.00000,7.00000,814.74268,9.04083,1052.27808,0.37338,0
283,69.68272,719.39431,456.32746,12,1,0,0.24306,1.00000,7.00000,814.74268,9.17113,1067.44409,0.37491,0
284,69.83474,758.49034,495.58962,8,0,0,0.00000,0.00000,0.00000,0.00000,0.00000,0.00000,0.04115,0
285,70.10235,50.09837,490.83469,8,0,0,0.31262,0.87978,4.00000,465.56726,4.23807,493.27634,0.23040,0
286,69.92059,89.71256,452.10085,12,1,0,0.24931,1.00000,7.00000,814.74268,8.50000,989.33044,0.36096,0
287,70.07261,128.80859,491.36301,12,1,0,0.24846,1.00000,7.00000,814.74268,8.50832,990.29913,0.35450,0
288,69.89086,168.42278,452.62918,12,1,0,0.24387,1.00000,7.00000,814.74268,8.84842,1029.88354,0.36301,0
289,70.04288,207.51880,491.89134,12,1,0,0.24742,1.00000,7.00000,814.74268,8.60944,1002.06879,0.37338,0
290,70.01314,286.22902,492.41967,12,1,0,0.24726,1.00000,7.00000,814.74268,8.62702,1004.11426,0.36646,0
291,69.98341,364.93924,492.94799,12,1,0,0.25313,1.00000,7.00000,814.74268,9.05083,1053.44214,0.38662,0
292,69.95368,443.64946,493.47632,12,1,0,0.24897,1.00000,7.00000,814.74268,8.97020,1044.05823,0.37965,0
293,70.10570,482.74548,532.73848,12,1,0,0.24762,1.00000,7.00000,814.74268,9.08207,1057.07812,0.37491,0
294,69.92394,522.35968,494.00464,12,1,0,0.24354,1.00000,7.00000,814.74268,9.07102,1055.79297,0.38131,0
295,70.07596,561.45570,533.26680,12,1,0,0.24357,1.00000,7.00000,814.74268,9.30343,1082.84302,0.39117,0
296,69.89421,601.06990,494.53297,12,1,0,0.24693,1.00000,7.00000,814.74268,9.19784,1070.55347,0.39270,0
297,70.04623,640.16592,533.79513,12,1,0,0.25103,1.00000,7.00000,814.74268,9.23776,1075.19983,0.38630,0
298,70.01650,718.87614,534.32345,12,1,0,0.24644,1.00000,7.00000,814.74268,9.06106,1054.63269,0.37171,0
299,70.25437,89.19439,530.09685,12,1,0,0.25103,1.00000,7.00000,814.74268,8.79629,1023.81635,0.36454,0
300,70.22463,167.90461,530.62517,12,1,0,0.24575,1.00000,7.00000,814.74268,8.96494,1043.44556,0.37062,0
301,70.19490,246.61483,531.15350,12,1,0,0.24742,1.00000,7.00000,814.74268,8.76459,1020.12677,0.36954,0
302,70.34692,285.71085,570.41566,12,1,0,0.25141,1.00000,6.00000,698.35089,8.17943,952.01929,0.33843,0
303,70.16517,325.32505,531.68182,12,1,0,0.24253,1.00000,7.00000,814.74268,9.02302,1050.20605,0.37216,0
304,70.31719,364.42107,570.94398,12,1,0,0.24572,1.00000,7.00000,814.74268,8.66679,1008.74365,0.36422,0
305,70.13543,404.03527,532.21015,12,1,0,0.24983,1.00000,7.00000,814.74268,9.20254,1071.10022,0.37818,0
306,70.28745,443.13129,571.47231,12,1,0,0.24222,1.00000,7.00000,814.74268,9.04210,1052.42651,0.37600,0
307,70.25772,521.84151,572.00063,12,1,0,0.25563,1.00000,6.00000,698.35089,8.45755,984.39014,0.35341,0
308,70.22799,600.55173,572.52896,12,1,0,0.24065,1.00000,7.34847,855.30170,9.35424,1088.75647,0.38630,0
309,70.19825,679.26195,573.05729,12,1,0,0.24846,1.00000,7.00000,814.74268,9.05624,1054.07202,0.36570,0
310,70.35027,718.35797,612.31944,12,1,0,0.24691,1.00000,7.00000,814.74268,8.83012,1027.75366,0.36051,0
311,70.16852,757.97217,573.58561,8,0,0,0.00000,0.00000,0.00000,0.00000,0.00000,0.00000,0.03603,0
312,70.43613,49.58020,568.83068,8,0,0,0.28223,0.78090,3.00000,349.17545,3.17533,369.58212,0.24077,0
313,70.58815,88.67622,608.09284,12,1,0,0.24502,1.00000,7.00000,814.74268,8.51964,991.61627,0.33331,0
314,70.40639,128.29041,569.35900,12,1,0,0.25248,1.00000,6.08276,707.98376,7.89665,919.10553,0.33760,0
315,70.55841,167.38644,608.62116,12,1,0,0.24110,1.00000,7.00000,814.74268,8.68688,1011.08142,0.34029,0
316,70.37666,207.00063,569.88733,12,1,0,0.25401,1.00000,5.47723,637.50427,8.21315,955.94397,0.35987,0
317,70.52868,246.09666,609.14949,12,1,0,0.24539,1.00000,7.00000,814.74268,8.63277,1004.78381,0.34304,0
318,70.49895,324.80688,609.67781,12,1,0,0.23981,1.00000,7.00000,814.74268,8.93892,1040.41711,0.36806,0
319,70.46921,403.51710,610.20614,12,1,0,0.24435,1.00000,7.00000,814.74268,9.09044,1058.05273,0.37312,0
320,70.62123,442.61312,649.46830,12,1,0,0.23693,1.00000,7.00000,814.74268,9.50150,1105.89734,0.37926,0
321,70.43948,482.22731,610.73447,12,1,0,0.24022,1.00000,7.00000,814.74268,9.21760,1072.85364,0.37408,0
322,70.59150,521.32334,649.99662,12,1,0,0.24222,1.00000,7.00000,814.74268,9.44868,1099.74951,0.38701,0
323,70.40974,560.93753,611.26279,12,1,0,0.24255,1.00000,7.00000,814.74268,9.20844,1071.78674,0.37184,0
324,70.56177,600.03356,650.52495,12,1,0,0.24983,1.00000,6.40312,745.27124,8.75437,1018.93744,0.34221,0
325,70.38001,639.64775,611.79112,12,1,0,0.24369,1.00000,7.00000,814.74268,9.10454,1059.69409,0.37037,0
326,70.53203,678.74378,651.05328,12,1,0,0.24257,1.00000,7.00000,814.74268,8.91702,1037.86755,0.35494,0
327,70.50230,757.45400,651.58160,8,0,0,0.00000,0.00000,0.00000,0.00000,0.00000,0.00000,0.03648,0
328,70.76990,49.06203,646.82667,8,0,0,0.32079,0.97548,5.00000,581.95911,5.40701,629.33228,0.23450,0
329,70.74017,127.77224,647.35499,12,1,0,0.24419,1.00000,7.00000,814.74268,8.74091,1017.37036,0.34042,0
330,70.71044,206.48246,647.88332,12,1,0,0.24173,1.00000,7.00000,814.74268,8.84590,1029.59058,0.34707,0
331,70.86246,245.57849,687.14548,12,1,0,0.24385,1.00000,7.00000,814.74268,8.66360,1008.37225,0.33715,0
332,70.68070,285.19268,648.41165,12,1,0,0.24087,1.00000,7.00000,814.74268,9.05249,1053.63525,0.36211,0
333,70.83272,324.28871,687.67380,12,1,0,0.24557,1.00000,7.00000,814.74268,8.79552,1023.72675,0.33978,0
334,70.65097,363.90290,648.93997,12,1,0,0.24526,1.00000,7.00000,814.74268,9.22552,1073.77478,0.38234,0
335,70.80299,402.99893,688.20213,12,1,0,0.25325,1.00000,7.00000,814.74268,9.06588,1055.19434,0.35226,0
336,70.77326,481.70914,688.73046,12,1,0,0.25661,1.00000,5.65685,658.41150,8.05612,937.66663,0.32870,0
337,70.74352,560.41936,689.25878,12,1,0,0.24070,1.00000,7.00000,814.74268,9.16728,1066.99658,0.36224,0
338,70.71379,639.12958,689.78711,12,1,0,0.25981,1.00000,5.65685,658.41150,8.23154,958.08398,0.33818,0
339,70.86581,678.22561,729.04927,12,1,0,0.24863,1.00000,7.00000,814.74268,8.88624,1034.28613,0.34816,0
340,70.68405,717.83980,690.31544,12,1,0,0.24504,1.00000,7.00000,814.74268,8.80647,1025.00122,0.34554,0
341,70.83608,756.93582,729.57759,8,0,0,0.00000,0.00000,0.00000,0.00000,0.00000,0.00000,0.03411,0
342,71.10368,48.54385,724.82266,8,0,0,0.29965,0.95251,4.00000,465.56726,5.19311,604.43524,0.22970,0
343,70.92193,88.15805,686.08883,12,1,0,0.25365,1.00000,7.00000,814.74268,8.28171,963.92291,0.33318,0
344,71.07395,127.25407,725.35098,12,1,0,0.24554,1.00000,7.00000,814.74268,8.85106,1030.19080,0.33882,0
345,70.89219,166.86827,686.61715,12,1,0,0.25141,1.00000,6.00000,698.35089,7.95329,925.69781,0.29325,0
346,71.04421,205.96429,725.87931,12,1,0,0.25331,1.00000,7.00000,814.74268,9.00498,1048.10547,0.35136,0
347,71.01448,284.67451,726.40764,12,1,0,0.24438,1.00000,7.00000,814.74268,9.07707,1056.49670,0.36122,0
348,70.98475,363.38473,726.93596,12,1,0,0.24488,1.00000,7.00000,814.74268,9.12740,1062.35510,0.36480,0
349,70.95501,442.09495,727.46429,12,1,0,0.24420,1.00000,7.00000,814.74268,9.15065,1065.06104,0.36640,0
350,71.10703,481.19097,766.72645,8,0,0,0.28113,0.79834,3.00000,349.17545,3.01564,350.99567,0.20064,0
351,70.92528,520.80517,727.99262,12,1,0,0.25331,1.00000,6.40312,745.27124,8.75668,1019.20630,0.34688,0
352,71.07730,559.90119,767.25477,8,0,0,0.29054,0.82920,3.00000,349.17545,3.64057,423.73230,0.20877,0
353,70.89554,599.51539,728.52094,12,1,0,0.24443,1.00000,7.00000,814.74268,9.09072,1058.08508,0.35475,0
354,71.04757,638.61141,767.78310,8,0,0,0.29823,0.88398,4.00000,465.56726,4.22361,491.59375,0.21210,0
355,71.01783,717.32163,768.31143,8,0,0,0.28885,0.87052,3.16228,368.06323,4.17022,485.37997,0.20768,0
356,71.25570,87.63988,764.08482,8,0,0,0.30657,0.82123,2.23607,260.26001,3.26935,380.52615,0.16422,0
357,71.22597,166.35010,764.61314,8,0,0,0.27104,0.77591,2.82843,329.20575,2.90652,338.29535,0.20435,0
358,71.19624,245.06032,765.14147,8,0,0,0.26802,0.72527,2.00000,232.78363,2.17752,253.44527,0.20262,0
359,71.16650,323.77054,765.66980,8,0,0,0.28088,0.78333,2.82843,329.20575,2.83301,329.73914,0.19251,0
360,71.13677,402.48075,766.19812,8,0,0,0.28433,0.81667,3.00000,349.17545,3.44634,401.12595,0.21760,0
361,107.37131,289.12662,63.36801,8,0,0,0.27437,0.76901,3.00000,349.17545,3.02607,352.20993,0.19398,0
362,107.34157,367.83684,63.89634,8,0,0,0.25907,0.71191,2.00000,232.78363,2.36000,274.68466,0.18829,0
363,107.31184,446.54706,64.42466,8,0,0,0.26958,0.75499,2.23607,260.26001,2.81294,327.40298,0.18406,0
364,107.28211,525.25728,64.95299,8,0,0,0.27421,0.79444,2.23607,260.26001,3.20625,373.18124,0.20858,0
365,107.25237,603.96750,65.48132,8,0,0,0.27281,0.80780,3.00000,349.17545,3.25000,378.27341,0.20832,0
366,107.22264,682.67772,66.00964,8,0,0,0.29522,0.87017,3.00000,349.17545,4.07533,474.33502,0.20499,0
367,107.37466,721.77374,105.27180,12,1,0,0.24638,1.00000,7.00000,814.74268,8.42090,980.12366,0.31341,0
368,107.19290,761.38794,66.53797,5,0,0,0.00000,0.00000,0.00000,0.00000,0.00000,0.00000,0.00000,0
369,107.46051,52.99597,61.78303,5,0,0,0.31995,0.66574,2.23607,260.26001,3.00000,349.17545,0.09581,0
370,107.61253,92.09199,101.04519,12,1,0,0.25603,1.00000,6.08276,707.98376,7.92694,922.63092,0.29203,0
371,107.43078,131.70619,62.31136,8,0,0,0.27027,0.78212,3.00000,349.17545,2.94000,342.19196,0.19546,0
372,107.58280,170.80221,101.57352,12,1,0,0.24347,1.00000,7.00000,814.74268,8.52602,992.35950,0.31341,0
373,107.40104,210.41640,62.83968,8,0,0,0.25758,0.72238,2.00000,232.78363,2.29276,266.85889,0.19942,0
374,107.55306,249.51243,102.10184,12,1,0,0.24508,1.00000,6.00000,698.35089,8.71796,1014.69910,0.31379,0
375,107.52333,328.22265,102.63017,12,1,0,0.24350,1.00000,7.00000,814.74268,8.55925,996.22650,0.31744,0
376,107.49360,406.93287,103.15850,12,1,0,0.24605,1.00000,6.16441,717.48730,8.50650,990.08655,0.31226,0
377,107.46386,485.64309,103.68682,12,1,0,0.24521,1.00000,7.00000,814.74268,8.57441,997.99066,0.31475,0
378,107.61588,524.73911,142.94898,12,1,0,0.24405,1.00000,7.00000,814.74268,8.59916,1000.87152,0.32365,0
379,107.43413,564.35330,104.21515,12,1,0,0.24203,1.00000,7.00000,814.74268,8.82091,1026.68152,0.33248,0
380,107.58615,603.44933,143.47731,12,1,0,0.24000,1.00000,7.00000,814.74268,8.69892,1012.48303,0.33120,0
381,107.40439,643.06352,104.74347,12,1,0,0.24422,1.00000,7.00000,814.74268,8.77558,1021.40582,0.32102,0
382,107.55642,682.15955,144.00563,12,1,0,0.24709,1.00000,7.00000,814.74268,8.58519,999.24628,0.32902,0
383,107.52668,760.86977,144.53396,8,0,0,0.00000,0.00000,0.00000,0.00000,0.00000,0.00000,0.02797,0
384,107.79429,52.47780,139.77902,8,0,0,0.30689,0.91808,4.00000,465.56726,4.51611,525.63879,0.21075,0
385,107.76455,131.18802,140.30735,12,1,0,0.24744,1.00000,6.32456,736.12646,8.29070,964.96985,0.30138,0
386,107.73482,209.89823,140.83568,12,1,0,0.24932,1.00000,7.00000,814.74268,8.40722,978.53101,0.31450,0
387,107.70509,288.60845,141.36400,12,1,0,0.24334,1.00000,7.00000,814.74268,8.53121,992.96277,0.32269,0
388,107.85711,327.70448,180.62616,12,1,0,0.24539,1.00000,7.00000,814.74268,8.52974,992.79230,0.31347,0
389,107.67535,367.31867,141.89233,12,1,0,0.24282,1.00000,7.00000,814.74268,8.47731,986.68896,0.31552,0
390,107.82737,406.41470,181.15449,12,1,0,0.24168,1.00000,7.00000,814.74268,8.59947,1000.90839,0.31277,0
391,107.64562,446.02889,142.42065,12,1,0,0.24508,1.00000,7.00000,814.74268,8.64431,1006.12683,0.30893,0
392,107.79764,485.12491,181.68281,12,1,0,0.24779,1.00000,7.00000,814.74268,8.68287,1010.61444,0.32301,0
393,107.76791,563.83513,182.21114,12,1,0,0.24966,1.00000,7.00000,814.74268,8.80328,1024.62939,0.32858,0
394,107.73817,642.54535,182.73946,12,1,0,0.24189,1.00000,7.00000,814.74268,8.78253,1022.21503,0.34138,0
395,107.70844,721.25557,183.26779,12,1,0,0.25105,1.00000,6.08276,707.98376,8.25000,960.23248,0.31053,0
396,107.86046,760.35160,222.52995,8,0,0,0.00000,0.00000,0.00000,0.00000,0.00000,0.00000,0.02931,0
397,107.94631,91.57382,179.04118,12,1,0,0.24983,1.00000,6.00000,698.35089,8.02304,933.81671,0.30144,0
398,108.09833,130.66984,218.30334,12,1,0,0.25018,1.00000,6.08276,707.98376,7.95873,926.33081,0.31194,0
399,107.91658,170.28404,179.56951,12,1,0,0.24554,1.00000,7.00000,814.74268,8.33192,969.76703,0.30829,0
400,108.06860,209.38006,218.83167,12,1,0,0.27578,0.99176,4.24264,493.80862,6.84048,796.17627,0.27194,0
401,107.88684,248.99426,180.09783,12,1,0,0.25243,1.00000,6.16441,717.48730,8.40810,978.63446,0.31334,0
402,108.03886,288.09028,219.35999,12,1,0,0.24913,1.00000,6.00000,698.35089,8.07617,940.00000,0.30950,0
403,108.00913,366.80050,219.88832,12,1,0,0.25539,1.00000,7.00000,814.74268,8.33661,970.31281,0.32013,0
404,107.97940,445.51072,220.41664,12,1,0,0.25155,1.00000,6.40312,745.27124,8.22097,956.85388,0.31309,0
405,107.94966,524.22094,220.94497,12,1,0,0.25017,1.00000,7.00000,814.74268,8.46236,984.94958,0.31699,0
406,108.10168,563.31696,260.20713,12,1,0,0.24778,1.00000,7.00000,814.74268,8.39400,976.99323,0.32538,0
407,107.91993,602.93116,221.47330,12,1,0,0.24879,1.00000,7.00000,814.74268,8.54029,994.02020,0.32128,0
408,108.07195,642.02718,260.73545,12,1,0,0.25069,1.00000,6.70820,780.78003,8.52177,991.86444,0.34240,0
409,107.89019,681.64138,222.00162,12,1,0,0.24691,1.00000,6.08276,707.98376,8.45247,983.79828,0.32422,0
410,108.04222,720.73740,261.26378,12,1,0,0.25209,1.00000,6.08276,707.98376,8.30917,967.11945,0.32525,0
411,108.12807,51.95963,217.77501,8,0,0,0.29714,0.82920,3.00000,349.17545,3.72561,433.63049,0.20768,0
412,108.28009,91.05565,257.03717,12,1,0,0.26037,1.00000,7.00000,814.74268,7.75326,902.41602,0.30566,0
413,108.25035,169.76587,257.56550,12,1,0,0.26955,0.99440,4.35890,507.34018,6.94603,808.46112,0.27942,0
414,108.22062,248.47609,258.09382,12,1,0,0.24521,1.00000,6.08276,707.98376,8.33755,970.42236,0.30534,0
415,108.37264,287.57211,297.35598,12,1,0,0.24550,1.00000,7.00000,814.74268,8.16816,950.70734,0.29958,0
416,108.19089,327.18631,258.62215,12,1,0,0.24521,1.00000,7.00000,814.74268,8.24352,959.47815,0.30675,0
417,108.34291,366.28233,297.88431,12,1,0,0.24913,1.00000,6.16441,717.48730,8.11260,944.24042,0.30701,0
418,108.16115,405.89653,259.15048,12,1,0,0.26705,1.00000,5.65685,658.41150,7.59128,883.56299,0.28307,0
419,108.31317,444.99255,298.41263,12,1,0,0.24896,1.00000,6.00000,698.35089,8.13841,947.24414,0.31283,0
420,108.13142,484.60674,259.67880,12,1,0,0.24793,1.00000,6.63325,772.05597,8.15496,949.17047,0.31776,0
421,108.28344,523.70277,298.94096,12,1,0,0.24759,1.00000,6.08276,707.98376,8.26664,962.16956,0.31258,0
422,108.25371,602.41299,299.46929,12,1,0,0.23948,1.00000,7.00000,814.74268,8.67613,1009.83032,0.33178,0
423,108.22397,681.12321,299.99761,12,1,0,0.24983,1.00000,7.00000,814.74268,8.37913,975.26251,0.32230,0
424,108.19424,759.83342,300.52594,8,0,0,0.00000,0.00000,0.00000,0.00000,0.00000,0.00000,0.03219,0
425,108.46184,51.44146,295.77100,8,0,0,0.30668,0.85112,3.31662,386.02798,3.82207,444.85818,0.20691,0
426,108.61387,90.53748,335.03316,12,1,0,0.25636,1.00000,6.00000,698.35089,7.78238,905.80591,0.30496,0
427,108.43211,130.15167,296.29933,12,1,0,0.24759,1.00000,6.08276,707.98376,8.10318,943.14380,0.30867,0
428,108.58413,169.24770,335.56149,12,1,0,0.24449,1.00000,7.00000,814.74268,8.17468,951.46625,0.30566,0
429,108.40238,208.86189,296.82766,12,1,0,0.24844,1.00000,6.08276,707.98376,7.96197,926.70856,0.30970,0
430,108.55440,247.95792,336.08981,12,1,0,0.24640,1.00000,6.70820,780.78003,8.34174,970.91058,0.30605,0
431,108.52466,326.66814,336.61814,12,1,0,0.24636,1.00000,6.08276,707.98376,8.03748,935.49695,0.31443,0
432,108.49493,405.37835,337.14647,12,1,0,0.24759,1.00000,6.16441,717.48730,8.12591,945.78992,0.30221,0
433,108.46520,484.08857,337.67479,12,1,0,0.24354,1.00000,6.63325,772.05597,8.25824,961.19116,0.31296,0
434,108.61722,523.18460,376.93695,12,1,0,0.24727,1.00000,7.00000,814.74268,8.44571,983.01190,0.31731,0
435,108.43546,562.79879,338.20312,12,1,0,0.24486,1.00000,7.00000,814.74268,8.27058,962.62817,0.32160,0
436,108.58748,601.89482,377.46528,12,1,0,0.24490,1.00000,7.00000,814.74268,8.58891,999.67841,0.33728,0
437,108.40573,641.50901,338.73145,12,1,0,0.24263,1.00000,7.00000,814.74268,8.55989,996.30103,0.33626,0
438,108.55775,680.60504,377.99360,12,1,0,0.24931,1.00000,7.00000,814.74268,8.35840,972.84930,0.31565,0
439,108.37599,720.21923,339.25977,12,1,0,0.24519,1.00000,7.00000,814.74268,8.23640,958.65009,0.31565,0
440,108.52802,759.31525,378.52193,8,0,0,0.00000,0.00000,0.00000,0.00000,0.00000,0.00000,0.03034,0
441,108.79562,50.92328,373.76699,8,0,0,0.30502,0.80978,3.00000,349.17545,3.70660,431.41833,0.20378,0
442,108.76589,129.63350,374.29532,12,1,0,0.24741,1.00000,6.08276,707.98376,7.98555,929.45306,0.30880,0
443,108.73615,208.34372,374.82365,12,1,0,0.25299,1.00000,6.00000,698.35089,7.75988,903.18634,0.29798,0
444,108.70642,287.05394,375.35197,12,1,0,0.25105,1.00000,6.00000,698.35089,7.92795,922.74890,0.29568,0
445,108.85844,326.14997,414.61413,12,1,0,0.24586,1.00000,7.00000,814.74268,8.11387,944.38782,0.30605,0
446,108.67669,365.76416,375.88030,12,1,0,0.25672,1.00000,5.74456,668.62006,7.96813,927.42480,0.31130,0
447,108.82871,404.86018,415.14246,12,1,0,0.25293,1.00000,7.00000,814.74268,8.25597,960.92700,0.30810,0
448,108.64695,444.47438,376.40863,12,1,0,0.24581,1.00000,7.00000,814.74268,8.11911,944.99786,0.30304,0
449,108.79897,483.57040,415.67078,12,1,0,0.24417,1.00000,7.00000,814.74268,8.16050,949.81549,0.31091,0
450,108.76924,562.28062,416.19911,12,1,0,0.25208,1.00000,7.00000,814.74268,8.15011,948.60565,0.31418,0
451,108.73951,640.99084,416.72744,12,1,0,0.24829,1.00000,7.00000,814.74268,8.31279,967.54071,0.32186,0
452,108.70977,719.70106,417.25576,12,1,0,0.25000,1.00000,6.16441,717.48730,8.18429,952.58405,0.30586,0
453,108.86179,758.79708,456.51792,8,0,0,0.00000,0.00000,0.00000,0.00000,0.00000,0.00000,0.02982,0
454,108.94765,90.01931,413.02915,12,1,0,0.25966,1.00000,6.00000,698.35089,7.70288,896.55176,0.29376,0
455,109.09967,129.11533,452.29131,12,1,0,0.25434,1.00000,7.00000,814.74268,8.03191,934.84857,0.28922,0
456,108.91791,168.72953,413.55748,12,1,0,0.24793,1.00000,6.08276,707.98376,8.16106,949.88086,0.29581,0
457,109.06993,207.82555,452.81964,12,1,0,0.27581,0.99457,5.00000,581.95911,7.13913,830.93634,0.28819,0
458,108.88818,247.43975,414.08581,12,1,0,0.25122,1.00000,6.32456,736.12646,8.05298,937.30048,0.29760,0
459,109.04020,286.53577,453.34796,12,1,0,0.24811,1.00000,7.00000,814.74268,8.45234,983.78290,0.31155,0
460,109.01047,365.24599,453.87629,12,1,0,0.25402,1.00000,7.00000,814.74268,8.17950,952.02704,0.31136,0
461,108.98073,443.95621,454.40462,12,1,0,0.25140,1.00000,6.00000,698.35089,8.04755,936.66895,0.31078,0
462,108.95100,522.66643,454.93294,12,1,0,0.24710,1.00000,7.00000,814.74268,8.56041,996.36163,0.32877,0
463,109.10302,561.76245,494.19510,12,1,0,0.25051,1.00000,7.00000,814.74268,8.42376,980.45624,0.33568,0
464,108.92126,601.37665,455.46127,12,1,0,0.24709,1.00000,7.00000,814.74268,8.47005,985.84460,0.33517,0
465,109.07329,640.47267,494.72343,12,1,0,0.24455,1.00000,7.00000,814.74268,8.59619,1000.52667,0.33216,0
466,108.89153,680.08687,455.98959,12,1,0,0.27368,1.00000,5.65685,658.41150,7.21948,840.28882,0.28960,0
467,109.04355,719.18289,495.25175,12,1,0,0.25259,1.00000,6.08276,707.98376,8.23179,958.11249,0.31558,0
468,109.12940,50.40511,451.76299,8,0,0,0.32290,0.92179,4.12311,479.89572,4.54137,528.57861,0.19520,0
469,109.28142,89.50114,491.02514,12,1,0,0.24896,1.00000,7.00000,814.74268,7.97087,927.74353,0.29414,0
470,109.25169,168.21136,491.55347,12,1,0,0.24912,1.00000,6.00000,698.35089,7.81385,909.46857,0.27648,0
471,109.22196,246.92158,492.08180,12,1,0,0.25243,1.00000,6.40312,745.27124,8.15877,949.61432,0.30445,0
472,109.37398,286.01760,531.34395,12,1,0,0.24845,1.00000,6.00000,698.35089,8.04579,936.46442,0.30598,0
473,109.19222,325.63179,492.61012,12,1,0,0.24566,1.00000,6.08276,707.98376,8.02401,933.92914,0.30170,0
474,109.34424,364.72782,531.87228,12,1,0,0.24931,1.00000,6.40312,745.27124,8.18476,952.63922,0.31027,0
475,109.16249,404.34201,493.13845,12,1,0,0.24608,1.00000,7.00000,814.74268,8.30526,966.66461,0.31277,0
476,109.31451,443.43804,532.40061,12,1,0,0.24211,1.00000,7.00000,814.74268,8.30980,967.19281,0.31898,0
477,109.13275,483.05223,493.66677,12,1,0,0.24744,1.00000,6.32456,736.12646,8.27153,962.73798,0.31386,0
478,109.28478,522.14826,532.92893,12,1,0,0.24763,1.00000,7.00000,814.74268,8.68117,1010.41754,0.32307,0
479,109.25504,600.85848,533.45726,12,1,0,0.24367,1.00000,6.63325,772.05597,8.52877,992.67920,0.32704,0
480,109.22531,679.56869,533.98558,12,1,0,0.24742,1.00000,7.00000,814.74268,8.39059,976.59631,0.32109,0
481,109.19557,758.27891,534.51391,8,0,0,0.00000,0.00000,0.00000,0.00000,0.00000,0.00000,0.03418,0
482,109.46318,49.88694,529.75898,8,0,0,0.31287,0.88022,3.16228,368.06323,4.20134,489.00183,0.20659,0
483,109.61520,88.98297,569.02113,12,1,0,0.24861,1.00000,6.08276,707.98376,8.15191,948.81567,0.29875,0
484,109.43345,128.59716,530.28730,12,1,0,0.24600,1.00000,7.00000,814.74268,8.11278,944.26080,0.30227,0
485,109.58547,167.69319,569.54946,12,1,0,0.24722,1.00000,6.00000,698.35089,8.17915,951.98572,0.30522,0
486,109.40371,207.30738,530.81563,12,1,0,0.24419,1.00000,7.00000,814.74268,8.27282,962.88904,0.31315,0
487,109.55573,246.40341,570.07779,12,1,0,0.24709,1.00000,7.00000,814.74268,8.37051,974.25867,0.31616,0
488,109.52600,325.11362,570.60611,12,1,0,0.24539,1.00000,6.92820,806.38611,8.30335,966.44202,0.31155,0
489,109.49627,403.82384,571.13444,12,1,0,0.24896,1.00000,6.92820,806.38611,8.17257,951.21997,0.30579,0
490,109.46653,482.53406,571.66276,12,1,0,0.23910,1.00000,7.00000,814.74268,8.50211,989.57617,0.31827,0
491,109.61855,521.63009,610.92492,12,1,0,0.25035,1.00000,6.08276,707.98376,8.22707,957.56305,0.30054,0
492,109.43680,561.24428,572.19109,12,1,0,0.24103,1.00000,7.00000,814.74268,8.56287,996.64801,0.32461,0
493,109.58882,600.34031,611.45325,12,1,0,0.24096,1.00000,6.16441,717.48730,8.77533,1021.37677,0.33062,0
494,109.40706,639.95450,572.71942,12,1,0,0.24419,1.00000,7.00000,814.74268,8.61904,1003.18579,0.33722,0
495,109.55909,679.05052,611.98158,12,1,0,0.24555,1.00000,6.08276,707.98376,8.49874,989.18359,0.31987,0
496,109.37733,718.66472,573.24774,12,1,0,0.24352,1.00000,7.00000,814.74268,8.52686,992.45642,0.31770,0
497,109.52935,757.76074,612.50990,8,0,0,0.00000,0.00000,0.00000,0.00000,0.00000,0.00000,0.02899,0
498,109.79696,49.36877,607.75497,8,0,0,0.30512,0.86835,3.60555,419.65665,4.02798,468.82443,0.20038,0
499,109.76722,128.07899,608.28329,12,1,0,0.26423,1.00000,6.00000,698.35089,7.55705,879.57904,0.30400,0
500,109.73749,206.78921,608.81162,12,1,0,0.25763,1.00000,6.00000,698.35089,7.79862,907.69550,0.31514,0
501,109.70776,285.49943,609.33994,12,1,0,0.25374,1.00000,6.00000,698.35089,7.83250,911.63867,0.30560,0
502,109.85978,324.59545,648.60210,12,1,0,0.24265,1.00000,6.16441,717.48730,8.58508,999.23260,0.31590,0
503,109.67802,364.20965,609.86827,12,1,0,0.25122,1.00000,6.63325,772.05597,7.96113,926.61017,0.30867,0
504,109.83004,403.30567,649.13043,12,1,0,0.24812,1.00000,7.00000,814.74268,8.49078,988.25775,0.31002,0
505,109.64829,442.91987,610.39660,12,1,0,0.24931,1.00000,6.08276,707.98376,8.32405,968.85150,0.31853,0
506,109.80031,482.01589,649.65876,12,1,0,0.24812,1.00000,7.00000,814.74268,8.76983,1020.73676,0.32448,0
507,109.77058,560.72611,650.18708,12,1,0,0.24778,1.00000,7.00000,814.74268,8.51001,990.49603,0.30810,0
508,109.74084,639.43633,650.71541,12,1,0,0.24420,1.00000,7.00000,814.74268,8.59416,1000.28998,0.32570,0
509,109.71111,718.14655,651.24373,12,1,0,0.25069,1.00000,6.16441,717.48730,8.36530,973.65259,0.31507,0
510,109.86313,757.24257,690.50589,8,0,0,0.00000,0.00000,0.00000,0.00000,0.00000,0.00000,0.03091,0
511,109.94898,88.46480,647.01712,12,1,0,0.25052,1.00000,6.00000,698.35089,8.06367,938.54529,0.29318,0
512,110.10100,127.56082,686.27928,12,1,0,0.24691,1.00000,7.00000,814.74268,8.35715,972.70410,0.30099,0
513,109.91925,167.17502,647.54545,12,1,0,0.24913,1.00000,7.00000,814.74268,8.07568,939.94336,0.29587,0
514,110.07127,206.27104,686.80761,12,1,0,0.25330,1.00000,6.08276,707.98376,8.23443,958.41974,0.30400,0
515,109.88951,245.88524,648.07378,12,1,0,0.25400,1.00000,6.08276,707.98376,8.45515,984.11023,0.30842,0
516,110.04153,284.98126,687.33594,12,1,0,0.24965,1.00000,7.00000,814.74268,8.42272,980.33624,0.30490,0
517,110.01180,363.69148,687.86426,12,1,0,0.24846,1.00000,7.00000,814.74268,8.30528,966.66614,0.30259,0
518,109.98207,442.40170,688.39259,12,1,0,0.24845,1.00000,6.00000,698.35089,8.37200,974.43280,0.31238,0
519,109.95233,521.11192,688.92091,12,1,0,0.25329,1.00000,7.00000,814.74268,8.50228,989.59528,0.31040,0
520,110.10435,560.20794,728.18307,12,1,0,0.25363,1.00000,7.00000,814.74268,8.46235,984.94806,0.31770,0
521,109.92260,599.82213,689.44924,12,1,0,0.24438,1.00000,6.08276,707.98376,8.70525,1013.22003,0.32038,0
522,110.07462,638.91816,728.71140,12,1,0,0.25121,1.00000,7.00000,814.74268,8.69502,1012.02936,0.32134,0
523,109.89286,678.53235,689.97757,12,1,0,0.24504,1.00000,7.00000,814.74268,8.52679,992.44855,0.32224,0
524,110.04489,717.62838,729.23972,12,1,0,0.24828,1.00000,6.16441,717.48730,8.42568,980.68024,0.32595,0
525,110.13074,48.85060,685.75096,8,0,0,0.32077,0.95616,4.00000,465.56726,5.07250,590.39722,0.21043,0
526,110.28276,87.94663,725.01312,12,1,0,0.26608,1.00000,5.09902,593.48413,7.42231,863.89600,0.27859,0
527,110.25302,166.65685,725.54144,12,1,0,0.24464,1.00000,7.00000,814.74268,8.37011,974.21216,0.29862,0
528,110.22329,245.36706,726.06977,12,1,0,0.24862,1.00000,6.00000,698.35089,8.55185,995.36493,0.30541,0
529,110.19356,324.07728,726.59809,12,1,0,0.24897,1.00000,7.00000,814.74268,8.44700,983.16217,0.30298,0
530,110.34558,363.17331,765.86025,8,0,0,0.27876,0.74515,3.00000,349.17545,2.65467,308.98148,0.18189,0
531,110.16382,402.78750,727.12642,12,1,0,0.25207,1.00000,7.00000,814.74268,8.35695,972.68103,0.28928,0
532,110.31584,441.88353,766.38858,8,0,0,0.28357,0.79050,3.00000,349.17545,3.30231,384.36209,0.18445,0
533,110.13409,481.49772,727.65475,12,1,0,0.24319,1.00000,6.08276,707.98376,8.47245,986.12408,0.31008,0
534,110.28611,520.59375,766.91690,8,0,0,0.26205,0.73109,2.00000,232.78363,2.57734,299.98123,0.18362,0
535,110.25638,599.30396,767.44523,8,0,0,0.27720,0.82073,3.00000,349.17545,3.42300,398.40918,0.20038,0
536,110.22664,678.01418,767.97356,8,0,0,0.29689,0.86301,3.60555,419.65665,4.04947,471.32532,0.20186,0
537,110.19691,756.72440,768.50188,5,0,0,0.00000,0.00000,0.00000,0.00000,0.00000,0.00000,0.02042,0
538,110.46451,48.33243,763.74695,5,0,0,0.30929,0.71268,2.82843,329.20575,3.28694,382.57327,0.12070,0
539,110.43478,127.04265,764.27527,8,0,0,0.28140,0.80952,3.00000,349.17545,3.35805,390.84998,0.18797,0
540,110.40505,205.75287,764.80360,8,0,0,0.26485,0.74085,2.82843,329.20575,2.64500,307.85635,0.18918,0
541,110.37531,284.46309,765.33193,8,0,0,0.27218,0.76901,2.23607,260.26001,3.02027,351.53476,0.18925,0
542,146.60985,171.10896,62.50182,8,0,0,0.29136,0.77778,3.00000,349.17545,3.08760,359.37137,0.15808,0
543,146.58012,249.81918,63.03014,8,0,0,0.27143,0.73684,2.00000,232.78363,2.45968,286.28632,0.17555,0
544,146.55038,328.52940,63.55847,8,0,0,0.26789,0.72778,2.23607,260.26001,2.30714,268.53256,0.18202,0
545,146.52065,407.23961,64.08679,8,0,0,0.27439,0.75209,2.00000,232.78363,2.59016,301.47388,0.18035,0
546,146.49092,485.94983,64.61512,8,0,0,0.25621,0.71271,2.00000,232.78363,0.00000,0.00000,0.17850,0
547,146.46118,564.66005,65.14345,8,0,0,0.26738,0.76471,2.00000,232.78363,2.72842,317.56628,0.18323,0
548,146.61320,603.75608,104.40560,12,1,0,0.24251,1.00000,6.16441,717.48730,8.78151,1022.09546,0.32147,0
549,146.43145,643.37027,65.67177,8,0,0,0.28669,0.82303,3.00000,349.17545,3.39747,395.43793,0.19085,0
550,146.58347,682.46629,104.93393,12,1,0,0.24659,1.00000,7.00000,814.74268,8.33845,970.52686,0.29267,0
551,146.40171,722.08049,66.20010,8,0,0,0.30704,0.90331,4.00000,465.56726,4.41021,513.31189,0.18227,0
552,146.55374,761.17651,105.46226,8,0,0,0.00000,0.00000,0.00000,0.00000,0.00000,0.00000,0.02515,0
553,146.82134,52.78454,100.70732,8,0,0,0.31392,0.95041,4.00000,465.56726,5.07798,591.03546,0.20646,0
554,146.63959,92.39874,61.97349,8,0,0,0.27685,0.78492,2.23607,260.26001,3.15574,367.30261,0.18022,0
555,146.79161,131.49476,101.23565,12,1,0,0.24859,1.00000,6.00000,698.35089,7.92618,922.54266,0.28666,0
556,146.76187,210.20498,101.76397,12,1,0,0.24948,1.00000,7.00000,814.74268,8.67491,1009.68817,0.31904,0
557,146.73214,288.91520,102.29230,12,1,0,0.24691,1.00000,7.00000,814.74268,8.57653,998.23761,0.31008,0
558,146.70241,367.62542,102.82063,12,1,0,0.24624,1.00000,7.00000,814.74268,8.63992,1005.61578,0.30880,0
559,146.85443,406.72144,142.08278,12,1,0,0.24812,1.00000,7.00000,814.74268,8.43489,981.75183,0.29216,0
560,146.67267,446.33564,103.34895,12,1,0,0.24846,1.00000,7.00000,814.74268,8.52033,991.69647,0.31302,0
561,146.82469,485.43166,142.61111,12,1,0,0.24211,1.00000,6.08276,707.98376,8.52269,991.97089,0.30221,0
562,146.64294,525.04586,103.87728,12,1,0,0.24727,1.00000,7.00000,814.74268,8.55203,995.38672,0.32205,0
563,146.79496,564.14188,143.13944,12,1,0,0.25206,1.00000,7.00000,814.74268,8.57004,997.48303,0.30298,0
564,146.76523,642.85210,143.66776,12,1,0,0.24794,1.00000,6.00000,698.35089,8.40678,978.47986,0.29267,0
565,146.73549,721.56232,144.19609,12,1,0,0.24808,1.00000,6.00000,698.35089,7.97695,928.45221,0.28781,0
566,146.97336,91.88057,139.96948,12,1,0,0.27204,0.98895,4.12311,479.89572,7.11097,827.65900,0.26330,0
567,146.94363,170.59079,140.49781,12,1,0,0.25086,1.00000,6.00000,698.35089,8.19273,953.56641,0.29056,0
568,147.09565,209.68681,179.75996,12,1,0,0.24742,1.00000,6.32456,736.12646,8.29990,966.04022,0.31008,0
569,146.91390,249.30101,141.02613,12,1,0,0.24932,1.00000,7.00000,814.74268,8.48430,987.50336,0.30438,0
570,147.06592,288.39703,180.28829,12,1,0,0.24519,1.00000,6.08276,707.98376,8.49208,988.40833,0.31091,0
571,146.88416,328.01122,141.55446,12,1,0,0.24897,1.00000,7.00000,814.74268,8.52585,992.33862,0.30701,0
572,147.03618,367.10725,180.81662,12,1,0,0.25277,1.00000,7.00000,814.74268,8.63047,1004.51642,0.30266,0
573,147.00645,445.81747,181.34494,12,1,0,0.25069,1.00000,6.08276,707.98376,8.58415,999.12506,0.31533,0
574,146.97672,524.52769,181.87327,12,1,0,0.24573,1.00000,7.00000,814.74268,8.62300,1003.64655,0.31526,0
575,146.94698,603.23791,182.40159,12,1,0,0.24590,1.00000,7.00000,814.74268,8.47870,986.85181,0.30694,0
576,147.09900,642.33393,221.66375,12,1,0,0.24637,1.00000,7.00000,814.74268,8.29451,965.41296,0.29766,0
577,146.91725,681.94812,182.92992,12,1,0,0.25759,1.00000,6.00000,698.35089,8.11018,943.95911,0.29709,0
578,147.06927,721.04415,222.19208,12,1,0,0.25209,1.00000,6.08276,707.98376,8.14213,947.67773,0.29888,0
579,146.88751,760.65834,183.45825,8,0,0,0.00000,0.00000,0.00000,0.00000,0.00000,0.00000,0.02528,0
580,147.15512,52.26637,178.70331,8,0,0,0.31148,0.88981,3.60555,419.65665,4.32867,503.82126,0.20154,0
581,147.30714,91.36240,217.96547,12,1,0,0.24758,1.00000,7.00000,814.74268,8.09033,941.64856,0.29958,0
582,147.12539,130.97659,179.23164,12,1,0,0.25208,1.00000,7.00000,814.74268,8.26599,962.09406,0.30221,0
583,147.27741,170.07262,218.49380,12,1,0,0.25017,1.00000,6.00000,698.35089,7.81464,909.56067,0.27482,0
584,147.24767,248.78284,219.02212,12,1,0,0.24932,1.00000,6.16441,717.48730,8.53247,993.10919,0.30522,0
585,147.21794,327.49305,219.55045,12,1,0,0.24534,1.00000,7.00000,814.74268,8.30487,966.61920,0.30240,0
586,147.36996,366.58908,258.81261,12,1,0,0.24463,1.00000,6.16441,717.48730,8.10843,943.75452,0.31130,0
587,147.18821,406.20327,220.07877,12,1,0,0.25485,1.00000,6.32456,736.12646,8.15786,949.50812,0.28710,0
588,147.34023,445.29930,259.34093,12,1,0,0.25279,1.00000,6.00000,698.35089,8.04110,935.91852,0.29798,0
589,147.15847,484.91349,220.60710,12,1,0,0.24897,1.00000,6.08276,707.98376,8.37935,975.28741,0.30771,0
590,147.31049,524.00952,259.86926,12,1,0,0.24778,1.00000,7.00000,814.74268,8.20902,955.46271,0.31130,0
591,147.12874,563.62371,221.13543,12,1,0,0.24553,1.00000,7.00000,814.74268,8.31428,967.71411,0.30618,0
592,147.28076,602.71973,260.39759,12,1,0,0.25000,1.00000,6.08276,707.98376,8.33887,970.57623,0.30867,0
593,147.25103,681.42995,260.92591,12,1,0,0.24793,1.00000,6.00000,698.35089,8.19895,954.29041,0.29626,0
594,147.22129,760.14017,261.45424,8,0,0,0.00000,0.00000,0.00000,0.00000,0.00000,0.00000,0.02835,0
595,147.48890,51.74820,256.69930,8,0,0,0.29910,0.84270,3.00000,349.17545,3.80870,443.30099,0.21312,0
596,147.45917,130.45842,257.22763,12,1,0,0.25124,1.00000,6.00000,698.35089,7.77529,904.97998,0.27718,0
597,147.61119,169.55445,296.48979,12,1,0,0.24274,1.00000,7.00000,814.74268,8.26338,961.79004,0.30950,0
598,147.42943,209.16864,257.75595,12,1,0,0.24602,1.00000,7.00000,814.74268,7.95261,925.61823,0.31027,0
599,147.58145,248.26466,297.01811,12,1,0,0.25052,1.00000,6.08276,707.98376,7.89851,919.32172,0.29498,0
600,147.39970,287.87886,258.28428,12,1,0,0.25087,1.00000,6.08276,707.98376,7.95199,925.54645,0.30336,0
601,147.55172,326.97488,297.54644,12,1,0,0.24983,1.00000,6.08276,707.98376,8.16029,949.79059,0.30650,0
602,147.52199,405.68510,298.07477,12,1,0,0.24690,1.00000,6.40312,745.27124,7.98629,929.53931,0.29331,0
603,147.49225,484.39532,298.60309,12,1,0,0.24424,1.00000,6.00000,698.35089,8.09461,942.14581,0.30285,0
604,147.46252,563.10554,299.13142,12,1,0,0.24674,1.00000,6.92820,806.38611,8.35523,972.48053,0.30214,0
605,147.61454,602.20156,338.39358,12,1,0,0.24686,1.00000,6.00000,698.35089,8.14076,947.51801,0.29702,0
606,147.43278,641.81576,299.65974,12,1,0,0.24384,1.00000,6.08276,707.98376,8.31071,967.29816,0.32301,0
607,147.58481,680.91178,338.92190,12,1,0,0.24930,1.00000,6.00000,698.35089,8.06149,938.29156,0.29619,0
608,147.40305,720.52598,300.18807,12,1,0,0.24739,1.00000,6.08276,707.98376,8.21301,955.92700,0.30688,0
609,147.55507,759.62200,339.45023,8,0,0,0.00000,0.00000,0.00000,0.00000,0.00000,0.00000,0.02579,0
610,147.82268,51.23003,334.69529,8,0,0,0.31574,0.87328,4.00000,465.56726,4.08000,474.87860,0.19398,0
611,147.64092,90.84423,295.96146,12,1,0,0.25672,1.00000,6.00000,698.35089,7.88219,917.42200,0.31181,0
612,147.79294,129.94025,335.22362,12,1,0,0.25702,1.00000,6.00000,698.35089,7.90749,920.36676,0.29562,0
613,147.76321,208.65047,335.75195,12,1,0,0.24983,1.00000,6.63325,772.05597,7.87763,916.89197,0.30061,0
614,147.73348,287.36069,336.28027,12,1,0,0.25335,1.00000,6.08276,707.98376,7.84610,913.22217,0.28973,0
615,147.70374,366.07091,336.80860,12,1,0,0.25139,1.00000,6.16441,717.48730,8.01550,932.93903,0.29568,0
616,147.85576,405.16693,376.07076,12,1,0,0.25936,1.00000,6.08276,707.98376,8.08936,941.53485,0.29786,0
617,147.67401,444.78113,337.33692,12,1,0,0.24931,1.00000,6.08276,707.98376,8.12500,945.68341,0.28621,0
618,147.82603,483.87715,376.59908,12,1,0,0.24657,1.00000,7.00000,814.74268,8.30151,966.22760,0.30438,0
619,147.64427,523.49135,337.86525,12,1,0,0.24420,1.00000,7.00000,814.74268,8.40286,978.02374,0.29645,0
620,147.79630,562.58737,377.12741,12,1,0,0.24621,1.00000,7.00000,814.74268,8.30075,966.13892,0.31533,0
621,147.76656,641.29759,377.65573,12,1,0,0.24555,1.00000,6.16441,717.48730,8.48253,987.29736,0.31667,0
622,147.73683,720.00781,378.18406,12,1,0,0.25294,1.00000,7.00000,814.74268,8.22578,957.41364,0.29875,0
623,147.97470,90.32606,373.95745,12,1,0,0.25175,1.00000,6.00000,698.35089,8.02636,934.20233,0.30458,0
624,147.94497,169.03628,374.48578,12,1,0,0.24451,1.00000,7.00000,814.74268,8.38459,975.89777,0.31194,0
625,148.09699,208.13230,413.74794,12,1,0,0.25740,1.00000,7.00000,814.74268,7.86482,915.40076,0.29382,0
626,147.91523,247.74649,375.01410,12,1,0,0.25611,1.00000,6.00000,698.35089,8.19726,954.09338,0.30886,0
627,148.06725,286.84252,414.27626,12,1,0,0.25578,1.00000,6.00000,698.35089,7.94542,924.78223,0.28998,0
628,147.88550,326.45671,375.54243,12,1,0,0.25035,1.00000,7.00000,814.74268,8.22006,956.74750,0.30054,0
629,148.03752,365.55274,414.80459,12,1,0,0.24931,1.00000,6.40312,745.27124,8.09495,942.18646,0.30451,0
630,148.00779,444.26296,415.33291,12,1,0,0.25227,1.00000,6.08276,707.98376,7.99649,930.72601,0.28954,0
631,147.97805,522.97318,415.86124,12,1,0,0.25583,1.00000,6.00000,698.35089,8.09344,942.01062,0.30694,0
632,147.94832,601.68339,416.38957,12,1,0,0.24656,1.00000,7.00000,814.74268,8.32748,969.25012,0.30547,0
633,148.10034,640.77942,455.65172,12,1,0,0.24913,1.00000,7.00000,814.74268,8.55441,995.66339,0.33216,0
634,147.91858,680.39361,416.91789,12,1,0,0.24948,1.00000,7.00000,814.74268,8.23740,958.76605,0.29427,0
635,148.07061,719.48964,456.18005,12,1,0,0.24724,1.00000,7.00000,814.74268,8.17441,951.43396,0.30150,0
636,147.88885,759.10383,417.44622,8,0,0,0.00000,0.00000,0.00000,0.00000,0.00000,0.00000,0.02637,0
637,148.15646,50.71186,412.69128,8,0,0,0.29879,0.82271,3.00000,349.17545,3.62234,421.61020,0.19507,0
638,148.30848,89.80789,451.95344,12,1,0,0.25349,1.00000,6.08276,707.98376,8.04062,935.86237,0.30330,0
639,148.12672,129.42208,413.21961,12,1,0,0.25718,1.00000,6.00000,698.35089,7.51312,874.46527,0.29139,0
640,148.27874,168.51810,452.48177,12,1,0,0.24478,1.00000,7.00000,814.74268,8.31374,967.65137,0.30694,0
641,148.24901,247.22832,453.01009,12,1,0,0.25475,1.00000,6.08276,707.98376,8.00323,931.51001,0.30125,0
642,148.21928,325.93854,453.53842,12,1,0,0.24709,1.00000,7.00000,814.74268,8.33562,970.19824,0.29478,0
643,148.37130,365.03457,492.80058,12,1,0,0.25244,1.00000,5.91608,688.58331,8.01101,932.41589,0.30106,0
644,148.18954,404.64876,454.06675,12,1,0,0.25086,1.00000,6.40312,745.27124,8.19540,953.87720,0.30694,0
645,148.34156,443.74479,493.32890,12,1,0,0.25193,1.00000,6.00000,698.35089,7.88868,918.17749,0.27053,0
646,148.15981,483.35898,454.59507,12,1,0,0.24420,1.00000,6.08276,707.98376,8.35148,972.04364,0.31386,0
647,148.31183,522.45500,493.85723,12,1,0,0.24271,1.00000,7.00000,814.74268,8.46811,985.61926,0.30931,0
648,148.13007,562.06920,455.12340,12,1,0,0.25225,1.00000,6.32456,736.12646,8.44213,982.59448,0.31219,0
649,148.28210,601.16522,494.38556,12,1,0,0.24674,1.00000,6.00000,698.35089,8.37132,974.35291,0.31475,0
650,148.25236,679.87544,494.91388,12,1,0,0.25381,1.00000,6.08276,707.98376,8.17004,950.92523,0.29523,0
651,148.22263,758.58566,495.44221,8,0,0,0.00000,0.00000,0.00000,0.00000,0.00000,0.00000,0.02630,0
652,148.49023,50.19369,490.68727,8,0,0,0.29981,0.88418,4.00000,465.56726,4.23484,492.90109,0.20870,0
653,148.46050,128.90391,491.21560,12,1,0,0.24983,1.00000,6.00000,698.35089,7.95283,925.64398,0.29382,0
654,148.61252,167.99993,530.47776,12,1,0,0.24966,1.00000,6.00000,698.35089,8.26431,961.89746,0.30144,0
655,148.43077,207.61413,491.74393,12,1,0,0.24412,1.00000,6.00000,698.35089,8.09499,942.19098,0.30413,0
656,148.58279,246.71015,531.00608,12,1,0,0.24878,1.00000,6.32456,736.12646,7.92880,922.84796,0.29587,0
657,148.40103,286.32435,492.27225,12,1,0,0.24707,1.00000,7.00000,814.74268,8.20205,954.65198,0.29235,0
658,148.55305,325.42037,531.53441,12,1,0,0.24481,1.00000,7.00000,814.74268,8.07572,939.94739,0.29574,0
659,148.52332,404.13059,532.06274,12,1,0,0.24727,1.00000,7.00000,814.74268,8.22158,956.92432,0.30726,0
660,148.49359,482.84081,532.59106,12,1,0,0.26007,1.00000,5.00000,581.95911,7.56379,880.36346,0.28378,0
661,148.46385,561.55103,533.11939,12,1,0,0.24423,1.00000,7.00000,814.74268,8.56664,997.08679,0.31315,0
662,148.61587,600.64705,572.38155,12,1,0,0.24143,1.00000,7.00000,814.74268,8.53365,993.24664,0.30822,0
663,148.43412,640.26125,533.64772,12,1,0,0.24384,1.00000,7.00000,814.74268,8.46065,984.75000,0.31283,0
664,148.58614,679.35727,572.90987,12,1,0,0.24537,1.00000,6.08276,707.98376,8.40394,978.15021,0.30586,0
665,148.40438,718.97147,534.17604,12,1,0,0.25103,1.00000,7.00000,814.74268,8.31887,968.24878,0.32058,0
666,148.55641,758.06749,573.43820,8,0,0,0.00000,0.00000,0.00000,0.00000,0.00000,0.00000,0.03219,0
667,148.82401,49.67552,568.68326,8,0,0,0.31831,0.92737,4.00000,465.56726,4.68826,545.67511,0.21005,0
668,148.64226,89.28972,529.94943,12,1,0,0.24948,1.00000,7.00000,814.74268,8.05258,937.25494,0.30195,0
669,148.79428,128.38574,569.21159,12,1,0,0.24501,1.00000,6.08276,707.98376,8.18493,952.65942,0.29261,0
670,148.76454,207.09596,569.73992,12,1,0,0.25086,1.00000,6.08276,707.98376,8.16320,950.12915,0.30112,0
671,148.73481,285.80618,570.26824,12,1,0,0.25331,1.00000,6.16441,717.48730,8.00835,932.10620,0.29203,0
672,148.70508,364.51640,570.79657,12,1,0,0.24265,1.00000,7.00000,814.74268,8.36274,973.35455,0.30682,0
673,148.85710,403.61242,610.05873,12,1,0,0.24880,1.00000,7.00000,814.74268,8.33575,970.21301,0.29914,0
674,148.67534,443.22662,571.32490,12,1,0,0.24557,1.00000,6.08276,707.98376,8.48811,987.94659,0.31558,0
675,148.82736,482.32264,610.58705,12,1,0,0.24236,1.00000,7.00000,814.74268,8.59859,1000.80573,0.31098,0
676,148.64561,521.93683,571.85322,12,1,0,0.24795,1.00000,7.00000,814.74268,8.40779,978.59784,0.30611,0
677,148.79763,561.03286,611.11538,12,1,0,0.25260,1.00000,6.00000,698.35089,8.44014,982.36328,0.30528,0
678,148.76790,639.74308,611.64371,12,1,0,0.24758,1.00000,6.08276,707.98376,8.27656,963.32336,0.30675,0
679,148.73816,718.45330,612.17203,12,1,0,0.24467,1.00000,6.08276,707.98376,8.26239,961.67438,0.29530,0
680,148.97603,88.77155,607.94542,12,1,0,0.25563,1.00000,6.00000,698.35089,7.94721,924.98993,0.28992,0
681,148.94630,167.48176,608.47375,12,1,0,0.25139,1.00000,6.00000,698.35089,8.10090,942.87866,0.29830,0
682,149.09832,206.57779,647.73591,12,1,0,0.25458,1.00000,6.08276,707.98376,7.93510,923.58093,0.30221,0
683,148.91657,246.19198,609.00208,12,1,0,0.25312,1.00000,6.00000,698.35089,8.33650,970.30029,0.30541,0
684,149.06859,285.28801,648.26423,12,1,0,0.25316,1.00000,6.08276,707.98376,8.07977,940.41888,0.29805,0
685,148.88683,324.90220,609.53040,12,1,0,0.25035,1.00000,6.00000,698.35089,8.20679,955.20282,0.29306,0
686,149.03885,363.99823,648.79256,12,1,0,0.25226,1.00000,6.16441,717.48730,8.33804,970.47931,0.31507,0
687,149.00912,442.70844,649.32089,12,1,0,0.24777,1.00000,6.08276,707.98376,8.64854,1006.61908,0.32109,0
688,148.97939,521.41866,649.84921,12,1,0,0.25121,1.00000,7.00000,814.74268,8.42859,981.01898,0.29357,0
689,148.94965,600.12888,650.37754,12,1,0,0.24793,1.00000,6.00000,698.35089,8.51114,990.62671,0.31258,0
690,149.10167,639.22491,689.63970,12,1,0,0.24862,1.00000,6.08276,707.98376,8.34793,971.63092,0.30080,0
691,148.91992,678.83910,650.90586,12,1,0,0.25526,1.00000,6.00000,698.35089,8.19120,953.38831,0.30509,0
692,149.07194,717.93513,690.16802,12,1,0,0.25492,1.00000,6.08276,707.98376,8.19285,953.58026,0.30381,0
693,148.89018,757.54932,651.43419,8,0,0,0.00000,0.00000,0.00000,0.00000,0.00000,0.00000,0.02797,0
694,149.15779,49.15735,646.67926,8,0,0,0.29990,0.81389,3.60555,419.65665,3.62239,421.61667,0.20966,0
695,149.30981,88.25337,685.94141,12,1,0,0.25157,1.00000,6.00000,698.35089,8.08084,940.54388,0.29222,0
696,149.12806,127.86757,647.20758,12,1,0,0.26149,1.00000,6.00000,698.35089,7.70521,896.82361,0.29651,0
697,149.28008,166.96359,686.46974,12,1,0,0.24705,1.00000,6.00000,698.35089,8.19483,953.81158,0.28851,0
698,149.25034,245.67381,686.99807,12,1,0,0.24742,1.00000,6.00000,698.35089,8.36773,973.93518,0.30035,0
699,149.22061,324.38403,687.52639,12,1,0,0.24282,1.00000,7.00000,814.74268,8.40992,978.84637,0.30067,0
700,149.37263,363.48006,726.78855,12,1,0,0.24236,1.00000,7.00000,814.74268,8.62311,1003.65918,0.31277,0
701,149.19088,403.09425,688.05472,12,1,0,0.25087,1.00000,7.00000,814.74268,8.38807,976.30316,0.29754,0
702,149.34290,442.19027,727.31688,12,1,0,0.24673,1.00000,7.00000,814.74268,8.50860,990.33118,0.30918,0
703,149.16114,481.80447,688.58304,12,1,0,0.24384,1.00000,7.00000,814.74268,8.54627,994.71570,0.30298,0
704,149.31316,520.90049,727.84520,12,1,0,0.24881,1.00000,7.00000,814.74268,8.55470,995.69739,0.32064,0
705,149.13141,560.51469,689.11137,12,1,0,0.24691,1.00000,7.00000,814.74268,8.45733,984.36420,0.28685,0
706,149.28343,599.61071,728.37353,12,1,0,0.24384,1.00000,7.00000,814.74268,8.50877,990.35065,0.30432,0
707,149.25370,678.32093,728.90185,12,1,0,0.24776,1.00000,6.08276,707.98376,8.56987,997.46216,0.31149,0
708,149.22396,757.03115,729.43018,8,0,0,0.00000,0.00000,0.00000,0.00000,0.00000,0.00000,0.02746,0
709,149.49157,48.63918,724.67525,8,0,0,0.30707,0.95493,4.12311,479.89572,5.03234,585.72327,0.21088,0
710,149.46184,127.34940,725.20357,12,1,0,0.24552,1.00000,6.08276,707.98376,8.55351,995.55872,0.30624,0
711,149.61386,166.44542,764.46573,8,0,0,0.27677,0.78063,2.44949,285.10056,2.88043,335.25903,0.18701,0
712,149.43210,206.05962,725.73190,12,1,0,0.24655,1.00000,7.00000,814.74268,8.55316,995.51801,0.31123,0
713,149.58412,245.15564,764.99406,8,0,0,0.27007,0.71547,2.00000,232.78363,2.37078,275.93906,0.17952,0
714,149.40237,284.76984,726.26022,12,1,0,0.24414,1.00000,6.08276,707.98376,8.51367,990.92194,0.31270,0
715,149.55439,323.86586,765.52238,8,0,0,0.27767,0.77095,2.23607,260.26001,0.00000,0.00000,0.17178,0
716,149.52466,402.57608,766.05071,8,0,0,0.27143,0.73077,2.00000,232.78363,2.38261,277.31613,0.16749,0
717,149.49492,481.28630,766.57903,8,0,0,0.26491,0.74644,2.44949,285.10056,2.56176,298.16846,0.17818,0
718,149.46519,559.99652,767.10736,8,0,0,0.26155,0.74302,2.00000,232.78363,2.16304,251.76056,0.18925,0
719,149.43545,638.70674,767.63569,8,0,0,0.27124,0.79155,3.00000,349.17545,2.98037,346.89111,0.18541,0
720,149.40572,717.41696,768.16401,8,0,0,0.28830,0.85836,3.00000,349.17545,3.88791,452.52124,0.19309,0
721,149.64359,87.73520,763.93740,8,0,0,0.28815,0.84916,2.44949,285.10056,3.71358,432.23065,0.19149,0
722,185.61052,682.77304,65.86223,8,0,0,0.29423,0.85475,3.00000,349.17545,3.83102,445.89987,0.18253,0
723,185.58079,761.48326,66.39055,5,0,0,0.00000,0.00000,0.00000,0.00000,0.00000,0.00000,0.01670,0
724,185.84840,53.09129,61.63562,5,0,0,0.30891,0.69890,2.44949,285.10056,2.82916,329.29108,0.11859,0
725,185.81866,131.80151,62.16395,8,0,0,0.29519,0.83424,3.31662,386.02798,3.67295,427.50119,0.17555,0
726,185.78893,210.51173,62.69227,8,0,0,0.27016,0.75281,2.00000,232.78363,0.00000,0.00000,0.18528,0
727,185.75919,289.22195,63.22060,8,0,0,0.25800,0.68871,2.00000,232.78363,0.00000,0.00000,0.17542,0
728,185.72946,367.93217,63.74892,8,0,0,0.25258,0.67493,2.00000,232.78363,2.08684,242.89134,0.17722,0
729,185.69973,446.64239,64.27725,8,0,0,0.27586,0.75138,2.82843,329.20575,2.72463,317.12427,0.16653,0
730,185.85175,485.73841,103.53941,12,1,0,0.24620,1.00000,6.08276,707.98376,8.19152,953.42584,0.29139,0
731,185.66999,525.35260,64.80558,8,0,0,0.28000,0.78212,2.23607,260.26001,3.10125,360.96011,0.18886,0
732,185.82201,564.44863,104.06773,12,1,0,0.24555,1.00000,7.00000,814.74268,8.38414,975.84558,0.29715,0
733,185.64026,604.06282,65.33390,8,0,0,0.28695,0.83287,3.00000,349.17545,3.32764,387.31030,0.18214,0
734,185.79228,643.15885,104.59606,12,1,0,0.24555,1.00000,7.00000,814.74268,8.63372,1004.89392,0.30861,0
735,185.76255,721.86907,105.12439,12,1,0,0.25331,1.00000,6.00000,698.35089,8.15898,949.63873,0.29734,0
736,186.00042,92.18732,100.89778,12,1,0,0.25471,1.00000,6.08276,707.98376,8.29937,965.97919,0.28890,0
737,185.97069,170.89753,101.42610,12,1,0,0.24948,1.00000,6.00000,698.35089,8.30781,966.96094,0.29555,0
738,186.12271,209.99356,140.68826,12,1,0,0.24897,1.00000,6.00000,698.35089,8.26509,961.98938,0.29888,0
739,185.94095,249.60775,101.95443,12,1,0,0.26662,1.00000,5.00000,581.95911,7.32926,853.06543,0.27891,0
740,186.09297,288.70378,141.21659,12,1,0,0.24948,1.00000,6.08276,707.98376,8.25935,961.32092,0.28877,0
741,185.91122,328.31797,102.48276,12,1,0,0.24656,1.00000,7.00000,814.74268,8.39938,977.61938,0.29984,0
742,186.06324,367.41400,141.74491,12,1,0,0.24948,1.00000,7.00000,814.74268,8.09524,942.21942,0.28006,0
743,185.88148,407.02819,103.01108,12,1,0,0.26270,1.00000,5.65685,658.41150,7.69902,896.10254,0.27283,0
744,186.03351,446.12422,142.27324,12,1,0,0.25295,1.00000,6.00000,698.35089,8.30752,966.92755,0.29766,0
745,186.00377,524.83443,142.80157,12,1,0,0.25536,1.00000,7.00000,814.74268,8.57617,998.19653,0.32090,0
746,185.97404,603.54465,143.32989,12,1,0,0.24572,1.00000,6.08276,707.98376,8.47412,986.31866,0.29786,0
747,185.94430,682.25487,143.85822,12,1,0,0.25278,1.00000,6.00000,698.35089,8.21529,956.19196,0.29632,0
748,186.09633,721.35090,183.12038,12,1,0,0.25352,1.00000,6.00000,698.35089,7.86580,915.51416,0.28352,0
749,185.91457,760.96509,144.38654,8,0,0,0.00000,0.00000,0.00000,0.00000,0.00000,0.00000,0.01773,0
750,186.18218,52.57312,139.63161,8,0,0,0.29887,0.89326,3.74166,435.49832,4.31779,502.55548,0.20563,0
751,186.33420,91.66915,178.89377,12,1,0,0.28502,0.99155,4.24264,493.80862,6.16486,717.53955,0.25485,0
752,186.15244,131.28334,140.15994,12,1,0,0.24931,1.00000,6.00000,698.35089,8.07735,940.13770,0.29082,0
753,186.30446,170.37936,179.42209,12,1,0,0.24584,1.00000,6.00000,698.35089,8.20411,954.89093,0.29645,0
754,186.27473,249.08958,179.95042,12,1,0,0.25432,1.00000,6.08276,707.98376,8.22401,957.20782,0.28390,0
755,186.24500,327.79980,180.47875,12,1,0,0.24211,1.00000,6.08276,707.98376,8.43494,981.75757,0.29984,0
756,186.21526,406.51002,181.00707,12,1,0,0.24487,1.00000,6.00000,698.35089,8.27406,963.03253,0.29286,0
757,186.36728,445.60604,220.26923,12,1,0,0.24317,1.00000,6.08276,707.98376,8.35487,972.43805,0.29542,0
758,186.18553,485.22024,181.53540,12,1,0,0.24484,1.00000,6.00000,698.35089,8.37196,974.42804,0.30669,0
759,186.33755,524.31626,220.79756,12,1,0,0.24554,1.00000,6.16441,717.48730,8.46701,985.49042,0.30330,0
760,186.15579,563.93046,182.06373,12,1,0,0.25364,1.00000,7.00000,814.74268,8.44337,982.73969,0.30650,0
761,186.30782,603.02648,221.32588,12,1,0,0.24540,1.00000,7.00000,814.74268,8.47310,986.19946,0.30784,0
762,186.12606,642.64068,182.59205,12,1,0,0.25000,1.00000,6.00000,698.35089,8.21395,956.03711,0.29082,0
763,186.27808,681.73670,221.85421,12,1,0,0.25616,1.00000,6.00000,698.35089,7.94131,924.30371,0.28237,0
764,186.24835,760.44692,222.38254,8,0,0,0.00000,0.00000,0.00000,0.00000,0.00000,0.00000,0.02758,0
765,186.51595,52.05495,217.62760,8,0,0,0.30693,0.85399,3.00000,349.17545,4.07880,474.73874,0.19475,0
766,186.48622,130.76517,218.15593,12,1,0,0.24774,1.00000,6.08276,707.98376,7.86992,915.99414,0.28826,0
767,186.45649,209.47539,218.68425,12,1,0,0.24339,1.00000,6.00000,698.35089,7.99120,930.11041,0.29382,0
768,186.60851,248.57141,257.94641,12,1,0,0.24725,1.00000,7.00000,814.74268,8.32040,968.42603,0.29958,0
769,186.42675,288.18561,219.21258,12,1,0,0.24552,1.00000,6.00000,698.35089,8.10361,943.19446,0.29766,0
770,186.57877,327.28163,258.47474,12,1,0,0.24145,1.00000,6.16441,717.48730,8.15493,949.16711,0.29082,0
771,186.39702,366.89583,219.74091,12,1,0,0.24810,1.00000,6.40312,745.27124,8.21563,956.23224,0.28346,0
772,186.54904,405.99185,259.00306,12,1,0,0.24709,1.00000,6.08276,707.98376,8.03622,935.34973,0.27686,0
773,186.51931,484.70207,259.53139,12,1,0,0.24036,1.00000,6.00000,698.35089,8.17162,951.10919,0.29517,0
774,186.48957,563.41229,260.05972,12,1,0,0.25138,1.00000,6.78233,789.40771,8.12260,945.40411,0.29466,0
775,186.45984,642.12251,260.58804,12,1,0,0.26174,0.98045,4.24264,493.80862,7.12205,828.94800,0.28934,0
776,186.61186,681.21853,299.85020,12,1,0,0.24827,1.00000,6.08276,707.98376,8.06596,938.81128,0.29504,0
777,186.43010,720.83273,261.11637,12,1,0,0.24913,1.00000,6.00000,698.35089,7.92536,922.44653,0.29856,0
778,186.58213,759.92875,300.37853,8,0,0,0.00000,0.00000,0.00000,0.00000,0.00000,0.00000,0.02752,0
779,186.84973,51.53678,295.62359,8,0,0,0.30242,0.80618,3.00000,349.17545,3.38594,394.09540,0.20205,0
780,186.66798,91.15097,256.88976,12,1,0,0.24914,1.00000,6.00000,698.35089,8.03331,935.01208,0.28723,0
781,186.82000,130.24700,296.15192,12,1,0,0.25702,1.00000,6.00000,698.35089,7.78168,905.72351,0.28973,0
782,186.63824,169.86119,257.41809,12,1,0,0.24809,1.00000,6.16441,717.48730,8.19184,953.46301,0.29632,0
783,186.79026,208.95722,296.68024,12,1,0,0.25122,1.00000,6.00000,698.35089,7.97043,927.69287,0.29696,0
784,186.76053,287.66744,297.20857,12,1,0,0.24983,1.00000,6.08276,707.98376,7.99331,930.35626,0.29875,0
785,186.73080,366.37766,297.73690,12,1,0,0.25246,1.00000,6.32456,736.12646,7.94486,924.71661,0.29338,0
786,186.70106,445.08787,298.26522,12,1,0,0.25035,1.00000,6.08276,707.98376,8.17716,951.75476,0.30022,0
787,186.85308,484.18390,337.52738,12,1,0,0.26883,0.99721,5.00000,581.95911,7.07987,824.03937,0.27168,0
788,186.67133,523.79809,298.79355,12,1,0,0.25000,1.00000,6.08276,707.98376,7.98140,928.96936,0.30061,0
789,186.82335,562.89412,338.05571,12,1,0,0.25453,1.00000,7.00000,814.74268,8.16058,949.82446,0.30432,0
790,186.64159,602.50831,299.32187,12,1,0,0.25159,1.00000,6.00000,698.35089,7.78330,905.91272,0.27437,0
791,186.79362,641.60434,338.58403,12,1,0,0.24011,1.00000,6.32456,736.12646,8.33746,970.41260,0.30406,0
792,186.76388,720.31456,339.11236,12,1,0,0.25173,1.00000,6.00000,698.35089,7.96691,927.28339,0.27603,0
793,187.00175,90.63280,334.88575,12,1,0,0.25878,1.00000,6.00000,698.35089,7.63792,888.99188,0.29434,0
794,186.97202,169.34302,335.41408,12,1,0,0.25371,1.00000,6.00000,698.35089,7.79875,907.71063,0.27693,0
795,187.12404,208.43905,374.67623,12,1,0,0.25106,1.00000,6.00000,698.35089,7.80407,908.32947,0.29280,0
796,186.94229,248.05324,335.94240,12,1,0,0.25578,1.00000,6.32456,736.12646,8.04314,936.15540,0.28710,0
797,187.09431,287.14927,375.20456,12,1,0,0.25704,1.00000,7.00000,814.74268,8.00045,931.18689,0.28947,0
798,186.91255,326.76346,336.47073,12,1,0,0.25070,1.00000,6.00000,698.35089,7.91617,921.37799,0.28422,0
799,187.06457,365.85949,375.73289,12,1,0,0.25437,1.00000,6.00000,698.35089,8.11829,944.90216,0.28538,0
800,186.88282,405.47368,336.99905,12,1,0,0.24913,1.00000,6.00000,698.35089,8.01954,933.40912,0.27514,0
801,187.03484,444.56970,376.26121,12,1,0,0.24793,1.00000,6.16441,717.48730,8.14674,948.21338,0.29760,0
802,187.00511,523.27992,376.78954,12,1,0,0.25332,1.00000,6.08276,707.98376,8.09398,942.07312,0.29370,0
803,186.97537,601.99014,377.31786,12,1,0,0.24948,1.00000,6.08276,707.98376,8.24229,959.33539,0.30931,0
804,186.94564,680.70036,377.84619,12,1,0,0.25381,1.00000,7.00000,814.74268,8.11943,945.03540,0.29747,0
805,187.09766,719.79638,417.10835,12,1,0,0.25580,1.00000,6.00000,698.35089,8.01378,932.73822,0.29203,0
806,186.91590,759.41058,378.37452,8,0,0,0.00000,0.00000,0.00000,0.00000,0.00000,0.00000,0.02522,0
807,187.18351,51.01861,373.61958,8,0,0,0.31231,0.84110,2.82843,329.20575,3.81811,444.39700,0.20006,0
808,187.33553,90.11463,412.88174,12,1,0,0.25790,1.00000,6.00000,698.35089,7.58996,883.40924,0.28883,0
809,187.15378,129.72883,374.14791,12,1,0,0.25157,1.00000,6.00000,698.35089,7.97033,927.68127,0.29114,0
810,187.30580,168.82485,413.41007,12,1,0,0.24602,1.00000,7.00000,814.74268,8.06666,938.89319,0.29037,0
811,187.27606,247.53507,413.93839,12,1,0,0.24793,1.00000,6.55744,763.23218,8.04840,936.76788,0.29082,0
812,187.24633,326.24529,414.46672,12,1,0,0.24705,1.00000,6.40312,745.27124,7.93552,923.62933,0.28448,0
813,187.21660,404.95551,414.99504,12,1,0,0.25279,1.00000,6.40312,745.27124,8.08642,941.19354,0.28966,0
814,187.36862,444.05153,454.25720,12,1,0,0.24776,1.00000,6.00000,698.35089,8.18194,952.31030,0.29939,0
815,187.18686,483.66573,415.52337,12,1,0,0.24347,1.00000,6.08276,707.98376,8.09737,942.46747,0.29158,0
816,187.33888,522.76175,454.78553,12,1,0,0.24708,1.00000,7.00000,814.74268,8.25140,960.39520,0.29702,0
817,187.15713,562.37595,416.05170,12,1,0,0.25034,1.00000,6.08276,707.98376,8.03368,935.05414,0.29037,0
818,187.30915,601.47197,455.31385,12,1,0,0.24588,1.00000,6.00000,698.35089,8.38096,975.47552,0.30419,0
819,187.12739,641.08617,416.58002,12,1,0,0.24519,1.00000,6.08276,707.98376,8.33331,969.92908,0.30752,0
820,187.27942,680.18219,455.84218,12,1,0,0.25121,1.00000,6.00000,698.35089,8.07644,940.03174,0.29363,0
821,187.24968,758.89241,456.37051,8,0,0,0.00000,0.00000,0.00000,0.00000,0.00000,0.00000,0.02758,0
822,187.51729,50.50044,451.61557,8,0,0,0.28172,0.80571,3.00000,349.17545,3.36972,392.20764,0.20448,0
823,187.48755,129.21066,452.14390,12,1,0,0.25017,1.00000,6.08276,707.98376,7.87020,916.02637,0.29555,0
824,187.45782,207.92088,452.67222,12,1,0,0.24689,1.00000,6.00000,698.35089,8.03917,935.69373,0.30093,0
825,187.60984,247.01690,491.93438,12,1,0,0.25352,1.00000,6.00000,698.35089,7.73854,900.70258,0.27040,0
826,187.42809,286.63110,453.20055,12,1,0,0.24584,1.00000,6.16441,717.48730,8.21492,956.15002,0.29901,0
827,187.58011,325.72712,492.46271,12,1,0,0.24363,1.00000,7.00000,814.74268,8.11008,943.94727,0.29011,0
828,187.39835,365.34131,453.72888,12,1,0,0.24809,1.00000,7.00000,814.74268,8.01197,932.52722,0.28691,0
829,187.55037,404.43734,492.99104,12,1,0,0.25017,1.00000,7.00000,814.74268,7.96641,927.22546,0.29037,0
830,187.52064,483.14756,493.51936,12,1,0,0.25000,1.00000,6.00000,698.35089,8.01367,932.72504,0.28173,0
831,187.49091,561.85778,494.04769,12,1,0,0.25000,1.00000,7.00000,814.74268,8.24340,959.46405,0.30803,0
832,187.46117,640.56800,494.57601,12,1,0,0.24242,1.00000,7.00000,814.74268,8.27668,963.33783,0.29760,0
833,187.61319,679.66402,533.83817,12,1,0,0.24521,1.00000,7.00000,814.74268,8.33201,969.77802,0.29344,0
834,187.43144,719.27821,495.10434,12,1,0,0.25478,1.00000,6.00000,698.35089,7.81017,909.03961,0.28339,0
835,187.58346,758.37424,534.36650,8,0,0,0.00000,0.00000,0.00000,0.00000,0.00000,0.00000,0.03053,0
836,187.85107,49.98227,529.61156,8,0,0,0.31863,0.89286,3.16228,368.06323,4.35670,507.08466,0.20506,0
837,187.66931,89.59646,490.87773,12,1,0,0.25123,1.00000,6.00000,698.35089,7.87674,916.78821,0.29101,0
838,187.82133,128.69249,530.13989,12,1,0,0.25017,1.00000,6.00000,698.35089,8.10350,943.18066,0.30701,0
839,187.63958,168.30668,491.40606,12,1,0,0.24688,1.00000,6.08276,707.98376,8.04447,936.31079,0.29101,0
840,187.79160,207.40271,530.66822,12,1,0,0.24518,1.00000,6.00000,698.35089,8.13673,947.04938,0.30554,0
841,187.76186,286.11293,531.19654,12,1,0,0.25051,1.00000,7.00000,814.74268,8.12848,946.08795,0.28205,0
842,187.73213,364.82314,531.72487,12,1,0,0.25226,1.00000,6.08276,707.98376,8.10511,943.36804,0.29798,0
843,187.70240,443.53336,532.25319,12,1,0,0.24809,1.00000,6.08276,707.98376,8.06280,938.44373,0.29549,0
844,187.85442,482.62939,571.51535,12,1,0,0.24437,1.00000,7.00000,814.74268,8.41418,979.34210,0.29050,0
845,187.67266,522.24358,532.78152,12,1,0,0.24658,1.00000,7.00000,814.74268,8.38761,976.24945,0.29978,0
846,187.82468,561.33961,572.04368,12,1,0,0.24863,1.00000,6.00000,698.35089,8.23195,958.13171,0.30259,0
847,187.64293,600.95380,533.30985,12,1,0,0.24437,1.00000,6.16441,717.48730,8.49365,988.59186,0.31155,0
848,187.79495,640.04982,572.57200,12,1,0,0.24776,1.00000,7.00000,814.74268,8.25945,961.33240,0.30554,0
849,187.76522,718.76004,573.10033,12,1,0,0.25720,1.00000,6.00000,698.35089,7.99026,930.00128,0.28915,0
850,188.00309,89.07829,568.87372,12,1,0,0.26074,1.00000,6.00000,698.35089,7.87676,916.79065,0.28883,0
851,187.97336,167.78851,569.40205,12,1,0,0.24965,1.00000,6.00000,698.35089,8.19351,953.65784,0.28826,0
852,187.94362,246.49873,569.93037,12,1,0,0.24722,1.00000,6.92820,806.38611,8.20390,954.86639,0.29562,0
853,188.09564,285.59475,609.19253,12,1,0,0.24879,1.00000,6.08276,707.98376,8.27933,963.64606,0.29830,0
854,187.91389,325.20895,570.45870,12,1,0,0.24914,1.00000,6.00000,698.35089,8.05185,937.16980,0.28627,0
855,188.06591,364.30497,609.72086,12,1,0,0.24435,1.00000,7.00000,814.74268,8.36800,973.96649,0.29542,0
856,187.88415,403.91917,570.98703,12,1,0,0.25614,1.00000,6.00000,698.35089,8.20456,954.94409,0.29312,0
857,188.03618,443.01519,610.24918,12,1,0,0.25437,1.00000,6.08276,707.98376,8.40931,978.77454,0.30816,0
858,188.00644,521.72541,610.77751,12,1,0,0.25069,1.00000,7.00000,814.74268,8.44099,982.46252,0.30125,0
859,187.97671,600.43563,611.30584,12,1,0,0.24587,1.00000,6.08276,707.98376,8.30840,967.02979,0.30150,0
860,187.94697,679.14585,611.83416,12,1,0,0.25897,1.00000,6.00000,698.35089,8.07656,940.04547,0.29222,0
861,188.09900,718.24187,651.09632,12,1,0,0.25402,1.00000,6.00000,698.35089,8.11032,943.97443,0.29920,0
862,187.91724,757.85607,612.36249,8,0,0,0.00000,0.00000,0.00000,0.00000,0.00000,0.00000,0.02784,0
863,188.18485,49.46410,607.60755,8,0,0,0.30212,0.88418,3.60555,419.65665,4.16463,484.72922,0.19443,0
864,188.33687,88.56012,646.86971,12,1,0,0.25017,1.00000,6.00000,698.35089,8.15682,949.38690,0.29747,0
865,188.15511,128.17432,608.13588,12,1,0,0.25861,1.00000,6.08276,707.98376,7.94317,924.51953,0.28301,0
866,188.30713,167.27034,647.39804,12,1,0,0.24878,1.00000,7.00000,814.74268,8.15157,948.77631,0.29498,0
867,188.12538,206.88454,608.66421,12,1,0,0.25105,1.00000,6.00000,698.35089,8.17081,951.01514,0.29920,0
868,188.27740,245.98056,647.92636,12,1,0,0.25311,1.00000,6.32456,736.12646,8.35818,972.82410,0.30451,0
869,188.24767,324.69078,648.45469,12,1,0,0.24861,1.00000,6.00000,698.35089,8.23714,958.73578,0.29242,0
870,188.21793,403.40100,648.98302,12,1,0,0.24829,1.00000,6.08276,707.98376,8.25995,961.39075,0.29133,0
871,188.36995,442.49702,688.24517,12,1,0,0.24553,1.00000,6.08276,707.98376,8.44313,982.71136,0.30163,0
872,188.18820,482.11122,649.51134,12,1,0,0.24759,1.00000,6.00000,698.35089,8.34996,971.86707,0.30010,0
873,188.34022,521.20724,688.77350,12,1,0,0.24639,1.00000,6.08276,707.98376,8.10794,943.69836,0.27878,0
874,188.15846,560.82144,650.03967,12,1,0,0.25452,1.00000,6.40312,745.27124,8.38358,975.78003,0.30003,0
875,188.31049,599.91746,689.30183,12,1,0,0.24655,1.00000,7.00000,814.74268,8.18925,953.16199,0.28851,0
876,188.12873,639.53165,650.56799,12,1,0,0.24707,1.00000,6.08276,707.98376,8.29737,965.74573,0.31149,0
877,188.28075,678.62768,689.83015,12,1,0,0.24896,1.00000,6.00000,698.35089,8.08143,940.61224,0.29018,0
878,188.25102,757.33790,690.35848,8,0,0,0.00000,0.00000,0.00000,0.00000,0.00000,0.00000,0.02605,0
879,188.51862,48.94593,685.60354,8,0,0,0.28455,0.77135,2.23607,260.26001,3.02346,351.90631,0.20390,0
880,188.48889,127.65615,686.13187,12,1,0,0.25923,1.00000,6.00000,698.35089,7.54510,878.18805,0.29274,0
881,188.45916,206.36637,686.66020,12,1,0,0.25558,1.00000,6.00000,698.35089,7.63068,888.14868,0.28915,0
882,188.61118,245.46239,725.92235,12,1,0,0.24983,1.00000,6.00000,698.35089,8.30225,966.31348,0.29901,0
883,188.42942,285.07658,687.18852,12,1,0,0.25712,1.00000,6.00000,698.35089,7.73661,900.47821,0.28768,0
884,188.58144,324.17261,726.45068,12,1,0,0.24791,1.00000,6.08276,707.98376,8.07108,939.40710,0.28083,0
885,188.39969,363.78680,687.71685,12,1,0,0.24704,1.00000,6.00000,698.35089,8.06098,938.23199,0.29101,0
886,188.55171,402.88283,726.97901,12,1,0,0.24657,1.00000,7.00000,814.74268,8.36433,973.53937,0.29626,0
887,188.52198,481.59305,727.50733,12,1,0,0.24587,1.00000,6.32456,736.12646,8.44432,982.84961,0.29331,0
888,188.49224,560.30327,728.03566,12,1,0,0.24404,1.00000,6.08276,707.98376,8.18447,952.60577,0.27674,0
889,188.46251,639.01348,728.56398,12,1,0,0.25069,1.00000,6.00000,698.35089,8.28909,964.78271,0.28742,0
890,188.61453,678.10951,767.82614,8,0,0,0.28269,0.81894,3.00000,349.17545,3.03265,352.97543,0.17779,0
891,188.43277,717.72370,729.09231,12,1,0,0.25175,1.00000,6.00000,698.35089,7.96365,926.90381,0.29638,0
892,188.58480,756.81973,768.35447,5,0,0,0.00000,0.00000,0.00000,0.00000,0.00000,0.00000,0.02010,0
893,188.85240,48.42776,763.59953,5,0,0,0.31756,0.71831,2.82843,329.20575,2.85469,332.26300,0.11424,0
894,188.67065,88.04195,724.86570,12,1,0,0.25509,1.00000,6.00000,698.35089,8.06702,938.93524,0.29248,0
895,188.82267,127.13798,764.12786,8,0,0,0.29746,0.83516,3.00000,349.17545,3.68026,428.35223,0.18566,0
896,188.64091,166.75217,725.39403,12,1,0,0.24722,1.00000,6.08276,707.98376,8.25511,960.82758,0.29779,0
897,188.79293,205.84819,764.65619,8,0,0,0.28355,0.78273,3.00000,349.17545,3.04679,354.62180,0.17677,0
898,188.76320,284.55841,765.18451,8,0,0,0.28485,0.79661,2.23607,260.26001,2.86250,333.17157,0.17530,0
899,188.73347,363.26863,765.71284,8,0,0,0.28088,0.78333,3.00000,349.17545,2.84538,331.17883,0.17523,0
900,188.70373,441.97885,766.24116,8,0,0,0.27610,0.75967,2.44949,285.10056,3.04881,354.85681,0.17766,0
901,188.67400,520.68907,766.76949,8,0,0,0.27024,0.77159,3.00000,349.17545,2.83654,330.14987,0.17926,0
902,188.64426,599.39929,767.29782,8,0,0,0.27837,0.80618,2.82843,329.20575,3.12748,364.01279,0.18758,0
903,224.84907,564.75538,64.99603,8,0,0,0.29086,0.82143,2.44949,285.10056,3.24092,377.21619,0.18291,0
904,224.81934,643.46560,65.52436,8,0,0,0.27820,0.83146,3.00000,349.17545,3.36342,391.47488,0.19366,0
905,224.78960,722.17581,66.05268,8,0,0,0.30084,0.87945,4.00000,465.56726,4.17947,486.45572,0.18432,0
906,225.02747,92.49406,61.82608,8,0,0,0.28358,0.84211,3.00000,349.17545,3.88646,452.35196,0.18637,0
907,224.99774,171.20428,62.35440,8,0,0,0.27723,0.76923,2.23607,260.26001,2.44186,284.21255,0.17139,0
908,224.96801,249.91450,62.88273,8,0,0,0.27761,0.76438,2.00000,232.78363,2.21429,257.72473,0.17965,0
909,225.12003,289.01053,102.14489,12,1,0,0.25868,1.00000,6.00000,698.35089,7.98179,929.01544,0.27488,0
910,224.93827,328.62472,63.41105,8,0,0,0.27373,0.75900,2.82843,329.20575,2.72520,317.19061,0.17523,0
911,225.09029,367.72074,102.67321,12,1,0,0.26543,1.00000,5.00000,581.95911,7.26323,845.38068,0.26944,0
912,224.90854,407.33494,63.93938,8,0,0,0.27645,0.76731,2.00000,232.78363,2.73839,318.72650,0.18118,0
913,225.06056,446.43096,103.20154,12,1,0,0.24726,1.00000,6.08276,707.98376,8.21781,956.48535,0.29626,0
914,224.87880,486.04516,64.46771,8,0,0,0.28246,0.78729,2.82843,329.20575,3.06774,357.06006,0.18042,0
915,225.03083,525.14118,103.72986,12,1,0,0.25208,1.00000,7.00000,814.74268,8.30177,966.25830,0.29542,0
916,225.00109,603.85140,104.25819,12,1,0,0.25243,1.00000,6.00000,698.35089,8.31654,967.97736,0.29792,0
917,224.97136,682.56162,104.78652,12,1,0,0.24776,1.00000,6.00000,698.35089,8.37844,975.18207,0.29971,0
918,225.12338,721.65764,144.04868,12,1,0,0.25456,1.00000,6.00000,698.35089,7.92030,921.85791,0.29062,0
919,224.94162,761.27184,105.31484,8,0,0,0.00000,0.00000,0.00000,0.00000,0.00000,0.00000,0.02374,0
920,225.20923,52.87987,100.55991,8,0,0,0.31794,1.00000,4.47214,520.52002,5.73061,666.99554,0.20819,0
921,225.36125,91.97589,139.82207,12,1,0,0.25243,1.00000,6.00000,698.35089,7.99004,929.97528,0.28627,0
922,225.17950,131.59009,101.08823,12,1,0,0.24810,1.00000,6.00000,698.35089,8.27022,962.58612,0.29779,0
923,225.33152,170.68611,140.35039,12,1,0,0.25105,1.00000,6.00000,698.35089,8.22947,957.84253,0.29914,0
924,225.14976,210.30031,101.61656,12,1,0,0.24845,1.00000,7.00000,814.74268,8.56817,997.26471,0.30554,0
925,225.30178,249.39633,140.87872,12,1,0,0.24691,1.00000,6.16441,717.48730,8.30476,966.60596,0.29574,0
926,225.27205,328.10655,141.40704,12,1,0,0.24759,1.00000,7.00000,814.74268,8.09860,942.61090,0.28154,0
927,225.24232,406.81677,141.93537,12,1,0,0.25225,1.00000,6.16441,717.48730,8.29087,964.98950,0.28045,0
928,225.21258,485.52699,142.46370,12,1,0,0.24600,1.00000,6.00000,698.35089,8.25370,960.66339,0.29037,0
929,225.36460,524.62301,181.72586,12,1,0,0.24689,1.00000,6.00000,698.35089,8.44052,982.40759,0.30874,0
930,225.18285,564.23721,142.99202,12,1,0,0.25172,1.00000,7.00000,814.74268,8.37465,974.74127,0.30285,0
931,225.33487,603.33323,182.25418,12,1,0,0.24793,1.00000,7.00000,814.74268,8.42205,980.25732,0.30560,0
932,225.15311,642.94743,143.52035,12,1,0,0.24965,1.00000,7.00000,814.74268,8.41378,979.29547,0.30227,0
933,225.30514,682.04345,182.78251,12,1,0,0.24983,1.00000,6.08276,707.98376,8.06460,938.65344,0.28986,0
934,225.27540,760.75367,183.31083,8,0,0,0.00000,0.00000,0.00000,0.00000,0.00000,0.00000,0.02643,0
935,225.54301,52.36170,178.55590,8,0,0,0.30588,0.89655,4.00000,465.56726,4.33618,504.69583,0.19987,0
936,225.51327,131.07192,179.08423,12,1,0,0.25387,1.00000,6.00000,698.35089,8.00893,932.17438,0.29645,0
937,225.48354,209.78214,179.61255,12,1,0,0.24500,1.00000,6.08276,707.98376,8.16925,950.83392,0.31155,0
938,225.45381,288.49235,180.14088,12,1,0,0.24434,1.00000,7.00000,814.74268,8.33942,970.63983,0.30368,0
939,225.60583,327.58838,219.40304,12,1,0,0.27823,0.97734,4.69042,545.92603,5.96240,693.97406,0.23763,0
940,225.42407,367.20257,180.66920,12,1,0,0.24417,1.00000,6.40312,745.27124,8.16680,950.54865,0.28768,0
941,225.57609,406.29860,219.93136,12,1,0,0.24878,1.00000,6.00000,698.35089,7.94626,924.87970,0.27462,0
942,225.39434,445.91279,181.19753,12,1,0,0.24778,1.00000,6.00000,698.35089,8.46484,985.23755,0.30502,0
943,225.54636,485.00882,220.45969,12,1,0,0.25156,1.00000,6.00000,698.35089,8.21679,956.36688,0.30093,0
944,225.51663,563.71904,220.98801,12,1,0,0.24437,1.00000,7.00000,814.74268,8.29988,966.03845,0.29510,0
945,225.48689,642.42925,221.51634,12,1,0,0.24862,1.00000,7.00000,814.74268,8.21931,956.65997,0.29523,0
946,225.45716,721.13947,222.04467,12,1,0,0.25692,1.00000,6.00000,698.35089,7.80705,908.67621,0.28710,0
947,225.60918,760.23550,261.30682,8,0,0,0.00000,0.00000,0.00000,0.00000,0.00000,0.00000,0.02874,0
948,225.69503,91.45772,217.81806,12,1,0,0.26180,1.00000,5.00000,581.95911,7.36341,857.04041,0.27603,0
949,225.84705,130.55375,257.08022,12,1,0,0.25105,1.00000,6.00000,698.35089,7.87499,916.58453,0.28230,0
950,225.66530,170.16794,218.34638,12,1,0,0.24688,1.00000,6.00000,698.35089,8.06939,939.21045,0.28211,0
951,225.81732,209.26397,257.60854,12,1,0,0.24569,1.00000,6.00000,698.35089,7.94780,925.05835,0.29523,0
952,225.63556,248.87816,218.87471,12,1,0,0.24521,1.00000,7.00000,814.74268,8.24852,960.06012,0.29146,0
953,225.78758,287.97418,258.13687,12,1,0,0.25243,1.00000,7.00000,814.74268,8.20769,955.30817,0.30298,0
954,225.75785,366.68440,258.66519,12,1,0,0.24861,1.00000,6.00000,698.35089,8.12877,946.12183,0.28922,0
955,225.72812,445.39462,259.19352,12,1,0,0.24638,1.00000,6.08276,707.98376,8.24404,959.53894,0.29779,0
956,225.69838,524.10484,259.72185,12,1,0,0.24793,1.00000,6.00000,698.35089,8.41800,979.78674,0.30675,0
957,225.85040,563.20087,298.98400,12,1,0,0.25646,1.00000,6.00000,698.35089,8.31590,967.90222,0.30810,0
958,225.66865,602.81506,260.25017,12,1,0,0.24983,1.00000,6.08276,707.98376,8.27636,963.30096,0.30285,0
959,225.82067,641.91108,299.51233,12,1,0,0.24793,1.00000,7.00000,814.74268,8.36313,973.39941,0.30560,0
960,225.63891,681.52528,260.77850,12,1,0,0.25141,1.00000,6.00000,698.35089,7.99187,930.18866,0.29939,0
961,225.79094,720.62130,300.04066,12,1,0,0.25226,1.00000,6.00000,698.35089,8.02175,933.66589,0.29261,0
962,225.87679,51.84353,256.55189,8,0,0,0.32228,0.87115,3.16228,368.06323,4.13729,481.54648,0.17421,0
963,226.02881,90.93955,295.81405,12,1,0,0.25897,1.00000,6.00000,698.35089,7.66435,892.06769,0.29190,0
964,225.99907,169.64977,296.34237,12,1,0,0.25069,1.00000,6.32456,736.12646,7.87692,916.80957,0.29037,0
965,225.96934,248.35999,296.87070,12,1,0,0.25104,1.00000,7.00000,814.74268,8.09628,942.34119,0.29350,0
966,226.12136,287.45601,336.13286,12,1,0,0.25300,1.00000,6.40312,745.27124,7.60329,884.96063,0.28570,0
967,225.93961,327.07021,297.39903,12,1,0,0.25000,1.00000,6.00000,698.35089,8.13632,947.00073,0.29478,0
968,226.09163,366.16623,336.66118,12,1,0,0.25333,1.00000,6.00000,698.35089,7.85987,914.82458,0.29562,0
969,225.90987,405.78043,297.92735,12,1,0,0.25296,1.00000,6.08276,707.98376,8.18416,952.56903,0.29766,0
970,226.06189,444.87645,337.18951,12,1,0,0.26545,1.00000,6.00000,698.35089,7.49349,872.18085,0.27104,0
971,225.88014,484.49065,298.45568,12,1,0,0.25017,1.00000,6.08276,707.98376,8.30400,966.51782,0.30042,0
972,226.03216,523.58667,337.71784,12,1,0,0.24639,1.00000,6.16441,717.48730,8.23507,958.49530,0.30144,0
973,226.00243,602.29689,338.24616,12,1,0,0.25458,1.00000,6.08276,707.98376,8.03540,935.25452,0.29203,0
974,225.97269,681.00711,338.77449,12,1,0,0.25720,1.00000,6.00000,698.35089,8.04561,936.44263,0.28352,0
975,226.12471,720.10313,378.03665,12,1,0,0.25470,1.00000,6.08276,707.98376,8.14832,948.39801,0.29274,0
976,225.94296,759.71733,339.30281,8,0,0,0.00000,0.00000,0.00000,0.00000,0.00000,0.00000,0.02765,0
977,226.21057,51.32536,334.54788,8,0,0,0.28239,0.78814,3.16228,368.06323,3.35705,390.73282,0.19872,0
978,226.36259,90.42138,373.81004,12,1,0,0.25070,1.00000,6.00000,698.35089,7.81953,910.12933,0.29107,0
979,226.18083,130.03558,335.07621,12,1,0,0.26134,1.00000,6.00000,698.35089,7.51688,874.90326,0.28813,0
980,226.33285,169.13160,374.33836,12,1,0,0.24965,1.00000,6.00000,698.35089,7.88098,917.28107,0.28595,0
981,226.15110,208.74580,335.60453,12,1,0,0.25070,1.00000,6.92820,806.38611,7.85618,914.39514,0.28653,0
982,226.30312,247.84182,374.86669,12,1,0,0.24828,1.00000,7.00000,814.74268,8.17169,951.11737,0.29274,0
983,226.27339,326.55204,375.39502,12,1,0,0.24598,1.00000,6.08276,707.98376,7.92764,922.71295,0.28762,0
984,226.24365,405.26226,375.92334,12,1,0,0.25489,1.00000,6.00000,698.35089,7.94358,924.56750,0.28339,0
985,226.21392,483.97248,376.45167,12,1,0,0.24708,1.00000,6.08276,707.98376,8.09948,942.71368,0.29958,0
986,226.36594,523.06850,415.71383,12,1,0,0.24623,1.00000,6.08276,707.98376,8.21430,956.07672,0.29299,0
987,226.18418,562.68269,376.97999,12,1,0,0.25103,1.00000,6.08276,707.98376,8.15629,949.32550,0.29549,0
988,226.33621,601.77872,416.24215,12,1,0,0.25000,1.00000,6.16441,717.48730,7.95110,925.44287,0.29011,0
989,226.15445,641.39291,377.50832,12,1,0,0.24655,1.00000,6.00000,698.35089,8.24042,959.11694,0.30618,0
990,226.30647,680.48894,416.77048,12,1,0,0.24826,1.00000,6.00000,698.35089,7.92777,922.72772,0.28582,0
991,226.27674,759.19916,417.29881,8,0,0,0.00000,0.00000,0.00000,0.00000,0.00000,0.00000,0.02675,0
992,226.54434,50.80719,412.54387,8,0,0,0.31943,0.88202,3.60555,419.65665,4.16347,484.59409,0.20410,0
993,226.51461,129.51741,413.07220,12,1,0,0.25349,1.00000,6.00000,698.35089,7.74185,901.08838,0.28800,0
994,226.48488,208.22762,413.60052,12,1,0,0.25578,1.00000,6.00000,698.35089,7.58462,882.78802,0.27827,0
995,226.45514,286.93784,414.12885,12,1,0,0.25494,1.00000,6.00000,698.35089,7.75929,903.11780,0.28768,0
996,226.60716,326.03387,453.39101,12,1,0,0.24845,1.00000,6.08276,707.98376,8.05929,938.03571,0.28838,0
997,226.42541,365.64806,414.65717,12,1,0,0.24965,1.00000,6.40312,745.27124,7.85924,914.75067,0.28026,0
998,226.57743,404.74409,453.91933,12,1,0,0.24708,1.00000,7.00000,814.74268,8.09634,942.34760,0.28730,0
999,226.39567,444.35828,415.18550,12,1,0,0.24549,1.00000,6.08276,707.98376,8.03772,935.52521,0.27962,0
1000,226.54770,483.45431,454.44766,12,1,0,0.24455,1.00000,6.16441,717.48730,8.34403,971.17651,0.30323,0
1001,226.51796,562.16452,454.97599,12,1,0,0.24675,1.00000,6.08276,707.98376,8.24705,959.88861,0.30912,0
1002,226.48823,640.87474,455.50431,12,1,0,0.24501,1.00000,6.08276,707.98376,8.23629,958.63654,0.30432,0
1003,226.45849,719.58496,456.03264,12,1,0,0.25278,1.00000,6.00000,698.35089,8.02488,934.03040,0.28589,0
1004,226.61052,758.68099,495.29480,8,0,0,0.00000,0.00000,0.00000,0.00000,0.00000,0.00000,0.02598,0
1005,226.69637,89.90321,451.80603,12,1,0,0.25474,1.00000,6.00000,698.35089,7.96162,926.66760,0.29242,0
1006,226.84839,128.99924,491.06819,12,1,0,0.25820,1.00000,6.00000,698.35089,7.61103,885.86188,0.27878,0
1007,226.66663,168.61343,452.33435,12,1,0,0.25105,1.00000,6.00000,698.35089,8.09134,941.76520,0.29472,0
1008,226.81865,207.70945,491.59651,12,1,0,0.24451,1.00000,6.16441,717.48730,7.98344,929.20691,0.29229,0
1009,226.63690,247.32365,452.86268,12,1,0,0.24689,1.00000,7.00000,814.74268,8.15477,949.14789,0.28800,0
1010,226.78892,286.41967,492.12484,12,1,0,0.24930,1.00000,6.63325,772.05597,8.03659,935.39337,0.28902,0
1011,226.75919,365.12989,492.65317,12,1,0,0.24708,1.00000,6.40312,745.27124,8.27271,962.87561,0.29728,0
1012,226.72945,443.84011,493.18149,12,1,0,0.25104,1.00000,6.00000,698.35089,8.16696,950.56750,0.29203,0
1013,226.69972,522.55033,493.70982,12,1,0,0.24639,1.00000,6.08276,707.98376,8.31293,967.55646,0.28902,0
1014,226.85174,561.64635,532.97198,12,1,0,0.24949,1.00000,6.08276,707.98376,8.34483,971.26941,0.29773,0
1015,226.66998,601.26055,494.23814,12,1,0,0.25000,1.00000,6.00000,698.35089,8.16728,950.60504,0.29882,0
1016,226.82201,640.35657,533.50030,12,1,0,0.24180,1.00000,7.00000,814.74268,8.41538,979.48187,0.31085,0
1017,226.64025,679.97077,494.76647,12,1,0,0.24983,1.00000,6.08276,707.98376,7.97492,928.21570,0.28781,0
1018,226.79227,719.06679,534.02863,12,1,0,0.25332,1.00000,6.00000,698.35089,8.13191,946.48761,0.29613,0
1019,226.87812,50.28902,490.53986,8,0,0,0.30658,0.88056,4.00000,465.56726,4.30521,501.09082,0.19667,0
1020,227.03014,89.38504,529.80202,12,1,0,0.25104,1.00000,6.00000,698.35089,8.06589,938.80359,0.28467,0
1021,227.00041,168.09526,530.33035,12,1,0,0.24948,1.00000,6.08276,707.98376,8.07172,939.48236,0.28800,0
1022,226.97068,246.80548,530.85867,12,1,0,0.25575,1.00000,7.00000,814.74268,8.27593,963.25055,0.30048,0
1023,227.12270,285.90150,570.12083,12,1,0,0.25750,1.00000,7.00000,814.74268,8.22574,957.40930,0.30637,0
1024,226.94094,325.51570,531.38700,12,1,0,0.24983,1.00000,6.00000,698.35089,8.24623,959.79388,0.29427,0
1025,227.09296,364.61172,570.64916,12,1,0,0.26687,0.99441,4.58258,533.37433,7.14295,831.38049,0.26330,0
1026,226.91121,404.22592,531.91532,12,1,0,0.25086,1.00000,6.08276,707.98376,8.26692,962.20197,0.29574,0
1027,227.06323,443.32194,571.17748,12,1,0,0.25190,1.00000,6.00000,698.35089,8.28507,964.31403,0.29062,0
1028,226.88147,482.93613,532.44365,12,1,0,0.25087,1.00000,6.00000,698.35089,8.40868,978.70209,0.30131,0
1029,227.03350,522.03216,571.70581,12,1,0,0.24948,1.00000,7.00000,814.74268,8.56829,997.27856,0.31213,0
1030,227.00376,600.74238,572.23413,12,1,0,0.24741,1.00000,6.00000,698.35089,8.34518,971.31073,0.30144,0
1031,226.97403,679.45260,572.76246,12,1,0,0.24759,1.00000,7.00000,814.74268,8.10206,943.01318,0.29325,0
1032,226.94429,758.16282,573.29079,8,0,0,0.00000,0.00000,0.00000,0.00000,0.00000,0.00000,0.02746,0
1033,227.21190,49.77085,568.53585,8,0,0,0.31015,0.93750,4.00000,465.56726,4.83185,562.38824,0.20845,0
1034,227.36392,88.86687,607.79801,12,1,0,0.25192,1.00000,6.16441,717.48730,7.95094,925.42395,0.28538,0
1035,227.18217,128.48106,569.06418,12,1,0,0.25000,1.00000,6.00000,698.35089,7.90382,919.94043,0.28198,0
1036,227.33419,167.57709,608.32634,12,1,0,0.24774,1.00000,6.00000,698.35089,8.14666,948.20422,0.28096,0
1037,227.15243,207.19128,569.59250,12,1,0,0.24688,1.00000,6.00000,698.35089,8.23600,958.60345,0.30285,0
1038,227.30445,246.28731,608.85466,12,1,0,0.25548,1.00000,6.00000,698.35089,7.77351,904.77319,0.27770,0
1039,227.27472,324.99753,609.38299,12,1,0,0.24862,1.00000,6.00000,698.35089,8.21369,956.00629,0.28346,0
1040,227.24499,403.70775,609.91131,12,1,0,0.24897,1.00000,6.08276,707.98376,8.26228,961.66150,0.29402,0
1041,227.21525,482.41796,610.43964,12,1,0,0.24367,1.00000,6.16441,717.48730,8.36704,973.85516,0.29798,0
1042,227.36727,521.51399,649.70180,12,1,0,0.24296,1.00000,6.00000,698.35089,8.52974,992.79187,0.30054,0
1043,227.18552,561.12818,610.96797,12,1,0,0.25522,1.00000,6.08276,707.98376,8.32563,969.03497,0.29683,0
1044,227.33754,600.22421,650.23012,12,1,0,0.24793,1.00000,6.08276,707.98376,8.47703,986.65668,0.30080,0
1045,227.15578,639.83840,611.49629,12,1,0,0.24532,1.00000,7.00000,814.74268,8.37527,974.81317,0.30605,0
1046,227.30781,678.93443,650.75845,12,1,0,0.24896,1.00000,6.00000,698.35089,8.27482,963.12158,0.29498,0
1047,227.12605,718.54862,612.02462,12,1,0,0.25105,1.00000,6.00000,698.35089,8.08954,941.55640,0.30221,0
1048,227.27807,757.64465,651.28678,8,0,0,0.00000,0.00000,0.00000,0.00000,0.00000,0.00000,0.02906,0
1049,227.54568,49.25268,646.53184,8,0,0,0.31002,0.92918,4.12311,479.89572,4.77853,556.18170,0.19437,0
1050,227.51594,127.96289,647.06017,12,1,0,0.24930,1.00000,6.00000,698.35089,8.01896,933.34119,0.28992,0
1051,227.48621,206.67311,647.58849,12,1,0,0.25472,1.00000,5.83095,678.67505,7.63390,888.52386,0.27840,0
1052,227.45648,285.38333,648.11682,12,1,0,0.24504,1.00000,7.00000,814.74268,8.41417,979.34009,0.29958,0
1053,227.60850,324.47936,687.37898,12,1,0,0.23920,1.00000,6.08276,707.98376,8.26466,961.93921,0.29958,0
1054,227.42674,364.09355,648.64515,12,1,0,0.24639,1.00000,6.00000,698.35089,8.41795,979.78076,0.29472,0
1055,227.57876,403.18958,687.90730,12,1,0,0.24589,1.00000,6.00000,698.35089,8.24762,959.95508,0.28397,0
1056,227.39701,442.80377,649.17347,12,1,0,0.24554,1.00000,6.00000,698.35089,8.40686,978.49017,0.30669,0
1057,227.54903,481.89979,688.43563,12,1,0,0.24845,1.00000,6.00000,698.35089,8.18096,952.19641,0.28461,0
1058,227.51930,560.61001,688.96396,12,1,0,0.24863,1.00000,6.08276,707.98376,8.45785,984.42480,0.30157,0
1059,227.48956,639.32023,689.49228,12,1,0,0.23978,1.00000,6.00000,698.35089,8.50064,989.40515,0.30899,0
1060,227.45983,718.03045,690.02061,12,1,0,0.25333,1.00000,6.00000,698.35089,7.85396,914.13708,0.28378,0
1061,227.61185,757.12647,729.28277,8,0,0,0.00000,0.00000,0.00000,0.00000,0.00000,0.00000,0.02842,0
1062,227.69770,88.34870,685.79400,12,1,0,0.25300,1.00000,6.00000,698.35089,7.97669,928.42151,0.28666,0
1063,227.84972,127.44472,725.05616,12,1,0,0.25442,1.00000,6.00000,698.35089,7.97944,928.74146,0.29024,0
1064,227.66797,167.05892,686.32233,12,1,0,0.25035,1.00000,6.08276,707.98376,8.24252,959.36182,0.29478,0
1065,227.81999,206.15494,725.58448,12,1,0,0.24791,1.00000,6.00000,698.35089,8.08058,940.51343,0.29344,0
1066,227.63823,245.76914,686.85065,12,1,0,0.24759,1.00000,6.00000,698.35089,8.20193,954.63776,0.28525,0
1067,227.79025,284.86516,726.11281,12,1,0,0.25259,1.00000,7.00000,814.74268,8.16999,950.91949,0.28627,0
1068,227.76052,363.57538,726.64114,12,1,0,0.24367,1.00000,7.00000,814.74268,8.42225,980.28125,0.29069,0
1069,227.73079,442.28560,727.16946,12,1,0,0.25173,1.00000,6.08276,707.98376,8.22689,957.54248,0.29222,0
1070,227.70105,520.99582,727.69779,12,1,0,0.25086,1.00000,6.08276,707.98376,8.28255,964.02155,0.28531,0
1071,227.85307,560.09184,766.95995,8,0,0,0.30118,0.84066,3.60555,419.65665,3.66422,426.48557,0.17568,0
1072,227.67132,599.70604,728.22612,12,1,0,0.24776,1.00000,6.92820,806.38611,8.27782,963.47009,0.29107,0
1073,227.82334,638.80206,767.48827,8,0,0,0.28418,0.81742,3.00000,349.17545,3.40318,396.10211,0.18579,0
1074,227.64158,678.41626,728.75444,12,1,0,0.24384,1.00000,6.08276,707.98376,8.40303,978.04419,0.29171,0
1075,227.79361,717.51228,768.01660,8,0,0,0.29434,0.85278,3.00000,349.17545,4.04197,470.45270,0.18816,0
1076,227.87946,48.73450,724.52783,8,0,0,0.30263,0.83754,3.00000,349.17545,3.92268,456.56763,0.21018,0
1077,228.03148,87.83053,763.78999,8,0,0,0.31001,0.87397,4.00000,465.56726,4.23885,493.36768,0.18618,0
1078,228.00174,166.54075,764.31832,8,0,0,0.28488,0.81337,3.00000,349.17545,3.28961,382.88373,0.17965,0
1079,227.97201,245.25097,764.84664,8,0,0,0.27692,0.74176,3.00000,349.17545,2.70139,314.41956,0.17805,0
1080,227.94228,323.96119,765.37497,8,0,0,0.28442,0.78177,2.23607,260.26001,2.87168,334.24017,0.17882,0
1081,227.91254,402.67140,765.90330,8,0,0,0.29113,0.80663,3.00000,349.17545,3.19697,372.10110,0.16890,0
1082,227.88281,481.38162,766.43162,8,0,0,0.28039,0.79888,3.00000,349.17545,3.16512,368.39355,0.18842,0
1083,264.11735,368.02749,63.60151,8,0,0,0.28684,0.80663,3.00000,349.17545,3.36504,391.66339,0.18246,0
1084,264.08761,446.73771,64.12984,8,0,0,0.28032,0.77260,2.82843,329.20575,2.61013,303.79736,0.18189,0
1085,264.05788,525.44793,64.65816,8,0,0,0.28252,0.80833,2.82843,329.20575,3.17767,369.85513,0.18822,0
1086,264.02815,604.15815,65.18649,8,0,0,0.28804,0.82240,3.00000,349.17545,3.37725,393.08438,0.18797,0
1087,263.99841,682.86837,65.71482,8,0,0,0.28518,0.83516,3.00000,349.17545,3.75000,436.46930,0.18400,0
1088,263.96868,761.57859,66.24314,5,0,0,0.00000,0.00000,0.00000,0.00000,0.00000,0.00000,0.01062,0
1089,264.23628,53.18662,61.48821,5,0,0,0.26158,0.54085,2.00000,232.78363,0.00000,0.00000,0.10592,0
1090,264.20655,131.89684,62.01653,8,0,0,0.29367,0.85205,3.00000,349.17545,3.88057,451.66656,0.17869,0
1091,264.35857,170.99286,101.27869,12,1,0,0.24777,1.00000,6.00000,698.35089,8.52817,992.60913,0.31059,0
1092,264.17682,210.60705,62.54486,8,0,0,0.27992,0.81690,3.00000,349.17545,3.37597,392.93536,0.18458,0
1093,264.32884,249.70308,101.80702,12,1,0,0.24811,1.00000,7.00000,814.74268,8.43381,981.62671,0.29920,0
1094,264.14708,289.31727,63.07318,8,0,0,0.28626,0.81868,3.16228,368.06323,3.42703,398.87769,0.18118,0
1095,264.29910,328.41330,102.33534,12,1,0,0.24554,1.00000,6.63325,772.05597,8.25237,960.50830,0.29971,0
1096,264.26937,407.12352,102.86367,12,1,0,0.24742,1.00000,6.08276,707.98376,8.31786,968.13110,0.29683,0
1097,264.23964,485.83374,103.39200,12,1,0,0.24571,1.00000,6.08276,707.98376,8.45037,983.55444,0.29939,0
1098,264.20990,564.54395,103.92032,12,1,0,0.24441,1.00000,7.00000,814.74268,8.56886,997.34497,0.30195,0
1099,264.36192,603.63998,143.18248,12,1,0,0.24550,1.00000,6.00000,698.35089,8.20264,954.71979,0.28723,0
1100,264.18017,643.25417,104.44865,12,1,0,0.24265,1.00000,6.00000,698.35089,8.70980,1013.74939,0.32173,0
1101,264.33219,682.35020,143.71081,12,1,0,0.25104,1.00000,6.00000,698.35089,8.13305,946.61987,0.29139,0
1102,264.15043,721.96439,104.97697,12,1,0,0.25421,1.00000,6.08276,707.98376,8.22905,957.79401,0.30982,0
1103,264.30246,761.06042,144.23913,8,0,0,0.00000,0.00000,0.00000,0.00000,0.00000,0.00000,0.02573,0
1104,264.57006,52.66845,139.48420,8,0,0,0.30983,0.94886,4.00000,465.56726,4.83277,562.49481,0.20448,0
1105,264.38831,92.28264,100.75036,12,1,0,0.24553,1.00000,6.00000,698.35089,8.33333,969.93097,0.30182,0
1106,264.54033,131.37866,140.01252,12,1,0,0.24863,1.00000,7.00000,814.74268,8.09943,942.70770,0.28941,0
1107,264.51059,210.08888,140.54085,12,1,0,0.24983,1.00000,6.00000,698.35089,8.19844,954.23181,0.29267,0
1108,264.48086,288.79910,141.06918,12,1,0,0.24879,1.00000,6.00000,698.35089,8.23323,958.28021,0.29069,0
1109,264.45113,367.50932,141.59750,12,1,0,0.24600,1.00000,6.08276,707.98376,8.16654,950.51813,0.28365,0
1110,264.60315,406.60535,180.85966,12,1,0,0.24218,1.00000,7.00000,814.74268,8.45348,983.91632,0.30202,0
1111,264.42139,446.21954,142.12583,12,1,0,0.24337,1.00000,6.00000,698.35089,8.51303,990.84747,0.30259,0
1112,264.57341,485.31556,181.38799,12,1,0,0.24431,1.00000,7.00000,814.74268,8.35058,971.93896,0.29747,0
1113,264.39166,524.92976,142.65415,12,1,0,0.25087,1.00000,6.00000,698.35089,8.31262,967.52075,0.29632,0
1114,264.54368,564.02578,181.91631,12,1,0,0.24469,1.00000,7.00000,814.74268,8.43599,981.88043,0.30259,0
1115,264.51395,642.73600,182.44464,12,1,0,0.24616,1.00000,7.00000,814.74268,8.41352,979.26520,0.31802,0
1116,264.48421,721.44622,182.97296,12,1,0,0.25243,1.00000,6.00000,698.35089,8.11497,944.51666,0.30291,0
1117,264.72209,91.76447,178.74636,12,1,0,0.25369,1.00000,6.00000,698.35089,8.00265,931.44257,0.29101,0
1118,264.87411,130.86049,218.00851,12,1,0,0.25722,1.00000,6.08276,707.98376,7.85345,914.07709,0.27930,0
1119,264.69235,170.47469,179.27468,12,1,0,0.24913,1.00000,6.00000,698.35089,8.13336,946.65698,0.28531,0
1120,264.84437,209.57071,218.53684,12,1,0,0.24449,1.00000,6.00000,698.35089,8.21583,956.25555,0.29574,0
1121,264.66262,249.18491,179.80301,12,1,0,0.24879,1.00000,7.00000,814.74268,8.11872,944.95233,0.28870,0
1122,264.81464,288.28093,219.06517,12,1,0,0.25820,1.00000,5.65685,658.41150,7.62623,887.63031,0.26739,0
1123,264.63288,327.89513,180.33133,12,1,0,0.24913,1.00000,6.00000,698.35089,8.21045,955.62878,0.29325,0
1124,264.78491,366.99115,219.59349,12,1,0,0.24828,1.00000,6.00000,698.35089,8.12040,945.14813,0.28570,0
1125,264.75517,445.70137,220.12182,12,1,0,0.25208,1.00000,6.08276,707.98376,8.30320,966.42413,0.29888,0
1126,264.72544,524.41159,220.65014,12,1,0,0.25540,1.00000,6.00000,698.35089,7.71704,898.20038,0.27290,0
1127,264.69570,603.12181,221.17847,12,1,0,0.25017,1.00000,6.08276,707.98376,8.37375,974.63550,0.29971,0
1128,264.84773,642.21783,260.44063,12,1,0,0.24621,1.00000,6.08276,707.98376,8.32310,968.74072,0.29862,0
1129,264.66597,681.83203,221.70680,12,1,0,0.25228,1.00000,6.08276,707.98376,7.98614,929.52161,0.27974,0
1130,264.81799,720.92805,260.96895,12,1,0,0.25565,1.00000,6.00000,698.35089,8.03580,935.30103,0.29088,0
1131,264.63623,760.54225,222.23512,8,0,0,0.00000,0.00000,0.00000,0.00000,0.00000,0.00000,0.02656,0
1132,264.90384,52.15028,217.48019,8,0,0,0.31746,0.88889,4.00000,465.56726,4.26192,496.05203,0.19194,0
1133,265.05586,91.24630,256.74235,12,1,0,0.28417,0.93681,3.60555,419.65665,5.16390,601.03564,0.23725,0
1134,265.02613,169.95652,257.27067,12,1,0,0.25474,1.00000,6.00000,698.35089,8.09324,941.98712,0.29075,0
1135,264.99640,248.66674,257.79900,12,1,0,0.25329,1.00000,6.00000,698.35089,8.21303,955.92944,0.29645,0
1136,264.96666,327.37696,258.32732,12,1,0,0.26339,1.00000,5.09902,593.48413,7.36660,857.41235,0.25830,0
1137,265.11868,366.47298,297.58948,12,1,0,0.25000,1.00000,6.00000,698.35089,8.24781,959.97729,0.29946,0
1138,264.93693,406.08718,258.85565,12,1,0,0.25471,1.00000,6.08276,707.98376,8.18438,952.59491,0.29082,0
1139,265.08895,445.18320,298.11781,12,1,0,0.25103,1.00000,7.00000,814.74268,8.43091,981.28851,0.30374,0
1140,264.90719,484.79739,259.38398,12,1,0,0.24931,1.00000,6.08276,707.98376,8.27869,963.57123,0.28966,0
1141,265.05922,523.89342,298.64613,12,1,0,0.26103,1.00000,5.00000,581.95911,7.54599,878.29144,0.27802,0
1142,264.87746,563.50761,259.91230,12,1,0,0.24776,1.00000,6.08276,707.98376,8.39844,977.51007,0.30675,0
1143,265.02948,602.60364,299.17446,12,1,0,0.25104,1.00000,7.00000,814.74268,8.20248,954.70178,0.29690,0
1144,264.99975,681.31386,299.70279,12,1,0,0.25562,1.00000,6.00000,698.35089,8.04949,936.89520,0.28141,0
1145,264.97001,760.02407,300.23111,8,0,0,0.00000,0.00000,0.00000,0.00000,0.00000,0.00000,0.03046,0
1146,265.23762,51.63211,295.47618,8,0,0,0.30800,0.87640,3.31662,386.02798,4.18044,486.56845,0.21011,0
1147,265.20789,130.34232,296.00450,12,1,0,0.25138,1.00000,6.00000,698.35089,8.01394,932.75659,0.29485,0
1148,265.35991,169.43835,335.26666,12,1,0,0.24982,1.00000,7.00000,814.74268,7.86583,915.51770,0.27712,0
1149,265.17815,209.05254,296.53283,12,1,0,0.24913,1.00000,6.00000,698.35089,8.09900,942.65710,0.28966,0
1150,265.33017,248.14857,335.79499,12,1,0,0.25000,1.00000,6.08276,707.98376,7.94885,925.18146,0.28832,0
1151,265.14842,287.76276,297.06116,12,1,0,0.25278,1.00000,7.00000,814.74268,8.15230,948.86108,0.29862,0
1152,265.30044,326.85879,336.32331,12,1,0,0.24931,1.00000,6.08276,707.98376,8.06788,939.03540,0.29056,0
1153,265.27071,405.56900,336.85164,12,1,0,0.24674,1.00000,6.16441,717.48730,8.08961,941.56464,0.28864,0
1154,265.24097,484.27922,337.37997,12,1,0,0.24502,1.00000,6.16441,717.48730,8.18932,953.16968,0.28275,0
1155,265.21124,562.98944,337.90829,12,1,0,0.25384,1.00000,6.00000,698.35089,8.10213,943.02118,0.28397,0
1156,265.36326,602.08547,377.17045,12,1,0,0.25173,1.00000,7.00000,814.74268,8.14124,947.57428,0.29325,0
1157,265.18150,641.69966,338.43662,12,1,0,0.24518,1.00000,7.00000,814.74268,8.31276,967.53735,0.30438,0
1158,265.33353,680.79569,377.69878,12,1,0,0.24983,1.00000,6.00000,698.35089,8.22595,957.43286,0.29203,0
1159,265.15177,720.40988,338.96495,12,1,0,0.25227,1.00000,6.00000,698.35089,8.03788,935.54352,0.28390,0
1160,265.30379,759.50590,378.22710,8,0,0,0.00000,0.00000,0.00000,0.00000,0.00000,0.00000,0.02528,0
1161,265.57140,51.11393,373.47217,8,0,0,0.29582,0.82271,2.82843,329.20575,3.62410,421.81567,0.19910,0
1162,265.38964,90.72813,334.73834,12,1,0,0.25176,1.00000,6.00000,698.35089,7.87742,916.86688,0.29299,0
1163,265.54166,129.82415,374.00049,12,1,0,0.24948,1.00000,6.08276,707.98376,7.93544,923.62000,0.30477,0
1164,265.51193,208.53437,374.52882,12,1,0,0.25388,1.00000,6.00000,698.35089,7.87639,916.74719,0.29606,0
1165,265.48220,287.24459,375.05715,12,1,0,0.24983,1.00000,7.00000,814.74268,8.09169,941.80603,0.30765,0
1166,265.45246,365.95481,375.58547,12,1,0,0.25331,1.00000,6.00000,698.35089,7.99161,930.15778,0.30816,0
1167,265.60448,405.05083,414.84763,12,1,0,0.24778,1.00000,6.08276,707.98376,8.05146,937.12451,0.28224,0
1168,265.42273,444.66503,376.11380,12,1,0,0.24587,1.00000,6.08276,707.98376,8.15462,949.13080,0.28832,0
1169,265.57475,483.76105,415.37596,12,1,0,0.24517,1.00000,6.08276,707.98376,8.03662,935.39679,0.28819,0
1170,265.39299,523.37525,376.64213,12,1,0,0.24532,1.00000,6.08276,707.98376,8.24053,959.13080,0.30522,0
1171,265.54502,562.47127,415.90428,12,1,0,0.24744,1.00000,7.00000,814.74268,8.24286,959.40155,0.29837,0
1172,265.51528,641.18149,416.43261,12,1,0,0.24620,1.00000,6.00000,698.35089,8.15980,949.73419,0.30074,0
1173,265.48555,719.89171,416.96094,12,1,0,0.24896,1.00000,6.08276,707.98376,8.05143,937.12018,0.29107,0
1174,265.72342,90.20996,412.73433,12,1,0,0.26022,1.00000,6.00000,698.35089,7.77643,905.11249,0.28339,0
1175,265.69369,168.92018,413.26265,12,1,0,0.25282,1.00000,6.08276,707.98376,7.80719,908.69281,0.27494,0
1176,265.84571,208.01620,452.52481,12,1,0,0.24776,1.00000,6.40312,745.27124,8.13422,946.75623,0.29600,0
1177,265.66395,247.63040,413.79098,12,1,0,0.24757,1.00000,7.00000,814.74268,7.99955,931.08160,0.28685,0
1178,265.81597,286.72642,453.05314,12,1,0,0.25312,1.00000,7.00000,814.74268,8.16688,950.55853,0.30240,0
1179,265.63422,326.34062,414.31931,12,1,0,0.24879,1.00000,6.08276,707.98376,8.11139,944.09955,0.28045,0
1180,265.78624,365.43664,453.58146,12,1,0,0.24603,1.00000,6.08276,707.98376,8.17886,951.95258,0.29651,0
1181,265.75651,444.14686,454.10979,12,1,0,0.24915,1.00000,7.00000,814.74268,8.48272,987.31964,0.31104,0
1182,265.72677,522.85708,454.63812,12,1,0,0.24639,1.00000,6.08276,707.98376,8.46723,985.51660,0.30131,0
1183,265.69704,601.56730,455.16644,12,1,0,0.24335,1.00000,7.00000,814.74268,8.42379,980.45966,0.31085,0
1184,265.84906,640.66332,494.42860,12,1,0,0.24757,1.00000,6.00000,698.35089,8.19739,954.10907,0.29581,0
1185,265.66730,680.27752,455.69477,12,1,0,0.25052,1.00000,6.00000,698.35089,8.21585,956.25726,0.29792,0
1186,265.81933,719.37354,494.95693,12,1,0,0.25191,1.00000,6.00000,698.35089,7.97939,928.73541,0.28422,0
1187,265.63757,758.98773,456.22309,8,0,0,0.00000,0.00000,0.00000,0.00000,0.00000,0.00000,0.02931,0
1188,265.90518,50.59576,451.46816,8,0,0,0.32146,0.95278,4.12311,479.89572,4.97170,578.66492,0.19910,0
1189,266.05720,89.69179,490.73032,12,1,0,0.25407,1.00000,6.00000,698.35089,7.82001,910.18481,0.28691,0
1190,265.87544,129.30598,451.99649,12,1,0,0.25052,1.00000,6.00000,698.35089,7.92737,922.68146,0.29434,0
1191,266.02746,168.40201,491.25864,12,1,0,0.25035,1.00000,7.00000,814.74268,7.96451,927.00397,0.28493,0
1192,265.99773,247.11223,491.78697,12,1,0,0.25418,1.00000,6.08276,707.98376,8.09556,942.25684,0.28877,0
1193,265.96800,325.82244,492.31530,12,1,0,0.25312,1.00000,6.08276,707.98376,8.08247,940.73334,0.28102,0
1194,266.12002,364.91847,531.57745,12,1,0,0.26932,1.00000,5.00000,581.95911,7.14983,832.18225,0.26688,0
1195,265.93826,404.53266,492.84362,12,1,0,0.25052,1.00000,7.00000,814.74268,7.94030,924.18573,0.28896,0
1196,266.09028,443.62869,532.10578,12,1,0,0.24776,1.00000,6.00000,698.35089,8.39657,977.29260,0.30650,0
1197,265.90853,483.24288,493.37195,12,1,0,0.24590,1.00000,7.00000,814.74268,8.22925,957.81702,0.30138,0
1198,266.06055,522.33891,532.63411,12,1,0,0.24588,1.00000,7.00000,814.74268,8.51356,990.90820,0.30784,0
1199,265.87879,561.95310,493.90027,12,1,0,0.25523,1.00000,6.08276,707.98376,8.22566,957.39923,0.29805,0
1200,266.03082,601.04913,533.16243,12,1,0,0.25192,1.00000,6.00000,698.35089,8.34354,971.11957,0.30528,0
1201,266.00108,679.75934,533.69076,12,1,0,0.25087,1.00000,7.00000,814.74268,8.15014,948.60925,0.29792,0
1202,265.97135,758.46956,534.21908,8,0,0,0.00000,0.00000,0.00000,0.00000,0.00000,0.00000,0.02867,0
1203,266.23895,50.07759,529.46415,8,0,0,0.30250,0.86740,3.00000,349.17545,4.13729,481.54648,0.20320,0
1204,266.20922,128.78781,529.99248,12,1,0,0.25820,1.00000,6.92820,806.38611,7.88245,917.45245,0.29056,0
1205,266.36124,167.88384,569.25463,12,1,0,0.25122,1.00000,6.00000,698.35089,8.08267,940.75635,0.28922,0
1206,266.17949,207.49803,530.52080,12,1,0,0.25245,1.00000,7.00000,814.74268,8.02033,933.50024,0.29427,0
1207,266.33151,246.59406,569.78296,12,1,0,0.24587,1.00000,6.08276,707.98376,8.28248,964.01312,0.29574,0
1208,266.14975,286.20825,531.04913,12,1,0,0.25190,1.00000,7.00000,814.74268,8.34169,970.90466,0.29997,0
1209,266.30177,325.30427,570.31129,12,1,0,0.25052,1.00000,6.08276,707.98376,8.27301,962.91089,0.29229,0
1210,266.27204,404.01449,570.83961,12,1,0,0.25330,1.00000,6.08276,707.98376,8.21482,956.13733,0.29139,0
1211,266.24231,482.72471,571.36794,12,1,0,0.24759,1.00000,6.00000,698.35089,8.28646,964.47559,0.28781,0
1212,266.21257,561.43493,571.89626,12,1,0,0.24372,1.00000,7.00000,814.74268,8.38296,975.70807,0.30278,0
1213,266.36459,600.53096,611.15842,12,1,0,0.24741,1.00000,6.00000,698.35089,8.42475,980.57190,0.30221,0
1214,266.18284,640.14515,572.42459,12,1,0,0.24569,1.00000,6.00000,698.35089,8.35131,972.02386,0.31770,0
1215,266.33486,679.24117,611.68675,12,1,0,0.24948,1.00000,6.00000,698.35089,8.10584,943.45306,0.29331,0
1216,266.15310,718.85537,572.95292,12,1,0,0.26007,1.00000,6.00000,698.35089,7.96208,926.72052,0.29165,0
1217,266.30513,757.95139,612.21508,8,0,0,0.00000,0.00000,0.00000,0.00000,0.00000,0.00000,0.02784,0
1218,266.57273,49.55942,607.46014,8,0,0,0.30574,0.92068,4.00000,465.56726,4.76175,554.22833,0.20378,0
1219,266.39098,89.17362,568.72631,12,1,0,0.25000,1.00000,6.00000,698.35089,7.96083,926.57520,0.29165,0
1220,266.54300,128.26964,607.98847,12,1,0,0.24827,1.00000,6.00000,698.35089,7.96983,927.62341,0.28243,0
1221,266.51326,206.97986,608.51679,12,1,0,0.25156,1.00000,6.00000,698.35089,8.13957,947.37891,0.28800,0
1222,266.48353,285.69008,609.04512,12,1,0,0.24387,1.00000,6.08276,707.98376,8.36398,973.49921,0.29126,0
1223,266.45380,364.40030,609.57344,12,1,0,0.24253,1.00000,6.00000,698.35089,8.16623,950.48236,0.29152,0
1224,266.60582,403.49632,648.83560,12,1,0,0.24347,1.00000,6.08276,707.98376,8.26893,962.43549,0.28442,0
1225,266.42406,443.11052,610.10177,12,1,0,0.24758,1.00000,6.00000,698.35089,8.24239,959.34637,0.29414,0
1226,266.57608,482.20654,649.36393,12,1,0,0.24501,1.00000,6.08276,707.98376,8.29203,965.12433,0.29274,0
1227,266.39433,521.82074,610.63010,12,1,0,0.24159,1.00000,6.08276,707.98376,8.38003,975.36719,0.30022,0
1228,266.54635,560.91676,649.89226,12,1,0,0.24674,1.00000,7.00000,814.74268,8.43994,982.33966,0.29978,0
1229,266.51662,639.62698,650.42058,12,1,0,0.24086,1.00000,7.00000,814.74268,8.47377,986.27704,0.30368,0
1230,266.48688,718.33720,650.94891,12,1,0,0.24965,1.00000,6.08276,707.98376,8.15014,948.60913,0.30682,0
1231,266.72476,88.65545,646.72230,12,1,0,0.24845,1.00000,6.16441,717.48730,8.48980,988.14374,0.28454,0
1232,266.69502,167.36567,647.25062,12,1,0,0.24640,1.00000,6.16441,717.48730,8.26522,962.00348,0.29056,0
1233,266.84704,206.46169,686.51278,12,1,0,0.25035,1.00000,6.00000,698.35089,7.91970,921.78784,0.27974,0
1234,266.66529,246.07589,647.77895,12,1,0,0.26370,1.00000,5.38516,626.78912,7.50376,873.37592,0.26688,0
1235,266.81731,285.17191,687.04111,12,1,0,0.25918,1.00000,6.00000,698.35089,8.06995,939.27600,0.28006,0
1236,266.63555,324.78610,648.30728,12,1,0,0.24724,1.00000,7.00000,814.74268,8.27583,963.23901,0.29190,0
1237,266.78758,363.88213,687.56944,12,1,0,0.24335,1.00000,7.00000,814.74268,8.33473,970.09491,0.28768,0
1238,266.75784,442.59235,688.09776,12,1,0,0.24541,1.00000,7.00000,814.74268,8.41861,979.85706,0.30304,0
1239,266.72811,521.30257,688.62609,12,1,0,0.25174,1.00000,6.00000,698.35089,8.18538,952.71082,0.28262,0
1240,266.69837,600.01278,689.15441,12,1,0,0.25000,1.00000,6.00000,698.35089,8.26965,962.51953,0.28813,0
1241,266.85040,639.10881,728.41657,12,1,0,0.24827,1.00000,6.00000,698.35089,8.45825,984.47131,0.30093,0
1242,266.66864,678.72300,689.68274,12,1,0,0.25279,1.00000,6.00000,698.35089,8.11663,944.70978,0.28902,0
1243,266.82066,717.81903,728.94490,12,1,0,0.25471,1.00000,7.00000,814.74268,8.27242,962.84155,0.30707,0
1244,266.63890,757.43322,690.21107,8,0,0,0.00000,0.00000,0.00000,0.00000,0.00000,0.00000,0.03200,0
1245,266.90651,49.04125,685.45613,8,0,0,0.31313,0.94986,3.31662,386.02798,5.10098,593.71277,0.19405,0
1246,267.05853,88.13728,724.71829,12,1,0,0.25632,1.00000,6.00000,698.35089,8.16453,950.28455,0.29139,0
1247,266.87678,127.75147,685.98446,12,1,0,0.25384,1.00000,7.00000,814.74268,8.20975,955.54718,0.29011,0
1248,267.02880,166.84750,725.24662,12,1,0,0.25155,1.00000,6.00000,698.35089,8.41214,979.10425,0.29798,0
1249,266.99907,245.55771,725.77494,12,1,0,0.24572,1.00000,6.00000,698.35089,8.35866,972.87927,0.29472,0
1250,266.96933,324.26793,726.30327,12,1,0,0.24760,1.00000,7.00000,814.74268,8.23484,958.46838,0.29312,0
1251,267.12135,363.36396,765.56543,8,0,0,0.28487,0.80447,3.00000,349.17545,3.22791,375.70193,0.17651,0
1252,266.93960,402.97815,726.83159,12,1,0,0.25280,1.00000,6.08276,707.98376,8.31383,967.66156,0.30522,0
1253,267.09162,442.07418,766.09375,8,0,0,0.29552,0.81370,2.82843,329.20575,3.50278,407.69498,0.18291,0
1254,266.90986,481.68837,727.35992,12,1,0,0.24604,1.00000,6.08276,707.98376,8.18836,953.05768,0.28346,0
1255,267.06189,520.78440,766.62208,8,0,0,0.28128,0.77624,2.23607,260.26001,2.65294,308.78064,0.17357,0
1256,266.88013,560.39859,727.88825,12,1,0,0.24552,1.00000,6.63325,772.05597,8.19327,953.63000,0.29075,0
1257,267.03215,599.49461,767.15040,8,0,0,0.28122,0.81944,2.82843,329.20575,3.47200,404.11237,0.18912,0
1258,267.00242,678.20483,767.67873,8,0,0,0.30124,0.86575,3.31662,386.02798,3.86752,450.14740,0.17990,0
1259,266.97268,756.91505,768.20706,5,0,0,0.00000,0.00000,0.00000,0.00000,0.00000,0.00000,0.02003,0
1260,267.24029,48.52308,763.45212,5,0,0,0.27974,0.60623,2.23607,260.26001,0.00000,0.00000,0.12102,0
1261,267.21056,127.23330,763.98045,8,0,0,0.31256,0.86104,3.00000,349.17545,3.95410,460.22452,0.17523,0
1262,267.18082,205.94352,764.50877,8,0,0,0.29179,0.81944,3.00000,349.17545,3.34356,389.16293,0.17158,0
1263,267.15109,284.65374,765.03710,8,0,0,0.27073,0.74451,2.00000,232.78363,2.45427,285.65674,0.17555,0
1264,303.35589,250.00983,62.73532,8,0,0,0.29054,0.83611,3.00000,349.17545,3.64085,423.76572,0.17907,0
1265,303.32616,328.72005,63.26364,8,0,0,0.26499,0.75691,2.82843,329.20575,2.67690,311.56909,0.17549,0
1266,303.29643,407.43026,63.79197,8,0,0,0.28119,0.80000,2.82843,329.20575,3.18076,370.21426,0.18598,0
1267,303.26669,486.14048,64.32029,8,0,0,0.29487,0.82597,3.00000,349.17545,3.32034,386.46002,0.17798,0
1268,303.23696,564.85070,64.84862,8,0,0,0.29292,0.83196,3.00000,349.17545,3.69865,430.49207,0.18266,0
1269,303.20722,643.56092,65.37695,8,0,0,0.28955,0.84831,3.16228,368.06323,3.67062,427.23016,0.17306,0
1270,303.35925,682.65694,104.63910,12,1,0,0.24965,1.00000,6.08276,707.98376,8.20934,955.49988,0.28813,0
1271,303.17749,722.27114,65.90527,8,0,0,0.31080,0.91690,3.60555,419.65665,4.62300,538.07935,0.18944,0
1272,303.32951,761.36716,105.16743,8,0,0,0.00000,0.00000,0.00000,0.00000,0.00000,0.00000,0.02630,0
1273,303.59712,52.97519,100.41250,8,0,0,0.30247,0.81667,2.82843,329.20575,3.58583,417.36072,0.18835,0
1274,303.41536,92.58939,61.67866,8,0,0,0.29266,0.86969,3.00000,349.17545,3.77655,439.55914,0.17888,0
1275,303.56738,131.68541,100.94082,12,1,0,0.24948,1.00000,6.00000,698.35089,7.86656,915.60352,0.28525,0
1276,303.38563,171.29961,62.20699,8,0,0,0.29179,0.84594,3.60555,419.65665,3.74702,436.12250,0.17216,0
1277,303.53765,210.39563,101.46915,12,1,0,0.24528,1.00000,6.00000,698.35089,8.09641,942.35559,0.29056,0
1278,303.50792,289.10585,101.99747,12,1,0,0.24587,1.00000,7.00000,814.74268,8.19722,954.08942,0.28390,0
1279,303.47818,367.81607,102.52580,12,1,0,0.24656,1.00000,6.63325,772.05597,8.04269,936.10333,0.27923,0
1280,303.44845,446.52629,103.05413,12,1,0,0.24593,1.00000,7.00000,814.74268,8.35569,972.53412,0.30419,0
1281,303.60047,485.62231,142.31628,12,1,0,0.24417,1.00000,7.00000,814.74268,8.26789,962.31439,0.29043,0
1282,303.41871,525.23651,103.58245,12,1,0,0.24634,1.00000,6.00000,698.35089,8.01702,933.11597,0.29286,0
1283,303.57074,564.33253,142.84461,12,1,0,0.24437,1.00000,7.00000,814.74268,8.25362,960.65393,0.29638,0
1284,303.38898,603.94673,104.11078,12,1,0,0.24725,1.00000,6.00000,698.35089,8.35980,973.01233,0.30656,0
1285,303.54100,643.04275,143.37294,12,1,0,0.25086,1.00000,6.00000,698.35089,8.33792,970.46613,0.29779,0
1286,303.51127,721.75297,143.90126,12,1,0,0.25536,1.00000,6.00000,698.35089,7.75501,902.62012,0.28269,0
1287,303.74914,92.07122,139.67465,12,1,0,0.25353,1.00000,6.00000,698.35089,7.89482,918.89203,0.28090,0
1288,303.71941,170.78144,140.20298,12,1,0,0.25599,1.00000,6.00000,698.35089,8.07008,939.29071,0.28301,0
1289,303.87143,209.87746,179.46514,12,1,0,0.24896,1.00000,6.00000,698.35089,8.24823,960.02600,0.30515,0
1290,303.68967,249.49166,140.73131,12,1,0,0.24451,1.00000,6.40312,745.27124,8.33193,969.76904,0.28422,0
1291,303.84169,288.58768,179.99346,12,1,0,0.24829,1.00000,7.00000,814.74268,8.35600,972.56964,0.29318,0
1292,303.65994,328.20187,141.25963,12,1,0,0.24948,1.00000,6.00000,698.35089,8.14989,948.58081,0.28416,0
1293,303.81196,367.29790,180.52179,12,1,0,0.24740,1.00000,6.00000,698.35089,8.14489,947.99896,0.28717,0
1294,303.63020,406.91209,141.78796,12,1,0,0.24727,1.00000,7.00000,814.74268,8.30634,966.79047,0.28749,0
1295,303.78223,446.00812,181.05012,12,1,0,0.25121,1.00000,7.00000,814.74268,8.27777,963.46503,0.28717,0
1296,303.75249,524.71834,181.57844,12,1,0,0.24774,1.00000,6.00000,698.35089,8.44610,983.05682,0.29837,0
1297,303.72276,603.42856,182.10677,12,1,0,0.24897,1.00000,7.00000,814.74268,8.20100,954.52887,0.29869,0
1298,303.87478,642.52458,221.36893,12,1,0,0.25105,1.00000,7.00000,814.74268,8.06257,938.41669,0.29491,0
1299,303.69302,682.13877,182.63509,12,1,0,0.24895,1.00000,6.63325,772.05597,7.99860,930.97101,0.28851,0
1300,303.84505,721.23480,221.89725,12,1,0,0.26106,1.00000,6.00000,698.35089,7.81446,909.53900,0.28986,0
1301,303.66329,760.84899,183.16342,8,0,0,0.00000,0.00000,0.00000,0.00000,0.00000,0.00000,0.02688,0
1302,303.93090,52.45702,178.40849,8,0,0,0.31775,0.91989,4.00000,465.56726,4.60485,535.96729,0.19846,0
1303,304.08292,91.55305,217.67064,12,1,0,0.25123,1.00000,6.00000,698.35089,7.81430,909.52094,0.28851,0
1304,303.90116,131.16724,178.93681,12,1,0,0.25453,1.00000,6.00000,698.35089,8.09367,942.03693,0.29939,0
1305,304.05318,170.26327,218.19897,12,1,0,0.25313,1.00000,6.00000,698.35089,8.03785,935.53986,0.28442,0
1306,304.02345,248.97349,218.72730,12,1,0,0.25404,1.00000,6.00000,698.35089,8.06396,938.57953,0.28083,0
1307,303.99372,327.68370,219.25562,12,1,0,0.25315,1.00000,6.00000,698.35089,8.02184,933.67639,0.27910,0
1308,303.96398,406.39392,219.78395,12,1,0,0.24760,1.00000,7.00000,814.74268,8.17445,951.43860,0.29043,0
1309,304.11600,445.48995,259.04611,12,1,0,0.24692,1.00000,7.00000,814.74268,8.25562,960.88660,0.29184,0
1310,303.93425,485.10414,220.31227,12,1,0,0.25034,1.00000,7.00000,814.74268,8.23548,958.54248,0.28704,0
1311,304.08627,524.20017,259.57443,12,1,0,0.24675,1.00000,6.16441,717.48730,8.32546,969.01501,0.28979,0
1312,303.90451,563.81436,220.84060,12,1,0,0.27071,1.00000,5.09902,593.48413,7.36823,857.60144,0.27898,0
1313,304.05654,602.91038,260.10276,12,1,0,0.25650,1.00000,6.00000,698.35089,8.17740,951.78241,0.29965,0
1314,304.02680,681.62060,260.63109,12,1,0,0.25210,1.00000,6.00000,698.35089,7.92461,922.36023,0.28326,0
1315,303.99707,760.33082,261.15941,8,0,0,0.00000,0.00000,0.00000,0.00000,0.00000,0.00000,0.02899,0
1316,304.26467,51.93885,256.40448,8,0,0,0.29324,0.82402,2.82843,329.20575,3.48865,406.05045,0.19053,0
1317,304.23494,130.64907,256.93280,12,1,0,0.25264,1.00000,6.00000,698.35089,7.88902,918.21716,0.29133,0
1318,304.20521,209.35929,257.46113,12,1,0,0.24739,1.00000,6.00000,698.35089,7.91805,921.59674,0.29254,0
1319,304.35723,248.45531,296.72329,12,1,0,0.24739,1.00000,6.00000,698.35089,7.96378,926.91895,0.28128,0
1320,304.17547,288.06951,257.98945,12,1,0,0.25509,1.00000,6.00000,698.35089,7.88983,918.31134,0.27680,0
1321,304.32749,327.16553,297.25161,12,1,0,0.24879,1.00000,7.00000,814.74268,8.12635,945.84033,0.28461,0
1322,304.14574,366.77973,258.51778,12,1,0,0.24879,1.00000,6.08276,707.98376,8.11921,945.00903,0.28397,0
1323,304.29776,405.87575,297.77994,12,1,0,0.25121,1.00000,6.00000,698.35089,8.10375,943.21008,0.28806,0
1324,304.26803,484.58597,298.30827,12,1,0,0.25553,1.00000,6.00000,698.35089,7.64067,889.31110,0.26272,0
1325,304.23829,563.29619,298.83659,12,1,0,0.25052,1.00000,6.08276,707.98376,8.37493,974.77380,0.30509,0
1326,304.20856,642.00641,299.36492,12,1,0,0.24983,1.00000,6.16441,717.48730,8.24179,959.27686,0.29171,0
1327,304.36058,681.10243,338.62708,12,1,0,0.24519,1.00000,6.00000,698.35089,8.15324,948.97021,0.29075,0
1328,304.17882,720.71663,299.89324,12,1,0,0.25457,1.00000,6.00000,698.35089,7.96823,927.43658,0.28474,0
1329,304.33085,759.81265,339.15540,8,0,0,0.00000,0.00000,0.00000,0.00000,0.00000,0.00000,0.02771,0
1330,304.59845,51.42068,334.40047,8,0,0,0.30882,0.89235,3.74166,435.49832,4.33383,504.42242,0.17318,0
1331,304.41670,91.03488,295.66663,12,1,0,0.27605,0.96657,4.00000,465.56726,5.75000,669.25293,0.24192,0
1332,304.56872,130.13090,334.92879,12,1,0,0.25388,1.00000,6.08276,707.98376,7.68842,894.86871,0.28934,0
1333,304.38696,169.74510,296.19496,12,1,0,0.24673,1.00000,6.00000,698.35089,8.06904,939.17072,0.28538,0
1334,304.53898,208.84112,335.45712,12,1,0,0.25123,1.00000,6.00000,698.35089,7.81325,909.39795,0.28179,0
1335,304.50925,287.55134,335.98545,12,1,0,0.25616,1.00000,6.00000,698.35089,7.72705,899.36542,0.27501,0
1336,304.47952,366.26156,336.51377,12,1,0,0.25124,1.00000,6.00000,698.35089,7.82417,910.66992,0.27904,0
1337,304.44978,444.97178,337.04210,12,1,0,0.24707,1.00000,6.08276,707.98376,8.17676,951.70844,0.29050,0
1338,304.60180,484.06780,376.30426,12,1,0,0.24554,1.00000,7.00000,814.74268,8.17425,951.41589,0.29530,0
1339,304.42005,523.68200,337.57042,12,1,0,0.24582,1.00000,6.00000,698.35089,8.21169,955.77350,0.28762,0
1340,304.57207,562.77802,376.83258,12,1,0,0.24535,1.00000,6.00000,698.35089,8.27031,962.59668,0.28602,0
1341,304.39031,602.39221,338.09875,12,1,0,0.24352,1.00000,7.00000,814.74268,8.25000,960.23248,0.29882,0
1342,304.54234,641.48824,377.36091,12,1,0,0.24011,1.00000,6.00000,698.35089,8.03044,934.67731,0.28435,0
1343,304.51260,720.19846,377.88923,12,1,0,0.25211,1.00000,6.00000,698.35089,7.82877,911.20465,0.28602,0
1344,304.75047,90.51671,373.66263,12,1,0,0.24895,1.00000,6.08276,707.98376,7.90938,920.58752,0.28422,0
1345,304.72074,169.22693,374.19095,12,1,0,0.25565,1.00000,6.00000,698.35089,7.90641,920.24188,0.27526,0
1346,304.87276,208.32295,413.45311,12,1,0,0.25888,1.00000,6.00000,698.35089,7.44102,866.07343,0.27610,0
1347,304.69101,247.93714,374.71928,12,1,0,0.24723,1.00000,6.00000,698.35089,8.04401,936.25714,0.28486,0
1348,304.84303,287.03317,413.98144,12,1,0,0.25547,1.00000,6.00000,698.35089,7.84248,912.79999,0.29555,0
1349,304.66127,326.64736,375.24760,12,1,0,0.24640,1.00000,6.08276,707.98376,8.15149,948.76709,0.28307,0
1350,304.81329,365.74339,414.50976,12,1,0,0.24584,1.00000,6.00000,698.35089,7.92992,922.97742,0.29382,0
1351,304.63154,405.35758,375.77593,12,1,0,0.24826,1.00000,6.16441,717.48730,7.96800,927.40967,0.28237,0
1352,304.78356,444.45361,415.03809,12,1,0,0.25749,1.00000,6.00000,698.35089,7.49791,872.69543,0.27238,0
1353,304.75383,523.16383,415.56641,12,1,0,0.24705,1.00000,6.00000,698.35089,7.94992,925.30560,0.28288,0
1354,304.72409,601.87404,416.09474,12,1,0,0.24966,1.00000,6.08276,707.98376,8.07341,939.67883,0.28416,0
1355,304.69436,680.58426,416.62307,12,1,0,0.26737,0.99718,5.09902,593.48413,6.95862,809.92682,0.26317,0
1356,304.84638,719.68029,455.88522,12,1,0,0.25636,1.00000,6.00000,698.35089,7.71855,898.37659,0.27974,0
1357,304.66462,759.29448,417.15139,8,0,0,0.00000,0.00000,0.00000,0.00000,0.00000,0.00000,0.02797,0
1358,304.93223,50.90251,412.39646,8,0,0,0.30138,0.84488,3.00000,349.17545,3.93970,458.54916,0.19213,0
1359,305.08425,89.99854,451.65862,12,1,0,0.25282,1.00000,6.00000,698.35089,7.80697,908.66791,0.28877,0
1360,304.90250,129.61273,412.92478,12,1,0,0.25333,1.00000,6.92820,806.38611,7.74649,901.62756,0.27968,0
1361,305.05452,168.70875,452.18694,12,1,0,0.25889,1.00000,6.00000,698.35089,7.81670,909.79999,0.28678,0
1362,305.02478,247.41897,452.71527,12,1,0,0.24774,1.00000,6.00000,698.35089,8.01544,932.93170,0.28800,0
1363,304.99505,326.12919,453.24359,12,1,0,0.25086,1.00000,7.00000,814.74268,8.16300,950.10620,0.28634,0
1364,304.96532,404.83941,453.77192,12,1,0,0.25489,1.00000,6.00000,698.35089,7.95797,926.24304,0.28339,0
1365,305.11734,443.93544,493.03408,12,1,0,0.25847,1.00000,6.00000,698.35089,8.14338,947.82245,0.29094,0
1366,304.93558,483.54963,454.30025,12,1,0,0.24553,1.00000,7.00000,814.74268,8.32547,969.01709,0.29510,0
1367,305.08760,522.64565,493.56240,12,1,0,0.24965,1.00000,6.08276,707.98376,8.16281,950.08411,0.28973,0
1368,304.90585,562.25985,454.82857,12,1,0,0.25191,1.00000,7.00000,814.74268,8.21561,956.22980,0.29786,0
1369,305.05787,601.35587,494.09073,12,1,0,0.24983,1.00000,6.32456,736.12646,8.08560,941.09753,0.29766,0
1370,304.87611,640.97007,455.35690,12,1,0,0.25260,1.00000,6.00000,698.35089,8.08426,940.94122,0.29990,0
1371,305.02814,680.06609,494.61906,12,1,0,0.25035,1.00000,6.00000,698.35089,8.04686,936.58826,0.28346,0
1372,304.99840,758.77631,495.14738,8,0,0,0.00000,0.00000,0.00000,0.00000,0.00000,0.00000,0.02650,0
1373,305.26601,50.38434,490.39245,8,0,0,0.29862,0.84916,3.60555,419.65665,3.91217,455.34460,0.18605,0
1374,305.23628,129.09456,490.92077,12,1,0,0.25401,1.00000,6.40312,745.27124,7.81190,909.24152,0.28000,0
1375,305.20654,207.80478,491.44910,12,1,0,0.25018,1.00000,6.00000,698.35089,7.82659,910.95142,0.28371,0
1376,305.35856,246.90080,530.71126,12,1,0,0.24622,1.00000,7.00000,814.74268,8.30523,966.66125,0.29997,0
1377,305.17681,286.51500,491.97743,12,1,0,0.25122,1.00000,7.00000,814.74268,7.88095,917.27838,0.28378,0
1378,305.32883,325.61102,531.23958,12,1,0,0.25105,1.00000,6.00000,698.35089,7.90138,919.65637,0.28704,0
1379,305.14707,365.22522,492.50575,12,1,0,0.25088,1.00000,6.08276,707.98376,7.87679,916.79352,0.28493,0
1380,305.29910,404.32124,531.76791,12,1,0,0.24845,1.00000,6.16441,717.48730,8.20274,954.73145,0.29171,0
1381,305.26936,483.03146,532.29624,12,1,0,0.24810,1.00000,6.16441,717.48730,8.19326,953.62811,0.28838,0
1382,305.23963,561.74168,532.82456,12,1,0,0.25312,1.00000,7.00000,814.74268,8.21439,956.08716,0.29504,0
1383,305.20989,640.45190,533.35289,12,1,0,0.24791,1.00000,6.00000,698.35089,8.17337,951.31305,0.30042,0
1384,305.36192,679.54792,572.61505,12,1,0,0.24565,1.00000,7.00000,814.74268,7.99886,931.00220,0.27821,0
1385,305.18016,719.16212,533.88122,12,1,0,0.25847,1.00000,6.00000,698.35089,7.85529,914.29126,0.28954,0
1386,305.33218,758.25814,573.14337,8,0,0,0.00000,0.00000,0.00000,0.00000,0.00000,0.00000,0.02950,0
1387,305.59979,49.86617,568.38844,8,0,0,0.30469,0.87395,3.16228,368.06323,3.96167,461.10626,0.18957,0
1388,305.41803,89.48037,529.65461,12,1,0,0.24858,1.00000,6.00000,698.35089,7.84861,913.51343,0.28077,0
1389,305.57005,128.57639,568.91676,12,1,0,0.25070,1.00000,6.63325,772.05597,7.76423,903.69238,0.27718,0
1390,305.38830,168.19058,530.18293,12,1,0,0.24965,1.00000,6.00000,698.35089,8.00562,931.78876,0.29587,0
1391,305.54032,207.28661,569.44509,12,1,0,0.24736,1.00000,6.00000,698.35089,7.91806,921.59772,0.28000,0
1392,305.51059,285.99683,569.97342,12,1,0,0.25295,1.00000,6.00000,698.35089,8.12924,946.17645,0.29056,0
1393,305.48085,364.70705,570.50174,12,1,0,0.24461,1.00000,6.00000,698.35089,8.19646,954.00031,0.29018,0
1394,305.45112,443.41727,571.03007,12,1,0,0.24728,1.00000,6.00000,698.35089,8.09130,941.76166,0.28902,0
1395,305.60314,482.51329,610.29223,12,1,0,0.24211,1.00000,6.00000,698.35089,8.30332,966.43872,0.29786,0
1396,305.42138,522.12748,571.55840,12,1,0,0.25105,1.00000,6.00000,698.35089,8.05174,937.15649,0.28954,0
1397,305.57341,561.22351,610.82055,12,1,0,0.24415,1.00000,6.40312,745.27124,8.10762,943.66089,0.28538,0
1398,305.39165,600.83770,572.08672,12,1,0,0.25017,1.00000,7.00000,814.74268,8.18396,952.54596,0.29069,0
1399,305.54367,639.93373,611.34888,12,1,0,0.25035,1.00000,6.00000,698.35089,8.12621,945.82458,0.29402,0
1400,305.51394,718.64395,611.87721,12,1,0,0.25461,1.00000,6.00000,698.35089,7.84597,913.20618,0.28922,0
1401,305.75181,88.96220,607.65060,12,1,0,0.25210,1.00000,6.00000,698.35089,8.02924,934.53754,0.27680,0
1402,305.72208,167.67241,608.17892,12,1,0,0.24828,1.00000,6.08276,707.98376,8.27927,963.63959,0.28704,0
1403,305.87410,206.76844,647.44108,12,1,0,0.24843,1.00000,6.00000,698.35089,8.17620,951.64319,0.29472,0
1404,305.69234,246.38263,608.70725,12,1,0,0.26274,1.00000,5.83095,678.67505,7.55852,879.75000,0.25798,0
1405,305.84436,285.47866,647.96941,12,1,0,0.25894,1.00000,5.47723,637.50427,7.86462,915.37762,0.27424,0
1406,305.66261,325.09285,609.23558,12,1,0,0.24708,1.00000,6.63325,772.05597,8.24950,960.17444,0.29293,0
1407,305.81463,364.18888,648.49773,12,1,0,0.24347,1.00000,6.08276,707.98376,8.14642,948.17621,0.28710,0
1408,305.63287,403.80307,609.76390,12,1,0,0.24553,1.00000,6.00000,698.35089,8.19792,954.17090,0.28294,0
1409,305.78490,442.89909,649.02606,12,1,0,0.25417,1.00000,6.00000,698.35089,8.24087,959.17010,0.27789,0
1410,305.75516,521.60931,649.55439,12,1,0,0.24228,1.00000,6.08276,707.98376,8.38584,976.04340,0.29741,0
1411,305.72543,600.31953,650.08271,12,1,0,0.24385,1.00000,6.00000,698.35089,8.30119,966.19104,0.29728,0
1412,305.69569,679.02975,650.61104,12,1,0,0.25000,1.00000,6.00000,698.35089,8.08691,941.24963,0.29069,0
1413,305.84772,718.12578,689.87320,12,1,0,0.25630,1.00000,6.00000,698.35089,7.97152,927.81964,0.29414,0
1414,305.66596,757.73997,651.13936,8,0,0,0.00000,0.00000,0.00000,0.00000,0.00000,0.00000,0.02739,0
1415,305.93357,49.34800,646.38443,8,0,0,0.31193,0.96100,4.24264,493.80862,5.35090,622.80066,0.18758,0
1416,306.08559,88.44402,685.64659,12,1,0,0.27489,1.00000,5.00000,581.95911,6.82801,794.72430,0.19290,0
1417,305.90383,128.05822,646.91276,12,1,0,0.25489,1.00000,6.08276,707.98376,8.20747,955.28180,0.29434,0
1418,306.05585,167.15424,686.17491,12,1,0,0.25381,1.00000,6.08276,707.98376,8.20360,954.83197,0.26464,0
1419,306.02612,245.86446,686.70324,12,1,0,0.25330,1.00000,6.08276,707.98376,8.04345,936.19122,0.27629,0
1420,305.99639,324.57468,687.23157,12,1,0,0.24607,1.00000,7.00000,814.74268,8.16849,950.74542,0.27501,0
1421,305.96665,403.28490,687.75989,12,1,0,0.24897,1.00000,7.00000,814.74268,8.31539,967.84363,0.29517,0
1422,306.11867,442.38092,727.02205,12,1,0,0.24931,1.00000,6.08276,707.98376,8.16777,950.66174,0.29088,0
1423,305.93692,481.99512,688.28822,12,1,0,0.25400,1.00000,6.08276,707.98376,8.25637,960.97339,0.29254,0
1424,306.08894,521.09114,727.55038,12,1,0,0.25333,1.00000,6.16441,717.48730,7.89813,919.27747,0.28896,0
1425,305.90718,560.70534,688.81654,12,1,0,0.24812,1.00000,6.08276,707.98376,8.42269,980.33264,0.29984,0
1426,306.05921,599.80136,728.07870,12,1,0,0.25069,1.00000,6.40312,745.27124,8.25174,960.43451,0.29338,0
1427,305.87745,639.41556,689.34487,12,1,0,0.24673,1.00000,6.00000,698.35089,8.22099,956.85596,0.29037,0
1428,306.02947,678.51158,728.60703,12,1,0,0.25295,1.00000,6.00000,698.35089,8.08749,941.31720,0.28326,0
1429,305.99974,757.22180,729.13535,8,0,0,0.00000,0.00000,0.00000,0.00000,0.00000,0.00000,0.02771,0
1430,306.26734,48.82983,724.38042,8,0,0,0.29596,1.00000,5.09902,593.48413,6.30543,733.90021,0.18323,0
1431,306.23761,127.54005,724.90875,12,1,0,0.25316,1.00000,6.00000,698.35089,7.86582,915.51758,0.27405,0
1432,306.20788,206.25027,725.43707,12,1,0,0.24466,1.00000,7.00000,814.74268,8.19299,953.59698,0.27622,0
1433,306.35990,245.34629,764.69923,8,0,0,0.27597,0.75278,3.00000,349.17545,2.87462,334.58270,0.17446,0
1434,306.17814,284.96049,725.96540,12,1,0,0.25262,1.00000,7.00000,814.74268,8.12763,945.98944,0.28269,0
1435,306.33016,324.05651,765.22756,8,0,0,0.27607,0.77222,2.00000,232.78363,2.11250,245.87770,0.17664,0
1436,306.14841,363.67071,726.49372,12,1,0,0.24587,1.00000,6.08276,707.98376,8.09067,941.68762,0.28813,0
1437,306.30043,402.76673,765.75588,8,0,0,0.27925,0.78670,3.00000,349.17545,2.85000,331.71667,0.17901,0
1438,306.27070,481.47695,766.28421,8,0,0,0.29212,0.81844,3.00000,349.17545,3.53493,411.43674,0.18630,0
1439,306.24096,560.18717,766.81253,8,0,0,0.27914,0.78082,3.00000,349.17545,2.80714,326.72845,0.17562,0
1440,306.21123,638.89739,767.34086,8,0,0,0.28461,0.81440,3.00000,349.17545,3.47025,403.90826,0.18298,0
1441,306.18149,717.60760,767.86919,8,0,0,0.29859,0.88579,4.00000,465.56726,4.25320,495.03790,0.18470,0
1442,306.41937,87.92585,763.64258,8,0,0,0.28616,0.76471,3.00000,349.17545,2.89405,336.84387,0.16538,0
1443,306.38963,166.63607,764.17090,8,0,0,0.27583,0.75000,2.23607,260.26001,2.45312,285.52368,0.16173,0
1444,342.35657,761.67391,66.09573,5,0,0,0.00000,0.00000,0.00000,0.00000,0.00000,0.00000,0.01741,0
1445,342.62417,53.28194,61.34079,5,0,0,0.32412,0.71866,2.82843,329.20575,3.36474,391.62793,0.11443,0
1446,342.59444,131.99216,61.86912,8,0,0,0.29612,0.85989,3.00000,349.17545,3.93144,457.58749,0.17056,0
1447,342.56470,210.70238,62.39745,8,0,0,0.27643,0.80508,3.00000,349.17545,2.98845,347.83124,0.17626,0
1448,342.53497,289.41260,62.92577,8,0,0,0.28068,0.77072,2.23607,260.26001,2.66923,310.67661,0.17517,0
1449,342.50524,368.12282,63.45410,8,0,0,0.28274,0.79609,3.00000,349.17545,3.27319,380.97256,0.18400,0
1450,342.47550,446.83304,63.98242,8,0,0,0.26610,0.77839,2.00000,232.78363,2.42778,282.57346,0.18317,0
1451,342.44577,525.54325,64.51075,8,0,0,0.28062,0.80833,3.00000,349.17545,2.98962,347.96759,0.18144,0
1452,342.59779,564.63928,103.77291,12,1,0,0.24484,1.00000,6.08276,707.98376,8.30624,966.77814,0.30675,0
1453,342.41603,604.25347,65.03908,8,0,0,0.29561,0.84401,3.00000,349.17545,3.82228,444.88242,0.17715,0
1454,342.56806,643.34950,104.30123,12,1,0,0.24535,1.00000,6.08276,707.98376,8.60566,1001.62854,0.31456,0
1455,342.38630,682.96369,65.56740,8,0,0,0.29328,0.86111,3.00000,349.17545,3.88138,451.76120,0.17933,0
1456,342.53832,722.05972,104.82956,12,1,0,0.24913,1.00000,6.00000,698.35089,8.12968,946.22815,0.30112,0
1457,342.77619,92.37797,100.60295,12,1,0,0.24483,1.00000,6.00000,698.35089,8.22698,957.55292,0.30042,0
1458,342.74646,171.08818,101.13128,12,1,0,0.25242,1.00000,6.00000,698.35089,8.38656,976.12689,0.29971,0
1459,342.71673,249.79840,101.65960,12,1,0,0.24810,1.00000,6.16441,717.48730,8.38625,976.09094,0.28998,0
1460,342.86875,288.89443,140.92176,12,1,0,0.25772,1.00000,6.16441,717.48730,8.03384,935.07300,0.29069,0
1461,342.68699,328.50862,102.18793,12,1,0,0.24548,1.00000,6.00000,698.35089,8.04467,936.33356,0.29094,0
1462,342.83901,367.60465,141.45009,12,1,0,0.24483,1.00000,6.00000,698.35089,7.98445,929.32465,0.27648,0
1463,342.65726,407.21884,102.71626,12,1,0,0.24896,1.00000,7.00000,814.74268,8.11575,944.60669,0.29370,0
1464,342.80928,446.31487,141.97841,12,1,0,0.24983,1.00000,6.08276,707.98376,8.38836,976.33600,0.29786,0
1465,342.62752,485.92906,103.24458,12,1,0,0.24573,1.00000,6.08276,707.98376,8.31833,968.18597,0.30118,0
1466,342.77955,525.02508,142.50674,12,1,0,0.24827,1.00000,6.00000,698.35089,8.11895,944.97968,0.28998,0
1467,342.74981,603.73530,143.03507,12,1,0,0.25138,1.00000,6.00000,698.35089,8.20870,955.42542,0.29120,0
1468,342.72008,682.44552,143.56339,12,1,0,0.24930,1.00000,6.08276,707.98376,7.96627,927.20892,0.27763,0
1469,342.87210,721.54155,182.82555,12,1,0,0.25140,1.00000,6.00000,698.35089,8.07716,940.11499,0.29946,0
1470,342.69034,761.15574,144.09172,8,0,0,0.00000,0.00000,0.00000,0.00000,0.00000,0.00000,0.02835,0
1471,342.95795,52.76377,139.33678,8,0,0,0.29467,0.78333,2.82843,329.20575,3.17433,369.46609,0.18490,0
1472,343.10997,91.85980,178.59894,12,1,0,0.24655,1.00000,6.08276,707.98376,8.28067,963.80176,0.30208,0
1473,342.92822,131.47399,139.86511,12,1,0,0.25533,1.00000,6.00000,698.35089,7.59089,883.51801,0.26253,0
1474,343.08024,170.57001,179.12727,12,1,0,0.24759,1.00000,6.00000,698.35089,8.32293,968.72052,0.30342,0
1475,342.89848,210.18421,140.39344,12,1,0,0.24983,1.00000,6.00000,698.35089,8.11920,945.00793,0.28589,0
1476,343.05050,249.28023,179.65559,12,1,0,0.24691,1.00000,6.00000,698.35089,8.41652,979.61407,0.29658,0
1477,343.02077,327.99045,180.18392,12,1,0,0.26782,0.99443,4.24264,493.80862,7.27604,846.87115,0.26272,0
1478,342.99104,406.70067,180.71225,12,1,0,0.24897,1.00000,7.00000,814.74268,8.26277,961.71844,0.28941,0
1479,342.96130,485.41089,181.24057,12,1,0,0.24777,1.00000,7.00000,814.74268,8.42405,980.49017,0.30579,0
1480,343.11332,524.50691,220.50273,12,1,0,0.25086,1.00000,7.00000,814.74268,8.25719,961.06964,0.28755,0
1481,342.93157,564.12111,181.76890,12,1,0,0.25207,1.00000,7.00000,814.74268,8.52996,992.81702,0.30214,0
1482,343.08359,603.21713,221.03106,12,1,0,0.25208,1.00000,6.00000,698.35089,8.27753,963.43713,0.30234,0
1483,342.90183,642.83133,182.29723,12,1,0,0.25069,1.00000,6.00000,698.35089,8.42743,980.88342,0.31354,0
1484,343.05386,681.92735,221.55938,12,1,0,0.25070,1.00000,6.00000,698.35089,7.96593,927.16919,0.28333,0
1485,343.02412,760.63757,222.08771,8,0,0,0.00000,0.00000,0.00000,0.00000,0.00000,0.00000,0.02714,0
1486,343.29173,52.24560,217.33277,8,0,0,0.31262,0.90331,4.00000,465.56726,4.46396,519.56885,0.19981,0
1487,343.26199,130.95582,217.86110,12,1,0,0.25471,1.00000,6.00000,698.35089,8.12468,945.64600,0.29024,0
1488,343.23226,209.66604,218.38943,12,1,0,0.24930,1.00000,6.00000,698.35089,8.17135,951.07806,0.29510,0
1489,343.20253,288.37626,218.91775,12,1,0,0.24812,1.00000,6.00000,698.35089,8.35204,972.10944,0.29254,0
1490,343.35455,327.47228,258.17991,12,1,0,0.24567,1.00000,6.00000,698.35089,8.13829,947.23016,0.28422,0
1491,343.17279,367.08648,219.44608,12,1,0,0.24844,1.00000,6.00000,698.35089,8.29841,965.86694,0.28960,0
1492,343.32481,406.18250,258.70824,12,1,0,0.24948,1.00000,6.08276,707.98376,8.27724,963.40338,0.29152,0
1493,343.14306,445.79669,219.97441,12,1,0,0.25433,1.00000,7.00000,814.74268,8.36182,973.24707,0.30067,0
1494,343.29508,484.89272,259.23656,12,1,0,0.25121,1.00000,7.00000,814.74268,8.37635,974.93854,0.29434,0
1495,343.26535,563.60294,259.76489,12,1,0,0.24298,1.00000,6.00000,698.35089,8.44098,982.46088,0.30355,0
1496,343.23561,642.31316,260.29322,12,1,0,0.25070,1.00000,6.00000,698.35089,8.25434,960.73706,0.30330,0
1497,343.20588,721.02338,260.82154,12,1,0,0.26062,1.00000,6.00000,698.35089,7.95778,926.22034,0.28288,0
1498,343.35790,760.11940,300.08370,8,0,0,0.00000,0.00000,0.00000,0.00000,0.00000,0.00000,0.02931,0
1499,343.44375,91.34162,256.59493,12,1,0,0.25580,1.00000,5.83095,678.67505,7.56667,880.69836,0.26234,0
1500,343.59577,130.43765,295.85709,12,1,0,0.26970,1.00000,5.00000,581.95911,6.98084,812.51294,0.26867,0
1501,343.41402,170.05184,257.12326,12,1,0,0.25035,1.00000,6.00000,698.35089,8.01774,933.19958,0.27891,0
1502,343.56604,209.14787,296.38542,12,1,0,0.24655,1.00000,6.00000,698.35089,8.03831,935.59381,0.29555,0
1503,343.38428,248.76206,257.65159,12,1,0,0.24774,1.00000,6.08276,707.98376,8.19189,953.46869,0.29850,0
1504,343.53630,287.85809,296.91374,12,1,0,0.24861,1.00000,6.08276,707.98376,8.02536,934.08643,0.29446,0
1505,343.50657,366.56831,297.44207,12,1,0,0.24930,1.00000,6.00000,698.35089,7.98694,929.61499,0.29248,0
1506,343.47684,445.27852,297.97040,12,1,0,0.24087,1.00000,7.00000,814.74268,8.33747,970.41339,0.30061,0
1507,343.44710,523.98874,298.49872,12,1,0,0.25034,1.00000,6.08276,707.98376,8.47036,985.88031,0.30061,0
1508,343.59912,563.08477,337.76088,12,1,0,0.24863,1.00000,6.00000,698.35089,8.14273,947.74664,0.28730,0
1509,343.41737,602.69896,299.02705,12,1,0,0.24469,1.00000,6.08276,707.98376,8.20032,954.45062,0.29210,0
1510,343.56939,641.79499,338.28921,12,1,0,0.24501,1.00000,6.40312,745.27124,8.05344,937.35474,0.28762,0
1511,343.38763,681.40918,299.55537,12,1,0,0.24389,1.00000,6.00000,698.35089,8.10723,943.61523,0.29491,0
1512,343.53966,720.50521,338.81753,12,1,0,0.25035,1.00000,6.00000,698.35089,8.00831,932.10211,0.28934,0
1513,343.62551,51.72743,295.32877,8,0,0,0.30665,0.94722,4.00000,465.56726,5.08460,591.80640,0.19283,0
1514,343.77753,90.82345,334.59092,12,1,0,0.27119,0.98876,4.24264,493.80862,6.65743,774.87030,0.24416,0
1515,343.74780,169.53367,335.11925,12,1,0,0.24605,1.00000,7.00000,814.74268,7.94495,924.72675,0.27155,0
1516,343.71806,248.24389,335.64758,12,1,0,0.25245,1.00000,6.00000,698.35089,7.93909,924.04517,0.28333,0
1517,343.87008,287.33992,374.90973,12,1,0,0.25035,1.00000,7.00000,814.74268,8.15955,949.70526,0.30099,0
1518,343.68833,326.95411,336.17590,12,1,0,0.25173,1.00000,6.63325,772.05597,7.98623,929.53131,0.28038,0
1519,343.84035,366.05014,375.43806,12,1,0,0.27141,0.98066,4.24264,493.80862,6.76250,787.09912,0.25779,0
1520,343.65859,405.66433,336.70423,12,1,0,0.25349,1.00000,6.08276,707.98376,8.01207,932.53967,0.27526,0
1521,343.81062,444.76035,375.96639,12,1,0,0.25381,1.00000,7.00000,814.74268,8.30464,966.59222,0.29626,0
1522,343.62886,484.37455,337.23255,12,1,0,0.24420,1.00000,7.00000,814.74268,8.41012,978.86938,0.29939,0
1523,343.78088,523.47057,376.49471,12,1,0,0.24620,1.00000,6.00000,698.35089,8.54444,994.50256,0.30944,0
1524,343.75115,602.18079,377.02304,12,1,0,0.25311,1.00000,6.08276,707.98376,8.21269,955.89008,0.29619,0
1525,343.72141,680.89101,377.55136,12,1,0,0.25052,1.00000,6.00000,698.35089,8.08531,941.06421,0.28877,0
1526,343.87344,719.98703,416.81352,12,1,0,0.26136,1.00000,6.00000,698.35089,7.74359,901.29010,0.26675,0
1527,343.69168,759.60123,378.07969,8,0,0,0.00000,0.00000,0.00000,0.00000,0.00000,0.00000,0.02586,0
1528,343.95929,51.20926,373.32476,8,0,0,0.31300,0.98333,4.58258,533.37433,5.43172,632.20721,0.17427,0
1529,344.11131,90.30528,412.58691,12,1,0,0.25426,1.00000,6.00000,698.35089,7.51309,874.46185,0.22861,0
1530,343.92955,129.91948,373.85308,12,1,0,0.25793,1.00000,6.00000,698.35089,7.81439,909.53107,0.28493,0
1531,344.08157,169.01550,413.11524,12,1,0,0.25666,1.00000,7.00000,814.74268,8.05736,937.81030,0.29088,0
1532,343.89982,208.62970,374.38141,12,1,0,0.24792,1.00000,6.08276,707.98376,8.08486,941.01160,0.29088,0
1533,344.05184,247.72572,413.64357,12,1,0,0.24930,1.00000,6.00000,698.35089,7.91370,921.08960,0.28109,0
1534,344.02211,326.43594,414.17189,12,1,0,0.25514,1.00000,6.00000,698.35089,7.64119,889.37177,0.25587,0
1535,343.99237,405.14616,414.70022,12,1,0,0.24983,1.00000,6.00000,698.35089,7.99348,930.37518,0.26803,0
1536,343.96264,483.85638,415.22854,12,1,0,0.27829,1.00000,5.00000,581.95911,6.97754,812.12903,0.23808,0
1537,344.11466,522.95240,454.49070,12,1,0,0.25035,1.00000,6.00000,698.35089,8.29925,965.96429,0.30304,0
1538,343.93290,562.56660,415.75687,12,1,0,0.24810,1.00000,6.00000,698.35089,8.08450,940.96997,0.28058,0
1539,344.08493,601.66262,455.01903,12,1,0,0.25122,1.00000,6.63325,772.05597,8.26417,961.88214,0.30266,0
1540,343.90317,641.27682,416.28520,12,1,0,0.25751,1.00000,6.00000,698.35089,7.67461,893.26178,0.27078,0
1541,344.05519,680.37284,455.54735,12,1,0,0.25139,1.00000,6.00000,698.35089,8.03723,935.46729,0.29363,0
1542,344.02546,759.08306,456.07568,8,0,0,0.00000,0.00000,0.00000,0.00000,0.00000,0.00000,0.02662,0
1543,344.29306,50.69109,451.32075,8,0,0,0.31594,0.93388,4.00000,465.56726,4.82828,561.97229,0.20525,0
1544,344.26333,129.40131,451.84907,12,1,0,0.25175,1.00000,6.00000,698.35089,7.71118,897.51801,0.27309,0
1545,344.23360,208.11153,452.37740,12,1,0,0.25052,1.00000,6.00000,698.35089,7.91448,921.18121,0.29120,0
1546,344.20386,286.82175,452.90572,12,1,0,0.25593,1.00000,6.00000,698.35089,8.16626,950.48566,0.30150,0
1547,344.35588,325.91777,492.16788,12,1,0,0.25103,1.00000,7.00000,814.74268,7.89858,919.33026,0.27942,0
1548,344.17413,365.53196,453.43405,12,1,0,0.25035,1.00000,6.00000,698.35089,7.95427,925.81140,0.29222,0
1549,344.32615,404.62799,492.69621,12,1,0,0.25407,1.00000,6.00000,698.35089,7.71871,898.39502,0.26349,0
1550,344.14439,444.24218,453.96238,12,1,0,0.25437,1.00000,7.00000,814.74268,8.05509,937.54657,0.30080,0
1551,344.29642,483.33821,493.22454,12,1,0,0.26543,0.99721,5.00000,581.95911,7.28255,847.62958,0.25773,0
1552,344.26668,562.04843,493.75286,12,1,0,0.25035,1.00000,7.00000,814.74268,8.34736,971.56390,0.29760,0
1553,344.23695,640.75865,494.28119,12,1,0,0.25174,1.00000,6.00000,698.35089,8.25330,960.61652,0.30195,0
1554,344.20721,719.46886,494.80951,12,1,0,0.25000,1.00000,6.00000,698.35089,7.80642,908.60352,0.28045,0
1555,344.35924,758.56489,534.07167,8,0,0,0.00000,0.00000,0.00000,0.00000,0.00000,0.00000,0.02771,0
1556,344.44509,89.78711,490.58290,12,1,0,0.25159,1.00000,6.08276,707.98376,7.83227,911.61200,0.28173,0
1557,344.59711,128.88314,529.84506,12,1,0,0.25017,1.00000,6.00000,698.35089,7.87070,916.08459,0.28218,0
1558,344.41535,168.49733,491.11123,12,1,0,0.25000,1.00000,6.00000,698.35089,7.92169,922.02032,0.28173,0
1559,344.56737,207.59336,530.37339,12,1,0,0.24771,1.00000,6.00000,698.35089,7.92107,921.94763,0.29178,0
1560,344.38562,247.20755,491.63956,12,1,0,0.24384,1.00000,6.08276,707.98376,8.07672,940.06360,0.28134,0
1561,344.53764,286.30358,530.90172,12,1,0,0.24673,1.00000,6.08276,707.98376,8.17592,951.61035,0.30029,0
1562,344.50791,365.01379,531.43004,12,1,0,0.24863,1.00000,6.08276,707.98376,8.26299,961.74432,0.29728,0
1563,344.47817,443.72401,531.95837,12,1,0,0.24251,1.00000,7.00000,814.74268,8.31188,967.43506,0.29670,0
1564,344.44844,522.43423,532.48669,12,1,0,0.24454,1.00000,6.08276,707.98376,8.59920,1000.87653,0.31309,0
1565,344.60046,561.53026,571.74885,12,1,0,0.24114,1.00000,6.08276,707.98376,8.51365,990.91870,0.29939,0
1566,344.41870,601.14445,533.01502,12,1,0,0.25069,1.00000,6.00000,698.35089,8.29214,965.13776,0.30982,0
1567,344.57073,640.24047,572.27718,12,1,0,0.24878,1.00000,6.00000,698.35089,8.14040,947.47614,0.29677,0
1568,344.38897,679.85467,533.54335,12,1,0,0.24603,1.00000,6.08276,707.98376,8.15292,948.93256,0.28749,0
1569,344.54099,718.95069,572.80550,12,1,0,0.25104,1.00000,6.00000,698.35089,8.00326,931.51404,0.28851,0
1570,344.62684,50.17292,529.31674,8,0,0,0.30098,0.85515,3.16228,368.06323,3.98103,463.35983,0.19763,0
1571,344.77886,89.26894,568.57890,12,1,0,0.24449,1.00000,6.08276,707.98376,8.03552,935.26874,0.28755,0
1572,344.74913,167.97916,569.10722,12,1,0,0.25434,1.00000,6.00000,698.35089,8.10530,943.39001,0.28986,0
1573,344.71940,246.68938,569.63555,12,1,0,0.25087,1.00000,6.00000,698.35089,8.28364,964.14734,0.29248,0
1574,344.87142,285.78540,608.89771,12,1,0,0.25487,1.00000,6.00000,698.35089,8.08912,941.50757,0.27763,0
1575,344.68966,325.39960,570.16387,12,1,0,0.24554,1.00000,6.00000,698.35089,8.25246,960.51886,0.29120,0
1576,344.84168,364.49562,609.42603,12,1,0,0.24199,1.00000,6.08276,707.98376,8.39045,976.57990,0.29747,0
1577,344.65993,404.10982,570.69220,12,1,0,0.24535,1.00000,6.08276,707.98376,8.24947,960.17029,0.29075,0
1578,344.81195,443.20584,609.95436,12,1,0,0.25259,1.00000,7.00000,814.74268,8.30563,966.70764,0.29357,0
1579,344.63019,482.82004,571.22053,12,1,0,0.25035,1.00000,6.00000,698.35089,8.11575,944.60669,0.29677,0
1580,344.78222,521.91606,610.48268,12,1,0,0.25017,1.00000,6.00000,698.35089,8.16396,950.21820,0.28781,0
1581,344.75248,600.62628,611.01101,12,1,0,0.24863,1.00000,6.00000,698.35089,8.26523,962.00482,0.29722,0
1582,344.72275,679.33650,611.53934,12,1,0,0.24480,1.00000,6.00000,698.35089,7.99583,930.64874,0.28096,0
1583,344.87477,718.43252,650.80149,12,1,0,0.24860,1.00000,6.00000,698.35089,8.06335,938.50769,0.29030,0
1584,344.69301,758.04672,612.06766,8,0,0,0.00000,0.00000,0.00000,0.00000,0.00000,0.00000,0.02842,0
1585,344.96062,49.65475,607.31273,8,0,0,0.30719,0.91643,4.00000,465.56726,4.60383,535.84772,0.18886,0
1586,345.11264,88.75077,646.57489,12,1,0,0.26182,1.00000,5.47723,637.50427,7.53168,876.62622,0.27347,0
1587,344.93089,128.36497,607.84105,12,1,0,0.24966,1.00000,6.08276,707.98376,8.07035,939.32318,0.28160,0
1588,345.08291,167.46099,647.10321,12,1,0,0.24897,1.00000,6.00000,698.35089,8.33527,970.15686,0.29434,0
1589,344.90115,207.07519,608.36938,12,1,0,0.25035,1.00000,6.00000,698.35089,8.12613,945.81494,0.29062,0
1590,345.05317,246.17121,647.63154,12,1,0,0.25139,1.00000,6.00000,698.35089,8.14561,948.08276,0.28781,0
1591,345.02344,324.88143,648.15986,12,1,0,0.25541,1.00000,6.16441,717.48730,8.17752,951.79584,0.27853,0
1592,344.99371,403.59165,648.68819,12,1,0,0.24775,1.00000,6.00000,698.35089,8.18029,952.11926,0.27757,0
1593,344.96397,482.30187,649.21652,12,1,0,0.24793,1.00000,6.16441,717.48730,8.38872,976.37805,0.29338,0
1594,345.11599,521.39789,688.47867,12,1,0,0.24845,1.00000,6.00000,698.35089,8.29035,964.92902,0.28550,0
1595,344.93424,561.01209,649.74484,12,1,0,0.25121,1.00000,6.08276,707.98376,8.37451,974.72418,0.29619,0
1596,345.08626,600.10811,689.00700,12,1,0,0.25401,1.00000,6.16441,717.48730,8.27674,963.34515,0.28960,0
1597,344.90450,639.72230,650.27317,12,1,0,0.24776,1.00000,6.00000,698.35089,8.35296,972.21570,0.31360,0
1598,345.05653,678.81833,689.53533,12,1,0,0.24827,1.00000,7.00000,814.74268,8.16383,950.20331,0.29760,0
1599,345.02679,757.52855,690.06365,8,0,0,0.00000,0.00000,0.00000,0.00000,0.00000,0.00000,0.02720,0
1600,345.29440,49.13658,685.30872,8,0,0,0.31308,0.94708,4.12311,479.89572,5.05397,588.24017,0.19738,0
1601,345.26466,127.84680,685.83704,12,1,0,0.25315,1.00000,6.00000,698.35089,8.05719,937.79071,0.27699,0
1602,345.23493,206.55702,686.36537,12,1,0,0.24773,1.00000,6.00000,698.35089,8.11830,944.90375,0.28659,0
1603,345.20520,285.26723,686.89370,12,1,0,0.25191,1.00000,6.00000,698.35089,8.20436,954.92047,0.28506,0
1604,345.35722,324.36326,726.15585,12,1,0,0.24449,1.00000,7.00000,814.74268,8.02865,934.46893,0.27955,0
1605,345.17546,363.97745,687.42202,12,1,0,0.24965,1.00000,6.00000,698.35089,8.13804,947.20129,0.28288,0
1606,345.32748,403.07348,726.68418,12,1,0,0.25088,1.00000,6.00000,698.35089,8.02175,933.66632,0.28493,0
1607,345.14573,442.68767,687.95035,12,1,0,0.25069,1.00000,6.08276,707.98376,8.28054,963.78668,0.28986,0
1608,345.29775,481.78370,727.21251,12,1,0,0.24966,1.00000,6.32456,736.12646,8.25863,961.23724,0.29523,0
1609,345.26802,560.49391,727.74083,12,1,0,0.24724,1.00000,6.08276,707.98376,8.19349,953.65552,0.29440,0
1610,345.23828,639.20413,728.26916,12,1,0,0.25035,1.00000,6.00000,698.35089,8.54735,994.84180,0.30694,0
1611,345.20855,717.91435,728.79748,12,1,0,0.25594,1.00000,6.08276,707.98376,8.16161,949.94489,0.30458,0
1612,345.36057,757.01038,768.05964,5,0,0,0.00000,0.00000,0.00000,0.00000,0.00000,0.00000,0.01133,0
1613,345.44642,88.23260,724.57088,12,1,0,0.24449,1.00000,7.00000,814.74268,8.29239,965.16663,0.28518,0
1614,345.59844,127.32863,763.83303,8,0,0,0.25488,0.65642,2.00000,232.78363,0.00000,0.00000,0.15693,0
1615,345.41669,166.94282,725.09920,12,1,0,0.24691,1.00000,7.00000,814.74268,8.32958,969.49506,0.27270,0
1616,345.56871,206.03884,764.36136,8,0,0,0.28131,0.78393,2.23607,260.26001,2.89405,336.84387,0.18022,0
1617,345.38695,245.65304,725.62753,12,1,0,0.24757,1.00000,6.00000,698.35089,8.28320,964.09717,0.29312,0
1618,345.53897,284.74906,764.88969,8,0,0,0.26772,0.76190,2.00000,232.78363,2.65400,308.90387,0.17478,0
1619,345.50924,363.45928,765.41801,8,0,0,0.28036,0.79552,3.00000,349.17545,3.29029,382.96298,0.18445,0
1620,345.47951,442.16950,765.94634,8,0,0,0.27583,0.78830,2.23607,260.26001,3.14474,366.02161,0.18266,0
1621,345.44977,520.87972,766.47466,8,0,0,0.27655,0.76667,2.44949,285.10056,2.83735,330.24426,0.17491,0
1622,345.42004,599.58994,767.00299,8,0,0,0.27212,0.78177,2.23607,260.26001,3.13026,364.33701,0.17824,0
1623,345.39030,678.30016,767.53132,8,0,0,0.27927,0.82436,3.00000,349.17545,3.52171,409.89816,0.17715,0
1624,345.62818,48.61841,763.30471,5,0,0,0.32964,0.74860,2.82843,329.20575,3.13100,364.42322,0.11334,0
1625,381.62484,564.94603,64.70121,8,0,0,0.28885,0.84874,3.00000,349.17545,3.73236,434.41666,0.18150,0
1626,381.59511,643.65625,65.22953,8,0,0,0.29017,0.83473,3.16228,368.06323,3.57097,415.63190,0.16960,0
1627,381.56538,722.36646,65.75786,8,0,0,0.29753,0.88169,3.00000,349.17545,4.10069,477.28625,0.17792,0
1628,381.80325,92.68471,61.53125,8,0,0,0.32430,0.91243,4.00000,465.56726,4.54338,528.81244,0.16218,0
1629,381.77351,171.39493,62.05958,8,0,0,0.30414,0.89227,3.00000,349.17545,4.25325,495.04300,0.16890,0
1630,381.74378,250.10515,62.58790,8,0,0,0.28517,0.82778,3.00000,349.17545,3.53328,411.24521,0.18067,0
1631,381.71405,328.81537,63.11623,8,0,0,0.27407,0.76860,3.00000,349.17545,2.61579,304.45648,0.17242,0
1632,381.86607,367.91139,102.37839,12,1,0,0.25209,1.00000,6.00000,698.35089,7.82070,910.26501,0.27296,0
1633,381.68431,407.52559,63.64455,8,0,0,0.28667,0.83989,3.00000,349.17545,3.59741,418.70953,0.17888,0
1634,381.83633,446.62161,102.90671,12,1,0,0.24760,1.00000,6.00000,698.35089,8.11259,944.23950,0.28819,0
1635,381.65458,486.23581,64.17288,8,0,0,0.28235,0.80223,3.16228,368.06323,3.33824,388.54327,0.17773,0
1636,381.80660,525.33183,103.43504,12,1,0,0.24688,1.00000,6.00000,698.35089,8.08849,941.43408,0.29280,0
1637,381.77687,604.04205,103.96336,12,1,0,0.25245,1.00000,6.00000,698.35089,8.14847,948.41553,0.28506,0
1638,381.74713,682.75227,104.49169,12,1,0,0.24844,1.00000,6.08276,707.98376,8.12204,945.33954,0.28378,0
1639,381.71740,761.46249,105.02002,8,0,0,0.00000,0.00000,0.00000,0.00000,0.00000,0.00000,0.02701,0
1640,381.98500,53.07052,100.26508,8,0,0,0.32887,0.94247,4.58258,533.37433,4.93534,574.43311,0.18131,0
1641,381.95527,131.78074,100.79341,12,1,0,0.25791,1.00000,6.00000,698.35089,8.08811,941.38989,0.27027,0
1642,382.10729,170.87676,140.05557,12,1,0,0.25740,1.00000,6.00000,698.35089,8.03404,935.09698,0.27245,0
1643,381.92554,210.49096,101.32173,12,1,0,0.25017,1.00000,6.00000,698.35089,8.07308,939.64001,0.27840,0
1644,382.07756,249.58698,140.58389,12,1,0,0.24740,1.00000,6.00000,698.35089,8.12227,945.36627,0.28256,0
1645,381.89580,289.20118,101.85006,12,1,0,0.25207,1.00000,7.00000,814.74268,8.18271,952.40045,0.28378,0
1646,382.04782,328.29720,141.11222,12,1,0,0.25138,1.00000,6.08276,707.98376,8.18952,953.19330,0.28570,0
1647,382.01809,407.00742,141.64054,12,1,0,0.24774,1.00000,7.00000,814.74268,8.37246,974.48529,0.29837,0
1648,381.98836,485.71764,142.16887,12,1,0,0.25034,1.00000,7.00000,814.74268,8.18597,952.78027,0.29171,0
1649,381.95862,564.42786,142.69720,12,1,0,0.24553,1.00000,6.08276,707.98376,8.30502,966.63660,0.30310,0
1650,382.11064,603.52388,181.95936,12,1,0,0.24931,1.00000,6.08276,707.98376,8.16108,949.88293,0.28525,0
1651,381.92889,643.13808,143.22552,12,1,0,0.25436,1.00000,6.00000,698.35089,8.27378,963.00037,0.29350,0
1652,382.08091,682.23410,182.48768,12,1,0,0.24948,1.00000,7.00000,814.74268,8.01901,933.34674,0.28077,0
1653,381.89915,721.84829,143.75385,12,1,0,0.26127,1.00000,6.00000,698.35089,7.69638,895.79553,0.27258,0
1654,382.05118,760.94432,183.01601,8,0,0,0.00000,0.00000,0.00000,0.00000,0.00000,0.00000,0.02406,0
1655,382.31878,52.55235,178.26107,8,0,0,0.29837,0.82535,3.16228,368.06323,3.69138,429.64621,0.18976,0
1656,382.13703,92.16654,139.52724,12,1,0,0.25320,1.00000,6.00000,698.35089,7.75642,902.78418,0.27206,0
1657,382.28905,131.26257,178.78940,12,1,0,0.26598,1.00000,6.00000,698.35089,7.37401,858.27417,0.26554,0
1658,382.25932,209.97279,179.31773,12,1,0,0.25158,1.00000,6.00000,698.35089,7.83414,911.83002,0.28813,0
1659,382.22958,288.68300,179.84605,12,1,0,0.25331,1.00000,6.00000,698.35089,8.02242,933.74457,0.28525,0
1660,382.19985,367.39322,180.37438,12,1,0,0.24772,1.00000,6.00000,698.35089,8.02254,933.75854,0.27859,0
1661,382.35187,406.48925,219.63654,12,1,0,0.24195,1.00000,6.00000,698.35089,8.24378,959.50818,0.28672,0
1662,382.17011,446.10344,180.90270,12,1,0,0.25381,1.00000,6.08276,707.98376,8.20450,954.93658,0.28352,0
1663,382.32214,485.19947,220.16486,12,1,0,0.24726,1.00000,6.32456,736.12646,8.23079,957.99603,0.28723,0
1664,382.14038,524.81366,181.43103,12,1,0,0.24637,1.00000,6.00000,698.35089,8.28531,964.34271,0.29203,0
1665,382.29240,563.90969,220.69319,12,1,0,0.24809,1.00000,6.00000,698.35089,8.11793,944.86053,0.28685,0
1666,382.26267,642.61990,221.22151,12,1,0,0.24757,1.00000,6.00000,698.35089,7.98322,929.18188,0.29459,0
1667,382.23293,721.33012,221.74984,12,1,0,0.25678,1.00000,6.00000,698.35089,7.79856,907.68835,0.28186,0
1668,382.47081,91.64837,217.52323,12,1,0,0.24473,1.00000,6.08276,707.98376,7.86597,915.53503,0.28173,0
1669,382.62283,130.74440,256.78539,12,1,0,0.24655,1.00000,6.00000,698.35089,8.03244,934.90997,0.28166,0
1670,382.44107,170.35859,218.05156,12,1,0,0.24983,1.00000,6.00000,698.35089,8.03884,935.65479,0.27814,0
1671,382.59309,209.45462,257.31372,12,1,0,0.24600,1.00000,6.08276,707.98376,8.00000,931.13452,0.28602,0
1672,382.41134,249.06881,218.57988,12,1,0,0.25000,1.00000,6.00000,698.35089,8.09941,942.70496,0.27821,0
1673,382.56336,288.16483,257.84204,12,1,0,0.24930,1.00000,6.00000,698.35089,8.11372,944.37079,0.29766,0
1674,382.38160,327.77903,219.10821,12,1,0,0.26900,1.00000,5.00000,581.95911,7.17586,835.21130,0.24909,0
1675,382.53363,366.87505,258.37037,12,1,0,0.24793,1.00000,6.00000,698.35089,8.08310,940.80652,0.28678,0
1676,382.50389,445.58527,258.89869,12,1,0,0.24879,1.00000,6.00000,698.35089,8.18061,952.15601,0.28717,0
1677,382.47416,524.29549,259.42702,12,1,0,0.24295,1.00000,7.00000,814.74268,8.32182,968.59131,0.29453,0
1678,382.44442,603.00571,259.95535,12,1,0,0.25192,1.00000,6.00000,698.35089,7.92944,922.92139,0.27482,0
1679,382.59645,642.10173,299.21750,12,1,0,0.24897,1.00000,6.00000,698.35089,8.03175,934.82947,0.28544,0
1680,382.41469,681.71593,260.48367,12,1,0,0.24614,1.00000,6.00000,698.35089,7.82334,910.57239,0.27635,0
1681,382.56671,720.81195,299.74583,12,1,0,0.25018,1.00000,6.08276,707.98376,7.86940,915.93353,0.27776,0
1682,382.38496,760.42615,261.01200,8,0,0,0.00000,0.00000,0.00000,0.00000,0.00000,0.00000,0.02714,0
1683,382.65256,52.03418,256.25706,8,0,0,0.32228,0.97493,4.00000,465.56726,5.16837,601.55603,0.19142,0
1684,382.80458,91.13020,295.51922,12,1,0,0.25140,1.00000,6.00000,698.35089,7.84306,912.86847,0.25690,0
1685,382.77485,169.84042,296.04755,12,1,0,0.25652,1.00000,6.00000,698.35089,7.71262,897.68610,0.27187,0
1686,382.74512,248.55064,296.57587,12,1,0,0.24635,1.00000,6.08276,707.98376,8.04385,936.23883,0.27859,0
1687,382.71538,327.26086,297.10420,12,1,0,0.24709,1.00000,6.16441,717.48730,8.26442,961.91034,0.28704,0
1688,382.86740,366.35688,336.36636,12,1,0,0.25159,1.00000,6.00000,698.35089,7.72862,899.54791,0.27386,0
1689,382.68565,405.97108,297.63253,12,1,0,0.24775,1.00000,6.00000,698.35089,8.06039,938.16327,0.28250,0
1690,382.83767,445.06710,336.89468,12,1,0,0.25559,1.00000,6.00000,698.35089,8.04294,936.13251,0.28582,0
1691,382.65591,484.68130,298.16085,12,1,0,0.24605,1.00000,7.00000,814.74268,8.27308,962.91901,0.28749,0
1692,382.80794,523.77732,337.42301,12,1,0,0.24895,1.00000,6.00000,698.35089,7.90482,920.05688,0.27514,0
1693,382.62618,563.39152,298.68918,12,1,0,0.24688,1.00000,6.00000,698.35089,8.15302,948.94489,0.28461,0
1694,382.77820,602.48754,337.95134,12,1,0,0.24744,1.00000,6.00000,698.35089,8.14316,947.79761,0.28435,0
1695,382.74847,681.19776,338.47966,12,1,0,0.24567,1.00000,6.00000,698.35089,7.98406,929.27960,0.28557,0
1696,382.71873,759.90798,339.00799,8,0,0,0.00000,0.00000,0.00000,0.00000,0.00000,0.00000,0.02733,0
1697,382.98634,51.51601,334.25305,8,0,0,0.29909,1.00000,5.09902,593.48413,6.46317,752.26044,0.18259,0
1698,382.95661,130.22623,334.78138,12,1,0,0.25905,1.00000,6.63325,772.05597,7.68399,894.35394,0.27878,0
1699,383.10863,169.32225,374.04354,12,1,0,0.25313,1.00000,6.00000,698.35089,7.91329,921.04199,0.28595,0
1700,382.92687,208.93645,335.30971,12,1,0,0.25743,1.00000,6.00000,698.35089,7.71304,897.73456,0.28768,0
1701,383.07889,248.03247,374.57186,12,1,0,0.24913,1.00000,6.00000,698.35089,8.05943,938.05182,0.27802,0
1702,382.89714,287.64666,335.83803,12,1,0,0.25157,1.00000,6.00000,698.35089,7.84798,913.44055,0.28102,0
1703,383.04916,326.74269,375.10019,12,1,0,0.25628,1.00000,6.08276,707.98376,7.96561,927.13190,0.27309,0
1704,383.01943,405.45291,375.62852,12,1,0,0.25209,1.00000,6.00000,698.35089,8.02441,933.97577,0.27546,0
1705,382.98969,484.16313,376.15684,12,1,0,0.27390,0.98634,4.24264,493.80862,7.09180,825.42792,0.25395,0
1706,382.95996,562.87334,376.68517,12,1,0,0.25331,1.00000,6.00000,698.35089,8.16305,950.11176,0.29728,0
1707,383.11198,601.96937,415.94733,12,1,0,0.25507,1.00000,6.00000,698.35089,8.29715,965.72034,0.28410,0
1708,382.93022,641.58356,377.21349,12,1,0,0.24880,1.00000,6.08276,707.98376,8.06404,938.58813,0.28006,0
1709,383.08225,680.67959,416.47565,12,1,0,0.25000,1.00000,6.00000,698.35089,8.09507,942.19952,0.28461,0
1710,382.90049,720.29378,377.74182,12,1,0,0.25280,1.00000,6.00000,698.35089,7.91588,921.34363,0.27501,0
1711,383.05251,759.38981,417.00398,8,0,0,0.00000,0.00000,0.00000,0.00000,0.00000,0.00000,0.02848,0
1712,383.32012,50.99784,412.24904,8,0,0,0.32401,0.99171,4.47214,520.52002,5.66763,659.66565,0.17376,0
1713,383.13836,90.61203,373.51521,12,1,0,0.28431,0.96919,4.12311,479.89572,5.78385,673.19299,0.23616,0
1714,383.29038,129.70806,412.77737,12,1,0,0.25122,1.00000,6.08276,707.98376,7.92212,922.06940,0.26976,0
1715,383.26065,208.41827,413.30570,12,1,0,0.25070,1.00000,6.00000,698.35089,7.76158,903.38391,0.27430,0
1716,383.23092,287.12849,413.83402,12,1,0,0.25900,1.00000,6.08276,707.98376,7.67072,892.80890,0.26656,0
1717,383.20118,365.83871,414.36235,12,1,0,0.25371,1.00000,6.00000,698.35089,7.76222,903.45880,0.27360,0
1718,383.35320,404.93474,453.62451,12,1,0,0.25300,1.00000,6.00000,698.35089,7.75430,902.53729,0.26669,0
1719,383.17145,444.54893,414.89067,12,1,0,0.24826,1.00000,6.00000,698.35089,7.98539,929.43445,0.27859,0
1720,383.32347,483.64496,454.15283,12,1,0,0.24913,1.00000,6.16441,717.48730,8.12654,945.86230,0.28595,0
1721,383.14171,523.25915,415.41900,12,1,0,0.24861,1.00000,6.00000,698.35089,8.11516,944.53784,0.27776,0
1722,383.29374,562.35517,454.68116,12,1,0,0.24965,1.00000,6.08276,707.98376,8.22038,956.78528,0.29242,0
1723,383.26400,641.06539,455.20949,12,1,0,0.25103,1.00000,6.00000,698.35089,8.25897,961.27698,0.29427,0
1724,383.23427,719.77561,455.73781,12,1,0,0.25765,1.00000,6.00000,698.35089,7.68691,894.69318,0.27002,0
1725,383.47214,90.09386,451.51120,12,1,0,0.25493,1.00000,6.00000,698.35089,7.75352,902.44586,0.27571,0
1726,383.62416,129.18989,490.77336,12,1,0,0.25052,1.00000,6.16441,717.48730,7.75043,902.08624,0.28589,0
1727,383.44241,168.80408,452.03953,12,1,0,0.25000,1.00000,6.00000,698.35089,7.93750,923.85956,0.27610,0
1728,383.59443,207.90010,491.30169,12,1,0,0.25300,1.00000,6.00000,698.35089,7.67964,893.84668,0.28826,0
1729,383.41267,247.51430,452.56785,12,1,0,0.24703,1.00000,6.00000,698.35089,7.95828,926.27832,0.27725,0
1730,383.56469,286.61032,491.83001,12,1,0,0.24947,1.00000,6.00000,698.35089,7.71018,897.40216,0.27533,0
1731,383.38294,326.22452,453.09618,12,1,0,0.25000,1.00000,6.00000,698.35089,7.92038,921.86755,0.26675,0
1732,383.53496,365.32054,492.35834,12,1,0,0.25553,1.00000,6.00000,698.35089,7.68589,894.57471,0.27008,0
1733,383.50523,444.03076,492.88667,12,1,0,0.25590,1.00000,6.08276,707.98376,7.56229,880.18872,0.26003,0
1734,383.47549,522.74098,493.41499,12,1,0,0.24667,1.00000,6.00000,698.35089,7.93505,923.57507,0.28858,0
1735,383.44576,601.45120,493.94332,12,1,0,0.25156,1.00000,6.00000,698.35089,7.89640,919.07599,0.27418,0
1736,383.59778,640.54722,533.20548,12,1,0,0.24584,1.00000,6.08276,707.98376,8.01805,933.23499,0.28864,0
1737,383.41602,680.16142,494.47164,12,1,0,0.24739,1.00000,6.00000,698.35089,7.98829,929.77185,0.28518,0
1738,383.56805,719.25744,533.73380,12,1,0,0.25088,1.00000,6.00000,698.35089,7.90752,920.37012,0.27904,0
1739,383.38629,758.87164,494.99997,8,0,0,0.00000,0.00000,0.00000,0.00000,0.00000,0.00000,0.02867,0
1740,383.65390,50.47967,490.24503,8,0,0,0.29950,0.84551,3.16228,368.06323,3.70006,430.65643,0.19098,0
1741,383.80592,89.57569,529.50719,12,1,0,0.25000,1.00000,6.08276,707.98376,7.73750,900.58203,0.28557,0
1742,383.77618,168.28591,530.03552,12,1,0,0.26209,1.00000,5.09902,593.48413,7.47898,870.49237,0.25645,0
1743,383.74645,246.99613,530.56385,12,1,0,0.25209,1.00000,6.00000,698.35089,7.90661,920.26477,0.28454,0
1744,383.71672,325.70635,531.09217,12,1,0,0.25105,1.00000,6.00000,698.35089,7.99490,930.54089,0.28730,0
1745,383.86874,364.80237,570.35433,12,1,0,0.25070,1.00000,6.00000,698.35089,8.04042,935.83960,0.28301,0
1746,383.68698,404.41657,531.62050,12,1,0,0.25000,1.00000,6.00000,698.35089,7.82302,910.53503,0.26720,0
1747,383.83900,443.51259,570.88266,12,1,0,0.25570,1.00000,6.00000,698.35089,7.69410,895.52979,0.26093,0
1748,383.65725,483.12678,532.14882,12,1,0,0.24776,1.00000,6.00000,698.35089,8.00372,931.56708,0.28986,0
1749,383.80927,522.22281,571.41098,12,1,0,0.24535,1.00000,6.00000,698.35089,8.25078,960.32373,0.29274,0
1750,383.62751,561.83700,532.67715,12,1,0,0.24913,1.00000,7.00000,814.74268,8.01015,932.31537,0.28646,0
1751,383.77954,600.93303,571.93931,12,1,0,0.25279,1.00000,6.08276,707.98376,8.15547,949.22974,0.28154,0
1752,383.74980,679.64325,572.46763,12,1,0,0.26632,1.00000,5.65685,658.41150,7.02430,817.57141,0.24742,0
1753,383.72007,758.35347,572.99596,8,0,0,0.00000,0.00000,0.00000,0.00000,0.00000,0.00000,0.02784,0
1754,383.98767,49.96150,568.24103,8,0,0,0.31485,0.87123,3.00000,349.17545,4.08368,475.30716,0.19456,0
1755,383.95794,128.67171,568.76935,12,1,0,0.24965,1.00000,7.00000,814.74268,8.00465,931.67633,0.27763,0
1756,384.10996,167.76774,608.03151,12,1,0,0.25400,1.00000,6.00000,698.35089,8.05543,937.58649,0.26803,0
1757,383.92821,207.38193,569.29768,12,1,0,0.27314,1.00000,5.38516,626.78912,6.88640,801.52039,0.25050,0
1758,384.08023,246.47796,608.55984,12,1,0,0.24880,1.00000,6.08276,707.98376,8.09079,941.70203,0.27712,0
1759,383.89847,286.09215,569.82600,12,1,0,0.25557,1.00000,7.00000,814.74268,8.09178,941.81659,0.28243,0
1760,384.05049,325.18818,609.08816,12,1,0,0.25157,1.00000,6.00000,698.35089,8.07353,939.69318,0.27674,0
1761,384.02076,403.89840,609.61649,12,1,0,0.25226,1.00000,6.63325,772.05597,8.09198,941.83990,0.27923,0
1762,383.99103,482.60861,610.14481,12,1,0,0.25052,1.00000,6.00000,698.35089,8.17507,951.51166,0.29229,0
1763,383.96129,561.31883,610.67314,12,1,0,0.24845,1.00000,6.00000,698.35089,8.15762,949.48035,0.29286,0
1764,384.11331,600.41486,649.93530,12,1,0,0.24828,1.00000,6.08276,707.98376,8.14354,947.84180,0.29082,0
1765,383.93156,640.02905,611.20147,12,1,0,0.26006,1.00000,6.00000,698.35089,7.54517,878.19562,0.26893,0
1766,384.08358,679.12508,650.46362,12,1,0,0.27531,1.00000,5.00000,581.95911,6.84144,796.28717,0.25293,0
1767,383.90182,718.73927,611.72979,12,1,0,0.27645,0.98623,5.00000,581.95911,6.66050,775.22827,0.25331,0
1768,384.05385,757.83530,650.99195,8,0,0,0.00000,0.00000,0.00000,0.00000,0.00000,0.00000,0.02739,0
1769,384.32145,49.44333,646.23702,8,0,0,0.31238,0.92394,4.00000,465.56726,4.57621,532.63367,0.18848,0
1770,384.13970,89.05752,607.50318,12,1,0,0.25227,1.00000,6.40312,745.27124,7.85816,914.62561,0.27098,0
1771,384.29172,128.15354,646.76534,12,1,0,0.25349,1.00000,6.08276,707.98376,7.91733,921.51282,0.28371,0
1772,384.26199,206.86376,647.29367,12,1,0,0.25562,1.00000,6.00000,698.35089,8.03121,934.76678,0.27494,0
1773,384.23225,285.57398,647.82199,12,1,0,0.24619,1.00000,6.00000,698.35089,8.07868,940.29199,0.27968,0
1774,384.20252,364.28420,648.35032,12,1,0,0.24691,1.00000,7.00000,814.74268,8.27931,963.64441,0.28998,0
1775,384.35454,403.38022,687.61248,12,1,0,0.24226,1.00000,6.40312,745.27124,8.18853,953.07831,0.28749,0
1776,384.17278,442.99442,648.87865,12,1,0,0.25698,1.00000,7.00000,814.74268,8.30959,967.16772,0.28717,0
1777,384.32481,482.09044,688.14080,12,1,0,0.24846,1.00000,6.32456,736.12646,8.26412,961.87592,0.28947,0
1778,384.14305,521.70464,649.40697,12,1,0,0.24913,1.00000,6.00000,698.35089,8.12550,945.74188,0.28570,0
1779,384.29507,560.80066,688.66913,12,1,0,0.25000,1.00000,6.00000,698.35089,8.17597,951.61591,0.28653,0
1780,384.26534,639.51088,689.19746,12,1,0,0.24466,1.00000,6.00000,698.35089,8.08994,941.60291,0.28384,0
1781,384.23560,718.22110,689.72578,12,1,0,0.25783,1.00000,6.16441,717.48730,7.64019,889.25513,0.28538,0
1782,384.47348,88.53935,685.49917,12,1,0,0.25550,1.00000,6.00000,698.35089,7.87091,916.10986,0.27475,0
1783,384.44374,167.24957,686.02750,12,1,0,0.24913,1.00000,6.00000,698.35089,8.00416,931.61829,0.27347,0
1784,384.59576,206.34559,725.28966,12,1,0,0.24792,1.00000,6.08276,707.98376,8.14634,948.16754,0.28736,0
1785,384.41401,245.95979,686.55583,12,1,0,0.25367,1.00000,6.40312,745.27124,7.99497,930.54865,0.26694,0
1786,384.56603,285.05581,725.81798,12,1,0,0.25245,1.00000,6.00000,698.35089,8.01379,932.73938,0.28000,0
1787,384.38427,324.67001,687.08415,12,1,0,0.24639,1.00000,7.00000,814.74268,8.12826,946.06348,0.27923,0
1788,384.53630,363.76603,726.34631,12,1,0,0.24566,1.00000,6.08276,707.98376,7.86939,915.93219,0.27840,0
1789,384.50656,442.47625,726.87464,12,1,0,0.24775,1.00000,6.08276,707.98376,7.90719,920.33191,0.27514,0
1790,384.47683,521.18647,727.40296,12,1,0,0.24637,1.00000,6.08276,707.98376,8.13642,947.01251,0.29139,0
1791,384.44709,599.89669,727.93129,12,1,0,0.26255,1.00000,5.00000,581.95911,7.58043,882.30017,0.26189,0
1792,384.59912,638.99271,767.19345,8,0,0,0.28737,0.82320,3.00000,349.17545,3.75000,436.46930,0.17069,0
1793,384.41736,678.60691,728.45962,12,1,0,0.24421,1.00000,6.00000,698.35089,7.92031,921.85919,0.27853,0
1794,384.56938,717.70293,767.72177,8,0,0,0.29539,0.84078,3.16228,368.06323,3.66485,426.55872,0.17235,0
1795,384.38763,757.31712,728.98794,8,0,0,0.00000,0.00000,0.00000,0.00000,0.00000,0.00000,0.02394,0
1796,384.65523,48.92515,724.23301,8,0,0,0.32476,0.94986,4.00000,465.56726,4.99060,580.86487,0.19373,0
1797,384.80725,88.02118,763.49516,8,0,0,0.30705,0.92201,4.00000,465.56726,4.65395,541.68176,0.16467,0
1798,384.62550,127.63537,724.76133,12,1,0,0.24741,1.00000,7.00000,814.74268,7.99713,930.80072,0.26995,0
1799,384.77752,166.73140,764.02349,8,0,0,0.30309,0.83288,2.82843,329.20575,3.55229,413.45691,0.15744,0
1800,384.74779,245.44162,764.55182,8,0,0,0.27429,0.76554,2.00000,232.78363,0.00000,0.00000,0.16934,0
1801,384.71805,324.15184,765.08014,8,0,0,0.27127,0.74862,2.00000,232.78363,2.35625,274.24823,0.16218,0
1802,384.68832,402.86205,765.60847,8,0,0,0.30233,0.87395,3.31662,386.02798,4.00000,465.56726,0.17222,0
1803,384.65858,481.57227,766.13680,8,0,0,0.29129,0.81513,2.82843,329.20575,3.37260,392.54337,0.17146,0
1804,384.62885,560.28249,766.66512,8,0,0,0.28715,0.71588,2.44949,285.10056,2.36442,275.19949,0.15142,0
1805,420.86339,446.92836,63.83501,8,0,0,0.29941,0.83379,3.00000,349.17545,3.72880,434.00165,0.18202,0
1806,420.83366,525.63858,64.36334,8,0,0,0.28240,0.82254,3.00000,349.17545,3.39672,395.35056,0.17421,0
1807,420.80392,604.34880,64.89166,8,0,0,0.28077,0.80441,2.82843,329.20575,3.34787,389.66492,0.17472,0
1808,420.77419,683.05902,65.41999,8,0,0,0.31011,0.90028,3.74166,435.49832,4.27411,497.47107,0.17043,0
1809,420.74445,761.76924,65.94832,5,0,0,0.00000,0.00000,0.00000,0.00000,0.00000,0.00000,0.01843,0
1810,421.01206,53.37727,61.19338,5,0,0,0.33127,0.73829,3.00000,349.17545,2.81557,327.70987,0.10874,0
1811,420.98233,132.08749,61.72171,8,0,0,0.30924,0.84153,3.00000,349.17545,3.75414,436.95126,0.16749,0
1812,420.95259,210.79770,62.25003,8,0,0,0.29990,0.83196,3.16228,368.06323,3.47589,404.56546,0.17843,0
1813,421.10461,249.89373,101.51219,12,1,0,0.24931,1.00000,6.08276,707.98376,8.30865,967.05939,0.29062,0
1814,420.92286,289.50792,62.77836,8,0,0,0.29208,0.81944,2.82843,329.20575,3.39739,395.42886,0.16090,0
1815,421.07488,328.60395,102.04052,12,1,0,0.25139,1.00000,6.00000,698.35089,8.16377,950.19586,0.29069,0
1816,420.89312,368.21814,63.30668,8,0,0,0.28205,0.79006,2.82843,329.20575,2.87353,334.45529,0.18240,0
1817,421.04515,407.31417,102.56884,12,1,0,0.24827,1.00000,6.16441,717.48730,7.83282,911.67657,0.25779,0
1818,421.01541,486.02439,103.09717,12,1,0,0.25366,1.00000,7.00000,814.74268,8.21011,955.58960,0.29702,0
1819,420.98568,564.73460,103.62550,12,1,0,0.24725,1.00000,6.08276,707.98376,8.36027,973.06738,0.29600,0
1820,420.95594,643.44482,104.15382,12,1,0,0.24948,1.00000,7.00000,814.74268,8.61561,1002.78680,0.30240,0
1821,421.10797,682.54085,143.41598,12,1,0,0.25316,1.00000,6.00000,698.35089,7.83524,911.95801,0.27827,0
1822,420.92621,722.15504,104.68215,12,1,0,0.25297,1.00000,6.00000,698.35089,8.06318,938.48828,0.28922,0
1823,421.07823,761.25107,143.94431,8,0,0,0.00000,0.00000,0.00000,0.00000,0.00000,0.00000,0.02707,0
1824,421.34584,52.85910,139.18937,8,0,0,0.32258,0.91413,3.16228,368.06323,4.63753,539.77094,0.18144,0
1825,421.16408,92.47329,100.45554,12,1,0,0.25718,1.00000,6.00000,698.35089,7.73487,900.27557,0.28237,0
1826,421.31610,131.56931,139.71770,12,1,0,0.24982,1.00000,6.00000,698.35089,7.86293,915.18048,0.26560,0
1827,421.13435,171.18351,100.98386,12,1,0,0.25936,1.00000,6.00000,698.35089,8.09684,942.40558,0.28877,0
1828,421.28637,210.27953,140.24602,12,1,0,0.24845,1.00000,7.00000,814.74268,8.27600,963.25812,0.28467,0
1829,421.25664,288.98975,140.77435,12,1,0,0.24931,1.00000,7.00000,814.74268,8.28542,964.35535,0.28672,0
1830,421.22690,367.69997,141.30268,12,1,0,0.24725,1.00000,7.00000,814.74268,8.32505,968.96796,0.28890,0
1831,421.19717,446.41019,141.83100,12,1,0,0.24384,1.00000,6.32456,736.12646,8.23544,958.53729,0.29472,0
1832,421.34919,485.50621,181.09316,12,1,0,0.24727,1.00000,6.32456,736.12646,8.28620,964.44623,0.29203,0
1833,421.16743,525.12041,142.35933,12,1,0,0.24776,1.00000,6.16441,717.48730,8.17280,951.24670,0.28435,0
1834,421.31946,564.21643,181.62149,12,1,0,0.24776,1.00000,6.00000,698.35089,8.34122,970.84961,0.29274,0
1835,421.13770,603.83063,142.88765,12,1,0,0.25650,1.00000,6.00000,698.35089,8.08201,940.67926,0.28557,0
1836,421.28972,642.92665,182.14981,12,1,0,0.25086,1.00000,7.00000,814.74268,8.35569,972.53369,0.30886,0
1837,421.25999,721.63687,182.67814,12,1,0,0.25229,1.00000,6.08276,707.98376,7.91551,921.30023,0.28256,0
1838,421.49786,91.95512,178.45153,12,1,0,0.25455,1.00000,6.00000,698.35089,8.08949,941.55072,0.29408,0
1839,421.46813,170.66534,178.97986,12,1,0,0.24505,1.00000,6.00000,698.35089,8.42135,980.17603,0.29421,0
1840,421.62015,209.76136,218.24201,12,1,0,0.24912,1.00000,6.00000,698.35089,7.85379,914.11682,0.28941,0
1841,421.43839,249.37556,179.50818,12,1,0,0.24270,1.00000,6.00000,698.35089,8.23808,958.84509,0.28544,0
1842,421.59041,288.47158,218.77034,12,1,0,0.24930,1.00000,6.00000,698.35089,7.87020,916.02667,0.28832,0
1843,421.40866,328.08578,180.03651,12,1,0,0.24879,1.00000,6.00000,698.35089,8.18509,952.67725,0.29414,0
1844,421.56068,367.18180,219.29867,12,1,0,0.24483,1.00000,6.00000,698.35089,8.07409,939.75763,0.28077,0
1845,421.37892,406.79600,180.56483,12,1,0,0.24197,1.00000,6.00000,698.35089,8.35975,973.00659,0.28877,0
1846,421.53095,445.89202,219.82699,12,1,0,0.24725,1.00000,6.00000,698.35089,8.26778,962.30231,0.28262,0
1847,421.50121,524.60224,220.35532,12,1,0,0.24362,1.00000,6.08276,707.98376,8.23157,958.08728,0.28595,0
1848,421.47148,603.31246,220.88364,12,1,0,0.24319,1.00000,6.08276,707.98376,8.34375,971.14410,0.29216,0
1849,421.62350,642.40848,260.14580,12,1,0,0.24587,1.00000,6.00000,698.35089,8.24420,959.55695,0.28998,0
1850,421.44174,682.02268,221.41197,12,1,0,0.25420,1.00000,6.08276,707.98376,7.88783,918.07849,0.28768,0
1851,421.59377,721.11870,260.67413,12,1,0,0.25035,1.00000,6.00000,698.35089,7.93481,923.54669,0.28166,0
1852,421.41201,760.73290,221.94030,8,0,0,0.00000,0.00000,0.00000,0.00000,0.00000,0.00000,0.02842,0
1853,421.67962,52.34093,217.18536,8,0,0,0.27996,0.75487,2.82843,329.20575,2.70295,314.60120,0.18918,0
1854,421.83164,91.43695,256.44752,12,1,0,0.25088,1.00000,6.00000,698.35089,7.83824,912.30725,0.27872,0
1855,421.64988,131.05114,217.71369,12,1,0,0.25568,1.00000,6.00000,698.35089,7.63103,888.18964,0.27629,0
1856,421.80190,170.14717,256.97585,12,1,0,0.25772,1.00000,6.00000,698.35089,8.00624,931.86060,0.28064,0
1857,421.77217,248.85739,257.50417,12,1,0,0.25193,1.00000,6.00000,698.35089,8.04205,936.02930,0.28749,0
1858,421.74244,327.56761,258.03250,12,1,0,0.24572,1.00000,7.00000,814.74268,8.20006,954.41974,0.28845,0
1859,421.71270,406.27783,258.56082,12,1,0,0.24758,1.00000,6.16441,717.48730,8.16846,950.74231,0.28518,0
1860,421.86472,445.37385,297.82298,12,1,0,0.24828,1.00000,6.00000,698.35089,8.31427,967.71277,0.29766,0
1861,421.68297,484.98804,259.08915,12,1,0,0.24828,1.00000,7.00000,814.74268,8.30849,967.04077,0.29632,0
1862,421.83499,524.08407,298.35131,12,1,0,0.24914,1.00000,7.00000,814.74268,8.35003,971.87469,0.29875,0
1863,421.65323,563.69826,259.61748,12,1,0,0.24878,1.00000,6.08276,707.98376,8.21543,956.20850,0.28294,0
1864,421.80526,602.79429,298.87963,12,1,0,0.25736,1.00000,6.00000,698.35089,8.07952,940.39001,0.28678,0
1865,421.77552,681.50451,299.40796,12,1,0,0.24773,1.00000,6.00000,698.35089,7.90904,920.54736,0.28371,0
1866,421.74579,760.21472,299.93629,8,0,0,0.00000,0.00000,0.00000,0.00000,0.00000,0.00000,0.02688,0
1867,422.01339,51.82276,295.18135,8,0,0,0.30550,0.87263,3.00000,349.17545,4.17792,486.27606,0.19398,0
1868,421.98366,130.53297,295.70968,12,1,0,0.24930,1.00000,6.00000,698.35089,8.01895,933.34064,0.28659,0
1869,421.95393,209.24319,296.23800,12,1,0,0.25242,1.00000,6.08276,707.98376,8.14989,948.58051,0.29472,0
1870,422.10595,248.33922,335.50016,12,1,0,0.25052,1.00000,6.00000,698.35089,7.88642,917.91528,0.27418,0
1871,421.92419,287.95341,296.76633,12,1,0,0.25295,1.00000,6.00000,698.35089,8.26737,962.25421,0.30253,0
1872,422.07621,327.04944,336.02849,12,1,0,0.25420,1.00000,7.00000,814.74268,7.88339,917.56226,0.26752,0
1873,421.89446,366.66363,297.29466,12,1,0,0.24638,1.00000,7.00000,814.74268,8.25589,960.91846,0.28870,0
1874,422.04648,405.75965,336.55681,12,1,0,0.24862,1.00000,7.00000,814.74268,7.93857,923.98474,0.26285,0
1875,422.01675,484.46987,337.08514,12,1,0,0.24687,1.00000,7.00000,814.74268,8.06669,938.89722,0.28237,0
1876,421.98701,563.18009,337.61347,12,1,0,0.25190,1.00000,6.00000,698.35089,8.10221,943.03070,0.28154,0
1877,421.95728,641.89031,338.14179,12,1,0,0.25850,1.00000,6.00000,698.35089,8.02196,933.69049,0.27386,0
1878,422.10930,680.98634,377.40395,12,1,0,0.25596,1.00000,6.00000,698.35089,8.06012,938.13208,0.28838,0
1879,421.92754,720.60053,338.67012,12,1,0,0.24913,1.00000,6.00000,698.35089,7.96771,927.37677,0.28691,0
1880,422.07957,759.69655,377.93228,8,0,0,0.00000,0.00000,0.00000,0.00000,0.00000,0.00000,0.02650,0
1881,422.34717,51.30458,373.17734,8,0,0,0.29423,0.82222,3.00000,349.17545,3.48553,405.68674,0.19373,0
1882,422.16542,90.91878,334.44351,12,1,0,0.25370,1.00000,6.00000,698.35089,7.75936,903.12616,0.27936,0
1883,422.31744,130.01480,373.70567,12,1,0,0.25971,1.00000,6.00000,698.35089,7.63525,888.68097,0.28416,0
1884,422.13568,169.62900,334.97184,12,1,0,0.25419,1.00000,6.00000,698.35089,7.87706,916.82581,0.26291,0
1885,422.28770,208.72502,374.23399,12,1,0,0.25175,1.00000,6.00000,698.35089,7.98032,928.84351,0.28736,0
1886,422.25797,287.43524,374.76232,12,1,0,0.24983,1.00000,6.00000,698.35089,7.93160,923.17352,0.29139,0
1887,422.22824,366.14546,375.29065,12,1,0,0.26225,1.00000,6.00000,698.35089,7.72246,898.83167,0.27443,0
1888,422.19850,444.85568,375.81897,12,1,0,0.25381,1.00000,6.16441,717.48730,8.12234,945.37378,0.28454,0
1889,422.35052,483.95170,415.08113,12,1,0,0.24983,1.00000,7.00000,814.74268,8.07661,940.05127,0.28320,0
1890,422.16877,523.56590,376.34730,12,1,0,0.24267,1.00000,7.00000,814.74268,8.46015,984.69263,0.30362,0
1891,422.32079,562.66192,415.60946,12,1,0,0.24707,1.00000,6.16441,717.48730,8.13139,946.42700,0.27949,0
1892,422.13903,602.27612,376.87563,12,1,0,0.24879,1.00000,6.08276,707.98376,8.29452,965.41418,0.29318,0
1893,422.29106,641.37214,416.13778,12,1,0,0.24931,1.00000,6.00000,698.35089,8.01986,933.44641,0.28083,0
1894,422.26132,720.08236,416.66611,12,1,0,0.25351,1.00000,6.00000,698.35089,7.85820,914.62976,0.28013,0
1895,422.49919,90.40061,412.43950,12,1,0,0.27611,0.96875,4.12311,479.89572,5.63211,655.53113,0.23699,0
1896,422.46946,169.11083,412.96783,12,1,0,0.25035,1.00000,6.00000,698.35089,7.77908,905.42114,0.27219,0
1897,422.62148,208.20685,452.22999,12,1,0,0.24671,1.00000,6.00000,698.35089,7.91063,920.73297,0.28410,0
1898,422.43973,247.82105,413.49615,12,1,0,0.24965,1.00000,6.00000,698.35089,8.03817,935.57697,0.27974,0
1899,422.59175,286.91707,452.75831,12,1,0,0.24709,1.00000,6.78233,789.40771,8.11973,945.07025,0.29600,0
1900,422.40999,326.53127,414.02448,12,1,0,0.25490,1.00000,6.08276,707.98376,7.76189,903.42004,0.26797,0
1901,422.56201,365.62729,453.28664,12,1,0,0.24703,1.00000,6.00000,698.35089,8.00831,932.10211,0.28806,0
1902,422.38026,405.24148,414.55281,12,1,0,0.25000,1.00000,6.08276,707.98376,7.72045,898.59711,0.26458,0
1903,422.53228,444.33751,453.81496,12,1,0,0.24280,1.00000,7.00000,814.74268,8.19406,953.72198,0.28883,0
1904,422.50255,523.04773,454.34329,12,1,0,0.24795,1.00000,7.00000,814.74268,8.40683,978.48566,0.29882,0
1905,422.47281,601.75795,454.87162,12,1,0,0.24435,1.00000,6.16441,717.48730,8.45566,984.16925,0.30522,0
1906,422.62483,640.85397,494.13377,12,1,0,0.24604,1.00000,6.00000,698.35089,8.05055,937.01849,0.27750,0
1907,422.44308,680.46816,455.39994,12,1,0,0.25600,1.00000,6.00000,698.35089,7.58169,882.44623,0.26381,0
1908,422.59510,719.56419,494.66210,12,1,0,0.24824,1.00000,6.00000,698.35089,7.87267,916.31458,0.28506,0
1909,422.41334,759.17838,455.92827,8,0,0,0.00000,0.00000,0.00000,0.00000,0.00000,0.00000,0.03002,0
1910,422.68095,50.78641,451.17333,8,0,0,0.30241,0.90556,3.00000,349.17545,4.51339,525.32190,0.19904,0
1911,422.83297,89.88244,490.43549,12,1,0,0.24948,1.00000,6.00000,698.35089,7.94503,924.73645,0.28077,0
1912,422.65122,129.49663,451.70166,12,1,0,0.25035,1.00000,6.63325,772.05597,7.68783,894.79999,0.27418,0
1913,422.80324,168.59266,490.96382,12,1,0,0.25228,1.00000,6.00000,698.35089,7.85229,913.94244,0.27450,0
1914,422.77351,247.30288,491.49214,12,1,0,0.24878,1.00000,6.00000,698.35089,7.89562,918.98578,0.27347,0
1915,422.74377,326.01309,492.02047,12,1,0,0.25209,1.00000,6.08276,707.98376,8.04874,936.80792,0.27981,0
1916,422.71404,404.72331,492.54880,12,1,0,0.25370,1.00000,6.00000,698.35089,7.80762,908.74341,0.26662,0
1917,422.86606,443.81934,531.81095,12,1,0,0.25485,1.00000,7.00000,814.74268,8.12735,945.95679,0.29133,0
1918,422.68430,483.43353,493.07712,12,1,0,0.24570,1.00000,6.00000,698.35089,8.11555,944.58325,0.27469,0
1919,422.83633,522.52956,532.33928,12,1,0,0.24518,1.00000,6.00000,698.35089,8.23721,958.74329,0.30682,0
1920,422.65457,562.14375,493.60545,12,1,0,0.24640,1.00000,6.63325,772.05597,8.24498,959.64838,0.29626,0
1921,422.80659,601.23978,532.86761,12,1,0,0.25866,1.00000,6.00000,698.35089,7.86528,915.45477,0.28525,0
1922,422.77686,679.94999,533.39593,12,1,0,0.25332,1.00000,6.00000,698.35089,7.98028,928.83893,0.28339,0
1923,422.74712,758.66021,533.92426,8,0,0,0.00000,0.00000,0.00000,0.00000,0.00000,0.00000,0.02752,0
1924,423.01473,50.26824,529.16932,8,0,0,0.30447,0.85989,3.16228,368.06323,3.78909,441.01855,0.20525,0
1925,422.98500,128.97846,529.69765,12,1,0,0.25000,1.00000,6.00000,698.35089,7.79125,906.83813,0.27693,0
1926,422.95526,207.68868,530.22598,12,1,0,0.25497,1.00000,6.00000,698.35089,7.75389,902.48975,0.28730,0
1927,423.10728,246.78471,569.48813,12,1,0,0.24827,1.00000,6.00000,698.35089,8.16189,949.97687,0.29261,0
1928,422.92553,286.39890,530.75430,12,1,0,0.25104,1.00000,6.08276,707.98376,8.10379,943.21509,0.29715,0
1929,423.07755,325.49492,570.01646,12,1,0,0.24466,1.00000,7.00000,814.74268,8.10085,942.87262,0.28506,0
1930,422.89579,365.10912,531.28263,12,1,0,0.25562,1.00000,6.00000,698.35089,8.02626,934.19122,0.29594,0
1931,423.04782,404.20514,570.54479,12,1,0,0.24862,1.00000,6.00000,698.35089,8.17069,951.00159,0.28762,0
1932,423.01808,482.91536,571.07311,12,1,0,0.27177,0.99725,5.00000,581.95911,7.26187,845.22260,0.26758,0
1933,422.98835,561.62558,571.60144,12,1,0,0.24656,1.00000,7.00000,814.74268,8.22065,956.81677,0.29005,0
1934,422.95861,640.33580,572.12976,12,1,0,0.25745,1.00000,6.00000,698.35089,7.71162,897.56964,0.28006,0
1935,423.11064,679.43182,611.39192,12,1,0,0.00000,0.00000,0.00000,0.00000,0.00000,0.00000,0.00000,0
1936,422.92888,719.04602,572.65809,12,1,0,0.26966,1.00000,5.00000,581.95911,7.17460,835.06476,0.26048,0
1937,423.08090,758.14204,611.92025,8,0,0,0.00000,0.00000,0.00000,0.00000,0.00000,0.00000,0.02592,0
1938,423.34851,49.75007,607.16531,8,0,0,0.30592,0.84958,3.00000,349.17545,3.85748,448.97943,0.18362,0
1939,423.16675,89.36427,568.43148,12,1,0,0.24948,1.00000,6.00000,698.35089,7.83123,911.49054,0.28090,0
1940,423.31877,128.46029,607.69364,12,1,0,0.25105,1.00000,6.00000,698.35089,7.92570,922.48651,0.28173,0
1941,423.13702,168.07449,568.95981,12,1,0,0.25453,1.00000,7.00000,814.74268,7.98504,929.39331,0.28154,0
1942,423.28904,207.17051,608.22197,12,1,0,0.25545,1.00000,6.00000,698.35089,7.86393,915.29712,0.28038,0
1943,423.25931,285.88073,608.75029,12,1,0,0.25365,1.00000,6.00000,698.35089,8.08330,940.83014,0.28358,0
1944,423.22957,364.59095,609.27862,12,1,0,0.24414,1.00000,6.00000,698.35089,8.04984,936.93524,0.27430,0
1945,423.19984,443.30117,609.80694,12,1,0,0.25225,1.00000,6.16441,717.48730,8.18624,952.81122,0.28634,0
1946,423.35186,482.39719,649.06910,12,1,0,0.24827,1.00000,6.08276,707.98376,8.16929,950.83844,0.28397,0
1947,423.17010,522.01139,610.33527,12,1,0,0.25366,1.00000,6.00000,698.35089,8.11438,944.44751,0.27968,0
1948,423.32213,561.10741,649.59743,12,1,0,0.24672,1.00000,6.00000,698.35089,8.25444,960.74908,0.29171,0
1949,423.14037,600.72161,610.86360,12,1,0,0.24983,1.00000,6.00000,698.35089,8.16907,950.81281,0.29190,0
1950,423.29239,639.81763,650.12576,12,1,0,0.26022,1.00000,5.65685,658.41150,7.84415,912.99481,0.27770,0
1951,423.26266,718.52785,650.65408,12,1,0,0.26728,0.98305,4.35890,507.34018,6.65461,774.54181,0.27942,0
1952,423.50053,88.84610,646.42747,12,1,0,0.25089,1.00000,6.00000,698.35089,7.85493,914.24963,0.29056,0
1953,423.47080,167.55632,646.95580,12,1,0,0.24593,1.00000,7.00000,814.74268,8.33259,969.84485,0.29350,0
1954,423.62282,206.65234,686.21796,12,1,0,0.25123,1.00000,6.00000,698.35089,8.00466,931.67731,0.28205,0
1955,423.44106,246.26653,647.48412,12,1,0,0.24178,1.00000,6.63325,772.05597,8.28201,963.95819,0.28525,0
1956,423.59308,285.36256,686.74628,12,1,0,0.24739,1.00000,6.00000,698.35089,7.97728,928.49066,0.26579,0
1957,423.41133,324.97675,648.01245,12,1,0,0.24550,1.00000,7.00000,814.74268,8.23341,958.30206,0.28678,0
1958,423.56335,364.07278,687.27461,12,1,0,0.24878,1.00000,6.00000,698.35089,8.02135,933.61914,0.27866,0
1959,423.38159,403.68697,648.54078,12,1,0,0.24531,1.00000,6.00000,698.35089,8.13303,946.61859,0.28038,0
1960,423.53362,442.78300,687.80294,12,1,0,0.24382,1.00000,7.00000,814.74268,8.14576,948.10016,0.28070,0
1961,423.50388,521.49322,688.33126,12,1,0,0.23955,1.00000,6.00000,698.35089,8.22477,957.29553,0.28499,0
1962,423.47415,600.20343,688.85959,12,1,0,0.24656,1.00000,6.00000,698.35089,8.23456,958.43518,0.29133,0
1963,423.44441,678.91365,689.38791,12,1,0,0.25265,1.00000,6.00000,698.35089,7.76605,903.90466,0.27930,0
1964,423.59644,718.00968,728.65007,12,1,0,0.24759,1.00000,6.00000,698.35089,8.03739,935.48639,0.28787,0
1965,423.41468,757.62387,689.91624,8,0,0,0.00000,0.00000,0.00000,0.00000,0.00000,0.00000,0.02880,0
1966,423.68229,49.23190,685.16130,8,0,0,0.31434,0.88154,4.00000,465.56726,4.28909,499.21555,0.19258,0
1967,423.83431,88.32793,724.42346,12,1,0,0.24521,1.00000,7.00000,814.74268,8.32641,969.12610,0.29555,0
1968,423.65255,127.94212,685.68963,12,1,0,0.24948,1.00000,7.00000,814.74268,8.00860,932.13574,0.26726,0
1969,423.80457,167.03815,724.95179,12,1,0,0.25139,1.00000,6.00000,698.35089,8.30963,967.17255,0.28614,0
1970,423.77484,245.74836,725.48012,12,1,0,0.24162,1.00000,6.00000,698.35089,8.35981,973.01300,0.28742,0
1971,423.74511,324.45858,726.00844,12,1,0,0.24624,1.00000,6.08276,707.98376,8.05698,937.76630,0.28218,0
1972,423.71537,403.16880,726.53677,12,1,0,0.24826,1.00000,6.00000,698.35089,8.03825,935.58661,0.27834,0
1973,423.86739,442.26483,765.79893,8,0,0,0.27545,0.76243,3.00000,349.17545,2.67299,311.11398,0.16928,0
1974,423.68564,481.87902,727.06509,12,1,0,0.24983,1.00000,7.00000,814.74268,8.29816,965.83820,0.29530,0
1975,423.83766,520.97505,766.32725,8,0,0,0.26190,0.72329,2.00000,232.78363,2.10909,245.48091,0.17658,0
1976,423.65590,560.58924,727.59342,12,1,0,0.24093,1.00000,6.08276,707.98376,8.35447,972.39154,0.29792,0
1977,423.80793,599.68526,766.85558,8,0,0,0.27823,0.76454,3.00000,349.17545,2.71887,316.45398,0.16627,0
1978,423.62617,639.29946,728.12175,12,1,0,0.24589,1.00000,6.08276,707.98376,8.39839,977.50348,0.30387,0
1979,423.77819,678.39548,767.38390,8,0,0,0.28627,0.83380,3.00000,349.17545,3.53673,411.64597,0.17562,0
1980,423.74846,757.10570,767.91223,5,0,0,0.00000,0.00000,0.00000,0.00000,0.00000,0.00000,0.01594,0
1981,424.01606,48.71373,763.15730,5,0,0,0.33036,0.70959,2.82843,329.20575,3.22857,375.77930,0.11149,0
1982,423.98633,127.42395,763.68562,8,0,0,0.28963,0.82682,3.31662,386.02798,3.47321,404.25293,0.16813,0
1983,423.95660,206.13417,764.21395,8,0,0,0.29057,0.81918,2.82843,329.20575,3.55111,413.31955,0.17235,0
1984,423.92686,284.84439,764.74227,8,0,0,0.28831,0.79006,3.00000,349.17545,3.00000,349.17545,0.17043,0
1985,423.89713,363.55461,765.27060,8,0,0,0.27772,0.78611,2.23607,260.26001,2.89843,337.35297,0.17389,0
1986,460.10193,328.91070,62.96882,8,0,0,0.28333,0.79178,2.00000,232.78363,2.60769,303.51404,0.18259,0
1987,460.07220,407.62091,63.49714,8,0,0,0.28960,0.82094,3.00000,349.17545,3.51980,409.67566,0.17274,0
1988,460.04247,486.33113,64.02547,8,0,0,0.27909,0.78830,2.00000,232.78363,2.79285,325.06442,0.18010,0
1989,460.01273,565.04135,64.55379,8,0,0,0.29235,0.83657,3.00000,349.17545,3.75784,437.38205,0.17978,0
1990,459.98300,643.75157,65.08212,8,0,0,0.28780,0.80381,3.00000,349.17545,3.13755,365.18472,0.17229,0
1991,459.95326,722.46179,65.61045,8,0,0,0.30784,0.88950,3.60555,419.65665,4.26147,496.00049,0.16986,0
1992,460.10529,761.55781,104.87260,8,0,0,0.00000,0.00000,0.00000,0.00000,0.00000,0.00000,0.02278,0
1993,460.37289,53.16584,100.11767,8,0,0,0.31075,0.89167,3.60555,419.65665,4.30590,501.17157,0.18477,0
1994,460.19114,92.78004,61.38384,8,0,0,0.29045,0.80726,3.00000,349.17545,3.13750,365.17932,0.16403,0
1995,460.34316,131.87606,100.64600,12,1,0,0.25142,1.00000,6.00000,698.35089,7.86830,915.80536,0.26758,0
1996,460.16140,171.49026,61.91216,8,0,0,0.26300,0.71667,2.00000,232.78363,2.36607,275.39136,0.16704,0
1997,460.31342,210.58628,101.17432,12,1,0,0.25194,1.00000,6.00000,698.35089,7.89928,919.41193,0.27654,0
1998,460.13167,250.20048,62.44049,8,0,0,0.28669,0.82073,3.00000,349.17545,3.19722,372.13049,0.16902,0
1999,460.28369,289.29650,101.70265,12,1,0,0.25105,1.00000,6.08276,707.98376,7.84946,913.61310,0.26202,0
2000,460.25396,368.00672,102.23097,12,1,0,0.24691,1.00000,6.08276,707.98376,8.15736,949.45007,0.27936,0
2001,460.22422,446.71694,102.75930,12,1,0,0.25069,1.00000,6.16441,717.48730,7.99613,930.68414,0.28019,0
2002,460.19449,525.42716,103.28763,12,1,0,0.24843,1.00000,6.00000,698.35089,7.96792,927.40094,0.27930,0
2003,460.34651,564.52318,142.54978,12,1,0,0.24392,1.00000,6.08276,707.98376,8.00653,931.89410,0.27648,0
2004,460.16475,604.13738,103.81595,12,1,0,0.25577,1.00000,6.00000,698.35089,8.22457,957.27209,0.28877,0
2005,460.31678,643.23340,143.07811,12,1,0,0.25698,1.00000,5.65685,658.41150,7.59134,883.57043,0.26022,0
2006,460.13502,682.84759,104.34428,12,1,0,0.27498,0.98611,4.35890,507.34018,6.56282,763.85883,0.24813,0
2007,460.28704,721.94362,143.60644,12,1,0,0.27578,0.98880,4.35890,507.34018,6.52286,759.20721,0.25146,0
2008,460.52491,92.26187,139.37983,12,1,0,0.25449,1.00000,6.00000,698.35089,7.56863,880.92609,0.26547,0
2009,460.49518,170.97209,139.90815,12,1,0,0.25194,1.00000,6.00000,698.35089,7.81414,909.50146,0.27494,0
2010,460.46545,249.68231,140.43648,12,1,0,0.24649,1.00000,6.00000,698.35089,7.90396,919.95667,0.27603,0
2011,460.61747,288.77833,179.69864,12,1,0,0.24673,1.00000,6.00000,698.35089,8.26043,961.44617,0.28691,0
2012,460.43571,328.39252,140.96481,12,1,0,0.25175,1.00000,6.08276,707.98376,7.80432,908.35913,0.26669,0
2013,460.58773,367.48855,180.22696,12,1,0,0.24600,1.00000,6.00000,698.35089,8.16650,950.51422,0.28544,0
2014,460.40598,407.10274,141.49313,12,1,0,0.24727,1.00000,6.63325,772.05597,7.95808,926.25562,0.26829,0
2015,460.55800,446.19877,180.75529,12,1,0,0.24550,1.00000,6.00000,698.35089,8.01919,933.36804,0.28224,0
2016,460.37624,485.81296,142.02146,12,1,0,0.25086,1.00000,6.08276,707.98376,8.06404,938.58813,0.27110,0
2017,460.52827,524.90899,181.28362,12,1,0,0.24844,1.00000,6.08276,707.98376,8.12964,946.22321,0.28192,0
2018,460.49853,603.61921,181.81194,12,1,0,0.24586,1.00000,6.00000,698.35089,8.19893,954.28876,0.28582,0
2019,460.46880,682.32942,182.34027,12,1,0,0.26473,1.00000,5.09902,593.48413,7.16308,833.72363,0.25088,0
2020,460.62082,721.42545,221.60243,12,1,0,0.24824,1.00000,6.00000,698.35089,7.84689,913.31390,0.27546,0
2021,460.43906,761.03964,182.86859,8,0,0,0.00000,0.00000,0.00000,0.00000,0.00000,0.00000,0.02784,0
2022,460.70667,52.64767,178.11366,8,0,0,0.30389,0.89136,3.60555,419.65665,4.34272,505.45691,0.19091,0
2023,460.85869,91.74370,217.37582,12,1,0,0.25372,1.00000,6.00000,698.35089,7.71892,898.41876,0.27386,0
2024,460.67694,131.35789,178.64199,12,1,0,0.25176,1.00000,6.00000,698.35089,7.81574,909.68848,0.28352,0
2025,460.82896,170.45392,217.90414,12,1,0,0.24537,1.00000,7.00000,814.74268,8.06893,939.15759,0.27098,0
2026,460.64720,210.06811,179.17031,12,1,0,0.25527,1.00000,6.00000,698.35089,7.72451,899.06989,0.26624,0
2027,460.79922,249.16414,218.43247,12,1,0,0.24948,1.00000,6.00000,698.35089,7.90834,920.46606,0.27014,0
2028,460.76949,327.87435,218.96080,12,1,0,0.25260,1.00000,6.16441,717.48730,8.07768,940.17615,0.27258,0
2029,460.73976,406.58457,219.48912,12,1,0,0.24330,1.00000,6.08276,707.98376,8.15433,949.09753,0.27245,0
2030,460.71002,485.29479,220.01745,12,1,0,0.24914,1.00000,6.08276,707.98376,7.93630,923.72076,0.27795,0
2031,460.86204,524.39082,259.27961,12,1,0,0.24827,1.00000,6.00000,698.35089,8.11785,944.85181,0.27699,0
2032,460.68029,564.00501,220.54577,12,1,0,0.24913,1.00000,6.00000,698.35089,8.03071,934.70905,0.28691,0
2033,460.83231,603.10103,259.80793,12,1,0,0.25542,1.00000,6.00000,698.35089,8.05899,938.00000,0.28749,0
2034,460.65055,642.71523,221.07410,12,1,0,0.25210,1.00000,6.00000,698.35089,7.95396,925.77588,0.27904,0
2035,460.80258,681.81125,260.33626,12,1,0,0.24948,1.00000,6.92820,806.38611,7.90024,919.52325,0.27962,0
2036,460.77284,760.52147,260.86459,8,0,0,0.00000,0.00000,0.00000,0.00000,0.00000,0.00000,0.02483,0
2037,461.04045,52.12950,256.10965,8,0,0,0.28814,0.79178,3.00000,349.17545,2.67843,311.74747,0.18803,0
2038,461.01072,130.83972,256.63798,12,1,0,0.26202,1.00000,6.00000,698.35089,7.48503,871.19611,0.27526,0
2039,460.98098,209.54994,257.16630,12,1,0,0.25897,1.00000,5.74456,668.62006,7.61070,885.82312,0.27776,0
2040,460.95125,288.26016,257.69463,12,1,0,0.25515,1.00000,6.00000,698.35089,7.64333,889.62122,0.27763,0
2041,461.10327,327.35618,296.95679,12,1,0,0.24658,1.00000,7.00000,814.74268,8.18532,952.70471,0.27942,0
2042,460.92151,366.97038,258.22295,12,1,0,0.25262,1.00000,6.00000,698.35089,8.00488,931.70227,0.27194,0
2043,461.07354,406.06640,297.48511,12,1,0,0.25245,1.00000,6.00000,698.35089,7.95824,926.27411,0.27328,0
2044,460.89178,445.68060,258.75128,12,1,0,0.24983,1.00000,6.00000,698.35089,8.19272,953.56580,0.27840,0
2045,461.04380,484.77662,298.01344,12,1,0,0.25367,1.00000,6.00000,698.35089,8.13305,946.62054,0.28493,0
2046,461.01407,563.48684,298.54177,12,1,0,0.25331,1.00000,6.00000,698.35089,8.09675,942.39557,0.28666,0
2047,460.98433,642.19706,299.07009,12,1,0,0.25279,1.00000,6.00000,698.35089,8.17451,951.44574,0.29312,0
2048,460.95460,720.90728,299.59842,12,1,0,0.25839,1.00000,6.00000,698.35089,7.60681,885.37048,0.27795,0
2049,461.10662,760.00330,338.86058,8,0,0,0.00000,0.00000,0.00000,0.00000,0.00000,0.00000,0.02605,0
2050,461.37423,51.61133,334.10564,8,0,0,0.30124,0.88515,3.00000,349.17545,4.27339,497.38815,0.19533,0
2051,461.19247,91.22553,295.37181,12,1,0,0.25283,1.00000,6.00000,698.35089,7.78085,905.62732,0.27654,0
2052,461.34449,130.32155,334.63397,12,1,0,0.25282,1.00000,6.08276,707.98376,7.84424,913.00549,0.27366,0
2053,461.16274,169.93575,295.90013,12,1,0,0.25562,1.00000,6.00000,698.35089,7.93865,923.99353,0.27443,0
2054,461.31476,209.03177,335.16229,12,1,0,0.25225,1.00000,6.00000,698.35089,8.10771,943.67065,0.28557,0
2055,461.13300,248.64596,296.42846,12,1,0,0.24757,1.00000,6.08276,707.98376,8.08148,940.61871,0.27584,0
2056,461.28503,287.74199,335.69062,12,1,0,0.25440,1.00000,6.00000,698.35089,7.92548,922.46155,0.28691,0
2057,461.25529,366.45221,336.21895,12,1,0,0.24895,1.00000,6.00000,698.35089,7.83288,911.68335,0.27661,0
2058,461.22556,445.16243,336.74727,12,1,0,0.25523,1.00000,6.08276,707.98376,7.90297,919.84137,0.25766,0
2059,461.19582,523.87265,337.27560,12,1,0,0.25138,1.00000,6.16441,717.48730,8.09435,942.11639,0.28134,0
2060,461.34785,562.96867,376.53776,12,1,0,0.25369,1.00000,6.00000,698.35089,8.08333,940.83380,0.28659,0
2061,461.16609,602.58286,337.80392,12,1,0,0.24553,1.00000,7.00000,814.74268,8.20214,954.66248,0.28890,0
2062,461.31811,641.67889,377.06608,12,1,0,0.24844,1.00000,6.00000,698.35089,8.06231,938.38690,0.28326,0
2063,461.13636,681.29308,338.33225,12,1,0,0.25017,1.00000,6.08276,707.98376,7.91402,921.12769,0.27661,0
2064,461.28838,720.38911,377.59441,12,1,0,0.25430,1.00000,6.00000,698.35089,7.74287,901.20709,0.26458,0
2065,461.52625,90.70736,373.36780,12,1,0,0.25249,1.00000,6.00000,698.35089,7.72693,899.35114,0.28070,0
2066,461.49652,169.41758,373.89613,12,1,0,0.25121,1.00000,6.00000,698.35089,7.80713,908.68640,0.26426,0
2067,461.46678,248.12779,374.42445,12,1,0,0.25123,1.00000,6.00000,698.35089,7.77651,905.12256,0.27853,0
2068,461.61880,287.22382,413.68661,12,1,0,0.25663,1.00000,6.00000,698.35089,7.59987,884.56274,0.26669,0
2069,461.43705,326.83801,374.95278,12,1,0,0.25493,1.00000,6.00000,698.35089,7.71037,897.42346,0.26278,0
2070,461.58907,365.93404,414.21494,12,1,0,0.26642,1.00000,5.38516,626.78912,7.32715,852.82013,0.25536,0
2071,461.40731,405.54823,375.48110,12,1,0,0.25018,1.00000,6.00000,698.35089,7.79405,907.16400,0.26451,0
2072,461.55934,444.64426,414.74326,12,1,0,0.24930,1.00000,6.00000,698.35089,7.85919,914.74536,0.26362,0
2073,461.37758,484.25845,376.00943,12,1,0,0.24948,1.00000,6.08276,707.98376,7.87078,916.09485,0.27866,0
2074,461.52960,523.35447,415.27159,12,1,0,0.24247,1.00000,6.08276,707.98376,8.06850,939.10699,0.28102,0
2075,461.49987,602.06469,415.79991,12,1,0,0.24828,1.00000,6.00000,698.35089,7.99701,930.78711,0.28058,0
2076,461.47013,680.77491,416.32824,12,1,0,0.26652,1.00000,5.09902,593.48413,7.03828,819.19849,0.24806,0
2077,461.62216,719.87094,455.59040,12,1,0,0.26978,1.00000,5.00000,581.95911,7.06669,822.50519,0.25926,0
2078,461.44040,759.48513,416.85657,8,0,0,0.00000,0.00000,0.00000,0.00000,0.00000,0.00000,0.03002,0
2079,461.70801,51.09316,412.10163,8,0,0,0.29960,0.82514,3.31662,386.02798,3.60218,419.26437,0.18688,0
2080,461.86003,90.18919,451.36379,12,1,0,0.26826,1.00000,5.83095,678.67505,7.21615,839.90118,0.25773,0
2081,461.67827,129.80338,412.62996,12,1,0,0.25371,1.00000,6.40312,745.27124,7.70474,896.76862,0.27066,0
2082,461.83029,168.89940,451.89212,12,1,0,0.25754,1.00000,7.00000,814.74268,7.92653,922.58282,0.27405,0
2083,461.64854,208.51360,413.15828,12,1,0,0.24501,1.00000,6.92820,806.38611,7.87141,916.16711,0.28154,0
2084,461.80056,247.60962,452.42044,12,1,0,0.24649,1.00000,6.00000,698.35089,7.91523,921.26758,0.26938,0
2085,461.77083,326.31984,452.94877,12,1,0,0.25052,1.00000,6.00000,698.35089,7.82682,910.97760,0.26739,0
2086,461.74109,405.03006,453.47709,12,1,0,0.25052,1.00000,6.08276,707.98376,7.76399,903.66541,0.27520,0
2087,461.71136,483.74028,454.00542,12,1,0,0.25208,1.00000,6.00000,698.35089,8.04450,936.31354,0.28506,0
2088,461.86338,522.83630,493.26758,12,1,0,0.25017,1.00000,6.08276,707.98376,8.12458,945.63501,0.28038,0
2089,461.68162,562.45050,454.53375,12,1,0,0.24274,1.00000,6.08276,707.98376,8.10878,943.79529,0.29203,0
2090,461.83365,601.54652,493.79590,12,1,0,0.24502,1.00000,6.08276,707.98376,8.15228,948.85889,0.28467,0
2091,461.65189,641.16072,455.06207,12,1,0,0.25121,1.00000,6.00000,698.35089,8.04737,936.64764,0.28851,0
2092,461.80391,680.25674,494.32423,12,1,0,0.25529,1.00000,6.00000,698.35089,7.81372,909.45361,0.27712,0
2093,461.77418,758.96696,494.85256,8,0,0,0.00000,0.00000,0.00000,0.00000,0.00000,0.00000,0.02835,0
2094,462.04178,50.57499,490.09762,8,0,0,0.28887,0.80447,3.00000,349.17545,3.36684,391.87259,0.17856,0
2095,462.01205,129.28521,490.62595,12,1,0,0.24913,1.00000,7.00000,814.74268,7.87189,916.22351,0.28013,0
2096,461.98232,207.99543,491.15427,12,1,0,0.25984,1.00000,6.00000,698.35089,7.56362,880.34381,0.27578,0
2097,461.95258,286.70565,491.68260,12,1,0,0.25439,1.00000,6.00000,698.35089,7.70111,896.34576,0.26982,0
2098,462.10460,325.80167,530.94476,12,1,0,0.25438,1.00000,6.08276,707.98376,7.91508,921.25098,0.27162,0
2099,461.92285,365.41587,492.21093,12,1,0,0.25332,1.00000,6.08276,707.98376,7.85016,913.69385,0.27898,0
2100,462.07487,404.51189,531.47308,12,1,0,0.25402,1.00000,6.00000,698.35089,7.77157,904.54761,0.27277,0
2101,461.89311,444.12609,492.73925,12,1,0,0.25347,1.00000,6.08276,707.98376,7.98986,929.95428,0.27533,0
2102,462.04514,483.22211,532.00141,12,1,0,0.25382,1.00000,6.08276,707.98376,8.03845,935.60938,0.27450,0
2103,462.01540,561.93233,532.52974,12,1,0,0.24843,1.00000,6.32456,736.12646,8.12319,945.47260,0.27392,0
2104,461.98567,640.64255,533.05806,12,1,0,0.24827,1.00000,6.00000,698.35089,8.11075,944.02551,0.29600,0
2105,461.95593,719.35277,533.58639,12,1,0,0.25698,1.00000,6.00000,698.35089,7.60438,885.08795,0.26726,0
2106,462.10796,758.44879,572.84855,8,0,0,0.00000,0.00000,0.00000,0.00000,0.00000,0.00000,0.02822,0
2107,462.19381,89.67102,529.35978,12,1,0,0.25591,1.00000,6.00000,698.35089,7.66876,892.58069,0.27750,0
2108,462.34583,128.76704,568.62194,12,1,0,0.25409,1.00000,6.00000,698.35089,7.74504,901.45923,0.27366,0
2109,462.16407,168.38123,529.88811,12,1,0,0.25264,1.00000,6.00000,698.35089,7.75141,902.20062,0.26995,0
2110,462.31609,207.47726,569.15026,12,1,0,0.25319,1.00000,6.00000,698.35089,7.66529,892.17688,0.27450,0
2111,462.13434,247.09145,530.41643,12,1,0,0.24655,1.00000,6.00000,698.35089,8.04155,935.97070,0.27520,0
2112,462.28636,286.18748,569.67859,12,1,0,0.25332,1.00000,6.00000,698.35089,7.90916,920.56207,0.28659,0
2113,462.25663,364.89770,570.20692,12,1,0,0.25947,1.00000,6.00000,698.35089,7.69946,896.15454,0.27488,0
2114,462.22689,443.60792,570.73524,12,1,0,0.24895,1.00000,6.00000,698.35089,7.88063,917.24103,0.28845,0
2115,462.19716,522.31813,571.26357,12,1,0,0.25295,1.00000,6.08276,707.98376,7.90629,920.22748,0.27200,0
2116,462.34918,561.41416,610.52573,12,1,0,0.24564,1.00000,6.00000,698.35089,8.04433,936.29437,0.28147,0
2117,462.16742,601.02835,571.79190,12,1,0,0.26124,1.00000,6.00000,698.35089,7.87211,916.24896,0.27667,0
2118,462.31945,640.12438,611.05405,12,1,0,0.26202,1.00000,6.00000,698.35089,7.53281,876.75732,0.26483,0
2119,462.13769,679.73857,572.32022,12,1,0,0.27932,1.00000,5.65685,658.41150,6.85155,797.46478,0.24480,0
2120,462.28971,718.83460,611.58238,12,1,0,0.27169,0.99443,5.00000,581.95911,6.87294,799.95343,0.26144,0
2121,462.37556,50.05682,568.09361,8,0,0,0.29880,0.82873,2.82843,329.20575,3.42500,398.64197,0.19021,0
2122,462.52758,89.15284,607.35577,12,1,0,0.24930,1.00000,6.08276,707.98376,7.91595,921.35187,0.27578,0
2123,462.49785,167.86306,607.88410,12,1,0,0.25035,1.00000,6.00000,698.35089,7.98104,928.92743,0.27558,0
2124,462.46812,246.57328,608.41242,12,1,0,0.24701,1.00000,6.00000,698.35089,7.80230,908.12384,0.27277,0
2125,462.62014,285.66931,647.67458,12,1,0,0.25698,1.00000,6.00000,698.35089,7.85021,913.70050,0.28230,0
2126,462.43838,325.28350,608.94075,12,1,0,0.24571,1.00000,6.00000,698.35089,8.06001,938.11938,0.27731,0
2127,462.59040,364.37953,648.20291,12,1,0,0.24429,1.00000,6.08276,707.98376,8.09055,941.67419,0.27533,0
2128,462.40865,403.99372,609.46908,12,1,0,0.25419,1.00000,6.00000,698.35089,7.94189,924.37122,0.27533,0
2129,462.56067,443.08974,648.73123,12,1,0,0.24828,1.00000,6.08276,707.98376,7.99002,929.97260,0.27539,0
2130,462.37891,482.70394,609.99740,12,1,0,0.24983,1.00000,6.08276,707.98376,7.89242,918.61340,0.26925,0
2131,462.53094,521.79996,649.25956,12,1,0,0.24133,1.00000,7.00000,814.74268,8.34600,971.40637,0.28614,0
2132,462.50120,600.51018,649.78789,12,1,0,0.24741,1.00000,6.32456,736.12646,8.15921,949.66498,0.28499,0
2133,462.47147,679.22040,650.31621,12,1,0,0.27027,0.98315,5.00000,581.95911,6.64978,773.97937,0.23994,0
2134,462.62349,718.31643,689.57837,12,1,0,0.25764,1.00000,6.00000,698.35089,7.54877,878.61536,0.27533,0
2135,462.44173,757.93062,650.84454,8,0,0,0.00000,0.00000,0.00000,0.00000,0.00000,0.00000,0.02880,0
2136,462.70934,49.53865,646.08960,8,0,0,0.31640,0.92179,4.00000,465.56726,4.63191,539.11633,0.19110,0
2137,462.86136,88.63467,685.35176,12,1,0,0.24913,1.00000,6.00000,698.35089,7.92077,921.91229,0.27949,0
2138,462.67961,128.24887,646.61793,12,1,0,0.24965,1.00000,6.16441,717.48730,7.86037,914.88239,0.26899,0
2139,462.83163,167.34489,685.88009,12,1,0,0.24691,1.00000,6.00000,698.35089,8.11543,944.56982,0.28134,0
2140,462.64987,206.95909,647.14626,12,1,0,0.25420,1.00000,6.00000,698.35089,7.86296,915.18414,0.27334,0
2141,462.80189,246.05511,686.40841,12,1,0,0.24828,1.00000,6.40312,745.27124,8.17135,951.07874,0.28134,0
2142,462.77216,324.76533,686.93674,12,1,0,0.27868,0.98638,4.47214,520.52002,6.67668,777.11047,0.24154,0
2143,462.74243,403.47555,687.46507,12,1,0,0.24721,1.00000,6.00000,698.35089,7.97533,928.26337,0.27526,0
2144,462.71269,482.18577,687.99339,12,1,0,0.25086,1.00000,7.00000,814.74268,8.03857,935.62427,0.27622,0
2145,462.86471,521.28179,727.25555,12,1,0,0.25529,1.00000,6.00000,698.35089,7.95332,925.70166,0.28256,0
2146,462.68296,560.89599,688.52172,12,1,0,0.24621,1.00000,6.00000,698.35089,8.13537,946.89026,0.27885,0
2147,462.83498,599.99201,727.78388,12,1,0,0.25900,1.00000,6.00000,698.35089,8.11349,944.34442,0.28256,0
2148,462.65322,639.60621,689.05004,12,1,0,0.25175,1.00000,6.00000,698.35089,7.88954,918.27747,0.28582,0
2149,462.80525,678.70223,728.31220,12,1,0,0.25352,1.00000,6.00000,698.35089,7.97681,928.43585,0.28090,0
2150,462.77551,757.41245,728.84053,8,0,0,0.00000,0.00000,0.00000,0.00000,0.00000,0.00000,0.02490,0
2151,463.04312,49.02048,724.08559,8,0,0,0.31902,0.90083,4.12311,479.89572,4.43169,515.81281,0.18419,0
2152,463.01339,127.73070,724.61392,12,1,0,0.26987,1.00000,5.00000,581.95911,7.09783,826.12939,0.25267,0
2153,462.98365,206.44092,725.14225,12,1,0,0.25104,1.00000,6.08276,707.98376,7.87457,916.53528,0.26291,0
2154,462.95392,285.15114,725.67057,12,1,0,0.25069,1.00000,6.63325,772.05597,8.04771,936.68774,0.27034,0
2155,463.10594,324.24716,764.93273,8,0,0,0.27778,0.75549,3.00000,349.17545,2.50000,290.97955,0.17139,0
2156,462.92418,363.86136,726.19890,12,1,0,0.25523,1.00000,6.32456,736.12646,7.93430,923.48798,0.27373,0
2157,463.07621,402.95738,765.46106,8,0,0,0.28746,0.78992,2.23607,260.26001,2.89908,337.42877,0.17050,0
2158,462.89445,442.57157,726.72722,12,1,0,0.24948,1.00000,6.00000,698.35089,8.11382,944.38257,0.27808,0
2159,463.04647,481.66760,765.98938,8,0,0,0.27923,0.76944,2.00000,232.78363,2.84119,330.69162,0.17114,0
2160,463.01674,560.37782,766.51771,8,0,0,0.28103,0.77534,3.00000,349.17545,3.05818,355.94699,0.16858,0
2161,462.98700,639.08804,767.04603,8,0,0,0.27651,0.76860,2.00000,232.78363,2.22816,259.33905,0.17107,0
2162,462.95727,717.79825,767.57436,8,0,0,0.30683,0.83611,3.00000,349.17545,3.26773,380.33734,0.16614,0
2163,463.19514,88.11650,763.34775,8,0,0,0.29866,0.86226,3.00000,349.17545,3.99326,464.78296,0.17472,0
2164,463.16541,166.82672,763.87608,8,0,0,0.28529,0.79292,3.00000,349.17545,2.69228,313.35895,0.16563,0
2165,463.13567,245.53694,764.40440,8,0,0,0.28724,0.82633,3.00000,349.17545,3.55680,413.98227,0.17690,0
2166,499.37021,132.18281,61.57429,8,0,0,0.27579,0.78310,3.00000,349.17545,3.08235,358.76065,0.16621,0
2167,499.34048,210.89303,62.10262,8,0,0,0.28400,0.79109,3.00000,349.17545,3.15206,366.87384,0.17421,0
2168,499.31074,289.60325,62.63095,8,0,0,0.27560,0.80899,2.82843,329.20575,3.15061,366.70486,0.17786,0
2169,499.28101,368.31347,63.15927,8,0,0,0.29961,0.84488,3.16228,368.06323,3.70748,431.51993,0.17606,0
2170,499.25128,447.02369,63.68760,8,0,0,0.27884,0.77437,2.23607,260.26001,2.91610,339.41037,0.16525,0
2171,499.22154,525.73390,64.21592,8,0,0,0.27925,0.78022,2.82843,329.20575,2.66852,310.59372,0.16826,0
2172,499.37356,564.82993,103.47808,12,1,0,0.24501,1.00000,6.00000,698.35089,8.23021,957.92920,0.29683,0
2173,499.19181,604.44412,64.74425,8,0,0,0.28351,0.82584,3.00000,349.17545,3.71700,432.62839,0.17254,0
2174,499.34383,643.54015,104.00641,12,1,0,0.26030,1.00000,5.00000,581.95911,7.58646,883.00208,0.27750,0
2175,499.16207,683.15434,65.27258,8,0,0,0.29475,0.83934,3.00000,349.17545,3.20870,373.46591,0.17126,0
2176,499.31410,722.25037,104.53473,12,1,0,0.26881,0.96078,4.24264,493.80862,6.28107,731.06567,0.26074,0
2177,499.13234,761.86456,65.80090,5,0,0,0.00000,0.00000,0.00000,0.00000,0.00000,0.00000,0.01741,0
2178,499.39995,53.47259,61.04597,5,0,0,0.29719,0.61157,2.23607,260.26001,2.60476,303.17297,0.10112,0
2179,499.55197,92.56862,100.30813,12,1,0,0.24446,1.00000,6.00000,698.35089,8.25151,960.40784,0.28358,0
2180,499.52224,171.27883,100.83645,12,1,0,0.24518,1.00000,7.00000,814.74268,8.20757,955.29340,0.27738,0
2181,499.49250,249.98905,101.36478,12,1,0,0.25034,1.00000,7.00000,814.74268,8.21319,955.94843,0.28320,0
2182,499.46277,328.69927,101.89310,12,1,0,0.24621,1.00000,6.00000,698.35089,7.97915,928.70764,0.28058,0
2183,499.61479,367.79530,141.15526,12,1,0,0.24913,1.00000,6.00000,698.35089,8.00534,931.75610,0.27142,0
2184,499.43303,407.40949,102.42143,12,1,0,0.24368,1.00000,6.00000,698.35089,7.92600,922.52185,0.28352,0
2185,499.58506,446.50552,141.68359,12,1,0,0.24226,1.00000,6.08276,707.98376,8.37722,975.03931,0.28691,0
2186,499.40330,486.11971,102.94976,12,1,0,0.25087,1.00000,6.00000,698.35089,7.99412,930.45007,0.27552,0
2187,499.55532,525.21573,142.21191,12,1,0,0.24600,1.00000,6.00000,698.35089,8.06944,939.21667,0.28269,0
2188,499.52559,603.92595,142.74024,12,1,0,0.24948,1.00000,6.00000,698.35089,8.19898,954.29388,0.29408,0
2189,499.49585,682.63617,143.26857,12,1,0,0.00000,0.00000,0.00000,0.00000,0.00000,0.00000,0.00000,0
2190,499.46612,761.34639,143.79689,8,0,0,0.00000,0.00000,0.00000,0.00000,0.00000,0.00000,0.02688,0
2191,499.73373,52.95442,139.04196,8,0,0,0.30297,0.81319,2.82843,329.20575,3.53130,411.01407,0.18221,0
2192,499.70399,131.66464,139.57028,12,1,0,0.24895,1.00000,6.92820,806.38611,7.89736,919.18835,0.27680,0
2193,499.85601,170.76066,178.83244,12,1,0,0.25593,1.00000,6.08276,707.98376,7.86517,915.44098,0.28621,0
2194,499.67426,210.37486,140.09861,12,1,0,0.24706,1.00000,6.16441,717.48730,7.96430,926.97961,0.28582,0
2195,499.82628,249.47088,179.36077,12,1,0,0.24965,1.00000,6.08276,707.98376,7.88819,918.12018,0.28563,0
2196,499.64452,289.08508,140.62694,12,1,0,0.24722,1.00000,6.00000,698.35089,8.00796,932.06134,0.27552,0
2197,499.79655,328.18110,179.88909,12,1,0,0.26010,1.00000,6.63325,772.05597,7.69075,895.14001,0.27398,0
2198,499.76681,406.89132,180.41742,12,1,0,0.25678,1.00000,5.91608,688.58331,7.66406,892.03333,0.25798,0
2199,499.73708,485.60154,180.94575,12,1,0,0.24844,1.00000,6.00000,698.35089,8.17916,951.98730,0.27949,0
2200,499.70734,564.31176,181.47407,12,1,0,0.24827,1.00000,7.00000,814.74268,8.15389,949.04559,0.27955,0
2201,499.85937,603.40778,220.73623,12,1,0,0.24691,1.00000,6.40312,745.27124,8.30988,967.20203,0.30400,0
2202,499.67761,643.02198,182.00240,12,1,0,0.25373,1.00000,5.74456,668.62006,7.80623,908.58130,0.28480,0
2203,499.82963,682.11800,221.26456,12,1,0,0.25526,1.00000,6.00000,698.35089,7.83816,912.29803,0.27405,0
2204,499.64788,721.73220,182.53072,12,1,0,0.26497,1.00000,5.09902,593.48413,7.08559,824.70453,0.25786,0
2205,499.79990,760.82822,221.79288,8,0,0,0.00000,0.00000,0.00000,0.00000,0.00000,0.00000,0.02720,0
2206,500.06750,52.43625,217.03795,8,0,0,0.31981,0.92717,4.00000,465.56726,4.63370,539.32452,0.18515,0
2207,499.88575,92.05045,178.30412,12,1,0,0.25960,1.00000,6.00000,698.35089,7.67102,892.84424,0.28288,0
2208,500.03777,131.14647,217.56627,12,1,0,0.25726,1.00000,6.00000,698.35089,7.73032,899.74561,0.26931,0
2209,500.00804,209.85669,218.09460,12,1,0,0.25632,1.00000,6.92820,806.38611,7.98606,929.51166,0.27757,0
2210,499.97830,288.56691,218.62293,12,1,0,0.25157,1.00000,6.00000,698.35089,8.09183,941.82312,0.29325,0
2211,499.94857,367.27713,219.15125,12,1,0,0.25189,1.00000,6.08276,707.98376,8.03335,935.01575,0.27834,0
2212,500.10059,406.37315,258.41341,12,1,0,0.24792,1.00000,6.00000,698.35089,8.12126,945.24774,0.29069,0
2213,499.91883,445.98734,219.67958,12,1,0,0.25157,1.00000,6.00000,698.35089,8.21410,956.05365,0.28346,0
2214,500.07086,485.08337,258.94174,12,1,0,0.25507,1.00000,6.00000,698.35089,8.25568,960.89368,0.29158,0
2215,499.88910,524.69756,220.20791,12,1,0,0.25243,1.00000,6.08276,707.98376,8.00226,931.39728,0.28045,0
2216,500.04112,563.79359,259.47006,12,1,0,0.24828,1.00000,7.00000,814.74268,8.26507,961.98706,0.29094,0
2217,500.01139,642.50381,259.99839,12,1,0,0.25698,1.00000,6.00000,698.35089,8.03667,935.40222,0.28326,0
2218,499.98165,721.21403,260.52672,12,1,0,0.25228,1.00000,6.00000,698.35089,7.72001,898.54626,0.26669,0
2219,500.21953,91.53227,256.30011,12,1,0,0.25105,1.00000,6.00000,698.35089,7.85461,914.21216,0.27046,0
2220,500.37155,130.62830,295.56227,12,1,0,0.25486,1.00000,6.00000,698.35089,7.67105,892.84729,0.27718,0
2221,500.18979,170.24249,256.82843,12,1,0,0.25834,1.00000,6.00000,698.35089,7.84019,912.53424,0.27802,0
2222,500.34181,209.33852,296.09059,12,1,0,0.25462,1.00000,6.08276,707.98376,7.69462,895.59131,0.28070,0
2223,500.16006,248.95271,257.35676,12,1,0,0.25173,1.00000,6.00000,698.35089,8.03231,934.89484,0.28115,0
2224,500.31208,288.04874,296.61892,12,1,0,0.25590,1.00000,6.00000,698.35089,7.77285,904.69641,0.28128,0
2225,500.13032,327.66293,257.88509,12,1,0,0.24931,1.00000,6.00000,698.35089,7.96452,927.00519,0.27162,0
2226,500.28235,366.75896,297.14724,12,1,0,0.25331,1.00000,6.08276,707.98376,8.08989,941.59729,0.29043,0
2227,500.25261,445.46917,297.67557,12,1,0,0.24584,1.00000,6.00000,698.35089,8.13093,946.37378,0.28698,0
2228,500.22288,524.17939,298.20390,12,1,0,0.25155,1.00000,6.00000,698.35089,8.28646,964.47632,0.28947,0
2229,500.37490,563.27542,337.46605,12,1,0,0.24739,1.00000,6.00000,698.35089,7.91977,921.79681,0.27526,0
2230,500.19314,602.88961,298.73222,12,1,0,0.25350,1.00000,6.00000,698.35089,8.01751,933.17249,0.28141,0
2231,500.34517,641.98564,337.99438,12,1,0,0.24843,1.00000,6.00000,698.35089,8.15502,949.17731,0.28339,0
2232,500.16341,681.59983,299.26055,12,1,0,0.25087,1.00000,6.00000,698.35089,7.85290,914.01300,0.27264,0
2233,500.31543,720.69586,338.52271,12,1,0,0.25353,1.00000,6.00000,698.35089,7.77728,905.21210,0.27002,0
2234,500.13368,760.31005,299.78887,8,0,0,0.00000,0.00000,0.00000,0.00000,0.00000,0.00000,0.02771,0
2235,500.40128,51.91808,295.03394,8,0,0,0.29443,0.77348,2.23607,260.26001,3.05016,355.01376,0.18496,0
2236,500.55330,91.01410,334.29610,12,1,0,0.24621,1.00000,6.00000,698.35089,8.03109,934.75366,0.28090,0
2237,500.52357,169.72432,334.82442,12,1,0,0.24860,1.00000,6.00000,698.35089,7.89120,918.47107,0.27866,0
2238,500.49384,248.43454,335.35275,12,1,0,0.24457,1.00000,6.00000,698.35089,7.95788,926.23248,0.27821,0
2239,500.46410,327.14476,335.88108,12,1,0,0.24621,1.00000,7.00000,814.74268,7.99146,930.14044,0.27584,0
2240,500.61612,366.24078,375.14323,12,1,0,0.24983,1.00000,6.08276,707.98376,8.03058,934.69409,0.28691,0
2241,500.43437,405.85498,336.40940,12,1,0,0.27181,0.98876,5.00000,581.95911,6.70951,780.93164,0.23910,0
2242,500.58639,444.95100,375.67156,12,1,0,0.24742,1.00000,7.00000,814.74268,8.23102,958.02368,0.28717,0
2243,500.40463,484.56520,336.93773,12,1,0,0.24811,1.00000,7.00000,814.74268,8.06949,939.22266,0.28000,0
2244,500.55666,523.66122,376.19989,12,1,0,0.24417,1.00000,7.00000,814.74268,8.44256,982.64514,0.29594,0
2245,500.52692,602.37144,376.72821,12,1,0,0.24842,1.00000,6.00000,698.35089,7.96996,927.63867,0.27699,0
2246,500.49719,681.08166,377.25654,12,1,0,0.24555,1.00000,6.08276,707.98376,8.06831,939.08557,0.28154,0
2247,500.46745,759.79188,377.78486,8,0,0,0.00000,0.00000,0.00000,0.00000,0.00000,0.00000,0.02925,0
2248,500.73506,51.39991,373.02993,8,0,0,0.32088,0.93056,4.00000,465.56726,4.64277,540.38000,0.18854,0
2249,500.70533,130.11013,373.55826,12,1,0,0.25017,1.00000,6.00000,698.35089,7.77306,904.71997,0.27981,0
2250,500.85735,169.20615,412.82041,12,1,0,0.26335,1.00000,6.00000,698.35089,7.41528,863.07758,0.26278,0
2251,500.67559,208.82035,374.08658,12,1,0,0.25279,1.00000,6.00000,698.35089,7.97751,928.51709,0.28192,0
2252,500.82761,247.91637,413.34874,12,1,0,0.25190,1.00000,6.08276,707.98376,7.93559,923.63739,0.27104,0
2253,500.64586,287.53057,374.61491,12,1,0,0.24547,1.00000,6.00000,698.35089,8.08977,941.58282,0.29587,0
2254,500.79788,326.62659,413.87707,12,1,0,0.25087,1.00000,6.00000,698.35089,7.90850,920.48505,0.27270,0
2255,500.76815,405.33681,414.40539,12,1,0,0.24982,1.00000,6.00000,698.35089,7.84170,912.71002,0.25990,0
2256,500.73841,484.04703,414.93372,12,1,0,0.25523,1.00000,6.00000,698.35089,7.78833,906.49768,0.25862,0
2257,500.70868,562.75725,415.46204,12,1,0,0.24774,1.00000,6.00000,698.35089,8.01324,932.67578,0.28922,0
2258,500.86070,601.85327,454.72420,12,1,0,0.24896,1.00000,6.08276,707.98376,8.16275,950.07764,0.28979,0
2259,500.67894,641.46747,415.99037,12,1,0,0.25122,1.00000,6.16441,717.48730,7.85706,914.49695,0.27142,0
2260,500.83097,680.56349,455.25253,12,1,0,0.26359,0.99438,5.00000,581.95911,7.13322,830.24902,0.25478,0
2261,500.64921,720.17768,416.51870,12,1,0,0.25303,1.00000,6.00000,698.35089,7.71670,898.16113,0.27123,0
2262,500.80123,759.27371,455.78085,8,0,0,0.00000,0.00000,0.00000,0.00000,0.00000,0.00000,0.02829,0
2263,501.06884,50.88174,451.02592,8,0,0,0.31579,0.83836,3.00000,349.17545,3.66527,426.60699,0.19322,0
2264,500.88708,90.49593,412.29209,12,1,0,0.24965,1.00000,6.08276,707.98376,7.82983,911.32806,0.26208,0
2265,501.03910,129.59196,451.55425,12,1,0,0.25583,1.00000,6.00000,698.35089,7.70077,896.30676,0.27757,0
2266,501.00937,208.30218,452.08257,12,1,0,0.25191,1.00000,6.00000,698.35089,8.05839,937.93103,0.29504,0
2267,500.97964,287.01240,452.61090,12,1,0,0.25229,1.00000,6.00000,698.35089,7.93701,923.80322,0.28454,0
2268,500.94990,365.72261,453.13922,12,1,0,0.25777,1.00000,6.00000,698.35089,7.85414,914.15771,0.27923,0
2269,501.10192,404.81864,492.40138,12,1,0,0.24965,1.00000,7.00000,814.74268,8.06413,938.59814,0.27674,0
2270,500.92017,444.43283,453.66755,12,1,0,0.24622,1.00000,7.00000,814.74268,8.15529,949.20911,0.27706,0
2271,501.07219,483.52886,492.92971,12,1,0,0.25035,1.00000,6.63325,772.05597,7.98231,929.07520,0.27398,0
2272,500.89043,523.14305,454.19588,12,1,0,0.25399,1.00000,6.08276,707.98376,8.19229,953.51575,0.29075,0
2273,501.04246,562.23908,493.45803,12,1,0,0.24879,1.00000,6.00000,698.35089,8.07923,940.35663,0.29427,0
2274,501.01272,640.94930,493.98636,12,1,0,0.25650,1.00000,6.08276,707.98376,8.02741,934.32477,0.28294,0
2275,500.98299,719.65951,494.51469,12,1,0,0.25586,1.00000,6.00000,698.35089,7.74596,901.56598,0.27507,0
2276,501.22086,89.97776,490.28808,12,1,0,0.28177,0.98892,4.24264,493.80862,6.17853,719.13019,0.25158,0
2277,501.37288,129.07379,529.55024,12,1,0,0.25316,1.00000,6.00000,698.35089,7.78595,906.22089,0.28269,0
2278,501.19113,168.68798,490.81640,12,1,0,0.25476,1.00000,6.00000,698.35089,7.75849,903.02454,0.26368,0
2279,501.34315,207.78401,530.07856,12,1,0,0.25280,1.00000,6.00000,698.35089,7.89020,918.35529,0.27411,0
2280,501.16139,247.39820,491.34473,12,1,0,0.25140,1.00000,6.00000,698.35089,7.78947,906.63062,0.26803,0
2281,501.31341,286.49423,530.60689,12,1,0,0.24666,1.00000,7.00000,814.74268,7.95332,925.70166,0.28493,0
2282,501.13166,326.10842,491.87306,12,1,0,0.26099,1.00000,6.08276,707.98376,7.64911,890.29358,0.27206,0
2283,501.28368,365.20444,531.13522,12,1,0,0.25367,1.00000,6.00000,698.35089,8.04215,936.04059,0.28960,0
2284,501.25395,443.91466,531.66354,12,1,0,0.24948,1.00000,7.00000,814.74268,8.09843,942.59149,0.29203,0
2285,501.22421,522.62488,532.19187,12,1,0,0.26807,0.99441,4.58258,533.37433,7.04334,819.78705,0.26438,0
2286,501.19448,601.33510,532.72019,12,1,0,0.25139,1.00000,7.00000,814.74268,8.24888,960.10205,0.29139,0
2287,501.34650,640.43112,571.98235,12,1,0,0.25105,1.00000,6.00000,698.35089,7.87581,916.68030,0.28237,0
2288,501.16474,680.04532,533.24852,12,1,0,0.25772,1.00000,6.00000,698.35089,7.91220,920.91486,0.27539,0
2289,501.31677,719.14134,572.51068,12,1,0,0.25230,1.00000,6.00000,698.35089,7.65802,891.33075,0.27610,0
2290,501.13501,758.75554,533.77685,8,0,0,0.00000,0.00000,0.00000,0.00000,0.00000,0.00000,0.02899,0
2291,501.40262,50.36357,529.02191,8,0,0,0.28685,0.80447,3.00000,349.17545,3.12273,363.45987,0.18176,0
2292,501.55464,89.45959,568.28407,12,1,0,0.24947,1.00000,6.00000,698.35089,7.89311,918.69287,0.27706,0
2293,501.52491,168.16981,568.81240,12,1,0,0.24773,1.00000,6.40312,745.27124,7.90645,920.24634,0.27571,0
2294,501.49517,246.88003,569.34072,12,1,0,0.24673,1.00000,6.08276,707.98376,8.06038,938.16168,0.27699,0
2295,501.46544,325.59025,569.86905,12,1,0,0.24587,1.00000,7.00000,814.74268,8.10529,943.38934,0.27808,0
2296,501.61746,364.68627,609.13121,12,1,0,0.25317,1.00000,6.00000,698.35089,7.89083,918.42816,0.27258,0
2297,501.43570,404.30047,570.39737,12,1,0,0.24704,1.00000,6.00000,698.35089,7.91498,921.23944,0.27974,0
2298,501.58773,443.39649,609.65953,12,1,0,0.25268,1.00000,6.00000,698.35089,7.73269,900.02185,0.28006,0
2299,501.40597,483.01069,570.92570,12,1,0,0.24606,1.00000,6.08276,707.98376,8.19386,953.69867,0.28506,0
2300,501.55799,522.10671,610.18786,12,1,0,0.25123,1.00000,6.00000,698.35089,7.93267,923.29761,0.28762,0
2301,501.37623,561.72091,571.45403,12,1,0,0.24362,1.00000,6.40312,745.27124,8.16735,950.61310,0.28506,0
2302,501.52826,600.81693,610.71618,12,1,0,0.24982,1.00000,6.00000,698.35089,7.87375,916.44061,0.27949,0
2303,501.49852,679.52715,611.24451,12,1,0,0.25430,1.00000,6.00000,698.35089,7.78974,906.66205,0.27590,0
2304,501.46879,758.23737,611.77284,8,0,0,0.00000,0.00000,0.00000,0.00000,0.00000,0.00000,0.02784,0
2305,501.73640,49.84540,607.01790,8,0,0,0.30300,0.83242,3.00000,349.17545,3.75453,436.99637,0.19014,0
2306,501.70666,128.55562,607.54623,12,1,0,0.25397,1.00000,6.00000,698.35089,7.48835,871.58228,0.24614,0
2307,501.85868,167.65164,646.80839,12,1,0,0.25175,1.00000,6.00000,698.35089,8.00051,931.19421,0.29267,0
2308,501.67693,207.26584,608.07455,12,1,0,0.25052,1.00000,6.00000,698.35089,7.95863,926.31915,0.28307,0
2309,501.82895,246.36186,647.33671,12,1,0,0.25105,1.00000,6.00000,698.35089,8.13556,946.91315,0.28826,0
2310,501.64719,285.97605,608.60288,12,1,0,0.27467,1.00000,5.00000,581.95911,6.81751,793.50281,0.26061,0
2311,501.79922,325.07208,647.86504,12,1,0,0.25523,1.00000,6.00000,698.35089,8.05174,937.15717,0.28192,0
2312,501.76948,403.78230,648.39336,12,1,0,0.25035,1.00000,6.00000,698.35089,8.12071,945.18457,0.28666,0
2313,501.73975,482.49252,648.92169,12,1,0,0.24641,1.00000,6.00000,698.35089,8.07704,940.10095,0.27475,0
2314,501.71001,561.20274,649.45002,12,1,0,0.24535,1.00000,6.00000,698.35089,8.10488,943.34119,0.28410,0
2315,501.86204,600.29876,688.71217,12,1,0,0.24965,1.00000,6.00000,698.35089,8.18871,953.09875,0.28435,0
2316,501.68028,639.91295,649.97834,12,1,0,0.25140,1.00000,6.00000,698.35089,7.98261,929.10999,0.29651,0
2317,501.83230,679.00898,689.24050,12,1,0,0.25747,1.00000,6.00000,698.35089,7.76732,904.05206,0.27891,0
2318,501.65055,718.62317,650.50667,12,1,0,0.24770,1.00000,6.08276,707.98376,7.78383,905.97382,0.28448,0
2319,501.80257,757.71920,689.76883,8,0,0,0.00000,0.00000,0.00000,0.00000,0.00000,0.00000,0.02707,0
2320,502.07017,49.32723,685.01389,8,0,0,0.32079,0.89751,3.60555,419.65665,4.32742,503.67618,0.18829,0
2321,501.88842,88.94142,646.28006,12,1,0,0.25788,1.00000,6.08276,707.98376,7.99379,930.41229,0.28141,0
2322,502.04044,128.03745,685.54222,12,1,0,0.25000,1.00000,6.00000,698.35089,7.85814,914.62311,0.27334,0
2323,502.01071,206.74767,686.07054,12,1,0,0.25367,1.00000,6.00000,698.35089,8.09580,942.28467,0.28211,0
2324,501.98097,285.45788,686.59887,12,1,0,0.25138,1.00000,6.00000,698.35089,7.99232,930.24011,0.27648,0
2325,501.95124,364.16810,687.12720,12,1,0,0.25417,1.00000,6.08276,707.98376,8.15750,949.46570,0.27277,0
2326,502.10326,403.26413,726.38935,12,1,0,0.24674,1.00000,6.08276,707.98376,8.19080,953.34241,0.27878,0
2327,501.92150,442.87832,687.65552,12,1,0,0.24691,1.00000,6.08276,707.98376,8.24562,959.72229,0.27629,0
2328,502.07353,481.97435,726.91768,12,1,0,0.25331,1.00000,7.00000,814.74268,8.23654,958.66602,0.28717,0
2329,501.89177,521.58854,688.18385,12,1,0,0.24707,1.00000,6.00000,698.35089,8.10029,942.80707,0.26675,0
2330,502.04379,560.68456,727.44601,12,1,0,0.24519,1.00000,6.08276,707.98376,8.14680,948.22076,0.28051,0
2331,502.01406,639.39478,727.97433,12,1,0,0.24570,1.00000,6.00000,698.35089,8.36032,973.07294,0.30029,0
2332,501.98432,718.10500,728.50266,12,1,0,0.25053,1.00000,6.00000,698.35089,7.90131,919.64819,0.28141,0
2333,502.22220,88.42325,724.27605,12,1,0,0.26626,0.99435,5.00000,581.95911,6.88059,800.84454,0.25587,0
2334,502.37422,127.51928,763.53821,8,0,0,0.26870,0.78674,3.00000,349.17545,2.90593,338.22659,0.16166,0
2335,502.19246,167.13347,724.80438,12,1,0,0.25362,1.00000,6.16441,717.48730,8.35928,972.95172,0.29434,0
2336,502.34448,206.22949,764.06653,8,0,0,0.28261,0.79666,2.82843,329.20575,3.36920,392.14740,0.17331,0
2337,502.16273,245.84369,725.33270,12,1,0,0.24827,1.00000,6.40312,745.27124,8.20232,954.68347,0.28294,0
2338,502.31475,284.93971,764.59486,8,0,0,0.28947,0.80112,3.00000,349.17545,3.11452,362.50418,0.16928,0
2339,502.13299,324.55391,725.86103,12,1,0,0.26192,1.00000,5.65685,658.41150,7.29548,849.13391,0.25293,0
2340,502.28502,363.64993,765.12319,8,0,0,0.26647,0.74373,2.00000,232.78363,2.33891,272.23013,0.17235,0
2341,502.25528,442.36015,765.65151,8,0,0,0.27844,0.77716,3.00000,349.17545,2.88136,335.36716,0.16774,0
2342,502.22555,521.07037,766.17984,8,0,0,0.29013,0.79508,2.44949,285.10056,3.28112,381.89578,0.17517,0
2343,502.19581,599.78059,766.70816,8,0,0,0.28415,0.78729,3.00000,349.17545,3.03643,353.41608,0.17030,0
2344,502.16608,678.49081,767.23649,8,0,0,0.28817,0.84831,3.00000,349.17545,3.80943,443.38644,0.17440,0
2345,502.13635,757.20103,767.76482,5,0,0,0.00000,0.00000,0.00000,0.00000,0.00000,0.00000,0.01709,0
2346,502.40395,48.80906,763.00988,5,0,0,0.30916,0.67500,2.23607,260.26001,2.56953,299.07239,0.11213,0
2347,538.37089,643.84690,64.93471,8,0,0,0.29423,0.84530,3.00000,349.17545,3.81481,444.01218,0.17779,0
2348,538.34115,722.55711,65.46303,8,0,0,0.30386,0.92550,4.00000,465.56726,4.70474,547.59381,0.17018,0
2349,538.57902,92.87536,61.23642,8,0,0,0.29183,0.83565,3.16228,368.06323,3.50000,407.37134,0.17472,0
2350,538.54929,171.58558,61.76475,8,0,0,0.30230,0.85311,3.00000,349.17545,3.83036,445.82297,0.16883,0
2351,538.51956,250.29580,62.29308,8,0,0,0.27890,0.76816,3.00000,349.17545,2.92500,340.44604,0.15827,0
2352,538.48982,329.00602,62.82140,8,0,0,0.27515,0.77933,2.23607,260.26001,3.14000,365.47031,0.16282,0
2353,538.46009,407.71624,63.34973,8,0,0,0.27429,0.76554,3.00000,349.17545,2.89375,336.80881,0.16333,0
2354,538.61211,446.81226,102.61189,12,1,0,0.24380,1.00000,6.08276,707.98376,8.07225,939.54352,0.28576,0
2355,538.43035,486.42646,63.87805,8,0,0,0.28147,0.79109,2.00000,232.78363,2.35484,274.08395,0.16666,0
2356,538.58238,525.52248,103.14021,12,1,0,0.24808,1.00000,7.00000,814.74268,7.90138,919.65649,0.27482,0
2357,538.40062,565.13668,64.40638,8,0,0,0.28766,0.83146,3.00000,349.17545,3.34362,389.16965,0.16979,0
2358,538.55264,604.23270,103.66854,12,1,0,0.24600,1.00000,6.00000,698.35089,8.10886,943.80536,0.28410,0
2359,538.52291,682.94292,104.19686,12,1,0,0.27056,0.97507,4.24264,493.80862,6.59844,768.00476,0.24934,0
2360,538.49317,761.65314,104.72519,8,0,0,0.00000,0.00000,0.00000,0.00000,0.00000,0.00000,0.02419,0
2361,538.76078,53.26117,99.97026,8,0,0,0.32287,0.90385,4.00000,465.56726,4.38732,510.64859,0.19117,0
2362,538.73105,131.97139,100.49858,12,1,0,0.25035,1.00000,6.00000,698.35089,7.87440,916.51599,0.27014,0
2363,538.70131,210.68161,101.02691,12,1,0,0.25087,1.00000,6.00000,698.35089,8.08280,940.77185,0.28474,0
2364,538.85333,249.77763,140.28907,12,1,0,0.24983,1.00000,7.00000,814.74268,8.23025,957.93353,0.28013,0
2365,538.67158,289.39183,101.55523,12,1,0,0.24670,1.00000,6.08276,707.98376,7.97303,927.99518,0.27264,0
2366,538.82360,328.48785,140.81739,12,1,0,0.24380,1.00000,6.16441,717.48730,8.15615,949.30945,0.28602,0
2367,538.64184,368.10204,102.08356,12,1,0,0.25175,1.00000,6.00000,698.35089,8.09302,941.96155,0.27987,0
2368,538.79387,407.19807,141.34572,12,1,0,0.24604,1.00000,6.00000,698.35089,8.13996,947.42499,0.27808,0
2369,538.76413,485.90829,141.87404,12,1,0,0.27778,1.00000,5.00000,581.95911,7.00800,815.67377,0.23834,0
2370,538.73440,564.61851,142.40237,12,1,0,0.27008,0.98880,5.00000,581.95911,6.78103,789.25665,0.24723,0
2371,538.70466,643.32872,142.93070,12,1,0,0.26246,1.00000,5.00000,581.95911,7.37928,858.88770,0.26131,0
2372,538.85669,682.42475,182.19286,12,1,0,0.26335,0.99719,5.00000,581.95911,7.18842,836.67334,0.24800,0
2373,538.67493,722.03894,143.45902,12,1,0,0.27448,0.99441,4.35890,507.34018,6.67805,777.27069,0.24237,0
2374,538.82695,761.13497,182.72118,8,0,0,0.00000,0.00000,0.00000,0.00000,0.00000,0.00000,0.02726,0
2375,539.09456,52.74300,177.96625,8,0,0,0.31179,0.82609,3.00000,349.17545,3.64453,424.19360,0.18765,0
2376,538.91280,92.35719,139.23241,12,1,0,0.25334,1.00000,6.00000,698.35089,7.68509,894.48193,0.26368,0
2377,539.06482,131.45322,178.49457,12,1,0,0.26282,1.00000,6.00000,698.35089,7.56493,880.49548,0.27098,0
2378,538.88307,171.06741,139.76074,12,1,0,0.25330,1.00000,6.78233,789.40771,8.07626,940.01019,0.27302,0
2379,539.03509,210.16344,179.02290,12,1,0,0.25404,1.00000,6.00000,698.35089,7.90626,920.22345,0.27757,0
2380,539.00536,288.87365,179.55122,12,1,0,0.25439,1.00000,6.00000,698.35089,7.93979,924.12622,0.28192,0
2381,538.97562,367.58387,180.07955,12,1,0,0.24965,1.00000,7.00000,814.74268,8.16121,949.89819,0.28525,0
2382,538.94589,446.29409,180.60788,12,1,0,0.24504,1.00000,6.08276,707.98376,8.23279,958.22925,0.28454,0
2383,539.09791,485.39012,219.87004,12,1,0,0.24742,1.00000,6.08276,707.98376,8.06793,939.04059,0.26989,0
2384,538.91615,525.00431,181.13620,12,1,0,0.25489,1.00000,7.00000,814.74268,8.28891,964.76184,0.28461,0
2385,539.06818,564.10034,220.39836,12,1,0,0.25069,1.00000,7.00000,814.74268,8.11757,944.81915,0.28134,0
2386,538.88642,603.71453,181.66453,12,1,0,0.24809,1.00000,6.08276,707.98376,8.19898,954.29443,0.28096,0
2387,539.03844,642.81055,220.92669,12,1,0,0.25457,1.00000,6.00000,698.35089,8.18598,952.78082,0.29638,0
2388,539.00871,721.52077,221.45501,12,1,0,0.25688,1.00000,6.00000,698.35089,7.73082,899.80408,0.27270,0
2389,539.24658,91.83902,217.22841,12,1,0,0.26749,1.00000,5.09902,593.48413,7.39656,860.89948,0.26637,0
2390,539.21685,170.54924,217.75673,12,1,0,0.25018,1.00000,6.00000,698.35089,7.63133,888.22485,0.27546,0
2391,539.36887,209.64527,257.01889,12,1,0,0.25333,1.00000,6.00000,698.35089,7.80903,908.90735,0.27974,0
2392,539.18711,249.25946,218.28506,12,1,0,0.25654,1.00000,6.00000,698.35089,7.90260,919.79749,0.28256,0
2393,539.33913,288.35548,257.54722,12,1,0,0.24791,1.00000,6.00000,698.35089,7.95150,925.48969,0.28102,0
2394,539.15738,327.96968,218.81338,12,1,0,0.26672,1.00000,6.00000,698.35089,7.47677,870.23486,0.26605,0
2395,539.30940,367.06570,258.07554,12,1,0,0.25191,1.00000,6.08276,707.98376,8.07888,940.31500,0.27373,0
2396,539.12764,406.67990,219.34171,12,1,0,0.25723,1.00000,6.00000,698.35089,7.47242,869.72809,0.25594,0
2397,539.27967,445.77592,258.60387,12,1,0,0.24722,1.00000,6.00000,698.35089,8.16903,950.80847,0.28358,0
2398,539.24993,524.48614,259.13219,12,1,0,0.24535,1.00000,6.00000,698.35089,8.18921,953.15698,0.28922,0
2399,539.22020,603.19636,259.66052,12,1,0,0.24758,1.00000,6.00000,698.35089,8.04348,936.19525,0.28230,0
2400,539.37222,642.29238,298.92268,12,1,0,0.24827,1.00000,6.08276,707.98376,8.00391,931.59009,0.28250,0
2401,539.19046,681.90658,260.18885,12,1,0,0.26007,1.00000,6.00000,698.35089,7.90328,919.87683,0.27130,0
2402,539.34249,721.00260,299.45100,12,1,0,0.25192,1.00000,6.00000,698.35089,7.77079,904.45648,0.27219,0
2403,539.16073,760.61680,260.71717,8,0,0,0.00000,0.00000,0.00000,0.00000,0.00000,0.00000,0.02426,0
2404,539.42834,52.22483,255.96224,8,0,0,0.31409,0.88920,4.00000,465.56726,4.26162,496.01807,0.19123,0
2405,539.58036,91.32085,295.22440,12,1,0,0.25035,1.00000,6.00000,698.35089,7.81100,909.13666,0.28006,0
2406,539.39860,130.93505,256.49056,12,1,0,0.26022,1.00000,6.00000,698.35089,7.67325,893.10303,0.27603,0
2407,539.55062,170.03107,295.75272,12,1,0,0.25105,1.00000,6.00000,698.35089,7.79717,907.52710,0.26906,0
2408,539.52089,248.74129,296.28105,12,1,0,0.24689,1.00000,6.08276,707.98376,8.03666,935.40167,0.28224,0
2409,539.49116,327.45151,296.80937,12,1,0,0.24550,1.00000,7.00000,814.74268,7.98870,929.81934,0.27898,0
2410,539.46142,406.16173,297.33770,12,1,0,0.26292,0.99720,5.00000,581.95911,7.28093,847.44086,0.24762,0
2411,539.61344,445.25775,336.59986,12,1,0,0.24826,1.00000,6.00000,698.35089,7.86487,915.40631,0.26406,0
2412,539.43169,484.87195,297.86603,12,1,0,0.24757,1.00000,6.00000,698.35089,8.09255,941.90631,0.27987,0
2413,539.58371,523.96797,337.12818,12,1,0,0.24845,1.00000,6.63325,772.05597,8.15281,948.92090,0.28224,0
2414,539.40195,563.58217,298.39435,12,1,0,0.24720,1.00000,7.00000,814.74268,7.95618,926.03436,0.27789,0
2415,539.55398,602.67819,337.65651,12,1,0,0.25070,1.00000,6.00000,698.35089,7.95599,926.01208,0.27539,0
2416,539.52424,681.38841,338.18484,12,1,0,0.25159,1.00000,6.00000,698.35089,7.72722,899.38477,0.27277,0
2417,539.49451,760.09863,338.71316,8,0,0,0.00000,0.00000,0.00000,0.00000,0.00000,0.00000,0.02592,0
2418,539.76211,51.70666,333.95823,8,0,0,0.30042,0.80055,3.00000,349.17545,3.58694,417.49036,0.18906,0
2419,539.73238,130.41688,334.48655,12,1,0,0.26058,1.00000,6.08276,707.98376,7.19942,837.95404,0.25427,0
2420,539.70265,209.12709,335.01488,12,1,0,0.29464,0.99725,4.35890,507.34018,6.41141,746.23602,0.22592,0
2421,539.85467,248.22312,374.27704,12,1,0,0.27376,1.00000,5.00000,581.95911,7.11049,827.60229,0.25338,0
2422,539.67291,287.83731,335.54321,12,1,0,0.25647,1.00000,6.00000,698.35089,7.61522,886.34937,0.27117,0
2423,539.82493,326.93334,374.80536,12,1,0,0.25806,1.00000,6.00000,698.35089,8.06352,938.52759,0.27808,0
2424,539.64318,366.54753,336.07153,12,1,0,0.25316,1.00000,6.08276,707.98376,7.68852,894.88086,0.26381,0
2425,539.79520,405.64356,375.33369,12,1,0,0.24843,1.00000,6.00000,698.35089,8.00000,931.13452,0.29069,0
2426,539.76547,484.35378,375.86202,12,1,0,0.24775,1.00000,7.00000,814.74268,8.09797,942.53796,0.27827,0
2427,539.73573,563.06399,376.39034,12,1,0,0.24775,1.00000,6.08276,707.98376,7.96880,927.50287,0.28755,0
2428,539.70600,641.77421,376.91867,12,1,0,0.25069,1.00000,6.00000,698.35089,8.03289,934.96222,0.28474,0
2429,539.85802,680.87024,416.18083,12,1,0,0.25542,1.00000,7.00000,814.74268,7.79922,907.76544,0.26611,0
2430,539.67626,720.48443,377.44699,12,1,0,0.24929,1.00000,6.00000,698.35089,7.80454,908.38464,0.26874,0
2431,539.82829,759.58046,416.70915,8,0,0,0.00000,0.00000,0.00000,0.00000,0.00000,0.00000,0.02362,0
2432,540.09589,51.18849,411.95422,8,0,0,0.32202,0.91460,4.00000,465.56726,4.51937,526.01758,0.19027,0
2433,539.91414,90.80268,373.22039,12,1,0,0.25593,1.00000,6.08276,707.98376,7.92225,922.08521,0.27200,0
2434,540.06616,129.89871,412.48254,12,1,0,0.25696,1.00000,6.00000,698.35089,7.64616,889.95050,0.26150,0
2435,539.88440,169.51290,373.74871,12,1,0,0.24791,1.00000,6.00000,698.35089,7.89290,918.66931,0.27354,0
2436,540.03643,208.60892,413.01087,12,1,0,0.25282,1.00000,6.00000,698.35089,7.67257,893.02399,0.26848,0
2437,540.00669,287.31914,413.53920,12,1,0,0.25425,1.00000,6.00000,698.35089,7.71751,898.25513,0.27206,0
2438,539.97696,366.02936,414.06752,12,1,0,0.25438,1.00000,6.08276,707.98376,7.96899,927.52539,0.27405,0
2439,539.94722,444.73958,414.59585,12,1,0,0.25462,1.00000,6.00000,698.35089,7.74447,901.39313,0.26234,0
2440,540.09925,483.83561,453.85801,12,1,0,0.25646,1.00000,6.55744,763.23218,8.03684,935.42200,0.27782,0
2441,539.91749,523.44980,415.12417,12,1,0,0.24690,1.00000,7.00000,814.74268,8.16623,950.48291,0.28429,0
2442,540.06951,562.54582,454.38633,12,1,0,0.25035,1.00000,6.00000,698.35089,8.05474,937.50604,0.29683,0
2443,539.88775,602.16002,415.65250,12,1,0,0.25351,1.00000,6.00000,698.35089,7.72671,899.32526,0.26541,0
2444,540.03978,641.25604,454.91466,12,1,0,0.25788,1.00000,6.00000,698.35089,7.95140,925.47766,0.28326,0
2445,540.01004,719.96626,455.44299,12,1,0,0.25514,1.00000,6.00000,698.35089,7.66669,892.34052,0.27206,0
2446,540.24792,90.28451,451.21638,12,1,0,0.25209,1.00000,7.00000,814.74268,7.92128,921.97266,0.27712,0
2447,540.21818,168.99473,451.74470,12,1,0,0.25706,1.00000,6.00000,698.35089,7.77376,904.80206,0.27501,0
2448,540.37020,208.09075,491.00686,12,1,0,0.25439,1.00000,6.00000,698.35089,7.66598,892.25757,0.27827,0
2449,540.18845,247.70495,452.27303,12,1,0,0.25527,1.00000,6.00000,698.35089,7.94453,924.67810,0.27834,0
2450,540.34047,286.80097,491.53519,12,1,0,0.25593,1.00000,6.00000,698.35089,7.61461,886.27777,0.27168,0
2451,540.15871,326.41517,452.80135,12,1,0,0.25018,1.00000,7.00000,814.74268,7.91969,921.78741,0.27014,0
2452,540.31074,365.51119,492.06351,12,1,0,0.26637,1.00000,5.09902,593.48413,7.17553,835.17279,0.25933,0
2453,540.12898,405.12539,453.32968,12,1,0,0.25052,1.00000,6.00000,698.35089,8.04058,935.85748,0.27149,0
2454,540.28100,444.22141,492.59184,12,1,0,0.24842,1.00000,7.00000,814.74268,7.88612,917.87976,0.27232,0
2455,540.25127,522.93163,493.12017,12,1,0,0.25470,1.00000,6.00000,698.35089,8.05404,937.42468,0.27629,0
2456,540.22153,601.64185,493.64849,12,1,0,0.24930,1.00000,7.00000,814.74268,8.03111,934.75598,0.29222,0
2457,540.37356,640.73787,532.91065,12,1,0,0.25000,1.00000,6.00000,698.35089,7.96220,926.73444,0.27757,0
2458,540.19180,680.35207,494.17682,12,1,0,0.25087,1.00000,6.00000,698.35089,7.89273,918.64911,0.27341,0
2459,540.34382,719.44809,533.43898,12,1,0,0.24929,1.00000,6.08276,707.98376,7.69980,896.19385,0.27219,0
2460,540.16207,759.06229,494.70514,8,0,0,0.00000,0.00000,0.00000,0.00000,0.00000,0.00000,0.02598,0
2461,540.42967,50.67032,489.95021,8,0,0,0.29006,0.79444,3.00000,349.17545,3.18110,370.25372,0.17990,0
2462,540.58169,89.76634,529.21237,12,1,0,0.27358,0.98596,4.24264,493.80862,6.39421,744.23328,0.26112,0
2463,540.39994,129.38054,490.47853,12,1,0,0.25054,1.00000,6.00000,698.35089,7.58969,883.37738,0.26054,0
2464,540.55196,168.47656,529.74069,12,1,0,0.24929,1.00000,6.00000,698.35089,7.83291,911.68695,0.26746,0
2465,540.52223,247.18678,530.26902,12,1,0,0.24284,1.00000,6.08276,707.98376,8.17016,950.93921,0.27411,0
2466,540.49249,325.89700,530.79735,12,1,0,0.25000,1.00000,6.00000,698.35089,7.93243,923.26965,0.28115,0
2467,540.46276,404.60722,531.32567,12,1,0,0.24965,1.00000,6.00000,698.35089,7.83465,911.88904,0.27763,0
2468,540.61478,443.70324,570.58783,12,1,0,0.24448,1.00000,6.08276,707.98376,8.02819,934.41510,0.27725,0
2469,540.43302,483.31743,531.85400,12,1,0,0.25318,1.00000,6.00000,698.35089,7.67134,892.88092,0.25626,0
2470,540.58505,522.41346,571.11616,12,1,0,0.24620,1.00000,6.00000,698.35089,8.14560,948.08118,0.29184,0
2471,540.40329,562.02765,532.38232,12,1,0,0.24657,1.00000,7.00000,814.74268,8.15009,948.60345,0.29734,0
2472,540.55531,601.12368,571.64448,12,1,0,0.24775,1.00000,7.00000,814.74268,8.07983,940.42609,0.28070,0
2473,540.52558,679.83390,572.17281,12,1,0,0.25196,1.00000,6.00000,698.35089,7.72896,899.58722,0.27034,0
2474,540.49584,758.54412,572.70113,8,0,0,0.00000,0.00000,0.00000,0.00000,0.00000,0.00000,0.02880,0
2475,540.76345,50.15215,567.94620,8,0,0,0.30391,0.83242,3.16228,368.06323,3.75400,436.93500,0.18541,0
2476,540.73372,128.86236,568.47453,12,1,0,0.24878,1.00000,6.40312,745.27124,7.79789,907.61035,0.27386,0
2477,540.70398,207.57258,569.00285,12,1,0,0.25035,1.00000,6.00000,698.35089,7.74512,901.46808,0.27731,0
2478,540.85600,246.66861,608.26501,12,1,0,0.26009,1.00000,6.08276,707.98376,7.54101,877.71191,0.25670,0
2479,540.67425,286.28280,569.53118,12,1,0,0.24913,1.00000,7.00000,814.74268,7.87169,916.20056,0.27725,0
2480,540.82627,325.37883,608.79334,12,1,0,0.24948,1.00000,6.00000,698.35089,8.10736,943.63080,0.28090,0
2481,540.64451,364.99302,570.05950,12,1,0,0.25194,1.00000,6.00000,698.35089,8.00119,931.27252,0.28051,0
2482,540.79654,404.08905,609.32166,12,1,0,0.25209,1.00000,6.00000,698.35089,7.86275,915.15930,0.26598,0
2483,540.76680,482.79926,609.84999,12,1,0,0.25502,1.00000,6.00000,698.35089,7.94889,925.18536,0.26688,0
2484,540.73707,561.50948,610.37831,12,1,0,0.24807,1.00000,6.00000,698.35089,7.85946,914.77655,0.27200,0
2485,540.70733,640.21970,610.90664,12,1,0,0.25087,1.00000,6.08276,707.98376,8.03360,935.04504,0.28314,0
2486,540.85936,679.31573,650.16880,12,1,0,0.24983,1.00000,6.08276,707.98376,7.96015,926.49628,0.27373,0
2487,540.67760,718.92992,611.43497,12,1,0,0.25718,1.00000,6.00000,698.35089,7.57634,881.82379,0.27290,0
2488,540.82962,758.02595,650.69712,8,0,0,0.00000,0.00000,0.00000,0.00000,0.00000,0.00000,0.03046,0
2489,541.09723,49.63398,645.94219,8,0,0,0.28955,0.80609,2.82843,329.20575,3.31408,385.73230,0.18624,0
2490,540.91547,89.24817,607.20836,12,1,0,0.25612,1.00000,6.00000,698.35089,7.91516,921.25952,0.27802,0
2491,541.06749,128.34419,646.47052,12,1,0,0.28876,0.98050,4.58258,533.37433,5.83696,679.37469,0.24083,0
2492,540.88574,167.95839,607.73668,12,1,0,0.27239,0.99727,4.47214,520.52002,7.19131,837.00989,0.25683,0
2493,541.03776,207.05441,646.99884,12,1,0,0.25724,1.00000,6.00000,698.35089,7.74940,901.96631,0.27270,0
2494,541.00803,285.76463,647.52717,12,1,0,0.25140,1.00000,6.00000,698.35089,7.93118,923.12482,0.27302,0
2495,540.97829,364.47485,648.05549,12,1,0,0.24860,1.00000,6.00000,698.35089,8.02791,934.38318,0.28032,0
2496,540.94856,443.18507,648.58382,12,1,0,0.24879,1.00000,6.00000,698.35089,8.07711,940.10962,0.28544,0
2497,541.10058,482.28109,687.84598,12,1,0,0.24846,1.00000,7.00000,814.74268,8.07157,939.46509,0.27194,0
2498,540.91882,521.89529,649.11215,12,1,0,0.25738,1.00000,6.08276,707.98376,8.02692,934.26752,0.28557,0
2499,541.07085,560.99131,688.37430,12,1,0,0.24965,1.00000,6.00000,698.35089,7.97294,927.98438,0.27066,0
2500,540.88909,600.60551,649.64047,12,1,0,0.25070,1.00000,6.08276,707.98376,7.98420,929.29590,0.27661,0
2501,541.04111,639.70153,688.90263,12,1,0,0.25172,1.00000,6.16441,717.48730,8.09156,941.79120,0.28512,0
2502,541.01138,718.41175,689.43096,12,1,0,0.25710,1.00000,6.00000,698.35089,7.73609,900.41718,0.27507,0
2503,541.24925,88.73000,685.20435,12,1,0,0.26496,1.00000,5.74456,668.62006,7.37278,858.13177,0.25696,0
2504,541.21952,167.44022,685.73267,12,1,0,0.24774,1.00000,6.00000,698.35089,7.99324,930.34808,0.27795,0
2505,541.37154,206.53624,724.99483,12,1,0,0.25052,1.00000,6.00000,698.35089,8.10256,943.07147,0.27994,0
2506,541.18978,246.15044,686.26100,12,1,0,0.25069,1.00000,7.00000,814.74268,8.04755,936.66840,0.27475,0
2507,541.34180,285.24646,725.52316,12,1,0,0.24705,1.00000,6.00000,698.35089,8.00339,931.52948,0.27584,0
2508,541.16005,324.86066,686.78933,12,1,0,0.25734,1.00000,6.00000,698.35089,7.95120,925.45453,0.26778,0
2509,541.31207,363.95668,726.05148,12,1,0,0.24965,1.00000,7.00000,814.74268,8.28715,964.55695,0.29946,0
2510,541.13031,403.57087,687.31765,12,1,0,0.24774,1.00000,6.00000,698.35089,7.89654,919.09265,0.26598,0
2511,541.28234,442.66690,726.57981,12,1,0,0.24723,1.00000,7.00000,814.74268,8.09939,942.70239,0.27859,0
2512,541.25260,521.37712,727.10814,12,1,0,0.24742,1.00000,7.00000,814.74268,8.10393,943.23065,0.27712,0
2513,541.22287,600.08734,727.63646,12,1,0,0.25017,1.00000,6.00000,698.35089,8.15458,949.12585,0.27597,0
2514,541.37489,639.18336,766.89862,8,0,0,0.29748,0.84573,3.60555,419.65665,3.80621,443.01147,0.17555,0
2515,541.19313,678.79756,728.16479,12,1,0,0.25467,1.00000,6.00000,698.35089,8.04045,935.84216,0.28256,0
2516,541.34516,717.89358,767.42695,8,0,0,0.29656,0.81616,3.00000,349.17545,3.44404,400.85800,0.17171,0
2517,541.16340,757.50777,728.69312,8,0,0,0.00000,0.00000,0.00000,0.00000,0.00000,0.00000,0.02502,0
2518,541.43101,49.11580,723.93818,8,0,0,0.31594,0.90582,4.00000,465.56726,4.50582,524.44104,0.18522,0
2519,541.58303,88.21183,763.20034,8,0,0,0.29524,0.87079,3.00000,349.17545,3.92596,456.94928,0.17568,0
2520,541.40127,127.82602,724.46651,12,1,0,0.25000,1.00000,6.00000,698.35089,8.03177,934.83215,0.27181,0
2521,541.55329,166.92205,763.72866,8,0,0,0.28875,0.79167,3.00000,349.17545,2.95450,343.87936,0.16550,0
2522,541.52356,245.63227,764.25699,8,0,0,0.27888,0.78652,2.23607,260.26001,2.44692,284.80182,0.17594,0
2523,541.49383,324.34249,764.78532,8,0,0,0.27210,0.76966,3.00000,349.17545,2.81304,327.41525,0.16243,0
2524,541.46409,403.05270,765.31364,8,0,0,0.27761,0.79552,2.44949,285.10056,2.89665,337.14670,0.16755,0
2525,541.43436,481.76292,765.84197,8,0,0,0.26832,0.76124,3.00000,349.17545,2.73535,318.37222,0.16998,0
2526,541.40462,560.47314,766.37030,8,0,0,0.28657,0.82286,3.00000,349.17545,3.59825,418.80634,0.17075,0
2527,577.60943,525.82923,64.06851,8,0,0,0.29735,0.83702,2.23607,260.26001,3.34531,389.36700,0.17037,0
2528,577.57970,604.53945,64.59684,8,0,0,0.28067,0.81714,3.00000,349.17545,3.54690,412.83060,0.16122,0
2529,577.54996,683.24967,65.12516,8,0,0,0.29543,0.88796,3.00000,349.17545,4.28184,498.37128,0.17709,0
2530,577.52023,761.95989,65.65349,5,0,0,0.00000,0.00000,0.00000,0.00000,0.00000,0.00000,0.01965,0
2531,577.78783,53.56792,60.89855,5,0,0,0.31496,0.66667,2.82843,329.20575,2.90084,337.63354,0.10483,0
2532,577.75810,132.27814,61.42688,8,0,0,0.29055,0.81793,3.00000,349.17545,3.37014,392.25659,0.15949,0
2533,577.72837,210.98835,61.95521,8,0,0,0.28674,0.76648,2.00000,232.78363,2.45877,286.18094,0.16301,0
2534,577.69863,289.69857,62.48353,8,0,0,0.28800,0.80447,3.00000,349.17545,3.21940,374.71170,0.15821,0
2535,577.85065,328.79460,101.74569,12,1,0,0.25436,1.00000,6.00000,698.35089,7.96418,926.96594,0.27955,0
2536,577.66890,368.40879,63.01186,8,0,0,0.26283,0.69916,2.00000,232.78363,2.24298,261.06396,0.15098,0
2537,577.82092,407.50482,102.27402,12,1,0,0.24570,1.00000,6.00000,698.35089,8.13964,947.38800,0.27808,0
2538,577.63916,447.11901,63.54018,8,0,0,0.26740,0.75140,2.00000,232.78363,0.00000,0.00000,0.17030,0
2539,577.79119,486.21503,102.80234,12,1,0,0.25259,1.00000,7.00000,814.74268,7.95188,925.53351,0.26944,0
2540,577.76145,564.92525,103.33067,12,1,0,0.24657,1.00000,7.00000,814.74268,8.13213,946.51343,0.28160,0
2541,577.73172,643.63547,103.85900,12,1,0,0.24758,1.00000,6.00000,698.35089,8.24409,959.54486,0.28243,0
2542,577.70198,722.34569,104.38732,12,1,0,0.25194,1.00000,6.08276,707.98376,7.80485,908.42017,0.27904,0
2543,577.85401,761.44172,143.64948,8,0,0,0.00000,0.00000,0.00000,0.00000,0.00000,0.00000,0.02630,0
2544,578.12161,53.04975,138.89454,8,0,0,0.31096,0.86301,4.00000,465.56726,4.00000,465.56726,0.18099,0
2545,577.93986,92.66394,100.16071,12,1,0,0.25069,1.00000,6.00000,698.35089,8.01992,933.45264,0.27347,0
2546,578.09188,131.75996,139.42287,12,1,0,0.25971,1.00000,6.00000,698.35089,7.58384,882.69702,0.26874,0
2547,577.91012,171.37416,100.68904,12,1,0,0.24861,1.00000,6.00000,698.35089,7.94103,924.27118,0.27091,0
2548,578.06214,210.47018,139.95120,12,1,0,0.26331,1.00000,5.38516,626.78912,7.20083,838.11816,0.25318,0
2549,577.88039,250.08438,101.21736,12,1,0,0.25630,1.00000,6.00000,698.35089,8.14228,947.69470,0.26758,0
2550,578.03241,289.18040,140.47952,12,1,0,0.25405,1.00000,7.00000,814.74268,7.91780,921.56665,0.26733,0
2551,578.00268,367.89062,141.00785,12,1,0,0.25351,1.00000,6.00000,698.35089,8.06070,938.19922,0.26624,0
2552,577.97294,446.60084,141.53618,12,1,0,0.25278,1.00000,6.00000,698.35089,8.07092,939.38892,0.26438,0
2553,578.12496,485.69686,180.79833,12,1,0,0.26849,0.99725,5.00000,581.95911,7.21193,839.40930,0.24826,0
2554,577.94321,525.31106,142.06450,12,1,0,0.25052,1.00000,6.00000,698.35089,8.09631,942.34387,0.27738,0
2555,578.09523,564.40708,181.32666,12,1,0,0.26523,1.00000,5.09902,593.48413,7.18368,836.12115,0.25120,0
2556,577.91347,604.02128,142.59283,12,1,0,0.25192,1.00000,6.16441,717.48730,7.98947,929.90839,0.27386,0
2557,578.06550,643.11730,181.85499,12,1,0,0.25628,1.00000,6.00000,698.35089,8.08288,940.78088,0.28026,0
2558,577.88374,682.73150,143.12115,12,1,0,0.25420,1.00000,6.08276,707.98376,7.84590,913.19806,0.26669,0
2559,578.03576,721.82752,182.38331,12,1,0,0.25907,1.00000,6.00000,698.35089,7.73648,900.46246,0.28102,0
2560,578.27363,92.14577,178.15670,12,1,0,0.25476,1.00000,6.00000,698.35089,7.83580,912.02313,0.27226,0
2561,578.24390,170.85599,178.68503,12,1,0,0.25855,1.00000,6.00000,698.35089,7.68192,894.11261,0.25978,0
2562,578.21417,249.56621,179.21336,12,1,0,0.26004,1.00000,5.83095,678.67505,7.49075,871.86200,0.26586,0
2563,578.36619,288.66223,218.47551,12,1,0,0.25231,1.00000,6.08276,707.98376,7.66467,892.10443,0.26509,0
2564,578.18443,328.27643,179.74168,12,1,0,0.25420,1.00000,6.00000,698.35089,7.86578,915.51245,0.26272,0
2565,578.33645,367.37245,219.00384,12,1,0,0.25070,1.00000,7.00000,814.74268,7.90401,919.96259,0.26816,0
2566,578.15470,406.98665,180.27001,12,1,0,0.25490,1.00000,6.00000,698.35089,8.09253,941.90375,0.27309,0
2567,578.30672,446.08267,219.53217,12,1,0,0.24861,1.00000,6.08276,707.98376,7.97107,927.76721,0.27187,0
2568,578.27699,524.79289,220.06049,12,1,0,0.25190,1.00000,6.08276,707.98376,8.12244,945.38568,0.27866,0
2569,578.24725,603.50311,220.58882,12,1,0,0.24564,1.00000,6.00000,698.35089,7.96581,927.15497,0.27526,0
2570,578.21752,682.21333,221.11714,12,1,0,0.26320,1.00000,6.00000,698.35089,7.65734,891.25214,0.26925,0
2571,578.36954,721.30935,260.37930,12,1,0,0.25846,1.00000,6.00000,698.35089,7.59713,884.24426,0.26618,0
2572,578.18778,760.92355,221.64547,8,0,0,0.00000,0.00000,0.00000,0.00000,0.00000,0.00000,0.02515,0
2573,578.45539,52.53158,216.89054,8,0,0,0.29592,0.80110,3.00000,349.17545,3.37324,392.61746,0.18886,0
2574,578.60741,91.62760,256.15269,12,1,0,0.25536,1.00000,6.00000,698.35089,7.62700,887.72058,0.27341,0
2575,578.42566,131.24179,217.41886,12,1,0,0.25543,1.00000,6.00000,698.35089,7.50925,874.01477,0.26298,0
2576,578.57768,170.33782,256.68102,12,1,0,0.25902,1.00000,6.00000,698.35089,7.53141,876.59412,0.26867,0
2577,578.39592,209.95201,217.94719,12,1,0,0.25605,1.00000,6.00000,698.35089,7.54695,878.40265,0.27392,0
2578,578.54795,249.04804,257.20935,12,1,0,0.25442,1.00000,6.00000,698.35089,7.72680,899.33600,0.27462,0
2579,578.51821,327.75826,257.73767,12,1,0,0.26312,1.00000,6.00000,698.35089,7.25704,844.66016,0.26054,0
2580,578.48848,406.46848,258.26600,12,1,0,0.25896,1.00000,6.00000,698.35089,7.47662,870.21765,0.25626,0
2581,578.45874,485.17869,258.79432,12,1,0,0.25159,1.00000,6.00000,698.35089,7.78172,905.72870,0.27360,0
2582,578.61077,524.27472,298.05648,12,1,0,0.24553,1.00000,6.16441,717.48730,7.99076,930.05933,0.27392,0
2583,578.42901,563.88891,259.32265,12,1,0,0.24792,1.00000,6.92820,806.38611,7.93638,923.72986,0.27098,0
2584,578.58103,602.98494,298.58481,12,1,0,0.25052,1.00000,6.08276,707.98376,8.04511,936.38483,0.28109,0
2585,578.39927,642.59913,259.85098,12,1,0,0.24843,1.00000,6.00000,698.35089,7.92746,922.69153,0.27725,0
2586,578.55130,681.69516,299.11313,12,1,0,0.25211,1.00000,6.00000,698.35089,7.76338,903.59357,0.27309,0
2587,578.52156,760.40537,299.64146,8,0,0,0.00000,0.00000,0.00000,0.00000,0.00000,0.00000,0.02931,0
2588,578.78917,52.01340,294.88653,8,0,0,0.31595,0.86301,3.00000,349.17545,4.04615,470.93921,0.17984,0
2589,578.75944,130.72362,295.41485,12,1,0,0.24965,1.00000,6.00000,698.35089,7.68436,894.39667,0.27200,0
2590,578.72970,209.43384,295.94318,12,1,0,0.24983,1.00000,6.00000,698.35089,7.81621,909.74310,0.27539,0
2591,578.69997,288.14406,296.47150,12,1,0,0.24672,1.00000,6.00000,698.35089,7.98549,929.44586,0.26982,0
2592,578.85199,327.24009,335.73366,12,1,0,0.25418,1.00000,6.08276,707.98376,7.87840,916.98083,0.26528,0
2593,578.67023,366.85428,296.99983,12,1,0,0.25279,1.00000,6.00000,698.35089,7.78257,905.82794,0.27245,0
2594,578.82226,405.95030,336.26199,12,1,0,0.25598,1.00000,6.40312,745.27124,7.83193,911.57312,0.26643,0
2595,578.64050,445.56450,297.52816,12,1,0,0.24287,1.00000,6.08276,707.98376,8.02266,933.77222,0.27974,0
2596,578.79252,484.66052,336.79031,12,1,0,0.24913,1.00000,6.00000,698.35089,7.82351,910.59271,0.26842,0
2597,578.76279,563.37074,337.31864,12,1,0,0.25105,1.00000,6.63325,772.05597,7.87613,916.71729,0.27546,0
2598,578.73305,642.08096,337.84697,12,1,0,0.25419,1.00000,6.00000,698.35089,7.85574,914.34399,0.26797,0
2599,578.70332,720.79118,338.37529,12,1,0,0.25776,1.00000,6.00000,698.35089,7.48587,871.29401,0.27034,0
2600,578.85534,759.88720,377.63745,8,0,0,0.00000,0.00000,0.00000,0.00000,0.00000,0.00000,0.02797,0
2601,579.12295,51.49523,372.88252,8,0,0,0.28541,0.75978,2.82843,329.20575,2.89951,337.47977,0.18950,0
2602,578.94119,91.10943,334.14868,12,1,0,0.26252,1.00000,6.00000,698.35089,7.62152,887.08215,0.27002,0
2603,579.09321,130.20545,373.41084,12,1,0,0.26800,1.00000,6.00000,698.35089,7.19143,837.02313,0.25344,0
2604,578.91146,169.81965,334.67701,12,1,0,0.25654,1.00000,6.08276,707.98376,7.56204,880.15985,0.25542,0
2605,579.06348,208.91567,373.93917,12,1,0,0.29141,0.90137,3.00000,349.17545,4.49119,522.73767,0.20282,0
2606,578.88172,248.52987,335.20534,12,1,0,0.29975,0.99443,4.12311,479.89572,5.88995,685.54236,0.22246,0
2607,579.03375,287.62589,374.46749,12,1,0,0.26112,1.00000,6.00000,698.35089,7.53607,877.13721,0.26874,0
2608,579.00401,366.33611,374.99582,12,1,0,0.25301,1.00000,6.08276,707.98376,7.74303,901.22540,0.26797,0
2609,578.97428,445.04633,375.52415,12,1,0,0.25000,1.00000,6.00000,698.35089,7.90528,920.10974,0.26822,0
2610,578.94454,523.75655,376.05247,12,1,0,0.25295,1.00000,7.00000,814.74268,8.04260,936.09265,0.26938,0
2611,579.09657,562.85257,415.31463,12,1,0,0.26297,1.00000,6.00000,698.35089,7.40842,862.27948,0.26368,0
2612,578.91481,602.46677,376.58080,12,1,0,0.25157,1.00000,6.08276,707.98376,8.02538,934.08911,0.28058,0
2613,579.06683,641.56279,415.84296,12,1,0,0.25281,1.00000,6.00000,698.35089,7.70088,896.31891,0.27021,0
2614,578.88508,681.17699,377.10913,12,1,0,0.25702,1.00000,6.16441,717.48730,7.80373,908.29077,0.27494,0
2615,579.03710,720.27301,416.37128,12,1,0,0.25247,1.00000,7.00000,814.74268,7.61116,885.87695,0.26758,0
2616,579.27497,90.59126,412.14467,12,1,0,0.26224,1.00000,5.74456,668.62006,7.35004,855.48444,0.25171,0
2617,579.24524,169.30148,412.67300,12,1,0,0.25788,1.00000,6.00000,698.35089,7.62297,887.25177,0.25869,0
2618,579.21550,248.01170,413.20133,12,1,0,0.26038,1.00000,6.00000,698.35089,7.76003,903.20398,0.24896,0
2619,579.36752,287.10772,452.46349,12,1,0,0.25280,1.00000,6.00000,698.35089,7.88300,917.51697,0.28237,0
2620,579.18577,326.72192,413.72965,12,1,0,0.25315,1.00000,7.00000,814.74268,7.88488,917.73578,0.27558,0
2621,579.33779,365.81794,452.99181,12,1,0,0.25545,1.00000,6.08276,707.98376,7.79077,906.78137,0.26752,0
2622,579.15603,405.43213,414.25798,12,1,0,0.25123,1.00000,6.00000,698.35089,7.77626,905.09320,0.26240,0
2623,579.30806,444.52816,453.52014,12,1,0,0.24839,1.00000,6.40312,745.27124,7.65714,891.22858,0.27021,0
2624,579.12630,484.14235,414.78631,12,1,0,0.25416,1.00000,7.00000,814.74268,8.01066,932.37549,0.27155,0
2625,579.27832,523.23838,454.04846,12,1,0,0.25087,1.00000,6.00000,698.35089,7.90952,920.60315,0.27238,0
2626,579.24859,601.94860,454.57679,12,1,0,0.24983,1.00000,6.16441,717.48730,7.90813,920.44183,0.28371,0
2627,579.21885,680.65881,455.10512,12,1,0,0.25369,1.00000,6.00000,698.35089,7.76997,904.36108,0.26758,0
2628,579.37088,719.75484,494.36727,12,1,0,0.25921,1.00000,6.00000,698.35089,7.59551,884.05560,0.26170,0
2629,579.18912,759.36903,455.63344,8,0,0,0.00000,0.00000,0.00000,0.00000,0.00000,0.00000,0.02790,0
2630,579.45673,50.97706,450.87851,8,0,0,0.30375,0.85319,3.00000,349.17545,3.93714,458.25119,0.18688,0
2631,579.60875,90.07309,490.14067,12,1,0,0.26159,1.00000,6.00000,698.35089,7.49351,872.18280,0.26490,0
2632,579.42699,129.68728,451.40683,12,1,0,0.27056,0.99435,5.00000,581.95911,6.75363,786.06769,0.25594,0
2633,579.57901,168.78331,490.66899,12,1,0,0.25159,1.00000,6.00000,698.35089,7.72360,898.96423,0.26566,0
2634,579.39726,208.39750,451.93516,12,1,0,0.25333,1.00000,6.00000,698.35089,7.87105,916.12537,0.28000,0
2635,579.54928,247.49353,491.19732,12,1,0,0.25630,1.00000,6.00000,698.35089,7.59819,884.36658,0.26189,0
2636,579.51955,326.20374,491.72564,12,1,0,0.24808,1.00000,7.00000,814.74268,7.84021,912.53601,0.26534,0
2637,579.48981,404.91396,492.25397,12,1,0,0.25354,1.00000,6.00000,698.35089,7.68443,894.40430,0.26586,0
2638,579.46008,483.62418,492.78230,12,1,0,0.24965,1.00000,6.63325,772.05597,7.81397,909.48199,0.26899,0
2639,579.61210,522.72021,532.04445,12,1,0,0.24570,1.00000,6.08276,707.98376,8.15079,948.68481,0.28224,0
2640,579.43034,562.33440,493.31062,12,1,0,0.25175,1.00000,6.08276,707.98376,7.88162,917.35645,0.28026,0
2641,579.58237,601.43043,532.57278,12,1,0,0.24064,1.00000,7.00000,814.74268,8.01922,933.37207,0.28358,0
2642,579.40061,641.04462,493.83895,12,1,0,0.25545,1.00000,6.00000,698.35089,7.79859,907.69220,0.27795,0
2643,579.55263,680.14064,533.10111,12,1,0,0.25212,1.00000,6.00000,698.35089,7.82211,910.43011,0.27597,0
2644,579.52290,758.85086,533.62943,8,0,0,0.00000,0.00000,0.00000,0.00000,0.00000,0.00000,0.02656,0
2645,579.79050,50.45889,528.87450,8,0,0,0.29069,0.79109,2.44949,285.10056,2.91442,339.21500,0.18086,0
2646,579.76077,129.16911,529.40282,12,1,0,0.25665,1.00000,6.00000,698.35089,7.50177,873.14423,0.26950,0
2647,579.73104,207.87933,529.93115,12,1,0,0.25560,1.00000,6.00000,698.35089,7.85679,914.46570,0.28621,0
2648,579.70130,286.58955,530.45948,12,1,0,0.24965,1.00000,6.08276,707.98376,7.81676,909.80676,0.27046,0
2649,579.85332,325.68557,569.72163,12,1,0,0.25369,1.00000,6.16441,717.48730,7.88240,917.44684,0.26522,0
2650,579.67157,365.29977,530.98780,12,1,0,0.25820,1.00000,6.00000,698.35089,7.61727,886.58740,0.24922,0
2651,579.82359,404.39579,570.24996,12,1,0,0.24776,1.00000,6.08276,707.98376,7.93770,923.88336,0.26643,0
2652,579.64183,444.00999,531.51613,12,1,0,0.25439,1.00000,6.00000,698.35089,7.81523,909.62927,0.26464,0
2653,579.79386,483.10601,570.77829,12,1,0,0.25536,1.00000,6.00000,698.35089,8.00800,932.06592,0.27712,0
2654,579.76412,561.81623,571.30661,12,1,0,0.25672,1.00000,6.08276,707.98376,7.81983,910.16388,0.28224,0
2655,579.73439,640.52645,571.83494,12,1,0,0.24739,1.00000,6.00000,698.35089,7.90090,919.60034,0.28294,0
2656,579.70465,719.23667,572.36326,12,1,0,0.25772,1.00000,6.00000,698.35089,7.70278,896.54108,0.27347,0
2657,579.85668,758.33269,611.62542,8,0,0,0.00000,0.00000,0.00000,0.00000,0.00000,0.00000,0.02810,0
2658,580.12428,49.94072,606.87049,8,0,0,0.31431,0.85792,3.00000,349.17545,3.92147,456.42654,0.19360,0
2659,579.94253,89.55492,568.13666,12,1,0,0.28147,1.00000,4.89898,570.20111,6.47955,754.16626,0.24966,0
2660,580.09455,128.65094,607.39881,12,1,0,0.25372,1.00000,6.00000,698.35089,7.70926,897.29462,0.27200,0
2661,579.91279,168.26514,568.66498,12,1,0,0.24793,1.00000,7.00000,814.74268,7.93849,923.97583,0.26925,0
2662,580.06481,207.36116,607.92714,12,1,0,0.25000,1.00000,6.16441,717.48730,7.94985,925.29712,0.26861,0
2663,579.88306,246.97536,569.19331,12,1,0,0.25957,1.00000,6.00000,698.35089,7.88631,917.90173,0.26874,0
2664,580.03508,286.07138,608.45547,12,1,0,0.25000,1.00000,6.00000,698.35089,7.82161,910.37109,0.27206,0
2665,580.00535,364.78160,608.98379,12,1,0,0.25845,1.00000,6.00000,698.35089,8.06509,938.71051,0.27475,0
2666,579.97561,443.49182,609.51212,12,1,0,0.24931,1.00000,6.08276,707.98376,8.07491,939.85388,0.27501,0
2667,579.94588,522.20204,610.04044,12,1,0,0.25175,1.00000,6.00000,698.35089,8.08115,940.57959,0.27885,0
2668,580.09790,561.29806,649.30260,12,1,0,0.24965,1.00000,6.00000,698.35089,8.02801,934.39502,0.27802,0
2669,579.91614,600.91226,610.56877,12,1,0,0.25352,1.00000,6.00000,698.35089,7.96492,927.05109,0.27770,0
2670,580.06817,640.00828,649.83093,12,1,0,0.25672,1.00000,6.00000,698.35089,7.74338,901.26599,0.28038,0
2671,579.88641,679.62247,611.09710,12,1,0,0.25282,1.00000,6.08276,707.98376,7.73781,900.61755,0.27386,0
2672,580.03843,718.71850,650.35926,12,1,0,0.25535,1.00000,6.00000,698.35089,7.55948,879.86121,0.26534,0
2673,580.27630,89.03675,646.13265,12,1,0,0.28627,1.00000,5.00000,581.95911,6.72044,782.20459,0.22054,0
2674,580.24657,167.74697,646.66097,12,1,0,0.25388,1.00000,6.00000,698.35089,7.89561,918.98419,0.26266,0
2675,580.21684,246.45718,647.18930,12,1,0,0.24451,1.00000,6.63325,772.05597,8.15325,948.97174,0.27936,0
2676,580.36886,285.55321,686.45146,12,1,0,0.24858,1.00000,6.00000,698.35089,7.74726,901.71814,0.26515,0
2677,580.18710,325.16740,647.71762,12,1,0,0.25121,1.00000,7.00000,814.74268,8.10113,942.90485,0.26970,0
2678,580.33912,364.26343,686.97978,12,1,0,0.24913,1.00000,7.00000,814.74268,7.95475,925.86725,0.27296,0
2679,580.15737,403.87762,648.24595,12,1,0,0.25630,1.00000,6.00000,698.35089,7.96638,927.22144,0.27245,0
2680,580.30939,442.97365,687.50811,12,1,0,0.25070,1.00000,6.08276,707.98376,7.87072,916.08771,0.27059,0
2681,580.12763,482.58784,648.77428,12,1,0,0.24604,1.00000,6.32456,736.12646,8.15738,949.45282,0.27949,0
2682,580.27966,521.68387,688.03644,12,1,0,0.25227,1.00000,6.00000,698.35089,7.99746,930.83917,0.27162,0
2683,580.24992,600.39408,688.56476,12,1,0,0.26727,0.99435,5.00000,581.95911,6.91266,804.57751,0.24083,0
2684,580.22019,679.10430,689.09309,12,1,0,0.25565,1.00000,6.00000,698.35089,7.77361,904.78424,0.27469,0
2685,580.37221,718.20033,728.35525,12,1,0,0.25575,1.00000,6.00000,698.35089,7.58846,883.23505,0.27936,0
2686,580.19045,757.81452,689.62141,8,0,0,0.00000,0.00000,0.00000,0.00000,0.00000,0.00000,0.02592,0
2687,580.45806,49.42255,684.86648,8,0,0,0.29300,0.81844,3.16228,368.06323,3.51637,409.27704,0.19021,0
2688,580.61008,88.51858,724.12864,12,1,0,0.24809,1.00000,6.00000,698.35089,8.12840,946.07965,0.27814,0
2689,580.42833,128.13277,685.39480,12,1,0,0.24982,1.00000,6.08276,707.98376,7.76438,903.71063,0.27059,0
2690,580.58035,167.22880,724.65696,12,1,0,0.24670,1.00000,6.16441,717.48730,8.06461,938.65509,0.27642,0
2691,580.39859,206.84299,685.92313,12,1,0,0.25386,1.00000,6.00000,698.35089,7.88578,917.84009,0.27232,0
2692,580.55062,245.93901,725.18529,12,1,0,0.25227,1.00000,6.00000,698.35089,8.06057,938.18433,0.27347,0
2693,580.52088,324.64923,725.71362,12,1,0,0.24669,1.00000,6.00000,698.35089,7.92530,922.44043,0.27360,0
2694,580.49115,403.35945,726.24194,12,1,0,0.24739,1.00000,6.08276,707.98376,8.10527,943.38672,0.26739,0
2695,580.46141,482.06967,726.77027,12,1,0,0.24658,1.00000,6.08276,707.98376,8.19996,954.40820,0.27590,0
2696,580.61344,521.16570,766.03243,8,0,0,0.28829,0.79558,2.44949,285.10056,3.32418,386.90738,0.16909,0
2697,580.43168,560.77989,727.29859,12,1,0,0.24670,1.00000,6.00000,698.35089,8.16389,950.21021,0.27872,0
2698,580.58370,599.87591,766.56075,8,0,0,0.27360,0.79330,3.00000,349.17545,3.28816,382.71466,0.16294,0
2699,580.40194,639.49011,727.82692,12,1,0,0.24912,1.00000,6.00000,698.35089,7.78231,905.79706,0.26784,0
2700,580.55397,678.58613,767.08908,8,0,0,0.29048,0.81994,3.00000,349.17545,3.48699,405.85733,0.17024,0
2701,580.52423,757.29635,767.61740,5,0,0,0.00000,0.00000,0.00000,0.00000,0.00000,0.00000,0.00979,0
2702,580.79184,48.90438,762.86247,5,0,0,0.31202,0.66849,2.82843,329.20575,2.50000,290.97955,0.11232,0
2703,580.76211,127.61460,763.39080,8,0,0,0.29366,0.84551,3.00000,349.17545,3.76400,438.09888,0.17165,0
2704,580.73237,206.32482,763.91912,8,0,0,0.27218,0.75419,2.00000,232.78363,2.58022,300.31693,0.16384,0
2705,580.70264,285.03504,764.44745,8,0,0,0.28370,0.78992,2.82843,329.20575,3.19428,371.78790,0.16250,0
2706,580.67290,363.74526,764.97577,8,0,0,0.28027,0.79944,2.23607,260.26001,2.70533,314.87863,0.16806,0
2707,580.64317,442.45548,765.50410,8,0,0,0.28182,0.80403,3.00000,349.17545,3.36184,391.29092,0.16538,0
2708,616.84798,407.81156,63.20232,8,0,0,0.29442,0.77657,3.00000,349.17545,2.82239,328.50323,0.15725,0
2709,616.81824,486.52178,63.73064,8,0,0,0.27346,0.76124,2.23607,260.26001,2.79807,325.67203,0.16294,0
2710,616.78851,565.23200,64.25897,8,0,0,0.28642,0.79614,3.00000,349.17545,3.08235,358.76065,0.16211,0
2711,616.75877,643.94222,64.78729,8,0,0,0.29066,0.82967,3.00000,349.17545,3.58694,417.49036,0.16749,0
2712,616.72904,722.65244,65.31562,8,0,0,0.30492,0.89694,4.00000,465.56726,4.41452,513.81354,0.17190,0
2713,616.96691,92.97069,61.08901,8,0,0,0.28634,0.71585,3.00000,349.17545,2.54252,295.92859,0.14022,0
2714,617.11893,132.06671,100.35117,12,1,0,0.25191,1.00000,6.00000,698.35089,7.96799,927.40869,0.27315,0
2715,616.93718,171.68091,61.61734,8,0,0,0.27226,0.73669,2.23607,260.26001,2.54412,296.11447,0.16058,0
2716,617.08920,210.77693,100.87950,12,1,0,0.25560,1.00000,6.00000,698.35089,8.05777,937.85864,0.27565,0
2717,616.90744,250.39113,62.14566,8,0,0,0.28306,0.75900,3.00000,349.17545,2.70000,314.25790,0.16454,0
2718,617.05947,289.48715,101.40782,12,1,0,0.25103,1.00000,6.08276,707.98376,8.19300,953.59760,0.28698,0
2719,616.87771,329.10134,62.67399,8,0,0,0.26382,0.70474,2.00000,232.78363,2.05444,239.12053,0.16090,0
2720,617.02973,368.19737,101.93615,12,1,0,0.25404,1.00000,6.00000,698.35089,8.08619,941.16693,0.27597,0
2721,617.00000,446.90759,102.46447,12,1,0,0.25035,1.00000,6.00000,698.35089,8.03032,934.66345,0.27603,0
2722,616.97026,525.61781,102.99280,12,1,0,0.24519,1.00000,7.00000,814.74268,8.20873,955.42853,0.28166,0
2723,617.12229,564.71383,142.25496,12,1,0,0.25225,1.00000,6.00000,698.35089,8.20041,954.46112,0.28128,0
2724,616.94053,604.32803,103.52113,12,1,0,0.24930,1.00000,6.00000,698.35089,7.90411,919.97351,0.27130,0
2725,617.09255,643.42405,142.78328,12,1,0,0.24897,1.00000,7.00000,814.74268,8.15361,949.01324,0.27718,0
2726,616.91080,683.03824,104.04945,12,1,0,0.26109,1.00000,6.00000,698.35089,7.78110,905.65625,0.27008,0
2727,617.06282,722.13427,143.31161,12,1,0,0.26109,1.00000,6.00000,698.35089,7.54807,878.53314,0.27238,0
2728,616.88106,761.74846,104.57778,8,0,0,0.00000,0.00000,0.00000,0.00000,0.00000,0.00000,0.02387,0
2729,617.14867,53.35649,99.82284,8,0,0,0.29539,0.83380,3.00000,349.17545,3.33855,388.57971,0.17914,0
2730,617.30069,92.45252,139.08500,12,1,0,0.25427,1.00000,6.00000,698.35089,7.59545,884.04791,0.26272,0
2731,617.27096,171.16274,139.61333,12,1,0,0.25335,1.00000,6.00000,698.35089,7.76964,904.32281,0.26227,0
2732,617.24122,249.87296,140.14165,12,1,0,0.25740,1.00000,6.00000,698.35089,7.99490,930.54114,0.26982,0
2733,617.21149,328.58317,140.66998,12,1,0,0.24637,1.00000,6.08276,707.98376,8.02297,933.80750,0.26566,0
2734,617.36351,367.67920,179.93214,12,1,0,0.24740,1.00000,6.00000,698.35089,8.25858,961.23169,0.28192,0
2735,617.18175,407.29339,141.19831,12,1,0,0.25385,1.00000,6.00000,698.35089,7.95620,926.03619,0.26451,0
2736,617.33378,446.38942,180.46046,12,1,0,0.24602,1.00000,6.00000,698.35089,8.34771,971.60553,0.28646,0
2737,617.15202,486.00361,141.72663,12,1,0,0.25226,1.00000,6.00000,698.35089,8.03420,935.11566,0.26502,0
2738,617.30404,525.09964,180.98879,12,1,0,0.25035,1.00000,6.00000,698.35089,8.33240,969.82300,0.28499,0
2739,617.27431,603.80986,181.51712,12,1,0,0.25212,1.00000,6.00000,698.35089,7.81189,909.24054,0.26624,0
2740,617.24457,682.52007,182.04544,12,1,0,0.25316,1.00000,6.00000,698.35089,7.79987,907.84064,0.26790,0
2741,617.21484,761.23029,182.57377,8,0,0,0.00000,0.00000,0.00000,0.00000,0.00000,0.00000,0.02669,0
2742,617.48245,52.83832,177.81883,8,0,0,0.29055,0.82486,3.00000,349.17545,3.60017,419.02982,0.18970,0
2743,617.45271,131.54854,178.34716,12,1,0,0.25108,1.00000,6.00000,698.35089,7.60783,885.48865,0.26630,0
2744,617.60473,170.64457,217.60932,12,1,0,0.25036,1.00000,6.00000,698.35089,7.81043,909.07043,0.26566,0
2745,617.42298,210.25876,178.87549,12,1,0,0.26014,1.00000,6.00000,698.35089,7.40548,861.93719,0.26906,0
2746,617.57500,249.35479,218.13764,12,1,0,0.24930,1.00000,6.00000,698.35089,7.92033,921.86212,0.26330,0
2747,617.39324,288.96898,179.40381,12,1,0,0.25334,1.00000,6.00000,698.35089,7.86983,915.98395,0.27123,0
2748,617.54527,328.06500,218.66597,12,1,0,0.24827,1.00000,6.00000,698.35089,7.88068,917.24664,0.26163,0
2749,617.51553,406.77522,219.19430,12,1,0,0.24515,1.00000,6.00000,698.35089,7.96582,927.15570,0.26016,0
2750,617.48580,485.48544,219.72262,12,1,0,0.24754,1.00000,6.00000,698.35089,7.94106,924.27405,0.26061,0
2751,617.45606,564.19566,220.25095,12,1,0,0.24670,1.00000,6.08276,707.98376,7.90091,919.60181,0.27501,0
2752,617.60809,603.29168,259.51311,12,1,0,0.24293,1.00000,6.08276,707.98376,8.15155,948.77374,0.28230,0
2753,617.42633,642.90588,220.77927,12,1,0,0.28003,0.99446,5.00000,581.95911,6.65568,774.66711,0.24794,0
2754,617.57835,682.00190,260.04143,12,1,0,0.27160,0.98324,4.24264,493.80862,6.66781,776.07880,0.25107,0
2755,617.39660,721.61610,221.30760,12,1,0,0.25486,1.00000,6.00000,698.35089,7.61465,886.28278,0.26893,0
2756,617.54862,760.71212,260.56976,8,0,0,0.00000,0.00000,0.00000,0.00000,0.00000,0.00000,0.02566,0
2757,617.81622,52.32015,255.81482,8,0,0,0.29527,0.79282,3.00000,349.17545,3.03777,353.57111,0.19450,0
2758,617.63447,91.93435,217.08099,12,1,0,0.25367,1.00000,6.08276,707.98376,7.80675,908.64124,0.27558,0
2759,617.78649,131.03037,256.34315,12,1,0,0.26331,1.00000,5.19615,604.78961,7.35501,856.06281,0.27200,0
2760,617.75676,209.74059,256.87148,12,1,0,0.26037,1.00000,6.00000,698.35089,7.58979,883.38898,0.27213,0
2761,617.72702,288.45081,257.39980,12,1,0,0.25937,1.00000,6.00000,698.35089,7.38571,859.63641,0.25709,0
2762,617.69729,367.16103,257.92813,12,1,0,0.25457,1.00000,6.08276,707.98376,7.75190,902.25824,0.26003,0
2763,617.84931,406.25705,297.19029,12,1,0,0.25910,1.00000,6.00000,698.35089,7.58954,883.36053,0.25088,0
2764,617.66755,445.87125,258.45645,12,1,0,0.25194,1.00000,6.00000,698.35089,7.81925,910.09662,0.27014,0
2765,617.81958,484.96727,297.71861,12,1,0,0.25596,1.00000,6.08276,707.98376,7.87691,916.80841,0.27341,0
2766,617.63782,524.58147,258.98478,12,1,0,0.24845,1.00000,6.00000,698.35089,8.06488,938.68561,0.26746,0
2767,617.78984,563.67749,298.24694,12,1,0,0.25174,1.00000,6.40312,745.27124,7.97653,928.40314,0.26848,0
2768,617.76011,642.38771,298.77527,12,1,0,0.25053,1.00000,6.00000,698.35089,7.91004,920.66382,0.28691,0
2769,617.73037,721.09793,299.30359,12,1,0,0.25552,1.00000,6.00000,698.35089,7.77252,904.65759,0.27776,0
2770,617.96825,91.41618,295.07698,12,1,0,0.25733,1.00000,6.00000,698.35089,7.56212,880.16846,0.28467,0
2771,618.12027,130.51220,334.33914,12,1,0,0.25211,1.00000,6.00000,698.35089,7.83715,912.17993,0.26112,0
2772,617.93851,170.12640,295.60531,12,1,0,0.25860,1.00000,6.00000,698.35089,7.53445,876.94873,0.27699,0
2773,618.09053,209.22242,334.86747,12,1,0,0.25863,1.00000,6.00000,698.35089,7.74315,901.23926,0.25805,0
2774,617.90878,248.83661,296.13363,12,1,0,0.29708,0.99457,4.24264,493.80862,6.45618,751.44659,0.22650,0
2775,618.06080,287.93264,335.39579,12,1,0,0.25298,1.00000,6.16441,717.48730,7.72486,899.10992,0.26240,0
2776,617.87904,327.54683,296.66196,12,1,0,0.26460,1.00000,6.00000,698.35089,7.24616,843.39404,0.26080,0
2777,618.03107,366.64286,335.92412,12,1,0,0.25530,1.00000,6.00000,698.35089,7.69694,895.86115,0.26643,0
2778,618.00133,445.35308,336.45245,12,1,0,0.25457,1.00000,6.08276,707.98376,7.75000,902.03656,0.25965,0
2779,617.97160,524.06330,336.98077,12,1,0,0.25313,1.00000,6.16441,717.48730,8.08659,941.21332,0.26541,0
2780,618.12362,563.15932,376.24293,12,1,0,0.25068,1.00000,7.00000,814.74268,8.22801,957.67249,0.29094,0
2781,617.94186,602.77351,337.50910,12,1,0,0.25139,1.00000,6.16441,717.48730,7.91916,921.72589,0.27533,0
2782,618.09389,641.86954,376.77126,12,1,0,0.25702,1.00000,6.00000,698.35089,8.04626,936.51904,0.29318,0
2783,617.91213,681.48373,338.03742,12,1,0,0.25336,1.00000,6.00000,698.35089,7.72385,898.99310,0.26394,0
2784,618.06415,720.57976,377.29958,12,1,0,0.24948,1.00000,6.00000,698.35089,7.85992,914.83075,0.27859,0
2785,617.88240,760.19395,338.56575,8,0,0,0.00000,0.00000,0.00000,0.00000,0.00000,0.00000,0.02509,0
2786,618.15000,51.80198,333.81081,8,0,0,0.30109,0.83106,3.00000,349.17545,3.75000,436.46930,0.18419,0
2787,618.30202,90.89801,373.07297,12,1,0,0.25226,1.00000,6.00000,698.35089,8.04549,936.42969,0.28058,0
2788,618.27229,169.60823,373.60130,12,1,0,0.25018,1.00000,6.00000,698.35089,7.86788,915.75714,0.27456,0
2789,618.24256,248.31844,374.12963,12,1,0,0.25726,1.00000,6.00000,698.35089,7.77816,905.31409,0.26381,0
2790,618.21282,327.02866,374.65795,12,1,0,0.25104,1.00000,6.55744,763.23218,7.88029,917.20105,0.27482,0
2791,618.36484,366.12469,413.92011,12,1,0,0.26128,1.00000,6.00000,698.35089,7.46725,869.12726,0.25952,0
2792,618.18309,405.73888,375.18628,12,1,0,0.25795,1.00000,6.00000,698.35089,7.80102,907.97522,0.27277,0
2793,618.33511,444.83491,414.44844,12,1,0,0.25176,1.00000,6.08276,707.98376,7.73580,900.38385,0.27270,0
2794,618.15335,484.44910,375.71460,12,1,0,0.25087,1.00000,6.00000,698.35089,7.83194,911.57385,0.27974,0
2795,618.30538,523.54512,414.97676,12,1,0,0.25105,1.00000,6.00000,698.35089,7.74581,901.54877,0.26573,0
2796,618.27564,602.25534,415.50509,12,1,0,0.25229,1.00000,6.16441,717.48730,7.77318,904.73425,0.27027,0
2797,618.24591,680.96556,416.03341,12,1,0,0.25797,1.00000,6.00000,698.35089,7.76156,903.38177,0.25293,0
2798,618.21617,759.67578,416.56174,8,0,0,0.00000,0.00000,0.00000,0.00000,0.00000,0.00000,0.02374,0
2799,618.48378,51.28381,411.80681,8,0,0,0.27013,0.71831,2.82843,329.20575,2.54780,296.54333,0.17344,0
2800,618.45405,129.99403,412.33513,12,1,0,0.27170,1.00000,5.09902,593.48413,7.03145,818.40271,0.25850,0
2801,618.60607,169.09005,451.59729,12,1,0,0.24757,1.00000,7.00000,814.74268,8.12872,946.11639,0.28717,0
2802,618.42431,208.70425,412.86346,12,1,0,0.26071,1.00000,6.00000,698.35089,7.36842,857.62415,0.25395,0
2803,618.57633,247.80027,452.12562,12,1,0,0.24965,1.00000,6.00000,698.35089,7.81906,910.07501,0.26829,0
2804,618.39458,287.41447,413.39178,12,1,0,0.26383,1.00000,5.91608,688.58331,7.16653,834.12579,0.25382,0
2805,618.54660,326.51049,452.65394,12,1,0,0.24683,1.00000,6.08276,707.98376,7.82979,911.32373,0.27251,0
2806,618.51687,405.22071,453.18227,12,1,0,0.24826,1.00000,6.08276,707.98376,7.82124,910.32806,0.25747,0
2807,618.48713,483.93093,453.71059,12,1,0,0.24948,1.00000,6.40312,745.27124,7.83728,912.19568,0.27910,0
2808,618.45740,562.64115,454.23892,12,1,0,0.24756,1.00000,7.00000,814.74268,7.98217,929.05914,0.28243,0
2809,618.60942,601.73717,493.50108,12,1,0,0.24982,1.00000,6.00000,698.35089,7.84626,913.24091,0.28339,0
2810,618.42766,641.35137,454.76725,12,1,0,0.24501,1.00000,7.00000,814.74268,8.27699,963.37354,0.30202,0
2811,618.57969,680.44739,494.02940,12,1,0,0.25331,1.00000,6.00000,698.35089,7.79622,907.41675,0.27366,0
2812,618.39793,720.06159,455.29557,12,1,0,0.25088,1.00000,6.00000,698.35089,7.80607,908.56244,0.28013,0
2813,618.54995,759.15761,494.55773,8,0,0,0.00000,0.00000,0.00000,0.00000,0.00000,0.00000,0.02534,0
2814,618.81756,50.76564,489.80280,8,0,0,0.30382,0.82740,3.00000,349.17545,3.71172,432.01346,0.18323,0
2815,618.63580,90.37984,451.06896,12,1,0,0.25264,1.00000,6.00000,698.35089,7.84078,912.60284,0.27130,0
2816,618.78782,129.47586,490.33112,12,1,0,0.25018,1.00000,6.00000,698.35089,7.75656,902.79962,0.25786,0
2817,618.75809,208.18608,490.85945,12,1,0,0.25772,1.00000,6.00000,698.35089,7.80564,908.51270,0.26976,0
2818,618.72836,286.89630,491.38777,12,1,0,0.26049,1.00000,5.91608,688.58331,7.61145,885.91071,0.25978,0
2819,618.69862,365.60652,491.91610,12,1,0,0.25518,1.00000,6.00000,698.35089,7.65168,890.59302,0.26899,0
2820,618.85064,404.70254,531.17826,12,1,0,0.25387,1.00000,6.00000,698.35089,7.83541,911.97797,0.26150,0
2821,618.66889,444.31674,492.44443,12,1,0,0.25793,1.00000,6.00000,698.35089,7.56199,880.15399,0.25325,0
2822,618.82091,483.41276,531.70658,12,1,0,0.24569,1.00000,6.40312,745.27124,7.88307,917.52466,0.27514,0
2823,618.63915,523.02695,492.97275,12,1,0,0.25123,1.00000,6.08276,707.98376,7.94734,925.00549,0.27450,0
2824,618.79118,562.12298,532.23491,12,1,0,0.25664,1.00000,6.00000,698.35089,7.95437,925.82379,0.27149,0
2825,618.76144,640.83320,532.76324,12,1,0,0.25418,1.00000,6.00000,698.35089,7.99875,930.98920,0.29056,0
2826,618.73171,719.54342,533.29156,12,1,0,0.25336,1.00000,6.00000,698.35089,7.72637,899.28619,0.28083,0
2827,618.96958,89.86167,529.06495,12,1,0,0.25763,1.00000,6.00000,698.35089,7.98896,929.84918,0.28032,0
2828,619.12160,128.95769,568.32711,12,1,0,0.25923,1.00000,6.00000,698.35089,7.66462,892.09863,0.26829,0
2829,618.93985,168.57188,529.59328,12,1,0,0.25245,1.00000,6.00000,698.35089,7.76813,904.14636,0.27104,0
2830,619.09187,207.66791,568.85544,12,1,0,0.25157,1.00000,6.08276,707.98376,7.92775,922.72491,0.27469,0
2831,618.91011,247.28210,530.12161,12,1,0,0.25834,1.00000,6.00000,698.35089,7.74557,901.52051,0.26400,0
2832,619.06214,286.37813,569.38376,12,1,0,0.25606,1.00000,6.00000,698.35089,7.59924,884.48877,0.25434,0
2833,618.88038,325.99232,530.64993,12,1,0,0.25475,1.00000,6.16441,717.48730,7.89847,919.31683,0.26829,0
2834,619.03240,365.08835,569.91209,12,1,0,0.26354,1.00000,6.00000,698.35089,7.62081,887.00043,0.26406,0
2835,619.00267,443.79857,570.44042,12,1,0,0.25192,1.00000,6.00000,698.35089,8.02105,933.58496,0.27718,0
2836,618.97293,522.50878,570.96874,12,1,0,0.24810,1.00000,6.08276,707.98376,8.04592,936.47937,0.27706,0
2837,619.12496,561.60481,610.23090,12,1,0,0.25035,1.00000,7.00000,814.74268,7.96473,927.02911,0.28102,0
2838,618.94320,601.21900,571.49707,12,1,0,0.25035,1.00000,6.08276,707.98376,8.03136,934.78497,0.28045,0
2839,619.09522,640.31503,610.75923,12,1,0,0.25282,1.00000,6.00000,698.35089,7.75661,902.80646,0.28602,0
2840,618.91346,679.92922,572.02540,12,1,0,0.26415,1.00000,6.00000,698.35089,7.58914,883.31396,0.26925,0
2841,619.06549,719.02525,611.28755,12,1,0,0.25800,1.00000,6.00000,698.35089,7.67346,893.12805,0.26918,0
2842,618.88373,758.63944,572.55372,8,0,0,0.00000,0.00000,0.00000,0.00000,0.00000,0.00000,0.02758,0
2843,619.15134,50.24747,567.79879,8,0,0,0.29188,0.77596,3.00000,349.17545,3.00649,349.93082,0.18381,0
2844,619.30336,89.34349,607.06094,12,1,0,0.27701,1.00000,5.09902,593.48413,6.73821,784.27289,0.23424,0
2845,619.27363,168.05371,607.58927,12,1,0,0.24947,1.00000,6.00000,698.35089,7.85936,914.76471,0.26163,0
2846,619.24389,246.76393,608.11760,12,1,0,0.26028,1.00000,6.00000,698.35089,7.80983,909.00049,0.26534,0
2847,619.21416,325.47415,608.64592,12,1,0,0.25000,1.00000,6.08276,707.98376,7.87335,916.39398,0.26899,0
2848,619.36618,364.57018,647.90808,12,1,0,0.24844,1.00000,6.00000,698.35089,8.16011,949.77039,0.27904,0
2849,619.18442,404.18437,609.17425,12,1,0,0.25625,1.00000,6.08276,707.98376,7.95832,926.28290,0.27418,0
2850,619.33645,443.28039,648.43641,12,1,0,0.24878,1.00000,6.08276,707.98376,8.02756,934.34174,0.27494,0
2851,619.15469,482.89459,609.70258,12,1,0,0.25910,1.00000,5.83095,678.67505,7.62501,887.48932,0.24928,0
2852,619.30671,521.99061,648.96473,12,1,0,0.24809,1.00000,6.08276,707.98376,8.26143,961.56250,0.28595,0
2853,619.27698,600.70083,649.49306,12,1,0,0.25140,1.00000,6.00000,698.35089,7.91597,921.35443,0.28019,0
2854,619.24724,679.41105,650.02139,12,1,0,0.25621,1.00000,6.00000,698.35089,7.63416,888.55359,0.26554,0
2855,619.21751,758.12127,650.54971,8,0,0,0.00000,0.00000,0.00000,0.00000,0.00000,0.00000,0.02848,0
2856,619.48512,49.72930,645.79478,8,0,0,0.30869,0.87042,3.16228,368.06323,4.03359,469.47650,0.19002,0
2857,619.45538,128.43952,646.32310,12,1,0,0.26596,0.99432,5.00000,581.95911,6.90408,803.57892,0.25542,0
2858,619.60740,167.53554,685.58526,12,1,0,0.24490,1.00000,6.00000,698.35089,7.82514,910.78186,0.26438,0
2859,619.42565,207.14974,646.85143,12,1,0,0.25159,1.00000,6.00000,698.35089,7.72333,898.93268,0.26118,0
2860,619.57767,246.24576,686.11359,12,1,0,0.25105,1.00000,6.00000,698.35089,7.96653,927.23938,0.26835,0
2861,619.39591,285.85996,647.37976,12,1,0,0.24704,1.00000,6.00000,698.35089,8.05873,937.97003,0.28531,0
2862,619.54794,324.95598,686.64191,12,1,0,0.24983,1.00000,6.00000,698.35089,8.17747,951.79041,0.26976,0
2863,619.51820,403.66620,687.17024,12,1,0,0.24535,1.00000,6.00000,698.35089,8.10827,943.73578,0.27021,0
2864,619.48847,482.37642,687.69857,12,1,0,0.24176,1.00000,6.00000,698.35089,8.16887,950.78961,0.26867,0
2865,619.45873,561.08664,688.22689,12,1,0,0.26030,1.00000,5.65685,658.41150,7.59186,883.63031,0.25683,0
2866,619.61076,600.18266,727.48905,12,1,0,0.24518,1.00000,6.00000,698.35089,8.12984,946.24713,0.27437,0
2867,619.42900,639.79686,688.75522,12,1,0,0.25106,1.00000,6.00000,698.35089,7.79771,907.58911,0.27322,0
2868,619.58102,678.89288,728.01738,12,1,0,0.25438,1.00000,6.00000,698.35089,7.90594,920.18652,0.27309,0
2869,619.39927,718.50708,689.28354,12,1,0,0.25844,1.00000,6.00000,698.35089,7.38072,859.05499,0.25536,0
2870,619.55129,757.60310,728.54570,8,0,0,0.00000,0.00000,0.00000,0.00000,0.00000,0.00000,0.02554,0
2871,619.81889,49.21113,723.79077,8,0,0,0.31369,0.86027,3.60555,419.65665,3.88827,452.56226,0.19053,0
2872,619.63714,88.82532,685.05694,12,1,0,0.28207,0.94490,3.60555,419.65665,5.22445,608.08368,0.22413,0
2873,619.78916,127.92135,724.31909,12,1,0,0.25069,1.00000,6.00000,698.35089,8.05516,937.55432,0.27693,0
2874,619.75943,206.63157,724.84742,12,1,0,0.24691,1.00000,7.00000,814.74268,8.19520,953.85443,0.27853,0
2875,619.72969,285.34179,725.37575,12,1,0,0.24605,1.00000,7.00000,814.74268,8.32803,969.31403,0.29062,0
2876,619.69996,364.05201,725.90407,12,1,0,0.25069,1.00000,6.08276,707.98376,8.36325,973.41406,0.28998,0
2877,619.85198,403.14803,765.16623,8,0,0,0.28994,0.80109,2.23607,260.26001,3.19264,371.59668,0.16486,0
2878,619.67022,442.76222,726.43240,12,1,0,0.24498,1.00000,6.00000,698.35089,8.29744,965.75439,0.28506,0
2879,619.82225,481.85825,765.69456,8,0,0,0.28527,0.76731,3.00000,349.17545,3.02293,351.84393,0.15898,0
2880,619.64049,521.47244,726.96072,12,1,0,0.25052,1.00000,6.00000,698.35089,8.23113,958.03577,0.28134,0
2881,619.79251,560.56847,766.22288,8,0,0,0.27566,0.79887,2.44949,285.10056,3.08990,359.63953,0.16749,0
2882,619.76278,639.27869,766.75121,8,0,0,0.30098,0.85042,3.16228,368.06323,3.59659,418.61377,0.16845,0
2883,619.73304,717.98890,767.27953,8,0,0,0.30020,0.84022,3.00000,349.17545,3.72750,433.85049,0.17427,0
2884,619.97092,88.30715,763.05293,8,0,0,0.30397,0.87222,3.00000,349.17545,3.99509,464.99564,0.17664,0
2885,619.94118,167.01737,763.58125,8,0,0,0.28225,0.81285,3.00000,349.17545,3.31961,386.37494,0.16570,0
2886,619.91145,245.72759,764.10958,8,0,0,0.27895,0.76309,2.23607,260.26001,2.81453,327.58884,0.17043,0
2887,619.88171,324.43781,764.63790,8,0,0,0.28471,0.79050,3.00000,349.17545,3.07101,357.44095,0.16531,0
2888,656.11625,211.08368,61.80779,8,0,0,0.27041,0.70055,2.00000,232.78363,2.17669,253.34911,0.15616,0
2889,656.08652,289.79390,62.33612,8,0,0,0.28377,0.75069,2.82843,329.20575,2.69360,313.51321,0.15213,0
2890,656.05679,368.50412,62.86445,8,0,0,0.26332,0.69613,2.00000,232.78363,2.16304,251.76056,0.14982,0
2891,656.02705,447.21434,63.39277,8,0,0,0.28510,0.73130,2.23607,260.26001,2.46621,287.04630,0.15117,0
2892,655.99732,525.92455,63.92110,8,0,0,0.28449,0.72877,2.00000,232.78363,2.21375,257.66235,0.15840,0
2893,655.96758,604.63477,64.44942,8,0,0,0.28529,0.78729,3.00000,349.17545,2.95926,344.43356,0.15840,0
2894,656.11961,643.73080,103.71158,12,1,0,0.25353,1.00000,6.00000,698.35089,7.90120,919.63446,0.26419,0
2895,655.93785,683.34499,64.97775,8,0,0,0.28585,0.83056,2.82843,329.20575,3.55953,414.30060,0.16787,0
2896,656.08987,722.44102,104.23991,12,1,0,0.27259,0.97784,4.24264,493.80862,6.50828,757.51019,0.23181,0
2897,655.90812,762.05521,65.50608,5,0,0,0.00000,0.00000,0.00000,0.00000,0.00000,0.00000,0.01894,0
2898,656.17572,53.66324,60.75114,5,0,0,0.28722,0.52909,2.44949,285.10056,2.36000,274.68466,0.08000,0
2899,656.32774,92.75927,100.01330,12,1,0,0.25825,1.00000,6.00000,698.35089,7.58936,883.33923,0.24909,0
2900,656.14599,132.37346,61.27947,8,0,0,0.27795,0.77095,3.00000,349.17545,2.94695,343.00101,0.15155,0
2901,656.29801,171.46948,100.54163,12,1,0,0.24841,1.00000,6.00000,698.35089,7.85146,913.84521,0.25760,0
2902,656.26828,250.17970,101.06995,12,1,0,0.25708,1.00000,6.00000,698.35089,7.86597,915.53418,0.26035,0
2903,656.23854,328.88992,101.59828,12,1,0,0.25228,1.00000,6.00000,698.35089,7.84032,912.54938,0.25606,0
2904,656.20881,407.60014,102.12660,12,1,0,0.25035,1.00000,6.00000,698.35089,7.77072,904.44855,0.25267,0
2905,656.36083,446.69617,141.38876,12,1,0,0.24826,1.00000,6.00000,698.35089,8.02652,934.22144,0.26784,0
2906,656.17907,486.31036,102.65493,12,1,0,0.25228,1.00000,6.00000,698.35089,7.84097,912.62494,0.26816,0
2907,656.33110,525.40638,141.91709,12,1,0,0.24965,1.00000,6.00000,698.35089,8.05303,937.30725,0.27072,0
2908,656.14934,565.02058,103.18326,12,1,0,0.25976,1.00000,6.00000,698.35089,8.00999,932.29712,0.26989,0
2909,656.30136,604.11660,142.44541,12,1,0,0.25282,1.00000,6.00000,698.35089,7.65747,891.26727,0.25888,0
2910,656.27163,682.82682,142.97374,12,1,0,0.26074,1.00000,6.00000,698.35089,7.80814,908.80383,0.27194,0
2911,656.24189,761.53704,143.50207,8,0,0,0.00000,0.00000,0.00000,0.00000,0.00000,0.00000,0.02291,0
2912,656.50950,53.14507,138.74713,8,0,0,0.28997,0.82254,2.23607,260.26001,3.45056,401.61658,0.17338,0
2913,656.47977,131.85529,139.27546,12,1,0,0.25035,1.00000,6.00000,698.35089,7.72605,899.24951,0.25088,0
2914,656.45003,210.56551,139.80378,12,1,0,0.25000,1.00000,6.00000,698.35089,7.79885,907.72211,0.26829,0
2915,656.60205,249.66153,179.06594,12,1,0,0.24895,1.00000,6.00000,698.35089,7.99820,930.92487,0.26886,0
2916,656.42030,289.27573,140.33211,12,1,0,0.24791,1.00000,6.16441,717.48730,7.92746,922.69135,0.26451,0
2917,656.57232,328.37175,179.59427,12,1,0,0.24912,1.00000,6.00000,698.35089,7.81053,909.08130,0.26438,0
2918,656.39056,367.98595,140.86044,12,1,0,0.25616,1.00000,6.00000,698.35089,7.93538,923.61365,0.26752,0
2919,656.54259,407.08197,180.12259,12,1,0,0.25140,1.00000,6.00000,698.35089,7.84336,912.90295,0.26195,0
2920,656.51285,485.79219,180.65092,12,1,0,0.24535,1.00000,6.08276,707.98376,8.11396,944.39899,0.27123,0
2921,656.48312,564.50241,181.17925,12,1,0,0.25017,1.00000,6.00000,698.35089,7.97437,928.15131,0.27373,0
2922,656.45338,643.21263,181.70757,12,1,0,0.24878,1.00000,6.00000,698.35089,7.86591,915.52753,0.27226,0
2923,656.60541,682.30865,220.96973,12,1,0,0.25334,1.00000,6.00000,698.35089,7.84981,913.65405,0.26042,0
2924,656.42365,721.92285,182.23590,12,1,0,0.26559,1.00000,5.09902,593.48413,7.34025,854.34479,0.25658,0
2925,656.57567,761.01887,221.49806,8,0,0,0.00000,0.00000,0.00000,0.00000,0.00000,0.00000,0.01741,0
2926,656.84328,52.62690,216.74312,8,0,0,0.31369,0.87709,3.60555,419.65665,4.17888,486.38800,0.18451,0
2927,656.66152,92.24110,178.00929,12,1,0,0.25759,1.00000,6.00000,698.35089,7.66554,892.20660,0.25382,0
2928,656.81354,131.33712,217.27145,12,1,0,0.26423,1.00000,6.00000,698.35089,7.40618,862.01874,0.26656,0
2929,656.63179,170.95131,178.53762,12,1,0,0.25708,1.00000,6.00000,698.35089,7.70250,896.50769,0.26387,0
2930,656.78381,210.04734,217.79977,12,1,0,0.27803,1.00000,6.00000,698.35089,7.07254,823.18604,0.25190,0
2931,656.75408,288.75756,218.32810,12,1,0,0.26588,1.00000,6.00000,698.35089,7.34418,854.80206,0.25901,0
2932,656.72434,367.46778,218.85643,12,1,0,0.25212,1.00000,6.00000,698.35089,7.71599,898.07849,0.26208,0
2933,656.69461,446.17799,219.38475,12,1,0,0.24948,1.00000,6.00000,698.35089,7.90167,919.69019,0.27149,0
2934,656.84663,485.27402,258.64691,12,1,0,0.25140,1.00000,6.00000,698.35089,7.83637,912.08972,0.27059,0
2935,656.66487,524.88821,219.91308,12,1,0,0.25157,1.00000,6.00000,698.35089,7.83135,911.50555,0.27245,0
2936,656.81690,563.98424,259.17524,12,1,0,0.26115,1.00000,6.00000,698.35089,7.82708,911.00848,0.27194,0
2937,656.63514,603.59843,220.44141,12,1,0,0.24806,1.00000,6.00000,698.35089,7.83312,911.71051,0.26720,0
2938,656.78716,642.69446,259.70356,12,1,0,0.26932,1.00000,5.00000,581.95911,7.12551,829.35144,0.23424,0
2939,656.75743,721.40468,260.23189,12,1,0,0.25426,1.00000,6.00000,698.35089,7.71726,898.22595,0.27482,0
2940,656.99530,91.72292,256.00528,12,1,0,0.25494,1.00000,6.00000,698.35089,7.77552,905.00641,0.27482,0
2941,656.96557,170.43314,256.53361,12,1,0,0.25836,1.00000,6.00000,698.35089,7.58661,883.01910,0.26054,0
2942,657.11759,209.52917,295.79577,12,1,0,0.25790,1.00000,6.00000,698.35089,7.43140,864.95428,0.26016,0
2943,656.93583,249.14336,257.06193,12,1,0,0.26053,1.00000,6.00000,698.35089,7.68937,894.97955,0.26099,0
2944,657.08785,288.23939,296.32409,12,1,0,0.27033,1.00000,5.09902,593.48413,7.06561,822.37878,0.24410,0
2945,656.90610,327.85358,257.59026,12,1,0,0.25533,1.00000,5.74456,668.62006,7.62726,887.75110,0.25389,0
2946,657.05812,366.94961,296.85242,12,1,0,0.26983,1.00000,5.38516,626.78912,7.37714,858.63831,0.24979,0
2947,656.87636,406.56380,258.11859,12,1,0,0.25535,1.00000,6.00000,698.35089,7.61303,886.09485,0.25978,0
2948,657.02839,445.65982,297.38074,12,1,0,0.25424,1.00000,6.00000,698.35089,7.80432,908.35907,0.27405,0
2949,656.99865,524.37004,297.90907,12,1,0,0.25017,1.00000,6.08276,707.98376,7.97022,927.66846,0.27558,0
2950,656.96892,603.08026,298.43740,12,1,0,0.25035,1.00000,6.08276,707.98376,7.90389,919.94800,0.27795,0
2951,657.12094,642.17629,337.69955,12,1,0,0.25438,1.00000,6.00000,698.35089,7.87762,916.89075,0.27533,0
2952,656.93918,681.79048,298.96572,12,1,0,0.27581,0.99169,4.35890,507.34018,6.93841,807.57397,0.24826,0
2953,657.09121,720.88651,338.22788,12,1,0,0.25797,1.00000,6.00000,698.35089,7.59911,884.47406,0.25376,0
2954,656.90945,760.50070,299.49405,8,0,0,0.00000,0.00000,0.00000,0.00000,0.00000,0.00000,0.02438,0
2955,657.17706,52.10873,294.73911,8,0,0,0.29093,0.76860,3.00000,349.17545,2.60845,303.60229,0.17690,0
2956,657.32908,91.20475,334.00127,12,1,0,0.26696,1.00000,6.00000,698.35089,7.40025,861.32867,0.27578,0
2957,657.14732,130.81895,295.26744,12,1,0,0.26343,1.00000,6.00000,698.35089,7.44953,867.06421,0.26336,0
2958,657.29935,169.91497,334.52960,12,1,0,0.25832,1.00000,6.00000,698.35089,7.48770,871.50665,0.26298,0
2959,657.26961,248.62519,335.05792,12,1,0,0.25999,1.00000,5.74456,668.62006,7.37201,858.04224,0.25734,0
2960,657.23988,327.33541,335.58625,12,1,0,0.27568,1.00000,5.65685,658.41150,6.82148,793.96466,0.23648,0
2961,657.21014,406.04563,336.11458,12,1,0,0.27124,1.00000,6.00000,698.35089,7.27889,847.20282,0.26234,0
2962,657.36217,445.14165,375.37673,12,1,0,0.25535,1.00000,5.74456,668.62006,7.58878,883.27191,0.26342,0
2963,657.18041,484.75585,336.64290,12,1,0,0.25265,1.00000,6.16441,717.48730,7.64721,890.07294,0.26906,0
2964,657.33243,523.85187,375.90506,12,1,0,0.25280,1.00000,6.00000,698.35089,7.80715,908.68793,0.27482,0
2965,657.15067,563.46607,337.17123,12,1,0,0.25159,1.00000,6.92820,806.38611,7.69390,895.50708,0.27142,0
2966,657.30270,602.56209,376.43339,12,1,0,0.24773,1.00000,6.00000,698.35089,7.91037,920.70276,0.27437,0
2967,657.27296,681.27231,376.96171,12,1,0,0.25802,1.00000,6.00000,698.35089,7.62147,887.07715,0.26342,0
2968,657.24323,759.98253,377.49004,8,0,0,0.00000,0.00000,0.00000,0.00000,0.00000,0.00000,0.02074,0
2969,657.51084,51.59056,372.73510,8,0,0,0.29866,0.82153,3.00000,349.17545,3.45047,401.60666,0.17926,0
2970,657.48110,130.30078,373.26343,12,1,0,0.25429,1.00000,6.00000,698.35089,7.64299,889.58093,0.24960,0
2971,657.45137,209.01100,373.79176,12,1,0,0.25211,1.00000,6.00000,698.35089,7.69342,895.45105,0.25952,0
2972,657.60339,248.10702,413.05391,12,1,0,0.25657,1.00000,6.08276,707.98376,7.60716,885.41071,0.25414,0
2973,657.42163,287.72122,374.32008,12,1,0,0.25793,1.00000,6.00000,698.35089,7.54309,877.95428,0.26349,0
2974,657.57366,326.81724,413.58224,12,1,0,0.25451,1.00000,6.16441,717.48730,7.57511,881.68030,0.26093,0
2975,657.39190,366.43143,374.84841,12,1,0,0.25704,1.00000,6.00000,698.35089,7.54912,878.65607,0.26317,0
2976,657.54392,405.52746,414.11057,12,1,0,0.25712,1.00000,6.08276,707.98376,7.64279,889.55829,0.26528,0
2977,657.51419,484.23768,414.63889,12,1,0,0.24826,1.00000,6.16441,717.48730,7.80241,908.13629,0.27622,0
2978,657.48445,562.94790,415.16722,12,1,0,0.25533,1.00000,6.00000,698.35089,7.65613,891.11078,0.26790,0
2979,657.45472,641.65812,415.69554,12,1,0,0.25356,1.00000,6.00000,698.35089,7.65841,891.37585,0.26918,0
2980,657.60674,680.75414,454.95770,12,1,0,0.25263,1.00000,6.00000,698.35089,7.73983,900.85236,0.27744,0
2981,657.42499,720.36833,416.22387,12,1,0,0.25448,1.00000,6.00000,698.35089,7.62610,887.61591,0.26547,0
2982,657.57701,759.46436,455.48603,8,0,0,0.00000,0.00000,0.00000,0.00000,0.00000,0.00000,0.02688,0
2983,657.84461,51.07239,450.73109,8,0,0,0.27662,0.69231,2.82843,329.20575,2.44125,284.14154,0.17440,0
2984,657.66286,90.68658,411.99726,12,1,0,0.25950,1.00000,6.00000,698.35089,7.42927,864.70605,0.26138,0
2985,657.81488,129.78261,451.25942,12,1,0,0.27430,1.00000,5.47723,637.50427,7.07708,823.71436,0.25645,0
2986,657.63312,169.39680,412.52559,12,1,0,0.25180,1.00000,6.00000,698.35089,7.59574,884.08191,0.25133,0
2987,657.78515,208.49283,451.78775,12,1,0,0.25234,1.00000,6.00000,698.35089,7.43564,865.44788,0.26118,0
2988,657.75541,287.20305,452.31607,12,1,0,0.26156,1.00000,6.00000,698.35089,7.54458,878.12689,0.27168,0
2989,657.72568,365.91326,452.84440,12,1,0,0.26213,1.00000,5.83095,678.67505,7.46600,868.98163,0.25491,0
2990,657.69594,444.62348,453.37272,12,1,0,0.25939,1.00000,6.00000,698.35089,7.52763,876.15430,0.25574,0
2991,657.84797,483.71951,492.63488,12,1,0,0.25193,1.00000,6.00000,698.35089,7.85603,914.37756,0.27296,0
2992,657.66621,523.33370,453.90105,12,1,0,0.24654,1.00000,6.16441,717.48730,8.05668,937.73212,0.27142,0
2993,657.81823,562.42973,493.16321,12,1,0,0.25105,1.00000,6.00000,698.35089,7.94008,924.16052,0.28090,0
2994,657.63648,602.04392,454.42938,12,1,0,0.25209,1.00000,6.16441,717.48730,7.92100,921.94006,0.28038,0
2995,657.78850,641.13995,493.69153,12,1,0,0.24879,1.00000,7.00000,814.74268,8.01963,933.41888,0.27603,0
2996,657.75876,719.85016,494.21986,12,1,0,0.26479,1.00000,6.00000,698.35089,7.53955,877.54138,0.26214,0
2997,657.99664,90.16841,489.99325,12,1,0,0.26468,1.00000,6.00000,698.35089,7.49373,872.20844,0.26739,0
2998,657.96690,168.87863,490.52158,12,1,0,0.25262,1.00000,6.08276,707.98376,7.75842,903.01630,0.26342,0
2999,658.11892,207.97466,529.78374,12,1,0,0.27613,0.99725,5.00000,581.95911,7.00858,815.74139,0.24173,0
3000,657.93717,247.58885,491.04990,12,1,0,0.25035,1.00000,6.00000,698.35089,7.88500,917.74951,0.26918,0
3001,658.08919,286.68488,530.31206,12,1,0,0.24913,1.00000,6.08276,707.98376,7.79461,907.22888,0.27309,0
3002,657.90743,326.29907,491.57823,12,1,0,0.25480,1.00000,6.00000,698.35089,7.67222,892.98389,0.26803,0
3003,658.05946,365.39509,530.84039,12,1,0,0.25104,1.00000,6.08276,707.98376,8.01923,933.37225,0.27955,0
3004,657.87770,405.00929,492.10656,12,1,0,0.26327,1.00000,6.00000,698.35089,7.54464,878.13422,0.26893,0
3005,658.02972,444.10531,531.36872,12,1,0,0.25581,1.00000,6.00000,698.35089,7.79685,907.48938,0.27635,0
3006,657.99999,522.81553,531.89704,12,1,0,0.25578,1.00000,6.08276,707.98376,8.05334,937.34265,0.27802,0
3007,657.97025,601.52575,532.42537,12,1,0,0.26074,1.00000,6.00000,698.35089,7.60361,884.99854,0.27706,0
3008,658.12228,640.62177,571.68753,12,1,0,0.25000,1.00000,6.00000,698.35089,7.91237,920.93475,0.28518,0
3009,657.94052,680.23597,532.95369,12,1,0,0.25367,1.00000,6.00000,698.35089,7.88005,917.17371,0.27334,0
3010,658.09254,719.33199,572.21585,12,1,0,0.25860,1.00000,6.00000,698.35089,7.49755,872.65320,0.26522,0
3011,657.91079,758.94619,533.48202,8,0,0,0.00000,0.00000,0.00000,0.00000,0.00000,0.00000,0.02835,0
3012,658.17839,50.55422,528.72708,8,0,0,0.29389,0.83708,3.00000,349.17545,3.65223,425.09021,0.18970,0
3013,658.33041,89.65024,567.98924,12,1,0,0.25637,1.00000,6.00000,698.35089,7.65376,890.83514,0.27674,0
3014,658.14866,129.26444,529.25541,12,1,0,0.25472,1.00000,6.00000,698.35089,7.95866,926.32281,0.27718,0
3015,658.30068,168.36046,568.51757,12,1,0,0.24755,1.00000,6.08276,707.98376,7.83108,911.47375,0.27232,0
3016,658.27095,247.07068,569.04590,12,1,0,0.25775,1.00000,6.00000,698.35089,7.73343,900.10852,0.26906,0
3017,658.24121,325.78090,569.57422,12,1,0,0.25035,1.00000,6.08276,707.98376,7.77964,905.48657,0.26963,0
3018,658.21148,404.49112,570.10255,12,1,0,0.25017,1.00000,6.16441,717.48730,7.88510,917.76117,0.27309,0
3019,658.36350,443.58714,609.36471,12,1,0,0.25374,1.00000,7.00000,814.74268,7.80207,908.09668,0.28256,0
3020,658.18174,483.20134,570.63087,12,1,0,0.24965,1.00000,6.63325,772.05597,7.82218,910.43750,0.27526,0
3021,658.33377,522.29736,609.89303,12,1,0,0.28207,0.99160,4.89898,570.20111,6.30230,733.53583,0.23680,0
3022,658.15201,561.91156,571.15920,12,1,0,0.28157,0.97290,3.74166,435.49832,6.26845,729.59650,0.26771,0
3023,658.30403,601.00758,610.42136,12,1,0,0.24913,1.00000,6.08276,707.98376,7.84266,912.82086,0.27923,0
3024,658.27430,679.71780,610.94968,12,1,0,0.25623,1.00000,6.00000,698.35089,7.69234,895.32581,0.26957,0
3025,658.24456,758.42802,611.47801,8,0,0,0.00000,0.00000,0.00000,0.00000,0.00000,0.00000,0.02950,0
3026,658.51217,50.03605,606.72308,8,0,0,0.28287,0.79552,2.23607,260.26001,3.21316,373.98593,0.19405,0
3027,658.48244,128.74627,607.25140,12,1,0,0.25737,1.00000,6.00000,698.35089,7.52115,875.40027,0.25850,0
3028,658.45270,207.45649,607.77973,12,1,0,0.24965,1.00000,6.08276,707.98376,7.77340,904.75995,0.27174,0
3029,658.60472,246.55251,647.04189,12,1,0,0.24966,1.00000,6.08276,707.98376,8.07380,939.72412,0.28096,0
3030,658.42297,286.16670,608.30805,12,1,0,0.25070,1.00000,6.16441,717.48730,7.73298,900.05505,0.26784,0
3031,658.57499,325.26273,647.57021,12,1,0,0.24452,1.00000,6.40312,745.27124,8.09411,942.08765,0.27712,0
3032,658.39323,364.87692,608.83638,12,1,0,0.26166,1.00000,5.91608,688.58331,7.34992,855.47009,0.26586,0
3033,658.54526,403.97295,648.09854,12,1,0,0.25052,1.00000,6.00000,698.35089,7.96871,927.49310,0.26938,0
3034,658.51552,482.68317,648.62686,12,1,0,0.25431,1.00000,5.74456,668.62006,7.63254,888.36523,0.26246,0
3035,658.48579,561.39339,649.15519,12,1,0,0.24671,1.00000,6.08276,707.98376,8.01515,932.89752,0.28154,0
3036,658.45605,640.10360,649.68352,12,1,0,0.25300,1.00000,6.00000,698.35089,7.71780,898.28827,0.27251,0
3037,658.60808,679.19963,688.94567,12,1,0,0.25475,1.00000,6.00000,698.35089,7.70435,896.72314,0.26765,0
3038,658.42632,718.81382,650.21184,12,1,0,0.25538,1.00000,6.00000,698.35089,7.59197,883.64374,0.27206,0
3039,658.57834,757.90985,689.47400,8,0,0,0.00000,0.00000,0.00000,0.00000,0.00000,0.00000,0.02586,0
3040,658.84595,49.51788,684.71907,8,0,0,0.31051,0.90704,3.60555,419.65665,4.53405,527.72577,0.19597,0
3041,658.66419,89.13207,645.98523,12,1,0,0.28359,1.00000,5.47723,637.50427,6.76293,787.14923,0.24192,0
3042,658.81621,128.22810,685.24739,12,1,0,0.25348,1.00000,6.00000,698.35089,7.91035,920.70001,0.28378,0
3043,658.63446,167.84229,646.51356,12,1,0,0.24792,1.00000,6.40312,745.27124,8.12327,945.48273,0.28403,0
3044,658.78648,206.93832,685.77572,12,1,0,0.25278,1.00000,6.92820,806.38611,8.07019,939.30402,0.26810,0
3045,658.75675,285.64853,686.30404,12,1,0,0.24723,1.00000,6.08276,707.98376,7.93754,923.86450,0.27398,0
3046,658.72701,364.35875,686.83237,12,1,0,0.24983,1.00000,6.00000,698.35089,7.89580,919.00702,0.27277,0
3047,658.69728,443.06897,687.36070,12,1,0,0.24965,1.00000,6.00000,698.35089,7.98133,928.96143,0.27098,0
3048,658.84930,482.16500,726.62285,12,1,0,0.24402,1.00000,7.00000,814.74268,8.18530,952.70135,0.28909,0
3049,658.66754,521.77919,687.88902,12,1,0,0.25035,1.00000,6.08276,707.98376,8.02593,934.15271,0.26656,0
3050,658.81957,560.87521,727.15118,12,1,0,0.25434,1.00000,6.40312,745.27124,8.09535,942.23193,0.27078,0
3051,658.63781,600.48941,688.41735,12,1,0,0.24339,1.00000,6.16441,717.48730,7.95172,925.51562,0.27142,0
3052,658.78983,639.58543,727.67951,12,1,0,0.24498,1.00000,7.00000,814.74268,8.07587,939.96466,0.28198,0
3053,658.76010,718.29565,728.20783,12,1,0,0.26520,1.00000,6.00000,698.35089,7.41585,863.14459,0.26592,0
3054,658.99797,88.61390,723.98122,12,1,0,0.24913,1.00000,6.00000,698.35089,8.09898,942.65466,0.28211,0
3055,658.96824,167.32412,724.50955,12,1,0,0.25052,1.00000,6.00000,698.35089,7.99621,930.69312,0.27501,0
3056,659.12026,206.42014,763.77171,8,0,0,0.27799,0.80447,3.00000,349.17545,3.36198,391.30640,0.17210,0
3057,658.93850,246.03434,725.03788,12,1,0,0.25456,1.00000,6.08276,707.98376,8.05296,937.29913,0.27827,0
3058,659.09052,285.13036,764.30003,8,0,0,0.28032,0.77049,2.82843,329.20575,2.89278,336.69589,0.17306,0
3059,658.90877,324.74456,725.56620,12,1,0,0.24931,1.00000,6.00000,698.35089,8.06348,938.52356,0.28499,0
3060,659.06079,363.84058,764.82836,8,0,0,0.29162,0.78747,3.00000,349.17545,3.00000,349.17545,0.16691,0
3061,658.87903,403.45478,726.09453,12,1,0,0.25052,1.00000,6.00000,698.35089,7.98805,929.74316,0.27245,0
3062,659.03106,442.55080,765.35669,8,0,0,0.29882,0.83934,3.00000,349.17545,3.76835,438.60532,0.17101,0
3063,659.00132,521.26102,765.88501,8,0,0,0.28882,0.80000,3.00000,349.17545,3.19112,371.41983,0.16781,0
3064,658.97159,599.97124,766.41334,8,0,0,0.29287,0.84680,3.00000,349.17545,3.47661,404.64920,0.16493,0
3065,658.94185,678.68146,766.94166,8,0,0,0.29923,0.85873,4.00000,465.56726,4.03991,470.21243,0.17056,0
3066,658.91212,757.39168,767.46999,5,0,0,0.00000,0.00000,0.00000,0.00000,0.00000,0.00000,0.02099,0
3067,659.17973,48.99971,762.71506,5,0,0,0.30396,0.65385,2.23607,260.26001,2.52803,294.24179,0.11866,0
3068,659.14999,127.70993,763.24338,8,0,0,0.29971,0.84890,3.00000,349.17545,3.79652,441.88385,0.17946,0
3069,695.11693,722.74776,65.16821,8,0,0,0.30791,0.88736,4.00000,465.56726,4.27000,496.99326,0.16096,0
3070,695.35480,93.06601,60.94160,8,0,0,0.29065,0.78571,2.00000,232.78363,3.10317,361.18414,0.16365,0
3071,695.32506,171.77623,61.46992,8,0,0,0.25926,0.70986,2.00000,232.78363,0.00000,0.00000,0.15514,0
3072,695.29533,250.48645,61.99825,8,0,0,0.26880,0.72905,2.00000,232.78363,2.52119,293.44592,0.16582,0
3073,695.26560,329.19667,62.52658,8,0,0,0.27061,0.72113,2.23607,260.26001,2.61316,304.15021,0.15898,0
3074,695.23586,407.90689,63.05490,8,0,0,0.28115,0.70248,2.82843,329.20575,2.42055,281.73239,0.15034,0
3075,695.20613,486.61711,63.58323,8,0,0,0.25942,0.68272,2.00000,232.78363,0.00000,0.00000,0.15091,0
3076,695.35815,525.71313,102.84539,12,1,0,0.24931,1.00000,6.00000,698.35089,8.11434,944.44250,0.28083,0
3077,695.17639,565.32733,64.11155,8,0,0,0.30376,0.80165,3.16228,368.06323,3.34930,389.83136,0.16134,0
3078,695.32842,604.42335,103.37371,12,1,0,0.24654,1.00000,6.00000,698.35089,8.06864,939.12396,0.26970,0
3079,695.14666,644.03755,64.63988,8,0,0,0.29244,0.82094,3.00000,349.17545,3.46812,403.66031,0.16819,0
3080,695.29868,683.13357,103.90204,12,1,0,0.25616,1.00000,6.00000,698.35089,7.94666,924.92566,0.26963,0
3081,695.26895,761.84379,104.43036,8,0,0,0.00000,0.00000,0.00000,0.00000,0.00000,0.00000,0.02419,0
3082,695.53655,53.45182,99.67543,8,0,0,0.29906,0.90057,3.31662,386.02798,4.40422,512.61481,0.18976,0
3083,695.50682,132.16204,100.20376,12,1,0,0.25159,1.00000,6.00000,698.35089,7.89941,919.42645,0.28768,0
3084,695.47709,210.87226,100.73208,12,1,0,0.24706,1.00000,6.00000,698.35089,8.06898,939.16327,0.28454,0
3085,695.44735,289.58248,101.26041,12,1,0,0.24721,1.00000,6.00000,698.35089,8.12765,945.99194,0.28870,0
3086,695.59937,328.67850,140.52257,12,1,0,0.25000,1.00000,6.00000,698.35089,7.91737,921.51660,0.27213,0
3087,695.41762,368.29269,101.78873,12,1,0,0.24500,1.00000,6.08276,707.98376,8.13278,946.58936,0.27597,0
3088,695.56964,407.38872,141.05089,12,1,0,0.25316,1.00000,6.00000,698.35089,7.99085,930.06940,0.26445,0
3089,695.38788,447.00291,102.31706,12,1,0,0.25211,1.00000,6.00000,698.35089,7.96214,926.72766,0.28704,0
3090,695.53991,486.09894,141.57922,12,1,0,0.25476,1.00000,6.00000,698.35089,8.06021,938.14270,0.26477,0
3091,695.51017,564.80916,142.10754,12,1,0,0.25122,1.00000,6.00000,698.35089,8.03527,935.24005,0.26157,0
3092,695.48044,643.51937,142.63587,12,1,0,0.24181,1.00000,6.08276,707.98376,7.95391,925.76953,0.27002,0
3093,695.45070,722.22959,143.16420,12,1,0,0.26732,1.00000,5.00000,581.95911,6.98487,812.98169,0.23680,0
3094,695.60273,761.32562,182.42636,8,0,0,0.00000,0.00000,0.00000,0.00000,0.00000,0.00000,0.02118,0
3095,695.87033,52.93365,177.67142,8,0,0,0.30077,0.86501,3.00000,349.17545,3.98703,464.05746,0.20461,0
3096,695.68858,92.54784,138.93759,12,1,0,0.25518,1.00000,6.00000,698.35089,7.60580,885.25250,0.27898,0
3097,695.84060,131.64387,178.19975,12,1,0,0.25444,1.00000,6.08276,707.98376,7.85075,913.76263,0.28429,0
3098,695.65884,171.25806,139.46591,12,1,0,0.24825,1.00000,6.16441,717.48730,7.90840,920.47351,0.27290,0
3099,695.81087,210.35409,178.72807,12,1,0,0.25264,1.00000,6.00000,698.35089,7.97274,927.96216,0.29613,0
3100,695.62911,249.96828,139.99424,12,1,0,0.25373,1.00000,6.00000,698.35089,8.01454,932.82715,0.27635,0
3101,695.78113,289.06430,179.25640,12,1,0,0.25278,1.00000,6.08276,707.98376,8.30705,966.87250,0.29734,0
3102,695.75140,367.77452,179.78472,12,1,0,0.25347,1.00000,6.08276,707.98376,8.16895,950.79895,0.28576,0
3103,695.72166,446.48474,180.31305,12,1,0,0.24913,1.00000,6.00000,698.35089,8.06461,938.65479,0.28186,0
3104,695.87369,485.58077,219.57521,12,1,0,0.24983,1.00000,6.00000,698.35089,7.88173,917.36932,0.26880,0
3105,695.69193,525.19496,180.84138,12,1,0,0.24948,1.00000,6.00000,698.35089,8.21297,955.92255,0.28672,0
3106,695.84395,564.29099,220.10354,12,1,0,0.25121,1.00000,6.00000,698.35089,7.95353,925.72559,0.27904,0
3107,695.66219,603.90518,181.36970,12,1,0,0.24965,1.00000,6.00000,698.35089,7.95223,925.57495,0.27635,0
3108,695.81422,643.00120,220.63186,12,1,0,0.25542,1.00000,6.00000,698.35089,7.89979,919.47076,0.27187,0
3109,695.63246,682.61540,181.89803,12,1,0,0.25500,1.00000,5.38516,626.78912,7.69841,896.03149,0.26829,0
3110,695.78448,721.71142,221.16019,12,1,0,0.26343,1.00000,5.09902,593.48413,7.42592,864.31677,0.26483,0
3111,696.02236,92.02967,216.93358,12,1,0,0.25545,1.00000,6.00000,698.35089,8.12763,945.98950,0.29722,0
3112,695.99262,170.73989,217.46191,12,1,0,0.25105,1.00000,6.00000,698.35089,8.01818,933.25085,0.28608,0
3113,695.96289,249.45011,217.99023,12,1,0,0.24862,1.00000,6.08276,707.98376,8.22160,956.92743,0.28448,0
3114,696.11491,288.54613,257.25239,12,1,0,0.26052,1.00000,6.00000,698.35089,7.51971,875.23260,0.28256,0
3115,695.93315,328.16033,218.51856,12,1,0,0.25052,1.00000,7.00000,814.74268,7.94216,924.40283,0.28250,0
3116,696.08518,367.25635,257.78072,12,1,0,0.25743,1.00000,6.00000,698.35089,7.75056,902.10205,0.27846,0
3117,695.90342,406.87055,219.04688,12,1,0,0.26031,1.00000,6.00000,698.35089,7.89415,918.81439,0.27930,0
3118,696.05544,445.96657,258.30904,12,1,0,0.25443,1.00000,6.08276,707.98376,7.85783,914.58691,0.28378,0
3119,696.02571,524.67679,258.83737,12,1,0,0.25365,1.00000,6.00000,698.35089,8.10454,943.30164,0.28128,0
3120,695.99597,603.38701,259.36569,12,1,0,0.25458,1.00000,6.00000,698.35089,7.76550,903.84076,0.27706,0
3121,695.96624,682.09723,259.89402,12,1,0,0.26090,1.00000,6.00000,698.35089,7.78315,905.89502,0.26995,0
3122,696.11826,721.19325,299.15618,12,1,0,0.25382,1.00000,6.08276,707.98376,7.94847,925.13696,0.28768,0
3123,695.93651,760.80745,260.42235,8,0,0,0.00000,0.00000,0.00000,0.00000,0.00000,0.00000,0.01850,0
3124,696.20411,52.41548,255.66741,8,0,0,0.28103,0.79494,3.00000,349.17545,3.20405,372.92548,0.21018,0
3125,696.35613,91.51150,294.92957,12,1,0,0.25035,1.00000,6.08276,707.98376,8.15679,949.38403,0.31488,0
3126,696.17438,131.12570,256.19574,12,1,0,0.26047,1.00000,6.00000,698.35089,7.91876,921.67828,0.29843,0
3127,696.32640,170.22172,295.45790,12,1,0,0.24517,1.00000,6.16441,717.48730,8.18416,952.56970,0.30669,0
3128,696.14464,209.83592,256.72406,12,1,0,0.26122,1.00000,6.00000,698.35089,7.52907,876.32166,0.29306,0
3129,696.29667,248.93194,295.98622,12,1,0,0.25208,1.00000,6.08276,707.98376,8.19973,954.38147,0.31046,0
3130,696.26693,327.64216,296.51455,12,1,0,0.24825,1.00000,6.08276,707.98376,8.02258,933.76270,0.29843,0
3131,696.23720,406.35238,297.04287,12,1,0,0.25192,1.00000,6.00000,698.35089,8.05542,937.58459,0.29152,0
3132,696.20746,485.06260,297.57120,12,1,0,0.25052,1.00000,6.32456,736.12646,7.92336,922.21405,0.28467,0
3133,696.35949,524.15862,336.83336,12,1,0,0.25263,1.00000,7.00000,814.74268,7.87855,916.99872,0.28960,0
3134,696.17773,563.77282,298.09953,12,1,0,0.25400,1.00000,7.00000,814.74268,8.12560,945.75385,0.28928,0
3135,696.32975,602.86884,337.36168,12,1,0,0.25070,1.00000,6.00000,698.35089,7.99269,930.28369,0.29242,0
3136,696.14800,642.48303,298.62785,12,1,0,0.25140,1.00000,6.00000,698.35089,7.91724,921.50238,0.29459,0
3137,696.30002,681.57906,337.89001,12,1,0,0.25407,1.00000,6.00000,698.35089,7.63607,888.77563,0.27181,0
3138,696.27028,760.28928,338.41834,8,0,0,0.00000,0.00000,0.00000,0.00000,0.00000,0.00000,0.02790,0
3139,696.53789,51.89731,333.66340,8,0,0,0.27162,0.74373,2.00000,232.78363,2.31447,269.38577,0.20838,0
3140,696.50816,130.60753,334.19173,12,1,0,0.25053,1.00000,6.00000,698.35089,7.75312,902.39929,0.30906,0
3141,696.47842,209.31774,334.72005,12,1,0,0.25590,1.00000,6.00000,698.35089,7.69831,896.02032,0.30778,0
3142,696.44869,288.02796,335.24838,12,1,0,0.25606,1.00000,5.91608,688.58331,7.75776,902.94019,0.29197,0
3143,696.60071,327.12399,374.51054,12,1,0,0.25862,1.00000,5.19615,604.78961,7.56100,880.03882,0.29184,0
3144,696.41895,366.73818,335.77671,12,1,0,0.27484,0.99718,5.00000,581.95911,6.76115,786.94269,0.24666,0
3145,696.57098,405.83421,375.03886,12,1,0,0.26835,1.00000,5.00000,581.95911,7.28490,847.90228,0.28314,0
3146,696.38922,445.44840,336.30503,12,1,0,0.24929,1.00000,6.08276,707.98376,7.77674,905.14886,0.28147,0
3147,696.54124,484.54443,375.56719,12,1,0,0.25248,1.00000,7.00000,814.74268,7.82809,911.12585,0.29542,0
3148,696.51151,563.25464,376.09552,12,1,0,0.24707,1.00000,7.00000,814.74268,8.14060,947.49921,0.29312,0
3149,696.48177,641.96486,376.62384,12,1,0,0.25438,1.00000,6.00000,698.35089,8.03677,935.41437,0.29965,0
3150,696.45204,720.67508,377.15217,12,1,0,0.24878,1.00000,6.08276,707.98376,8.03108,934.75244,0.28672,0
3151,696.60406,759.77111,416.41433,8,0,0,0.00000,0.00000,0.00000,0.00000,0.00000,0.00000,0.02470,0
3152,696.87167,51.37914,411.65939,8,0,0,0.29007,0.82173,3.16228,368.06323,3.53468,411.40735,0.19270,0
3153,696.68991,90.99333,372.92556,12,1,0,0.25728,1.00000,6.00000,698.35089,7.92079,921.91522,0.31392,0
3154,696.84193,130.08936,412.18772,12,1,0,0.25648,1.00000,6.08276,707.98376,7.92186,922.04022,0.29658,0
3155,696.66018,169.70355,373.45389,12,1,0,0.25071,1.00000,6.00000,698.35089,7.90267,919.80646,0.31725,0
3156,696.81220,208.79957,412.71604,12,1,0,0.25331,1.00000,6.16441,717.48730,8.02749,934.33411,0.29690,0
3157,696.63044,248.41377,373.98221,12,1,0,0.26432,1.00000,5.74456,668.62006,7.45911,868.17877,0.30470,0
3158,696.78247,287.50979,413.24437,12,1,0,0.24633,1.00000,6.08276,707.98376,7.91773,921.55878,0.28896,0
3159,696.75273,366.22001,413.77270,12,1,0,0.25763,1.00000,6.00000,698.35089,7.81643,909.76904,0.28710,0
3160,696.72300,444.93023,414.30102,12,1,0,0.25335,1.00000,6.00000,698.35089,7.83550,911.98779,0.27482,0
3161,696.69326,523.64045,414.82935,12,1,0,0.25533,1.00000,7.00000,814.74268,7.74400,901.33838,0.29568,0
3162,696.84529,562.73647,454.09151,12,1,0,0.25295,1.00000,6.00000,698.35089,8.09782,942.52002,0.30438,0
3163,696.66353,602.35067,415.35767,12,1,0,0.25749,1.00000,6.00000,698.35089,7.79128,906.84088,0.28186,0
3164,696.81555,641.44669,454.61983,12,1,0,0.24500,1.00000,6.08276,707.98376,8.13467,946.80890,0.29235,0
3165,696.63380,681.06089,415.88600,12,1,0,0.24931,1.00000,6.00000,698.35089,7.81807,909.95935,0.27309,0
3166,696.78582,720.15691,455.14816,12,1,0,0.25795,1.00000,6.00000,698.35089,7.79962,907.81232,0.27590,0
3167,697.02369,90.47516,450.92155,12,1,0,0.24756,1.00000,6.00000,698.35089,8.22350,957.14813,0.31904,0
3168,696.99396,169.18538,451.44988,12,1,0,0.24794,1.00000,7.00000,814.74268,8.45326,983.89032,0.32294,0
3169,696.96422,247.89560,451.97820,12,1,0,0.25724,1.00000,6.08276,707.98376,8.15189,948.81305,0.30093,0
3170,697.11624,286.99162,491.24036,12,1,0,0.25966,1.00000,5.47723,637.50427,7.79951,907.79938,0.30438,0
3171,696.93449,326.60582,452.50653,12,1,0,0.25209,1.00000,6.08276,707.98376,8.07597,939.97656,0.30054,0
3172,697.08651,365.70184,491.76869,12,1,0,0.26084,1.00000,6.00000,698.35089,7.61422,886.23260,0.28749,0
3173,696.90475,405.31604,453.03485,12,1,0,0.25966,1.00000,6.00000,698.35089,7.72413,899.02545,0.29664,0
3174,697.05678,444.41206,492.29701,12,1,0,0.27085,0.96056,3.74166,435.49832,5.73703,667.74292,0.26106,0
3175,696.87502,484.02626,453.56318,12,1,0,0.25657,1.00000,6.08276,707.98376,7.84217,912.76410,0.30022,0
3176,697.02704,523.12228,492.82534,12,1,0,0.26028,1.00000,6.00000,698.35089,8.01866,933.30670,0.29139,0
3177,696.99731,601.83250,493.35367,12,1,0,0.25598,1.00000,6.00000,698.35089,7.84341,912.90820,0.28070,0
3178,696.96757,680.54272,493.88199,12,1,0,0.25370,1.00000,6.00000,698.35089,7.77221,904.62177,0.27066,0
3179,697.11960,719.63874,533.14415,12,1,0,0.25194,1.00000,6.08276,707.98376,7.80853,908.84888,0.28390,0
3180,696.93784,759.25294,494.41032,8,0,0,0.00000,0.00000,0.00000,0.00000,0.00000,0.00000,0.02765,0
3181,697.20545,50.86097,489.65538,8,0,0,0.26695,0.68889,2.00000,232.78363,2.25000,261.88159,0.19066,0
3182,697.35747,89.95699,528.91754,12,1,0,0.25191,1.00000,6.00000,698.35089,8.22850,957.73041,0.31264,0
3183,697.17571,129.57119,490.18371,12,1,0,0.25630,1.00000,6.00000,698.35089,7.56898,880.96729,0.28947,0
3184,697.32773,168.66721,529.44587,12,1,0,0.24707,1.00000,6.00000,698.35089,8.33615,970.25964,0.31046,0
3185,697.14598,208.28140,490.71203,12,1,0,0.25910,1.00000,6.00000,698.35089,7.76708,904.02399,0.29811,0
3186,697.29800,247.37743,529.97419,12,1,0,0.25317,1.00000,6.00000,698.35089,7.97273,927.95996,0.29926,0
3187,697.26827,326.08765,530.50252,12,1,0,0.24844,1.00000,6.32456,736.12646,8.08070,940.52698,0.29760,0
3188,697.23853,404.79787,531.03085,12,1,0,0.25942,1.00000,6.00000,698.35089,7.90046,919.54901,0.29459,0
3189,697.20880,483.50808,531.55917,12,1,0,0.25018,1.00000,6.00000,698.35089,7.88765,918.05774,0.29363,0
3190,697.36082,522.60411,570.82133,12,1,0,0.24807,1.00000,6.00000,698.35089,7.83365,911.77271,0.26746,0
3191,697.17906,562.21830,532.08750,12,1,0,0.25578,1.00000,6.08276,707.98376,8.08319,940.81738,0.28909,0
3192,697.33109,601.31433,571.34966,12,1,0,0.25731,1.00000,6.08276,707.98376,7.84680,913.30316,0.27706,0
3193,697.14933,640.92852,532.61582,12,1,0,0.25139,1.00000,6.00000,698.35089,8.04998,936.95215,0.29664,0
3194,697.30135,680.02455,571.87798,12,1,0,0.25763,1.00000,6.00000,698.35089,7.68336,894.28009,0.27418,0
3195,697.27162,758.73477,572.40631,8,0,0,0.00000,0.00000,0.00000,0.00000,0.00000,0.00000,0.02547,0
3196,697.53922,50.34280,567.65137,8,0,0,0.29406,0.86723,3.60555,419.65665,4.15280,483.35144,0.20902,0
3197,697.50949,129.05301,568.17970,12,1,0,0.24983,1.00000,6.08276,707.98376,8.15753,949.47015,0.30118,0
3198,697.47976,207.76323,568.70803,12,1,0,0.26672,0.98596,4.35890,507.34018,6.86018,798.46906,0.27354,0
3199,697.45002,286.47345,569.23635,12,1,0,0.24651,1.00000,6.00000,698.35089,7.98644,929.55652,0.30342,0
3200,697.60204,325.56948,608.49851,12,1,0,0.24754,1.00000,6.40312,745.27124,7.92006,921.82977,0.29453,0
3201,697.42029,365.18367,569.76468,12,1,0,0.24808,1.00000,6.00000,698.35089,7.95270,925.62909,0.29856,0
3202,697.57231,404.27970,609.02684,12,1,0,0.24655,1.00000,6.00000,698.35089,8.18936,953.17401,0.28922,0
3203,697.39055,443.89389,570.29300,12,1,0,0.25194,1.00000,6.08276,707.98376,7.87422,916.49506,0.28512,0
3204,697.54258,482.98991,609.55516,12,1,0,0.25209,1.00000,7.00000,814.74268,7.96924,927.55463,0.28422,0
3205,697.51284,561.70013,610.08349,12,1,0,0.24844,1.00000,6.00000,698.35089,8.01001,932.29944,0.27597,0
3206,697.48311,640.41035,610.61181,12,1,0,0.24858,1.00000,6.00000,698.35089,7.74951,901.97937,0.27674,0
3207,697.45337,719.12057,611.14014,12,1,0,0.25811,1.00000,6.00000,698.35089,7.61400,886.20746,0.27322,0
3208,697.60540,758.21659,650.40230,8,0,0,0.00000,0.00000,0.00000,0.00000,0.00000,0.00000,0.02387,0
3209,697.87300,49.82463,645.64736,8,0,0,0.29494,0.82730,3.00000,349.17545,3.77961,439.91595,0.19987,0
3210,697.69125,89.43882,606.91353,12,1,0,0.25035,1.00000,6.00000,698.35089,7.90814,920.44287,0.29421,0
3211,697.84327,128.53484,646.17569,12,1,0,0.24878,1.00000,6.00000,698.35089,8.09407,942.08368,0.30566,0
3212,697.66151,168.14904,607.44186,12,1,0,0.24656,1.00000,6.40312,745.27124,8.07274,939.60059,0.29683,0
3213,697.81354,207.24506,646.70402,12,1,0,0.25260,1.00000,6.08276,707.98376,8.07660,940.05017,0.30029,0
3214,697.63178,246.85926,607.97018,12,1,0,0.25155,1.00000,6.08276,707.98376,8.09126,941.75665,0.29760,0
3215,697.78380,285.95528,647.23234,12,1,0,0.25224,1.00000,6.40312,745.27124,8.46001,984.67584,0.30944,0
3216,697.75407,364.66550,647.76067,12,1,0,0.25245,1.00000,6.00000,698.35089,8.00556,931.78210,0.29338,0
3217,697.72433,443.37572,648.28899,12,1,0,0.24983,1.00000,6.00000,698.35089,8.33196,969.77246,0.30054,0
3218,697.69460,522.08594,648.81732,12,1,0,0.25260,1.00000,6.00000,698.35089,8.32949,969.48474,0.29619,0
3219,697.84662,561.18196,688.07948,12,1,0,0.25556,1.00000,6.00000,698.35089,8.25423,960.72455,0.28166,0
3220,697.66486,600.79616,649.34565,12,1,0,0.25264,1.00000,6.00000,698.35089,7.98370,929.23682,0.28762,0
3221,697.81689,639.89218,688.60780,12,1,0,0.25405,1.00000,6.00000,698.35089,7.80474,908.40826,0.26579,0
3222,697.63513,679.50638,649.87397,12,1,0,0.25918,1.00000,6.00000,698.35089,7.60600,885.27667,0.26854,0
3223,697.78715,718.60240,689.13613,12,1,0,0.26436,1.00000,6.00000,698.35089,7.26415,845.48779,0.25728,0
3224,698.02503,88.92065,684.90952,12,1,0,0.27396,1.00000,5.09902,593.48413,7.23733,842.36548,0.26566,0
3225,697.99529,167.63087,685.43785,12,1,0,0.25209,1.00000,6.00000,698.35089,7.88422,917.65875,0.27699,0
3226,697.96556,246.34109,685.96617,12,1,0,0.24759,1.00000,7.00000,814.74268,8.29285,965.21948,0.29293,0
3227,698.11758,285.43711,725.22833,12,1,0,0.25192,1.00000,6.00000,698.35089,8.08749,941.31744,0.29696,0
3228,697.93582,325.05131,686.49450,12,1,0,0.24877,1.00000,6.00000,698.35089,8.13072,946.34882,0.27955,0
3229,698.08785,364.14733,725.75666,12,1,0,0.25069,1.00000,7.00000,814.74268,8.35470,972.41925,0.29754,0
3230,697.90609,403.76152,687.02283,12,1,0,0.25452,1.00000,6.08276,707.98376,8.16595,950.44958,0.27488,0
3231,698.05811,442.85755,726.28498,12,1,0,0.25069,1.00000,6.00000,698.35089,8.27348,962.96484,0.29043,0
3232,697.87636,482.47174,687.55115,12,1,0,0.24742,1.00000,7.00000,814.74268,8.07692,940.08765,0.27283,0
3233,698.02838,521.56777,726.81331,12,1,0,0.24810,1.00000,6.00000,698.35089,8.18217,952.33807,0.28096,0
3234,697.99864,600.27799,727.34164,12,1,0,0.25226,1.00000,6.00000,698.35089,8.02780,934.37061,0.27539,0
3235,697.96891,678.98821,727.86996,12,1,0,0.25783,1.00000,6.00000,698.35089,7.73393,900.16559,0.25869,0
3236,698.12093,718.08423,767.13212,8,0,0,0.32128,0.82514,2.82843,329.20575,3.57688,416.31955,0.14355,0
3237,697.93918,757.69842,728.39829,8,0,0,0.00000,0.00000,0.00000,0.00000,0.00000,0.00000,0.02336,0
3238,698.20678,49.30645,723.64335,8,0,0,0.30383,0.86313,3.16228,368.06323,3.95410,460.22452,0.18304,0
3239,698.35880,88.40248,762.90551,8,0,0,0.29820,0.87465,3.00000,349.17545,4.18990,487.66956,0.17197,0
3240,698.17705,128.01667,724.17168,12,1,0,0.25897,1.00000,6.00000,698.35089,8.16805,950.69458,0.28627,0
3241,698.32907,167.11270,763.43384,8,0,0,0.27948,0.78771,3.00000,349.17545,3.27699,381.41486,0.17830,0
3242,698.14731,206.72689,724.70001,12,1,0,0.25156,1.00000,6.00000,698.35089,8.33963,970.66516,0.30157,0
3243,698.29934,245.82292,763.96216,8,0,0,0.28342,0.77260,2.00000,232.78363,2.49099,289.93115,0.17293,0
3244,698.26960,324.53314,764.49049,8,0,0,0.28789,0.79944,3.00000,349.17545,3.06453,356.68677,0.17376,0
3245,698.23987,403.24335,765.01882,8,0,0,0.28052,0.77222,2.00000,232.78363,2.50000,290.97955,0.16301,0
3246,698.21013,481.95357,765.54714,8,0,0,0.28168,0.74515,2.44949,285.10056,2.67000,310.76614,0.15674,0
3247,698.18040,560.66379,766.07547,8,0,0,0.28429,0.78788,2.23607,260.26001,2.89000,336.37234,0.15942,0
3248,698.15067,639.37401,766.60380,8,0,0,0.28657,0.81127,3.00000,349.17545,3.20000,372.45383,0.15840,0
3249,734.35547,604.73010,64.30201,5,0,0,0.26661,0.91136,3.31662,386.02798,4.63725,539.73785,0.45978,0
3250,734.32574,683.44032,64.83034,5,0,0,0.27304,0.89385,3.16228,368.06323,4.20230,489.11389,0.41478,0
3251,734.29600,762.15054,65.35866,3,0,0,0.00000,0.00000,0.00000,0.00000,0.00000,0.00000,0.01869,0
3252,734.56361,53.75857,60.60373,3,0,0,0.19422,0.34278,1.00000,116.39182,0.00000,0.00000,0.11795,0
3253,734.53388,132.46879,61.13205,5,0,0,0.27622,0.87778,3.00000,349.17545,4.20487,489.41193,0.38515,0
3254,734.50414,211.17900,61.66038,5,0,0,0.26446,0.89888,3.16228,368.06323,4.42477,515.00659,0.44422,0
3255,734.47441,289.88922,62.18871,5,0,0,0.26683,0.89415,3.74166,435.49832,4.31644,502.39886,0.45242,0
3256,734.44467,368.59944,62.71703,5,0,0,0.26015,0.88701,3.00000,349.17545,4.19170,487.87985,0.48845,0
3257,734.59670,407.69547,101.97919,8,0,0,0.24189,1.00000,9.05539,1053.97278,12.00000,1396.70178,0.71968,0
3258,734.41494,447.30966,63.24536,5,0,0,0.25579,0.87288,3.16228,368.06323,3.94559,459.23419,0.48653,0
3259,734.56696,486.40568,102.50752,8,0,0,0.23965,1.00000,9.21954,1073.07947,12.00000,1396.70178,0.72282,0
3260,734.38521,526.01988,63.77368,5,0,0,0.25998,0.87879,3.00000,349.17545,4.10340,477.60263,0.48826,0
3261,734.53723,565.11590,103.03584,8,0,0,0.24506,1.00000,8.12404,945.57159,12.00000,1396.70178,0.71309,0
3262,734.50749,643.82612,103.56417,8,0,0,0.24084,1.00000,7.87401,916.47003,12.00000,1396.70178,0.69171,0
3263,734.47776,722.53634,104.09250,8,0,0,0.24983,1.00000,6.63325,772.05597,9.91601,1154.14282,0.58976,0
3264,734.71563,92.85459,99.86589,8,0,0,0.24725,1.00000,6.32456,736.12646,9.97825,1161.38708,0.57958,0
3265,734.86765,131.95061,139.12804,8,0,0,0.25259,1.00000,7.07107,823.01440,11.33611,1319.42993,0.62598,0
3266,734.68590,171.56481,100.39421,8,0,0,0.23948,1.00000,7.07107,823.01440,12.00000,1396.70178,0.65088,0
3267,734.83792,210.66083,139.65637,8,0,0,0.24168,1.00000,7.28011,847.34521,12.00000,1396.70178,0.68576,0
3268,734.65616,250.27503,100.92254,8,0,0,0.24407,1.00000,8.06226,938.38080,12.00000,1396.70178,0.69651,0
3269,734.80819,289.37105,140.18470,8,0,0,0.24322,1.00000,8.24621,959.79144,12.00000,1396.70178,0.70413,0
3270,734.62643,328.98525,101.45086,8,0,0,0.24509,1.00000,8.30662,966.82300,12.00000,1396.70178,0.70534,0
3271,734.77845,368.08127,140.71302,8,0,0,0.24609,1.00000,9.11043,1060.37988,12.00000,1396.70178,0.72326,0
3272,734.74872,446.79149,141.24135,8,0,0,0.24457,1.00000,9.43398,1098.03821,12.00000,1396.70178,0.73082,0
3273,734.71898,525.50171,141.76968,8,0,0,0.24087,1.00000,9.00000,1047.52637,12.00000,1396.70178,0.73581,0
3274,734.87101,564.59773,181.03183,8,0,0,0.24626,1.00000,8.77496,1021.33405,12.00000,1396.70178,0.72358,0
3275,734.68925,604.21193,142.29800,8,0,0,0.24506,1.00000,8.24621,959.79144,12.00000,1396.70178,0.72070,0
3276,734.84127,643.30795,181.56016,8,0,0,0.24224,1.00000,8.06226,938.38080,12.00000,1396.70178,0.70022,0
3277,734.65952,682.92215,142.82633,8,0,0,0.24677,1.00000,7.07107,823.01440,12.00000,1396.70178,0.67014,0
3278,734.81154,722.01817,182.08849,8,0,0,0.25312,1.00000,7.00000,814.74268,11.21630,1305.48535,0.63584,0
3279,734.62978,761.63237,143.35465,5,0,0,0.00000,0.00000,0.00000,0.00000,0.00000,0.00000,0.11706,0
3280,734.89739,53.24040,138.59972,5,0,0,0.27817,0.87535,3.16228,368.06323,4.17340,485.74954,0.35226,0
3281,735.04941,92.33642,177.86188,8,0,0,0.24491,1.00000,7.00000,814.74268,10.16708,1183.36450,0.58080,0
3282,735.01968,171.04664,178.39020,8,0,0,0.24438,1.00000,7.14143,831.20380,12.00000,1396.70178,0.65722,0
3283,734.98994,249.75686,178.91853,8,0,0,0.24949,1.00000,8.06226,938.38080,12.00000,1396.70178,0.69715,0
3284,734.96021,328.46708,179.44686,8,0,0,0.24494,1.00000,9.05539,1053.97278,12.00000,1396.70178,0.71763,0
3285,735.11223,367.56310,218.70901,8,0,0,0.24206,1.00000,9.11043,1060.37988,12.00000,1396.70178,0.71411,0
3286,734.93047,407.17730,179.97518,8,0,0,0.24897,1.00000,9.21954,1073.07947,12.00000,1396.70178,0.72794,0
3287,735.08250,446.27332,219.23734,8,0,0,0.24694,1.00000,9.94987,1158.08386,12.00000,1396.70178,0.72634,0
3288,734.90074,485.88751,180.50351,8,0,0,0.24540,1.00000,9.05539,1053.97278,12.00000,1396.70178,0.72666,0
3289,735.05276,524.98354,219.76567,8,0,0,0.24983,1.00000,9.11043,1060.37988,12.00000,1396.70178,0.72090,0
3290,735.02303,603.69376,220.29399,8,0,0,0.24508,1.00000,8.60233,1001.24030,12.00000,1396.70178,0.71629,0
3291,734.99329,682.40398,220.82232,8,0,0,0.24592,1.00000,7.07107,823.01440,12.00000,1396.70178,0.67098,0
3292,734.96356,761.11420,221.35064,5,0,0,0.00000,0.00000,0.00000,0.00000,0.00000,0.00000,0.14720,0
3293,735.23117,52.72223,216.59571,5,0,0,0.26368,0.83051,2.82843,329.20575,3.38750,394.27728,0.35398,0
3294,735.20143,131.43244,217.12404,8,0,0,0.24119,1.00000,8.00000,931.13452,11.27629,1312.46838,0.62067,0
3295,735.35345,170.52847,256.38619,8,0,0,0.23881,1.00000,8.24621,959.79144,11.98251,1394.66614,0.63795,0
3296,735.17170,210.14266,217.65236,8,0,0,0.24441,1.00000,9.00000,1047.52637,12.00000,1396.70178,0.67859,0
3297,735.32372,249.23869,256.91452,8,0,0,0.24355,1.00000,9.00000,1047.52637,12.00000,1396.70178,0.67507,0
3298,735.14196,288.85288,218.18069,8,0,0,0.24915,1.00000,10.04988,1169.72327,12.00000,1396.70178,0.69510,0
3299,735.29399,327.94891,257.44285,8,0,0,0.24154,1.00000,10.04988,1169.72327,12.00000,1396.70178,0.69594,0
3300,735.26425,406.65913,257.97117,8,0,0,0.24541,1.00000,10.09950,1175.49963,12.00000,1396.70178,0.70682,0
3301,735.23452,485.36934,258.49950,8,0,0,0.24119,1.00000,10.04988,1169.72327,12.00000,1396.70178,0.70918,0
3302,735.20478,564.07956,259.02782,8,0,0,0.24948,1.00000,9.43398,1098.03821,12.00000,1396.70178,0.71430,0
3303,735.35681,603.17559,298.28998,8,0,0,0.24389,1.00000,9.27362,1079.37329,12.00000,1396.70178,0.69421,0
3304,735.17505,642.78978,259.55615,8,0,0,0.24154,1.00000,9.00000,1047.52637,12.00000,1396.70178,0.69862,0
3305,735.32707,681.88581,298.81831,8,0,0,0.24593,1.00000,8.24621,959.79144,12.00000,1396.70178,0.66387,0
3306,735.14532,721.50000,260.08448,8,0,0,0.24659,1.00000,7.81025,909.04913,11.69960,1361.73767,0.63731,0
3307,735.29734,760.59602,299.34663,5,0,0,0.00000,0.00000,0.00000,0.00000,0.00000,0.00000,0.14790,0
3308,735.56494,52.20405,294.59170,5,0,0,0.25138,0.77337,2.82843,329.20575,2.64957,308.38770,0.37670,0
3309,735.38319,91.81825,255.85787,8,0,0,0.24523,1.00000,7.07107,823.01440,9.93081,1155.86523,0.57197,0
3310,735.53521,130.91427,295.12003,8,0,0,0.24404,1.00000,8.00000,931.13452,11.18789,1302.17859,0.62829,0
3311,735.50548,209.62449,295.64835,8,0,0,0.23684,1.00000,8.48528,987.61725,12.00000,1396.70178,0.67251,0
3312,735.47574,288.33471,296.17668,8,0,0,0.23938,1.00000,9.79796,1140.40222,12.00000,1396.70178,0.68218,0
3313,735.44601,367.04493,296.70500,8,0,0,0.24138,1.00000,9.89950,1152.22021,12.00000,1396.70178,0.68621,0
3314,735.59803,406.14095,335.96716,8,0,0,0.24626,1.00000,9.43398,1098.03821,12.00000,1396.70178,0.70490,0
3315,735.41627,445.75515,297.23333,8,0,0,0.24124,1.00000,9.94987,1158.08386,12.00000,1396.70178,0.70214,0
3316,735.56830,484.85117,336.49549,8,0,0,0.24035,1.00000,9.43398,1098.03821,12.00000,1396.70178,0.70778,0
3317,735.38654,524.46537,297.76166,8,0,0,0.24003,1.00000,9.69536,1128.46057,12.00000,1396.70178,0.70592,0
3318,735.53856,563.56139,337.02381,8,0,0,0.24494,1.00000,9.05539,1053.97278,12.00000,1396.70178,0.71750,0
3319,735.50883,642.27161,337.55214,8,0,0,0.24065,1.00000,9.00000,1047.52637,12.00000,1396.70178,0.70906,0
3320,735.47909,720.98183,338.08047,8,0,0,0.24249,1.00000,7.07107,823.01440,11.69501,1361.20386,0.62291,0
3321,735.71697,91.30008,333.85386,8,0,0,0.24675,1.00000,7.07107,823.01440,9.96560,1159.91455,0.58528,0
3322,735.86899,130.39610,373.11602,8,0,0,0.24218,1.00000,7.07107,823.01440,10.44743,1215.99548,0.59974,0
3323,735.68723,170.01030,334.38218,8,0,0,0.24257,1.00000,8.00000,931.13452,11.89254,1384.19458,0.64218,0
3324,735.83925,209.10632,373.64434,8,0,0,0.24407,1.00000,9.00000,1047.52637,12.00000,1396.70178,0.65626,0
3325,735.65750,248.72052,334.91051,8,0,0,0.24355,1.00000,9.00000,1047.52637,12.00000,1396.70178,0.68646,0
3326,735.80952,287.81654,374.17267,8,0,0,0.24848,1.00000,8.60233,1001.24030,12.00000,1396.70178,0.67450,0
3327,735.62776,327.43074,335.43884,8,0,0,0.23845,1.00000,9.38083,1091.85205,12.00000,1396.70178,0.68243,0
3328,735.77979,366.52676,374.70099,8,0,0,0.24138,1.00000,9.48683,1104.18970,12.00000,1396.70178,0.69402,0
3329,735.75005,445.23698,375.22932,8,0,0,0.24472,1.00000,9.69536,1128.46057,12.00000,1396.70178,0.69517,0
3330,735.72032,523.94720,375.75765,8,0,0,0.24490,1.00000,9.43398,1098.03821,12.00000,1396.70178,0.70547,0
3331,735.87234,563.04322,415.01981,8,0,0,0.24966,1.00000,9.00000,1047.52637,12.00000,1396.70178,0.70086,0
3332,735.69058,602.65742,376.28597,8,0,0,0.24576,1.00000,9.16515,1066.74866,12.00000,1396.70178,0.71558,0
3333,735.84261,641.75344,415.54813,8,0,0,0.23938,1.00000,8.48528,987.61725,12.00000,1396.70178,0.68864,0
3334,735.66085,681.36764,376.81430,8,0,0,0.24187,1.00000,8.06226,938.38080,12.00000,1396.70178,0.67462,0
3335,735.81287,720.46366,416.07646,8,0,0,0.24290,1.00000,7.54983,878.73889,11.51374,1340.10522,0.62515,0
3336,735.63112,760.07785,377.34263,5,0,0,0.00000,0.00000,0.00000,0.00000,0.00000,0.00000,0.17421,0
3337,735.89872,51.68588,372.58769,5,0,0,0.24576,0.72702,2.00000,232.78363,0.00000,0.00000,0.36806,0
3338,736.05074,90.78191,411.84985,8,0,0,0.25155,1.00000,6.40312,745.27124,9.76105,1136.10632,0.57171,0
3339,736.02101,169.49213,412.37817,8,0,0,0.24779,1.00000,8.00000,931.13452,11.54391,1343.61609,0.61670,0
3340,735.99128,248.20235,412.90650,8,0,0,0.24931,1.00000,9.00000,1047.52637,12.00000,1396.70178,0.65056,0
3341,735.96154,326.91257,413.43483,8,0,0,0.24319,1.00000,8.30662,966.82300,12.00000,1396.70178,0.66554,0
3342,736.11356,366.00859,452.69699,8,0,0,0.24559,1.00000,9.11043,1060.37988,12.00000,1396.70178,0.66099,0
3343,735.93181,405.62278,413.96315,8,0,0,0.24541,1.00000,8.77496,1021.33405,12.00000,1396.70178,0.68813,0
3344,736.08383,444.71881,453.22531,8,0,0,0.24677,1.00000,8.06226,938.38080,12.00000,1396.70178,0.63744,0
3345,735.90207,484.33300,414.49148,8,0,0,0.24322,1.00000,9.43398,1098.03821,12.00000,1396.70178,0.68928,0
3346,736.05410,523.42903,453.75364,8,0,0,0.24306,1.00000,9.00000,1047.52637,12.00000,1396.70178,0.68160,0
3347,736.02436,602.13925,454.28196,8,0,0,0.24796,1.00000,8.12404,945.57159,12.00000,1396.70178,0.68365,0
3348,735.99463,680.84946,454.81029,8,0,0,0.25171,1.00000,8.00000,931.13452,12.00000,1396.70178,0.65779,0
3349,735.96489,759.55968,455.33862,5,0,0,0.00000,0.00000,0.00000,0.00000,0.00000,0.00000,0.15706,0
3350,736.23250,51.16771,450.58368,5,0,0,0.25600,0.80672,3.00000,349.17545,2.96071,344.60291,0.36109,0
3351,736.20277,129.87793,451.11201,8,0,0,0.24880,1.00000,7.28011,847.34521,10.37142,1207.14795,0.58035,0
3352,736.35479,168.97396,490.37417,8,0,0,0.24458,1.00000,8.06226,938.38080,11.09629,1291.51746,0.59206,0
3353,736.17303,208.58815,451.64033,8,0,0,0.24140,1.00000,8.60233,1001.24030,11.99825,1396.49817,0.63437,0
3354,736.32506,247.68418,490.90249,8,0,0,0.24117,1.00000,9.16515,1066.74866,11.92041,1387.43823,0.62662,0
3355,736.14330,287.29837,452.16866,8,0,0,0.24491,1.00000,8.77496,1021.33405,12.00000,1396.70178,0.65677,0
3356,736.29532,326.39439,491.43082,8,0,0,0.24051,1.00000,8.30662,966.82300,12.00000,1396.70178,0.63629,0
3357,736.26559,405.10461,491.95914,8,0,0,0.25068,1.00000,8.77496,1021.33405,12.00000,1396.70178,0.64723,0
3358,736.23585,483.81483,492.48747,8,0,0,0.23970,1.00000,9.38083,1091.85205,12.00000,1396.70178,0.65510,0
3359,736.20612,562.52505,493.01580,8,0,0,0.24324,1.00000,9.84886,1146.32642,12.00000,1396.70178,0.66771,0
3360,736.35814,601.62108,532.27795,8,0,0,0.24257,1.00000,9.00000,1047.52637,12.00000,1396.70178,0.63936,0
3361,736.17638,641.23527,493.54412,8,0,0,0.23970,1.00000,8.77496,1021.33405,12.00000,1396.70178,0.65536,0
3362,736.32841,680.33129,532.80628,8,0,0,0.24152,1.00000,8.00000,931.13452,11.76210,1369.01208,0.61523,0
3363,736.14665,719.94549,494.07245,8,0,0,0.25241,1.00000,7.68115,894.02246,11.01170,1281.67151,0.59936,0
3364,736.29867,759.04151,533.33461,5,0,0,0.00000,0.00000,0.00000,0.00000,0.00000,0.00000,0.15789,0
3365,736.56628,50.64954,528.57967,5,0,0,0.24977,0.75783,2.00000,232.78363,0.00000,0.00000,0.37306,0
3366,736.38452,90.26374,489.84584,8,0,0,0.24238,1.00000,8.00000,931.13452,9.94127,1157.08203,0.56128,0
3367,736.53655,129.35976,529.10800,8,0,0,0.24374,1.00000,7.07107,823.01440,10.11386,1177.17114,0.58765,0
3368,736.50681,208.06998,529.63632,8,0,0,0.24541,1.00000,7.28011,847.34521,11.39891,1326.73938,0.62778,0
3369,736.47708,286.78020,530.16465,8,0,0,0.24073,1.00000,8.06226,938.38080,11.70862,1362.78760,0.61331,0
3370,736.44734,365.49042,530.69298,8,0,0,0.23913,1.00000,7.48331,870.99664,11.94492,1390.29126,0.62746,0
3371,736.59937,404.58644,569.95513,8,0,0,0.24322,1.00000,8.60233,1001.24030,12.00000,1396.70178,0.64333,0
3372,736.41761,444.20064,531.22130,8,0,0,0.24054,1.00000,8.30662,966.82300,12.00000,1396.70178,0.63475,0
3373,736.56963,483.29666,570.48346,8,0,0,0.23864,1.00000,9.00000,1047.52637,11.82627,1376.48071,0.64026,0
3374,736.38788,522.91086,531.74963,8,0,0,0.24493,1.00000,9.00000,1047.52637,12.00000,1396.70178,0.64237,0
3375,736.53990,562.00688,571.01179,8,0,0,0.24762,1.00000,8.00000,931.13452,11.72804,1365.04810,0.63789,0
3376,736.51016,640.71710,571.54011,8,0,0,0.23913,1.00000,8.00000,931.13452,11.81025,1374.61694,0.64390,0
3377,736.48043,719.42732,572.06844,8,0,0,0.24628,1.00000,7.28011,847.34521,10.44751,1216.00476,0.57293,0
3378,736.71830,89.74557,567.84183,8,0,0,0.24983,1.00000,7.07107,823.01440,9.50362,1106.14343,0.56166,0
3379,736.87032,128.84159,607.10399,8,0,0,0.25293,1.00000,7.00000,814.74268,9.57942,1114.96631,0.56083,0
3380,736.68857,168.45579,568.37016,8,0,0,0.24051,1.00000,8.00000,931.13452,10.76528,1252.99023,0.59763,0
3381,736.84059,207.55181,607.63231,8,0,0,0.24003,1.00000,8.00000,931.13452,10.80385,1257.48035,0.59616,0
3382,736.65883,247.16601,568.89848,8,0,0,0.24526,1.00000,8.66025,1007.98273,11.23579,1307.75452,0.61446,0
3383,736.81086,286.26203,608.16064,8,0,0,0.24626,1.00000,8.00000,931.13452,10.91435,1270.34058,0.60416,0
3384,736.62910,325.87622,569.42681,8,0,0,0.24273,1.00000,8.60233,1001.24030,11.81686,1375.38550,0.63584,0
3385,736.78112,364.97225,608.68897,8,0,0,0.24558,1.00000,8.00000,931.13452,11.21696,1305.56262,0.61472,0
3386,736.75139,443.68247,609.21729,8,0,0,0.24491,1.00000,7.61577,886.41370,11.18097,1301.37280,0.61510,0
3387,736.72165,522.39269,609.74562,8,0,0,0.24119,1.00000,8.00000,931.13452,10.99438,1279.65613,0.61344,0
3388,736.87368,561.48871,649.00778,8,0,0,0.24454,1.00000,7.00000,814.74268,10.26662,1194.95020,0.58778,0
3389,736.69192,601.10290,610.27394,8,0,0,0.24355,1.00000,8.00000,931.13452,10.88245,1266.62781,0.61197,0
3390,736.84394,640.19893,649.53610,8,0,0,0.24420,1.00000,7.00000,814.74268,10.05271,1170.05359,0.57907,0
3391,736.66219,679.81312,610.80227,8,0,0,0.24437,1.00000,7.00000,814.74268,10.23599,1191.38599,0.59245,0
3392,736.81421,718.90915,650.06443,8,0,0,0.25174,1.00000,6.40312,745.27124,9.48760,1104.27917,0.56096,0
3393,736.63245,758.52334,611.33060,5,0,0,0.00000,0.00000,0.00000,0.00000,0.00000,0.00000,0.13869,0
3394,736.90006,50.13137,606.57566,5,0,0,0.28103,0.88796,3.60555,419.65665,4.29064,499.39520,0.35296,0
3395,737.05208,89.22740,645.83782,8,0,0,0.25155,1.00000,7.00000,814.74268,9.12853,1062.48596,0.53357,0
3396,737.02235,167.93762,646.36615,8,0,0,0.24472,1.00000,7.00000,814.74268,9.78678,1139.10083,0.55699,0
3397,736.99261,246.64783,646.89447,8,0,0,0.24508,1.00000,7.81025,909.04913,10.15545,1182.01074,0.57389,0
3398,736.96288,325.35805,647.42280,8,0,0,0.24508,1.00000,8.00000,931.13452,10.22320,1189.89636,0.57203,0
3399,737.11490,364.45408,686.68496,8,0,0,0.24220,1.00000,7.00000,814.74268,9.39904,1093.97131,0.55174,0
3400,736.93314,404.06827,647.95112,8,0,0,0.25225,1.00000,8.00000,931.13452,10.53314,1225.97119,0.58675,0
3401,737.08517,443.16430,687.21328,8,0,0,0.25017,1.00000,7.14143,831.20380,9.43286,1097.90771,0.54874,0
3402,736.90341,482.77849,648.47945,8,0,0,0.24321,1.00000,7.00000,814.74268,10.15977,1182.51367,0.58189,0
3403,737.05543,521.87452,687.74161,8,0,0,0.25138,1.00000,7.00000,814.74268,9.11173,1060.53064,0.53856,0
3404,737.02570,600.58473,688.26994,8,0,0,0.24405,1.00000,6.32456,736.12646,9.08137,1056.99683,0.54080,0
3405,736.99596,679.29495,688.79826,8,0,0,0.24896,1.00000,6.08276,707.98376,8.82412,1027.05542,0.52467,0
3406,736.96623,758.00517,689.32659,5,0,0,0.00000,0.00000,0.00000,0.00000,0.00000,0.00000,0.13082,0
3407,737.23384,49.61320,684.57165,5,0,0,0.28223,0.91525,3.31662,386.02798,4.57575,532.57953,0.34195,0
3408,737.20410,128.32342,685.09998,8,0,0,0.25174,1.00000,6.48074,754.30518,8.35796,972.79865,0.51168,0
3409,737.35612,167.41945,724.36214,8,0,0,0.25576,1.00000,5.65685,658.41150,8.04083,935.88733,0.49024,0
3410,737.17437,207.03364,685.62830,8,0,0,0.24695,1.00000,7.28011,847.34521,9.22835,1074.10498,0.53715,0
3411,737.32639,246.12966,724.89046,8,0,0,0.24879,1.00000,6.32456,736.12646,8.34227,970.97180,0.50330,0
3412,737.14463,285.74386,686.15663,8,0,0,0.24660,1.00000,8.00000,931.13452,9.52146,1108.21948,0.55021,0
3413,737.29666,324.83988,725.41879,8,0,0,0.24271,1.00000,7.00000,814.74268,8.55669,995.92871,0.50797,0
3414,737.26692,403.55010,725.94712,8,0,0,0.24555,1.00000,6.63325,772.05597,8.49393,988.62390,0.50285,0
3415,737.23719,482.26032,726.47544,8,0,0,0.24602,1.00000,6.55744,763.23218,8.27053,962.62177,0.49760,0
3416,737.20745,560.97054,727.00377,8,0,0,0.25834,1.00000,5.19615,604.78961,8.28829,964.68958,0.48858,0
3417,737.35948,600.06656,766.26593,5,0,0,0.17282,0.36695,0.00000,0.00000,0.00000,0.00000,0.22970,0
3418,737.17772,639.68076,727.53209,8,0,0,0.24982,1.00000,5.47723,637.50427,7.97202,927.87775,0.48288,0
3419,737.32974,678.77678,766.79425,5,0,0,0.15647,0.30471,0.00000,0.00000,0.00000,0.00000,0.20941,0
3420,737.14799,718.39098,728.06042,8,0,0,0.26339,1.00000,5.38516,626.78912,7.69813,895.99957,0.47776,0
3421,737.30001,757.48700,767.32258,3,0,0,0.00000,0.00000,0.00000,0.00000,0.00000,0.00000,0.00710,0
3422,737.56761,49.09503,762.56764,3,0,0,0.26631,0.55710,1.73205,201.59653,2.07000,240.93105,0.16371,0
3423,737.38586,88.70923,723.83381,8,0,0,0.25535,1.00000,6.00000,698.35089,7.95066,925.39136,0.48166,0
3424,737.53788,127.80525,763.09597,5,0,0,0.25276,0.63788,1.41421,164.60287,0.00000,0.00000,0.28243,0
3425,737.50815,206.51547,763.62430,5,0,0,0.24356,0.59599,1.41421,164.60287,0.00000,0.00000,0.27718,0
3426,737.47841,285.22569,764.15262,5,0,0,0.20698,0.49721,0.00000,0.00000,0.00000,0.00000,0.25939,0
3427,737.44868,363.93591,764.68095,5,0,0,0.18081,0.41061,0.00000,0.00000,0.00000,0.00000,0.24179,0
3428,737.41894,442.64613,765.20927,5,0,0,0.16300,0.35393,0.00000,0.00000,0.00000,0.00000,0.24186,0
3429,737.38921,521.35635,765.73760,5,0,0,0.13826,0.28852,0.00000,0.00000,0.00000,0.00000,0.22131,0
