node_id,z,y,x,degree,incident_usable,incident_bad,arriving,arriving_frac,sphere_fill,missing_candidate,diameter_fill_um,size_ratio_to_height
0,28.864,603.872,65.629,5,4,0,4,1.0000,0.7542,0,0.0,0.0000
1,28.835,682.582,66.157,5,5,0,5,1.0000,0.7703,0,318.7,0.3132
2,28.805,761.293,66.685,3,2,0,2,1.0000,0.0000,0,0.0,0.0000
3,29.073,52.901,61.930,3,3,0,3,1.0000,0.0986,0,0.0,0.0000
4,29.043,131.611,62.459,5,5,0,5,1.0000,0.5912,0,0.0,0.0000
5,29.013,210.321,62.987,5,4,0,4,1.0000,0.5882,0,0.0,0.0000
6,28.983,289.031,63.515,5,4,0,4,1.0000,0.6050,0,0.0,0.0000
7,28.954,367.742,64.044,5,4,0,4,1.0000,0.5797,0,0.0,0.0000
8,29.106,406.838,103.306,8,5,0,5,1.0000,1.0000,0,1396.7,1.3727
9,28.924,446.452,64.572,5,4,0,4,1.0000,0.6198,0,0.0,0.0000
10,29.076,485.548,103.834,8,5,0,5,1.0000,1.0000,0,1396.7,1.3727
11,28.894,525.162,65.100,5,4,0,4,1.0000,0.7186,0,0.0,0.0000
12,29.046,564.258,104.363,8,5,0,5,1.0000,1.0000,0,1396.7,1.3727
13,29.017,642.968,104.891,8,6,0,6,1.0000,1.0000,0,1323.4,1.3006
14,28.987,721.678,105.419,8,8,0,8,1.0000,1.0000,0,1130.0,1.1105
15,29.225,91.997,101.193,8,7,0,7,1.0000,1.0000,0,1206.5,1.1858
16,29.195,170.707,101.721,8,5,0,5,1.0000,1.0000,0,1396.7,1.3727
17,29.347,209.803,140.983,8,2,0,2,1.0000,1.0000,0,1396.7,1.3727
18,29.165,249.417,102.249,8,4,0,4,1.0000,1.0000,0,1396.7,1.3727
19,29.317,288.513,141.511,8,2,0,2,1.0000,1.0000,0,1396.7,1.3727
20,29.135,328.127,102.778,8,5,0,5,1.0000,1.0000,0,1396.7,1.3727
21,29.287,367.223,142.040,8,3,0,3,1.0000,1.0000,0,1396.7,1.3727
22,29.258,445.934,142.568,8,3,0,3,1.0000,1.0000,0,1396.7,1.3727
23,29.228,524.644,143.096,8,3,0,3,1.0000,1.0000,0,1396.7,1.3727
24,29.198,603.354,143.625,8,4,0,4,1.0000,1.0000,0,1396.7,1.3727
25,29.350,642.450,182.887,8,4,0,4,1.0000,1.0000,0,1396.7,1.3727
26,29.169,682.064,144.153,8,5,0,5,1.0000,1.0000,0,1337.1,1.3141
27,29.321,721.160,183.415,8,7,0,7,1.0000,1.0000,0,1218.0,1.1970
28,29.139,760.774,144.681,5,3,0,3,1.0000,0.0000,0,0.0,0.0000
29,29.406,52.382,139.926,5,4,0,4,1.0000,0.9222,0,543.1,0.5337
30,29.558,91.478,179.189,8,5,0,5,1.0000,1.0000,0,1396.7,1.3727
31,29.377,131.093,140.455,8,5,0,5,1.0000,1.0000,0,1396.7,1.3727
32,29.529,170.189,179.717,8,2,0,2,1.0000,1.0000,0,1396.7,1.3727
33,29.499,248.899,180.245,8,2,0,2,1.0000,1.0000,0,1396.7,1.3727
34,29.469,327.609,180.774,8,1,0,1,1.0000,1.0000,0,1396.7,1.3727
35,29.621,366.705,220.036,8,2,0,2,1.0000,1.0000,0,1396.7,1.3727
36,29.439,406.319,181.302,8,2,0,2,1.0000,1.0000,0,1396.7,1.3727
37,29.592,445.415,220.564,8,3,0,3,1.0000,1.0000,0,1396.7,1.3727
38,29.410,485.030,181.830,8,2,0,2,1.0000,1.0000,0,1396.7,1.3727
39,29.562,524.126,221.092,8,3,0,3,1.0000,1.0000,0,1396.7,1.3727
40,29.380,563.740,182.359,8,2,0,2,1.0000,1.0000,0,1396.7,1.3727
41,29.532,602.836,221.621,8,4,0,4,1.0000,1.0000,0,1396.7,1.3727
42,29.502,681.546,222.149,8,5,0,5,1.0000,1.0000,0,1386.2,1.3623
43,29.473,760.256,222.677,5,3,0,3,1.0000,0.0000,0,0.0,0.0000
44,29.740,51.864,217.922,5,3,0,3,1.0000,0.9479,0,617.5,0.6069
45,29.710,130.575,218.451,8,2,0,2,1.0000,1.0000,0,1396.7,1.3727
46,29.862,169.671,257.713,8,2,0,2,1.0000,1.0000,0,1396.7,1.3727
47,29.681,209.285,218.979,8,2,0,2,1.0000,1.0000,0,1396.7,1.3727
48,29.833,248.381,258.241,8,2,0,2,1.0000,1.0000,0,1396.7,1.3727
49,29.651,287.995,219.507,8,2,0,2,1.0000,1.0000,0,1396.7,1.3727
50,29.803,327.091,258.770,8,0,0,0,-1.0000,1.0000,0,1396.7,1.3727
51,29.773,405.801,259.298,8,1,0,1,1.0000,1.0000,0,1396.7,1.3727
52,29.744,484.511,259.826,8,2,0,2,1.0000,1.0000,0,1396.7,1.3727
53,29.714,563.222,260.355,8,3,0,3,1.0000,1.0000,0,1396.7,1.3727
54,29.866,602.318,299.617,8,3,0,3,1.0000,1.0000,0,1396.7,1.3727
55,29.684,641.932,260.883,8,4,0,4,1.0000,1.0000,0,1396.7,1.3727
56,29.836,681.028,300.145,8,4,0,4,1.0000,1.0000,0,1396.7,1.3727
57,29.654,720.642,261.411,8,6,0,6,1.0000,1.0000,0,1304.6,1.2822
58,29.806,759.738,300.673,5,3,0,3,1.0000,0.0000,0,0.0,0.0000
59,30.074,51.346,295.918,5,3,0,3,1.0000,0.9587,0,669.3,0.6577
60,29.892,90.960,257.185,8,3,0,3,1.0000,1.0000,0,1396.7,1.3727
61,30.044,130.056,296.447,8,2,0,2,1.0000,1.0000,0,1396.7,1.3727
62,30.014,208.767,296.975,8,1,0,1,1.0000,1.0000,0,1396.7,1.3727
63,29.985,287.477,297.503,8,0,0,0,-1.0000,1.0000,0,1396.7,1.3727
64,29.955,366.187,298.032,8,2,0,2,1.0000,1.0000,0,1396.7,1.3727
65,30.107,405.283,337.294,8,1,0,1,1.0000,1.0000,0,1396.7,1.3727
66,29.925,444.897,298.560,8,3,0,3,1.0000,1.0000,0,1396.7,1.3727
67,30.077,483.993,337.822,8,2,0,2,1.0000,1.0000,0,1396.7,1.3727
68,29.896,523.607,299.088,8,2,0,2,1.0000,1.0000,0,1396.7,1.3727
69,30.048,562.703,338.351,8,2,0,2,1.0000,1.0000,0,1396.7,1.3727
70,30.018,641.414,338.879,8,2,0,2,1.0000,1.0000,0,1396.7,1.3727
71,29.988,720.124,339.407,8,6,0,6,1.0000,1.0000,0,1273.1,1.2513
72,30.226,90.442,335.181,8,2,0,2,1.0000,1.0000,0,1396.7,1.3727
73,30.196,169.152,335.709,8,1,0,1,1.0000,1.0000,0,1396.7,1.3727
74,30.348,208.248,374.971,8,0,0,0,-1.0000,1.0000,0,1396.7,1.3727
75,30.167,247.863,336.237,8,0,0,0,-1.0000,1.0000,0,1396.7,1.3727
76,30.319,286.959,375.499,8,0,0,0,-1.0000,1.0000,0,1396.7,1.3727
77,30.137,326.573,336.766,8,0,0,0,-1.0000,1.0000,0,1396.7,1.3727
78,30.289,365.669,376.028,8,0,0,0,-1.0000,1.0000,0,1396.7,1.3727
79,30.259,444.379,376.556,8,1,0,1,1.0000,1.0000,0,1396.7,1.3727
80,30.229,523.089,377.084,8,2,0,2,1.0000,1.0000,0,1396.7,1.3727
81,30.200,601.799,377.613,8,2,0,2,1.0000,1.0000,0,1396.7,1.3727
82,30.352,640.896,416.875,8,2,0,2,1.0000,1.0000,0,1396.7,1.3727
83,30.170,680.510,378.141,8,4,0,4,1.0000,1.0000,0,1396.7,1.3727
84,30.322,719.606,417.403,8,6,0,6,1.0000,1.0000,0,1284.1,1.2620
85,30.140,759.220,378.669,5,3,1,2,0.6667,0.0000,0,0.0,0.0000
86,30.408,50.828,373.914,5,2,0,2,1.0000,1.0000,0,947.2,0.9309
87,30.560,89.924,413.177,8,2,0,2,1.0000,1.0000,0,1396.7,1.3727
88,30.378,129.538,374.443,8,0,0,0,-1.0000,1.0000,0,1396.7,1.3727
89,30.530,168.634,413.705,8,0,0,0,-1.0000,1.0000,0,1396.7,1.3727
90,30.500,247.344,414.233,8,0,0,0,-1.0000,1.0000,0,1396.7,1.3727
91,30.471,326.055,414.762,8,0,0,0,-1.0000,1.0000,0,1396.7,1.3727
92,30.623,365.151,454.024,8,0,0,0,-1.0000,1.0000,0,1396.7,1.3727
93,30.441,404.765,415.290,8,2,0,2,1.0000,1.0000,0,1396.7,1.3727
94,30.593,443.861,454.552,8,1,0,1,1.0000,1.0000,0,1396.7,1.3727
95,30.411,483.475,415.818,8,1,0,1,1.0000,1.0000,0,1396.7,1.3727
96,30.563,522.571,455.080,8,1,0,1,1.0000,1.0000,0,1396.7,1.3727
97,30.381,562.185,416.347,8,2,0,2,1.0000,1.0000,0,1396.7,1.3727
98,30.533,601.281,455.609,8,2,0,2,1.0000,1.0000,0,1396.7,1.3727
99,30.504,679.992,456.137,8,4,0,4,1.0000,1.0000,0,1396.7,1.3727
100,30.474,758.702,456.665,5,3,1,2,0.6667,0.0000,0,0.0,0.0000
101,30.742,50.310,451.910,5,2,0,2,1.0000,0.9777,0,738.1,0.7254
102,30.712,129.020,452.439,8,2,0,2,1.0000,1.0000,0,1396.7,1.3727
103,30.864,168.116,491.701,8,0,0,0,-1.0000,1.0000,0,1396.7,1.3727
104,30.682,207.730,452.967,8,0,0,0,-1.0000,1.0000,0,1396.7,1.3727
105,30.834,246.826,492.229,8,0,0,0,-1.0000,1.0000,0,1396.7,1.3727
106,30.652,286.440,453.495,8,1,0,1,1.0000,1.0000,0,1396.7,1.3727
107,30.804,325.536,492.758,8,0,0,0,-1.0000,1.0000,0,1396.7,1.3727
108,30.775,404.247,493.286,8,0,0,0,-1.0000,1.0000,0,1396.7,1.3727
109,30.745,482.957,493.814,8,1,0,1,1.0000,1.0000,0,1396.7,1.3727
110,30.715,561.667,494.343,8,1,0,1,1.0000,1.0000,0,1396.7,1.3727
111,30.867,600.763,533.605,8,2,0,2,1.0000,1.0000,0,1396.7,1.3727
112,30.685,640.377,494.871,8,3,0,3,1.0000,1.0000,0,1396.7,1.3727
113,30.837,679.473,534.133,8,3,0,3,1.0000,1.0000,0,1396.7,1.3727
114,30.656,719.088,495.399,8,7,1,6,0.8571,1.0000,0,1251.2,1.2297
115,30.808,758.184,534.661,5,3,1,2,0.6667,0.0000,0,0.0,0.0000
116,31.075,49.792,529.906,5,3,0,3,1.0000,0.9504,0,688.4,0.6766
117,30.894,89.406,491.173,8,2,0,2,1.0000,1.0000,0,1396.7,1.3727
118,31.046,128.502,530.435,8,0,0,0,-1.0000,1.0000,0,1396.7,1.3727
119,31.016,207.212,530.963,8,0,0,0,-1.0000,1.0000,0,1396.7,1.3727
120,30.986,285.922,531.491,8,0,0,0,-1.0000,1.0000,0,1396.7,1.3727
121,30.956,364.632,532.020,8,0,0,0,-1.0000,1.0000,0,1396.7,1.3727
122,31.108,403.729,571.282,8,0,0,0,-1.0000,1.0000,0,1396.7,1.3727
123,30.927,443.343,532.548,8,0,0,0,-1.0000,1.0000,0,1396.7,1.3727
124,31.079,482.439,571.810,8,1,0,1,1.0000,1.0000,0,1396.7,1.3727
125,30.897,522.053,533.076,8,1,0,1,1.0000,1.0000,0,1396.7,1.3727
126,31.049,561.149,572.339,8,2,0,2,1.0000,1.0000,0,1396.7,1.3727
127,31.019,639.859,572.867,8,3,0,3,1.0000,1.0000,0,1396.7,1.3727
128,30.989,718.569,573.395,8,6,0,6,1.0000,1.0000,0,1336.8,1.3138
129,31.227,88.888,569.169,8,2,0,2,1.0000,1.0000,0,1396.7,1.3727
130,31.198,167.598,569.697,8,0,0,0,-1.0000,1.0000,0,1396.7,1.3727
131,31.350,206.694,608.959,8,2,0,2,1.0000,1.0000,0,1396.7,1.3727
132,31.168,246.308,570.225,8,0,0,0,-1.0000,1.0000,0,1396.7,1.3727
133,31.320,285.404,609.487,8,1,0,1,1.0000,1.0000,0,1396.7,1.3727
134,31.138,325.018,570.754,8,0,0,0,-1.0000,1.0000,0,1396.7,1.3727
135,31.290,364.114,610.016,8,0,0,0,-1.0000,1.0000,0,1396.7,1.3727
136,31.260,442.825,610.544,8,1,0,1,1.0000,1.0000,0,1396.7,1.3727
137,31.231,521.535,611.072,8,1,0,1,1.0000,1.0000,0,1396.7,1.3727
138,31.201,600.245,611.601,8,2,0,2,1.0000,1.0000,0,1396.7,1.3727
139,31.353,639.341,650.863,8,3,0,3,1.0000,1.0000,0,1396.7,1.3727
140,31.171,678.955,612.129,8,5,0,5,1.0000,1.0000,0,1396.7,1.3727
141,31.323,718.051,651.391,8,7,0,7,1.0000,1.0000,0,1324.8,1.3020
142,31.141,757.665,612.657,5,3,1,2,0.6667,0.0000,0,0.0,0.0000
143,31.409,49.273,607.902,5,3,0,3,1.0000,1.0000,0,919.9,0.9040
144,31.561,88.369,647.165,8,2,0,2,1.0000,1.0000,0,1396.7,1.3727
145,31.379,127.984,608.431,8,2,0,2,1.0000,1.0000,0,1396.7,1.3727
146,31.531,167.080,647.693,8,2,0,2,1.0000,1.0000,0,1396.7,1.3727
147,31.502,245.790,648.221,8,1,0,1,1.0000,1.0000,0,1396.7,1.3727
148,31.472,324.500,648.750,8,1,0,1,1.0000,1.0000,0,1396.7,1.3727
149,31.624,363.596,688.012,8,3,0,3,1.0000,1.0000,0,1396.7,1.3727
150,31.442,403.210,649.278,8,2,0,2,1.0000,1.0000,0,1396.7,1.3727
151,31.594,442.306,688.540,8,2,0,2,1.0000,1.0000,0,1396.7,1.3727
152,31.412,481.921,649.806,8,2,0,2,1.0000,1.0000,0,1396.7,1.3727
153,31.564,521.017,689.068,8,3,0,3,1.0000,1.0000,0,1396.7,1.3727
154,31.383,560.631,650.334,8,3,0,3,1.0000,1.0000,0,1396.7,1.3727
155,31.535,599.727,689.597,8,4,0,4,1.0000,1.0000,0,1396.7,1.3727
156,31.505,678.437,690.125,8,5,0,5,1.0000,1.0000,0,1396.7,1.3727
157,31.475,757.147,690.653,5,3,1,2,0.6667,0.0000,0,0.0,0.0000
158,31.743,48.755,685.898,5,3,0,3,1.0000,1.0000,0,865.9,0.8510
159,31.713,127.465,686.427,8,2,0,2,1.0000,1.0000,0,1396.7,1.3727
160,31.865,166.562,725.689,8,4,0,4,1.0000,1.0000,0,1396.7,1.3727
161,31.683,206.176,686.955,8,3,1,2,0.6667,1.0000,0,1396.7,1.3727
162,31.835,245.272,726.217,8,4,0,4,1.0000,1.0000,0,1396.7,1.3727
163,31.654,284.886,687.483,8,3,0,3,1.0000,1.0000,0,1396.7,1.3727
164,31.806,323.982,726.746,8,4,0,4,1.0000,1.0000,0,1396.7,1.3727
165,31.776,402.692,727.274,8,4,0,4,1.0000,1.0000,0,1396.7,1.3727
166,31.746,481.402,727.802,8,4,0,4,1.0000,1.0000,0,1396.7,1.3727
167,31.716,560.113,728.330,8,4,0,4,1.0000,1.0000,0,1396.7,1.3727
168,31.868,599.209,767.593,5,1,0,1,1.0000,0.9302,0,548.3,0.5389
169,31.687,638.823,728.859,8,5,0,5,1.0000,1.0000,0,1396.7,1.3727
170,31.839,677.919,768.121,5,3,0,3,1.0000,0.9101,0,555.5,0.5459
171,31.657,717.533,729.387,8,8,0,8,1.0000,1.0000,0,1228.0,1.2069
172,31.809,756.629,768.649,3,1,0,1,1.0000,0.0000,0,0.0,0.0000
173,32.077,48.237,763.894,3,2,0,2,1.0000,0.3233,0,0.0,0.0000
174,31.895,87.851,725.161,8,5,0,5,1.0000,1.0000,0,1396.7,1.3727
175,32.047,126.947,764.423,5,1,0,1,1.0000,0.6983,0,0.0,0.0000
176,32.017,205.658,764.951,5,1,0,1,1.0000,0.7111,0,0.0,0.0000
177,31.987,284.368,765.479,5,1,0,1,1.0000,0.7967,0,331.8,0.3261
178,31.958,363.078,766.008,5,1,0,1,1.0000,0.8022,0,336.6,0.3308
179,31.928,441.788,766.536,5,1,0,1,1.0000,0.8639,0,416.1,0.4090
180,31.898,520.498,767.064,5,1,0,1,1.0000,0.8778,0,489.5,0.4811
181,68.103,485.855,64.763,8,8,0,8,1.0000,0.7527,0,323.0,0.3175
182,68.073,564.565,65.291,8,8,0,8,1.0000,0.7871,0,337.6,0.3318
183,68.044,643.275,65.819,8,8,0,8,1.0000,0.8214,0,393.4,0.3866
184,68.014,721.985,66.348,8,8,0,8,1.0000,0.8880,0,497.8,0.4892
185,68.252,92.303,62.121,8,8,0,8,1.0000,0.7713,0,308.0,0.3027
186,68.222,171.014,62.649,8,8,0,8,1.0000,0.8044,0,401.1,0.3942
187,68.374,210.110,101.911,12,11,0,11,1.0000,1.0000,0,1089.5,1.0708
188,68.192,249.724,63.178,8,8,0,8,1.0000,0.7741,0,327.9,0.3222
189,68.344,288.820,102.440,12,11,0,11,1.0000,1.0000,0,1117.9,1.0987
190,68.162,328.434,63.706,8,8,0,8,1.0000,0.7283,0,324.0,0.3185
191,68.315,367.530,102.968,12,12,0,12,1.0000,1.0000,0,1102.2,1.0833
192,68.133,407.144,64.234,8,8,0,8,1.0000,0.7514,0,308.7,0.3034
193,68.285,446.240,103.496,12,12,0,12,1.0000,1.0000,0,1104.4,1.0854
194,68.255,524.951,104.025,12,12,0,12,1.0000,1.0000,0,1101.2,1.0823
195,68.225,603.661,104.553,12,12,0,12,1.0000,1.0000,0,1095.8,1.0769
196,68.196,682.371,105.081,12,12,0,12,1.0000,1.0000,0,1049.0,1.0309
197,68.348,721.467,144.344,12,12,0,12,1.0000,1.0000,0,972.9,0.9561
198,68.166,761.081,105.610,8,4,0,4,1.0000,0.0000,0,0.0,0.0000
199,68.433,52.689,100.855,8,8,1,7,0.8750,0.8101,0,395.6,0.3888
200,68.585,91.785,140.117,12,12,0,12,1.0000,1.0000,0,1033.0,1.0152
201,68.404,131.399,101.383,12,12,0,12,1.0000,1.0000,0,1044.5,1.0266
202,68.556,170.495,140.645,12,11,0,11,1.0000,1.0000,0,1060.6,1.0424
203,68.526,249.206,141.174,12,10,0,10,1.0000,1.0000,0,1086.4,1.0677
204,68.496,327.916,141.702,12,11,0,11,1.0000,1.0000,0,1105.5,1.0865
205,68.467,406.626,142.230,12,11,0,11,1.0000,1.0000,0,1093.3,1.0745
206,68.619,445.722,181.492,12,11,0,11,1.0000,1.0000,0,1109.4,1.0904
207,68.437,485.336,142.759,12,11,0,11,1.0000,1.0000,0,1091.5,1.0728
208,68.589,524.432,182.021,12,11,0,11,1.0000,1.0000,0,1131.5,1.1121
209,68.407,564.047,143.287,12,11,0,11,1.0000,1.0000,0,1082.9,1.0643
210,68.559,603.143,182.549,12,12,0,12,1.0000,1.0000,0,1085.0,1.0664
211,68.377,642.757,143.815,12,12,0,12,1.0000,1.0000,0,1065.8,1.0475
212,68.529,681.853,183.077,12,12,0,12,1.0000,1.0000,0,1024.2,1.0066
213,68.500,760.563,183.606,8,4,0,4,1.0000,0.0000,0,0.0,0.0000
214,68.767,52.171,178.851,8,8,0,8,1.0000,0.9290,0,546.1,0.5367
215,68.737,130.881,179.379,12,11,0,11,1.0000,1.0000,0,1022.0,1.0044
216,68.708,209.591,179.907,12,10,0,10,1.0000,1.0000,0,1030.3,1.0126
217,68.860,248.688,219.170,12,10,0,10,1.0000,1.0000,0,1063.9,1.0456
218,68.678,288.302,180.436,12,9,0,9,1.0000,1.0000,0,1095.0,1.0761
219,68.830,327.398,219.698,12,10,0,10,1.0000,1.0000,0,1081.9,1.0633
220,68.648,367.012,180.964,12,10,0,10,1.0000,1.0000,0,1098.6,1.0797
221,68.800,406.108,220.226,12,10,0,10,1.0000,1.0000,0,1088.7,1.0700
222,68.771,484.818,220.755,12,10,0,10,1.0000,1.0000,0,1079.7,1.0612
223,68.741,563.528,221.283,12,11,0,11,1.0000,1.0000,0,1080.2,1.0616
224,68.711,642.239,221.811,12,12,0,12,1.0000,1.0000,0,1036.5,1.0187
225,68.863,681.335,261.073,12,12,0,12,1.0000,1.0000,0,1031.0,1.0133
226,68.681,720.949,222.339,12,12,0,12,1.0000,1.0000,0,988.8,0.9718
227,68.833,760.045,261.602,8,4,0,4,1.0000,0.0000,0,0.0,0.0000
228,69.101,51.653,256.847,8,8,0,8,1.0000,0.8975,0,525.3,0.5163
229,68.919,91.267,218.113,12,12,0,12,1.0000,1.0000,0,1018.7,1.0012
230,69.071,130.363,257.375,12,10,0,10,1.0000,1.0000,0,1018.7,1.0012
231,68.890,169.977,218.641,12,10,0,10,1.0000,1.0000,0,1030.4,1.0127
232,69.042,209.073,257.903,12,11,0,11,1.0000,1.0000,0,1051.0,1.0330
233,69.012,287.784,258.432,12,9,0,9,1.0000,1.0000,0,1052.4,1.0344
234,68.982,366.494,258.960,12,9,0,9,1.0000,1.0000,0,1087.9,1.0692
235,68.952,445.204,259.488,12,10,0,10,1.0000,1.0000,0,1087.0,1.0683
236,69.104,484.300,298.751,12,10,0,10,1.0000,1.0000,0,1080.4,1.0618
237,68.923,523.914,260.017,12,10,0,10,1.0000,1.0000,0,1079.5,1.0609
238,69.075,563.010,299.279,12,10,0,10,1.0000,1.0000,0,1091.4,1.0726
239,68.893,602.624,260.545,12,12,0,12,1.0000,1.0000,0,1071.9,1.0535
240,69.045,641.720,299.807,12,11,0,11,1.0000,1.0000,0,1077.9,1.0594
241,69.015,720.431,300.335,12,12,0,12,1.0000,1.0000,0,1027.2,1.0095
242,69.253,90.749,296.109,12,10,0,10,1.0000,1.0000,0,1007.5,0.9902
243,69.223,169.459,296.637,12,9,0,9,1.0000,1.0000,0,1044.8,1.0269
244,69.194,248.169,297.166,12,8,0,8,1.0000,1.0000,0,1074.7,1.0563
245,69.346,287.265,336.428,12,8,0,8,1.0000,1.0000,0,1047.3,1.0293
246,69.164,326.880,297.694,12,8,0,8,1.0000,1.0000,0,1062.9,1.0446
247,69.316,365.976,336.956,12,8,0,8,1.0000,1.0000,0,1079.4,1.0609
248,69.134,405.590,298.222,12,10,1,9,0.9000,1.0000,0,958.3,0.9419
249,69.286,444.686,337.484,12,11,0,11,1.0000,1.0000,0,1073.1,1.0546
250,69.256,523.396,338.013,12,10,0,10,1.0000,1.0000,0,1072.3,1.0539
251,69.227,602.106,338.541,12,10,0,10,1.0000,1.0000,0,1111.3,1.0922
252,69.197,680.816,339.069,12,12,0,12,1.0000,1.0000,0,1033.4,1.0156
253,69.349,719.912,378.331,12,12,2,10,0.8333,1.0000,0,1043.1,1.0251
254,69.167,759.527,339.598,8,4,1,3,0.7500,0.0000,0,0.0,0.0000
255,69.435,51.135,334.843,8,8,0,8,1.0000,0.8796,0,485.0,0.4767
256,69.587,90.231,374.105,12,9,0,9,1.0000,1.0000,0,1011.9,0.9945
257,69.405,129.845,335.371,12,10,0,10,1.0000,1.0000,0,994.4,0.9773
258,69.557,168.941,374.633,12,8,0,8,1.0000,1.0000,0,1061.6,1.0433
259,69.375,208.555,335.899,12,8,0,8,1.0000,1.0000,0,1017.6,1.0001
260,69.527,247.651,375.162,12,8,0,8,1.0000,1.0000,0,1047.1,1.0291
261,69.498,326.361,375.690,12,8,0,8,1.0000,1.0000,0,1072.2,1.0538
262,69.468,405.072,376.218,12,9,0,9,1.0000,1.0000,0,1070.5,1.0521
263,69.620,444.168,415.480,12,9,0,9,1.0000,1.0000,0,1076.1,1.0576
264,69.438,483.782,376.746,12,10,0,10,1.0000,1.0000,0,1077.2,1.0587
265,69.590,522.878,416.009,12,10,0,10,1.0000,1.0000,0,1085.1,1.0665
266,69.408,562.492,377.275,12,10,0,10,1.0000,1.0000,0,1120.6,1.1014
267,69.560,601.588,416.537,12,10,0,10,1.0000,1.0000,0,1080.7,1.0621
268,69.379,641.202,377.803,12,10,0,10,1.0000,1.0000,0,1092.0,1.0733
269,69.531,680.298,417.065,12,12,0,12,1.0000,1.0000,0,1036.4,1.0186
270,69.501,759.009,417.594,8,4,0,4,1.0000,0.0000,0,0.0,0.0000
271,69.769,50.617,412.839,8,7,0,7,1.0000,0.9246,0,558.0,0.5484
272,69.739,129.327,413.367,12,9,0,9,1.0000,1.0000,0,1006.9,0.9896
273,69.709,208.037,413.895,12,8,0,8,1.0000,1.0000,0,1044.2,1.0263
274,69.861,247.133,453.158,12,8,0,8,1.0000,1.0000,0,1040.4,1.0225
275,69.679,286.747,414.424,12,8,0,8,1.0000,1.0000,0,1039.4,1.0215
276,69.831,325.843,453.686,12,9,0,9,1.0000,1.0000,0,1037.2,1.0194
277,69.650,365.457,414.952,12,8,0,8,1.0000,1.0000,0,1022.6,1.0050
278,69.802,404.553,454.214,12,8,0,8,1.0000,1.0000,0,1036.0,1.0182
279,69.772,483.264,454.742,12,9,0,9,1.0000,1.0000,0,1062.3,1.0440
280,69.742,561.974,455.271,12,10,0,10,1.0000,1.0000,0,1085.0,1.0663
281,69.712,640.684,455.799,12,11,1,10,0.9091,1.0000,0,1034.0,1.0162
282,69.864,679.780,495.061,12,11,0,11,1.0000,1.0000,0,1052.3,1.0342
283,69.683,719.394,456.327,12,12,1,11,0.9167,1.0000,0,1067.4,1.0491
284,69.835,758.490,495.590,8,4,1,3,0.7500,0.0000,0,0.0,0.0000
285,70.102,50.098,490.835,8,7,0,7,1.0000,0.8798,0,493.3,0.4848
286,69.921,89.713,452.101,12,10,0,10,1.0000,1.0000,0,989.3,0.9723
287,70.073,128.809,491.363,12,9,0,9,1.0000,1.0000,0,990.3,0.9733
288,69.891,168.423,452.629,12,9,0,9,1.0000,1.0000,0,1029.9,1.0122
289,70.043,207.519,491.891,12,8,0,8,1.0000,1.0000,0,1002.1,0.9848
290,70.013,286.229,492.420,12,8,0,8,1.0000,1.0000,0,1004.1,0.9869
291,69.983,364.939,492.948,12,8,0,8,1.0000,1.0000,0,1053.4,1.0353
292,69.954,443.649,493.476,12,8,0,8,1.0000,1.0000,0,1044.1,1.0261
293,70.106,482.745,532.738,12,8,0,8,1.0000,1.0000,0,1057.1,1.0389
294,69.924,522.360,494.005,12,9,0,9,1.0000,1.0000,0,1055.8,1.0376
295,70.076,561.456,533.267,12,10,0,10,1.0000,1.0000,0,1082.8,1.0642
296,69.894,601.070,494.533,12,10,0,10,1.0000,1.0000,0,1070.6,1.0522
297,70.046,640.166,533.795,12,11,0,11,1.0000,1.0000,0,1075.2,1.0567
298,70.016,718.876,534.323,12,12,1,11,0.9167,1.0000,0,1054.6,1.0365
299,70.254,89.194,530.097,12,9,0,9,1.0000,1.0000,0,1023.8,1.0062
300,70.225,167.905,530.625,12,8,0,8,1.0000,1.0000,0,1043.4,1.0255
301,70.195,246.615,531.153,12,8,0,8,1.0000,1.0000,0,1020.1,1.0026
302,70.347,285.711,570.416,12,9,0,9,1.0000,1.0000,0,952.0,0.9357
303,70.165,325.325,531.682,12,8,0,8,1.0000,1.0000,0,1050.2,1.0322
304,70.317,364.421,570.944,12,8,0,8,1.0000,1.0000,0,1008.7,0.9914
305,70.135,404.035,532.210,12,8,0,8,1.0000,1.0000,0,1071.1,1.0527
306,70.287,443.131,571.472,12,8,0,8,1.0000,1.0000,0,1052.4,1.0343
307,70.258,521.842,572.001,12,10,1,9,0.9000,1.0000,0,984.4,0.9675
308,70.228,600.552,572.529,12,10,0,10,1.0000,1.0000,0,1088.8,1.0700
309,70.198,679.262,573.057,12,11,0,11,1.0000,1.0000,0,1054.1,1.0360
310,70.350,718.358,612.319,12,12,3,9,0.7500,1.0000,0,1027.8,1.0101
311,70.169,757.972,573.586,8,4,1,3,0.7500,0.0000,0,0.0,0.0000
312,70.436,49.580,568.831,8,8,0,8,1.0000,0.7809,0,369.6,0.3632
313,70.588,88.676,608.093,12,10,0,10,1.0000,1.0000,0,991.6,0.9746
314,70.406,128.290,569.359,12,9,0,9,1.0000,1.0000,0,919.1,0.9033
315,70.558,167.386,608.621,12,10,0,10,1.0000,1.0000,0,1011.1,0.9937
316,70.377,207.001,569.887,12,8,0,8,1.0000,1.0000,0,955.9,0.9395
317,70.529,246.097,609.149,12,9,0,9,1.0000,1.0000,0,1004.8,0.9875
318,70.499,324.807,609.678,12,8,0,8,1.0000,1.0000,0,1040.4,1.0225
319,70.469,403.517,610.206,12,8,0,8,1.0000,1.0000,0,1058.1,1.0399
320,70.621,442.613,649.468,12,10,0,10,1.0000,1.0000,0,1105.9,1.0869
321,70.439,482.227,610.734,12,9,0,9,1.0000,1.0000,0,1072.9,1.0544
322,70.591,521.323,649.997,12,10,0,10,1.0000,1.0000,0,1099.7,1.0808
323,70.410,560.938,611.263,12,10,0,10,1.0000,1.0000,0,1071.8,1.0534
324,70.562,600.034,650.525,12,11,1,10,0.9091,1.0000,0,1018.9,1.0014
325,70.380,639.648,611.791,12,11,0,11,1.0000,1.0000,0,1059.7,1.0415
326,70.532,678.744,651.053,12,12,0,12,1.0000,1.0000,0,1037.9,1.0200
327,70.502,757.454,651.582,8,4,0,4,1.0000,0.0000,0,0.0,0.0000
328,70.770,49.062,646.827,8,8,1,7,0.8750,0.9755,0,629.3,0.6186
329,70.740,127.772,647.355,12,10,0,10,1.0000,1.0000,0,1017.4,1.0000
330,70.710,206.482,647.883,12,10,0,10,1.0000,1.0000,0,1029.6,1.0119
331,70.862,245.578,687.145,12,11,0,11,1.0000,1.0000,0,1008.4,0.9912
332,70.681,285.193,648.412,12,9,0,9,1.0000,1.0000,0,1053.6,1.0356
333,70.833,324.289,687.674,12,11,0,11,1.0000,1.0000,0,1023.7,1.0063
334,70.651,363.903,648.940,12,10,0,10,1.0000,1.0000,0,1073.8,1.0553
335,70.803,402.999,688.202,12,12,1,11,0.9167,1.0000,0,1055.2,1.0372
336,70.773,481.709,688.730,12,11,1,10,0.9091,1.0000,0,937.7,0.9216
337,70.744,560.419,689.259,12,12,0,12,1.0000,1.0000,0,1067.0,1.0487
338,70.714,639.130,689.787,12,11,1,10,0.9091,1.0000,0,958.1,0.9417
339,70.866,678.226,729.049,12,12,0,12,1.0000,1.0000,0,1034.3,1.0167
340,70.684,717.840,690.315,12,12,1,11,0.9167,1.0000,0,1025.0,1.0074
341,70.836,756.936,729.578,8,4,0,4,1.0000,0.0000,0,0.0,0.0000
342,71.104,48.544,724.823,8,8,0,8,1.0000,0.9525,0,604.4,0.5942
343,70.922,88.158,686.089,12,11,0,11,1.0000,1.0000,0,963.9,0.9475
344,71.074,127.254,725.351,12,11,0,11,1.0000,1.0000,0,1030.2,1.0128
345,70.892,166.868,686.617,12,11,1,10,0.9091,1.0000,0,925.7,0.9099
346,71.044,205.964,725.879,12,11,0,11,1.0000,1.0000,0,1048.1,1.0304
347,71.014,284.675,726.408,12,12,0,12,1.0000,1.0000,0,1056.5,1.0386
348,70.985,363.385,726.936,12,11,0,11,1.0000,1.0000,0,1062.4,1.0444
349,70.955,442.095,727.464,12,11,0,11,1.0000,1.0000,0,1065.1,1.0470
350,71.107,481.191,766.726,8,4,0,4,1.0000,0.7983,0,351.0,0.3451
351,70.925,520.805,727.993,12,12,1,11,0.9167,1.0000,0,1019.2,1.0019
352,71.077,559.901,767.255,8,4,0,4,1.0000,0.8292,0,423.7,0.4166
353,70.896,599.515,728.521,12,12,0,12,1.0000,1.0000,0,1058.1,1.0401
354,71.048,638.611,767.783,8,4,0,4,1.0000,0.8840,0,491.6,0.4833
355,71.018,717.322,768.311,8,4,0,4,1.0000,0.8705,0,485.4,0.4772
356,71.256,87.640,764.085,8,4,1,3,0.7500,0.8212,0,380.5,0.3741
357,71.226,166.350,764.613,8,4,1,3,0.7500,0.7759,0,338.3,0.3326
358,71.196,245.060,765.141,8,4,0,4,1.0000,0.7253,0,253.4,0.2492
359,71.167,323.771,765.670,8,4,0,4,1.0000,0.7833,0,329.7,0.3242
360,71.137,402.481,766.198,8,4,0,4,1.0000,0.8167,0,401.1,0.3944
361,107.371,289.127,63.368,8,8,0,8,1.0000,0.7690,0,352.2,0.3554
362,107.342,367.837,63.896,8,8,0,8,1.0000,0.7119,0,274.7,0.2772
363,107.312,446.547,64.425,8,8,0,8,1.0000,0.7550,0,327.4,0.3303
364,107.282,525.257,64.953,8,8,0,8,1.0000,0.7944,0,373.2,0.3765
365,107.252,603.967,65.481,8,8,0,8,1.0000,0.8078,0,378.3,0.3817
366,107.223,682.678,66.010,8,8,0,8,1.0000,0.8702,0,474.3,0.4786
367,107.375,721.774,105.272,12,12,1,11,0.9167,1.0000,0,980.1,0.9890
368,107.193,761.388,66.538,5,3,1,2,0.6667,0.0000,0,0.0,0.0000
369,107.461,52.996,61.783,5,5,1,4,0.8000,0.6657,0,349.2,0.3524
370,107.613,92.092,101.045,12,12,0,12,1.0000,1.0000,0,922.6,0.9311
371,107.431,131.706,62.311,8,8,0,8,1.0000,0.7821,0,342.2,0.3453
372,107.583,170.802,101.574,12,12,0,12,1.0000,1.0000,0,992.4,1.0015
373,107.401,210.416,62.840,8,8,0,8,1.0000,0.7224,0,266.9,0.2693
374,107.553,249.512,102.102,12,12,0,12,1.0000,1.0000,0,1014.7,1.0240
375,107.523,328.223,102.630,12,12,0,12,1.0000,1.0000,0,996.2,1.0053
376,107.494,406.933,103.158,12,12,0,12,1.0000,1.0000,0,990.1,0.9991
377,107.464,485.643,103.687,12,12,0,12,1.0000,1.0000,0,998.0,1.0071
378,107.616,524.739,142.949,12,12,0,12,1.0000,1.0000,0,1000.9,1.0101
379,107.434,564.353,104.215,12,12,0,12,1.0000,1.0000,0,1026.7,1.0360
380,107.586,603.449,143.477,12,12,0,12,1.0000,1.0000,0,1012.5,1.0218
381,107.404,643.064,104.743,12,12,0,12,1.0000,1.0000,0,1021.4,1.0307
382,107.556,682.160,144.006,12,12,0,12,1.0000,1.0000,0,999.2,1.0084
383,107.527,760.870,144.534,8,4,0,4,1.0000,0.0000,0,0.0,0.0000
384,107.794,52.478,139.779,8,8,0,8,1.0000,0.9181,0,525.6,0.5306
385,107.765,131.188,140.307,12,12,0,12,1.0000,1.0000,0,965.0,0.9740
386,107.735,209.898,140.836,12,12,0,12,1.0000,1.0000,0,978.5,0.9876
387,107.705,288.608,141.364,12,12,0,12,1.0000,1.0000,0,993.0,1.0022
388,107.857,327.704,180.626,12,12,0,12,1.0000,1.0000,0,992.8,1.0021
389,107.675,367.319,141.892,12,12,0,12,1.0000,1.0000,0,986.7,0.9958
390,107.827,406.415,181.154,12,12,0,12,1.0000,1.0000,0,1000.9,1.0103
391,107.646,446.029,142.421,12,12,0,12,1.0000,1.0000,0,1006.1,1.0154
392,107.798,485.125,181.683,12,12,0,12,1.0000,1.0000,0,1010.6,1.0201
393,107.768,563.835,182.211,12,12,0,12,1.0000,1.0000,0,1024.6,1.0342
394,107.738,642.545,182.739,12,12,0,12,1.0000,1.0000,0,1022.2,1.0317
395,107.708,721.256,183.268,12,12,0,12,1.0000,1.0000,0,960.2,0.9691
396,107.860,760.352,222.530,8,4,0,4,1.0000,0.0000,0,0.0,0.0000
397,107.946,91.574,179.041,12,12,0,12,1.0000,1.0000,0,933.8,0.9427
398,108.098,130.670,218.303,12,12,0,12,1.0000,1.0000,0,926.3,0.9352
399,107.917,170.284,179.570,12,12,0,12,1.0000,1.0000,0,969.8,0.9789
400,108.069,209.380,218.832,12,12,1,11,0.9167,0.9918,0,796.2,0.8038
401,107.887,248.994,180.098,12,12,0,12,1.0000,1.0000,0,978.6,0.9879
402,108.039,288.090,219.360,12,12,0,12,1.0000,1.0000,0,940.0,0.9490
403,108.009,366.801,219.888,12,12,0,12,1.0000,1.0000,0,970.3,0.9795
404,107.979,445.511,220.417,12,12,0,12,1.0000,1.0000,0,956.9,0.9659
405,107.950,524.221,220.945,12,12,0,12,1.0000,1.0000,0,984.9,0.9943
406,108.102,563.317,260.207,12,12,0,12,1.0000,1.0000,0,977.0,0.9863
407,107.920,602.931,221.473,12,12,0,12,1.0000,1.0000,0,994.0,1.0034
408,108.072,642.027,260.735,12,12,0,12,1.0000,1.0000,0,991.9,1.0013
409,107.890,681.641,222.002,12,12,0,12,1.0000,1.0000,0,983.8,0.9931
410,108.042,720.737,261.264,12,12,0,12,1.0000,1.0000,0,967.1,0.9763
411,108.128,51.960,217.775,8,8,0,8,1.0000,0.8292,0,433.6,0.4378
412,108.280,91.056,257.037,12,12,0,12,1.0000,1.0000,0,902.4,0.9112
413,108.250,169.766,257.565,12,12,1,11,0.9167,0.9944,0,808.5,0.8163
414,108.221,248.476,258.094,12,12,0,12,1.0000,1.0000,0,970.4,0.9798
415,108.373,287.572,297.356,12,12,0,12,1.0000,1.0000,0,950.7,0.9600
416,108.191,327.186,258.622,12,12,0,12,1.0000,1.0000,0,959.5,0.9687
417,108.343,366.282,297.884,12,12,0,12,1.0000,1.0000,0,944.2,0.9534
418,108.161,405.897,259.150,12,12,1,11,0.9167,1.0000,0,883.6,0.8921
419,108.313,444.993,298.413,12,12,0,12,1.0000,1.0000,0,947.2,0.9565
420,108.131,484.607,259.679,12,12,0,12,1.0000,1.0000,0,949.2,0.9583
421,108.283,523.703,298.941,12,12,0,12,1.0000,1.0000,0,962.2,0.9715
422,108.254,602.413,299.469,12,12,0,12,1.0000,1.0000,0,1009.8,1.0196
423,108.224,681.123,299.998,12,12,0,12,1.0000,1.0000,0,975.3,0.9847
424,108.194,759.833,300.526,8,4,0,4,1.0000,0.0000,0,0.0,0.0000
425,108.462,51.441,295.771,8,8,0,8,1.0000,0.8511,0,444.9,0.4492
426,108.614,90.537,335.033,12,12,0,12,1.0000,1.0000,0,905.8,0.9148
427,108.432,130.152,296.299,12,12,0,12,1.0000,1.0000,0,943.1,0.9524
428,108.584,169.248,335.561,12,12,0,12,1.0000,1.0000,0,951.5,0.9609
429,108.402,208.862,296.828,12,12,0,12,1.0000,1.0000,0,926.7,0.9358
430,108.554,247.958,336.090,12,12,0,12,1.0000,1.0000,0,970.9,0.9805
431,108.525,326.668,336.618,12,12,0,12,1.0000,1.0000,0,935.5,0.9447
432,108.495,405.378,337.146,12,12,0,12,1.0000,1.0000,0,945.8,0.9551
433,108.465,484.089,337.675,12,12,0,12,1.0000,1.0000,0,961.2,0.9707
434,108.617,523.185,376.937,12,12,0,12,1.0000,1.0000,0,983.0,0.9928
435,108.435,562.799,338.203,12,12,0,12,1.0000,1.0000,0,962.6,0.9721
436,108.587,601.895,377.465,12,12,0,12,1.0000,1.0000,0,999.7,1.0096
437,108.406,641.509,338.731,12,12,0,12,1.0000,1.0000,0,996.3,1.0061
438,108.558,680.605,377.994,12,12,0,12,1.0000,1.0000,0,972.8,0.9825
439,108.376,720.219,339.260,12,12,0,12,1.0000,1.0000,0,958.7,0.9680
440,108.528,759.315,378.522,8,4,0,4,1.0000,0.0000,0,0.0,0.0000
441,108.796,50.923,373.767,8,8,0,8,1.0000,0.8098,0,431.4,0.4358
442,108.766,129.634,374.295,12,12,0,12,1.0000,1.0000,0,929.5,0.9388
443,108.736,208.344,374.824,12,12,0,12,1.0000,1.0000,0,903.2,0.9123
444,108.706,287.054,375.352,12,12,0,12,1.0000,1.0000,0,922.7,0.9320
445,108.858,326.150,414.614,12,12,0,12,1.0000,1.0000,0,944.4,0.9540
446,108.677,365.764,375.880,12,12,0,12,1.0000,1.0000,0,927.4,0.9367
447,108.829,404.860,415.142,12,12,0,12,1.0000,1.0000,0,960.9,0.9706
448,108.647,444.474,376.409,12,12,0,12,1.0000,1.0000,0,945.0,0.9544
449,108.799,483.570,415.671,12,12,0,12,1.0000,1.0000,0,949.8,0.9594
450,108.769,562.281,416.199,12,12,0,12,1.0000,1.0000,0,948.6,0.9582
451,108.740,640.991,416.727,12,12,0,12,1.0000,1.0000,0,967.5,0.9773
452,108.710,719.701,417.256,12,12,0,12,1.0000,1.0000,0,952.6,0.9621
453,108.862,758.797,456.518,8,4,0,4,1.0000,0.0000,0,0.0,0.0000
454,108.948,90.019,413.029,12,12,0,12,1.0000,1.0000,0,896.6,0.9057
455,109.100,129.115,452.291,12,12,0,12,1.0000,1.0000,0,934.8,0.9445
456,108.918,168.730,413.557,12,12,0,12,1.0000,1.0000,0,949.9,0.9595
457,109.070,207.826,452.820,12,12,1,11,0.9167,0.9946,0,830.9,0.8395
458,108.888,247.440,414.086,12,12,0,12,1.0000,1.0000,0,937.3,0.9468
459,109.040,286.536,453.348,12,12,0,12,1.0000,1.0000,0,983.8,0.9939
460,109.010,365.246,453.876,12,12,0,12,1.0000,1.0000,0,952.0,0.9618
461,108.981,443.956,454.405,12,12,0,12,1.0000,1.0000,0,936.7,0.9462
462,108.951,522.666,454.933,12,12,0,12,1.0000,1.0000,0,996.4,1.0065
463,109.103,561.762,494.195,12,12,0,12,1.0000,1.0000,0,980.5,0.9906
464,108.921,601.377,455.461,12,12,0,12,1.0000,1.0000,0,985.8,0.9959
465,109.073,640.473,494.723,12,12,0,12,1.0000,1.0000,0,1000.5,1.0108
466,108.892,680.087,455.990,12,12,1,11,0.9167,1.0000,0,840.3,0.8488
467,109.044,719.183,495.252,12,12,0,12,1.0000,1.0000,0,958.1,0.9679
468,109.129,50.405,451.763,8,8,0,8,1.0000,0.9218,0,528.6,0.5340
469,109.281,89.501,491.025,12,12,0,12,1.0000,1.0000,0,927.7,0.9374
470,109.252,168.211,491.553,12,12,1,11,0.9167,1.0000,0,909.5,0.9189
471,109.222,246.922,492.082,12,12,0,12,1.0000,1.0000,0,949.6,0.9595
472,109.374,286.018,531.344,12,12,0,12,1.0000,1.0000,0,936.5,0.9463
473,109.192,325.632,492.610,12,12,0,12,1.0000,1.0000,0,933.9,0.9436
474,109.344,364.728,531.872,12,12,0,12,1.0000,1.0000,0,952.6,0.9626
475,109.162,404.342,493.138,12,12,0,12,1.0000,1.0000,0,966.7,0.9767
476,109.315,443.438,532.401,12,12,0,12,1.0000,1.0000,0,967.2,0.9773
477,109.133,483.052,493.667,12,12,0,12,1.0000,1.0000,0,962.7,0.9727
478,109.285,522.148,532.929,12,12,0,12,1.0000,1.0000,0,1010.4,1.0210
479,109.255,600.858,533.457,12,12,0,12,1.0000,1.0000,0,992.7,1.0030
480,109.225,679.569,533.986,12,12,0,12,1.0000,1.0000,0,976.6,0.9868
481,109.196,758.279,534.514,8,4,0,4,1.0000,0.0000,0,0.0,0.0000
482,109.463,49.887,529.759,8,8,0,8,1.0000,0.8802,0,489.0,0.4942
483,109.615,88.983,569.021,12,12,0,12,1.0000,1.0000,0,948.8,0.9590
484,109.433,128.597,530.287,12,12,0,12,1.0000,1.0000,0,944.3,0.9542
485,109.585,167.693,569.549,12,12,0,12,1.0000,1.0000,0,952.0,0.9621
486,109.404,207.307,530.816,12,12,0,12,1.0000,1.0000,0,962.9,0.9730
487,109.556,246.403,570.078,12,12,0,12,1.0000,1.0000,0,974.3,0.9846
488,109.526,325.114,570.606,12,12,0,12,1.0000,1.0000,0,966.4,0.9767
489,109.496,403.824,571.134,12,12,0,12,1.0000,1.0000,0,951.2,0.9613
490,109.467,482.534,571.663,12,12,0,12,1.0000,1.0000,0,989.6,1.0000
491,109.619,521.630,610.925,12,12,1,11,0.9167,1.0000,0,957.6,0.9678
492,109.437,561.244,572.191,12,12,0,12,1.0000,1.0000,0,996.6,1.0072
493,109.589,600.340,611.453,12,12,0,12,1.0000,1.0000,0,1021.4,1.0323
494,109.407,639.954,572.719,12,12,0,12,1.0000,1.0000,0,1003.2,1.0138
495,109.559,679.051,611.982,12,12,0,12,1.0000,1.0000,0,989.2,0.9997
496,109.377,718.665,573.248,12,12,1,11,0.9167,1.0000,0,992.5,1.0029
497,109.529,757.761,612.510,8,4,1,3,0.7500,0.0000,0,0.0,0.0000
498,109.797,49.369,607.755,8,8,1,7,0.8750,0.8683,0,468.8,0.4739
499,109.767,128.079,608.283,12,12,0,12,1.0000,1.0000,0,879.6,0.8891
500,109.737,206.789,608.812,12,12,0,12,1.0000,1.0000,0,907.7,0.9175
501,109.708,285.499,609.340,12,12,0,12,1.0000,1.0000,0,911.6,0.9214
502,109.860,324.595,648.602,12,12,0,12,1.0000,1.0000,0,999.2,1.0101
503,109.678,364.210,609.868,12,12,0,12,1.0000,1.0000,0,926.6,0.9366
504,109.830,403.306,649.130,12,12,0,12,1.0000,1.0000,0,988.3,0.9990
505,109.648,442.920,610.397,12,12,0,12,1.0000,1.0000,0,968.9,0.9792
506,109.800,482.016,649.659,12,12,0,12,1.0000,1.0000,0,1020.7,1.0318
507,109.771,560.726,650.187,12,12,0,12,1.0000,1.0000,0,990.5,1.0012
508,109.741,639.436,650.715,12,12,0,12,1.0000,1.0000,0,1000.3,1.0111
509,109.711,718.147,651.244,12,12,1,11,0.9167,1.0000,0,973.7,0.9841
510,109.863,757.243,690.506,8,4,0,4,1.0000,0.0000,0,0.0,0.0000
511,109.949,88.465,647.017,12,12,0,12,1.0000,1.0000,0,938.5,0.9488
512,110.101,127.561,686.279,12,12,0,12,1.0000,1.0000,0,972.7,0.9834
513,109.919,167.175,647.545,12,12,0,12,1.0000,1.0000,0,939.9,0.9502
514,110.071,206.271,686.808,12,12,0,12,1.0000,1.0000,0,958.4,0.9690
515,109.890,245.885,648.074,12,12,1,11,0.9167,1.0000,0,984.1,0.9948
516,110.042,284.981,687.336,12,12,0,12,1.0000,1.0000,0,980.3,0.9911
517,110.012,363.691,687.864,12,12,0,12,1.0000,1.0000,0,966.7,0.9773
518,109.982,442.402,688.393,12,12,0,12,1.0000,1.0000,0,974.4,0.9851
519,109.952,521.112,688.921,12,12,0,12,1.0000,1.0000,0,989.6,1.0004
520,110.104,560.208,728.183,12,12,0,12,1.0000,1.0000,0,984.9,0.9958
521,109.923,599.822,689.449,12,12,0,12,1.0000,1.0000,0,1013.2,1.0243
522,110.075,638.918,728.711,12,12,0,12,1.0000,1.0000,0,1012.0,1.0232
523,109.893,678.532,689.978,12,12,0,12,1.0000,1.0000,0,992.4,1.0033
524,110.045,717.628,729.240,12,12,0,12,1.0000,1.0000,0,980.7,0.9915
525,110.131,48.851,685.751,8,8,0,8,1.0000,0.9562,0,590.4,0.5969
526,110.283,87.947,725.013,12,12,1,11,0.9167,1.0000,0,863.9,0.8736
527,110.253,166.657,725.541,12,12,1,11,0.9167,1.0000,0,974.2,0.9851
528,110.223,245.367,726.070,12,12,0,12,1.0000,1.0000,0,995.4,1.0064
529,110.194,324.077,726.598,12,12,1,11,0.9167,1.0000,0,983.2,0.9941
530,110.346,363.173,765.860,8,4,0,4,1.0000,0.7452,0,309.0,0.3124
531,110.164,402.788,727.126,12,12,1,11,0.9167,1.0000,0,972.7,0.9835
532,110.316,441.884,766.389,8,4,0,4,1.0000,0.7905,0,384.4,0.3887
533,110.134,481.498,727.655,12,12,0,12,1.0000,1.0000,0,986.1,0.9970
534,110.286,520.594,766.917,8,4,0,4,1.0000,0.7311,0,300.0,0.3033
535,110.256,599.304,767.445,8,4,0,4,1.0000,0.8207,0,398.4,0.4029
536,110.227,678.014,767.974,8,4,0,4,1.0000,0.8630,0,471.3,0.4766
537,110.197,756.724,768.502,5,1,0,1,1.0000,0.0000,0,0.0,0.0000
538,110.465,48.332,763.747,5,3,0,3,1.0000,0.7127,0,382.6,0.3869
539,110.435,127.043,764.275,8,4,0,4,1.0000,0.8095,0,390.8,0.3953
540,110.405,205.753,764.804,8,4,0,4,1.0000,0.7408,0,307.9,0.3113
541,110.375,284.463,765.332,8,4,0,4,1.0000,0.7690,0,351.5,0.3555
542,146.610,171.109,62.502,8,8,1,7,0.8750,0.7778,0,359.4,0.3733
543,146.580,249.819,63.030,8,8,0,8,1.0000,0.7368,0,286.3,0.2973
544,146.550,328.529,63.558,8,8,0,8,1.0000,0.7278,0,268.5,0.2789
545,146.521,407.240,64.087,8,8,0,8,1.0000,0.7521,0,301.5,0.3131
546,146.491,485.950,64.615,8,8,0,8,1.0000,0.7127,0,0.0,0.0000
547,146.461,564.660,65.143,8,8,0,8,1.0000,0.7647,0,317.6,0.3298
548,146.613,603.756,104.406,12,12,0,12,1.0000,1.0000,0,1022.1,1.0616
549,146.431,643.370,65.672,8,8,0,8,1.0000,0.8230,0,395.4,0.4107
550,146.583,682.466,104.934,12,12,0,12,1.0000,1.0000,0,970.5,1.0080
551,146.402,722.080,66.200,8,8,0,8,1.0000,0.9033,0,513.3,0.5331
552,146.554,761.177,105.462,8,4,0,4,1.0000,0.0000,0,0.0,0.0000
553,146.821,52.785,100.707,8,8,0,8,1.0000,0.9504,0,591.0,0.6140
554,146.640,92.399,61.973,8,8,0,8,1.0000,0.7849,0,367.3,0.3815
555,146.792,131.495,101.236,12,12,1,11,0.9167,1.0000,0,922.5,0.9583
556,146.762,210.205,101.764,12,12,0,12,1.0000,1.0000,0,1009.7,1.0488
557,146.732,288.915,102.292,12,12,0,12,1.0000,1.0000,0,998.2,1.0369
558,146.702,367.625,102.821,12,12,0,12,1.0000,1.0000,0,1005.6,1.0446
559,146.854,406.721,142.083,12,12,0,12,1.0000,1.0000,0,981.8,1.0199
560,146.673,446.336,103.349,12,12,0,12,1.0000,1.0000,0,991.7,1.0301
561,146.825,485.432,142.611,12,12,0,12,1.0000,1.0000,0,992.0,1.0305
562,146.643,525.046,103.877,12,12,0,12,1.0000,1.0000,0,995.4,1.0339
563,146.795,564.142,143.139,12,12,0,12,1.0000,1.0000,0,997.5,1.0362
564,146.765,642.852,143.668,12,12,0,12,1.0000,1.0000,0,978.5,1.0164
565,146.735,721.562,144.196,12,12,0,12,1.0000,1.0000,0,928.5,0.9644
566,146.973,91.881,139.969,12,12,0,12,1.0000,0.9890,0,827.7,0.8599
567,146.944,170.591,140.498,12,12,0,12,1.0000,1.0000,0,953.6,0.9907
568,147.096,209.687,179.760,12,12,0,12,1.0000,1.0000,0,966.0,1.0037
569,146.914,249.301,141.026,12,12,0,12,1.0000,1.0000,0,987.5,1.0259
570,147.066,288.397,180.288,12,12,0,12,1.0000,1.0000,0,988.4,1.0270
571,146.884,328.011,141.554,12,12,0,12,1.0000,1.0000,0,992.3,1.0309
572,147.036,367.107,180.817,12,12,1,11,0.9167,1.0000,0,1004.5,1.0437
573,147.006,445.817,181.345,12,12,0,12,1.0000,1.0000,0,999.1,1.0380
574,146.977,524.528,181.873,12,12,0,12,1.0000,1.0000,0,1003.6,1.0427
575,146.947,603.238,182.402,12,12,0,12,1.0000,1.0000,0,986.9,1.0252
576,147.099,642.334,221.664,12,12,0,12,1.0000,1.0000,0,965.4,1.0031
577,146.917,681.948,182.930,12,12,1,11,0.9167,1.0000,0,944.0,0.9807
578,147.069,721.044,222.192,12,12,0,12,1.0000,1.0000,0,947.7,0.9846
579,146.888,760.658,183.458,8,4,0,4,1.0000,0.0000,0,0.0,0.0000
580,147.155,52.266,178.703,8,8,1,7,0.8750,0.8898,0,503.8,0.5235
581,147.307,91.362,217.965,12,12,0,12,1.0000,1.0000,0,941.6,0.9786
582,147.125,130.977,179.232,12,12,0,12,1.0000,1.0000,0,962.1,0.9997
583,147.277,170.073,218.494,12,12,1,11,0.9167,1.0000,0,909.6,0.9452
584,147.248,248.783,219.022,12,12,0,12,1.0000,1.0000,0,993.1,1.0320
585,147.218,327.493,219.550,12,12,0,12,1.0000,1.0000,0,966.6,1.0044
586,147.370,366.589,258.813,12,12,0,12,1.0000,1.0000,0,943.8,0.9808
587,147.188,406.203,220.079,12,12,0,12,1.0000,1.0000,0,949.5,0.9866
588,147.340,445.299,259.341,12,12,0,12,1.0000,1.0000,0,935.9,0.9726
589,147.158,484.913,220.607,12,12,0,12,1.0000,1.0000,0,975.3,1.0134
590,147.310,524.010,259.869,12,12,0,12,1.0000,1.0000,0,955.5,0.9929
591,147.129,563.624,221.135,12,12,0,12,1.0000,1.0000,0,967.7,1.0055
592,147.281,602.720,260.398,12,12,0,12,1.0000,1.0000,0,970.6,1.0086
593,147.251,681.430,260.926,12,12,0,12,1.0000,1.0000,0,954.3,0.9916
594,147.221,760.140,261.454,8,4,0,4,1.0000,0.0000,0,0.0,0.0000
595,147.489,51.748,256.699,8,8,1,7,0.8750,0.8427,0,443.3,0.4607
596,147.459,130.458,257.228,12,12,1,11,0.9167,1.0000,0,905.0,0.9406
597,147.611,169.554,296.490,12,12,1,11,0.9167,1.0000,0,961.8,0.9997
598,147.429,209.169,257.756,12,12,0,12,1.0000,1.0000,0,925.6,0.9620
599,147.581,248.265,297.018,12,12,0,12,1.0000,1.0000,0,919.3,0.9555
600,147.400,287.879,258.284,12,12,0,12,1.0000,1.0000,0,925.5,0.9619
601,147.552,326.975,297.546,12,12,0,12,1.0000,1.0000,0,949.8,0.9872
602,147.522,405.685,298.075,12,12,0,12,1.0000,1.0000,0,929.5,0.9661
603,147.492,484.395,298.603,12,12,0,12,1.0000,1.0000,0,942.1,0.9792
604,147.463,563.106,299.131,12,12,0,12,1.0000,1.0000,0,972.5,1.0107
605,147.615,602.202,338.394,12,12,0,12,1.0000,1.0000,0,947.5,0.9849
606,147.433,641.816,299.660,12,12,0,12,1.0000,1.0000,0,967.3,1.0053
607,147.585,680.912,338.922,12,12,0,12,1.0000,1.0000,0,938.3,0.9753
608,147.403,720.526,300.188,12,12,0,12,1.0000,1.0000,0,955.9,0.9935
609,147.555,759.622,339.450,8,4,0,4,1.0000,0.0000,0,0.0,0.0000
610,147.823,51.230,334.695,8,8,0,8,1.0000,0.8733,0,474.9,0.4937
611,147.641,90.844,295.961,12,12,0,12,1.0000,1.0000,0,917.4,0.9536
612,147.793,129.940,335.224,12,12,0,12,1.0000,1.0000,0,920.4,0.9568
613,147.763,208.650,335.752,12,12,0,12,1.0000,1.0000,0,916.9,0.9531
614,147.733,287.361,336.280,12,12,0,12,1.0000,1.0000,0,913.2,0.9493
615,147.704,366.071,336.809,12,12,0,12,1.0000,1.0000,0,932.9,0.9698
616,147.856,405.167,376.071,12,12,0,12,1.0000,1.0000,0,941.5,0.9788
617,147.674,444.781,337.337,12,12,0,12,1.0000,1.0000,0,945.7,0.9830
618,147.826,483.877,376.599,12,12,0,12,1.0000,1.0000,0,966.2,1.0045
619,147.644,523.491,337.865,12,12,0,12,1.0000,1.0000,0,978.0,1.0166
620,147.796,562.587,377.127,12,12,0,12,1.0000,1.0000,0,966.1,1.0044
621,147.767,641.298,377.656,12,12,0,12,1.0000,1.0000,0,987.3,1.0263
622,147.737,720.008,378.184,12,12,0,12,1.0000,1.0000,0,957.4,0.9953
623,147.975,90.326,373.957,12,12,0,12,1.0000,1.0000,0,934.2,0.9713
624,147.945,169.036,374.486,12,12,0,12,1.0000,1.0000,0,975.9,1.0146
625,148.097,208.132,413.748,12,12,0,12,1.0000,1.0000,0,915.4,0.9518
626,147.915,247.746,375.014,12,12,0,12,1.0000,1.0000,0,954.1,0.9919
627,148.067,286.843,414.276,12,12,0,12,1.0000,1.0000,0,924.8,0.9616
628,147.885,326.457,375.542,12,12,0,12,1.0000,1.0000,0,956.7,0.9947
629,148.038,365.553,414.805,12,12,0,12,1.0000,1.0000,0,942.2,0.9796
630,148.008,444.263,415.333,12,12,0,12,1.0000,1.0000,0,930.7,0.9677
631,147.978,522.973,415.861,12,12,0,12,1.0000,1.0000,0,942.0,0.9794
632,147.948,601.683,416.390,12,12,0,12,1.0000,1.0000,0,969.3,1.0077
633,148.100,640.779,455.652,12,12,0,12,1.0000,1.0000,0,995.7,1.0353
634,147.919,680.394,416.918,12,12,0,12,1.0000,1.0000,0,958.8,0.9968
635,148.071,719.490,456.180,12,12,0,12,1.0000,1.0000,0,951.4,0.9893
636,147.889,759.104,417.446,8,4,0,4,1.0000,0.0000,0,0.0,0.0000
637,148.156,50.712,412.691,8,8,0,8,1.0000,0.8227,0,421.6,0.4384
638,148.308,89.808,451.953,12,12,0,12,1.0000,1.0000,0,935.9,0.9732
639,148.127,129.422,413.220,12,12,0,12,1.0000,1.0000,0,874.5,0.9093
640,148.279,168.518,452.482,12,12,0,12,1.0000,1.0000,0,967.7,1.0062
641,148.249,247.228,453.010,12,12,0,12,1.0000,1.0000,0,931.5,0.9686
642,148.219,325.939,453.538,12,12,0,12,1.0000,1.0000,0,970.2,1.0089
643,148.371,365.035,492.801,12,12,0,12,1.0000,1.0000,0,932.4,0.9696
644,148.190,404.649,454.067,12,12,0,12,1.0000,1.0000,0,953.9,0.9919
645,148.342,443.745,493.329,12,12,1,11,0.9167,1.0000,0,918.2,0.9548
646,148.160,483.359,454.595,12,12,0,12,1.0000,1.0000,0,972.0,1.0108
647,148.312,522.455,493.857,12,12,0,12,1.0000,1.0000,0,985.6,1.0249
648,148.130,562.069,455.123,12,12,0,12,1.0000,1.0000,0,982.6,1.0217
649,148.282,601.165,494.386,12,12,0,12,1.0000,1.0000,0,974.4,1.0132
650,148.252,679.875,494.914,12,12,0,12,1.0000,1.0000,0,950.9,0.9888
651,148.223,758.586,495.442,8,4,0,4,1.0000,0.0000,0,0.0,0.0000
652,148.490,50.194,490.687,8,8,0,8,1.0000,0.8842,0,492.9,0.5126
653,148.461,128.904,491.216,12,12,0,12,1.0000,1.0000,0,925.6,0.9626
654,148.613,168.000,530.478,12,12,0,12,1.0000,1.0000,0,961.9,1.0003
655,148.431,207.614,491.744,12,12,0,12,1.0000,1.0000,0,942.2,0.9798
656,148.583,246.710,531.006,12,12,0,12,1.0000,1.0000,0,922.8,0.9597
657,148.401,286.324,492.272,12,12,0,12,1.0000,1.0000,0,954.7,0.9927
658,148.553,325.420,531.534,12,12,0,12,1.0000,1.0000,0,939.9,0.9775
659,148.523,404.131,532.063,12,12,0,12,1.0000,1.0000,0,956.9,0.9951
660,148.494,482.841,532.591,12,12,2,10,0.8333,1.0000,0,880.4,0.9155
661,148.464,561.551,533.119,12,12,0,12,1.0000,1.0000,0,997.1,1.0369
662,148.616,600.647,572.382,12,12,0,12,1.0000,1.0000,0,993.2,1.0329
663,148.434,640.261,533.648,12,12,0,12,1.0000,1.0000,0,984.8,1.0240
664,148.586,679.357,572.910,12,12,1,11,0.9167,1.0000,0,978.2,1.0172
665,148.404,718.971,534.176,12,12,0,12,1.0000,1.0000,0,968.2,1.0069
666,148.556,758.067,573.438,8,4,0,4,1.0000,0.0000,0,0.0,0.0000
667,148.824,49.676,568.683,8,8,0,8,1.0000,0.9274,0,545.7,0.5675
668,148.642,89.290,529.949,12,12,0,12,1.0000,1.0000,0,937.3,0.9747
669,148.794,128.386,569.212,12,12,0,12,1.0000,1.0000,0,952.7,0.9907
670,148.765,207.096,569.740,12,12,0,12,1.0000,1.0000,0,950.1,0.9881
671,148.735,285.806,570.268,12,12,0,12,1.0000,1.0000,0,932.1,0.9693
672,148.705,364.516,570.797,12,12,0,12,1.0000,1.0000,0,973.4,1.0122
673,148.857,403.612,610.059,12,12,0,12,1.0000,1.0000,0,970.2,1.0090
674,148.675,443.227,571.325,12,12,0,12,1.0000,1.0000,0,987.9,1.0274
675,148.827,482.323,610.587,12,12,0,12,1.0000,1.0000,0,1000.8,1.0408
676,148.646,521.937,571.853,12,12,0,12,1.0000,1.0000,0,978.6,1.0177
677,148.798,561.033,611.115,12,12,0,12,1.0000,1.0000,0,982.4,1.0216
678,148.768,639.743,611.644,12,12,0,12,1.0000,1.0000,0,963.3,1.0018
679,148.738,718.453,612.172,12,12,0,12,1.0000,1.0000,0,961.7,1.0001
680,148.976,88.772,607.945,12,12,0,12,1.0000,1.0000,0,925.0,0.9620
681,148.946,167.482,608.474,12,12,0,12,1.0000,1.0000,0,942.9,0.9806
682,149.098,206.578,647.736,12,12,0,12,1.0000,1.0000,0,923.6,0.9605
683,148.917,246.192,609.002,12,12,0,12,1.0000,1.0000,0,970.3,1.0091
684,149.069,285.288,648.264,12,12,0,12,1.0000,1.0000,0,940.4,0.9780
685,148.887,324.902,609.530,12,12,0,12,1.0000,1.0000,0,955.2,0.9934
686,149.039,363.998,648.793,12,12,0,12,1.0000,1.0000,0,970.5,1.0093
687,149.009,442.708,649.321,12,12,0,12,1.0000,1.0000,0,1006.6,1.0469
688,148.979,521.419,649.849,12,12,0,12,1.0000,1.0000,0,981.0,1.0202
689,148.950,600.129,650.378,12,12,0,12,1.0000,1.0000,0,990.6,1.0302
690,149.102,639.225,689.640,12,12,0,12,1.0000,1.0000,0,971.6,1.0105
691,148.920,678.839,650.906,12,12,0,12,1.0000,1.0000,0,953.4,0.9915
692,149.072,717.935,690.168,12,12,0,12,1.0000,1.0000,0,953.6,0.9917
693,148.890,757.549,651.434,8,4,0,4,1.0000,0.0000,0,0.0,0.0000
694,149.158,49.157,646.679,8,8,0,8,1.0000,0.8139,0,421.6,0.4385
695,149.310,88.253,685.941,12,12,0,12,1.0000,1.0000,0,940.5,0.9782
696,149.128,127.868,647.208,12,12,0,12,1.0000,1.0000,0,896.8,0.9327
697,149.280,166.964,686.470,12,12,0,12,1.0000,1.0000,0,953.8,0.9920
698,149.250,245.674,686.998,12,12,1,11,0.9167,1.0000,0,973.9,1.0129
699,149.221,324.384,687.526,12,12,0,12,1.0000,1.0000,0,978.8,1.0180
700,149.373,363.480,726.789,12,12,0,12,1.0000,1.0000,0,1003.7,1.0438
701,149.191,403.094,688.055,12,12,0,12,1.0000,1.0000,0,976.3,1.0154
702,149.343,442.190,727.317,12,12,0,12,1.0000,1.0000,0,990.3,1.0300
703,149.161,481.804,688.583,12,12,0,12,1.0000,1.0000,0,994.7,1.0345
704,149.313,520.900,727.845,12,12,0,12,1.0000,1.0000,0,995.7,1.0356
705,149.131,560.515,689.111,12,12,1,11,0.9167,1.0000,0,984.4,1.0237
706,149.283,599.611,728.374,12,12,0,12,1.0000,1.0000,0,990.4,1.0300
707,149.254,678.321,728.902,12,12,0,12,1.0000,1.0000,0,997.5,1.0374
708,149.224,757.031,729.430,8,4,0,4,1.0000,0.0000,0,0.0,0.0000
709,149.492,48.639,724.675,8,8,0,8,1.0000,0.9549,0,585.7,0.6092
710,149.462,127.349,725.204,12,12,0,12,1.0000,1.0000,0,995.6,1.0354
711,149.614,166.445,764.466,8,4,0,4,1.0000,0.7806,0,335.3,0.3487
712,149.432,206.060,725.732,12,12,0,12,1.0000,1.0000,0,995.5,1.0354
713,149.584,245.156,764.994,8,4,0,4,1.0000,0.7155,0,275.9,0.2870
714,149.402,284.770,726.260,12,12,0,12,1.0000,1.0000,0,990.9,1.0306
715,149.554,323.866,765.522,8,4,1,3,0.7500,0.7709,0,0.0,0.0000
716,149.525,402.576,766.051,8,4,0,4,1.0000,0.7308,0,277.3,0.2884
717,149.495,481.286,766.579,8,4,0,4,1.0000,0.7464,0,298.2,0.3101
718,149.465,559.997,767.107,8,4,0,4,1.0000,0.7430,0,251.8,0.2618
719,149.435,638.707,767.636,8,4,0,4,1.0000,0.7915,0,346.9,0.3608
720,149.406,717.417,768.164,8,4,0,4,1.0000,0.8584,0,452.5,0.4706
721,149.644,87.735,763.937,8,4,0,4,1.0000,0.8492,0,432.2,0.4496
722,185.611,682.773,65.862,8,8,0,8,1.0000,0.8547,0,445.9,0.4663
723,185.581,761.483,66.391,5,3,0,3,1.0000,0.0000,0,0.0,0.0000
724,185.848,53.091,61.636,5,5,0,5,1.0000,0.6989,0,329.3,0.3443
725,185.819,131.802,62.164,8,8,0,8,1.0000,0.8342,0,427.5,0.4470
726,185.789,210.512,62.692,8,8,0,8,1.0000,0.7528,0,0.0,0.0000
727,185.759,289.222,63.221,8,8,0,8,1.0000,0.6887,0,0.0,0.0000
728,185.729,367.932,63.749,8,8,0,8,1.0000,0.6749,0,242.9,0.2540
729,185.700,446.642,64.277,8,8,1,7,0.8750,0.7514,0,317.1,0.3316
730,185.852,485.738,103.539,12,12,0,12,1.0000,1.0000,0,953.4,0.9970
731,185.670,525.353,64.806,8,8,0,8,1.0000,0.7821,0,361.0,0.3774
732,185.822,564.449,104.068,12,12,0,12,1.0000,1.0000,0,975.8,1.0204
733,185.640,604.063,65.334,8,8,0,8,1.0000,0.8329,0,387.3,0.4050
734,185.792,643.159,104.596,12,12,0,12,1.0000,1.0000,0,1004.9,1.0508
735,185.763,721.869,105.124,12,12,0,12,1.0000,1.0000,0,949.6,0.9930
736,186.000,92.187,100.898,12,12,0,12,1.0000,1.0000,0,966.0,1.0102
737,185.971,170.898,101.426,12,12,0,12,1.0000,1.0000,0,967.0,1.0112
738,186.123,209.994,140.688,12,12,0,12,1.0000,1.0000,0,962.0,1.0060
739,185.941,249.608,101.954,12,12,1,11,0.9167,1.0000,0,853.1,0.8921
740,186.093,288.704,141.217,12,12,0,12,1.0000,1.0000,0,961.3,1.0053
741,185.911,328.318,102.483,12,12,0,12,1.0000,1.0000,0,977.6,1.0223
742,186.063,367.414,141.745,12,12,0,12,1.0000,1.0000,0,942.2,0.9853
743,185.881,407.028,103.011,12,12,1,11,0.9167,1.0000,0,896.1,0.9371
744,186.034,446.124,142.273,12,12,0,12,1.0000,1.0000,0,966.9,1.0111
745,186.004,524.834,142.802,12,12,0,12,1.0000,1.0000,0,998.2,1.0438
746,185.974,603.545,143.330,12,12,0,12,1.0000,1.0000,0,986.3,1.0314
747,185.944,682.255,143.858,12,12,0,12,1.0000,1.0000,0,956.2,0.9999
748,186.096,721.351,183.120,12,12,1,11,0.9167,1.0000,0,915.5,0.9574
749,185.915,760.965,144.387,8,4,1,3,0.7500,0.0000,0,0.0,0.0000
750,186.182,52.573,139.632,8,8,0,8,1.0000,0.8933,0,502.6,0.5256
751,186.334,91.669,178.894,12,12,2,10,0.8333,0.9915,0,717.5,0.7504
752,186.152,131.283,140.160,12,12,0,12,1.0000,1.0000,0,940.1,0.9832
753,186.304,170.379,179.422,12,12,0,12,1.0000,1.0000,0,954.9,0.9986
754,186.275,249.090,179.950,12,12,0,12,1.0000,1.0000,0,957.2,1.0010
755,186.245,327.800,180.479,12,12,0,12,1.0000,1.0000,0,981.8,1.0267
756,186.215,406.510,181.007,12,12,0,12,1.0000,1.0000,0,963.0,1.0071
757,186.367,445.606,220.269,12,12,0,12,1.0000,1.0000,0,972.4,1.0170
758,186.186,485.220,181.535,12,12,0,12,1.0000,1.0000,0,974.4,1.0190
759,186.338,524.316,220.798,12,12,0,12,1.0000,1.0000,0,985.5,1.0306
760,186.156,563.930,182.064,12,12,0,12,1.0000,1.0000,0,982.7,1.0277
761,186.308,603.026,221.326,12,12,0,12,1.0000,1.0000,0,986.2,1.0313
762,186.126,642.641,182.592,12,12,0,12,1.0000,1.0000,0,956.0,0.9998
763,186.278,681.737,221.854,12,12,1,11,0.9167,1.0000,0,924.3,0.9666
764,186.248,760.447,222.383,8,4,0,4,1.0000,0.0000,0,0.0,0.0000
765,186.516,52.055,217.628,8,8,2,6,0.7500,0.8540,0,474.7,0.4965
766,186.486,130.765,218.156,12,12,0,12,1.0000,1.0000,0,916.0,0.9579
767,186.456,209.475,218.684,12,12,0,12,1.0000,1.0000,0,930.1,0.9727
768,186.609,248.571,257.946,12,12,0,12,1.0000,1.0000,0,968.4,1.0128
769,186.427,288.186,219.213,12,12,0,12,1.0000,1.0000,0,943.2,0.9864
770,186.579,327.282,258.475,12,12,0,12,1.0000,1.0000,0,949.2,0.9927
771,186.397,366.896,219.741,12,12,1,11,0.9167,1.0000,0,956.2,1.0000
772,186.549,405.992,259.003,12,12,1,11,0.9167,1.0000,0,935.3,0.9782
773,186.519,484.702,259.531,12,12,0,12,1.0000,1.0000,0,951.1,0.9947
774,186.490,563.412,260.060,12,12,0,12,1.0000,1.0000,0,945.4,0.9887
775,186.460,642.123,260.588,12,12,1,11,0.9167,0.9804,0,828.9,0.8669
776,186.612,681.219,299.850,12,12,0,12,1.0000,1.0000,0,938.8,0.9818
777,186.430,720.833,261.116,12,12,0,12,1.0000,1.0000,0,922.4,0.9647
778,186.582,759.929,300.379,8,4,0,4,1.0000,0.0000,0,0.0,0.0000
779,186.850,51.537,295.624,8,8,0,8,1.0000,0.8062,0,394.1,0.4122
780,186.668,91.151,256.890,12,12,0,12,1.0000,1.0000,0,935.0,0.9779
781,186.820,130.247,296.152,12,12,0,12,1.0000,1.0000,0,905.7,0.9473
782,186.638,169.861,257.418,12,12,1,11,0.9167,1.0000,0,953.5,0.9972
783,186.790,208.957,296.680,12,12,0,12,1.0000,1.0000,0,927.7,0.9702
784,186.761,287.667,297.209,12,12,0,12,1.0000,1.0000,0,930.4,0.9730
785,186.731,366.378,297.737,12,12,0,12,1.0000,1.0000,0,924.7,0.9671
786,186.701,445.088,298.265,12,12,0,12,1.0000,1.0000,0,951.8,0.9954
787,186.853,484.184,337.527,12,12,1,11,0.9167,0.9972,0,824.0,0.8618
788,186.671,523.798,298.794,12,12,0,12,1.0000,1.0000,0,929.0,0.9715
789,186.823,562.894,338.056,12,12,0,12,1.0000,1.0000,0,949.8,0.9934
790,186.642,602.508,299.322,12,12,1,11,0.9167,1.0000,0,905.9,0.9474
791,186.794,641.604,338.584,12,12,0,12,1.0000,1.0000,0,970.4,1.0149
792,186.764,720.315,339.112,12,12,0,12,1.0000,1.0000,0,927.3,0.9698
793,187.002,90.633,334.886,12,12,0,12,1.0000,1.0000,0,889.0,0.9298
794,186.972,169.343,335.414,12,12,1,11,0.9167,1.0000,0,907.7,0.9494
795,187.124,208.439,374.676,12,12,0,12,1.0000,1.0000,0,908.3,0.9500
796,186.942,248.053,335.942,12,12,0,12,1.0000,1.0000,0,936.2,0.9791
797,187.094,287.149,375.205,12,12,0,12,1.0000,1.0000,0,931.2,0.9739
798,186.913,326.763,336.471,12,12,0,12,1.0000,1.0000,0,921.4,0.9636
799,187.065,365.859,375.733,12,12,0,12,1.0000,1.0000,0,944.9,0.9883
800,186.883,405.474,336.999,12,12,0,12,1.0000,1.0000,0,933.4,0.9762
801,187.035,444.570,376.261,12,12,0,12,1.0000,1.0000,0,948.2,0.9917
802,187.005,523.280,376.790,12,12,0,12,1.0000,1.0000,0,942.1,0.9853
803,186.975,601.990,377.318,12,12,0,12,1.0000,1.0000,0,959.3,1.0033
804,186.946,680.700,377.846,12,12,0,12,1.0000,1.0000,0,945.0,0.9884
805,187.098,719.796,417.108,12,12,0,12,1.0000,1.0000,0,932.7,0.9755
806,186.916,759.411,378.375,8,4,0,4,1.0000,0.0000,0,0.0,0.0000
807,187.184,51.019,373.620,8,8,0,8,1.0000,0.8411,0,444.4,0.4648
808,187.336,90.115,412.882,12,12,0,12,1.0000,1.0000,0,883.4,0.9240
809,187.154,129.729,374.148,12,12,0,12,1.0000,1.0000,0,927.7,0.9703
810,187.306,168.825,413.410,12,12,0,12,1.0000,1.0000,0,938.9,0.9820
811,187.276,247.535,413.938,12,12,0,12,1.0000,1.0000,0,936.8,0.9798
812,187.246,326.245,414.467,12,12,0,12,1.0000,1.0000,0,923.6,0.9660
813,187.217,404.956,414.995,12,12,0,12,1.0000,1.0000,0,941.2,0.9844
814,187.369,444.052,454.257,12,12,0,12,1.0000,1.0000,0,952.3,0.9961
815,187.187,483.666,415.523,12,12,0,12,1.0000,1.0000,0,942.5,0.9857
816,187.339,522.762,454.786,12,12,0,12,1.0000,1.0000,0,960.4,1.0045
817,187.157,562.376,416.052,12,12,0,12,1.0000,1.0000,0,935.1,0.9780
818,187.309,601.472,455.314,12,12,0,12,1.0000,1.0000,0,975.5,1.0203
819,187.127,641.086,416.580,12,12,0,12,1.0000,1.0000,0,969.9,1.0145
820,187.279,680.182,455.842,12,12,0,12,1.0000,1.0000,0,940.0,0.9832
821,187.250,758.892,456.371,8,4,0,4,1.0000,0.0000,0,0.0,0.0000
822,187.517,50.500,451.616,8,8,0,8,1.0000,0.8057,0,392.2,0.4102
823,187.488,129.211,452.144,12,12,0,12,1.0000,1.0000,0,916.0,0.9581
824,187.458,207.921,452.672,12,12,0,12,1.0000,1.0000,0,935.7,0.9787
825,187.610,247.017,491.934,12,12,0,12,1.0000,1.0000,0,900.7,0.9421
826,187.428,286.631,453.201,12,12,0,12,1.0000,1.0000,0,956.2,1.0001
827,187.580,325.727,492.463,12,12,0,12,1.0000,1.0000,0,943.9,0.9873
828,187.398,365.341,453.729,12,12,0,12,1.0000,1.0000,0,932.5,0.9754
829,187.550,404.437,492.991,12,12,0,12,1.0000,1.0000,0,927.2,0.9698
830,187.521,483.148,493.519,12,12,1,11,0.9167,1.0000,0,932.7,0.9756
831,187.491,561.858,494.048,12,12,0,12,1.0000,1.0000,0,959.5,1.0036
832,187.461,640.568,494.576,12,12,0,12,1.0000,1.0000,0,963.3,1.0076
833,187.613,679.664,533.838,12,12,1,11,0.9167,1.0000,0,969.8,1.0144
834,187.431,719.278,495.104,12,12,0,12,1.0000,1.0000,0,909.0,0.9508
835,187.583,758.374,534.366,8,4,0,4,1.0000,0.0000,0,0.0,0.0000
836,187.851,49.982,529.612,8,8,0,8,1.0000,0.8929,0,507.1,0.5304
837,187.669,89.596,490.878,12,12,0,12,1.0000,1.0000,0,916.8,0.9589
838,187.821,128.692,530.140,12,12,0,12,1.0000,1.0000,0,943.2,0.9866
839,187.640,168.307,491.406,12,12,0,12,1.0000,1.0000,0,936.3,0.9794
840,187.792,207.403,530.668,12,12,0,12,1.0000,1.0000,0,947.0,0.9906
841,187.762,286.113,531.197,12,12,0,12,1.0000,1.0000,0,946.1,0.9896
842,187.732,364.823,531.725,12,12,0,12,1.0000,1.0000,0,943.4,0.9868
843,187.702,443.533,532.253,12,12,0,12,1.0000,1.0000,0,938.4,0.9816
844,187.854,482.629,571.515,12,12,0,12,1.0000,1.0000,0,979.3,1.0244
845,187.673,522.244,532.782,12,12,0,12,1.0000,1.0000,0,976.2,1.0211
846,187.825,561.340,572.044,12,12,0,12,1.0000,1.0000,0,958.1,1.0022
847,187.643,600.954,533.310,12,12,0,12,1.0000,1.0000,0,988.6,1.0341
848,187.795,640.050,572.572,12,12,0,12,1.0000,1.0000,0,961.3,1.0056
849,187.765,718.760,573.100,12,12,0,12,1.0000,1.0000,0,930.0,0.9728
850,188.003,89.078,568.874,12,12,0,12,1.0000,1.0000,0,916.8,0.9590
851,187.973,167.789,569.402,12,12,0,12,1.0000,1.0000,0,953.7,0.9976
852,187.944,246.499,569.930,12,12,0,12,1.0000,1.0000,0,954.9,0.9988
853,188.096,285.595,609.193,12,12,0,12,1.0000,1.0000,0,963.6,1.0080
854,187.914,325.209,570.459,12,12,0,12,1.0000,1.0000,0,937.2,0.9803
855,188.066,364.305,609.721,12,12,0,12,1.0000,1.0000,0,974.0,1.0188
856,187.884,403.919,570.987,12,12,0,12,1.0000,1.0000,0,954.9,0.9989
857,188.036,443.015,610.249,12,12,0,12,1.0000,1.0000,0,978.8,1.0238
858,188.006,521.725,610.778,12,12,0,12,1.0000,1.0000,0,982.5,1.0277
859,187.977,600.436,611.306,12,12,0,12,1.0000,1.0000,0,967.0,1.0115
860,187.947,679.146,611.834,12,12,0,12,1.0000,1.0000,0,940.0,0.9833
861,188.099,718.242,651.096,12,12,0,12,1.0000,1.0000,0,944.0,0.9874
862,187.917,757.856,612.362,8,4,0,4,1.0000,0.0000,0,0.0,0.0000
863,188.185,49.464,607.608,8,8,0,8,1.0000,0.8842,0,484.7,0.5071
864,188.337,88.560,646.870,12,12,0,12,1.0000,1.0000,0,949.4,0.9931
865,188.155,128.174,608.136,12,12,0,12,1.0000,1.0000,0,924.5,0.9671
866,188.307,167.270,647.398,12,12,0,12,1.0000,1.0000,0,948.8,0.9925
867,188.125,206.885,608.664,12,12,0,12,1.0000,1.0000,0,951.0,0.9948
868,188.277,245.981,647.926,12,12,0,12,1.0000,1.0000,0,972.8,1.0177
869,188.248,324.691,648.455,12,12,0,12,1.0000,1.0000,0,958.7,1.0029
870,188.218,403.401,648.983,12,12,0,12,1.0000,1.0000,0,961.4,1.0057
871,188.370,442.497,688.245,12,12,0,12,1.0000,1.0000,0,982.7,1.0280
872,188.188,482.111,649.511,12,12,0,12,1.0000,1.0000,0,971.9,1.0166
873,188.340,521.207,688.774,12,12,0,12,1.0000,1.0000,0,943.7,0.9872
874,188.158,560.821,650.040,12,12,0,12,1.0000,1.0000,0,975.8,1.0207
875,188.310,599.917,689.302,12,12,0,12,1.0000,1.0000,0,953.2,0.9971
876,188.129,639.532,650.568,12,12,0,12,1.0000,1.0000,0,965.7,1.0102
877,188.281,678.628,689.830,12,12,0,12,1.0000,1.0000,0,940.6,0.9840
878,188.251,757.338,690.358,8,4,0,4,1.0000,0.0000,0,0.0,0.0000
879,188.519,48.946,685.604,8,8,0,8,1.0000,0.7713,0,351.9,0.3681
880,188.489,127.656,686.132,12,12,0,12,1.0000,1.0000,0,878.2,0.9187
881,188.459,206.366,686.660,12,12,0,12,1.0000,1.0000,0,888.1,0.9291
882,188.611,245.462,725.922,12,12,0,12,1.0000,1.0000,0,966.3,1.0109
883,188.429,285.077,687.189,12,12,0,12,1.0000,1.0000,0,900.5,0.9420
884,188.581,324.173,726.451,12,12,0,12,1.0000,1.0000,0,939.4,0.9827
885,188.400,363.787,687.717,12,12,1,11,0.9167,1.0000,0,938.2,0.9815
886,188.552,402.883,726.979,12,12,0,12,1.0000,1.0000,0,973.5,1.0184
887,188.522,481.593,727.507,12,12,0,12,1.0000,1.0000,0,982.8,1.0282
888,188.492,560.303,728.036,12,12,2,10,0.8333,1.0000,0,952.6,0.9965
889,188.463,639.013,728.564,12,12,1,11,0.9167,1.0000,0,964.8,1.0093
890,188.615,678.110,767.826,8,4,0,4,1.0000,0.8189,0,353.0,0.3693
891,188.433,717.724,729.092,12,12,0,12,1.0000,1.0000,0,926.9,0.9696
892,188.585,756.820,768.354,5,1,0,1,1.0000,0.0000,0,0.0,0.0000
893,188.852,48.428,763.600,5,3,0,3,1.0000,0.7183,0,332.3,0.3476
894,188.671,88.042,724.866,12,12,0,12,1.0000,1.0000,0,938.9,0.9823
895,188.823,127.138,764.128,8,4,0,4,1.0000,0.8352,0,428.4,0.4481
896,188.641,166.752,725.394,12,12,0,12,1.0000,1.0000,0,960.8,1.0052
897,188.793,205.848,764.656,8,4,0,4,1.0000,0.7827,0,354.6,0.3710
898,188.763,284.558,765.185,8,4,0,4,1.0000,0.7966,0,333.2,0.3486
899,188.733,363.269,765.713,8,4,0,4,1.0000,0.7833,0,331.2,0.3465
900,188.704,441.979,766.241,8,4,0,4,1.0000,0.7597,0,354.9,0.3712
901,188.674,520.689,766.769,8,4,0,4,1.0000,0.7716,0,330.1,0.3454
902,188.644,599.399,767.298,8,4,0,4,1.0000,0.8062,0,364.0,0.3808
903,224.849,564.755,64.996,8,8,0,8,1.0000,0.8214,0,377.2,0.3968
904,224.819,643.466,65.524,8,8,0,8,1.0000,0.8315,0,391.5,0.4118
905,224.790,722.176,66.053,8,8,0,8,1.0000,0.8795,0,486.5,0.5117
906,225.027,92.494,61.826,8,8,0,8,1.0000,0.8421,0,452.4,0.4758
907,224.998,171.204,62.354,8,8,0,8,1.0000,0.7692,0,284.2,0.2989
908,224.968,249.915,62.883,8,8,0,8,1.0000,0.7644,0,257.7,0.2711
909,225.120,289.011,102.145,12,12,1,11,0.9167,1.0000,0,929.0,0.9772
910,224.938,328.625,63.411,8,8,0,8,1.0000,0.7590,0,317.2,0.3336
911,225.090,367.721,102.673,12,12,2,10,0.8333,1.0000,0,845.4,0.8892
912,224.909,407.335,63.939,8,8,0,8,1.0000,0.7673,0,318.7,0.3352
913,225.061,446.431,103.202,12,12,1,11,0.9167,1.0000,0,956.5,1.0061
914,224.879,486.045,64.468,8,8,0,8,1.0000,0.7873,0,357.1,0.3756
915,225.031,525.141,103.730,12,12,0,12,1.0000,1.0000,0,966.3,1.0164
916,225.001,603.851,104.258,12,12,0,12,1.0000,1.0000,0,968.0,1.0182
917,224.971,682.562,104.787,12,12,0,12,1.0000,1.0000,0,975.2,1.0257
918,225.123,721.658,144.049,12,12,0,12,1.0000,1.0000,0,921.9,0.9697
919,224.942,761.272,105.315,8,4,0,4,1.0000,0.0000,0,0.0,0.0000
920,225.209,52.880,100.560,8,8,0,8,1.0000,1.0000,0,667.0,0.7016
921,225.361,91.976,139.822,12,12,1,11,0.9167,1.0000,0,930.0,0.9782
922,225.179,131.590,101.088,12,12,0,12,1.0000,1.0000,0,962.6,1.0125
923,225.332,170.686,140.350,12,12,0,12,1.0000,1.0000,0,957.8,1.0076
924,225.150,210.300,101.617,12,12,0,12,1.0000,1.0000,0,997.3,1.0490
925,225.302,249.396,140.879,12,12,0,12,1.0000,1.0000,0,966.6,1.0168
926,225.272,328.107,141.407,12,12,0,12,1.0000,1.0000,0,942.6,0.9915
927,225.242,406.817,141.935,12,12,0,12,1.0000,1.0000,0,965.0,1.0151
928,225.213,485.527,142.464,12,12,0,12,1.0000,1.0000,0,960.7,1.0105
929,225.365,524.623,181.726,12,12,1,11,0.9167,1.0000,0,982.4,1.0334
930,225.183,564.237,142.992,12,12,0,12,1.0000,1.0000,0,974.7,1.0253
931,225.335,603.333,182.254,12,12,0,12,1.0000,1.0000,0,980.3,1.0311
932,225.153,642.947,143.520,12,12,0,12,1.0000,1.0000,0,979.3,1.0301
933,225.305,682.043,182.783,12,12,0,12,1.0000,1.0000,0,938.7,0.9874
934,225.275,760.754,183.311,8,4,0,4,1.0000,0.0000,0,0.0,0.0000
935,225.543,52.362,178.556,8,8,0,8,1.0000,0.8966,0,504.7,0.5309
936,225.513,131.072,179.084,12,12,0,12,1.0000,1.0000,0,932.2,0.9806
937,225.484,209.782,179.613,12,12,0,12,1.0000,1.0000,0,950.8,1.0002
938,225.454,288.492,180.141,12,12,0,12,1.0000,1.0000,0,970.6,1.0210
939,225.606,327.588,219.403,12,12,2,10,0.8333,0.9773,0,694.0,0.7300
940,225.424,367.203,180.669,12,12,0,12,1.0000,1.0000,0,950.5,0.9999
941,225.576,406.299,219.931,12,12,0,12,1.0000,1.0000,0,924.9,0.9729
942,225.394,445.913,181.198,12,12,0,12,1.0000,1.0000,0,985.2,1.0364
943,225.546,485.009,220.460,12,12,0,12,1.0000,1.0000,0,956.4,1.0060
944,225.517,563.719,220.988,12,12,0,12,1.0000,1.0000,0,966.0,1.0162
945,225.487,642.429,221.516,12,12,0,12,1.0000,1.0000,0,956.7,1.0063
946,225.457,721.139,222.045,12,12,0,12,1.0000,1.0000,0,908.7,0.9559
947,225.609,760.235,261.307,8,4,0,4,1.0000,0.0000,0,0.0,0.0000
948,225.695,91.458,217.818,12,12,0,12,1.0000,1.0000,0,857.0,0.9016
949,225.847,130.554,257.080,12,12,0,12,1.0000,1.0000,0,916.6,0.9642
950,225.665,170.168,218.346,12,12,0,12,1.0000,1.0000,0,939.2,0.9880
951,225.817,209.264,257.609,12,12,0,12,1.0000,1.0000,0,925.1,0.9731
952,225.636,248.878,218.875,12,12,0,12,1.0000,1.0000,0,960.1,1.0099
953,225.788,287.974,258.137,12,12,0,12,1.0000,1.0000,0,955.3,1.0050
954,225.758,366.684,258.665,12,12,0,12,1.0000,1.0000,0,946.1,0.9953
955,225.728,445.395,259.194,12,12,0,12,1.0000,1.0000,0,959.5,1.0094
956,225.698,524.105,259.722,12,12,0,12,1.0000,1.0000,0,979.8,1.0307
957,225.850,563.201,298.984,12,12,0,12,1.0000,1.0000,0,967.9,1.0182
958,225.669,602.815,260.250,12,12,0,12,1.0000,1.0000,0,963.3,1.0134
959,225.821,641.911,299.512,12,12,0,12,1.0000,1.0000,0,973.4,1.0240
960,225.639,681.525,260.778,12,12,0,12,1.0000,1.0000,0,930.2,0.9785
961,225.791,720.621,300.041,12,12,0,12,1.0000,1.0000,0,933.7,0.9822
962,225.877,51.844,256.552,8,8,2,6,0.7500,0.8711,0,481.5,0.5066
963,226.029,90.940,295.814,12,12,0,12,1.0000,1.0000,0,892.1,0.9385
964,225.999,169.650,296.342,12,12,0,12,1.0000,1.0000,0,916.8,0.9645
965,225.969,248.360,296.871,12,12,0,12,1.0000,1.0000,0,942.3,0.9913
966,226.121,287.456,336.133,12,12,0,12,1.0000,1.0000,0,885.0,0.9310
967,225.940,327.070,297.399,12,12,0,12,1.0000,1.0000,0,947.0,0.9962
968,226.092,366.166,336.661,12,12,0,12,1.0000,1.0000,0,914.8,0.9624
969,225.910,405.780,297.927,12,12,1,11,0.9167,1.0000,0,952.6,1.0021
970,226.062,444.876,337.190,12,12,1,11,0.9167,1.0000,0,872.2,0.9175
971,225.880,484.491,298.456,12,12,0,12,1.0000,1.0000,0,966.5,1.0168
972,226.032,523.587,337.718,12,12,0,12,1.0000,1.0000,0,958.5,1.0083
973,226.002,602.297,338.246,12,12,0,12,1.0000,1.0000,0,935.3,0.9839
974,225.973,681.007,338.774,12,12,0,12,1.0000,1.0000,0,936.4,0.9851
975,226.125,720.103,378.037,12,12,0,12,1.0000,1.0000,0,948.4,0.9977
976,225.943,759.717,339.303,8,4,0,4,1.0000,0.0000,0,0.0,0.0000
977,226.211,51.325,334.548,8,8,0,8,1.0000,0.7881,0,390.7,0.4111
978,226.363,90.421,373.810,12,12,0,12,1.0000,1.0000,0,910.1,0.9575
979,226.181,130.036,335.076,12,12,0,12,1.0000,1.0000,0,874.9,0.9204
980,226.333,169.132,374.338,12,12,1,11,0.9167,1.0000,0,917.3,0.9650
981,226.151,208.746,335.605,12,12,0,12,1.0000,1.0000,0,914.4,0.9620
982,226.303,247.842,374.867,12,12,0,12,1.0000,1.0000,0,951.1,1.0006
983,226.273,326.552,375.395,12,12,0,12,1.0000,1.0000,0,922.7,0.9707
984,226.244,405.262,375.923,12,12,0,12,1.0000,1.0000,0,924.6,0.9727
985,226.214,483.972,376.452,12,12,0,12,1.0000,1.0000,0,942.7,0.9918
986,226.366,523.069,415.714,12,12,0,12,1.0000,1.0000,0,956.1,1.0058
987,226.184,562.683,376.980,12,12,0,12,1.0000,1.0000,0,949.3,0.9987
988,226.336,601.779,416.242,12,12,0,12,1.0000,1.0000,0,925.4,0.9736
989,226.154,641.393,377.508,12,12,0,12,1.0000,1.0000,0,959.1,1.0090
990,226.306,680.489,416.770,12,12,0,12,1.0000,1.0000,0,922.7,0.9707
991,226.277,759.199,417.299,8,4,0,4,1.0000,0.0000,0,0.0,0.0000
992,226.544,50.807,412.544,8,8,0,8,1.0000,0.8820,0,484.6,0.5098
993,226.515,129.517,413.072,12,12,0,12,1.0000,1.0000,0,901.1,0.9480
994,226.485,208.228,413.601,12,12,0,12,1.0000,1.0000,0,882.8,0.9287
995,226.455,286.938,414.129,12,12,0,12,1.0000,1.0000,0,903.1,0.9501
996,226.607,326.034,453.391,12,12,0,12,1.0000,1.0000,0,938.0,0.9869
997,226.425,365.648,414.657,12,12,0,12,1.0000,1.0000,0,914.8,0.9624
998,226.577,404.744,453.919,12,12,0,12,1.0000,1.0000,0,942.3,0.9914
999,226.396,444.358,415.186,12,12,0,12,1.0000,1.0000,0,935.5,0.9842
1000,226.548,483.454,454.448,12,12,0,12,1.0000,1.0000,0,971.2,1.0217
1001,226.518,562.165,454.976,12,12,0,12,1.0000,1.0000,0,959.9,1.0099
1002,226.488,640.875,455.504,12,12,0,12,1.0000,1.0000,0,958.6,1.0085
1003,226.458,719.585,456.033,12,12,0,12,1.0000,1.0000,0,934.0,0.9827
1004,226.611,758.681,495.295,8,4,0,4,1.0000,0.0000,0,0.0,0.0000
1005,226.696,89.903,451.806,12,12,0,12,1.0000,1.0000,0,926.7,0.9749
1006,226.848,128.999,491.068,12,12,0,12,1.0000,1.0000,0,885.9,0.9320
1007,226.667,168.613,452.334,12,12,0,12,1.0000,1.0000,0,941.8,0.9908
1008,226.819,207.709,491.597,12,12,0,12,1.0000,1.0000,0,929.2,0.9776
1009,226.637,247.324,452.863,12,12,0,12,1.0000,1.0000,0,949.1,0.9986
1010,226.789,286.420,492.125,12,12,0,12,1.0000,1.0000,0,935.4,0.9841
1011,226.759,365.130,492.653,12,12,0,12,1.0000,1.0000,0,962.9,1.0130
1012,226.729,443.840,493.181,12,12,0,12,1.0000,1.0000,0,950.6,1.0001
1013,226.700,522.550,493.710,12,12,0,12,1.0000,1.0000,0,967.6,1.0180
1014,226.852,561.646,532.972,12,12,0,12,1.0000,1.0000,0,971.3,1.0219
1015,226.670,601.261,494.238,12,12,0,12,1.0000,1.0000,0,950.6,1.0001
1016,226.822,640.357,533.500,12,12,0,12,1.0000,1.0000,0,979.5,1.0305
1017,226.640,679.971,494.766,12,12,0,12,1.0000,1.0000,0,928.2,0.9766
1018,226.792,719.067,534.029,12,12,0,12,1.0000,1.0000,0,946.5,0.9958
1019,226.878,50.289,490.540,8,8,0,8,1.0000,0.8806,0,501.1,0.5272
1020,227.030,89.385,529.802,12,12,0,12,1.0000,1.0000,0,938.8,0.9877
1021,227.000,168.095,530.330,12,12,0,12,1.0000,1.0000,0,939.5,0.9885
1022,226.971,246.805,530.859,12,12,0,12,1.0000,1.0000,0,963.3,1.0135
1023,227.123,285.902,570.121,12,12,0,12,1.0000,1.0000,0,957.4,1.0073
1024,226.941,325.516,531.387,12,12,0,12,1.0000,1.0000,0,959.8,1.0098
1025,227.093,364.612,570.649,12,12,1,11,0.9167,0.9944,0,831.4,0.8747
1026,226.911,404.226,531.915,12,12,0,12,1.0000,1.0000,0,962.2,1.0123
1027,227.063,443.322,571.177,12,12,0,12,1.0000,1.0000,0,964.3,1.0146
1028,226.881,482.936,532.444,12,12,0,12,1.0000,1.0000,0,978.7,1.0297
1029,227.033,522.032,571.706,12,12,0,12,1.0000,1.0000,0,997.3,1.0493
1030,227.004,600.742,572.234,12,12,0,12,1.0000,1.0000,0,971.3,1.0219
1031,226.974,679.453,572.762,12,12,0,12,1.0000,1.0000,0,943.0,0.9922
1032,226.944,758.163,573.291,8,4,0,4,1.0000,0.0000,0,0.0,0.0000
1033,227.212,49.771,568.536,8,8,0,8,1.0000,0.9375,0,562.4,0.5917
1034,227.364,88.867,607.798,12,12,1,11,0.9167,1.0000,0,925.4,0.9737
1035,227.182,128.481,569.064,12,12,0,12,1.0000,1.0000,0,919.9,0.9679
1036,227.334,167.577,608.326,12,12,1,11,0.9167,1.0000,0,948.2,0.9977
1037,227.152,207.191,569.593,12,12,0,12,1.0000,1.0000,0,958.6,1.0086
1038,227.304,246.287,608.855,12,12,1,11,0.9167,1.0000,0,904.8,0.9520
1039,227.275,324.998,609.383,12,12,0,12,1.0000,1.0000,0,956.0,1.0059
1040,227.245,403.708,609.911,12,12,0,12,1.0000,1.0000,0,961.7,1.0118
1041,227.215,482.418,610.440,12,12,0,12,1.0000,1.0000,0,973.9,1.0246
1042,227.367,521.514,649.702,12,12,0,12,1.0000,1.0000,0,992.8,1.0446
1043,227.186,561.128,610.968,12,12,0,12,1.0000,1.0000,0,969.0,1.0196
1044,227.338,600.224,650.230,12,12,0,12,1.0000,1.0000,0,986.7,1.0381
1045,227.156,639.838,611.496,12,12,0,12,1.0000,1.0000,0,974.8,1.0256
1046,227.308,678.934,650.758,12,12,0,12,1.0000,1.0000,0,963.1,1.0134
1047,227.126,718.549,612.025,12,12,0,12,1.0000,1.0000,0,941.6,0.9907
1048,227.278,757.645,651.287,8,4,0,4,1.0000,0.0000,0,0.0,0.0000
1049,227.546,49.253,646.532,8,8,2,6,0.7500,0.9292,0,556.2,0.5852
1050,227.516,127.963,647.060,12,12,1,11,0.9167,1.0000,0,933.3,0.9821
1051,227.486,206.673,647.588,12,12,2,10,0.8333,1.0000,0,888.5,0.9349
1052,227.456,285.383,648.117,12,12,0,12,1.0000,1.0000,0,979.3,1.0304
1053,227.608,324.479,687.379,12,12,0,12,1.0000,1.0000,0,961.9,1.0122
1054,227.427,364.094,648.645,12,12,0,12,1.0000,1.0000,0,979.8,1.0309
1055,227.579,403.190,687.907,12,12,0,12,1.0000,1.0000,0,960.0,1.0101
1056,227.397,442.804,649.173,12,12,0,12,1.0000,1.0000,0,978.5,1.0295
1057,227.549,481.900,688.436,12,12,0,12,1.0000,1.0000,0,952.2,1.0019
1058,227.519,560.610,688.964,12,12,0,12,1.0000,1.0000,0,984.4,1.0358
1059,227.490,639.320,689.492,12,12,0,12,1.0000,1.0000,0,989.4,1.0410
1060,227.460,718.030,690.021,12,12,0,12,1.0000,1.0000,0,914.1,0.9618
1061,227.612,757.126,729.283,8,4,0,4,1.0000,0.0000,0,0.0,0.0000
1062,227.698,88.349,685.794,12,12,0,12,1.0000,1.0000,0,928.4,0.9769
1063,227.850,127.445,725.056,12,12,0,12,1.0000,1.0000,0,928.7,0.9773
1064,227.668,167.059,686.322,12,12,0,12,1.0000,1.0000,0,959.4,1.0095
1065,227.820,206.155,725.584,12,12,0,12,1.0000,1.0000,0,940.5,0.9896
1066,227.638,245.769,686.851,12,12,0,12,1.0000,1.0000,0,954.6,1.0045
1067,227.790,284.865,726.113,12,12,0,12,1.0000,1.0000,0,950.9,1.0006
1068,227.761,363.575,726.641,12,12,1,11,0.9167,1.0000,0,980.3,1.0315
1069,227.731,442.286,727.169,12,12,0,12,1.0000,1.0000,0,957.5,1.0075
1070,227.701,520.996,727.698,12,12,0,12,1.0000,1.0000,0,964.0,1.0144
1071,227.853,560.092,766.960,8,4,1,3,0.7500,0.8407,0,426.5,0.4488
1072,227.671,599.706,728.226,12,12,0,12,1.0000,1.0000,0,963.5,1.0138
1073,227.823,638.802,767.488,8,4,1,3,0.7500,0.8174,0,396.1,0.4168
1074,227.642,678.416,728.754,12,12,0,12,1.0000,1.0000,0,978.0,1.0291
1075,227.794,717.512,768.017,8,4,0,4,1.0000,0.8528,0,470.5,0.4950
1076,227.879,48.735,724.528,8,8,0,8,1.0000,0.8375,0,456.6,0.4804
1077,228.031,87.831,763.790,8,4,0,4,1.0000,0.8740,0,493.4,0.5192
1078,228.002,166.541,764.318,8,4,0,4,1.0000,0.8134,0,382.9,0.4029
1079,227.972,245.251,764.847,8,4,0,4,1.0000,0.7418,0,314.4,0.3308
1080,227.942,323.961,765.375,8,4,0,4,1.0000,0.7818,0,334.2,0.3517
1081,227.913,402.671,765.903,8,4,0,4,1.0000,0.8066,0,372.1,0.3915
1082,227.883,481.382,766.432,8,4,0,4,1.0000,0.7989,0,368.4,0.3876
1083,264.117,368.027,63.602,8,8,0,8,1.0000,0.8066,0,391.7,0.4140
1084,264.088,446.738,64.130,8,8,0,8,1.0000,0.7726,0,303.8,0.3211
1085,264.058,525.448,64.658,8,8,0,8,1.0000,0.8083,0,369.9,0.3909
1086,264.028,604.158,65.186,8,8,0,8,1.0000,0.8224,0,393.1,0.4155
1087,263.998,682.868,65.715,8,8,0,8,1.0000,0.8352,0,436.5,0.4613
1088,263.969,761.579,66.243,5,3,0,3,1.0000,0.0000,0,0.0,0.0000
1089,264.236,53.187,61.488,5,5,0,5,1.0000,0.5408,0,0.0,0.0000
1090,264.207,131.897,62.017,8,8,0,8,1.0000,0.8521,0,451.7,0.4774
1091,264.359,170.993,101.279,12,12,0,12,1.0000,1.0000,0,992.6,1.0491
1092,264.177,210.607,62.545,8,8,0,8,1.0000,0.8169,0,392.9,0.4153
1093,264.329,249.703,101.807,12,12,0,12,1.0000,1.0000,0,981.6,1.0375
1094,264.147,289.317,63.073,8,8,0,8,1.0000,0.8187,0,398.9,0.4216
1095,264.299,328.413,102.335,12,12,0,12,1.0000,1.0000,0,960.5,1.0152
1096,264.269,407.124,102.864,12,12,0,12,1.0000,1.0000,0,968.1,1.0233
1097,264.240,485.834,103.392,12,12,0,12,1.0000,1.0000,0,983.6,1.0395
1098,264.210,564.544,103.920,12,12,0,12,1.0000,1.0000,0,997.3,1.0541
1099,264.362,603.640,143.182,12,12,0,12,1.0000,1.0000,0,954.7,1.0091
1100,264.180,643.254,104.449,12,12,0,12,1.0000,1.0000,0,1013.7,1.0715
1101,264.332,682.350,143.711,12,12,0,12,1.0000,1.0000,0,946.6,1.0005
1102,264.150,721.964,104.977,12,12,0,12,1.0000,1.0000,0,957.8,1.0123
1103,264.302,761.060,144.239,8,4,0,4,1.0000,0.0000,0,0.0,0.0000
1104,264.570,52.668,139.484,8,8,0,8,1.0000,0.9489,0,562.5,0.5945
1105,264.388,92.283,100.750,12,12,1,11,0.9167,1.0000,0,969.9,1.0252
1106,264.540,131.379,140.013,12,12,0,12,1.0000,1.0000,0,942.7,0.9964
1107,264.511,210.089,140.541,12,12,0,12,1.0000,1.0000,0,954.2,1.0086
1108,264.481,288.799,141.069,12,12,0,12,1.0000,1.0000,0,958.3,1.0129
1109,264.451,367.509,141.598,12,12,1,11,0.9167,1.0000,0,950.5,1.0047
1110,264.603,406.605,180.860,12,12,0,12,1.0000,1.0000,0,983.9,1.0400
1111,264.421,446.220,142.126,12,12,0,12,1.0000,1.0000,0,990.8,1.0473
1112,264.573,485.316,181.388,12,12,0,12,1.0000,1.0000,0,971.9,1.0273
1113,264.392,524.930,142.654,12,12,1,11,0.9167,1.0000,0,967.5,1.0226
1114,264.544,564.026,181.916,12,12,0,12,1.0000,1.0000,0,981.9,1.0378
1115,264.514,642.736,182.445,12,12,0,12,1.0000,1.0000,0,979.3,1.0350
1116,264.484,721.446,182.973,12,12,0,12,1.0000,1.0000,0,944.5,0.9983
1117,264.722,91.764,178.746,12,12,0,12,1.0000,1.0000,0,931.4,0.9845
1118,264.874,130.860,218.009,12,12,0,12,1.0000,1.0000,0,914.1,0.9662
1119,264.692,170.475,179.275,12,12,0,12,1.0000,1.0000,0,946.7,1.0006
1120,264.844,209.571,218.537,12,12,0,12,1.0000,1.0000,0,956.3,1.0108
1121,264.663,249.185,179.803,12,12,0,12,1.0000,1.0000,0,945.0,0.9988
1122,264.815,288.281,219.065,12,12,1,11,0.9167,1.0000,0,887.6,0.9382
1123,264.633,327.895,180.331,12,12,0,12,1.0000,1.0000,0,955.6,1.0101
1124,264.785,366.991,219.593,12,12,0,12,1.0000,1.0000,0,945.1,0.9990
1125,264.755,445.701,220.122,12,12,0,12,1.0000,1.0000,0,966.4,1.0215
1126,264.725,524.412,220.650,12,12,1,11,0.9167,1.0000,0,898.2,0.9494
1127,264.696,603.122,221.178,12,12,0,12,1.0000,1.0000,0,974.6,1.0302
1128,264.848,642.218,260.441,12,12,0,12,1.0000,1.0000,0,968.7,1.0240
1129,264.666,681.832,221.707,12,12,0,12,1.0000,1.0000,0,929.5,0.9825
1130,264.818,720.928,260.969,12,12,0,12,1.0000,1.0000,0,935.3,0.9886
1131,264.636,760.542,222.235,8,4,0,4,1.0000,0.0000,0,0.0,0.0000
1132,264.904,52.150,217.480,8,8,1,7,0.8750,0.8889,0,496.1,0.5243
1133,265.056,91.246,256.742,12,12,1,11,0.9167,0.9368,0,601.0,0.6353
1134,265.026,169.957,257.271,12,12,0,12,1.0000,1.0000,0,942.0,0.9957
1135,264.996,248.667,257.799,12,12,0,12,1.0000,1.0000,0,955.9,1.0104
1136,264.967,327.377,258.327,12,12,1,11,0.9167,1.0000,0,857.4,0.9063
1137,265.119,366.473,297.589,12,12,0,12,1.0000,1.0000,0,960.0,1.0147
1138,264.937,406.087,258.856,12,12,0,12,1.0000,1.0000,0,952.6,1.0069
1139,265.089,445.183,298.118,12,12,0,12,1.0000,1.0000,0,981.3,1.0373
1140,264.907,484.797,259.384,12,12,0,12,1.0000,1.0000,0,963.6,1.0185
1141,265.059,523.893,298.646,12,12,1,11,0.9167,1.0000,0,878.3,0.9284
1142,264.877,563.508,259.912,12,12,0,12,1.0000,1.0000,0,977.5,1.0332
1143,265.029,602.604,299.174,12,12,0,12,1.0000,1.0000,0,954.7,1.0092
1144,265.000,681.314,299.703,12,12,0,12,1.0000,1.0000,0,936.9,0.9903
1145,264.970,760.024,300.231,8,4,0,4,1.0000,0.0000,0,0.0,0.0000
1146,265.238,51.632,295.476,8,8,0,8,1.0000,0.8764,0,486.6,0.5143
1147,265.208,130.342,296.005,12,12,0,12,1.0000,1.0000,0,932.8,0.9860
1148,265.360,169.438,335.267,12,12,1,11,0.9167,1.0000,0,915.5,0.9678
1149,265.178,209.053,296.533,12,12,0,12,1.0000,1.0000,0,942.7,0.9964
1150,265.330,248.149,335.795,12,12,0,12,1.0000,1.0000,0,925.2,0.9780
1151,265.148,287.763,297.061,12,12,0,12,1.0000,1.0000,0,948.9,1.0030
1152,265.300,326.859,336.323,12,12,0,12,1.0000,1.0000,0,939.0,0.9926
1153,265.271,405.569,336.852,12,12,0,12,1.0000,1.0000,0,941.6,0.9953
1154,265.241,484.279,337.380,12,12,0,12,1.0000,1.0000,0,953.2,1.0076
1155,265.211,562.989,337.908,12,12,0,12,1.0000,1.0000,0,943.0,0.9968
1156,265.363,602.085,377.170,12,12,0,12,1.0000,1.0000,0,947.6,1.0017
1157,265.182,641.700,338.437,12,12,0,12,1.0000,1.0000,0,967.5,1.0227
1158,265.334,680.796,377.699,12,12,0,12,1.0000,1.0000,0,957.4,1.0121
1159,265.152,720.410,338.965,12,12,0,12,1.0000,1.0000,0,935.5,0.9889
1160,265.304,759.506,378.227,8,4,0,4,1.0000,0.0000,0,0.0,0.0000
1161,265.571,51.114,373.472,8,8,0,8,1.0000,0.8227,0,421.8,0.4459
1162,265.390,90.728,334.738,12,12,0,12,1.0000,1.0000,0,916.9,0.9692
1163,265.542,129.824,374.000,12,12,0,12,1.0000,1.0000,0,923.6,0.9764
1164,265.512,208.534,374.529,12,12,0,12,1.0000,1.0000,0,916.7,0.9691
1165,265.482,287.245,375.057,12,12,0,12,1.0000,1.0000,0,941.8,0.9956
1166,265.452,365.955,375.585,12,12,0,12,1.0000,1.0000,0,930.2,0.9833
1167,265.604,405.051,414.848,12,12,0,12,1.0000,1.0000,0,937.1,0.9906
1168,265.423,444.665,376.114,12,12,0,12,1.0000,1.0000,0,949.1,1.0033
1169,265.575,483.761,415.376,12,12,0,12,1.0000,1.0000,0,935.4,0.9888
1170,265.393,523.375,376.642,12,12,0,12,1.0000,1.0000,0,959.1,1.0139
1171,265.545,562.471,415.904,12,12,0,12,1.0000,1.0000,0,959.4,1.0142
1172,265.515,641.181,416.433,12,12,0,12,1.0000,1.0000,0,949.7,1.0040
1173,265.486,719.892,416.961,12,12,0,12,1.0000,1.0000,0,937.1,0.9906
1174,265.723,90.210,412.734,12,12,0,12,1.0000,1.0000,0,905.1,0.9568
1175,265.694,168.920,413.263,12,12,0,12,1.0000,1.0000,0,908.7,0.9606
1176,265.846,208.016,452.525,12,12,0,12,1.0000,1.0000,0,946.8,1.0009
1177,265.664,247.630,413.791,12,12,0,12,1.0000,1.0000,0,931.1,0.9843
1178,265.816,286.726,453.053,12,12,0,12,1.0000,1.0000,0,950.6,1.0049
1179,265.634,326.341,414.319,12,12,0,12,1.0000,1.0000,0,944.1,0.9980
1180,265.786,365.437,453.581,12,12,0,12,1.0000,1.0000,0,952.0,1.0063
1181,265.757,444.147,454.110,12,12,0,12,1.0000,1.0000,0,987.3,1.0437
1182,265.727,522.857,454.638,12,12,0,12,1.0000,1.0000,0,985.5,1.0418
1183,265.697,601.567,455.166,12,12,0,12,1.0000,1.0000,0,980.5,1.0365
1184,265.849,640.663,494.429,12,12,0,12,1.0000,1.0000,0,954.1,1.0086
1185,265.667,680.278,455.695,12,12,0,12,1.0000,1.0000,0,956.3,1.0109
1186,265.819,719.374,494.957,12,12,0,12,1.0000,1.0000,0,928.7,0.9818
1187,265.638,758.988,456.223,8,4,0,4,1.0000,0.0000,0,0.0,0.0000
1188,265.905,50.596,451.468,8,8,1,7,0.8750,0.9528,0,578.7,0.6117
1189,266.057,89.692,490.730,12,12,0,12,1.0000,1.0000,0,910.2,0.9622
1190,265.875,129.306,451.996,12,12,0,12,1.0000,1.0000,0,922.7,0.9754
1191,266.027,168.402,491.259,12,12,0,12,1.0000,1.0000,0,927.0,0.9800
1192,265.998,247.112,491.787,12,12,0,12,1.0000,1.0000,0,942.3,0.9961
1193,265.968,325.822,492.315,12,12,0,12,1.0000,1.0000,0,940.7,0.9945
1194,266.120,364.918,531.577,12,12,1,11,0.9167,1.0000,0,832.2,0.8798
1195,265.938,404.533,492.844,12,12,0,12,1.0000,1.0000,0,924.2,0.9770
1196,266.090,443.629,532.106,12,12,0,12,1.0000,1.0000,0,977.3,1.0332
1197,265.909,483.243,493.372,12,12,0,12,1.0000,1.0000,0,957.8,1.0126
1198,266.061,522.339,532.634,12,12,0,12,1.0000,1.0000,0,990.9,1.0476
1199,265.879,561.953,493.900,12,12,0,12,1.0000,1.0000,0,957.4,1.0121
1200,266.031,601.049,533.162,12,12,0,12,1.0000,1.0000,0,971.1,1.0266
1201,266.001,679.759,533.691,12,12,0,12,1.0000,1.0000,0,948.6,1.0028
1202,265.971,758.470,534.219,8,4,0,4,1.0000,0.0000,0,0.0,0.0000
1203,266.239,50.078,529.464,8,8,0,8,1.0000,0.8674,0,481.5,0.5091
1204,266.209,128.788,529.992,12,12,0,12,1.0000,1.0000,0,917.5,0.9699
1205,266.361,167.884,569.255,12,12,0,12,1.0000,1.0000,0,940.8,0.9946
1206,266.179,207.498,530.521,12,12,0,12,1.0000,1.0000,0,933.5,0.9869
1207,266.332,246.594,569.783,12,12,0,12,1.0000,1.0000,0,964.0,1.0192
1208,266.150,286.208,531.049,12,12,0,12,1.0000,1.0000,0,970.9,1.0264
1209,266.302,325.304,570.311,12,12,0,12,1.0000,1.0000,0,962.9,1.0180
1210,266.272,404.014,570.840,12,12,0,12,1.0000,1.0000,0,956.1,1.0108
1211,266.242,482.725,571.368,12,12,0,12,1.0000,1.0000,0,964.5,1.0196
1212,266.213,561.435,571.896,12,12,0,12,1.0000,1.0000,0,975.7,1.0315
1213,266.365,600.531,611.158,12,12,0,12,1.0000,1.0000,0,980.6,1.0367
1214,266.183,640.145,572.425,12,12,0,12,1.0000,1.0000,0,972.0,1.0276
1215,266.335,679.241,611.687,12,12,0,12,1.0000,1.0000,0,943.5,0.9974
1216,266.153,718.855,572.953,12,12,0,12,1.0000,1.0000,0,926.7,0.9797
1217,266.305,757.951,612.215,8,4,0,4,1.0000,0.0000,0,0.0,0.0000
1218,266.573,49.559,607.460,8,8,0,8,1.0000,0.9207,0,554.2,0.5859
1219,266.391,89.174,568.726,12,12,0,12,1.0000,1.0000,0,926.6,0.9796
1220,266.543,128.270,607.988,12,12,0,12,1.0000,1.0000,0,927.6,0.9807
1221,266.513,206.980,608.517,12,12,1,11,0.9167,1.0000,0,947.4,1.0016
1222,266.484,285.690,609.045,12,12,0,12,1.0000,1.0000,0,973.5,1.0292
1223,266.454,364.400,609.573,12,12,0,12,1.0000,1.0000,0,950.5,1.0049
1224,266.606,403.496,648.836,12,12,0,12,1.0000,1.0000,0,962.4,1.0175
1225,266.424,443.111,610.102,12,12,0,12,1.0000,1.0000,0,959.3,1.0142
1226,266.576,482.207,649.364,12,12,0,12,1.0000,1.0000,0,965.1,1.0204
1227,266.394,521.821,610.630,12,12,0,12,1.0000,1.0000,0,975.4,1.0312
1228,266.546,560.917,649.892,12,12,0,12,1.0000,1.0000,0,982.3,1.0386
1229,266.517,639.627,650.421,12,12,0,12,1.0000,1.0000,0,986.3,1.0427
1230,266.487,718.337,650.949,12,12,0,12,1.0000,1.0000,0,948.6,1.0029
1231,266.725,88.655,646.722,12,12,1,11,0.9167,1.0000,0,988.1,1.0447
1232,266.695,167.366,647.251,12,12,0,12,1.0000,1.0000,0,962.0,1.0171
1233,266.847,206.462,686.513,12,12,1,11,0.9167,1.0000,0,921.8,0.9746
1234,266.665,246.076,647.779,12,12,1,11,0.9167,1.0000,0,873.4,0.9234
1235,266.817,285.172,687.041,12,12,0,12,1.0000,1.0000,0,939.3,0.9931
1236,266.636,324.786,648.307,12,12,0,12,1.0000,1.0000,0,963.2,1.0184
1237,266.788,363.882,687.569,12,12,0,12,1.0000,1.0000,0,970.1,1.0256
1238,266.758,442.592,688.098,12,12,0,12,1.0000,1.0000,0,979.9,1.0360
1239,266.728,521.303,688.626,12,12,0,12,1.0000,1.0000,0,952.7,1.0073
1240,266.698,600.013,689.154,12,12,0,12,1.0000,1.0000,0,962.5,1.0176
1241,266.850,639.109,728.417,12,12,0,12,1.0000,1.0000,0,984.5,1.0409
1242,266.669,678.723,689.683,12,12,0,12,1.0000,1.0000,0,944.7,0.9988
1243,266.821,717.819,728.945,12,12,0,12,1.0000,1.0000,0,962.8,1.0180
1244,266.639,757.433,690.211,8,4,0,4,1.0000,0.0000,0,0.0,0.0000
1245,266.907,49.041,685.456,8,8,1,7,0.8750,0.9499,0,593.7,0.6277
1246,267.059,88.137,724.718,12,12,0,12,1.0000,1.0000,0,950.3,1.0047
1247,266.877,127.751,685.984,12,12,1,11,0.9167,1.0000,0,955.5,1.0103
1248,267.029,166.847,725.247,12,12,0,12,1.0000,1.0000,0,979.1,1.0352
1249,266.999,245.558,725.775,12,12,0,12,1.0000,1.0000,0,972.9,1.0286
1250,266.969,324.268,726.303,12,12,0,12,1.0000,1.0000,0,958.5,1.0134
1251,267.121,363.364,765.565,8,4,0,4,1.0000,0.8045,0,375.7,0.3972
1252,266.940,402.978,726.832,12,12,0,12,1.0000,1.0000,0,967.7,1.0231
1253,267.092,442.074,766.094,8,4,0,4,1.0000,0.8137,0,407.7,0.4310
1254,266.910,481.688,727.360,12,12,0,12,1.0000,1.0000,0,953.1,1.0076
1255,267.062,520.784,766.622,8,4,0,4,1.0000,0.7762,0,308.8,0.3265
1256,266.880,560.399,727.888,12,12,1,11,0.9167,1.0000,0,953.6,1.0082
1257,267.032,599.495,767.150,8,4,0,4,1.0000,0.8194,0,404.1,0.4273
1258,267.002,678.205,767.679,8,4,0,4,1.0000,0.8658,0,450.1,0.4759
1259,266.973,756.915,768.207,5,1,0,1,1.0000,0.0000,0,0.0,0.0000
1260,267.240,48.523,763.452,5,3,0,3,1.0000,0.6062,0,0.0,0.0000
1261,267.211,127.233,763.980,8,4,0,4,1.0000,0.8610,0,460.2,0.4866
1262,267.181,205.944,764.509,8,4,0,4,1.0000,0.8194,0,389.2,0.4115
1263,267.151,284.654,765.037,8,4,0,4,1.0000,0.7445,0,285.7,0.3020
1264,303.356,250.010,62.735,8,8,0,8,1.0000,0.8361,0,423.8,0.4483
1265,303.326,328.720,63.264,8,8,0,8,1.0000,0.7569,0,311.6,0.3296
1266,303.296,407.430,63.792,8,8,0,8,1.0000,0.8000,0,370.2,0.3916
1267,303.267,486.140,64.320,8,8,0,8,1.0000,0.8260,0,386.5,0.4088
1268,303.237,564.851,64.849,8,8,0,8,1.0000,0.8320,0,430.5,0.4554
1269,303.207,643.561,65.377,8,8,0,8,1.0000,0.8483,0,427.2,0.4519
1270,303.359,682.657,104.639,12,12,0,12,1.0000,1.0000,0,955.5,1.0107
1271,303.177,722.271,65.905,8,8,0,8,1.0000,0.9169,0,538.1,0.5692
1272,303.330,761.367,105.167,8,4,0,4,1.0000,0.0000,0,0.0,0.0000
1273,303.597,52.975,100.412,8,8,0,8,1.0000,0.8167,0,417.4,0.4415
1274,303.415,92.589,61.679,8,8,0,8,1.0000,0.8697,0,439.6,0.4650
1275,303.567,131.685,100.941,12,12,0,12,1.0000,1.0000,0,915.6,0.9685
1276,303.386,171.300,62.207,8,8,0,8,1.0000,0.8459,0,436.1,0.4613
1277,303.538,210.396,101.469,12,12,0,12,1.0000,1.0000,0,942.4,0.9968
1278,303.508,289.106,101.997,12,12,0,12,1.0000,1.0000,0,954.1,1.0092
1279,303.478,367.816,102.526,12,12,0,12,1.0000,1.0000,0,936.1,0.9902
1280,303.448,446.526,103.054,12,12,0,12,1.0000,1.0000,0,972.5,1.0287
1281,303.600,485.622,142.316,12,12,0,12,1.0000,1.0000,0,962.3,1.0179
1282,303.419,525.237,103.582,12,12,0,12,1.0000,1.0000,0,933.1,0.9870
1283,303.571,564.333,142.845,12,12,1,11,0.9167,1.0000,0,960.7,1.0162
1284,303.389,603.947,104.111,12,12,0,12,1.0000,1.0000,0,973.0,1.0292
1285,303.541,643.043,143.373,12,12,0,12,1.0000,1.0000,0,970.5,1.0265
1286,303.511,721.753,143.901,12,12,0,12,1.0000,1.0000,0,902.6,0.9548
1287,303.749,92.071,139.675,12,12,0,12,1.0000,1.0000,0,918.9,0.9720
1288,303.719,170.781,140.203,12,12,0,12,1.0000,1.0000,0,939.3,0.9936
1289,303.871,209.877,179.465,12,12,0,12,1.0000,1.0000,0,960.0,1.0155
1290,303.690,249.492,140.731,12,12,0,12,1.0000,1.0000,0,969.8,1.0258
1291,303.842,288.588,179.993,12,12,0,12,1.0000,1.0000,0,972.6,1.0288
1292,303.660,328.202,141.260,12,12,0,12,1.0000,1.0000,0,948.6,1.0034
1293,303.812,367.298,180.522,12,12,0,12,1.0000,1.0000,0,948.0,1.0028
1294,303.630,406.912,141.788,12,12,0,12,1.0000,1.0000,0,966.8,1.0227
1295,303.782,446.008,181.050,12,12,0,12,1.0000,1.0000,0,963.5,1.0191
1296,303.752,524.718,181.578,12,12,0,12,1.0000,1.0000,0,983.1,1.0399
1297,303.723,603.429,182.107,12,12,0,12,1.0000,1.0000,0,954.5,1.0097
1298,303.875,642.525,221.369,12,12,0,12,1.0000,1.0000,0,938.4,0.9926
1299,303.693,682.139,182.635,12,12,0,12,1.0000,1.0000,0,931.0,0.9848
1300,303.845,721.235,221.897,12,12,0,12,1.0000,1.0000,0,909.5,0.9621
1301,303.663,760.849,183.163,8,4,0,4,1.0000,0.0000,0,0.0,0.0000
1302,303.931,52.457,178.408,8,8,0,8,1.0000,0.9199,0,536.0,0.5669
1303,304.083,91.553,217.671,12,12,0,12,1.0000,1.0000,0,909.5,0.9621
1304,303.901,131.167,178.937,12,12,0,12,1.0000,1.0000,0,942.0,0.9965
1305,304.053,170.263,218.199,12,12,0,12,1.0000,1.0000,0,935.5,0.9896
1306,304.023,248.973,218.727,12,12,0,12,1.0000,1.0000,0,938.6,0.9928
1307,303.994,327.684,219.256,12,12,0,12,1.0000,1.0000,0,933.7,0.9876
1308,303.964,406.394,219.784,12,12,0,12,1.0000,1.0000,0,951.4,1.0064
1309,304.116,445.490,259.046,12,12,0,12,1.0000,1.0000,0,960.9,1.0164
1310,303.934,485.104,220.312,12,12,0,12,1.0000,1.0000,0,958.5,1.0139
1311,304.086,524.200,259.574,12,12,0,12,1.0000,1.0000,0,969.0,1.0250
1312,303.905,563.814,220.841,12,12,1,11,0.9167,1.0000,0,857.6,0.9072
1313,304.057,602.910,260.103,12,12,0,12,1.0000,1.0000,0,951.8,1.0068
1314,304.027,681.621,260.631,12,12,0,12,1.0000,1.0000,0,922.4,0.9757
1315,303.997,760.331,261.159,8,4,0,4,1.0000,0.0000,0,0.0,0.0000
1316,304.265,51.939,256.404,8,8,0,8,1.0000,0.8240,0,406.1,0.4295
1317,304.235,130.649,256.933,12,12,0,12,1.0000,1.0000,0,918.2,0.9713
1318,304.205,209.359,257.461,12,12,0,12,1.0000,1.0000,0,921.6,0.9749
1319,304.357,248.455,296.723,12,12,0,12,1.0000,1.0000,0,926.9,0.9805
1320,304.175,288.070,257.989,12,12,0,12,1.0000,1.0000,0,918.3,0.9714
1321,304.327,327.166,297.252,12,12,0,12,1.0000,1.0000,0,945.8,1.0005
1322,304.146,366.780,258.518,12,12,0,12,1.0000,1.0000,0,945.0,0.9996
1323,304.298,405.876,297.780,12,12,0,12,1.0000,1.0000,0,943.2,0.9977
1324,304.268,484.586,298.308,12,12,1,11,0.9167,1.0000,0,889.3,0.9407
1325,304.238,563.296,298.837,12,12,0,12,1.0000,1.0000,0,974.8,1.0311
1326,304.209,642.006,299.365,12,12,0,12,1.0000,1.0000,0,959.3,1.0147
1327,304.361,681.102,338.627,12,12,0,12,1.0000,1.0000,0,949.0,1.0038
1328,304.179,720.717,299.893,12,12,0,12,1.0000,1.0000,0,927.4,0.9810
1329,304.331,759.813,339.155,8,4,0,4,1.0000,0.0000,0,0.0,0.0000
1330,304.598,51.421,334.400,8,8,1,7,0.8750,0.8924,0,504.4,0.5336
1331,304.417,91.035,295.667,12,12,1,11,0.9167,0.9666,0,669.3,0.7079
1332,304.569,130.131,334.929,12,12,0,12,1.0000,1.0000,0,894.9,0.9466
1333,304.387,169.745,296.195,12,12,0,12,1.0000,1.0000,0,939.2,0.9935
1334,304.539,208.841,335.457,12,12,0,12,1.0000,1.0000,0,909.4,0.9620
1335,304.509,287.551,335.985,12,12,0,12,1.0000,1.0000,0,899.4,0.9513
1336,304.480,366.262,336.514,12,12,0,12,1.0000,1.0000,0,910.7,0.9633
1337,304.450,444.972,337.042,12,12,0,12,1.0000,1.0000,0,951.7,1.0067
1338,304.602,484.068,376.304,12,12,0,12,1.0000,1.0000,0,951.4,1.0064
1339,304.420,523.682,337.570,12,12,0,12,1.0000,1.0000,0,955.8,1.0110
1340,304.572,562.778,376.833,12,12,0,12,1.0000,1.0000,0,962.6,1.0182
1341,304.390,602.392,338.099,12,12,0,12,1.0000,1.0000,0,960.2,1.0157
1342,304.542,641.488,377.361,12,12,0,12,1.0000,1.0000,0,934.7,0.9887
1343,304.513,720.198,377.889,12,12,0,12,1.0000,1.0000,0,911.2,0.9639
1344,304.750,90.517,373.663,12,12,1,11,0.9167,1.0000,0,920.6,0.9738
1345,304.721,169.227,374.191,12,12,1,11,0.9167,1.0000,0,920.2,0.9734
1346,304.873,208.323,413.453,12,12,0,12,1.0000,1.0000,0,866.1,0.9161
1347,304.691,247.937,374.719,12,12,0,12,1.0000,1.0000,0,936.3,0.9904
1348,304.843,287.033,413.981,12,12,0,12,1.0000,1.0000,0,912.8,0.9656
1349,304.661,326.647,375.248,12,12,0,12,1.0000,1.0000,0,948.8,1.0036
1350,304.813,365.743,414.510,12,12,0,12,1.0000,1.0000,0,923.0,0.9763
1351,304.632,405.358,375.776,12,12,0,12,1.0000,1.0000,0,927.4,0.9810
1352,304.784,444.454,415.038,12,12,0,12,1.0000,1.0000,0,872.7,0.9231
1353,304.754,523.164,415.566,12,12,0,12,1.0000,1.0000,0,925.3,0.9788
1354,304.724,601.874,416.095,12,12,0,12,1.0000,1.0000,0,939.7,0.9940
1355,304.694,680.584,416.623,12,12,1,11,0.9167,0.9972,0,809.9,0.8567
1356,304.846,719.680,455.885,12,12,0,12,1.0000,1.0000,0,898.4,0.9503
1357,304.665,759.294,417.151,8,4,0,4,1.0000,0.0000,0,0.0,0.0000
1358,304.932,50.903,412.396,8,8,0,8,1.0000,0.8449,0,458.5,0.4851
1359,305.084,89.999,451.659,12,12,0,12,1.0000,1.0000,0,908.7,0.9612
1360,304.902,129.613,412.925,12,12,1,11,0.9167,1.0000,0,901.6,0.9537
1361,305.055,168.709,452.187,12,12,0,12,1.0000,1.0000,0,909.8,0.9624
1362,305.025,247.419,452.715,12,12,0,12,1.0000,1.0000,0,932.9,0.9869
1363,304.995,326.129,453.244,12,12,0,12,1.0000,1.0000,0,950.1,1.0050
1364,304.965,404.839,453.772,12,12,0,12,1.0000,1.0000,0,926.2,0.9798
1365,305.117,443.935,493.034,12,12,0,12,1.0000,1.0000,0,947.8,1.0026
1366,304.936,483.550,454.300,12,12,0,12,1.0000,1.0000,0,969.0,1.0250
1367,305.088,522.646,493.562,12,12,0,12,1.0000,1.0000,0,950.1,1.0050
1368,304.906,562.260,454.829,12,12,0,12,1.0000,1.0000,0,956.2,1.0115
1369,305.058,601.356,494.091,12,12,0,12,1.0000,1.0000,0,941.1,0.9955
1370,304.876,640.970,455.357,12,12,0,12,1.0000,1.0000,0,940.9,0.9953
1371,305.028,680.066,494.619,12,12,0,12,1.0000,1.0000,0,936.6,0.9907
1372,304.998,758.776,495.147,8,4,0,4,1.0000,0.0000,0,0.0,0.0000
1373,305.266,50.384,490.392,8,8,1,7,0.8750,0.8492,0,455.3,0.4817
1374,305.236,129.095,490.921,12,12,0,12,1.0000,1.0000,0,909.2,0.9618
1375,305.207,207.805,491.449,12,12,0,12,1.0000,1.0000,0,911.0,0.9636
1376,305.359,246.901,530.711,12,12,0,12,1.0000,1.0000,0,966.7,1.0225
1377,305.177,286.515,491.977,12,12,0,12,1.0000,1.0000,0,917.3,0.9703
1378,305.329,325.611,531.240,12,12,0,12,1.0000,1.0000,0,919.7,0.9728
1379,305.147,365.225,492.506,12,12,0,12,1.0000,1.0000,0,916.8,0.9698
1380,305.299,404.321,531.768,12,12,0,12,1.0000,1.0000,0,954.7,1.0099
1381,305.269,483.031,532.296,12,12,1,11,0.9167,1.0000,0,953.6,1.0088
1382,305.240,561.742,532.825,12,12,0,12,1.0000,1.0000,0,956.1,1.0114
1383,305.210,640.452,533.353,12,12,0,12,1.0000,1.0000,0,951.3,1.0063
1384,305.362,679.548,572.615,12,12,0,12,1.0000,1.0000,0,931.0,0.9848
1385,305.180,719.162,533.881,12,12,0,12,1.0000,1.0000,0,914.3,0.9671
1386,305.332,758.258,573.143,8,4,1,3,0.7500,0.0000,0,0.0,0.0000
1387,305.600,49.866,568.388,8,8,1,7,0.8750,0.8739,0,461.1,0.4878
1388,305.418,89.480,529.655,12,12,0,12,1.0000,1.0000,0,913.5,0.9663
1389,305.570,128.576,568.917,12,12,0,12,1.0000,1.0000,0,903.7,0.9559
1390,305.388,168.191,530.183,12,12,0,12,1.0000,1.0000,0,931.8,0.9857
1391,305.540,207.287,569.445,12,12,1,11,0.9167,1.0000,0,921.6,0.9749
1392,305.511,285.997,569.973,12,12,0,12,1.0000,1.0000,0,946.2,1.0009
1393,305.481,364.707,570.502,12,12,0,12,1.0000,1.0000,0,954.0,1.0092
1394,305.451,443.417,571.030,12,12,0,12,1.0000,1.0000,0,941.8,0.9962
1395,305.603,482.513,610.292,12,12,0,12,1.0000,1.0000,0,966.4,1.0223
1396,305.421,522.127,571.558,12,12,0,12,1.0000,1.0000,0,937.2,0.9913
1397,305.573,561.224,610.821,12,12,0,12,1.0000,1.0000,0,943.7,0.9982
1398,305.392,600.838,572.087,12,12,0,12,1.0000,1.0000,0,952.5,1.0076
1399,305.544,639.934,611.349,12,12,0,12,1.0000,1.0000,0,945.8,1.0005
1400,305.514,718.644,611.877,12,12,1,11,0.9167,1.0000,0,913.2,0.9660
1401,305.752,88.962,607.651,12,12,0,12,1.0000,1.0000,0,934.5,0.9886
1402,305.722,167.672,608.179,12,12,0,12,1.0000,1.0000,0,963.6,1.0194
1403,305.874,206.768,647.441,12,12,0,12,1.0000,1.0000,0,951.6,1.0067
1404,305.692,246.383,608.707,12,12,1,11,0.9167,1.0000,0,879.8,0.9306
1405,305.844,285.479,647.969,12,12,1,11,0.9167,1.0000,0,915.4,0.9683
1406,305.663,325.093,609.236,12,12,0,12,1.0000,1.0000,0,960.2,1.0157
1407,305.815,364.189,648.498,12,12,0,12,1.0000,1.0000,0,948.2,1.0030
1408,305.633,403.803,609.764,12,12,0,12,1.0000,1.0000,0,954.2,1.0093
1409,305.785,442.899,649.026,12,12,0,12,1.0000,1.0000,0,959.2,1.0146
1410,305.755,521.609,649.554,12,12,0,12,1.0000,1.0000,0,976.0,1.0325
1411,305.725,600.320,650.083,12,12,0,12,1.0000,1.0000,0,966.2,1.0221
1412,305.696,679.030,650.611,12,12,0,12,1.0000,1.0000,0,941.2,0.9957
1413,305.848,718.126,689.873,12,12,0,12,1.0000,1.0000,0,927.8,0.9815
1414,305.666,757.740,651.139,8,4,0,4,1.0000,0.0000,0,0.0,0.0000
1415,305.934,49.348,646.384,8,8,1,7,0.8750,0.9610,0,622.8,0.6588
1416,306.086,88.444,685.647,12,12,4,8,0.6667,1.0000,0,794.7,0.8407
1417,305.904,128.058,646.913,12,12,0,12,1.0000,1.0000,0,955.3,1.0105
1418,306.056,167.154,686.175,12,12,1,11,0.9167,1.0000,0,954.8,1.0100
1419,306.026,245.864,686.703,12,12,0,12,1.0000,1.0000,0,936.2,0.9903
1420,305.996,324.575,687.232,12,12,1,11,0.9167,1.0000,0,950.7,1.0057
1421,305.967,403.285,687.760,12,12,0,12,1.0000,1.0000,0,967.8,1.0238
1422,306.119,442.381,727.022,12,12,0,12,1.0000,1.0000,0,950.7,1.0056
1423,305.937,481.995,688.288,12,12,0,12,1.0000,1.0000,0,961.0,1.0165
1424,306.089,521.091,727.550,12,12,0,12,1.0000,1.0000,0,919.3,0.9724
1425,305.907,560.705,688.817,12,12,0,12,1.0000,1.0000,0,980.3,1.0370
1426,306.059,599.801,728.079,12,12,0,12,1.0000,1.0000,0,960.4,1.0160
1427,305.877,639.416,689.345,12,12,0,12,1.0000,1.0000,0,956.9,1.0122
1428,306.029,678.512,728.607,12,12,0,12,1.0000,1.0000,0,941.3,0.9957
1429,306.000,757.222,729.135,8,4,0,4,1.0000,0.0000,0,0.0,0.0000
1430,306.267,48.830,724.380,8,8,3,5,0.6250,1.0000,0,733.9,0.7763
1431,306.238,127.540,724.909,12,12,1,11,0.9167,1.0000,0,915.5,0.9685
1432,306.208,206.250,725.437,12,12,1,11,0.9167,1.0000,0,953.6,1.0087
1433,306.360,245.346,764.699,8,4,0,4,1.0000,0.7528,0,334.6,0.3539
1434,306.178,284.960,725.965,12,12,0,12,1.0000,1.0000,0,946.0,1.0007
1435,306.330,324.057,765.228,8,4,0,4,1.0000,0.7722,0,245.9,0.2601
1436,306.148,363.671,726.494,12,12,0,12,1.0000,1.0000,0,941.7,0.9961
1437,306.300,402.767,765.756,8,4,0,4,1.0000,0.7867,0,331.7,0.3509
1438,306.271,481.477,766.284,8,4,0,4,1.0000,0.8184,0,411.4,0.4352
1439,306.241,560.187,766.813,8,4,1,3,0.7500,0.7808,0,326.7,0.3456
1440,306.211,638.897,767.341,8,4,0,4,1.0000,0.8144,0,403.9,0.4273
1441,306.181,717.608,767.869,8,4,0,4,1.0000,0.8858,0,495.0,0.5237
1442,306.419,87.926,763.643,8,4,0,4,1.0000,0.7647,0,336.8,0.3563
1443,306.390,166.636,764.171,8,4,1,3,0.7500,0.7500,0,285.5,0.3020
1444,342.357,761.674,66.096,5,3,0,3,1.0000,0.0000,0,0.0,0.0000
1445,342.624,53.282,61.341,5,5,0,5,1.0000,0.7187,0,391.6,0.4145
1446,342.594,131.992,61.869,8,8,0,8,1.0000,0.8599,0,457.6,0.4843
1447,342.565,210.702,62.397,8,8,0,8,1.0000,0.8051,0,347.8,0.3681
1448,342.535,289.413,62.926,8,8,0,8,1.0000,0.7707,0,310.7,0.3288
1449,342.505,368.123,63.454,8,8,0,8,1.0000,0.7961,0,381.0,0.4032
1450,342.476,446.833,63.982,8,8,0,8,1.0000,0.7784,0,282.6,0.2991
1451,342.446,525.543,64.511,8,8,0,8,1.0000,0.8083,0,348.0,0.3683
1452,342.598,564.639,103.773,12,12,0,12,1.0000,1.0000,0,966.8,1.0232
1453,342.416,604.253,65.039,8,8,0,8,1.0000,0.8440,0,444.9,0.4708
1454,342.568,643.349,104.301,12,12,0,12,1.0000,1.0000,0,1001.6,1.0601
1455,342.386,682.964,65.567,8,8,0,8,1.0000,0.8611,0,451.8,0.4781
1456,342.538,722.060,104.830,12,12,0,12,1.0000,1.0000,0,946.2,1.0014
1457,342.776,92.378,100.603,12,12,0,12,1.0000,1.0000,0,957.6,1.0134
1458,342.746,171.088,101.131,12,12,0,12,1.0000,1.0000,0,976.1,1.0331
1459,342.717,249.798,101.660,12,12,0,12,1.0000,1.0000,0,976.1,1.0330
1460,342.869,288.894,140.922,12,12,0,12,1.0000,1.0000,0,935.1,0.9896
1461,342.687,328.509,102.188,12,12,0,12,1.0000,1.0000,0,936.3,0.9910
1462,342.839,367.605,141.450,12,12,1,11,0.9167,1.0000,0,929.3,0.9835
1463,342.657,407.219,102.716,12,12,0,12,1.0000,1.0000,0,944.6,0.9997
1464,342.809,446.315,141.978,12,12,0,12,1.0000,1.0000,0,976.3,1.0333
1465,342.628,485.929,103.245,12,12,0,12,1.0000,1.0000,0,968.2,1.0247
1466,342.780,525.025,142.507,12,12,0,12,1.0000,1.0000,0,945.0,1.0001
1467,342.750,603.735,143.035,12,12,0,12,1.0000,1.0000,0,955.4,1.0112
1468,342.720,682.446,143.563,12,12,0,12,1.0000,1.0000,0,927.2,0.9813
1469,342.872,721.542,182.826,12,12,0,12,1.0000,1.0000,0,940.1,0.9950
1470,342.690,761.156,144.092,8,4,1,3,0.7500,0.0000,0,0.0,0.0000
1471,342.958,52.764,139.337,8,8,0,8,1.0000,0.7833,0,369.5,0.3910
1472,343.110,91.860,178.599,12,12,0,12,1.0000,1.0000,0,963.8,1.0200
1473,342.928,131.474,139.865,12,12,0,12,1.0000,1.0000,0,883.5,0.9351
1474,343.080,170.570,179.127,12,12,0,12,1.0000,1.0000,0,968.7,1.0252
1475,342.898,210.184,140.393,12,12,0,12,1.0000,1.0000,0,945.0,1.0001
1476,343.051,249.280,179.656,12,12,0,12,1.0000,1.0000,0,979.6,1.0368
1477,343.021,327.990,180.184,12,12,1,11,0.9167,0.9944,0,846.9,0.8963
1478,342.991,406.701,180.712,12,12,0,12,1.0000,1.0000,0,961.7,1.0178
1479,342.961,485.411,181.241,12,12,0,12,1.0000,1.0000,0,980.5,1.0377
1480,343.113,524.507,220.503,12,12,0,12,1.0000,1.0000,0,961.1,1.0171
1481,342.932,564.121,181.769,12,12,1,11,0.9167,1.0000,0,992.8,1.0507
1482,343.084,603.217,221.031,12,12,0,12,1.0000,1.0000,0,963.4,1.0196
1483,342.902,642.831,182.297,12,12,0,12,1.0000,1.0000,0,980.9,1.0381
1484,343.054,681.927,221.559,12,12,0,12,1.0000,1.0000,0,927.2,0.9813
1485,343.024,760.638,222.088,8,4,0,4,1.0000,0.0000,0,0.0,0.0000
1486,343.292,52.246,217.333,8,8,0,8,1.0000,0.9033,0,519.6,0.5499
1487,343.262,130.956,217.861,12,12,0,12,1.0000,1.0000,0,945.6,1.0008
1488,343.232,209.666,218.389,12,12,0,12,1.0000,1.0000,0,951.1,1.0066
1489,343.203,288.376,218.918,12,12,0,12,1.0000,1.0000,0,972.1,1.0288
1490,343.355,327.472,258.180,12,12,0,12,1.0000,1.0000,0,947.2,1.0025
1491,343.173,367.086,219.446,12,12,0,12,1.0000,1.0000,0,965.9,1.0222
1492,343.325,406.183,258.708,12,12,0,12,1.0000,1.0000,0,963.4,1.0196
1493,343.143,445.797,219.974,12,12,0,12,1.0000,1.0000,0,973.2,1.0300
1494,343.295,484.893,259.237,12,12,0,12,1.0000,1.0000,0,974.9,1.0318
1495,343.265,563.603,259.765,12,12,0,12,1.0000,1.0000,0,982.5,1.0398
1496,343.236,642.313,260.293,12,12,0,12,1.0000,1.0000,0,960.7,1.0168
1497,343.206,721.023,260.822,12,12,0,12,1.0000,1.0000,0,926.2,0.9803
1498,343.358,760.119,300.084,8,4,0,4,1.0000,0.0000,0,0.0,0.0000
1499,343.444,91.342,256.595,12,12,1,11,0.9167,1.0000,0,880.7,0.9321
1500,343.596,130.438,295.857,12,12,1,11,0.9167,1.0000,0,812.5,0.8599
1501,343.414,170.052,257.123,12,12,0,12,1.0000,1.0000,0,933.2,0.9876
1502,343.566,209.148,296.385,12,12,0,12,1.0000,1.0000,0,935.6,0.9902
1503,343.384,248.762,257.652,12,12,0,12,1.0000,1.0000,0,953.5,1.0091
1504,343.536,287.858,296.914,12,12,0,12,1.0000,1.0000,0,934.1,0.9886
1505,343.507,366.568,297.442,12,12,0,12,1.0000,1.0000,0,929.6,0.9839
1506,343.477,445.279,297.970,12,12,0,12,1.0000,1.0000,0,970.4,1.0270
1507,343.447,523.989,298.499,12,12,0,12,1.0000,1.0000,0,985.9,1.0434
1508,343.599,563.085,337.761,12,12,0,12,1.0000,1.0000,0,947.7,1.0030
1509,343.417,602.699,299.027,12,12,0,12,1.0000,1.0000,0,954.5,1.0101
1510,343.569,641.795,338.289,12,12,0,12,1.0000,1.0000,0,937.4,0.9920
1511,343.388,681.409,299.555,12,12,0,12,1.0000,1.0000,0,943.6,0.9987
1512,343.540,720.505,338.818,12,12,0,12,1.0000,1.0000,0,932.1,0.9865
1513,343.626,51.727,295.329,8,8,4,4,0.5000,0.9472,0,591.8,0.6263
1514,343.778,90.823,334.591,12,12,3,9,0.7500,0.9888,0,774.9,0.8201
1515,343.748,169.534,335.119,12,12,0,12,1.0000,1.0000,0,924.7,0.9787
1516,343.718,248.244,335.648,12,12,0,12,1.0000,1.0000,0,924.0,0.9780
1517,343.870,287.340,374.910,12,12,0,12,1.0000,1.0000,0,949.7,1.0051
1518,343.688,326.954,336.176,12,12,0,12,1.0000,1.0000,0,929.5,0.9838
1519,343.840,366.050,375.438,12,12,1,11,0.9167,0.9807,0,787.1,0.8330
1520,343.659,405.664,336.704,12,12,0,12,1.0000,1.0000,0,932.5,0.9870
1521,343.811,444.760,375.966,12,12,0,12,1.0000,1.0000,0,966.6,1.0230
1522,343.629,484.375,337.233,12,12,0,12,1.0000,1.0000,0,978.9,1.0360
1523,343.781,523.471,376.495,12,12,0,12,1.0000,1.0000,0,994.5,1.0525
1524,343.751,602.181,377.023,12,12,0,12,1.0000,1.0000,0,955.9,1.0117
1525,343.721,680.891,377.551,12,12,0,12,1.0000,1.0000,0,941.1,0.9960
1526,343.873,719.987,416.814,12,12,0,12,1.0000,1.0000,0,901.3,0.9539
1527,343.692,759.601,378.080,8,4,0,4,1.0000,0.0000,0,0.0,0.0000
1528,343.959,51.209,373.325,8,8,4,4,0.5000,0.9833,0,632.2,0.6691
1529,344.111,90.305,412.587,12,12,3,9,0.7500,1.0000,0,874.5,0.9255
1530,343.930,129.919,373.853,12,12,0,12,1.0000,1.0000,0,909.5,0.9626
1531,344.082,169.016,413.115,12,12,0,12,1.0000,1.0000,0,937.8,0.9925
1532,343.900,208.630,374.381,12,12,0,12,1.0000,1.0000,0,941.0,0.9959
1533,344.052,247.726,413.644,12,12,0,12,1.0000,1.0000,0,921.1,0.9748
1534,344.022,326.436,414.172,12,12,1,11,0.9167,1.0000,0,889.4,0.9413
1535,343.992,405.146,414.700,12,12,0,12,1.0000,1.0000,0,930.4,0.9847
1536,343.963,483.856,415.229,12,12,1,11,0.9167,1.0000,0,812.1,0.8595
1537,344.115,522.952,454.491,12,12,0,12,1.0000,1.0000,0,966.0,1.0223
1538,343.933,562.567,415.757,12,12,0,12,1.0000,1.0000,0,941.0,0.9959
1539,344.085,601.663,455.019,12,12,1,11,0.9167,1.0000,0,961.9,1.0180
1540,343.903,641.277,416.285,12,12,1,11,0.9167,1.0000,0,893.3,0.9454
1541,344.055,680.373,455.547,12,12,0,12,1.0000,1.0000,0,935.5,0.9901
1542,344.025,759.083,456.076,8,4,0,4,1.0000,0.0000,0,0.0,0.0000
1543,344.293,50.691,451.321,8,8,0,8,1.0000,0.9339,0,562.0,0.5948
1544,344.263,129.401,451.849,12,12,1,11,0.9167,1.0000,0,897.5,0.9499
1545,344.234,208.112,452.377,12,12,0,12,1.0000,1.0000,0,921.2,0.9749
1546,344.204,286.822,452.906,12,12,0,12,1.0000,1.0000,0,950.5,1.0060
1547,344.356,325.918,492.168,12,12,0,12,1.0000,1.0000,0,919.3,0.9730
1548,344.174,365.532,453.434,12,12,0,12,1.0000,1.0000,0,925.8,0.9798
1549,344.326,404.628,492.696,12,12,0,12,1.0000,1.0000,0,898.4,0.9508
1550,344.144,444.242,453.962,12,12,0,12,1.0000,1.0000,0,937.5,0.9923
1551,344.296,483.338,493.225,12,12,1,11,0.9167,0.9972,0,847.6,0.8971
1552,344.267,562.048,493.753,12,12,0,12,1.0000,1.0000,0,971.6,1.0283
1553,344.237,640.759,494.281,12,12,0,12,1.0000,1.0000,0,960.6,1.0167
1554,344.207,719.469,494.810,12,12,0,12,1.0000,1.0000,0,908.6,0.9616
1555,344.359,758.565,534.072,8,4,0,4,1.0000,0.0000,0,0.0,0.0000
1556,344.445,89.787,490.583,12,12,0,12,1.0000,1.0000,0,911.6,0.9648
1557,344.597,128.883,529.845,12,12,0,12,1.0000,1.0000,0,916.1,0.9696
1558,344.415,168.497,491.111,12,12,0,12,1.0000,1.0000,0,922.0,0.9758
1559,344.567,207.593,530.373,12,12,0,12,1.0000,1.0000,0,921.9,0.9758
1560,344.386,247.208,491.640,12,12,0,12,1.0000,1.0000,0,940.1,0.9949
1561,344.538,286.304,530.902,12,12,0,12,1.0000,1.0000,0,951.6,1.0072
1562,344.508,365.014,531.430,12,12,0,12,1.0000,1.0000,0,961.7,1.0179
1563,344.478,443.724,531.958,12,12,0,12,1.0000,1.0000,0,967.4,1.0239
1564,344.448,522.434,532.487,12,12,0,12,1.0000,1.0000,0,1000.9,1.0593
1565,344.600,561.530,571.749,12,12,0,12,1.0000,1.0000,0,990.9,1.0488
1566,344.419,601.144,533.015,12,12,0,12,1.0000,1.0000,0,965.1,1.0215
1567,344.571,640.240,572.277,12,12,0,12,1.0000,1.0000,0,947.5,1.0028
1568,344.389,679.855,533.543,12,12,0,12,1.0000,1.0000,0,948.9,1.0043
1569,344.541,718.951,572.806,12,12,0,12,1.0000,1.0000,0,931.5,0.9859
1570,344.627,50.173,529.317,8,8,0,8,1.0000,0.8552,0,463.4,0.4904
1571,344.779,89.269,568.579,12,12,0,12,1.0000,1.0000,0,935.3,0.9899
1572,344.749,167.979,569.107,12,12,0,12,1.0000,1.0000,0,943.4,0.9985
1573,344.719,246.689,569.636,12,12,0,12,1.0000,1.0000,0,964.1,1.0205
1574,344.871,285.785,608.898,12,12,0,12,1.0000,1.0000,0,941.5,0.9965
1575,344.690,325.400,570.164,12,12,0,12,1.0000,1.0000,0,960.5,1.0166
1576,344.842,364.496,609.426,12,12,0,12,1.0000,1.0000,0,976.6,1.0336
1577,344.660,404.110,570.692,12,12,0,12,1.0000,1.0000,0,960.2,1.0162
1578,344.812,443.206,609.954,12,12,0,12,1.0000,1.0000,0,966.7,1.0232
1579,344.630,482.820,571.221,12,12,1,11,0.9167,1.0000,0,944.6,0.9998
1580,344.782,521.916,610.483,12,12,0,12,1.0000,1.0000,0,950.2,1.0057
1581,344.752,600.626,611.011,12,12,0,12,1.0000,1.0000,0,962.0,1.0182
1582,344.723,679.336,611.539,12,12,0,12,1.0000,1.0000,0,930.6,0.9850
1583,344.875,718.433,650.801,12,12,0,12,1.0000,1.0000,0,938.5,0.9933
1584,344.693,758.047,612.068,8,4,0,4,1.0000,0.0000,0,0.0,0.0000
1585,344.961,49.655,607.313,8,8,1,7,0.8750,0.9164,0,535.8,0.5672
1586,345.113,88.751,646.575,12,12,1,11,0.9167,1.0000,0,876.6,0.9279
1587,344.931,128.365,607.841,12,12,0,12,1.0000,1.0000,0,939.3,0.9942
1588,345.083,167.461,647.103,12,12,0,12,1.0000,1.0000,0,970.2,1.0269
1589,344.901,207.075,608.369,12,12,1,11,0.9167,1.0000,0,945.8,1.0011
1590,345.053,246.171,647.632,12,12,0,12,1.0000,1.0000,0,948.1,1.0035
1591,345.023,324.881,648.160,12,12,0,12,1.0000,1.0000,0,951.8,1.0074
1592,344.994,403.592,648.688,12,12,0,12,1.0000,1.0000,0,952.1,1.0078
1593,344.964,482.302,649.217,12,12,0,12,1.0000,1.0000,0,976.4,1.0334
1594,345.116,521.398,688.479,12,12,0,12,1.0000,1.0000,0,964.9,1.0214
1595,344.934,561.012,649.745,12,12,0,12,1.0000,1.0000,0,974.7,1.0317
1596,345.086,600.108,689.007,12,12,0,12,1.0000,1.0000,0,963.3,1.0197
1597,344.905,639.722,650.273,12,12,0,12,1.0000,1.0000,0,972.2,1.0290
1598,345.057,678.818,689.535,12,12,0,12,1.0000,1.0000,0,950.2,1.0058
1599,345.027,757.529,690.064,8,4,0,4,1.0000,0.0000,0,0.0,0.0000
1600,345.294,49.137,685.309,8,8,2,6,0.7500,0.9471,0,588.2,0.6227
1601,345.265,127.847,685.837,12,12,0,12,1.0000,1.0000,0,937.8,0.9926
1602,345.235,206.557,686.365,12,12,0,12,1.0000,1.0000,0,944.9,1.0002
1603,345.205,285.267,686.894,12,12,0,12,1.0000,1.0000,0,954.9,1.0108
1604,345.357,324.363,726.156,12,12,2,10,0.8333,1.0000,0,934.5,0.9891
1605,345.175,363.977,687.422,12,12,0,12,1.0000,1.0000,0,947.2,1.0026
1606,345.327,403.073,726.684,12,12,0,12,1.0000,1.0000,0,933.7,0.9883
1607,345.146,442.688,687.950,12,12,0,12,1.0000,1.0000,0,963.8,1.0201
1608,345.298,481.784,727.213,12,12,0,12,1.0000,1.0000,0,961.2,1.0175
1609,345.268,560.494,727.741,12,12,0,12,1.0000,1.0000,0,953.7,1.0094
1610,345.238,639.204,728.269,12,12,0,12,1.0000,1.0000,0,994.8,1.0530
1611,345.209,717.914,728.797,12,12,0,12,1.0000,1.0000,0,949.9,1.0055
1612,345.361,757.010,768.060,5,1,0,1,1.0000,0.0000,0,0.0,0.0000
1613,345.446,88.233,724.571,12,12,2,10,0.8333,1.0000,0,965.2,1.0217
1614,345.598,127.329,763.833,8,4,2,2,0.5000,0.6564,0,0.0,0.0000
1615,345.417,166.943,725.099,12,12,2,10,0.8333,1.0000,0,969.5,1.0262
1616,345.569,206.039,764.361,8,4,0,4,1.0000,0.7839,0,336.8,0.3566
1617,345.387,245.653,725.628,12,12,0,12,1.0000,1.0000,0,964.1,1.0205
1618,345.539,284.749,764.890,8,4,0,4,1.0000,0.7619,0,308.9,0.3270
1619,345.509,363.459,765.418,8,4,0,4,1.0000,0.7955,0,383.0,0.4054
1620,345.480,442.170,765.946,8,4,0,4,1.0000,0.7883,0,366.0,0.3874
1621,345.450,520.880,766.475,8,4,0,4,1.0000,0.7667,0,330.2,0.3496
1622,345.420,599.590,767.003,8,4,0,4,1.0000,0.7818,0,364.3,0.3857
1623,345.390,678.300,767.531,8,4,0,4,1.0000,0.8244,0,409.9,0.4339
1624,345.628,48.618,763.305,5,3,0,3,1.0000,0.7486,0,364.4,0.3858
1625,381.625,564.946,64.701,8,8,0,8,1.0000,0.8487,0,434.4,0.4625
1626,381.595,643.656,65.230,8,8,1,7,0.8750,0.8347,0,415.6,0.4425
1627,381.565,722.366,65.758,8,8,0,8,1.0000,0.8817,0,477.3,0.5081
1628,381.803,92.685,61.531,8,8,1,7,0.8750,0.9124,0,528.8,0.5630
1629,381.774,171.395,62.060,8,8,0,8,1.0000,0.8923,0,495.0,0.5270
1630,381.744,250.105,62.588,8,8,0,8,1.0000,0.8278,0,411.2,0.4378
1631,381.714,328.815,63.116,8,8,0,8,1.0000,0.7686,0,304.5,0.3241
1632,381.866,367.911,102.378,12,12,0,12,1.0000,1.0000,0,910.3,0.9691
1633,381.684,407.526,63.645,8,8,1,7,0.8750,0.8399,0,418.7,0.4458
1634,381.836,446.622,102.907,12,12,0,12,1.0000,1.0000,0,944.2,1.0052
1635,381.655,486.236,64.173,8,8,0,8,1.0000,0.8022,0,388.5,0.4136
1636,381.807,525.332,103.435,12,12,0,12,1.0000,1.0000,0,941.4,1.0023
1637,381.777,604.042,103.963,12,12,0,12,1.0000,1.0000,0,948.4,1.0097
1638,381.747,682.752,104.492,12,12,0,12,1.0000,1.0000,0,945.3,1.0064
1639,381.717,761.462,105.020,8,4,0,4,1.0000,0.0000,0,0.0,0.0000
1640,381.985,53.071,100.265,8,8,0,8,1.0000,0.9425,0,574.4,0.6116
1641,381.955,131.781,100.793,12,12,0,12,1.0000,1.0000,0,941.4,1.0022
1642,382.107,170.877,140.056,12,12,0,12,1.0000,1.0000,0,935.1,0.9956
1643,381.926,210.491,101.322,12,12,0,12,1.0000,1.0000,0,939.6,1.0004
1644,382.078,249.587,140.584,12,12,0,12,1.0000,1.0000,0,945.4,1.0065
1645,381.896,289.201,101.850,12,12,1,11,0.9167,1.0000,0,952.4,1.0139
1646,382.048,328.297,141.112,12,12,0,12,1.0000,1.0000,0,953.2,1.0148
1647,382.018,407.007,141.641,12,12,0,12,1.0000,1.0000,0,974.5,1.0375
1648,381.988,485.718,142.169,12,12,0,12,1.0000,1.0000,0,952.8,1.0144
1649,381.959,564.428,142.697,12,12,0,12,1.0000,1.0000,0,966.6,1.0291
1650,382.111,603.524,181.959,12,12,0,12,1.0000,1.0000,0,949.9,1.0113
1651,381.929,643.138,143.226,12,12,0,12,1.0000,1.0000,0,963.0,1.0252
1652,382.081,682.234,182.488,12,12,0,12,1.0000,1.0000,0,933.3,0.9937
1653,381.899,721.848,143.754,12,12,1,11,0.9167,1.0000,0,895.8,0.9537
1654,382.051,760.944,183.016,8,4,0,4,1.0000,0.0000,0,0.0,0.0000
1655,382.319,52.552,178.261,8,8,0,8,1.0000,0.8254,0,429.6,0.4574
1656,382.137,92.167,139.527,12,12,0,12,1.0000,1.0000,0,902.8,0.9612
1657,382.289,131.263,178.789,12,12,0,12,1.0000,1.0000,0,858.3,0.9138
1658,382.259,209.973,179.318,12,12,0,12,1.0000,1.0000,0,911.8,0.9708
1659,382.230,288.683,179.846,12,12,0,12,1.0000,1.0000,0,933.7,0.9941
1660,382.200,367.393,180.374,12,12,1,11,0.9167,1.0000,0,933.8,0.9941
1661,382.352,406.489,219.637,12,12,0,12,1.0000,1.0000,0,959.5,1.0216
1662,382.170,446.103,180.903,12,12,0,12,1.0000,1.0000,0,954.9,1.0167
1663,382.322,485.199,220.165,12,12,0,12,1.0000,1.0000,0,958.0,1.0200
1664,382.140,524.814,181.431,12,12,0,12,1.0000,1.0000,0,964.3,1.0267
1665,382.292,563.910,220.693,12,12,0,12,1.0000,1.0000,0,944.9,1.0060
1666,382.263,642.620,221.222,12,12,0,12,1.0000,1.0000,0,929.2,0.9893
1667,382.233,721.330,221.750,12,12,0,12,1.0000,1.0000,0,907.7,0.9664
1668,382.471,91.648,217.523,12,12,0,12,1.0000,1.0000,0,915.5,0.9748
1669,382.623,130.744,256.785,12,12,0,12,1.0000,1.0000,0,934.9,0.9954
1670,382.441,170.359,218.052,12,12,0,12,1.0000,1.0000,0,935.7,0.9962
1671,382.593,209.455,257.314,12,12,0,12,1.0000,1.0000,0,931.1,0.9914
1672,382.411,249.069,218.580,12,12,0,12,1.0000,1.0000,0,942.7,1.0037
1673,382.563,288.165,257.842,12,12,0,12,1.0000,1.0000,0,944.4,1.0055
1674,382.382,327.779,219.108,12,12,1,11,0.9167,1.0000,0,835.2,0.8892
1675,382.534,366.875,258.370,12,12,0,12,1.0000,1.0000,0,940.8,1.0017
1676,382.504,445.585,258.899,12,12,0,12,1.0000,1.0000,0,952.2,1.0138
1677,382.474,524.295,259.427,12,12,0,12,1.0000,1.0000,0,968.6,1.0313
1678,382.444,603.006,259.955,12,12,1,11,0.9167,1.0000,0,922.9,0.9826
1679,382.596,642.102,299.218,12,12,0,12,1.0000,1.0000,0,934.8,0.9953
1680,382.415,681.716,260.484,12,12,0,12,1.0000,1.0000,0,910.6,0.9695
1681,382.567,720.812,299.746,12,12,0,12,1.0000,1.0000,0,915.9,0.9752
1682,382.385,760.426,261.012,8,4,0,4,1.0000,0.0000,0,0.0,0.0000
1683,382.653,52.034,256.257,8,8,2,6,0.7500,0.9749,0,601.6,0.6405
1684,382.805,91.130,295.519,12,12,2,10,0.8333,1.0000,0,912.9,0.9720
1685,382.775,169.840,296.048,12,12,0,12,1.0000,1.0000,0,897.7,0.9558
1686,382.745,248.551,296.576,12,12,0,12,1.0000,1.0000,0,936.2,0.9969
1687,382.715,327.261,297.104,12,12,0,12,1.0000,1.0000,0,961.9,1.0242
1688,382.867,366.357,336.366,12,12,0,12,1.0000,1.0000,0,899.5,0.9578
1689,382.686,405.971,297.633,12,12,0,12,1.0000,1.0000,0,938.2,0.9989
1690,382.838,445.067,336.895,12,12,0,12,1.0000,1.0000,0,936.1,0.9968
1691,382.656,484.681,298.161,12,12,0,12,1.0000,1.0000,0,962.9,1.0253
1692,382.808,523.777,337.423,12,12,0,12,1.0000,1.0000,0,920.1,0.9797
1693,382.626,563.392,298.689,12,12,0,12,1.0000,1.0000,0,948.9,1.0104
1694,382.778,602.488,337.951,12,12,0,12,1.0000,1.0000,0,947.8,1.0092
1695,382.748,681.198,338.480,12,12,0,12,1.0000,1.0000,0,929.3,0.9895
1696,382.719,759.908,339.008,8,4,0,4,1.0000,0.0000,0,0.0,0.0000
1697,382.986,51.516,334.253,8,8,5,3,0.3750,1.0000,0,752.3,0.8010
1698,382.957,130.226,334.781,12,12,0,12,1.0000,1.0000,0,894.4,0.9523
1699,383.109,169.322,374.044,12,12,0,12,1.0000,1.0000,0,921.0,0.9807
1700,382.927,208.936,335.310,12,12,0,12,1.0000,1.0000,0,897.7,0.9559
1701,383.079,248.032,374.572,12,12,0,12,1.0000,1.0000,0,938.1,0.9989
1702,382.897,287.647,335.838,12,12,0,12,1.0000,1.0000,0,913.4,0.9726
1703,383.049,326.743,375.100,12,12,0,12,1.0000,1.0000,0,927.1,0.9872
1704,383.019,405.453,375.629,12,12,0,12,1.0000,1.0000,0,934.0,0.9945
1705,382.990,484.163,376.157,12,12,1,11,0.9167,0.9863,0,825.4,0.8789
1706,382.960,562.873,376.685,12,12,0,12,1.0000,1.0000,0,950.1,1.0117
1707,383.112,601.969,415.947,12,12,1,11,0.9167,1.0000,0,965.7,1.0283
1708,382.930,641.584,377.213,12,12,1,11,0.9167,1.0000,0,938.6,0.9994
1709,383.082,680.680,416.476,12,12,0,12,1.0000,1.0000,0,942.2,1.0033
1710,382.900,720.294,377.742,12,12,0,12,1.0000,1.0000,0,921.3,0.9810
1711,383.053,759.390,417.004,8,4,0,4,1.0000,0.0000,0,0.0,0.0000
1712,383.320,50.998,412.249,8,8,3,5,0.6250,0.9917,0,659.7,0.7025
1713,383.138,90.612,373.515,12,12,4,8,0.6667,0.9692,0,673.2,0.7168
1714,383.290,129.708,412.777,12,12,1,11,0.9167,1.0000,0,922.1,0.9819
1715,383.261,208.418,413.306,12,12,0,12,1.0000,1.0000,0,903.4,0.9620
1716,383.231,287.128,413.834,12,12,0,12,1.0000,1.0000,0,892.8,0.9507
1717,383.201,365.839,414.362,12,12,0,12,1.0000,1.0000,0,903.5,0.9620
1718,383.353,404.935,453.625,12,12,0,12,1.0000,1.0000,0,902.5,0.9611
1719,383.171,444.549,414.891,12,12,0,12,1.0000,1.0000,0,929.4,0.9897
1720,383.323,483.645,454.153,12,12,0,12,1.0000,1.0000,0,945.9,1.0072
1721,383.142,523.259,415.419,12,12,0,12,1.0000,1.0000,0,944.5,1.0058
1722,383.294,562.355,454.681,12,12,0,12,1.0000,1.0000,0,956.8,1.0188
1723,383.264,641.065,455.209,12,12,0,12,1.0000,1.0000,0,961.3,1.0236
1724,383.234,719.776,455.738,12,12,0,12,1.0000,1.0000,0,894.7,0.9527
1725,383.472,90.094,451.511,12,12,0,12,1.0000,1.0000,0,902.4,0.9610
1726,383.624,129.190,490.773,12,12,0,12,1.0000,1.0000,0,902.1,0.9606
1727,383.442,168.804,452.040,12,12,0,12,1.0000,1.0000,0,923.9,0.9838
1728,383.594,207.900,491.302,12,12,0,12,1.0000,1.0000,0,893.8,0.9519
1729,383.413,247.514,452.568,12,12,0,12,1.0000,1.0000,0,926.3,0.9864
1730,383.565,286.610,491.830,12,12,0,12,1.0000,1.0000,0,897.4,0.9556
1731,383.383,326.225,453.096,12,12,0,12,1.0000,1.0000,0,921.9,0.9817
1732,383.535,365.321,492.358,12,12,0,12,1.0000,1.0000,0,894.6,0.9526
1733,383.505,444.031,492.887,12,12,1,11,0.9167,1.0000,0,880.2,0.9373
1734,383.475,522.741,493.415,12,12,0,12,1.0000,1.0000,0,923.6,0.9835
1735,383.446,601.451,493.943,12,12,1,11,0.9167,1.0000,0,919.1,0.9787
1736,383.598,640.547,533.205,12,12,0,12,1.0000,1.0000,0,933.2,0.9938
1737,383.416,680.161,494.472,12,12,0,12,1.0000,1.0000,0,929.8,0.9901
1738,383.568,719.257,533.734,12,12,0,12,1.0000,1.0000,0,920.4,0.9801
1739,383.386,758.872,495.000,8,4,0,4,1.0000,0.0000,0,0.0,0.0000
1740,383.654,50.480,490.245,8,8,0,8,1.0000,0.8455,0,430.7,0.4586
1741,383.806,89.576,529.507,12,12,0,12,1.0000,1.0000,0,900.6,0.9591
1742,383.776,168.286,530.036,12,12,1,11,0.9167,1.0000,0,870.5,0.9270
1743,383.746,246.996,530.564,12,12,0,12,1.0000,1.0000,0,920.3,0.9800
1744,383.717,325.706,531.092,12,12,0,12,1.0000,1.0000,0,930.5,0.9910
1745,383.869,364.802,570.354,12,12,0,12,1.0000,1.0000,0,935.8,0.9966
1746,383.687,404.417,531.620,12,12,0,12,1.0000,1.0000,0,910.5,0.9696
1747,383.839,443.513,570.883,12,12,1,11,0.9167,1.0000,0,895.5,0.9537
1748,383.657,483.127,532.149,12,12,0,12,1.0000,1.0000,0,931.6,0.9920
1749,383.809,522.223,571.411,12,12,0,12,1.0000,1.0000,0,960.3,1.0227
1750,383.628,561.837,532.677,12,12,0,12,1.0000,1.0000,0,932.3,0.9928
1751,383.780,600.933,571.939,12,12,0,12,1.0000,1.0000,0,949.2,1.0109
1752,383.750,679.643,572.468,12,12,1,11,0.9167,1.0000,0,817.6,0.8707
1753,383.720,758.353,572.996,8,4,0,4,1.0000,0.0000,0,0.0,0.0000
1754,383.988,49.961,568.241,8,8,0,8,1.0000,0.8712,0,475.3,0.5062
1755,383.958,128.672,568.769,12,12,0,12,1.0000,1.0000,0,931.7,0.9922
1756,384.110,167.768,608.032,12,12,0,12,1.0000,1.0000,0,937.6,0.9985
1757,383.928,207.382,569.298,12,12,2,10,0.8333,1.0000,0,801.5,0.8536
1758,384.080,246.478,608.560,12,12,0,12,1.0000,1.0000,0,941.7,1.0029
1759,383.898,286.092,569.826,12,12,0,12,1.0000,1.0000,0,941.8,1.0030
1760,384.050,325.188,609.088,12,12,0,12,1.0000,1.0000,0,939.7,1.0008
1761,384.021,403.898,609.616,12,12,0,12,1.0000,1.0000,0,941.8,1.0030
1762,383.991,482.609,610.145,12,12,0,12,1.0000,1.0000,0,951.5,1.0133
1763,383.961,561.319,610.673,12,12,0,12,1.0000,1.0000,0,949.5,1.0112
1764,384.113,600.415,649.935,12,12,0,12,1.0000,1.0000,0,947.8,1.0094
1765,383.932,640.029,611.201,12,12,1,11,0.9167,1.0000,0,878.2,0.9352
1766,384.084,679.125,650.464,12,12,1,11,0.9167,1.0000,0,796.3,0.8480
1767,383.902,718.739,611.730,12,12,1,11,0.9167,0.9862,0,775.2,0.8256
1768,384.054,757.835,650.992,8,4,0,4,1.0000,0.0000,0,0.0,0.0000
1769,384.321,49.443,646.237,8,8,0,8,1.0000,0.9239,0,532.6,0.5673
1770,384.140,89.058,607.503,12,12,0,12,1.0000,1.0000,0,914.6,0.9741
1771,384.292,128.154,646.765,12,12,0,12,1.0000,1.0000,0,921.5,0.9814
1772,384.262,206.864,647.294,12,12,0,12,1.0000,1.0000,0,934.8,0.9955
1773,384.232,285.574,647.822,12,12,0,12,1.0000,1.0000,0,940.3,1.0014
1774,384.203,364.284,648.350,12,12,0,12,1.0000,1.0000,0,963.6,1.0263
1775,384.355,403.380,687.612,12,12,0,12,1.0000,1.0000,0,953.1,1.0151
1776,384.173,442.994,648.879,12,12,0,12,1.0000,1.0000,0,967.2,1.0300
1777,384.325,482.090,688.141,12,12,0,12,1.0000,1.0000,0,961.9,1.0244
1778,384.143,521.705,649.407,12,12,0,12,1.0000,1.0000,0,945.7,1.0072
1779,384.295,560.801,688.669,12,12,0,12,1.0000,1.0000,0,951.6,1.0135
1780,384.265,639.511,689.197,12,12,0,12,1.0000,1.0000,0,941.6,1.0028
1781,384.236,718.221,689.726,12,12,0,12,1.0000,1.0000,0,889.3,0.9471
1782,384.473,88.539,685.499,12,12,0,12,1.0000,1.0000,0,916.1,0.9757
1783,384.444,167.250,686.028,12,12,0,12,1.0000,1.0000,0,931.6,0.9922
1784,384.596,206.346,725.290,12,12,0,12,1.0000,1.0000,0,948.2,1.0099
1785,384.414,245.960,686.556,12,12,0,12,1.0000,1.0000,0,930.5,0.9911
1786,384.566,285.056,725.818,12,12,0,12,1.0000,1.0000,0,932.7,0.9934
1787,384.384,324.670,687.084,12,12,0,12,1.0000,1.0000,0,946.1,1.0076
1788,384.536,363.766,726.346,12,12,0,12,1.0000,1.0000,0,915.9,0.9755
1789,384.507,442.476,726.875,12,12,0,12,1.0000,1.0000,0,920.3,0.9802
1790,384.477,521.186,727.403,12,12,0,12,1.0000,1.0000,0,947.0,1.0086
1791,384.447,599.897,727.931,12,12,1,11,0.9167,1.0000,0,882.3,0.9397
1792,384.599,638.993,767.193,8,4,0,4,1.0000,0.8232,0,436.5,0.4649
1793,384.417,678.607,728.460,12,12,0,12,1.0000,1.0000,0,921.9,0.9818
1794,384.569,717.703,767.722,8,4,0,4,1.0000,0.8408,0,426.6,0.4543
1795,384.388,757.317,728.988,8,4,0,4,1.0000,0.0000,0,0.0,0.0000
1796,384.655,48.925,724.233,8,8,0,8,1.0000,0.9499,0,580.9,0.6187
1797,384.807,88.021,763.495,8,4,0,4,1.0000,0.9220,0,541.7,0.5769
1798,384.625,127.635,724.761,12,12,0,12,1.0000,1.0000,0,930.8,0.9914
1799,384.778,166.731,764.023,8,4,0,4,1.0000,0.8329,0,413.5,0.4404
1800,384.748,245.442,764.552,8,4,0,4,1.0000,0.7655,0,0.0,0.0000
1801,384.718,324.152,765.080,8,4,1,3,0.7500,0.7486,0,274.2,0.2921
1802,384.688,402.862,765.608,8,4,0,4,1.0000,0.8739,0,465.6,0.4959
1803,384.659,481.572,766.137,8,4,0,4,1.0000,0.8151,0,392.5,0.4181
1804,384.629,560.282,766.665,8,4,1,3,0.7500,0.7159,0,275.2,0.2931
1805,420.863,446.928,63.835,8,8,0,8,1.0000,0.8338,0,434.0,0.4649
1806,420.834,525.639,64.363,8,8,0,8,1.0000,0.8225,0,395.4,0.4235
1807,420.804,604.349,64.892,8,8,0,8,1.0000,0.8044,0,389.7,0.4174
1808,420.774,683.059,65.420,8,8,0,8,1.0000,0.9003,0,497.5,0.5329
1809,420.744,761.769,65.948,5,3,0,3,1.0000,0.0000,0,0.0,0.0000
1810,421.012,53.377,61.193,5,5,1,4,0.8000,0.7383,0,327.7,0.3511
1811,420.982,132.087,61.722,8,8,0,8,1.0000,0.8415,0,437.0,0.4681
1812,420.953,210.798,62.250,8,8,0,8,1.0000,0.8320,0,404.6,0.4334
1813,421.105,249.894,101.512,12,12,0,12,1.0000,1.0000,0,967.1,1.0360
1814,420.923,289.508,62.778,8,8,1,7,0.8750,0.8194,0,395.4,0.4236
1815,421.075,328.604,102.041,12,12,0,12,1.0000,1.0000,0,950.2,1.0179
1816,420.893,368.218,63.307,8,8,0,8,1.0000,0.7901,0,334.5,0.3583
1817,421.045,407.314,102.569,12,12,1,11,0.9167,1.0000,0,911.7,0.9766
1818,421.015,486.024,103.097,12,12,0,12,1.0000,1.0000,0,955.6,1.0237
1819,420.986,564.735,103.625,12,12,0,12,1.0000,1.0000,0,973.1,1.0424
1820,420.956,643.445,104.154,12,12,1,11,0.9167,1.0000,0,1002.8,1.0742
1821,421.108,682.541,143.416,12,12,0,12,1.0000,1.0000,0,912.0,0.9769
1822,420.926,722.155,104.682,12,12,0,12,1.0000,1.0000,0,938.5,1.0053
1823,421.078,761.251,143.944,8,4,0,4,1.0000,0.0000,0,0.0,0.0000
1824,421.346,52.859,139.189,8,8,1,7,0.8750,0.9141,0,539.8,0.5783
1825,421.164,92.473,100.456,12,12,0,12,1.0000,1.0000,0,900.3,0.9644
1826,421.316,131.569,139.718,12,12,0,12,1.0000,1.0000,0,915.2,0.9804
1827,421.134,171.184,100.984,12,12,0,12,1.0000,1.0000,0,942.4,1.0096
1828,421.286,210.280,140.246,12,12,0,12,1.0000,1.0000,0,963.3,1.0319
1829,421.257,288.990,140.774,12,12,0,12,1.0000,1.0000,0,964.4,1.0331
1830,421.227,367.700,141.303,12,12,0,12,1.0000,1.0000,0,969.0,1.0380
1831,421.197,446.410,141.831,12,12,0,12,1.0000,1.0000,0,958.5,1.0268
1832,421.349,485.506,181.093,12,12,0,12,1.0000,1.0000,0,964.4,1.0332
1833,421.167,525.120,142.359,12,12,0,12,1.0000,1.0000,0,951.2,1.0190
1834,421.319,564.216,181.621,12,12,0,12,1.0000,1.0000,0,970.8,1.0401
1835,421.138,603.831,142.888,12,12,0,12,1.0000,1.0000,0,940.7,1.0077
1836,421.290,642.927,182.150,12,12,0,12,1.0000,1.0000,0,972.5,1.0419
1837,421.260,721.637,182.678,12,12,0,12,1.0000,1.0000,0,921.3,0.9870
1838,421.498,91.955,178.452,12,12,1,11,0.9167,1.0000,0,941.6,1.0087
1839,421.468,170.665,178.980,12,12,1,11,0.9167,1.0000,0,980.2,1.0501
1840,421.620,209.761,218.242,12,12,0,12,1.0000,1.0000,0,914.1,0.9793
1841,421.438,249.376,179.508,12,12,0,12,1.0000,1.0000,0,958.8,1.0272
1842,421.590,288.472,218.770,12,12,0,12,1.0000,1.0000,0,916.0,0.9814
1843,421.409,328.086,180.037,12,12,0,12,1.0000,1.0000,0,952.7,1.0206
1844,421.561,367.182,219.299,12,12,0,12,1.0000,1.0000,0,939.8,1.0068
1845,421.379,406.796,180.565,12,12,0,12,1.0000,1.0000,0,973.0,1.0424
1846,421.531,445.892,219.827,12,12,0,12,1.0000,1.0000,0,962.3,1.0309
1847,421.501,524.602,220.355,12,12,0,12,1.0000,1.0000,0,958.1,1.0264
1848,421.471,603.312,220.884,12,12,0,12,1.0000,1.0000,0,971.1,1.0404
1849,421.624,642.408,260.146,12,12,1,11,0.9167,1.0000,0,959.6,1.0280
1850,421.442,682.023,221.412,12,12,0,12,1.0000,1.0000,0,918.1,0.9835
1851,421.594,721.119,260.674,12,12,0,12,1.0000,1.0000,0,923.5,0.9894
1852,421.412,760.733,221.940,8,4,0,4,1.0000,0.0000,0,0.0,0.0000
1853,421.680,52.341,217.185,8,8,0,8,1.0000,0.7549,0,314.6,0.3370
1854,421.832,91.437,256.448,12,12,0,12,1.0000,1.0000,0,912.3,0.9774
1855,421.650,131.051,217.714,12,12,0,12,1.0000,1.0000,0,888.2,0.9516
1856,421.802,170.147,256.976,12,12,0,12,1.0000,1.0000,0,931.9,0.9984
1857,421.772,248.857,257.504,12,12,0,12,1.0000,1.0000,0,936.0,1.0028
1858,421.742,327.568,258.032,12,12,0,12,1.0000,1.0000,0,954.4,1.0225
1859,421.713,406.278,258.561,12,12,0,12,1.0000,1.0000,0,950.7,1.0186
1860,421.865,445.374,297.823,12,12,0,12,1.0000,1.0000,0,967.7,1.0368
1861,421.683,484.988,259.089,12,12,0,12,1.0000,1.0000,0,967.0,1.0360
1862,421.835,524.084,298.351,12,12,0,12,1.0000,1.0000,0,971.9,1.0412
1863,421.653,563.698,259.617,12,12,0,12,1.0000,1.0000,0,956.2,1.0244
1864,421.805,602.794,298.880,12,12,1,11,0.9167,1.0000,0,940.4,1.0075
1865,421.776,681.505,299.408,12,12,0,12,1.0000,1.0000,0,920.5,0.9862
1866,421.746,760.215,299.936,8,4,0,4,1.0000,0.0000,0,0.0,0.0000
1867,422.013,51.823,295.181,8,8,2,6,0.7500,0.8726,0,486.3,0.5210
1868,421.984,130.533,295.710,12,12,0,12,1.0000,1.0000,0,933.3,1.0000
1869,421.954,209.243,296.238,12,12,0,12,1.0000,1.0000,0,948.6,1.0163
1870,422.106,248.339,335.500,12,12,0,12,1.0000,1.0000,0,917.9,0.9835
1871,421.924,287.953,296.766,12,12,0,12,1.0000,1.0000,0,962.3,1.0309
1872,422.076,327.049,336.028,12,12,0,12,1.0000,1.0000,0,917.6,0.9831
1873,421.894,366.664,297.295,12,12,0,12,1.0000,1.0000,0,960.9,1.0295
1874,422.046,405.760,336.557,12,12,0,12,1.0000,1.0000,0,924.0,0.9900
1875,422.017,484.470,337.085,12,12,0,12,1.0000,1.0000,0,938.9,1.0059
1876,421.987,563.180,337.613,12,12,0,12,1.0000,1.0000,0,943.0,1.0104
1877,421.957,641.890,338.142,12,12,1,11,0.9167,1.0000,0,933.7,1.0003
1878,422.109,680.986,377.404,12,12,0,12,1.0000,1.0000,0,938.1,1.0051
1879,421.928,720.601,338.670,12,12,0,12,1.0000,1.0000,0,927.4,0.9936
1880,422.080,759.697,377.932,8,4,0,4,1.0000,0.0000,0,0.0,0.0000
1881,422.347,51.305,373.177,8,8,2,6,0.7500,0.8222,0,405.7,0.4347
1882,422.165,90.919,334.444,12,12,1,11,0.9167,1.0000,0,903.1,0.9676
1883,422.317,130.015,373.706,12,12,0,12,1.0000,1.0000,0,888.7,0.9522
1884,422.136,169.629,334.972,12,12,0,12,1.0000,1.0000,0,916.8,0.9823
1885,422.288,208.725,374.234,12,12,0,12,1.0000,1.0000,0,928.8,0.9952
1886,422.258,287.435,374.762,12,12,0,12,1.0000,1.0000,0,923.2,0.9891
1887,422.228,366.145,375.291,12,12,0,12,1.0000,1.0000,0,898.8,0.9630
1888,422.199,444.856,375.819,12,12,0,12,1.0000,1.0000,0,945.4,1.0129
1889,422.351,483.952,415.081,12,12,0,12,1.0000,1.0000,0,940.1,1.0072
1890,422.169,523.566,376.347,12,12,0,12,1.0000,1.0000,0,984.7,1.0550
1891,422.321,562.662,415.609,12,12,0,12,1.0000,1.0000,0,946.4,1.0140
1892,422.139,602.276,376.876,12,12,0,12,1.0000,1.0000,0,965.4,1.0344
1893,422.291,641.372,416.138,12,12,1,11,0.9167,1.0000,0,933.4,1.0001
1894,422.261,720.082,416.666,12,12,2,10,0.8333,1.0000,0,914.6,0.9800
1895,422.499,90.401,412.440,12,12,2,10,0.8333,0.9688,0,655.5,0.7024
1896,422.469,169.111,412.968,12,12,0,12,1.0000,1.0000,0,905.4,0.9701
1897,422.621,208.207,452.230,12,12,0,12,1.0000,1.0000,0,920.7,0.9866
1898,422.440,247.821,413.496,12,12,0,12,1.0000,1.0000,0,935.6,1.0024
1899,422.592,286.917,452.758,12,12,0,12,1.0000,1.0000,0,945.1,1.0126
1900,422.410,326.531,414.024,12,12,0,12,1.0000,1.0000,0,903.4,0.9680
1901,422.562,365.627,453.287,12,12,0,12,1.0000,1.0000,0,932.1,0.9987
1902,422.380,405.241,414.553,12,12,0,12,1.0000,1.0000,0,898.6,0.9628
1903,422.532,444.338,453.815,12,12,0,12,1.0000,1.0000,0,953.7,1.0219
1904,422.503,523.048,454.343,12,12,0,12,1.0000,1.0000,0,978.5,1.0484
1905,422.473,601.758,454.872,12,12,0,12,1.0000,1.0000,0,984.2,1.0545
1906,422.625,640.854,494.134,12,12,0,12,1.0000,1.0000,0,937.0,1.0040
1907,422.443,680.468,455.400,12,12,1,11,0.9167,1.0000,0,882.4,0.9455
1908,422.595,719.564,494.662,12,12,0,12,1.0000,1.0000,0,916.3,0.9818
1909,422.413,759.178,455.928,8,4,1,3,0.7500,0.0000,0,0.0,0.0000
1910,422.681,50.786,451.173,8,8,1,7,0.8750,0.9056,0,525.3,0.5629
1911,422.833,89.882,490.435,12,12,0,12,1.0000,1.0000,0,924.7,0.9909
1912,422.651,129.497,451.702,12,12,0,12,1.0000,1.0000,0,894.8,0.9588
1913,422.803,168.593,490.964,12,12,0,12,1.0000,1.0000,0,913.9,0.9793
1914,422.774,247.303,491.492,12,12,0,12,1.0000,1.0000,0,919.0,0.9847
1915,422.744,326.013,492.020,12,12,0,12,1.0000,1.0000,0,936.8,1.0038
1916,422.714,404.723,492.549,12,12,0,12,1.0000,1.0000,0,908.7,0.9737
1917,422.866,443.819,531.811,12,12,0,12,1.0000,1.0000,0,946.0,1.0136
1918,422.684,483.434,493.077,12,12,0,12,1.0000,1.0000,0,944.6,1.0121
1919,422.836,522.530,532.339,12,12,0,12,1.0000,1.0000,0,958.7,1.0273
1920,422.655,562.144,493.605,12,12,0,12,1.0000,1.0000,0,959.6,1.0283
1921,422.807,601.240,532.868,12,12,1,11,0.9167,1.0000,0,915.5,0.9809
1922,422.777,679.950,533.396,12,12,0,12,1.0000,1.0000,0,928.8,0.9953
1923,422.747,758.660,533.924,8,4,0,4,1.0000,0.0000,0,0.0,0.0000
1924,423.015,50.268,529.169,8,8,0,8,1.0000,0.8599,0,441.0,0.4726
1925,422.985,128.978,529.698,12,12,0,12,1.0000,1.0000,0,906.8,0.9717
1926,422.955,207.689,530.226,12,12,0,12,1.0000,1.0000,0,902.5,0.9671
1927,423.107,246.785,569.488,12,12,0,12,1.0000,1.0000,0,950.0,1.0180
1928,422.926,286.399,530.754,12,12,0,12,1.0000,1.0000,0,943.2,1.0107
1929,423.078,325.495,570.016,12,12,0,12,1.0000,1.0000,0,942.9,1.0103
1930,422.896,365.109,531.283,12,12,0,12,1.0000,1.0000,0,934.2,1.0010
1931,423.048,404.205,570.545,12,12,0,12,1.0000,1.0000,0,951.0,1.0190
1932,423.018,482.915,571.073,12,12,1,11,0.9167,0.9972,0,845.2,0.9057
1933,422.988,561.626,571.601,12,12,0,12,1.0000,1.0000,0,956.8,1.0253
1934,422.959,640.336,572.130,12,12,1,11,0.9167,1.0000,0,897.6,0.9618
1935,423.111,679.432,611.392,12,12,12,0,0.0000,0.0000,1,0.0,0.0000
1936,422.929,719.046,572.658,12,12,1,11,0.9167,1.0000,0,835.1,0.8948
1937,423.081,758.142,611.920,8,4,0,4,1.0000,0.0000,0,0.0,0.0000
1938,423.349,49.750,607.165,8,8,0,8,1.0000,0.8496,0,449.0,0.4811
1939,423.167,89.364,568.431,12,12,0,12,1.0000,1.0000,0,911.5,0.9767
1940,423.319,128.460,607.694,12,12,0,12,1.0000,1.0000,0,922.5,0.9885
1941,423.137,168.074,568.960,12,12,0,12,1.0000,1.0000,0,929.4,0.9959
1942,423.289,207.171,608.222,12,12,0,12,1.0000,1.0000,0,915.3,0.9808
1943,423.259,285.881,608.750,12,12,0,12,1.0000,1.0000,0,940.8,1.0082
1944,423.230,364.591,609.279,12,12,0,12,1.0000,1.0000,0,936.9,1.0040
1945,423.200,443.301,609.807,12,12,0,12,1.0000,1.0000,0,952.8,1.0210
1946,423.352,482.397,649.069,12,12,0,12,1.0000,1.0000,0,950.8,1.0189
1947,423.170,522.011,610.335,12,12,0,12,1.0000,1.0000,0,944.4,1.0120
1948,423.322,561.107,649.597,12,12,0,12,1.0000,1.0000,0,960.7,1.0295
1949,423.140,600.722,610.864,12,12,0,12,1.0000,1.0000,0,950.8,1.0189
1950,423.292,639.818,650.126,12,12,2,10,0.8333,1.0000,0,913.0,0.9784
1951,423.263,718.528,650.654,12,12,1,11,0.9167,0.9831,0,774.5,0.8300
1952,423.501,88.846,646.427,12,12,0,12,1.0000,1.0000,0,914.2,0.9797
1953,423.471,167.556,646.956,12,12,0,12,1.0000,1.0000,0,969.8,1.0393
1954,423.623,206.652,686.218,12,12,0,12,1.0000,1.0000,0,931.7,0.9984
1955,423.441,246.267,647.484,12,12,0,12,1.0000,1.0000,0,964.0,1.0330
1956,423.593,285.363,686.746,12,12,1,11,0.9167,1.0000,0,928.5,0.9950
1957,423.411,324.977,648.012,12,12,0,12,1.0000,1.0000,0,958.3,1.0269
1958,423.563,364.073,687.275,12,12,0,12,1.0000,1.0000,0,933.6,1.0005
1959,423.382,403.687,648.541,12,12,0,12,1.0000,1.0000,0,946.6,1.0144
1960,423.534,442.783,687.803,12,12,0,12,1.0000,1.0000,0,948.1,1.0160
1961,423.504,521.493,688.331,12,12,0,12,1.0000,1.0000,0,957.3,1.0259
1962,423.474,600.203,688.860,12,12,0,12,1.0000,1.0000,0,958.4,1.0271
1963,423.444,678.914,689.388,12,12,0,12,1.0000,1.0000,0,903.9,0.9686
1964,423.596,718.010,728.650,12,12,0,12,1.0000,1.0000,0,935.5,1.0025
1965,423.415,757.624,689.916,8,4,0,4,1.0000,0.0000,0,0.0,0.0000
1966,423.682,49.232,685.161,8,8,0,8,1.0000,0.8815,0,499.2,0.5350
1967,423.834,88.328,724.423,12,12,0,12,1.0000,1.0000,0,969.1,1.0386
1968,423.653,127.942,685.690,12,12,0,12,1.0000,1.0000,0,932.1,0.9989
1969,423.805,167.038,724.952,12,12,0,12,1.0000,1.0000,0,967.2,1.0365
1970,423.775,245.748,725.480,12,12,0,12,1.0000,1.0000,0,973.0,1.0427
1971,423.745,324.459,726.008,12,12,0,12,1.0000,1.0000,0,937.8,1.0050
1972,423.715,403.169,726.537,12,12,0,12,1.0000,1.0000,0,935.6,1.0026
1973,423.867,442.265,765.799,8,4,0,4,1.0000,0.7624,0,311.1,0.3334
1974,423.686,481.879,727.065,12,12,0,12,1.0000,1.0000,0,965.8,1.0350
1975,423.838,520.975,766.327,8,4,0,4,1.0000,0.7233,0,245.5,0.2631
1976,423.656,560.589,727.593,12,12,0,12,1.0000,1.0000,0,972.4,1.0421
1977,423.808,599.685,766.856,8,4,0,4,1.0000,0.7645,0,316.5,0.3391
1978,423.626,639.299,728.122,12,12,0,12,1.0000,1.0000,0,977.5,1.0475
1979,423.778,678.395,767.384,8,4,0,4,1.0000,0.8338,0,411.6,0.4411
1980,423.748,757.106,767.912,5,1,0,1,1.0000,0.0000,0,0.0,0.0000
1981,424.016,48.714,763.157,5,3,0,3,1.0000,0.7096,0,375.8,0.4027
1982,423.986,127.424,763.686,8,4,0,4,1.0000,0.8268,0,404.3,0.4332
1983,423.957,206.134,764.214,8,4,0,4,1.0000,0.8192,0,413.3,0.4429
1984,423.927,284.844,764.742,8,4,0,4,1.0000,0.7901,0,349.2,0.3742
1985,423.897,363.555,765.271,8,4,0,4,1.0000,0.7861,0,337.4,0.3615
1986,460.102,328.911,62.969,8,8,0,8,1.0000,0.7918,0,303.5,0.3269
1987,460.072,407.621,63.497,8,8,0,8,1.0000,0.8209,0,409.7,0.4412
1988,460.042,486.331,64.025,8,8,0,8,1.0000,0.7883,0,325.1,0.3501
1989,460.013,565.041,64.554,8,8,0,8,1.0000,0.8366,0,437.4,0.4711
1990,459.983,643.752,65.082,8,8,0,8,1.0000,0.8038,0,365.2,0.3933
1991,459.953,722.462,65.610,8,8,0,8,1.0000,0.8895,0,496.0,0.5342
1992,460.105,761.558,104.873,8,4,0,4,1.0000,0.0000,0,0.0,0.0000
1993,460.373,53.166,100.118,8,8,0,8,1.0000,0.8917,0,501.2,0.5398
1994,460.191,92.780,61.384,8,8,0,8,1.0000,0.8073,0,365.2,0.3933
1995,460.343,131.876,100.646,12,12,0,12,1.0000,1.0000,0,915.8,0.9864
1996,460.161,171.490,61.912,8,8,0,8,1.0000,0.7167,0,275.4,0.2966
1997,460.313,210.586,101.174,12,12,0,12,1.0000,1.0000,0,919.4,0.9903
1998,460.132,250.200,62.440,8,8,0,8,1.0000,0.8207,0,372.1,0.4008
1999,460.284,289.297,101.703,12,12,0,12,1.0000,1.0000,0,913.6,0.9840
2000,460.254,368.007,102.231,12,12,0,12,1.0000,1.0000,0,949.5,1.0226
2001,460.224,446.717,102.759,12,12,0,12,1.0000,1.0000,0,930.7,1.0024
2002,460.194,525.427,103.288,12,12,0,12,1.0000,1.0000,0,927.4,0.9989
2003,460.347,564.523,142.550,12,12,0,12,1.0000,1.0000,0,931.9,1.0037
2004,460.165,604.137,103.816,12,12,0,12,1.0000,1.0000,0,957.3,1.0310
2005,460.317,643.233,143.078,12,12,1,11,0.9167,1.0000,0,883.6,0.9517
2006,460.135,682.848,104.344,12,12,1,11,0.9167,0.9861,0,763.9,0.8227
2007,460.287,721.944,143.606,12,12,2,10,0.8333,0.9888,0,759.2,0.8177
2008,460.525,92.262,139.380,12,12,0,12,1.0000,1.0000,0,880.9,0.9489
2009,460.495,170.972,139.908,12,12,0,12,1.0000,1.0000,0,909.5,0.9796
2010,460.465,249.682,140.436,12,12,0,12,1.0000,1.0000,0,920.0,0.9909
2011,460.617,288.778,179.699,12,12,0,12,1.0000,1.0000,0,961.4,1.0356
2012,460.436,328.393,140.965,12,12,0,12,1.0000,1.0000,0,908.4,0.9784
2013,460.588,367.489,180.227,12,12,0,12,1.0000,1.0000,0,950.5,1.0238
2014,460.406,407.103,141.493,12,12,0,12,1.0000,1.0000,0,926.3,0.9977
2015,460.558,446.199,180.755,12,12,0,12,1.0000,1.0000,0,933.4,1.0054
2016,460.376,485.813,142.021,12,12,0,12,1.0000,1.0000,0,938.6,1.0109
2017,460.528,524.909,181.284,12,12,0,12,1.0000,1.0000,0,946.2,1.0192
2018,460.499,603.619,181.812,12,12,0,12,1.0000,1.0000,0,954.3,1.0279
2019,460.469,682.329,182.340,12,12,1,11,0.9167,1.0000,0,833.7,0.8980
2020,460.621,721.425,221.602,12,12,1,11,0.9167,1.0000,0,913.3,0.9838
2021,460.439,761.040,182.869,8,4,1,3,0.7500,0.0000,0,0.0,0.0000
2022,460.707,52.648,178.114,8,8,1,7,0.8750,0.8914,0,505.5,0.5444
2023,460.859,91.744,217.376,12,12,1,11,0.9167,1.0000,0,898.4,0.9677
2024,460.677,131.358,178.642,12,12,0,12,1.0000,1.0000,0,909.7,0.9799
2025,460.829,170.454,217.904,12,12,1,11,0.9167,1.0000,0,939.2,1.0116
2026,460.647,210.068,179.170,12,12,0,12,1.0000,1.0000,0,899.1,0.9684
2027,460.799,249.164,218.432,12,12,0,12,1.0000,1.0000,0,920.5,0.9915
2028,460.769,327.874,218.961,12,12,0,12,1.0000,1.0000,0,940.2,1.0127
2029,460.740,406.585,219.489,12,12,0,12,1.0000,1.0000,0,949.1,1.0223
2030,460.710,485.295,220.017,12,12,0,12,1.0000,1.0000,0,923.7,0.9950
2031,460.862,524.391,259.280,12,12,0,12,1.0000,1.0000,0,944.9,1.0178
2032,460.680,564.005,220.546,12,12,0,12,1.0000,1.0000,0,934.7,1.0068
2033,460.832,603.101,259.808,12,12,0,12,1.0000,1.0000,0,938.0,1.0104
2034,460.651,642.715,221.074,12,12,1,11,0.9167,1.0000,0,925.8,0.9972
2035,460.803,681.811,260.336,12,12,0,12,1.0000,1.0000,0,919.5,0.9905
2036,460.773,760.521,260.865,8,4,0,4,1.0000,0.0000,0,0.0,0.0000
2037,461.040,52.130,256.110,8,8,0,8,1.0000,0.7918,0,311.7,0.3358
2038,461.011,130.840,256.638,12,12,0,12,1.0000,1.0000,0,871.2,0.9384
2039,460.981,209.550,257.166,12,12,0,12,1.0000,1.0000,0,885.8,0.9542
2040,460.951,288.260,257.695,12,12,0,12,1.0000,1.0000,0,889.6,0.9583
2041,461.103,327.356,296.957,12,12,0,12,1.0000,1.0000,0,952.7,1.0263
2042,460.922,366.970,258.223,12,12,0,12,1.0000,1.0000,0,931.7,1.0036
2043,461.074,406.066,297.485,12,12,0,12,1.0000,1.0000,0,926.3,0.9978
2044,460.892,445.681,258.751,12,12,0,12,1.0000,1.0000,0,953.6,1.0272
2045,461.044,484.777,298.013,12,12,0,12,1.0000,1.0000,0,946.6,1.0197
2046,461.014,563.487,298.542,12,12,0,12,1.0000,1.0000,0,942.4,1.0151
2047,460.984,642.197,299.070,12,12,0,12,1.0000,1.0000,0,951.4,1.0249
2048,460.955,720.907,299.598,12,12,0,12,1.0000,1.0000,0,885.4,0.9537
2049,461.107,760.003,338.861,8,4,0,4,1.0000,0.0000,0,0.0,0.0000
2050,461.374,51.611,334.106,8,8,0,8,1.0000,0.8852,0,497.4,0.5358
2051,461.192,91.226,295.372,12,12,0,12,1.0000,1.0000,0,905.6,0.9756
2052,461.344,130.322,334.634,12,12,0,12,1.0000,1.0000,0,913.0,0.9835
2053,461.163,169.936,295.900,12,12,0,12,1.0000,1.0000,0,924.0,0.9953
2054,461.315,209.032,335.162,12,12,0,12,1.0000,1.0000,0,943.7,1.0166
2055,461.133,248.646,296.428,12,12,0,12,1.0000,1.0000,0,940.6,1.0132
2056,461.285,287.742,335.691,12,12,0,12,1.0000,1.0000,0,922.5,0.9937
2057,461.255,366.452,336.219,12,12,0,12,1.0000,1.0000,0,911.7,0.9821
2058,461.226,445.162,336.747,12,12,0,12,1.0000,1.0000,0,919.8,0.9909
2059,461.196,523.873,337.276,12,12,0,12,1.0000,1.0000,0,942.1,1.0149
2060,461.348,562.969,376.538,12,12,0,12,1.0000,1.0000,0,940.8,1.0135
2061,461.166,602.583,337.804,12,12,0,12,1.0000,1.0000,0,954.7,1.0284
2062,461.318,641.679,377.066,12,12,1,11,0.9167,1.0000,0,938.4,1.0109
2063,461.136,681.293,338.332,12,12,0,12,1.0000,1.0000,0,921.1,0.9922
2064,461.288,720.389,377.594,12,12,0,12,1.0000,1.0000,0,901.2,0.9708
2065,461.526,90.707,373.368,12,12,0,12,1.0000,1.0000,0,899.4,0.9688
2066,461.497,169.418,373.896,12,12,1,11,0.9167,1.0000,0,908.7,0.9789
2067,461.467,248.128,374.424,12,12,0,12,1.0000,1.0000,0,905.1,0.9750
2068,461.619,287.224,413.687,12,12,0,12,1.0000,1.0000,0,884.6,0.9529
2069,461.437,326.838,374.953,12,12,0,12,1.0000,1.0000,0,897.4,0.9668
2070,461.589,365.934,414.215,12,12,0,12,1.0000,1.0000,0,852.8,0.9187
2071,461.407,405.548,375.481,12,12,0,12,1.0000,1.0000,0,907.2,0.9772
2072,461.559,444.644,414.743,12,12,0,12,1.0000,1.0000,0,914.7,0.9854
2073,461.378,484.258,376.009,12,12,0,12,1.0000,1.0000,0,916.1,0.9869
2074,461.530,523.354,415.272,12,12,0,12,1.0000,1.0000,0,939.1,1.0117
2075,461.500,602.065,415.800,12,12,0,12,1.0000,1.0000,0,930.8,1.0027
2076,461.470,680.775,416.328,12,12,1,11,0.9167,1.0000,0,819.2,0.8825
2077,461.622,719.871,455.590,12,12,1,11,0.9167,1.0000,0,822.5,0.8861
2078,461.440,759.485,416.857,8,4,1,3,0.7500,0.0000,0,0.0,0.0000
2079,461.708,51.093,412.102,8,8,0,8,1.0000,0.8251,0,419.3,0.4517
2080,461.860,90.189,451.364,12,12,1,11,0.9167,1.0000,0,839.9,0.9048
2081,461.678,129.803,412.630,12,12,0,12,1.0000,1.0000,0,896.8,0.9661
2082,461.830,168.899,451.892,12,12,0,12,1.0000,1.0000,0,922.6,0.9939
2083,461.649,208.514,413.158,12,12,0,12,1.0000,1.0000,0,916.2,0.9870
2084,461.801,247.610,452.420,12,12,0,12,1.0000,1.0000,0,921.3,0.9925
2085,461.771,326.320,452.949,12,12,0,12,1.0000,1.0000,0,911.0,0.9814
2086,461.741,405.030,453.477,12,12,0,12,1.0000,1.0000,0,903.7,0.9735
2087,461.711,483.740,454.005,12,12,0,12,1.0000,1.0000,0,936.3,1.0087
2088,461.863,522.836,493.268,12,12,0,12,1.0000,1.0000,0,945.6,1.0187
2089,461.682,562.450,454.534,12,12,0,12,1.0000,1.0000,0,943.8,1.0167
2090,461.834,601.547,493.796,12,12,0,12,1.0000,1.0000,0,948.9,1.0222
2091,461.652,641.161,455.062,12,12,0,12,1.0000,1.0000,0,936.6,1.0090
2092,461.804,680.257,494.324,12,12,1,11,0.9167,1.0000,0,909.5,0.9798
2093,461.774,758.967,494.853,8,4,0,4,1.0000,0.0000,0,0.0,0.0000
2094,462.042,50.575,490.098,8,8,1,7,0.8750,0.8045,0,391.9,0.4222
2095,462.012,129.285,490.626,12,12,0,12,1.0000,1.0000,0,916.2,0.9871
2096,461.982,207.995,491.154,12,12,0,12,1.0000,1.0000,0,880.3,0.9484
2097,461.953,286.706,491.683,12,12,0,12,1.0000,1.0000,0,896.3,0.9657
2098,462.105,325.802,530.945,12,12,0,12,1.0000,1.0000,0,921.3,0.9925
2099,461.923,365.416,492.211,12,12,1,11,0.9167,1.0000,0,913.7,0.9843
2100,462.075,404.512,531.473,12,12,0,12,1.0000,1.0000,0,904.5,0.9745
2101,461.893,444.126,492.739,12,12,0,12,1.0000,1.0000,0,930.0,1.0019
2102,462.045,483.222,532.001,12,12,0,12,1.0000,1.0000,0,935.6,1.0080
2103,462.015,561.932,532.530,12,12,0,12,1.0000,1.0000,0,945.5,1.0186
2104,461.986,640.643,533.058,12,12,0,12,1.0000,1.0000,0,944.0,1.0170
2105,461.956,719.353,533.586,12,12,0,12,1.0000,1.0000,0,885.1,0.9535
2106,462.108,758.449,572.849,8,4,0,4,1.0000,0.0000,0,0.0,0.0000
2107,462.194,89.671,529.360,12,12,0,12,1.0000,1.0000,0,892.6,0.9616
2108,462.346,128.767,568.622,12,12,0,12,1.0000,1.0000,0,901.5,0.9712
2109,462.164,168.381,529.888,12,12,0,12,1.0000,1.0000,0,902.2,0.9720
2110,462.316,207.477,569.150,12,12,0,12,1.0000,1.0000,0,892.2,0.9612
2111,462.134,247.091,530.416,12,12,0,12,1.0000,1.0000,0,936.0,1.0084
2112,462.286,286.187,569.679,12,12,0,12,1.0000,1.0000,0,920.6,0.9918
2113,462.257,364.898,570.207,12,12,0,12,1.0000,1.0000,0,896.2,0.9655
2114,462.227,443.608,570.735,12,12,0,12,1.0000,1.0000,0,917.2,0.9882
2115,462.197,522.318,571.264,12,12,1,11,0.9167,1.0000,0,920.2,0.9914
2116,462.349,561.414,610.526,12,12,0,12,1.0000,1.0000,0,936.3,1.0088
2117,462.167,601.028,571.792,12,12,0,12,1.0000,1.0000,0,916.2,0.9871
2118,462.319,640.124,611.054,12,12,2,10,0.8333,1.0000,0,876.8,0.9446
2119,462.138,679.739,572.320,12,12,1,11,0.9167,1.0000,0,797.5,0.8592
2120,462.290,718.835,611.582,12,12,1,11,0.9167,0.9944,0,800.0,0.8619
2121,462.376,50.057,568.094,8,8,0,8,1.0000,0.8287,0,398.6,0.4295
2122,462.528,89.153,607.356,12,12,1,11,0.9167,1.0000,0,921.4,0.9927
2123,462.498,167.863,607.884,12,12,0,12,1.0000,1.0000,0,928.9,1.0008
2124,462.468,246.573,608.412,12,12,0,12,1.0000,1.0000,0,908.1,0.9784
2125,462.620,285.669,647.675,12,12,0,12,1.0000,1.0000,0,913.7,0.9844
2126,462.438,325.284,608.941,12,12,0,12,1.0000,1.0000,0,938.1,1.0107
2127,462.590,364.380,648.203,12,12,0,12,1.0000,1.0000,0,941.7,1.0146
2128,462.409,403.994,609.469,12,12,0,12,1.0000,1.0000,0,924.4,0.9959
2129,462.561,443.090,648.731,12,12,0,12,1.0000,1.0000,0,930.0,1.0020
2130,462.379,482.704,609.997,12,12,0,12,1.0000,1.0000,0,918.6,0.9897
2131,462.531,521.800,649.260,12,12,0,12,1.0000,1.0000,0,971.4,1.0466
2132,462.501,600.510,649.788,12,12,0,12,1.0000,1.0000,0,949.7,1.0232
2133,462.471,679.220,650.316,12,12,1,11,0.9167,0.9831,0,774.0,0.8339
2134,462.623,718.316,689.578,12,12,0,12,1.0000,1.0000,0,878.6,0.9466
2135,462.442,757.931,650.845,8,4,0,4,1.0000,0.0000,0,0.0,0.0000
2136,462.709,49.539,646.090,8,8,0,8,1.0000,0.9218,0,539.1,0.5809
2137,462.861,88.635,685.352,12,12,0,12,1.0000,1.0000,0,921.9,0.9933
2138,462.680,128.249,646.618,12,12,0,12,1.0000,1.0000,0,914.9,0.9857
2139,462.832,167.345,685.880,12,12,0,12,1.0000,1.0000,0,944.6,1.0177
2140,462.650,206.959,647.146,12,12,0,12,1.0000,1.0000,0,915.2,0.9860
2141,462.802,246.055,686.408,12,12,0,12,1.0000,1.0000,0,951.1,1.0247
2142,462.772,324.765,686.937,12,12,1,11,0.9167,0.9864,0,777.1,0.8373
2143,462.742,403.476,687.465,12,12,0,12,1.0000,1.0000,0,928.3,1.0002
2144,462.713,482.186,687.993,12,12,0,12,1.0000,1.0000,0,935.6,1.0081
2145,462.865,521.282,727.256,12,12,0,12,1.0000,1.0000,0,925.7,0.9974
2146,462.683,560.896,688.522,12,12,0,12,1.0000,1.0000,0,946.9,1.0202
2147,462.835,599.992,727.784,12,12,0,12,1.0000,1.0000,0,944.3,1.0175
2148,462.653,639.606,689.050,12,12,0,12,1.0000,1.0000,0,918.3,0.9894
2149,462.805,678.702,728.312,12,12,0,12,1.0000,1.0000,0,928.4,1.0003
2150,462.776,757.412,728.841,8,4,0,4,1.0000,0.0000,0,0.0,0.0000
2151,463.043,49.020,724.086,8,8,0,8,1.0000,0.9008,0,515.8,0.5558
2152,463.013,127.731,724.614,12,12,1,11,0.9167,1.0000,0,826.1,0.8901
2153,462.984,206.441,725.142,12,12,0,12,1.0000,1.0000,0,916.5,0.9876
2154,462.954,285.151,725.671,12,12,1,11,0.9167,1.0000,0,936.7,1.0093
2155,463.106,324.247,764.933,8,4,0,4,1.0000,0.7555,0,291.0,0.3135
2156,462.924,363.861,726.199,12,12,0,12,1.0000,1.0000,0,923.5,0.9950
2157,463.076,402.957,765.461,8,4,0,4,1.0000,0.7899,0,337.4,0.3636
2158,462.894,442.572,726.727,12,12,0,12,1.0000,1.0000,0,944.4,1.0175
2159,463.046,481.668,765.989,8,4,0,4,1.0000,0.7694,0,330.7,0.3563
2160,463.017,560.378,766.518,8,4,0,4,1.0000,0.7753,0,355.9,0.3835
2161,462.987,639.088,767.046,8,4,0,4,1.0000,0.7686,0,259.3,0.2794
2162,462.957,717.798,767.574,8,4,0,4,1.0000,0.8361,0,380.3,0.4098
2163,463.195,88.117,763.348,8,4,0,4,1.0000,0.8623,0,464.8,0.5008
2164,463.165,166.827,763.876,8,4,0,4,1.0000,0.7929,0,313.4,0.3376
2165,463.136,245.537,764.404,8,4,0,4,1.0000,0.8263,0,414.0,0.4461
2166,499.370,132.183,61.574,8,8,0,8,1.0000,0.7831,0,358.8,0.3885
2167,499.340,210.893,62.103,8,8,0,8,1.0000,0.7911,0,366.9,0.3973
2168,499.311,289.603,62.631,8,8,0,8,1.0000,0.8090,0,366.7,0.3971
2169,499.281,368.313,63.159,8,8,1,7,0.8750,0.8449,0,431.5,0.4673
2170,499.251,447.024,63.688,8,8,0,8,1.0000,0.7744,0,339.4,0.3676
2171,499.222,525.734,64.216,8,8,0,8,1.0000,0.7802,0,310.6,0.3363
2172,499.374,564.830,103.478,12,12,0,12,1.0000,1.0000,0,957.9,1.0374
2173,499.192,604.444,64.744,8,8,1,7,0.8750,0.8258,0,432.6,0.4685
2174,499.344,643.540,104.006,12,12,1,11,0.9167,1.0000,0,883.0,0.9562
2175,499.162,683.154,65.273,8,8,0,8,1.0000,0.8393,0,373.5,0.4044
2176,499.314,722.250,104.535,12,12,1,11,0.9167,0.9608,0,731.1,0.7917
2177,499.132,761.865,65.801,5,3,0,3,1.0000,0.0000,0,0.0,0.0000
2178,499.400,53.473,61.046,5,5,0,5,1.0000,0.6116,0,303.2,0.3283
2179,499.552,92.569,100.308,12,12,0,12,1.0000,1.0000,0,960.4,1.0401
2180,499.522,171.279,100.836,12,12,0,12,1.0000,1.0000,0,955.3,1.0345
2181,499.493,249.989,101.365,12,12,0,12,1.0000,1.0000,0,955.9,1.0353
2182,499.463,328.699,101.893,12,12,0,12,1.0000,1.0000,0,928.7,1.0057
2183,499.615,367.795,141.155,12,12,0,12,1.0000,1.0000,0,931.8,1.0091
2184,499.433,407.409,102.421,12,12,0,12,1.0000,1.0000,0,922.5,0.9990
2185,499.585,446.506,141.684,12,12,0,12,1.0000,1.0000,0,975.0,1.0559
2186,499.403,486.120,102.950,12,12,1,11,0.9167,1.0000,0,930.5,1.0076
2187,499.555,525.216,142.212,12,12,0,12,1.0000,1.0000,0,939.2,1.0171
2188,499.526,603.926,142.740,12,12,0,12,1.0000,1.0000,0,954.3,1.0335
2189,499.496,682.636,143.269,12,12,12,0,0.0000,0.0000,1,0.0,0.0000
2190,499.466,761.346,143.797,8,4,0,4,1.0000,0.0000,0,0.0,0.0000
2191,499.734,52.954,139.042,8,8,0,8,1.0000,0.8132,0,411.0,0.4451
2192,499.704,131.665,139.570,12,12,0,12,1.0000,1.0000,0,919.2,0.9955
2193,499.856,170.761,178.832,12,12,0,12,1.0000,1.0000,0,915.4,0.9914
2194,499.674,210.375,140.099,12,12,0,12,1.0000,1.0000,0,927.0,1.0039
2195,499.826,249.471,179.361,12,12,0,12,1.0000,1.0000,0,918.1,0.9943
2196,499.645,289.085,140.627,12,12,0,12,1.0000,1.0000,0,932.1,1.0094
2197,499.797,328.181,179.889,12,12,0,12,1.0000,1.0000,0,895.1,0.9694
2198,499.767,406.891,180.417,12,12,1,11,0.9167,1.0000,0,892.0,0.9661
2199,499.737,485.602,180.946,12,12,0,12,1.0000,1.0000,0,952.0,1.0310
2200,499.707,564.312,181.474,12,12,0,12,1.0000,1.0000,0,949.0,1.0278
2201,499.859,603.408,220.736,12,12,0,12,1.0000,1.0000,0,967.2,1.0475
2202,499.678,643.022,182.002,12,12,1,11,0.9167,1.0000,0,908.6,0.9840
2203,499.830,682.118,221.265,12,12,0,12,1.0000,1.0000,0,912.3,0.9880
2204,499.648,721.732,182.531,12,12,2,10,0.8333,1.0000,0,824.7,0.8931
2205,499.800,760.828,221.793,8,4,2,2,0.5000,0.0000,0,0.0,0.0000
2206,500.068,52.436,217.038,8,8,0,8,1.0000,0.9272,0,539.3,0.5841
2207,499.886,92.050,178.304,12,12,0,12,1.0000,1.0000,0,892.8,0.9670
2208,500.038,131.146,217.566,12,12,0,12,1.0000,1.0000,0,899.7,0.9744
2209,500.008,209.857,218.095,12,12,1,11,0.9167,1.0000,0,929.5,1.0067
2210,499.978,288.567,218.623,12,12,0,12,1.0000,1.0000,0,941.8,1.0200
2211,499.949,367.277,219.151,12,12,0,12,1.0000,1.0000,0,935.0,1.0126
2212,500.101,406.373,258.413,12,12,0,12,1.0000,1.0000,0,945.2,1.0237
2213,499.919,445.987,219.680,12,12,0,12,1.0000,1.0000,0,956.1,1.0354
2214,500.071,485.083,258.942,12,12,0,12,1.0000,1.0000,0,960.9,1.0407
2215,499.889,524.698,220.208,12,12,0,12,1.0000,1.0000,0,931.4,1.0087
2216,500.041,563.794,259.470,12,12,0,12,1.0000,1.0000,0,962.0,1.0419
2217,500.011,642.504,259.998,12,12,0,12,1.0000,1.0000,0,935.4,1.0131
2218,499.982,721.214,260.527,12,12,0,12,1.0000,1.0000,0,898.5,0.9731
2219,500.220,91.532,256.300,12,12,0,12,1.0000,1.0000,0,914.2,0.9901
2220,500.372,130.628,295.562,12,12,0,12,1.0000,1.0000,0,892.8,0.9670
2221,500.190,170.242,256.828,12,12,0,12,1.0000,1.0000,0,912.5,0.9883
2222,500.342,209.339,296.091,12,12,0,12,1.0000,1.0000,0,895.6,0.9700
2223,500.160,248.953,257.357,12,12,0,12,1.0000,1.0000,0,934.9,1.0125
2224,500.312,288.049,296.619,12,12,0,12,1.0000,1.0000,0,904.7,0.9798
2225,500.130,327.663,257.885,12,12,0,12,1.0000,1.0000,0,927.0,1.0040
2226,500.282,366.759,297.147,12,12,0,12,1.0000,1.0000,0,941.6,1.0198
2227,500.253,445.469,297.676,12,12,0,12,1.0000,1.0000,0,946.4,1.0250
2228,500.223,524.179,298.204,12,12,0,12,1.0000,1.0000,0,964.5,1.0446
2229,500.375,563.275,337.466,12,12,0,12,1.0000,1.0000,0,921.8,0.9984
2230,500.193,602.890,298.732,12,12,0,12,1.0000,1.0000,0,933.2,1.0107
2231,500.345,641.986,337.994,12,12,0,12,1.0000,1.0000,0,949.2,1.0280
2232,500.163,681.600,299.261,12,12,1,11,0.9167,1.0000,0,914.0,0.9899
2233,500.315,720.696,338.523,12,12,0,12,1.0000,1.0000,0,905.2,0.9804
2234,500.134,760.310,299.789,8,4,0,4,1.0000,0.0000,0,0.0,0.0000
2235,500.401,51.918,295.034,8,8,0,8,1.0000,0.7735,0,355.0,0.3845
2236,500.553,91.014,334.296,12,12,0,12,1.0000,1.0000,0,934.8,1.0124
2237,500.524,169.724,334.824,12,12,0,12,1.0000,1.0000,0,918.5,0.9948
2238,500.494,248.435,335.353,12,12,0,12,1.0000,1.0000,0,926.2,1.0032
2239,500.464,327.145,335.881,12,12,0,12,1.0000,1.0000,0,930.1,1.0074
2240,500.616,366.241,375.143,12,12,0,12,1.0000,1.0000,0,934.7,1.0123
2241,500.434,405.855,336.409,12,12,1,11,0.9167,0.9888,0,780.9,0.8458
2242,500.586,444.951,375.672,12,12,0,12,1.0000,1.0000,0,958.0,1.0376
2243,500.405,484.565,336.938,12,12,0,12,1.0000,1.0000,0,939.2,1.0172
2244,500.557,523.661,376.200,12,12,0,12,1.0000,1.0000,0,982.6,1.0643
2245,500.527,602.371,376.728,12,12,0,12,1.0000,1.0000,0,927.6,1.0047
2246,500.497,681.082,377.257,12,12,0,12,1.0000,1.0000,0,939.1,1.0171
2247,500.467,759.792,377.785,8,4,0,4,1.0000,0.0000,0,0.0,0.0000
2248,500.735,51.400,373.030,8,8,0,8,1.0000,0.9306,0,540.4,0.5853
2249,500.705,130.110,373.558,12,12,0,12,1.0000,1.0000,0,904.7,0.9799
2250,500.857,169.206,412.820,12,12,1,11,0.9167,1.0000,0,863.1,0.9348
2251,500.676,208.820,374.087,12,12,0,12,1.0000,1.0000,0,928.5,1.0057
2252,500.828,247.916,413.349,12,12,0,12,1.0000,1.0000,0,923.6,1.0004
2253,500.646,287.531,374.615,12,12,0,12,1.0000,1.0000,0,941.6,1.0198
2254,500.798,326.627,413.877,12,12,0,12,1.0000,1.0000,0,920.5,0.9970
2255,500.768,405.337,414.405,12,12,0,12,1.0000,1.0000,0,912.7,0.9886
2256,500.738,484.047,414.934,12,12,0,12,1.0000,1.0000,0,906.5,0.9818
2257,500.709,562.757,415.462,12,12,0,12,1.0000,1.0000,0,932.7,1.0102
2258,500.861,601.853,454.724,12,12,0,12,1.0000,1.0000,0,950.1,1.0290
2259,500.679,641.467,415.990,12,12,0,12,1.0000,1.0000,0,914.5,0.9905
2260,500.831,680.563,455.253,12,12,1,11,0.9167,0.9944,0,830.2,0.8992
2261,500.649,720.178,416.519,12,12,1,11,0.9167,1.0000,0,898.2,0.9728
2262,500.801,759.274,455.781,8,4,0,4,1.0000,0.0000,0,0.0,0.0000
2263,501.069,50.882,451.026,8,8,0,8,1.0000,0.8384,0,426.6,0.4621
2264,500.887,90.496,412.292,12,12,0,12,1.0000,1.0000,0,911.3,0.9871
2265,501.039,129.592,451.554,12,12,0,12,1.0000,1.0000,0,896.3,0.9708
2266,501.009,208.302,452.083,12,12,0,12,1.0000,1.0000,0,937.9,1.0159
2267,500.980,287.012,452.611,12,12,0,12,1.0000,1.0000,0,923.8,1.0006
2268,500.950,365.723,453.139,12,12,0,12,1.0000,1.0000,0,914.2,0.9901
2269,501.102,404.819,492.401,12,12,0,12,1.0000,1.0000,0,938.6,1.0166
2270,500.920,444.433,453.668,12,12,0,12,1.0000,1.0000,0,949.2,1.0281
2271,501.072,483.529,492.930,12,12,0,12,1.0000,1.0000,0,929.1,1.0063
2272,500.890,523.143,454.196,12,12,0,12,1.0000,1.0000,0,953.5,1.0328
2273,501.042,562.239,493.458,12,12,0,12,1.0000,1.0000,0,940.4,1.0185
2274,501.013,640.949,493.986,12,12,0,12,1.0000,1.0000,0,934.3,1.0120
2275,500.983,719.660,494.515,12,12,0,12,1.0000,1.0000,0,901.6,0.9765
2276,501.221,89.978,490.288,12,12,0,12,1.0000,0.9889,0,719.1,0.7789
2277,501.373,129.074,529.550,12,12,0,12,1.0000,1.0000,0,906.2,0.9816
2278,501.191,168.688,490.816,12,12,0,12,1.0000,1.0000,0,903.0,0.9781
2279,501.343,207.784,530.079,12,12,0,12,1.0000,1.0000,0,918.4,0.9947
2280,501.161,247.398,491.345,12,12,0,12,1.0000,1.0000,0,906.6,0.9820
2281,501.313,286.494,530.607,12,12,0,12,1.0000,1.0000,0,925.7,1.0027
2282,501.132,326.108,491.873,12,12,0,12,1.0000,1.0000,0,890.3,0.9643
2283,501.284,365.204,531.135,12,12,1,11,0.9167,1.0000,0,936.0,1.0139
2284,501.254,443.915,531.664,12,12,0,12,1.0000,1.0000,0,942.6,1.0210
2285,501.224,522.625,532.192,12,12,1,11,0.9167,0.9944,0,819.8,0.8879
2286,501.194,601.335,532.720,12,12,0,12,1.0000,1.0000,0,960.1,1.0399
2287,501.347,640.431,571.982,12,12,0,12,1.0000,1.0000,0,916.7,0.9929
2288,501.165,680.045,533.249,12,12,1,11,0.9167,1.0000,0,920.9,0.9975
2289,501.317,719.141,572.511,12,12,0,12,1.0000,1.0000,0,891.3,0.9654
2290,501.135,758.756,533.777,8,4,0,4,1.0000,0.0000,0,0.0,0.0000
2291,501.403,50.364,529.022,8,8,0,8,1.0000,0.8045,0,363.5,0.3937
2292,501.555,89.460,568.284,12,12,0,12,1.0000,1.0000,0,918.7,0.9951
2293,501.525,168.170,568.812,12,12,0,12,1.0000,1.0000,0,920.2,0.9968
2294,501.495,246.880,569.341,12,12,0,12,1.0000,1.0000,0,938.2,1.0162
2295,501.465,325.590,569.869,12,12,0,12,1.0000,1.0000,0,943.4,1.0219
2296,501.617,364.686,609.131,12,12,0,12,1.0000,1.0000,0,918.4,0.9948
2297,501.436,404.300,570.397,12,12,0,12,1.0000,1.0000,0,921.2,0.9979
2298,501.588,443.396,609.660,12,12,0,12,1.0000,1.0000,0,900.0,0.9749
2299,501.406,483.011,570.926,12,12,0,12,1.0000,1.0000,0,953.7,1.0330
2300,501.558,522.107,610.188,12,12,1,11,0.9167,1.0000,0,923.3,1.0001
2301,501.376,561.721,571.454,12,12,0,12,1.0000,1.0000,0,950.6,1.0297
2302,501.528,600.817,610.716,12,12,0,12,1.0000,1.0000,0,916.4,0.9927
2303,501.499,679.527,611.245,12,12,0,12,1.0000,1.0000,0,906.7,0.9821
2304,501.469,758.237,611.773,8,4,0,4,1.0000,0.0000,0,0.0,0.0000
2305,501.736,49.845,607.018,8,8,0,8,1.0000,0.8324,0,437.0,0.4734
2306,501.707,128.556,607.546,12,12,1,11,0.9167,1.0000,0,871.6,0.9441
2307,501.859,167.652,646.808,12,12,1,11,0.9167,1.0000,0,931.2,1.0087
2308,501.677,207.266,608.075,12,12,0,12,1.0000,1.0000,0,926.3,1.0034
2309,501.829,246.362,647.337,12,12,0,12,1.0000,1.0000,0,946.9,1.0257
2310,501.647,285.976,608.603,12,12,1,11,0.9167,1.0000,0,793.5,0.8595
2311,501.799,325.072,647.865,12,12,0,12,1.0000,1.0000,0,937.2,1.0151
2312,501.769,403.782,648.393,12,12,0,12,1.0000,1.0000,0,945.2,1.0238
2313,501.740,482.493,648.922,12,12,0,12,1.0000,1.0000,0,940.1,1.0183
2314,501.710,561.203,649.450,12,12,0,12,1.0000,1.0000,0,943.3,1.0218
2315,501.862,600.299,688.712,12,12,0,12,1.0000,1.0000,0,953.1,1.0324
2316,501.680,639.913,649.978,12,12,0,12,1.0000,1.0000,0,929.1,1.0064
2317,501.832,679.009,689.241,12,12,0,12,1.0000,1.0000,0,904.1,0.9793
2318,501.651,718.623,650.507,12,12,0,12,1.0000,1.0000,0,906.0,0.9813
2319,501.803,757.719,689.769,8,4,0,4,1.0000,0.0000,0,0.0,0.0000
2320,502.070,49.327,685.014,8,8,0,8,1.0000,0.8975,0,503.7,0.5456
2321,501.888,88.941,646.280,12,12,1,11,0.9167,1.0000,0,930.4,1.0078
2322,502.040,128.037,685.542,12,12,0,12,1.0000,1.0000,0,914.6,0.9907
2323,502.011,206.748,686.071,12,12,0,12,1.0000,1.0000,0,942.3,1.0207
2324,501.981,285.458,686.599,12,12,1,11,0.9167,1.0000,0,930.2,1.0077
2325,501.951,364.168,687.127,12,12,0,12,1.0000,1.0000,0,949.5,1.0285
2326,502.103,403.264,726.389,12,12,0,12,1.0000,1.0000,0,953.3,1.0327
2327,501.922,442.878,687.656,12,12,0,12,1.0000,1.0000,0,959.7,1.0396
2328,502.074,481.974,726.918,12,12,0,12,1.0000,1.0000,0,958.7,1.0385
2329,501.892,521.589,688.184,12,12,0,12,1.0000,1.0000,0,942.8,1.0213
2330,502.044,560.685,727.446,12,12,0,12,1.0000,1.0000,0,948.2,1.0271
2331,502.014,639.395,727.974,12,12,0,12,1.0000,1.0000,0,973.1,1.0541
2332,501.984,718.105,728.503,12,12,1,11,0.9167,1.0000,0,919.6,0.9962
2333,502.222,88.423,724.276,12,12,1,11,0.9167,0.9944,0,800.8,0.8675
2334,502.374,127.519,763.538,8,4,0,4,1.0000,0.7867,0,338.2,0.3664
2335,502.192,167.133,724.804,12,12,0,12,1.0000,1.0000,0,973.0,1.0539
2336,502.344,206.229,764.067,8,4,0,4,1.0000,0.7967,0,392.1,0.4248
2337,502.163,245.844,725.333,12,12,0,12,1.0000,1.0000,0,954.7,1.0342
2338,502.315,284.940,764.595,8,4,0,4,1.0000,0.8011,0,362.5,0.3927
2339,502.133,324.554,725.861,12,12,1,11,0.9167,1.0000,0,849.1,0.9198
2340,502.285,363.650,765.123,8,4,0,4,1.0000,0.7437,0,272.2,0.2949
2341,502.255,442.360,765.652,8,4,0,4,1.0000,0.7772,0,335.4,0.3633
2342,502.226,521.070,766.180,8,4,0,4,1.0000,0.7951,0,381.9,0.4137
2343,502.196,599.781,766.708,8,4,0,4,1.0000,0.7873,0,353.4,0.3828
2344,502.166,678.491,767.236,8,4,0,4,1.0000,0.8483,0,443.4,0.4803
2345,502.136,757.201,767.765,5,1,1,0,0.0000,0.0000,0,0.0,0.0000
2346,502.404,48.809,763.010,5,3,0,3,1.0000,0.6750,0,299.1,0.3240
2347,538.371,643.847,64.935,8,8,0,8,1.0000,0.8453,0,444.0,0.4827
2348,538.341,722.557,65.463,8,8,0,8,1.0000,0.9255,0,547.6,0.5953
2349,538.579,92.875,61.236,8,8,0,8,1.0000,0.8357,0,407.4,0.4429
2350,538.549,171.586,61.765,8,8,0,8,1.0000,0.8531,0,445.8,0.4847
2351,538.520,250.296,62.293,8,8,0,8,1.0000,0.7682,0,340.4,0.3701
2352,538.490,329.006,62.821,8,8,0,8,1.0000,0.7793,0,365.5,0.3973
2353,538.460,407.716,63.350,8,8,0,8,1.0000,0.7655,0,336.8,0.3662
2354,538.612,446.812,102.612,12,12,0,12,1.0000,1.0000,0,939.5,1.0214
2355,538.430,486.426,63.878,8,8,1,7,0.8750,0.7911,0,274.1,0.2980
2356,538.582,525.522,103.140,12,12,0,12,1.0000,1.0000,0,919.7,0.9998
2357,538.401,565.137,64.406,8,8,0,8,1.0000,0.8315,0,389.2,0.4231
2358,538.553,604.233,103.669,12,12,1,11,0.9167,1.0000,0,943.8,1.0260
2359,538.523,682.943,104.197,12,12,1,11,0.9167,0.9751,0,768.0,0.8349
2360,538.493,761.653,104.725,8,4,0,4,1.0000,0.0000,0,0.0,0.0000
2361,538.761,53.261,99.970,8,8,0,8,1.0000,0.9038,0,510.6,0.5552
2362,538.731,131.971,100.499,12,12,0,12,1.0000,1.0000,0,916.5,0.9964
2363,538.701,210.682,101.027,12,12,0,12,1.0000,1.0000,0,940.8,1.0228
2364,538.853,249.778,140.289,12,12,0,12,1.0000,1.0000,0,957.9,1.0414
2365,538.672,289.392,101.555,12,12,0,12,1.0000,1.0000,0,928.0,1.0089
2366,538.824,328.488,140.817,12,12,0,12,1.0000,1.0000,0,949.3,1.0321
2367,538.642,368.102,102.084,12,12,1,11,0.9167,1.0000,0,942.0,1.0240
2368,538.794,407.198,141.346,12,12,0,12,1.0000,1.0000,0,947.4,1.0300
2369,538.764,485.908,141.874,12,12,1,11,0.9167,1.0000,0,815.7,0.8868
2370,538.734,564.619,142.402,12,12,1,11,0.9167,0.9888,0,789.3,0.8580
2371,538.705,643.329,142.931,12,12,1,11,0.9167,1.0000,0,858.9,0.9337
2372,538.857,682.425,182.193,12,12,1,11,0.9167,0.9972,0,836.7,0.9096
2373,538.675,722.039,143.459,12,12,1,11,0.9167,0.9944,0,777.3,0.8450
2374,538.827,761.135,182.721,8,4,0,4,1.0000,0.0000,0,0.0,0.0000
2375,539.095,52.743,177.966,8,8,0,8,1.0000,0.8261,0,424.2,0.4612
2376,538.913,92.357,139.232,12,12,0,12,1.0000,1.0000,0,894.5,0.9725
2377,539.065,131.453,178.495,12,12,0,12,1.0000,1.0000,0,880.5,0.9573
2378,538.883,171.067,139.761,12,12,1,11,0.9167,1.0000,0,940.0,1.0220
2379,539.035,210.163,179.023,12,12,1,11,0.9167,1.0000,0,920.2,1.0005
2380,539.005,288.874,179.551,12,12,0,12,1.0000,1.0000,0,924.1,1.0047
2381,538.976,367.584,180.080,12,12,0,12,1.0000,1.0000,0,949.9,1.0327
2382,538.946,446.294,180.608,12,12,0,12,1.0000,1.0000,0,958.2,1.0418
2383,539.098,485.390,219.870,12,12,0,12,1.0000,1.0000,0,939.0,1.0209
2384,538.916,525.004,181.136,12,12,0,12,1.0000,1.0000,0,964.8,1.0489
2385,539.068,564.100,220.398,12,12,0,12,1.0000,1.0000,0,944.8,1.0272
2386,538.886,603.715,181.665,12,12,0,12,1.0000,1.0000,0,954.3,1.0375
2387,539.038,642.811,220.927,12,12,0,12,1.0000,1.0000,0,952.8,1.0359
2388,539.009,721.521,221.455,12,12,1,11,0.9167,1.0000,0,899.8,0.9783
2389,539.247,91.839,217.228,12,12,1,11,0.9167,1.0000,0,860.9,0.9360
2390,539.217,170.549,217.757,12,12,0,12,1.0000,1.0000,0,888.2,0.9657
2391,539.369,209.645,257.019,12,12,0,12,1.0000,1.0000,0,908.9,0.9882
2392,539.187,249.259,218.285,12,12,1,11,0.9167,1.0000,0,919.8,1.0000
2393,539.339,288.355,257.547,12,12,0,12,1.0000,1.0000,0,925.5,1.0062
2394,539.157,327.970,218.813,12,12,0,12,1.0000,1.0000,0,870.2,0.9461
2395,539.309,367.066,258.076,12,12,0,12,1.0000,1.0000,0,940.3,1.0223
2396,539.128,406.680,219.342,12,12,1,11,0.9167,1.0000,0,869.7,0.9456
2397,539.280,445.776,258.604,12,12,0,12,1.0000,1.0000,0,950.8,1.0337
2398,539.250,524.486,259.132,12,12,0,12,1.0000,1.0000,0,953.2,1.0363
2399,539.220,603.196,259.661,12,12,0,12,1.0000,1.0000,0,936.2,1.0178
2400,539.372,642.292,298.923,12,12,0,12,1.0000,1.0000,0,931.6,1.0128
2401,539.190,681.907,260.189,12,12,1,11,0.9167,1.0000,0,919.9,1.0001
2402,539.342,721.003,299.451,12,12,0,12,1.0000,1.0000,0,904.5,0.9833
2403,539.161,760.617,260.717,8,4,1,3,0.7500,0.0000,0,0.0,0.0000
2404,539.428,52.225,255.962,8,8,0,8,1.0000,0.8892,0,496.0,0.5393
2405,539.580,91.321,295.224,12,12,0,12,1.0000,1.0000,0,909.1,0.9885
2406,539.399,130.935,256.491,12,12,0,12,1.0000,1.0000,0,893.1,0.9710
2407,539.551,170.031,295.753,12,12,0,12,1.0000,1.0000,0,907.5,0.9867
2408,539.521,248.741,296.281,12,12,0,12,1.0000,1.0000,0,935.4,1.0170
2409,539.491,327.452,296.809,12,12,0,12,1.0000,1.0000,0,929.8,1.0109
2410,539.461,406.162,297.338,12,12,1,11,0.9167,0.9972,0,847.4,0.9214
2411,539.613,445.258,336.600,12,12,0,12,1.0000,1.0000,0,915.4,0.9953
2412,539.432,484.872,297.866,12,12,0,12,1.0000,1.0000,0,941.9,1.0241
2413,539.584,523.968,337.128,12,12,0,12,1.0000,1.0000,0,948.9,1.0317
2414,539.402,563.582,298.394,12,12,0,12,1.0000,1.0000,0,926.0,1.0068
2415,539.554,602.678,337.657,12,12,0,12,1.0000,1.0000,0,926.0,1.0068
2416,539.524,681.388,338.185,12,12,0,12,1.0000,1.0000,0,899.4,0.9778
2417,539.495,760.099,338.713,8,4,0,4,1.0000,0.0000,0,0.0,0.0000
2418,539.762,51.707,333.958,8,8,0,8,1.0000,0.8006,0,417.5,0.4539
2419,539.732,130.417,334.487,12,12,1,11,0.9167,1.0000,0,838.0,0.9111
2420,539.703,209.127,335.015,12,12,1,11,0.9167,0.9973,0,746.2,0.8114
2421,539.855,248.223,374.277,12,12,1,11,0.9167,1.0000,0,827.6,0.8998
2422,539.673,287.837,335.543,12,12,0,12,1.0000,1.0000,0,886.3,0.9637
2423,539.825,326.933,374.805,12,12,0,12,1.0000,1.0000,0,938.5,1.0204
2424,539.643,366.548,336.072,12,12,0,12,1.0000,1.0000,0,894.9,0.9730
2425,539.795,405.644,375.334,12,12,0,12,1.0000,1.0000,0,931.1,1.0124
2426,539.765,484.354,375.862,12,12,0,12,1.0000,1.0000,0,942.5,1.0248
2427,539.736,563.064,376.390,12,12,0,12,1.0000,1.0000,0,927.5,1.0084
2428,539.706,641.774,376.919,12,12,0,12,1.0000,1.0000,0,935.0,1.0165
2429,539.858,680.870,416.181,12,12,0,12,1.0000,1.0000,0,907.8,0.9870
2430,539.676,720.484,377.447,12,12,0,12,1.0000,1.0000,0,908.4,0.9876
2431,539.828,759.580,416.709,8,4,1,3,0.7500,0.0000,0,0.0,0.0000
2432,540.096,51.188,411.954,8,8,0,8,1.0000,0.9146,0,526.0,0.5719
2433,539.914,90.803,373.220,12,12,0,12,1.0000,1.0000,0,922.1,1.0026
2434,540.066,129.899,412.483,12,12,0,12,1.0000,1.0000,0,890.0,0.9676
2435,539.884,169.513,373.749,12,12,0,12,1.0000,1.0000,0,918.7,0.9988
2436,540.036,208.609,413.011,12,12,0,12,1.0000,1.0000,0,893.0,0.9710
2437,540.007,287.319,413.539,12,12,0,12,1.0000,1.0000,0,898.3,0.9767
2438,539.977,366.029,414.068,12,12,0,12,1.0000,1.0000,0,927.5,1.0085
2439,539.947,444.740,414.596,12,12,0,12,1.0000,1.0000,0,901.4,0.9801
2440,540.099,483.836,453.858,12,12,0,12,1.0000,1.0000,0,935.4,1.0171
2441,539.917,523.450,415.124,12,12,0,12,1.0000,1.0000,0,950.5,1.0334
2442,540.070,562.546,454.386,12,12,0,12,1.0000,1.0000,0,937.5,1.0193
2443,539.888,602.160,415.653,12,12,0,12,1.0000,1.0000,0,899.3,0.9778
2444,540.040,641.256,454.915,12,12,0,12,1.0000,1.0000,0,925.5,1.0063
2445,540.010,719.966,455.443,12,12,0,12,1.0000,1.0000,0,892.3,0.9702
2446,540.248,90.285,451.216,12,12,0,12,1.0000,1.0000,0,922.0,1.0025
2447,540.218,168.995,451.745,12,12,0,12,1.0000,1.0000,0,904.8,0.9838
2448,540.370,208.091,491.007,12,12,0,12,1.0000,1.0000,0,892.3,0.9702
2449,540.188,247.705,452.273,12,12,0,12,1.0000,1.0000,0,924.7,1.0054
2450,540.340,286.801,491.535,12,12,0,12,1.0000,1.0000,0,886.3,0.9637
2451,540.159,326.415,452.801,12,12,0,12,1.0000,1.0000,0,921.8,1.0023
2452,540.311,365.511,492.064,12,12,1,11,0.9167,1.0000,0,835.2,0.9081
2453,540.129,405.125,453.330,12,12,0,12,1.0000,1.0000,0,935.9,1.0176
2454,540.281,444.221,492.592,12,12,0,12,1.0000,1.0000,0,917.9,0.9980
2455,540.251,522.932,493.120,12,12,0,12,1.0000,1.0000,0,937.4,1.0193
2456,540.222,601.642,493.648,12,12,0,12,1.0000,1.0000,0,934.8,1.0164
2457,540.374,640.738,532.911,12,12,0,12,1.0000,1.0000,0,926.7,1.0077
2458,540.192,680.352,494.177,12,12,0,12,1.0000,1.0000,0,918.6,0.9989
2459,540.344,719.448,533.439,12,12,0,12,1.0000,1.0000,0,896.2,0.9745
2460,540.162,759.062,494.705,8,4,0,4,1.0000,0.0000,0,0.0,0.0000
2461,540.430,50.670,489.950,8,8,0,8,1.0000,0.7944,0,370.3,0.4026
2462,540.582,89.766,529.212,12,12,0,12,1.0000,0.9860,0,744.2,0.8092
2463,540.400,129.381,490.479,12,12,0,12,1.0000,1.0000,0,883.4,0.9605
2464,540.552,168.477,529.741,12,12,0,12,1.0000,1.0000,0,911.7,0.9913
2465,540.522,247.187,530.269,12,12,0,12,1.0000,1.0000,0,950.9,1.0340
2466,540.492,325.897,530.797,12,12,0,12,1.0000,1.0000,0,923.3,1.0039
2467,540.463,404.607,531.326,12,12,0,12,1.0000,1.0000,0,911.9,0.9915
2468,540.615,443.703,570.588,12,12,0,12,1.0000,1.0000,0,934.4,1.0160
2469,540.433,483.317,531.854,12,12,1,11,0.9167,1.0000,0,892.9,0.9709
2470,540.585,522.413,571.116,12,12,0,12,1.0000,1.0000,0,948.1,1.0309
2471,540.403,562.028,532.382,12,12,0,12,1.0000,1.0000,0,948.6,1.0314
2472,540.555,601.124,571.644,12,12,0,12,1.0000,1.0000,0,940.4,1.0226
2473,540.526,679.834,572.173,12,12,0,12,1.0000,1.0000,0,899.6,0.9782
2474,540.496,758.544,572.701,8,4,0,4,1.0000,0.0000,0,0.0,0.0000
2475,540.763,50.152,567.946,8,8,0,8,1.0000,0.8324,0,436.9,0.4751
2476,540.734,128.862,568.475,12,12,0,12,1.0000,1.0000,0,907.6,0.9869
2477,540.704,207.573,569.003,12,12,0,12,1.0000,1.0000,0,901.5,0.9802
2478,540.856,246.669,608.265,12,12,1,11,0.9167,1.0000,0,877.7,0.9544
2479,540.674,286.283,569.531,12,12,0,12,1.0000,1.0000,0,916.2,0.9962
2480,540.826,325.379,608.793,12,12,0,12,1.0000,1.0000,0,943.6,1.0261
2481,540.645,364.993,570.060,12,12,0,12,1.0000,1.0000,0,931.3,1.0126
2482,540.797,404.089,609.322,12,12,0,12,1.0000,1.0000,0,915.2,0.9951
2483,540.767,482.799,609.850,12,12,0,12,1.0000,1.0000,0,925.2,1.0060
2484,540.737,561.509,610.378,12,12,0,12,1.0000,1.0000,0,914.8,0.9947
2485,540.707,640.220,610.907,12,12,0,12,1.0000,1.0000,0,935.0,1.0167
2486,540.859,679.316,650.169,12,12,0,12,1.0000,1.0000,0,926.5,1.0075
2487,540.678,718.930,611.435,12,12,0,12,1.0000,1.0000,0,881.8,0.9589
2488,540.830,758.026,650.697,8,4,0,4,1.0000,0.0000,0,0.0,0.0000
2489,541.097,49.634,645.942,8,8,0,8,1.0000,0.8061,0,385.7,0.4194
2490,540.915,89.248,607.208,12,12,0,12,1.0000,1.0000,0,921.3,1.0018
2491,541.067,128.344,646.471,12,12,2,10,0.8333,0.9805,0,679.4,0.7388
2492,540.886,167.958,607.737,12,12,2,10,0.8333,0.9973,0,837.0,0.9102
2493,541.038,207.054,646.999,12,12,0,12,1.0000,1.0000,0,902.0,0.9808
2494,541.008,285.765,647.527,12,12,0,12,1.0000,1.0000,0,923.1,1.0038
2495,540.978,364.475,648.055,12,12,0,12,1.0000,1.0000,0,934.4,1.0160
2496,540.949,443.185,648.584,12,12,0,12,1.0000,1.0000,0,940.1,1.0223
2497,541.101,482.281,687.846,12,12,0,12,1.0000,1.0000,0,939.5,1.0216
2498,540.919,521.895,649.112,12,12,0,12,1.0000,1.0000,0,934.3,1.0159
2499,541.071,560.991,688.374,12,12,0,12,1.0000,1.0000,0,928.0,1.0091
2500,540.889,600.606,649.640,12,12,0,12,1.0000,1.0000,0,929.3,1.0105
2501,541.041,639.702,688.903,12,12,0,12,1.0000,1.0000,0,941.8,1.0241
2502,541.011,718.412,689.431,12,12,0,12,1.0000,1.0000,0,900.4,0.9791
2503,541.249,88.730,685.204,12,12,1,11,0.9167,1.0000,0,858.1,0.9332
2504,541.220,167.440,685.733,12,12,0,12,1.0000,1.0000,0,930.3,1.0117
2505,541.372,206.536,724.995,12,12,1,11,0.9167,1.0000,0,943.1,1.0255
2506,541.190,246.150,686.261,12,12,0,12,1.0000,1.0000,0,936.7,1.0186
2507,541.342,285.246,725.523,12,12,1,11,0.9167,1.0000,0,931.5,1.0130
2508,541.160,324.861,686.789,12,12,0,12,1.0000,1.0000,0,925.5,1.0064
2509,541.312,363.957,726.051,12,12,0,12,1.0000,1.0000,0,964.6,1.0489
2510,541.130,403.571,687.318,12,12,0,12,1.0000,1.0000,0,919.1,0.9994
2511,541.282,442.667,726.580,12,12,0,12,1.0000,1.0000,0,942.7,1.0251
2512,541.253,521.377,727.108,12,12,0,12,1.0000,1.0000,0,943.2,1.0257
2513,541.223,600.087,727.636,12,12,0,12,1.0000,1.0000,0,949.1,1.0321
2514,541.375,639.183,766.899,8,4,0,4,1.0000,0.8457,0,443.0,0.4817
2515,541.193,678.798,728.165,12,12,0,12,1.0000,1.0000,0,935.8,1.0177
2516,541.345,717.894,767.427,8,4,0,4,1.0000,0.8162,0,400.9,0.4359
2517,541.163,757.508,728.693,8,4,0,4,1.0000,0.0000,0,0.0,0.0000
2518,541.431,49.116,723.938,8,8,0,8,1.0000,0.9058,0,524.4,0.5703
2519,541.583,88.212,763.200,8,4,0,4,1.0000,0.8708,0,456.9,0.4969
2520,541.401,127.826,724.467,12,12,0,12,1.0000,1.0000,0,934.8,1.0166
2521,541.553,166.922,763.729,8,4,0,4,1.0000,0.7917,0,343.9,0.3740
2522,541.524,245.632,764.257,8,4,0,4,1.0000,0.7865,0,284.8,0.3097
2523,541.494,324.342,764.785,8,4,0,4,1.0000,0.7697,0,327.4,0.3560
2524,541.464,403.053,765.314,8,4,0,4,1.0000,0.7955,0,337.1,0.3666
2525,541.434,481.763,765.842,8,4,0,4,1.0000,0.7612,0,318.4,0.3462
2526,541.405,560.473,766.370,8,4,0,4,1.0000,0.8229,0,418.8,0.4554
2527,577.609,525.829,64.069,8,8,0,8,1.0000,0.8370,0,389.4,0.4250
2528,577.580,604.539,64.597,8,8,1,7,0.8750,0.8171,0,412.8,0.4506
2529,577.550,683.250,65.125,8,8,0,8,1.0000,0.8880,0,498.4,0.5440
2530,577.520,761.960,65.653,5,3,0,3,1.0000,0.0000,0,0.0,0.0000
2531,577.788,53.568,60.899,5,5,0,5,1.0000,0.6667,0,337.6,0.3686
2532,577.758,132.278,61.427,8,8,0,8,1.0000,0.8179,0,392.3,0.4282
2533,577.728,210.988,61.955,8,8,0,8,1.0000,0.7665,0,286.2,0.3124
2534,577.699,289.699,62.484,8,8,0,8,1.0000,0.8045,0,374.7,0.4090
2535,577.851,328.795,101.746,12,12,0,12,1.0000,1.0000,0,927.0,1.0119
2536,577.669,368.409,63.012,8,8,0,8,1.0000,0.6992,0,261.1,0.2850
2537,577.821,407.505,102.274,12,12,0,12,1.0000,1.0000,0,947.4,1.0342
2538,577.639,447.119,63.540,8,8,0,8,1.0000,0.7514,0,0.0,0.0000
2539,577.791,486.215,102.802,12,12,0,12,1.0000,1.0000,0,925.5,1.0103
2540,577.761,564.925,103.331,12,12,0,12,1.0000,1.0000,0,946.5,1.0332
2541,577.732,643.635,103.859,12,12,0,12,1.0000,1.0000,0,959.5,1.0474
2542,577.702,722.346,104.387,12,12,0,12,1.0000,1.0000,0,908.4,0.9916
2543,577.854,761.442,143.649,8,4,0,4,1.0000,0.0000,0,0.0,0.0000
2544,578.122,53.050,138.895,8,8,0,8,1.0000,0.8630,0,465.6,0.5082
2545,577.940,92.664,100.161,12,12,0,12,1.0000,1.0000,0,933.5,1.0190
2546,578.092,131.760,139.423,12,12,0,12,1.0000,1.0000,0,882.7,0.9636
2547,577.910,171.374,100.689,12,12,0,12,1.0000,1.0000,0,924.3,1.0090
2548,578.062,210.470,139.951,12,12,1,11,0.9167,1.0000,0,838.1,0.9149
2549,577.880,250.084,101.217,12,12,0,12,1.0000,1.0000,0,947.7,1.0345
2550,578.032,289.180,140.480,12,12,0,12,1.0000,1.0000,0,921.6,1.0060
2551,578.003,367.891,141.008,12,12,0,12,1.0000,1.0000,0,938.2,1.0242
2552,577.973,446.601,141.536,12,12,0,12,1.0000,1.0000,0,939.4,1.0255
2553,578.125,485.697,180.798,12,12,1,11,0.9167,0.9973,0,839.4,0.9163
2554,577.943,525.311,142.065,12,12,0,12,1.0000,1.0000,0,942.3,1.0287
2555,578.095,564.407,181.327,12,12,1,11,0.9167,1.0000,0,836.1,0.9127
2556,577.913,604.021,142.593,12,12,0,12,1.0000,1.0000,0,929.9,1.0151
2557,578.065,643.117,181.855,12,12,0,12,1.0000,1.0000,0,940.8,1.0270
2558,577.884,682.731,143.121,12,12,0,12,1.0000,1.0000,0,913.2,0.9969
2559,578.036,721.828,182.383,12,12,0,12,1.0000,1.0000,0,900.5,0.9830
2560,578.274,92.146,178.157,12,12,0,12,1.0000,1.0000,0,912.0,0.9956
2561,578.244,170.856,178.685,12,12,1,11,0.9167,1.0000,0,894.1,0.9761
2562,578.214,249.566,179.213,12,12,2,10,0.8333,1.0000,0,871.9,0.9518
2563,578.366,288.662,218.476,12,12,0,12,1.0000,1.0000,0,892.1,0.9739
2564,578.184,328.276,179.742,12,12,0,12,1.0000,1.0000,0,915.5,0.9994
2565,578.336,367.372,219.004,12,12,0,12,1.0000,1.0000,0,920.0,1.0043
2566,578.155,406.987,180.270,12,12,0,12,1.0000,1.0000,0,941.9,1.0282
2567,578.307,446.083,219.532,12,12,0,12,1.0000,1.0000,0,927.8,1.0128
2568,578.277,524.793,220.060,12,12,0,12,1.0000,1.0000,0,945.4,1.0320
2569,578.247,603.503,220.589,12,12,0,12,1.0000,1.0000,0,927.2,1.0121
2570,578.218,682.213,221.117,12,12,0,12,1.0000,1.0000,0,891.3,0.9729
2571,578.370,721.309,260.379,12,12,0,12,1.0000,1.0000,0,884.2,0.9653
2572,578.188,760.924,221.645,8,4,0,4,1.0000,0.0000,0,0.0,0.0000
2573,578.455,52.532,216.891,8,8,0,8,1.0000,0.8011,0,392.6,0.4286
2574,578.607,91.628,256.153,12,12,1,11,0.9167,1.0000,0,887.7,0.9691
2575,578.426,131.242,217.419,12,12,0,12,1.0000,1.0000,0,874.0,0.9541
2576,578.578,170.338,256.681,12,12,0,12,1.0000,1.0000,0,876.6,0.9570
2577,578.396,209.952,217.947,12,12,0,12,1.0000,1.0000,0,878.4,0.9589
2578,578.548,249.048,257.209,12,12,0,12,1.0000,1.0000,0,899.3,0.9818
2579,578.518,327.758,257.738,12,12,0,12,1.0000,1.0000,0,844.7,0.9221
2580,578.488,406.468,258.266,12,12,0,12,1.0000,1.0000,0,870.2,0.9500
2581,578.459,485.179,258.794,12,12,0,12,1.0000,1.0000,0,905.7,0.9888
2582,578.611,524.275,298.056,12,12,0,12,1.0000,1.0000,0,930.1,1.0154
2583,578.429,563.889,259.323,12,12,0,12,1.0000,1.0000,0,923.7,1.0084
2584,578.581,602.985,298.585,12,12,0,12,1.0000,1.0000,0,936.4,1.0223
2585,578.399,642.599,259.851,12,12,0,12,1.0000,1.0000,0,922.7,1.0073
2586,578.551,681.695,299.113,12,12,0,12,1.0000,1.0000,0,903.6,0.9865
2587,578.522,760.405,299.641,8,4,0,4,1.0000,0.0000,0,0.0,0.0000
2588,578.789,52.013,294.887,8,8,0,8,1.0000,0.8630,0,470.9,0.5141
2589,578.759,130.724,295.415,12,12,0,12,1.0000,1.0000,0,894.4,0.9764
2590,578.730,209.434,295.943,12,12,0,12,1.0000,1.0000,0,909.7,0.9932
2591,578.700,288.144,296.472,12,12,0,12,1.0000,1.0000,0,929.4,1.0147
2592,578.852,327.240,335.734,12,12,0,12,1.0000,1.0000,0,917.0,1.0011
2593,578.670,366.854,297.000,12,12,0,12,1.0000,1.0000,0,905.8,0.9889
2594,578.822,405.950,336.262,12,12,0,12,1.0000,1.0000,0,911.6,0.9952
2595,578.640,445.564,297.528,12,12,0,12,1.0000,1.0000,0,933.8,1.0194
2596,578.793,484.661,336.790,12,12,0,12,1.0000,1.0000,0,910.6,0.9941
2597,578.763,563.371,337.319,12,12,0,12,1.0000,1.0000,0,916.7,1.0008
2598,578.733,642.081,337.847,12,12,0,12,1.0000,1.0000,0,914.3,0.9982
2599,578.703,720.791,338.375,12,12,0,12,1.0000,1.0000,0,871.3,0.9512
2600,578.855,759.887,377.637,8,4,0,4,1.0000,0.0000,0,0.0,0.0000
2601,579.123,51.495,372.883,8,8,0,8,1.0000,0.7598,0,337.5,0.3684
2602,578.941,91.109,334.149,12,12,0,12,1.0000,1.0000,0,887.1,0.9685
2603,579.093,130.205,373.411,12,12,1,11,0.9167,1.0000,0,837.0,0.9138
2604,578.911,169.820,334.677,12,12,0,12,1.0000,1.0000,0,880.2,0.9609
2605,579.063,208.916,373.939,12,12,3,9,0.7500,0.9014,0,522.7,0.5707
2606,578.882,248.530,335.205,12,12,2,10,0.8333,0.9944,0,685.5,0.7484
2607,579.034,287.626,374.467,12,12,0,12,1.0000,1.0000,0,877.1,0.9576
2608,579.004,366.336,374.996,12,12,0,12,1.0000,1.0000,0,901.2,0.9839
2609,578.974,445.046,375.524,12,12,0,12,1.0000,1.0000,0,920.1,1.0045
2610,578.945,523.757,376.052,12,12,0,12,1.0000,1.0000,0,936.1,1.0220
2611,579.097,562.853,415.315,12,12,0,12,1.0000,1.0000,0,862.3,0.9414
2612,578.915,602.467,376.581,12,12,0,12,1.0000,1.0000,0,934.1,1.0198
2613,579.067,641.563,415.843,12,12,0,12,1.0000,1.0000,0,896.3,0.9786
2614,578.885,681.177,377.109,12,12,1,11,0.9167,1.0000,0,908.3,0.9916
2615,579.037,720.273,416.371,12,12,0,12,1.0000,1.0000,0,885.9,0.9672
2616,579.275,90.591,412.145,12,12,1,11,0.9167,1.0000,0,855.5,0.9340
2617,579.245,169.301,412.673,12,12,0,12,1.0000,1.0000,0,887.3,0.9687
2618,579.216,248.012,413.201,12,12,0,12,1.0000,1.0000,0,903.2,0.9861
2619,579.368,287.108,452.463,12,12,0,12,1.0000,1.0000,0,917.5,1.0017
2620,579.186,326.722,413.730,12,12,0,12,1.0000,1.0000,0,917.7,1.0020
2621,579.338,365.818,452.992,12,12,0,12,1.0000,1.0000,0,906.8,0.9900
2622,579.156,405.432,414.258,12,12,0,12,1.0000,1.0000,0,905.1,0.9882
2623,579.308,444.528,453.520,12,12,0,12,1.0000,1.0000,0,891.2,0.9730
2624,579.126,484.142,414.786,12,12,0,12,1.0000,1.0000,0,932.4,1.0179
2625,579.278,523.238,454.048,12,12,0,12,1.0000,1.0000,0,920.6,1.0051
2626,579.249,601.949,454.577,12,12,0,12,1.0000,1.0000,0,920.4,1.0049
2627,579.219,680.659,455.105,12,12,0,12,1.0000,1.0000,0,904.4,0.9874
2628,579.371,719.755,494.367,12,12,0,12,1.0000,1.0000,0,884.1,0.9652
2629,579.189,759.369,455.633,8,4,0,4,1.0000,0.0000,0,0.0,0.0000
2630,579.457,50.977,450.879,8,8,0,8,1.0000,0.8532,0,458.3,0.5003
2631,579.609,90.073,490.141,12,12,0,12,1.0000,1.0000,0,872.2,0.9523
2632,579.427,129.687,451.407,12,12,1,11,0.9167,0.9944,0,786.1,0.8582
2633,579.579,168.783,490.669,12,12,0,12,1.0000,1.0000,0,899.0,0.9815
2634,579.397,208.398,451.935,12,12,0,12,1.0000,1.0000,0,916.1,1.0002
2635,579.549,247.494,491.197,12,12,0,12,1.0000,1.0000,0,884.4,0.9656
2636,579.520,326.204,491.726,12,12,0,12,1.0000,1.0000,0,912.5,0.9963
2637,579.490,404.914,492.254,12,12,0,12,1.0000,1.0000,0,894.4,0.9765
2638,579.460,483.624,492.782,12,12,0,12,1.0000,1.0000,0,909.5,0.9930
2639,579.612,522.720,532.044,12,12,0,12,1.0000,1.0000,0,948.7,1.0358
2640,579.430,562.334,493.311,12,12,0,12,1.0000,1.0000,0,917.4,1.0016
2641,579.582,601.430,532.573,12,12,0,12,1.0000,1.0000,0,933.4,1.0191
2642,579.401,641.045,493.839,12,12,0,12,1.0000,1.0000,0,907.7,0.9910
2643,579.553,680.141,533.101,12,12,0,12,1.0000,1.0000,0,910.4,0.9940
2644,579.523,758.851,533.629,8,4,0,4,1.0000,0.0000,0,0.0,0.0000
2645,579.791,50.459,528.874,8,8,0,8,1.0000,0.7911,0,339.2,0.3704
2646,579.761,129.169,529.403,12,12,0,12,1.0000,1.0000,0,873.1,0.9533
2647,579.731,207.879,529.931,12,12,0,12,1.0000,1.0000,0,914.5,0.9984
2648,579.701,286.590,530.459,12,12,0,12,1.0000,1.0000,0,909.8,0.9934
2649,579.853,325.686,569.722,12,12,0,12,1.0000,1.0000,0,917.4,1.0017
2650,579.672,365.300,530.988,12,12,1,11,0.9167,1.0000,0,886.6,0.9680
2651,579.824,404.396,570.250,12,12,0,12,1.0000,1.0000,0,923.9,1.0087
2652,579.642,444.010,531.516,12,12,0,12,1.0000,1.0000,0,909.6,0.9932
2653,579.794,483.106,570.778,12,12,0,12,1.0000,1.0000,0,932.1,1.0177
2654,579.764,561.816,571.307,12,12,0,12,1.0000,1.0000,0,910.2,0.9938
2655,579.734,640.526,571.835,12,12,0,12,1.0000,1.0000,0,919.6,1.0041
2656,579.705,719.237,572.363,12,12,0,12,1.0000,1.0000,0,896.5,0.9789
2657,579.857,758.333,611.625,8,4,0,4,1.0000,0.0000,0,0.0,0.0000
2658,580.124,49.941,606.870,8,8,0,8,1.0000,0.8579,0,456.4,0.4984
2659,579.943,89.555,568.137,12,12,0,12,1.0000,1.0000,0,754.2,0.8234
2660,580.095,128.651,607.399,12,12,0,12,1.0000,1.0000,0,897.3,0.9797
2661,579.913,168.265,568.665,12,12,0,12,1.0000,1.0000,0,924.0,1.0088
2662,580.065,207.361,607.927,12,12,0,12,1.0000,1.0000,0,925.3,1.0103
2663,579.883,246.975,569.193,12,12,0,12,1.0000,1.0000,0,917.9,1.0022
2664,580.035,286.071,608.455,12,12,0,12,1.0000,1.0000,0,910.4,0.9940
2665,580.005,364.782,608.984,12,12,0,12,1.0000,1.0000,0,938.7,1.0249
2666,579.976,443.492,609.512,12,12,0,12,1.0000,1.0000,0,939.9,1.0262
2667,579.946,522.202,610.040,12,12,0,12,1.0000,1.0000,0,940.6,1.0270
2668,580.098,561.298,649.303,12,12,0,12,1.0000,1.0000,0,934.4,1.0202
2669,579.916,600.912,610.569,12,12,0,12,1.0000,1.0000,0,927.1,1.0122
2670,580.068,640.008,649.831,12,12,0,12,1.0000,1.0000,0,901.3,0.9841
2671,579.886,679.622,611.097,12,12,0,12,1.0000,1.0000,0,900.6,0.9833
2672,580.038,718.718,650.359,12,12,0,12,1.0000,1.0000,0,879.9,0.9607
2673,580.276,89.037,646.133,12,12,2,10,0.8333,1.0000,0,782.2,0.8541
2674,580.247,167.747,646.661,12,12,0,12,1.0000,1.0000,0,919.0,1.0034
2675,580.217,246.457,647.189,12,12,0,12,1.0000,1.0000,0,949.0,1.0362
2676,580.369,285.553,686.451,12,12,0,12,1.0000,1.0000,0,901.7,0.9846
2677,580.187,325.167,647.718,12,12,0,12,1.0000,1.0000,0,942.9,1.0295
2678,580.339,364.263,686.980,12,12,0,12,1.0000,1.0000,0,925.9,1.0110
2679,580.157,403.878,648.246,12,12,0,12,1.0000,1.0000,0,927.2,1.0124
2680,580.309,442.974,687.508,12,12,0,12,1.0000,1.0000,0,916.1,1.0003
2681,580.128,482.588,648.774,12,12,0,12,1.0000,1.0000,0,949.5,1.0367
2682,580.280,521.684,688.036,12,12,0,12,1.0000,1.0000,0,930.8,1.0164
2683,580.250,600.394,688.565,12,12,1,11,0.9167,0.9944,0,804.6,0.8785
2684,580.220,679.104,689.093,12,12,0,12,1.0000,1.0000,0,904.8,0.9879
2685,580.372,718.200,728.355,12,12,0,12,1.0000,1.0000,0,883.2,0.9644
2686,580.190,757.815,689.621,8,4,0,4,1.0000,0.0000,0,0.0,0.0000
2687,580.458,49.423,684.866,8,8,0,8,1.0000,0.8184,0,409.3,0.4469
2688,580.610,88.519,724.129,12,12,0,12,1.0000,1.0000,0,946.1,1.0331
2689,580.428,128.133,685.395,12,12,0,12,1.0000,1.0000,0,903.7,0.9868
2690,580.580,167.229,724.657,12,12,0,12,1.0000,1.0000,0,938.7,1.0249
2691,580.399,206.843,685.923,12,12,1,11,0.9167,1.0000,0,917.8,1.0022
2692,580.551,245.939,725.185,12,12,0,12,1.0000,1.0000,0,938.2,1.0244
2693,580.521,324.649,725.714,12,12,0,12,1.0000,1.0000,0,922.4,1.0072
2694,580.491,403.359,726.242,12,12,0,12,1.0000,1.0000,0,943.4,1.0301
2695,580.461,482.070,726.770,12,12,0,12,1.0000,1.0000,0,954.4,1.0421
2696,580.613,521.166,766.032,8,4,0,4,1.0000,0.7956,0,386.9,0.4225
2697,580.432,560.780,727.299,12,12,0,12,1.0000,1.0000,0,950.2,1.0375
2698,580.584,599.876,766.561,8,4,0,4,1.0000,0.7933,0,382.7,0.4179
2699,580.402,639.490,727.827,12,12,0,12,1.0000,1.0000,0,905.8,0.9890
2700,580.554,678.586,767.089,8,4,0,4,1.0000,0.8199,0,405.9,0.4432
2701,580.524,757.296,767.617,5,1,0,1,1.0000,0.0000,0,0.0,0.0000
2702,580.792,48.904,762.862,5,3,0,3,1.0000,0.6685,0,291.0,0.3177
2703,580.762,127.615,763.391,8,4,0,4,1.0000,0.8455,0,438.1,0.4784
2704,580.732,206.325,763.919,8,4,0,4,1.0000,0.7542,0,300.3,0.3279
2705,580.703,285.035,764.447,8,4,0,4,1.0000,0.7899,0,371.8,0.4060
2706,580.673,363.745,764.976,8,4,0,4,1.0000,0.7994,0,314.9,0.3438
2707,580.643,442.455,765.504,8,4,0,4,1.0000,0.8040,0,391.3,0.4273
2708,616.848,407.812,63.202,8,8,0,8,1.0000,0.7766,0,328.5,0.3601
2709,616.818,486.522,63.731,8,8,0,8,1.0000,0.7612,0,325.7,0.3570
2710,616.789,565.232,64.259,8,8,0,8,1.0000,0.7961,0,358.8,0.3932
2711,616.759,643.942,64.787,8,8,0,8,1.0000,0.8297,0,417.5,0.4576
2712,616.729,722.652,65.316,8,8,0,8,1.0000,0.8969,0,513.8,0.5632
2713,616.967,92.971,61.089,8,8,1,7,0.8750,0.7158,0,295.9,0.3244
2714,617.119,132.067,100.351,12,12,0,12,1.0000,1.0000,0,927.4,1.0166
2715,616.937,171.681,61.617,8,8,0,8,1.0000,0.7367,0,296.1,0.3246
2716,617.089,210.777,100.879,12,12,0,12,1.0000,1.0000,0,937.9,1.0280
2717,616.907,250.391,62.146,8,8,0,8,1.0000,0.7590,0,314.3,0.3445
2718,617.059,289.487,101.408,12,12,0,12,1.0000,1.0000,0,953.6,1.0453
2719,616.878,329.101,62.674,8,8,0,8,1.0000,0.7047,0,239.1,0.2621
2720,617.030,368.197,101.936,12,12,0,12,1.0000,1.0000,0,941.2,1.0316
2721,617.000,446.908,102.464,12,12,0,12,1.0000,1.0000,0,934.7,1.0245
2722,616.970,525.618,102.993,12,12,0,12,1.0000,1.0000,0,955.4,1.0473
2723,617.122,564.714,142.255,12,12,0,12,1.0000,1.0000,0,954.5,1.0462
2724,616.941,604.328,103.521,12,12,1,11,0.9167,1.0000,0,920.0,1.0084
2725,617.093,643.424,142.783,12,12,0,12,1.0000,1.0000,0,949.0,1.0403
2726,616.911,683.038,104.049,12,12,0,12,1.0000,1.0000,0,905.7,0.9927
2727,617.063,722.134,143.312,12,12,0,12,1.0000,1.0000,0,878.5,0.9630
2728,616.881,761.748,104.578,8,4,0,4,1.0000,0.0000,0,0.0,0.0000
2729,617.149,53.356,99.823,8,8,0,8,1.0000,0.8338,0,388.6,0.4259
2730,617.301,92.453,139.085,12,12,0,12,1.0000,1.0000,0,884.0,0.9691
2731,617.271,171.163,139.613,12,12,0,12,1.0000,1.0000,0,904.3,0.9913
2732,617.241,249.873,140.142,12,12,0,12,1.0000,1.0000,0,930.5,1.0200
2733,617.211,328.583,140.670,12,12,0,12,1.0000,1.0000,0,933.8,1.0236
2734,617.364,367.679,179.932,12,12,0,12,1.0000,1.0000,0,961.2,1.0537
2735,617.182,407.293,141.198,12,12,0,12,1.0000,1.0000,0,926.0,1.0151
2736,617.334,446.389,180.460,12,12,0,12,1.0000,1.0000,0,971.6,1.0650
2737,617.152,486.004,141.727,12,12,0,12,1.0000,1.0000,0,935.1,1.0250
2738,617.304,525.100,180.989,12,12,0,12,1.0000,1.0000,0,969.8,1.0631
2739,617.274,603.810,181.517,12,12,0,12,1.0000,1.0000,0,909.2,0.9967
2740,617.245,682.520,182.045,12,12,0,12,1.0000,1.0000,0,907.8,0.9951
2741,617.215,761.230,182.574,8,4,0,4,1.0000,0.0000,0,0.0,0.0000
2742,617.482,52.838,177.819,8,8,0,8,1.0000,0.8249,0,419.0,0.4593
2743,617.453,131.549,178.347,12,12,0,12,1.0000,1.0000,0,885.5,0.9707
2744,617.605,170.645,217.609,12,12,0,12,1.0000,1.0000,0,909.1,0.9965
2745,617.423,210.259,178.875,12,12,0,12,1.0000,1.0000,0,861.9,0.9448
2746,617.575,249.355,218.138,12,12,0,12,1.0000,1.0000,0,921.9,1.0105
2747,617.393,288.969,179.404,12,12,0,12,1.0000,1.0000,0,916.0,1.0041
2748,617.545,328.065,218.666,12,12,0,12,1.0000,1.0000,0,917.2,1.0055
2749,617.516,406.775,219.194,12,12,0,12,1.0000,1.0000,0,927.2,1.0163
2750,617.486,485.485,219.723,12,12,0,12,1.0000,1.0000,0,924.3,1.0132
2751,617.456,564.196,220.251,12,12,0,12,1.0000,1.0000,0,919.6,1.0081
2752,617.608,603.292,259.513,12,12,0,12,1.0000,1.0000,0,948.8,1.0401
2753,617.426,642.906,220.779,12,12,1,11,0.9167,0.9945,0,774.7,0.8492
2754,617.578,682.002,260.041,12,12,1,11,0.9167,0.9832,0,776.1,0.8507
2755,617.397,721.616,221.308,12,12,1,11,0.9167,1.0000,0,886.3,0.9715
2756,617.549,760.712,260.570,8,4,0,4,1.0000,0.0000,0,0.0,0.0000
2757,617.816,52.320,255.815,8,8,0,8,1.0000,0.7928,0,353.6,0.3876
2758,617.634,91.934,217.081,12,12,0,12,1.0000,1.0000,0,908.6,0.9961
2759,617.786,131.030,256.343,12,12,0,12,1.0000,1.0000,0,856.1,0.9384
2760,617.757,209.741,256.871,12,12,0,12,1.0000,1.0000,0,883.4,0.9684
2761,617.727,288.451,257.400,12,12,0,12,1.0000,1.0000,0,859.6,0.9423
2762,617.697,367.161,257.928,12,12,0,12,1.0000,1.0000,0,902.3,0.9891
2763,617.849,406.257,297.190,12,12,1,11,0.9167,1.0000,0,883.4,0.9684
2764,617.668,445.871,258.456,12,12,0,12,1.0000,1.0000,0,910.1,0.9977
2765,617.820,484.967,297.719,12,12,0,12,1.0000,1.0000,0,916.8,1.0050
2766,617.638,524.581,258.985,12,12,0,12,1.0000,1.0000,0,938.7,1.0290
2767,617.790,563.677,298.247,12,12,0,12,1.0000,1.0000,0,928.4,1.0177
2768,617.760,642.388,298.775,12,12,0,12,1.0000,1.0000,0,920.7,1.0093
2769,617.730,721.098,299.304,12,12,1,11,0.9167,1.0000,0,904.7,0.9917
2770,617.968,91.416,295.077,12,12,0,12,1.0000,1.0000,0,880.2,0.9649
2771,618.120,130.512,334.339,12,12,0,12,1.0000,1.0000,0,912.2,1.0000
2772,617.939,170.126,295.605,12,12,0,12,1.0000,1.0000,0,876.9,0.9613
2773,618.091,209.222,334.867,12,12,1,11,0.9167,1.0000,0,901.2,0.9880
2774,617.909,248.837,296.134,12,12,1,11,0.9167,0.9946,0,751.4,0.8238
2775,618.061,287.933,335.396,12,12,0,12,1.0000,1.0000,0,899.1,0.9857
2776,617.879,327.547,296.662,12,12,0,12,1.0000,1.0000,0,843.4,0.9246
2777,618.031,366.643,335.924,12,12,1,11,0.9167,1.0000,0,895.9,0.9821
2778,618.001,445.353,336.452,12,12,0,12,1.0000,1.0000,0,902.0,0.9889
2779,617.972,524.063,336.981,12,12,0,12,1.0000,1.0000,0,941.2,1.0318
2780,618.124,563.159,376.243,12,12,0,12,1.0000,1.0000,0,957.7,1.0499
2781,617.942,602.774,337.509,12,12,0,12,1.0000,1.0000,0,921.7,1.0104
2782,618.094,641.870,376.771,12,12,0,12,1.0000,1.0000,0,936.5,1.0267
2783,617.912,681.484,338.037,12,12,0,12,1.0000,1.0000,0,899.0,0.9855
2784,618.064,720.580,377.300,12,12,0,12,1.0000,1.0000,0,914.8,1.0029
2785,617.882,760.194,338.566,8,4,0,4,1.0000,0.0000,0,0.0,0.0000
2786,618.150,51.802,333.811,8,8,0,8,1.0000,0.8311,0,436.5,0.4785
2787,618.302,90.898,373.073,12,12,0,12,1.0000,1.0000,0,936.4,1.0266
2788,618.272,169.608,373.601,12,12,0,12,1.0000,1.0000,0,915.8,1.0039
2789,618.243,248.318,374.130,12,12,0,12,1.0000,1.0000,0,905.3,0.9925
2790,618.213,327.029,374.658,12,12,0,12,1.0000,1.0000,0,917.2,1.0055
2791,618.365,366.125,413.920,12,12,0,12,1.0000,1.0000,0,869.1,0.9528
2792,618.183,405.739,375.186,12,12,0,12,1.0000,1.0000,0,908.0,0.9954
2793,618.335,444.835,414.448,12,12,0,12,1.0000,1.0000,0,900.4,0.9871
2794,618.153,484.449,375.715,12,12,0,12,1.0000,1.0000,0,911.6,0.9993
2795,618.305,523.545,414.977,12,12,0,12,1.0000,1.0000,0,901.5,0.9883
2796,618.276,602.255,415.505,12,12,1,11,0.9167,1.0000,0,904.7,0.9918
2797,618.246,680.966,416.033,12,12,1,11,0.9167,1.0000,0,903.4,0.9904
2798,618.216,759.676,416.562,8,4,0,4,1.0000,0.0000,0,0.0,0.0000
2799,618.484,51.284,411.807,8,8,0,8,1.0000,0.7183,0,296.5,0.3251
2800,618.454,129.994,412.335,12,12,0,12,1.0000,1.0000,0,818.4,0.8972
2801,618.606,169.090,451.597,12,12,0,12,1.0000,1.0000,0,946.1,1.0372
2802,618.424,208.704,412.863,12,12,0,12,1.0000,1.0000,0,857.6,0.9402
2803,618.576,247.800,452.126,12,12,0,12,1.0000,1.0000,0,910.1,0.9977
2804,618.395,287.414,413.392,12,12,0,12,1.0000,1.0000,0,834.1,0.9144
2805,618.547,326.510,452.654,12,12,0,12,1.0000,1.0000,0,911.3,0.9990
2806,618.517,405.221,453.182,12,12,0,12,1.0000,1.0000,0,910.3,0.9979
2807,618.487,483.931,453.711,12,12,0,12,1.0000,1.0000,0,912.2,1.0000
2808,618.457,562.641,454.239,12,12,0,12,1.0000,1.0000,0,929.1,1.0185
2809,618.609,601.737,493.501,12,12,0,12,1.0000,1.0000,0,913.2,1.0011
2810,618.428,641.351,454.767,12,12,0,12,1.0000,1.0000,0,963.4,1.0561
2811,618.580,680.447,494.029,12,12,0,12,1.0000,1.0000,0,907.4,0.9947
2812,618.398,720.062,455.296,12,12,0,12,1.0000,1.0000,0,908.6,0.9960
2813,618.550,759.158,494.558,8,4,0,4,1.0000,0.0000,0,0.0,0.0000
2814,618.818,50.766,489.803,8,8,0,8,1.0000,0.8274,0,432.0,0.4736
2815,618.636,90.380,451.069,12,12,0,12,1.0000,1.0000,0,912.6,1.0004
2816,618.788,129.476,490.331,12,12,0,12,1.0000,1.0000,0,902.8,0.9897
2817,618.758,208.186,490.859,12,12,0,12,1.0000,1.0000,0,908.5,0.9959
2818,618.728,286.896,491.388,12,12,0,12,1.0000,1.0000,0,885.9,0.9712
2819,618.699,365.607,491.916,12,12,1,11,0.9167,1.0000,0,890.6,0.9763
2820,618.851,404.703,531.178,12,12,0,12,1.0000,1.0000,0,912.0,0.9997
2821,618.669,444.317,492.444,12,12,0,12,1.0000,1.0000,0,880.2,0.9649
2822,618.821,483.413,531.707,12,12,0,12,1.0000,1.0000,0,917.5,1.0058
2823,618.639,523.027,492.973,12,12,0,12,1.0000,1.0000,0,925.0,1.0140
2824,618.791,562.123,532.235,12,12,0,12,1.0000,1.0000,0,925.8,1.0149
2825,618.761,640.833,532.763,12,12,0,12,1.0000,1.0000,0,931.0,1.0206
2826,618.732,719.543,533.292,12,12,0,12,1.0000,1.0000,0,899.3,0.9858
2827,618.970,89.862,529.065,12,12,0,12,1.0000,1.0000,0,929.8,1.0193
2828,619.122,128.958,568.327,12,12,1,11,0.9167,1.0000,0,892.1,0.9779
2829,618.940,168.572,529.593,12,12,1,11,0.9167,1.0000,0,904.1,0.9911
2830,619.092,207.668,568.855,12,12,0,12,1.0000,1.0000,0,922.7,1.0115
2831,618.910,247.282,530.122,12,12,0,12,1.0000,1.0000,0,901.5,0.9883
2832,619.062,286.378,569.384,12,12,1,11,0.9167,1.0000,0,884.5,0.9696
2833,618.880,325.992,530.650,12,12,0,12,1.0000,1.0000,0,919.3,1.0078
2834,619.032,365.088,569.912,12,12,0,12,1.0000,1.0000,0,887.0,0.9723
2835,619.003,443.799,570.440,12,12,0,12,1.0000,1.0000,0,933.6,1.0234
2836,618.973,522.509,570.969,12,12,0,12,1.0000,1.0000,0,936.5,1.0266
2837,619.125,561.605,610.231,12,12,0,12,1.0000,1.0000,0,927.0,1.0162
2838,618.943,601.219,571.497,12,12,0,12,1.0000,1.0000,0,934.8,1.0247
2839,619.095,640.315,610.759,12,12,0,12,1.0000,1.0000,0,902.8,0.9897
2840,618.913,679.929,572.025,12,12,0,12,1.0000,1.0000,0,883.3,0.9683
2841,619.065,719.025,611.288,12,12,0,12,1.0000,1.0000,0,893.1,0.9790
2842,618.884,758.639,572.554,8,4,0,4,1.0000,0.0000,0,0.0,0.0000
2843,619.151,50.247,567.799,8,8,0,8,1.0000,0.7760,0,349.9,0.3836
2844,619.303,89.343,607.061,12,12,2,10,0.8333,1.0000,0,784.3,0.8597
2845,619.274,168.054,607.589,12,12,0,12,1.0000,1.0000,0,914.8,1.0027
2846,619.244,246.764,608.118,12,12,0,12,1.0000,1.0000,0,909.0,0.9964
2847,619.214,325.474,608.646,12,12,0,12,1.0000,1.0000,0,916.4,1.0045
2848,619.366,364.570,647.908,12,12,0,12,1.0000,1.0000,0,949.8,1.0411
2849,619.184,404.184,609.174,12,12,0,12,1.0000,1.0000,0,926.3,1.0154
2850,619.336,443.280,648.436,12,12,0,12,1.0000,1.0000,0,934.3,1.0242
2851,619.155,482.895,609.703,12,12,1,11,0.9167,1.0000,0,887.5,0.9729
2852,619.307,521.991,648.965,12,12,0,12,1.0000,1.0000,0,961.6,1.0540
2853,619.277,600.701,649.493,12,12,0,12,1.0000,1.0000,0,921.4,1.0100
2854,619.247,679.411,650.021,12,12,0,12,1.0000,1.0000,0,888.6,0.9740
2855,619.218,758.121,650.550,8,4,0,4,1.0000,0.0000,0,0.0,0.0000
2856,619.485,49.729,645.795,8,8,1,7,0.8750,0.8704,0,469.5,0.5146
2857,619.455,128.440,646.323,12,12,1,11,0.9167,0.9943,0,803.6,0.8809
2858,619.607,167.536,685.585,12,12,0,12,1.0000,1.0000,0,910.8,0.9984
2859,619.426,207.150,646.851,12,12,0,12,1.0000,1.0000,0,898.9,0.9854
2860,619.578,246.246,686.114,12,12,0,12,1.0000,1.0000,0,927.2,1.0164
2861,619.396,285.860,647.380,12,12,0,12,1.0000,1.0000,0,938.0,1.0282
2862,619.548,324.956,686.642,12,12,0,12,1.0000,1.0000,0,951.8,1.0433
2863,619.518,403.666,687.170,12,12,0,12,1.0000,1.0000,0,943.7,1.0345
2864,619.488,482.376,687.699,12,12,0,12,1.0000,1.0000,0,950.8,1.0422
2865,619.459,561.087,688.227,12,12,1,11,0.9167,1.0000,0,883.6,0.9686
2866,619.611,600.183,727.489,12,12,0,12,1.0000,1.0000,0,946.2,1.0372
2867,619.429,639.797,688.755,12,12,0,12,1.0000,1.0000,0,907.6,0.9949
2868,619.581,678.893,728.017,12,12,0,12,1.0000,1.0000,0,920.2,1.0087
2869,619.399,718.507,689.284,12,12,0,12,1.0000,1.0000,0,859.1,0.9417
2870,619.551,757.603,728.546,8,4,1,3,0.7500,0.0000,0,0.0,0.0000
2871,619.819,49.211,723.791,8,8,0,8,1.0000,0.8603,0,452.6,0.4961
2872,619.637,88.825,685.057,12,12,2,10,0.8333,0.9449,0,608.1,0.6665
2873,619.789,127.921,724.319,12,12,0,12,1.0000,1.0000,0,937.6,1.0277
2874,619.759,206.632,724.847,12,12,0,12,1.0000,1.0000,0,953.9,1.0456
2875,619.730,285.342,725.376,12,12,0,12,1.0000,1.0000,0,969.3,1.0625
2876,619.700,364.052,725.904,12,12,0,12,1.0000,1.0000,0,973.4,1.0670
2877,619.852,403.148,765.166,8,4,0,4,1.0000,0.8011,0,371.6,0.4073
2878,619.670,442.762,726.432,12,12,0,12,1.0000,1.0000,0,965.8,1.0586
2879,619.822,481.858,765.695,8,4,0,4,1.0000,0.7673,0,351.8,0.3857
2880,619.640,521.472,726.961,12,12,0,12,1.0000,1.0000,0,958.0,1.0501
2881,619.793,560.568,766.223,8,4,0,4,1.0000,0.7989,0,359.6,0.3942
2882,619.763,639.279,766.751,8,4,0,4,1.0000,0.8504,0,418.6,0.4589
2883,619.733,717.989,767.280,8,4,1,3,0.7500,0.8402,0,433.9,0.4756
2884,619.971,88.307,763.053,8,4,0,4,1.0000,0.8722,0,465.0,0.5097
2885,619.941,167.017,763.581,8,4,0,4,1.0000,0.8128,0,386.4,0.4235
2886,619.911,245.728,764.110,8,4,0,4,1.0000,0.7631,0,327.6,0.3591
2887,619.882,324.438,764.638,8,4,0,4,1.0000,0.7905,0,357.4,0.3918
2888,656.116,211.084,61.808,8,8,0,8,1.0000,0.7005,0,253.3,0.2769
2889,656.087,289.794,62.336,8,8,0,8,1.0000,0.7507,0,313.5,0.3426
2890,656.057,368.504,62.864,8,8,0,8,1.0000,0.6961,0,251.8,0.2752
2891,656.027,447.214,63.393,8,8,0,8,1.0000,0.7313,0,287.0,0.3137
2892,655.997,525.925,63.921,8,8,0,8,1.0000,0.7288,0,257.7,0.2816
2893,655.968,604.635,64.449,8,8,0,8,1.0000,0.7873,0,344.4,0.3764
2894,656.120,643.731,103.712,12,12,0,12,1.0000,1.0000,0,919.6,1.0051
2895,655.938,683.345,64.978,8,8,0,8,1.0000,0.8306,0,414.3,0.4528
2896,656.090,722.441,104.240,12,12,1,11,0.9167,0.9778,0,757.5,0.8279
2897,655.908,762.055,65.506,5,3,0,3,1.0000,0.0000,0,0.0,0.0000
2898,656.176,53.663,60.751,5,5,1,4,0.8000,0.5291,0,274.7,0.3002
2899,656.328,92.759,100.013,12,12,0,12,1.0000,1.0000,0,883.3,0.9654
2900,656.146,132.373,61.279,8,8,0,8,1.0000,0.7709,0,343.0,0.3749
2901,656.298,171.469,100.542,12,12,0,12,1.0000,1.0000,0,913.8,0.9987
2902,656.268,250.180,101.070,12,12,0,12,1.0000,1.0000,0,915.5,1.0006
2903,656.239,328.890,101.598,12,12,0,12,1.0000,1.0000,0,912.5,0.9973
2904,656.209,407.600,102.127,12,12,0,12,1.0000,1.0000,0,904.4,0.9885
2905,656.361,446.696,141.389,12,12,0,12,1.0000,1.0000,0,934.2,1.0210
2906,656.179,486.310,102.655,12,12,0,12,1.0000,1.0000,0,912.6,0.9974
2907,656.331,525.406,141.917,12,12,0,12,1.0000,1.0000,0,937.3,1.0244
2908,656.149,565.021,103.183,12,12,0,12,1.0000,1.0000,0,932.3,1.0189
2909,656.301,604.117,142.445,12,12,0,12,1.0000,1.0000,0,891.3,0.9741
2910,656.272,682.827,142.974,12,12,0,12,1.0000,1.0000,0,908.8,0.9932
2911,656.242,761.537,143.502,8,4,0,4,1.0000,0.0000,0,0.0,0.0000
2912,656.510,53.145,138.747,8,8,0,8,1.0000,0.8225,0,401.6,0.4389
2913,656.480,131.855,139.275,12,12,0,12,1.0000,1.0000,0,899.2,0.9828
2914,656.450,210.566,139.804,12,12,0,12,1.0000,1.0000,0,907.7,0.9920
2915,656.602,249.662,179.066,12,12,0,12,1.0000,1.0000,0,930.9,1.0174
2916,656.420,289.276,140.332,12,12,0,12,1.0000,1.0000,0,922.7,1.0084
2917,656.572,328.372,179.594,12,12,0,12,1.0000,1.0000,0,909.1,0.9935
2918,656.391,367.986,140.860,12,12,0,12,1.0000,1.0000,0,923.6,1.0094
2919,656.543,407.082,180.123,12,12,0,12,1.0000,1.0000,0,912.9,0.9977
2920,656.513,485.792,180.651,12,12,0,12,1.0000,1.0000,0,944.4,1.0321
2921,656.483,564.502,181.179,12,12,0,12,1.0000,1.0000,0,928.2,1.0144
2922,656.453,643.213,181.708,12,12,0,12,1.0000,1.0000,0,915.5,1.0006
2923,656.605,682.309,220.970,12,12,1,11,0.9167,1.0000,0,913.7,0.9985
2924,656.424,721.923,182.236,12,12,0,12,1.0000,1.0000,0,854.3,0.9337
2925,656.576,761.019,221.498,8,4,2,2,0.5000,0.0000,0,0.0,0.0000
2926,656.843,52.627,216.743,8,8,0,8,1.0000,0.8771,0,486.4,0.5316
2927,656.662,92.241,178.009,12,12,0,12,1.0000,1.0000,0,892.2,0.9751
2928,656.814,131.337,217.271,12,12,0,12,1.0000,1.0000,0,862.0,0.9421
2929,656.632,170.951,178.538,12,12,0,12,1.0000,1.0000,0,896.5,0.9798
2930,656.784,210.047,217.800,12,12,0,12,1.0000,1.0000,0,823.2,0.8996
2931,656.754,288.758,218.328,12,12,0,12,1.0000,1.0000,0,854.8,0.9342
2932,656.724,367.468,218.856,12,12,0,12,1.0000,1.0000,0,898.1,0.9815
2933,656.695,446.178,219.385,12,12,0,12,1.0000,1.0000,0,919.7,1.0051
2934,656.847,485.274,258.647,12,12,0,12,1.0000,1.0000,0,912.1,0.9968
2935,656.665,524.888,219.913,12,12,0,12,1.0000,1.0000,0,911.5,0.9962
2936,656.817,563.984,259.175,12,12,0,12,1.0000,1.0000,0,911.0,0.9956
2937,656.635,603.598,220.441,12,12,0,12,1.0000,1.0000,0,911.7,0.9964
2938,656.787,642.694,259.704,12,12,1,11,0.9167,1.0000,0,829.4,0.9064
2939,656.757,721.405,260.232,12,12,1,11,0.9167,1.0000,0,898.2,0.9816
2940,656.995,91.723,256.005,12,12,0,12,1.0000,1.0000,0,905.0,0.9890
2941,656.966,170.433,256.534,12,12,0,12,1.0000,1.0000,0,883.0,0.9650
2942,657.118,209.529,295.796,12,12,1,11,0.9167,1.0000,0,865.0,0.9452
2943,656.936,249.143,257.062,12,12,0,12,1.0000,1.0000,0,895.0,0.9781
2944,657.088,288.239,296.324,12,12,0,12,1.0000,1.0000,0,822.4,0.8987
2945,656.906,327.854,257.590,12,12,0,12,1.0000,1.0000,0,887.8,0.9702
2946,657.058,366.950,296.852,12,12,1,11,0.9167,1.0000,0,858.6,0.9384
2947,656.876,406.564,258.119,12,12,0,12,1.0000,1.0000,0,886.1,0.9684
2948,657.028,445.660,297.381,12,12,0,12,1.0000,1.0000,0,908.4,0.9927
2949,656.999,524.370,297.909,12,12,0,12,1.0000,1.0000,0,927.7,1.0138
2950,656.969,603.080,298.437,12,12,0,12,1.0000,1.0000,0,919.9,1.0054
2951,657.121,642.176,337.700,12,12,0,12,1.0000,1.0000,0,916.9,1.0020
2952,656.939,681.790,298.966,12,12,1,11,0.9167,0.9917,0,807.6,0.8826
2953,657.091,720.887,338.228,12,12,1,11,0.9167,1.0000,0,884.5,0.9666
2954,656.909,760.501,299.494,8,4,1,3,0.7500,0.0000,0,0.0,0.0000
2955,657.177,52.109,294.739,8,8,0,8,1.0000,0.7686,0,303.6,0.3318
2956,657.329,91.205,334.001,12,12,0,12,1.0000,1.0000,0,861.3,0.9413
2957,657.147,130.819,295.267,12,12,0,12,1.0000,1.0000,0,867.1,0.9476
2958,657.299,169.915,334.530,12,12,0,12,1.0000,1.0000,0,871.5,0.9524
2959,657.270,248.625,335.058,12,12,0,12,1.0000,1.0000,0,858.0,0.9377
2960,657.240,327.335,335.586,12,12,1,11,0.9167,1.0000,0,794.0,0.8677
2961,657.210,406.046,336.115,12,12,0,12,1.0000,1.0000,0,847.2,0.9258
2962,657.362,445.142,375.377,12,12,0,12,1.0000,1.0000,0,883.3,0.9652
2963,657.180,484.756,336.643,12,12,0,12,1.0000,1.0000,0,890.1,0.9727
2964,657.332,523.852,375.905,12,12,0,12,1.0000,1.0000,0,908.7,0.9930
2965,657.151,563.466,337.171,12,12,0,12,1.0000,1.0000,0,895.5,0.9786
2966,657.303,602.562,376.433,12,12,0,12,1.0000,1.0000,0,920.7,1.0062
2967,657.273,681.272,376.962,12,12,0,12,1.0000,1.0000,0,887.1,0.9694
2968,657.243,759.983,377.490,8,4,0,4,1.0000,0.0000,0,0.0,0.0000
2969,657.511,51.591,372.735,8,8,0,8,1.0000,0.8215,0,401.6,0.4389
2970,657.481,130.301,373.263,12,12,0,12,1.0000,1.0000,0,889.6,0.9721
2971,657.451,209.011,373.792,12,12,0,12,1.0000,1.0000,0,895.5,0.9785
2972,657.603,248.107,413.054,12,12,0,12,1.0000,1.0000,0,885.4,0.9676
2973,657.422,287.721,374.320,12,12,0,12,1.0000,1.0000,0,878.0,0.9594
2974,657.574,326.817,413.582,12,12,0,12,1.0000,1.0000,0,881.7,0.9635
2975,657.392,366.431,374.848,12,12,0,12,1.0000,1.0000,0,878.7,0.9602
2976,657.544,405.527,414.111,12,12,0,12,1.0000,1.0000,0,889.6,0.9721
2977,657.514,484.238,414.639,12,12,0,12,1.0000,1.0000,0,908.1,0.9924
2978,657.484,562.948,415.167,12,12,0,12,1.0000,1.0000,0,891.1,0.9738
2979,657.455,641.658,415.696,12,12,0,12,1.0000,1.0000,0,891.4,0.9741
2980,657.607,680.754,454.958,12,12,0,12,1.0000,1.0000,0,900.9,0.9844
2981,657.425,720.368,416.224,12,12,0,12,1.0000,1.0000,0,887.6,0.9700
2982,657.577,759.464,455.486,8,4,0,4,1.0000,0.0000,0,0.0,0.0000
2983,657.845,51.072,450.731,8,8,0,8,1.0000,0.6923,0,284.1,0.3105
2984,657.663,90.687,411.997,12,12,0,12,1.0000,1.0000,0,864.7,0.9449
2985,657.815,129.783,451.259,12,12,0,12,1.0000,1.0000,0,823.7,0.9001
2986,657.633,169.397,412.526,12,12,0,12,1.0000,1.0000,0,884.1,0.9661
2987,657.785,208.493,451.788,12,12,0,12,1.0000,1.0000,0,865.4,0.9457
2988,657.755,287.203,452.316,12,12,0,12,1.0000,1.0000,0,878.1,0.9596
2989,657.726,365.913,452.844,12,12,1,11,0.9167,1.0000,0,869.0,0.9496
2990,657.696,444.623,453.373,12,12,1,11,0.9167,1.0000,0,876.2,0.9574
2991,657.848,483.720,492.635,12,12,0,12,1.0000,1.0000,0,914.4,0.9992
2992,657.666,523.334,453.901,12,12,0,12,1.0000,1.0000,0,937.7,1.0247
2993,657.818,562.430,493.163,12,12,0,12,1.0000,1.0000,0,924.2,1.0099
2994,657.636,602.044,454.429,12,12,1,11,0.9167,1.0000,0,921.9,1.0075
2995,657.788,641.140,493.692,12,12,0,12,1.0000,1.0000,0,933.4,1.0200
2996,657.759,719.850,494.220,12,12,2,10,0.8333,1.0000,0,877.5,0.9590
2997,657.997,90.168,489.993,12,12,0,12,1.0000,1.0000,0,872.2,0.9531
2998,657.967,168.879,490.522,12,12,0,12,1.0000,1.0000,0,903.0,0.9868
2999,658.119,207.975,529.784,12,12,1,11,0.9167,0.9972,0,815.7,0.8914
3000,657.937,247.589,491.050,12,12,0,12,1.0000,1.0000,0,917.7,1.0029
3001,658.089,286.685,530.312,12,12,0,12,1.0000,1.0000,0,907.2,0.9914
3002,657.907,326.299,491.578,12,12,0,12,1.0000,1.0000,0,893.0,0.9758
3003,658.059,365.395,530.840,12,12,0,12,1.0000,1.0000,0,933.4,1.0199
3004,657.878,405.009,492.107,12,12,0,12,1.0000,1.0000,0,878.1,0.9596
3005,658.030,444.105,531.369,12,12,0,12,1.0000,1.0000,0,907.5,0.9917
3006,658.000,522.816,531.897,12,12,0,12,1.0000,1.0000,0,937.3,1.0243
3007,657.970,601.526,532.425,12,12,0,12,1.0000,1.0000,0,885.0,0.9671
3008,658.122,640.622,571.688,12,12,0,12,1.0000,1.0000,0,920.9,1.0063
3009,657.941,680.236,532.954,12,12,0,12,1.0000,1.0000,0,917.2,1.0022
3010,658.093,719.332,572.216,12,12,0,12,1.0000,1.0000,0,872.7,0.9536
3011,657.911,758.946,533.482,8,4,1,3,0.7500,0.0000,0,0.0,0.0000
3012,658.178,50.554,528.727,8,8,0,8,1.0000,0.8371,0,425.1,0.4645
3013,658.330,89.650,567.989,12,12,0,12,1.0000,1.0000,0,890.8,0.9734
3014,658.149,129.264,529.255,12,12,0,12,1.0000,1.0000,0,926.3,1.0122
3015,658.301,168.360,568.518,12,12,1,11,0.9167,1.0000,0,911.5,0.9960
3016,658.271,247.071,569.046,12,12,0,12,1.0000,1.0000,0,900.1,0.9836
3017,658.241,325.781,569.574,12,12,0,12,1.0000,1.0000,0,905.5,0.9895
3018,658.211,404.491,570.103,12,12,0,12,1.0000,1.0000,0,917.8,1.0029
3019,658.364,443.587,609.365,12,12,0,12,1.0000,1.0000,0,908.1,0.9923
3020,658.182,483.201,570.631,12,12,0,12,1.0000,1.0000,0,910.4,0.9949
3021,658.334,522.297,609.893,12,12,2,10,0.8333,0.9916,0,733.5,0.8016
3022,658.152,561.912,571.159,12,12,1,11,0.9167,0.9729,0,729.6,0.7973
3023,658.304,601.008,610.421,12,12,0,12,1.0000,1.0000,0,912.8,0.9975
3024,658.274,679.718,610.950,12,12,0,12,1.0000,1.0000,0,895.3,0.9783
3025,658.245,758.428,611.478,8,4,0,4,1.0000,0.0000,0,0.0,0.0000
3026,658.512,50.036,606.723,8,8,0,8,1.0000,0.7955,0,374.0,0.4087
3027,658.482,128.746,607.251,12,12,1,11,0.9167,1.0000,0,875.4,0.9566
3028,658.453,207.456,607.780,12,12,0,12,1.0000,1.0000,0,904.8,0.9886
3029,658.605,246.553,647.042,12,12,0,12,1.0000,1.0000,0,939.7,1.0268
3030,658.423,286.167,608.308,12,12,1,11,0.9167,1.0000,0,900.1,0.9835
3031,658.575,325.263,647.570,12,12,0,12,1.0000,1.0000,0,942.1,1.0294
3032,658.393,364.877,608.836,12,12,0,12,1.0000,1.0000,0,855.5,0.9348
3033,658.545,403.973,648.099,12,12,0,12,1.0000,1.0000,0,927.5,1.0135
3034,658.516,482.683,648.627,12,12,1,11,0.9167,1.0000,0,888.4,0.9707
3035,658.486,561.393,649.155,12,12,0,12,1.0000,1.0000,0,932.9,1.0194
3036,658.456,640.104,649.684,12,12,0,12,1.0000,1.0000,0,898.3,0.9816
3037,658.608,679.200,688.946,12,12,0,12,1.0000,1.0000,0,896.7,0.9798
3038,658.426,718.814,650.212,12,12,0,12,1.0000,1.0000,0,883.6,0.9656
3039,658.578,757.910,689.474,8,4,0,4,1.0000,0.0000,0,0.0,0.0000
3040,658.846,49.518,684.719,8,8,0,8,1.0000,0.9070,0,527.7,0.5766
3041,658.664,89.132,645.985,12,12,1,11,0.9167,1.0000,0,787.1,0.8601
3042,658.816,128.228,685.247,12,12,0,12,1.0000,1.0000,0,920.7,1.0060
3043,658.634,167.842,646.514,12,12,0,12,1.0000,1.0000,0,945.5,1.0331
3044,658.786,206.938,685.776,12,12,0,12,1.0000,1.0000,0,939.3,1.0264
3045,658.757,285.649,686.304,12,12,0,12,1.0000,1.0000,0,923.9,1.0095
3046,658.727,364.359,686.832,12,12,0,12,1.0000,1.0000,0,919.0,1.0042
3047,658.697,443.069,687.361,12,12,0,12,1.0000,1.0000,0,929.0,1.0151
3048,658.849,482.165,726.623,12,12,0,12,1.0000,1.0000,0,952.7,1.0410
3049,658.668,521.779,687.889,12,12,0,12,1.0000,1.0000,0,934.2,1.0207
3050,658.820,560.875,727.151,12,12,0,12,1.0000,1.0000,0,942.2,1.0296
3051,658.638,600.489,688.417,12,12,0,12,1.0000,1.0000,0,925.5,1.0113
3052,658.790,639.585,727.680,12,12,0,12,1.0000,1.0000,0,940.0,1.0271
3053,658.760,718.296,728.208,12,12,1,11,0.9167,1.0000,0,863.1,0.9431
3054,658.998,88.614,723.981,12,12,0,12,1.0000,1.0000,0,942.7,1.0300
3055,658.968,167.324,724.510,12,12,0,12,1.0000,1.0000,0,930.7,1.0169
3056,659.120,206.420,763.772,8,4,0,4,1.0000,0.8045,0,391.3,0.4276
3057,658.939,246.034,725.038,12,12,0,12,1.0000,1.0000,0,937.3,1.0242
3058,659.091,285.130,764.300,8,4,0,4,1.0000,0.7705,0,336.7,0.3679
3059,658.909,324.745,725.566,12,12,0,12,1.0000,1.0000,0,938.5,1.0255
3060,659.061,363.841,764.828,8,4,0,4,1.0000,0.7875,0,349.2,0.3815
3061,658.879,403.455,726.095,12,12,0,12,1.0000,1.0000,0,929.7,1.0159
3062,659.031,442.551,765.357,8,4,0,4,1.0000,0.8393,0,438.6,0.4792
3063,659.001,521.261,765.885,8,4,0,4,1.0000,0.8000,0,371.4,0.4058
3064,658.972,599.971,766.413,8,4,0,4,1.0000,0.8468,0,404.6,0.4421
3065,658.942,678.681,766.942,8,4,0,4,1.0000,0.8587,0,470.2,0.5138
3066,658.912,757.392,767.470,5,1,1,0,0.0000,0.0000,0,0.0,0.0000
3067,659.180,49.000,762.715,5,3,0,3,1.0000,0.6538,0,294.2,0.3215
3068,659.150,127.710,763.243,8,4,0,4,1.0000,0.8489,0,441.9,0.4828
3069,695.117,722.748,65.168,8,8,0,8,1.0000,0.8874,0,497.0,0.5415
3070,695.355,93.066,60.942,8,8,0,8,1.0000,0.7857,0,361.2,0.3935
3071,695.325,171.776,61.470,8,8,0,8,1.0000,0.7099,0,0.0,0.0000
3072,695.295,250.486,61.998,8,8,0,8,1.0000,0.7291,0,293.4,0.3197
3073,695.266,329.197,62.527,8,8,0,8,1.0000,0.7211,0,304.2,0.3314
3074,695.236,407.907,63.055,8,8,0,8,1.0000,0.7025,0,281.7,0.3069
3075,695.206,486.617,63.583,8,8,0,8,1.0000,0.6827,0,0.0,0.0000
3076,695.358,525.713,102.845,12,12,0,12,1.0000,1.0000,0,944.4,1.0289
3077,695.176,565.327,64.112,8,8,0,8,1.0000,0.8017,0,389.8,0.4247
3078,695.328,604.423,103.374,12,12,0,12,1.0000,1.0000,0,939.1,1.0231
3079,695.147,644.038,64.640,8,8,0,8,1.0000,0.8209,0,403.7,0.4398
3080,695.299,683.134,103.902,12,12,0,12,1.0000,1.0000,0,924.9,1.0077
3081,695.269,761.844,104.430,8,4,0,4,1.0000,0.0000,0,0.0,0.0000
3082,695.537,53.452,99.675,8,8,0,8,1.0000,0.9006,0,512.6,0.5585
3083,695.507,132.162,100.204,12,12,0,12,1.0000,1.0000,0,919.4,1.0017
3084,695.477,210.872,100.732,12,12,0,12,1.0000,1.0000,0,939.2,1.0232
3085,695.447,289.582,101.260,12,12,0,12,1.0000,1.0000,0,946.0,1.0306
3086,695.599,328.678,140.523,12,12,0,12,1.0000,1.0000,0,921.5,1.0039
3087,695.418,368.293,101.789,12,12,0,12,1.0000,1.0000,0,946.6,1.0313
3088,695.570,407.389,141.051,12,12,0,12,1.0000,1.0000,0,930.1,1.0133
3089,695.388,447.003,102.317,12,12,0,12,1.0000,1.0000,0,926.7,1.0096
3090,695.540,486.099,141.579,12,12,0,12,1.0000,1.0000,0,938.1,1.0221
3091,695.510,564.809,142.108,12,12,0,12,1.0000,1.0000,0,935.2,1.0189
3092,695.480,643.519,142.636,12,12,0,12,1.0000,1.0000,0,925.8,1.0086
3093,695.451,722.230,143.164,12,12,2,10,0.8333,1.0000,0,813.0,0.8857
3094,695.603,761.326,182.426,8,4,0,4,1.0000,0.0000,0,0.0,0.0000
3095,695.870,52.934,177.671,8,8,0,8,1.0000,0.8650,0,464.1,0.5056
3096,695.689,92.548,138.938,12,12,0,12,1.0000,1.0000,0,885.3,0.9644
3097,695.841,131.644,178.200,12,12,0,12,1.0000,1.0000,0,913.8,0.9955
3098,695.659,171.258,139.466,12,12,0,12,1.0000,1.0000,0,920.5,1.0028
3099,695.811,210.354,178.728,12,12,0,12,1.0000,1.0000,0,928.0,1.0110
3100,695.629,249.968,139.994,12,12,0,12,1.0000,1.0000,0,932.8,1.0163
3101,695.781,289.064,179.256,12,12,0,12,1.0000,1.0000,0,966.9,1.0533
3102,695.751,367.775,179.785,12,12,0,12,1.0000,1.0000,0,950.8,1.0358
3103,695.722,446.485,180.313,12,12,0,12,1.0000,1.0000,0,938.7,1.0226
3104,695.874,485.581,219.575,12,12,0,12,1.0000,1.0000,0,917.4,0.9994
3105,695.692,525.195,180.841,12,12,0,12,1.0000,1.0000,0,955.9,1.0414
3106,695.844,564.291,220.104,12,12,0,12,1.0000,1.0000,0,925.7,1.0085
3107,695.662,603.905,181.370,12,12,0,12,1.0000,1.0000,0,925.6,1.0084
3108,695.814,643.001,220.632,12,12,0,12,1.0000,1.0000,0,919.5,1.0017
3109,695.632,682.615,181.898,12,12,0,12,1.0000,1.0000,0,896.0,0.9762
3110,695.784,721.711,221.160,12,12,2,10,0.8333,1.0000,0,864.3,0.9416
3111,696.022,92.030,216.934,12,12,0,12,1.0000,1.0000,0,946.0,1.0306
3112,695.993,170.740,217.462,12,12,0,12,1.0000,1.0000,0,933.3,1.0167
3113,695.963,249.450,217.990,12,12,0,12,1.0000,1.0000,0,956.9,1.0425
3114,696.115,288.546,257.252,12,12,0,12,1.0000,1.0000,0,875.2,0.9535
3115,695.933,328.160,218.519,12,12,0,12,1.0000,1.0000,0,924.4,1.0071
3116,696.085,367.256,257.781,12,12,0,12,1.0000,1.0000,0,902.1,0.9828
3117,695.903,406.871,219.047,12,12,0,12,1.0000,1.0000,0,918.8,1.0010
3118,696.055,445.967,258.309,12,12,0,12,1.0000,1.0000,0,914.6,0.9964
3119,696.026,524.677,258.837,12,12,0,12,1.0000,1.0000,0,943.3,1.0277
3120,695.996,603.387,259.366,12,12,0,12,1.0000,1.0000,0,903.8,0.9847
3121,695.966,682.097,259.894,12,12,1,11,0.9167,1.0000,0,905.9,0.9869
3122,696.118,721.193,299.156,12,12,1,11,0.9167,1.0000,0,925.1,1.0079
3123,695.937,760.807,260.422,8,4,1,3,0.7500,0.0000,0,0.0,0.0000
3124,696.204,52.415,255.667,8,8,0,8,1.0000,0.7949,0,372.9,0.4063
3125,696.356,91.512,294.930,12,12,0,12,1.0000,1.0000,0,949.4,1.0343
3126,696.174,131.126,256.196,12,12,0,12,1.0000,1.0000,0,921.7,1.0041
3127,696.326,170.222,295.458,12,12,0,12,1.0000,1.0000,0,952.6,1.0378
3128,696.145,209.836,256.724,12,12,0,12,1.0000,1.0000,0,876.3,0.9547
3129,696.297,248.932,295.986,12,12,0,12,1.0000,1.0000,0,954.4,1.0397
3130,696.267,327.642,296.515,12,12,0,12,1.0000,1.0000,0,933.8,1.0173
3131,696.237,406.352,297.043,12,12,0,12,1.0000,1.0000,0,937.6,1.0214
3132,696.207,485.063,297.571,12,12,0,12,1.0000,1.0000,0,922.2,1.0047
3133,696.359,524.159,336.833,12,12,0,12,1.0000,1.0000,0,917.0,0.9990
3134,696.178,563.773,298.100,12,12,0,12,1.0000,1.0000,0,945.8,1.0303
3135,696.330,602.869,337.362,12,12,0,12,1.0000,1.0000,0,930.3,1.0135
3136,696.148,642.483,298.628,12,12,0,12,1.0000,1.0000,0,921.5,1.0039
3137,696.300,681.579,337.890,12,12,0,12,1.0000,1.0000,0,888.8,0.9683
3138,696.270,760.289,338.418,8,4,1,3,0.7500,0.0000,0,0.0,0.0000
3139,696.538,51.897,333.663,8,8,0,8,1.0000,0.7437,0,269.4,0.2935
3140,696.508,130.608,334.192,12,12,0,12,1.0000,1.0000,0,902.4,0.9831
3141,696.478,209.318,334.720,12,12,0,12,1.0000,1.0000,0,896.0,0.9762
3142,696.449,288.028,335.248,12,12,0,12,1.0000,1.0000,0,902.9,0.9837
3143,696.601,327.124,374.511,12,12,0,12,1.0000,1.0000,0,880.0,0.9587
3144,696.419,366.738,335.777,12,12,2,10,0.8333,0.9972,0,786.9,0.8573
3145,696.571,405.834,375.039,12,12,0,12,1.0000,1.0000,0,847.9,0.9237
3146,696.389,445.448,336.305,12,12,0,12,1.0000,1.0000,0,905.1,0.9861
3147,696.541,484.544,375.567,12,12,0,12,1.0000,1.0000,0,911.1,0.9926
3148,696.512,563.255,376.096,12,12,0,12,1.0000,1.0000,0,947.5,1.0322
3149,696.482,641.965,376.624,12,12,0,12,1.0000,1.0000,0,935.4,1.0191
3150,696.452,720.675,377.152,12,12,1,11,0.9167,1.0000,0,934.8,1.0183
3151,696.604,759.771,416.414,8,4,0,4,1.0000,0.0000,0,0.0,0.0000
3152,696.872,51.379,411.659,8,8,0,8,1.0000,0.8217,0,411.4,0.4482
3153,696.690,90.993,372.926,12,12,0,12,1.0000,1.0000,0,921.9,1.0044
3154,696.842,130.089,412.188,12,12,0,12,1.0000,1.0000,0,922.0,1.0045
3155,696.660,169.704,373.454,12,12,0,12,1.0000,1.0000,0,919.8,1.0021
3156,696.812,208.800,412.716,12,12,0,12,1.0000,1.0000,0,934.3,1.0179
3157,696.630,248.414,373.982,12,12,0,12,1.0000,1.0000,0,868.2,0.9458
3158,696.782,287.510,413.244,12,12,0,12,1.0000,1.0000,0,921.6,1.0040
3159,696.753,366.220,413.773,12,12,0,12,1.0000,1.0000,0,909.8,0.9911
3160,696.723,444.930,414.301,12,12,1,11,0.9167,1.0000,0,912.0,0.9935
3161,696.693,523.640,414.829,12,12,0,12,1.0000,1.0000,0,901.3,0.9819
3162,696.845,562.736,454.092,12,12,0,12,1.0000,1.0000,0,942.5,1.0268
3163,696.664,602.351,415.358,12,12,0,12,1.0000,1.0000,0,906.8,0.9879
3164,696.816,641.447,454.620,12,12,0,12,1.0000,1.0000,0,946.8,1.0315
3165,696.634,681.061,415.886,12,12,0,12,1.0000,1.0000,0,910.0,0.9913
3166,696.786,720.157,455.148,12,12,1,11,0.9167,1.0000,0,907.8,0.9890
3167,697.024,90.475,450.922,12,12,0,12,1.0000,1.0000,0,957.1,1.0427
3168,696.994,169.185,451.450,12,12,0,12,1.0000,1.0000,0,983.9,1.0719
3169,696.964,247.896,451.978,12,12,0,12,1.0000,1.0000,0,948.8,1.0337
3170,697.116,286.992,491.240,12,12,0,12,1.0000,1.0000,0,907.8,0.9890
3171,696.934,326.606,452.507,12,12,0,12,1.0000,1.0000,0,940.0,1.0240
3172,697.087,365.702,491.769,12,12,0,12,1.0000,1.0000,0,886.2,0.9655
3173,696.905,405.316,453.035,12,12,0,12,1.0000,1.0000,0,899.0,0.9794
3174,697.057,444.412,492.297,12,12,1,11,0.9167,0.9606,0,667.7,0.7275
3175,696.875,484.026,453.563,12,12,0,12,1.0000,1.0000,0,912.8,0.9944
3176,697.027,523.122,492.825,12,12,0,12,1.0000,1.0000,0,933.3,1.0168
3177,696.997,601.832,493.354,12,12,0,12,1.0000,1.0000,0,912.9,0.9946
3178,696.968,680.543,493.882,12,12,0,12,1.0000,1.0000,0,904.6,0.9855
3179,697.120,719.639,533.144,12,12,1,11,0.9167,1.0000,0,908.8,0.9901
3180,696.938,759.253,494.410,8,4,1,3,0.7500,0.0000,0,0.0,0.0000
3181,697.205,50.861,489.655,8,8,0,8,1.0000,0.6889,0,261.9,0.2853
3182,697.357,89.957,528.918,12,12,0,12,1.0000,1.0000,0,957.7,1.0434
3183,697.176,129.571,490.184,12,12,0,12,1.0000,1.0000,0,881.0,0.9598
3184,697.328,168.667,529.446,12,12,0,12,1.0000,1.0000,0,970.3,1.0570
3185,697.146,208.281,490.712,12,12,0,12,1.0000,1.0000,0,904.0,0.9849
3186,697.298,247.377,529.974,12,12,0,12,1.0000,1.0000,0,928.0,1.0109
3187,697.268,326.088,530.503,12,12,0,12,1.0000,1.0000,0,940.5,1.0246
3188,697.239,404.798,531.031,12,12,0,12,1.0000,1.0000,0,919.5,1.0018
3189,697.209,483.508,531.559,12,12,0,12,1.0000,1.0000,0,918.1,1.0002
3190,697.361,522.604,570.821,12,12,1,11,0.9167,1.0000,0,911.8,0.9933
3191,697.179,562.218,532.087,12,12,0,12,1.0000,1.0000,0,940.8,1.0250
3192,697.331,601.314,571.350,12,12,0,12,1.0000,1.0000,0,913.3,0.9950
3193,697.149,640.929,532.616,12,12,0,12,1.0000,1.0000,0,937.0,1.0207
3194,697.301,680.025,571.878,12,12,0,12,1.0000,1.0000,0,894.3,0.9743
3195,697.272,758.735,572.406,8,4,0,4,1.0000,0.0000,0,0.0,0.0000
3196,697.539,50.343,567.651,8,8,0,8,1.0000,0.8672,0,483.4,0.5266
3197,697.509,129.053,568.180,12,12,0,12,1.0000,1.0000,0,949.5,1.0344
3198,697.480,207.763,568.708,12,12,1,11,0.9167,0.9860,0,798.5,0.8699
3199,697.450,286.473,569.236,12,12,0,12,1.0000,1.0000,0,929.6,1.0127
3200,697.602,325.569,608.499,12,12,1,11,0.9167,1.0000,0,921.8,1.0043
3201,697.420,365.184,569.765,12,12,0,12,1.0000,1.0000,0,925.6,1.0084
3202,697.572,404.280,609.027,12,12,0,12,1.0000,1.0000,0,953.2,1.0384
3203,697.391,443.894,570.293,12,12,0,12,1.0000,1.0000,0,916.5,0.9985
3204,697.543,482.990,609.555,12,12,0,12,1.0000,1.0000,0,927.6,1.0105
3205,697.513,561.700,610.083,12,12,0,12,1.0000,1.0000,0,932.3,1.0157
3206,697.483,640.410,610.612,12,12,0,12,1.0000,1.0000,0,902.0,0.9826
3207,697.453,719.121,611.140,12,12,1,11,0.9167,1.0000,0,886.2,0.9655
3208,697.605,758.217,650.402,8,4,0,4,1.0000,0.0000,0,0.0,0.0000
3209,697.873,49.825,645.647,8,8,0,8,1.0000,0.8273,0,439.9,0.4793
3210,697.691,89.439,606.914,12,12,0,12,1.0000,1.0000,0,920.4,1.0028
3211,697.843,128.535,646.176,12,12,0,12,1.0000,1.0000,0,942.1,1.0263
3212,697.662,168.149,607.442,12,12,0,12,1.0000,1.0000,0,939.6,1.0236
3213,697.814,207.245,646.704,12,12,0,12,1.0000,1.0000,0,940.1,1.0241
3214,697.632,246.859,607.970,12,12,0,12,1.0000,1.0000,0,941.8,1.0260
3215,697.784,285.955,647.232,12,12,1,11,0.9167,1.0000,0,984.7,1.0727
3216,697.754,364.666,647.761,12,12,0,12,1.0000,1.0000,0,931.8,1.0151
3217,697.724,443.376,648.289,12,12,0,12,1.0000,1.0000,0,969.8,1.0565
3218,697.695,522.086,648.817,12,12,0,12,1.0000,1.0000,0,969.5,1.0562
3219,697.847,561.182,688.079,12,12,0,12,1.0000,1.0000,0,960.7,1.0466
3220,697.665,600.796,649.346,12,12,0,12,1.0000,1.0000,0,929.2,1.0123
3221,697.817,639.892,688.608,12,12,0,12,1.0000,1.0000,0,908.4,0.9896
3222,697.635,679.506,649.874,12,12,0,12,1.0000,1.0000,0,885.3,0.9644
3223,697.787,718.602,689.136,12,12,1,11,0.9167,1.0000,0,845.5,0.9211
3224,698.025,88.921,684.910,12,12,0,12,1.0000,1.0000,0,842.4,0.9177
3225,697.995,167.631,685.438,12,12,0,12,1.0000,1.0000,0,917.7,0.9997
3226,697.966,246.341,685.966,12,12,0,12,1.0000,1.0000,0,965.2,1.0515
3227,698.118,285.437,725.228,12,12,0,12,1.0000,1.0000,0,941.3,1.0255
3228,697.936,325.051,686.495,12,12,0,12,1.0000,1.0000,0,946.3,1.0310
3229,698.088,364.147,725.757,12,12,0,12,1.0000,1.0000,0,972.4,1.0594
3230,697.906,403.762,687.023,12,12,0,12,1.0000,1.0000,0,950.4,1.0355
3231,698.058,442.858,726.285,12,12,0,12,1.0000,1.0000,0,963.0,1.0491
3232,697.876,482.472,687.551,12,12,0,12,1.0000,1.0000,0,940.1,1.0242
3233,698.028,521.568,726.813,12,12,0,12,1.0000,1.0000,0,952.3,1.0375
3234,697.999,600.278,727.342,12,12,0,12,1.0000,1.0000,0,934.4,1.0179
3235,697.969,678.988,727.870,12,12,0,12,1.0000,1.0000,0,900.2,0.9807
3236,698.121,718.084,767.132,8,4,0,4,1.0000,0.8251,0,416.3,0.4536
3237,697.939,757.698,728.398,8,4,0,4,1.0000,0.0000,0,0.0,0.0000
3238,698.207,49.306,723.643,8,8,0,8,1.0000,0.8631,0,460.2,0.5014
3239,698.359,88.402,762.906,8,4,0,4,1.0000,0.8747,0,487.7,0.5313
3240,698.177,128.017,724.172,12,12,0,12,1.0000,1.0000,0,950.7,1.0357
3241,698.329,167.113,763.434,8,4,0,4,1.0000,0.7877,0,381.4,0.4155
3242,698.147,206.727,724.700,12,12,0,12,1.0000,1.0000,0,970.7,1.0575
3243,698.299,245.823,763.962,8,4,0,4,1.0000,0.7726,0,289.9,0.3159
3244,698.270,324.533,764.490,8,4,0,4,1.0000,0.7994,0,356.7,0.3886
3245,698.240,403.243,765.019,8,4,0,4,1.0000,0.7722,0,291.0,0.3170
3246,698.210,481.954,765.547,8,4,0,4,1.0000,0.7452,0,310.8,0.3386
3247,698.180,560.664,766.075,8,4,0,4,1.0000,0.7879,0,336.4,0.3665
3248,698.151,639.374,766.604,8,4,0,4,1.0000,0.8113,0,372.5,0.4058
3249,734.355,604.730,64.302,5,3,0,3,1.0000,0.9114,0,539.7,0.5880
3250,734.326,683.440,64.830,5,3,0,3,1.0000,0.8939,0,489.1,0.5329
3251,734.296,762.151,65.359,3,1,0,1,1.0000,0.0000,0,0.0,0.0000
3252,734.564,53.759,60.604,3,2,0,2,1.0000,0.3428,0,0.0,0.0000
3253,734.534,132.469,61.132,5,3,0,3,1.0000,0.8778,0,489.4,0.5332
3254,734.504,211.179,61.660,5,3,0,3,1.0000,0.8989,0,515.0,0.5611
3255,734.474,289.889,62.189,5,3,0,3,1.0000,0.8942,0,502.4,0.5473
3256,734.445,368.599,62.717,5,3,0,3,1.0000,0.8870,0,487.9,0.5315
3257,734.597,407.695,101.979,8,4,0,4,1.0000,1.0000,0,1396.7,1.5216
3258,734.415,447.310,63.245,5,3,0,3,1.0000,0.8729,0,459.2,0.5003
3259,734.567,486.406,102.508,8,4,0,4,1.0000,1.0000,0,1396.7,1.5216
3260,734.385,526.020,63.774,5,3,0,3,1.0000,0.8788,0,477.6,0.5203
3261,734.537,565.116,103.036,8,4,0,4,1.0000,1.0000,0,1396.7,1.5216
3262,734.507,643.826,103.564,8,4,0,4,1.0000,1.0000,0,1396.7,1.5216
3263,734.478,722.536,104.092,8,4,0,4,1.0000,1.0000,0,1154.1,1.2574
3264,734.716,92.855,99.866,8,4,0,4,1.0000,1.0000,0,1161.4,1.2653
3265,734.868,131.951,139.128,8,4,0,4,1.0000,1.0000,0,1319.4,1.4374
3266,734.686,171.565,100.394,8,4,0,4,1.0000,1.0000,0,1396.7,1.5216
3267,734.838,210.661,139.656,8,4,0,4,1.0000,1.0000,0,1396.7,1.5216
3268,734.656,250.275,100.923,8,4,0,4,1.0000,1.0000,0,1396.7,1.5216
3269,734.808,289.371,140.185,8,4,0,4,1.0000,1.0000,0,1396.7,1.5216
3270,734.626,328.985,101.451,8,4,0,4,1.0000,1.0000,0,1396.7,1.5216
3271,734.778,368.081,140.713,8,4,0,4,1.0000,1.0000,0,1396.7,1.5216
3272,734.749,446.791,141.241,8,4,0,4,1.0000,1.0000,0,1396.7,1.5216
3273,734.719,525.502,141.770,8,4,0,4,1.0000,1.0000,0,1396.7,1.5216
3274,734.871,564.598,181.032,8,4,0,4,1.0000,1.0000,0,1396.7,1.5216
3275,734.689,604.212,142.298,8,4,0,4,1.0000,1.0000,0,1396.7,1.5216
3276,734.841,643.308,181.560,8,4,0,4,1.0000,1.0000,0,1396.7,1.5216
3277,734.660,682.922,142.826,8,4,0,4,1.0000,1.0000,0,1396.7,1.5216
3278,734.812,722.018,182.088,8,4,0,4,1.0000,1.0000,0,1305.5,1.4222
3279,734.630,761.632,143.355,5,1,1,0,0.0000,0.0000,0,0.0,0.0000
3280,734.897,53.240,138.600,5,3,0,3,1.0000,0.8753,0,485.7,0.5292
3281,735.049,92.336,177.862,8,4,0,4,1.0000,1.0000,0,1183.4,1.2892
3282,735.020,171.047,178.390,8,4,0,4,1.0000,1.0000,0,1396.7,1.5216
3283,734.990,249.757,178.919,8,4,0,4,1.0000,1.0000,0,1396.7,1.5216
3284,734.960,328.467,179.447,8,4,0,4,1.0000,1.0000,0,1396.7,1.5216
3285,735.112,367.563,218.709,8,4,0,4,1.0000,1.0000,0,1396.7,1.5216
3286,734.930,407.177,179.975,8,4,0,4,1.0000,1.0000,0,1396.7,1.5216
3287,735.082,446.273,219.237,8,4,0,4,1.0000,1.0000,0,1396.7,1.5216
3288,734.901,485.888,180.504,8,4,0,4,1.0000,1.0000,0,1396.7,1.5216
3289,735.053,524.984,219.766,8,4,0,4,1.0000,1.0000,0,1396.7,1.5216
3290,735.023,603.694,220.294,8,4,0,4,1.0000,1.0000,0,1396.7,1.5216
3291,734.993,682.404,220.822,8,4,0,4,1.0000,1.0000,0,1396.7,1.5216
3292,734.964,761.114,221.351,5,1,1,0,0.0000,0.0000,0,0.0,0.0000
3293,735.231,52.722,216.596,5,3,0,3,1.0000,0.8305,0,394.3,0.4295
3294,735.201,131.432,217.124,8,4,0,4,1.0000,1.0000,0,1312.5,1.4298
3295,735.353,170.528,256.386,8,4,0,4,1.0000,1.0000,0,1394.7,1.5194
3296,735.172,210.143,217.652,8,4,0,4,1.0000,1.0000,0,1396.7,1.5216
3297,735.324,249.239,256.915,8,4,0,4,1.0000,1.0000,0,1396.7,1.5216
3298,735.142,288.853,218.181,8,4,0,4,1.0000,1.0000,0,1396.7,1.5216
3299,735.294,327.949,257.443,8,4,0,4,1.0000,1.0000,0,1396.7,1.5216
3300,735.264,406.659,257.971,8,4,0,4,1.0000,1.0000,0,1396.7,1.5216
3301,735.235,485.369,258.499,8,4,0,4,1.0000,1.0000,0,1396.7,1.5216
3302,735.205,564.080,259.028,8,4,0,4,1.0000,1.0000,0,1396.7,1.5216
3303,735.357,603.176,298.290,8,4,0,4,1.0000,1.0000,0,1396.7,1.5216
3304,735.175,642.790,259.556,8,4,0,4,1.0000,1.0000,0,1396.7,1.5216
3305,735.327,681.886,298.818,8,4,0,4,1.0000,1.0000,0,1396.7,1.5216
3306,735.145,721.500,260.084,8,4,0,4,1.0000,1.0000,0,1361.7,1.4835
3307,735.297,760.596,299.347,5,1,1,0,0.0000,0.0000,0,0.0,0.0000
3308,735.565,52.204,294.592,5,3,0,3,1.0000,0.7734,0,308.4,0.3360
3309,735.383,91.818,255.858,8,4,0,4,1.0000,1.0000,0,1155.9,1.2592
3310,735.535,130.914,295.120,8,4,0,4,1.0000,1.0000,0,1302.2,1.4186
3311,735.505,209.624,295.648,8,4,0,4,1.0000,1.0000,0,1396.7,1.5216
3312,735.476,288.335,296.177,8,4,0,4,1.0000,1.0000,0,1396.7,1.5216
3313,735.446,367.045,296.705,8,4,0,4,1.0000,1.0000,0,1396.7,1.5216
3314,735.598,406.141,335.967,8,4,0,4,1.0000,1.0000,0,1396.7,1.5216
3315,735.416,445.755,297.233,8,4,0,4,1.0000,1.0000,0,1396.7,1.5216
3316,735.568,484.851,336.495,8,4,0,4,1.0000,1.0000,0,1396.7,1.5216
3317,735.387,524.465,297.762,8,4,0,4,1.0000,1.0000,0,1396.7,1.5216
3318,735.539,563.561,337.024,8,4,0,4,1.0000,1.0000,0,1396.7,1.5216
3319,735.509,642.272,337.552,8,4,0,4,1.0000,1.0000,0,1396.7,1.5216
3320,735.479,720.982,338.080,8,4,0,4,1.0000,1.0000,0,1361.2,1.4829
3321,735.717,91.300,333.854,8,4,0,4,1.0000,1.0000,0,1159.9,1.2636
3322,735.869,130.396,373.116,8,4,0,4,1.0000,1.0000,0,1216.0,1.3247
3323,735.687,170.010,334.382,8,4,0,4,1.0000,1.0000,0,1384.2,1.5080
3324,735.839,209.106,373.644,8,4,0,4,1.0000,1.0000,0,1396.7,1.5216
3325,735.657,248.721,334.911,8,4,0,4,1.0000,1.0000,0,1396.7,1.5216
3326,735.810,287.817,374.173,8,4,0,4,1.0000,1.0000,0,1396.7,1.5216
3327,735.628,327.431,335.439,8,4,0,4,1.0000,1.0000,0,1396.7,1.5216
3328,735.780,366.527,374.701,8,4,0,4,1.0000,1.0000,0,1396.7,1.5216
3329,735.750,445.237,375.229,8,4,0,4,1.0000,1.0000,0,1396.7,1.5216
3330,735.720,523.947,375.758,8,4,0,4,1.0000,1.0000,0,1396.7,1.5216
3331,735.872,563.043,415.020,8,4,0,4,1.0000,1.0000,0,1396.7,1.5216
3332,735.691,602.657,376.286,8,4,0,4,1.0000,1.0000,0,1396.7,1.5216
3333,735.843,641.753,415.548,8,4,0,4,1.0000,1.0000,0,1396.7,1.5216
3334,735.661,681.368,376.814,8,4,0,4,1.0000,1.0000,0,1396.7,1.5216
3335,735.813,720.464,416.076,8,4,0,4,1.0000,1.0000,0,1340.1,1.4600
3336,735.631,760.078,377.343,5,1,1,0,0.0000,0.0000,0,0.0,0.0000
3337,735.899,51.686,372.588,5,3,0,3,1.0000,0.7270,0,0.0,0.0000
3338,736.051,90.782,411.850,8,4,0,4,1.0000,1.0000,0,1136.1,1.2377
3339,736.021,169.492,412.378,8,4,0,4,1.0000,1.0000,0,1343.6,1.4638
3340,735.991,248.202,412.907,8,4,0,4,1.0000,1.0000,0,1396.7,1.5216
3341,735.962,326.913,413.435,8,4,0,4,1.0000,1.0000,0,1396.7,1.5216
3342,736.114,366.009,452.697,8,4,0,4,1.0000,1.0000,0,1396.7,1.5216
3343,735.932,405.623,413.963,8,4,0,4,1.0000,1.0000,0,1396.7,1.5216
3344,736.084,444.719,453.225,8,4,1,3,0.7500,1.0000,0,1396.7,1.5216
3345,735.902,484.333,414.491,8,4,0,4,1.0000,1.0000,0,1396.7,1.5216
3346,736.054,523.429,453.754,8,4,0,4,1.0000,1.0000,0,1396.7,1.5216
3347,736.024,602.139,454.282,8,4,0,4,1.0000,1.0000,0,1396.7,1.5216
3348,735.995,680.849,454.810,8,4,0,4,1.0000,1.0000,0,1396.7,1.5216
3349,735.965,759.560,455.339,5,1,1,0,0.0000,0.0000,0,0.0,0.0000
3350,736.233,51.168,450.584,5,3,0,3,1.0000,0.8067,0,344.6,0.3754
3351,736.203,129.878,451.112,8,4,0,4,1.0000,1.0000,0,1207.1,1.3151
3352,736.355,168.974,490.374,8,4,0,4,1.0000,1.0000,0,1291.5,1.4070
3353,736.173,208.588,451.640,8,4,0,4,1.0000,1.0000,0,1396.5,1.5214
3354,736.325,247.684,490.902,8,4,0,4,1.0000,1.0000,0,1387.4,1.5115
3355,736.143,287.298,452.169,8,4,0,4,1.0000,1.0000,0,1396.7,1.5216
3356,736.295,326.394,491.431,8,4,0,4,1.0000,1.0000,0,1396.7,1.5216
3357,736.266,405.105,491.959,8,4,0,4,1.0000,1.0000,0,1396.7,1.5216
3358,736.236,483.815,492.487,8,4,0,4,1.0000,1.0000,0,1396.7,1.5216
3359,736.206,562.525,493.016,8,4,0,4,1.0000,1.0000,0,1396.7,1.5216
3360,736.358,601.621,532.278,8,4,0,4,1.0000,1.0000,0,1396.7,1.5216
3361,736.176,641.235,493.544,8,4,0,4,1.0000,1.0000,0,1396.7,1.5216
3362,736.328,680.331,532.806,8,4,0,4,1.0000,1.0000,0,1369.0,1.4914
3363,736.147,719.945,494.072,8,4,0,4,1.0000,1.0000,0,1281.7,1.3963
3364,736.299,759.042,533.335,5,1,1,0,0.0000,0.0000,0,0.0,0.0000
3365,736.566,50.650,528.580,5,3,0,3,1.0000,0.7578,0,0.0,0.0000
3366,736.385,90.264,489.846,8,4,0,4,1.0000,1.0000,0,1157.1,1.2606
3367,736.537,129.360,529.108,8,4,0,4,1.0000,1.0000,0,1177.2,1.2824
3368,736.507,208.070,529.636,8,4,0,4,1.0000,1.0000,0,1326.7,1.4454
3369,736.477,286.780,530.165,8,4,0,4,1.0000,1.0000,0,1362.8,1.4847
3370,736.447,365.490,530.693,8,4,0,4,1.0000,1.0000,0,1390.3,1.5146
3371,736.599,404.586,569.955,8,4,0,4,1.0000,1.0000,0,1396.7,1.5216
3372,736.418,444.201,531.221,8,4,0,4,1.0000,1.0000,0,1396.7,1.5216
3373,736.570,483.297,570.483,8,4,0,4,1.0000,1.0000,0,1376.5,1.4996
3374,736.388,522.911,531.750,8,4,0,4,1.0000,1.0000,0,1396.7,1.5216
3375,736.540,562.007,571.012,8,4,0,4,1.0000,1.0000,0,1365.0,1.4871
3376,736.510,640.717,571.540,8,4,0,4,1.0000,1.0000,0,1374.6,1.4976
3377,736.480,719.427,572.068,8,4,0,4,1.0000,1.0000,0,1216.0,1.3248
3378,736.718,89.746,567.842,8,4,0,4,1.0000,1.0000,0,1106.1,1.2051
3379,736.870,128.842,607.104,8,4,0,4,1.0000,1.0000,0,1115.0,1.2147
3380,736.689,168.456,568.370,8,4,0,4,1.0000,1.0000,0,1253.0,1.3650
3381,736.841,207.552,607.632,8,4,0,4,1.0000,1.0000,0,1257.5,1.3699
3382,736.659,247.166,568.898,8,4,0,4,1.0000,1.0000,0,1307.8,1.4247
3383,736.811,286.262,608.161,8,4,0,4,1.0000,1.0000,0,1270.3,1.3839
3384,736.629,325.876,569.427,8,4,0,4,1.0000,1.0000,0,1375.4,1.4984
3385,736.781,364.972,608.689,8,4,0,4,1.0000,1.0000,0,1305.6,1.4223
3386,736.751,443.682,609.217,8,4,0,4,1.0000,1.0000,0,1301.4,1.4178
3387,736.722,522.393,609.746,8,4,0,4,1.0000,1.0000,0,1279.7,1.3941
3388,736.874,561.489,649.008,8,4,0,4,1.0000,1.0000,0,1195.0,1.3018
3389,736.692,601.103,610.274,8,4,0,4,1.0000,1.0000,0,1266.6,1.3799
3390,736.844,640.199,649.536,8,4,0,4,1.0000,1.0000,0,1170.1,1.2747
3391,736.662,679.813,610.802,8,4,0,4,1.0000,1.0000,0,1191.4,1.2979
3392,736.814,718.909,650.064,8,4,0,4,1.0000,1.0000,0,1104.3,1.2030
3393,736.632,758.523,611.331,5,1,1,0,0.0000,0.0000,0,0.0,0.0000
3394,736.900,50.131,606.576,5,3,0,3,1.0000,0.8880,0,499.4,0.5441
3395,737.052,89.227,645.838,8,4,0,4,1.0000,1.0000,0,1062.5,1.1575
3396,737.022,167.938,646.366,8,4,0,4,1.0000,1.0000,0,1139.1,1.2410
3397,736.993,246.648,646.894,8,4,0,4,1.0000,1.0000,0,1182.0,1.2877
3398,736.963,325.358,647.423,8,4,1,3,0.7500,1.0000,0,1189.9,1.2963
3399,737.115,364.454,686.685,8,4,0,4,1.0000,1.0000,0,1094.0,1.1918
3400,736.933,404.068,647.951,8,4,0,4,1.0000,1.0000,0,1226.0,1.3356
3401,737.085,443.164,687.213,8,4,0,4,1.0000,1.0000,0,1097.9,1.1961
3402,736.903,482.778,648.479,8,4,0,4,1.0000,1.0000,0,1182.5,1.2883
3403,737.055,521.875,687.742,8,4,0,4,1.0000,1.0000,0,1060.5,1.1554
3404,737.026,600.585,688.270,8,4,0,4,1.0000,1.0000,0,1057.0,1.1515
3405,736.996,679.295,688.798,8,4,0,4,1.0000,1.0000,0,1027.1,1.1189
3406,736.966,758.005,689.327,5,1,1,0,0.0000,0.0000,0,0.0,0.0000
3407,737.234,49.613,684.572,5,3,0,3,1.0000,0.9153,0,532.6,0.5802
3408,737.204,128.323,685.100,8,4,0,4,1.0000,1.0000,0,972.8,1.0598
3409,737.356,167.419,724.362,8,4,0,4,1.0000,1.0000,0,935.9,1.0196
3410,737.174,207.034,685.628,8,4,0,4,1.0000,1.0000,0,1074.1,1.1702
3411,737.326,246.130,724.890,8,4,0,4,1.0000,1.0000,0,971.0,1.0578
3412,737.145,285.744,686.157,8,4,1,3,0.7500,1.0000,0,1108.2,1.2073
3413,737.297,324.840,725.419,8,4,0,4,1.0000,1.0000,0,995.9,1.0850
3414,737.267,403.550,725.947,8,4,0,4,1.0000,1.0000,0,988.6,1.0770
3415,737.237,482.260,726.475,8,4,0,4,1.0000,1.0000,0,962.6,1.0487
3416,737.207,560.971,727.004,8,4,0,4,1.0000,1.0000,0,964.7,1.0510
3417,737.359,600.067,766.266,5,1,0,1,1.0000,0.3669,0,0.0,0.0000
3418,737.178,639.681,727.532,8,4,0,4,1.0000,1.0000,0,927.9,1.0109
3419,737.330,678.777,766.794,5,1,0,1,1.0000,0.3047,0,0.0,0.0000
3420,737.148,718.391,728.060,8,4,0,4,1.0000,1.0000,0,896.0,0.9761
3421,737.300,757.487,767.323,3,0,0,0,-1.0000,0.0000,0,0.0,0.0000
3422,737.568,49.095,762.568,3,1,0,1,1.0000,0.5571,0,240.9,0.2625
3423,737.386,88.709,723.834,8,4,0,4,1.0000,1.0000,0,925.4,1.0082
3424,737.538,127.805,763.096,5,1,0,1,1.0000,0.6379,0,0.0,0.0000
3425,737.508,206.515,763.624,5,1,0,1,1.0000,0.5960,0,0.0,0.0000
3426,737.478,285.226,764.153,5,1,0,1,1.0000,0.4972,0,0.0,0.0000
3427,737.449,363.936,764.681,5,1,0,1,1.0000,0.4106,0,0.0,0.0000
3428,737.419,442.646,765.209,5,1,0,1,1.0000,0.3539,0,0.0,0.0000
3429,737.389,521.356,765.738,5,1,0,1,1.0000,0.2885,0,0.0,0.0000
