node_id,z,y,x,degree,is_interior,embedded,iou,fill,inscribed_radius_vox,diameter_um,radius_fill_vox,diameter_fill_um,box_material_frac,saturated
0,29.11254,367.74003,64.10071,5,0,0,0.22154,0.59890,1.41421,164.62550,0.00000,0.00000,0.32858,0
1,29.08463,446.44188,64.60418,5,0,0,0.22189,0.62674,1.00000,116.40781,0.00000,0.00000,0.34784,0
2,29.05672,525.14373,65.10765,5,0,0,0.25557,0.72131,2.00000,232.81563,0.00000,0.00000,0.33786,0
3,29.02880,603.84558,65.61112,5,0,0,0.25566,0.75069,2.00000,232.81563,0.00000,0.00000,0.34342,0
4,29.00089,682.54744,66.11459,5,0,0,0.26628,0.77222,3.00000,349.22345,2.78952,324.72150,0.32813,0
5,28.97298,761.24929,66.61806,3,0,0,0.00000,0.00000,0.00000,0.00000,0.00000,0.00000,0.04166,0
6,29.22420,52.93262,62.08682,3,0,0,0.08235,0.11570,0.00000,0.00000,0.00000,0.00000,0.09920,0
7,29.36969,92.01981,101.33004,8,0,0,0.24540,1.00000,7.00000,814.85468,10.27540,1196.13635,0.61293,0
8,29.19629,131.63448,62.59029,5,0,0,0.22187,0.60169,1.41421,164.62550,0.00000,0.00000,0.31923,0
9,29.34177,170.72166,101.83351,8,0,0,0.24541,1.00000,8.00000,931.26251,12.00000,1396.89380,0.66464,0
10,29.16837,210.33633,63.09376,5,0,0,0.22610,0.60942,1.41421,164.62550,0.00000,0.00000,0.32794,0
11,29.31386,249.42352,102.33698,8,0,0,0.24288,1.00000,8.06226,938.50983,12.00000,1396.89380,0.67059,0
12,29.14046,289.03818,63.59724,5,0,0,0.22233,0.61050,1.00000,116.40781,0.00000,0.00000,0.34118,0
13,29.28595,328.12537,102.84045,8,0,0,0.24526,1.00000,8.00000,931.26251,12.00000,1396.89380,0.67270,0
14,29.25803,406.82722,103.34392,8,0,0,0.24508,1.00000,8.00000,931.26251,12.00000,1396.89380,0.66726,0
15,29.23012,485.52907,103.84740,8,0,0,0.23954,1.00000,8.30662,966.95587,12.00000,1396.89380,0.66618,0
16,29.20221,564.23092,104.35087,8,0,0,0.24070,1.00000,8.00000,931.26251,12.00000,1396.89380,0.64301,0
17,29.34770,603.31811,143.59409,8,0,0,0.24203,1.00000,8.00000,931.26251,12.00000,1396.89380,0.66810,0
18,29.17429,642.93277,104.85434,8,0,0,0.25293,1.00000,7.00000,814.85468,11.26205,1310.99011,0.61645,0
19,29.31978,682.01996,144.09756,8,0,0,0.24473,1.00000,8.00000,931.26251,11.38061,1324.79199,0.62291,0
20,29.14638,721.63462,105.35781,8,0,0,0.24185,1.00000,7.00000,814.85468,9.65020,1123.35840,0.55770,0
21,29.29187,760.72181,144.60103,5,0,0,0.00000,0.00000,0.00000,0.00000,0.00000,0.00000,0.11200,0
22,29.54309,52.40515,140.06978,5,0,0,0.29080,0.92541,4.00000,465.63126,4.71111,548.41058,0.37069,0
23,29.51518,131.10700,140.57326,8,0,0,0.24423,1.00000,8.06226,938.50983,12.00000,1396.89380,0.67405,0
24,29.48726,209.80885,141.07673,8,0,0,0.24238,1.00000,9.05539,1054.11768,12.00000,1396.89380,0.72058,0
25,29.45935,288.51070,141.58020,8,0,0,0.24271,1.00000,9.43398,1098.18909,12.00000,1396.89380,0.72320,0
26,29.60484,327.59789,180.82342,8,0,0,0.23948,1.00000,10.48809,1220.89551,12.00000,1396.89380,0.74528,0
27,29.43144,367.21256,142.08367,8,0,0,0.24425,1.00000,9.05539,1054.11768,12.00000,1396.89380,0.72416,0
28,29.57693,406.29974,181.32689,8,0,0,0.24339,1.00000,10.24695,1192.82520,12.00000,1396.89380,0.73645,0
29,29.40352,445.91441,142.58714,8,0,0,0.24286,1.00000,9.00000,1047.67029,12.00000,1396.89380,0.71846,0
30,29.54901,485.00160,181.83036,8,0,0,0.24506,1.00000,10.00000,1164.07812,12.00000,1396.89380,0.72128,0
31,29.37561,524.61626,143.09061,8,0,0,0.24337,1.00000,9.00000,1047.67029,12.00000,1396.89380,0.69843,0
32,29.52110,563.70345,182.33383,8,0,0,0.24022,1.00000,9.00000,1047.67029,12.00000,1396.89380,0.68934,0
33,29.49319,642.40530,182.83730,8,0,0,0.23986,1.00000,8.00000,931.26251,12.00000,1396.89380,0.66701,0
34,29.46527,721.10715,183.34078,8,0,0,0.24322,1.00000,7.87401,916.59601,10.37530,1207.76550,0.59360,0
35,29.61076,760.19434,222.58399,5,0,0,0.00000,0.00000,0.00000,0.00000,0.00000,0.00000,0.12602,0
36,29.86199,51.87767,218.05275,5,0,0,0.29083,0.95355,4.00000,465.63126,5.37564,625.76630,0.44147,0
37,29.68858,91.49234,179.31300,8,0,0,0.24206,1.00000,8.00000,931.26251,12.00000,1396.89380,0.67610,0
38,29.83407,130.57953,218.55622,8,0,0,0.24084,1.00000,9.94987,1158.24304,12.00000,1396.89380,0.74848,0
39,29.66067,170.19419,179.81647,8,0,0,0.24372,1.00000,9.27362,1079.52173,12.00000,1396.89380,0.73344,0
40,29.80616,209.28138,219.05969,8,0,0,0.24626,1.00000,11.00000,1280.48596,12.00000,1396.89380,0.76659,1
41,29.63275,248.89604,180.31995,8,0,0,0.24220,1.00000,10.63015,1237.43201,12.00000,1396.89380,0.74554,0
42,29.77824,287.98323,219.56316,8,0,0,0.24339,1.00000,11.22497,1306.67444,12.00000,1396.89380,0.77082,1
43,29.75033,366.68508,220.06663,8,0,0,0.24440,1.00000,11.57584,1347.51794,12.00000,1396.89380,0.77158,1
44,29.72242,445.38693,220.57011,8,0,0,0.23900,1.00000,11.00000,1280.48596,12.00000,1396.89380,0.75866,1
45,29.86791,484.47412,259.81332,8,0,0,0.24372,1.00000,11.00000,1280.48596,12.00000,1396.89380,0.75898,1
46,29.69450,524.08878,221.07358,8,0,0,0.24558,1.00000,10.00000,1164.07812,12.00000,1396.89380,0.72403,0
47,29.83999,563.17597,260.31680,8,0,0,0.24558,1.00000,10.00000,1164.07812,12.00000,1396.89380,0.72000,0
48,29.66659,602.79064,221.57705,8,0,0,0.24187,1.00000,9.00000,1047.67029,12.00000,1396.89380,0.67942,0
49,29.81208,641.87782,260.82027,8,0,0,0.25085,1.00000,9.05539,1054.11768,12.00000,1396.89380,0.66880,0
50,29.63868,681.49249,222.08052,8,0,0,0.24508,1.00000,8.06226,938.50983,11.88298,1383.27197,0.62323,0
51,29.78417,720.57968,261.32374,8,0,0,0.23968,1.00000,8.00000,931.26251,11.13439,1296.13025,0.60090,0
52,30.00748,90.96486,257.29597,8,0,0,0.24725,1.00000,9.05539,1054.11768,12.00000,1396.89380,0.73120,0
53,29.97956,169.66671,257.79944,8,0,0,0.24609,1.00000,12.00000,1396.89380,12.00000,1396.89380,0.77645,1
54,29.95165,248.36857,258.30291,8,0,0,0.24255,1.00000,12.00000,1396.89380,12.00000,1396.89380,0.77862,1
55,30.09714,287.45575,297.54613,8,0,0,0.24526,1.00000,12.00000,1396.89380,12.00000,1396.89380,0.77869,1
56,29.92373,327.07042,258.80638,8,0,0,0.24794,1.00000,12.00000,1396.89380,12.00000,1396.89380,0.77862,1
57,30.06922,366.15761,298.04960,8,0,0,0.25086,1.00000,12.00000,1396.89380,12.00000,1396.89380,0.77869,1
58,29.89582,405.77227,259.30985,8,0,0,0.24526,1.00000,12.00000,1396.89380,12.00000,1396.89380,0.77811,1
59,30.04131,444.85946,298.55307,8,0,0,0.24643,1.00000,12.00000,1396.89380,12.00000,1396.89380,0.77741,1
60,30.01340,523.56131,299.05654,8,0,0,0.24438,1.00000,10.00000,1164.07812,12.00000,1396.89380,0.74950,0
61,29.98548,602.26316,299.56001,8,0,0,0.24240,1.00000,9.00000,1047.67029,12.00000,1396.89380,0.70330,0
62,29.95757,680.96501,300.06349,8,0,0,0.25086,1.00000,9.00000,1047.67029,12.00000,1396.89380,0.64186,0
63,30.10306,720.05220,339.30670,8,0,0,0.24796,1.00000,8.00000,931.26251,10.87090,1265.45740,0.60282,0
64,29.92966,759.66686,300.56696,5,0,0,0.00000,0.00000,0.00000,0.00000,0.00000,0.00000,0.12915,0
65,30.18088,51.35020,296.03571,5,0,0,0.26974,0.95568,4.00000,465.63126,5.75663,670.11682,0.47859,0
66,30.32637,90.43739,335.27893,8,0,0,0.24119,1.00000,10.00000,1164.07812,12.00000,1396.89380,0.75987,0
67,30.15296,130.05205,296.53918,8,0,0,0.24540,1.00000,12.00000,1396.89380,12.00000,1396.89380,0.77542,1
68,30.29845,169.13924,335.78240,8,0,0,0.24745,1.00000,12.00000,1396.89380,12.00000,1396.89380,0.77869,1
69,30.12505,208.75390,297.04266,8,0,0,0.24863,1.00000,12.00000,1396.89380,12.00000,1396.89380,0.77862,1
70,30.27054,247.84109,336.28587,8,0,0,0.24863,1.00000,12.00000,1396.89380,12.00000,1396.89380,0.77869,1
71,30.24263,326.54294,336.78935,8,0,0,0.23903,1.00000,12.00000,1396.89380,12.00000,1396.89380,0.77869,1
72,30.21471,405.24479,337.29282,8,0,0,0.24643,1.00000,12.00000,1396.89380,12.00000,1396.89380,0.77869,1
73,30.36020,444.33198,376.53603,8,0,0,0.24070,1.00000,12.00000,1396.89380,12.00000,1396.89380,0.77869,1
74,30.18680,483.94665,337.79629,8,0,0,0.25155,1.00000,11.09054,1291.02502,12.00000,1396.89380,0.77274,1
75,30.33229,523.03383,377.03951,8,0,0,0.24590,1.00000,11.00000,1280.48596,12.00000,1396.89380,0.75917,1
76,30.15889,562.64850,338.29976,8,0,0,0.24457,1.00000,9.27362,1079.52173,12.00000,1396.89380,0.73907,0
77,30.30438,601.73569,377.54298,8,0,0,0.24070,1.00000,9.11043,1060.52563,12.00000,1396.89380,0.71744,0
78,30.13097,641.35035,338.80323,8,0,0,0.24458,1.00000,9.00000,1047.67029,12.00000,1396.89380,0.68794,0
79,30.27646,680.43754,378.04645,8,0,0,0.24122,1.00000,9.00000,1047.67029,12.00000,1396.89380,0.65690,0
80,30.24855,759.13939,378.54992,5,0,0,0.00000,0.00000,0.00000,0.00000,0.00000,0.00000,0.14438,0
81,30.49977,50.82272,374.01868,5,0,0,0.26017,1.00000,5.09902,593.56573,8.17164,951.24249,0.54579,0
82,30.47186,129.52458,374.52215,8,0,0,0.24457,1.00000,12.00000,1396.89380,12.00000,1396.89380,0.77818,1
83,30.61735,168.61176,413.76537,8,0,0,0.24070,1.00000,12.00000,1396.89380,12.00000,1396.89380,0.77869,1
84,30.44394,208.22643,375.02562,8,0,0,0.24390,1.00000,12.00000,1396.89380,12.00000,1396.89380,0.77869,1
85,30.58943,247.31362,414.26884,8,0,0,0.24220,1.00000,12.00000,1396.89380,12.00000,1396.89380,0.77869,1
86,30.41603,286.92828,375.52909,8,0,0,0.24610,1.00000,12.00000,1396.89380,12.00000,1396.89380,0.77869,1
87,30.56152,326.01547,414.77231,8,0,0,0.24339,1.00000,12.00000,1396.89380,12.00000,1396.89380,0.77869,1
88,30.38812,365.63013,376.03256,8,0,0,0.24306,1.00000,12.00000,1396.89380,12.00000,1396.89380,0.77869,1
89,30.53361,404.71732,415.27578,8,0,0,0.24222,1.00000,12.00000,1396.89380,12.00000,1396.89380,0.77869,1
90,30.50569,483.41917,415.77925,8,0,0,0.23916,1.00000,11.00000,1280.48596,12.00000,1396.89380,0.76634,1
91,30.47778,562.12102,416.28272,8,0,0,0.24206,1.00000,10.00000,1164.07812,12.00000,1396.89380,0.74682,0
92,30.62327,601.20821,455.52594,8,0,0,0.24003,1.00000,10.00000,1164.07812,12.00000,1396.89380,0.70771,0
93,30.44987,640.82287,416.78620,8,0,0,0.24171,1.00000,9.00000,1047.67029,12.00000,1396.89380,0.69824,0
94,30.59536,679.91006,456.02941,8,0,0,0.24541,1.00000,8.12404,945.70160,12.00000,1396.89380,0.63693,0
95,30.42195,719.52473,417.28967,8,0,0,0.23948,1.00000,8.00000,931.26251,10.98740,1279.01868,0.61837,0
96,30.56744,758.61191,456.53289,5,0,0,0.00000,0.00000,0.00000,0.00000,0.00000,0.00000,0.13197,0
97,30.81867,50.29525,452.00164,5,0,0,0.27484,0.97790,4.12311,479.96170,6.24785,727.29846,0.50387,0
98,30.64526,89.90991,413.26189,8,0,0,0.24201,1.00000,11.00000,1280.48596,12.00000,1396.89380,0.76262,1
99,30.79075,128.99710,452.50511,8,0,0,0.24206,1.00000,12.00000,1396.89380,12.00000,1396.89380,0.77786,1
100,30.76284,207.69895,453.00858,8,0,0,0.24490,1.00000,12.00000,1396.89380,12.00000,1396.89380,0.77869,1
101,30.73492,286.40080,453.51206,8,0,0,0.23932,1.00000,12.00000,1396.89380,12.00000,1396.89380,0.77869,1
102,30.70701,365.10266,454.01553,8,0,0,0.24694,1.00000,12.00000,1396.89380,12.00000,1396.89380,0.77869,1
103,30.85250,404.18984,493.25875,8,0,0,0.24745,1.00000,12.00000,1396.89380,12.00000,1396.89380,0.77869,1
104,30.67910,443.80451,454.51900,8,0,0,0.23951,1.00000,12.00000,1396.89380,12.00000,1396.89380,0.77869,1
105,30.82459,482.89170,493.76222,8,0,0,0.24915,1.00000,11.22497,1306.67444,12.00000,1396.89380,0.77542,1
106,30.65118,522.50636,455.02247,8,0,0,0.24407,1.00000,11.00000,1280.48596,12.00000,1396.89380,0.74829,1
107,30.79667,561.59355,494.26569,8,0,0,0.23970,1.00000,11.00000,1280.48596,12.00000,1396.89380,0.74157,1
108,30.76876,640.29540,494.76916,8,0,0,0.24490,1.00000,10.00000,1164.07812,12.00000,1396.89380,0.69325,0
109,30.74085,718.99725,495.27263,8,0,0,0.24389,1.00000,7.54983,878.85968,10.70930,1246.64648,0.59430,0
110,30.96415,89.38244,491.24486,8,0,0,0.24306,1.00000,11.18034,1301.47888,12.00000,1396.89380,0.76787,1
111,31.10964,128.46963,530.48808,8,0,0,0.24257,1.00000,12.00000,1396.89380,12.00000,1396.89380,0.77811,1
112,30.93624,168.08429,491.74833,8,0,0,0.24914,1.00000,12.00000,1396.89380,12.00000,1396.89380,0.77869,1
113,31.08173,207.17148,530.99155,8,0,0,0.25000,1.00000,12.00000,1396.89380,12.00000,1396.89380,0.77869,1
114,30.90833,246.78614,492.25180,8,0,0,0.24813,1.00000,12.00000,1396.89380,12.00000,1396.89380,0.77869,1
115,31.05382,285.87333,531.49502,8,0,0,0.24506,1.00000,12.00000,1396.89380,12.00000,1396.89380,0.77869,1
116,30.88041,325.48799,492.75527,8,0,0,0.24054,1.00000,12.00000,1396.89380,12.00000,1396.89380,0.77869,1
117,31.02590,364.57518,531.99849,8,0,0,0.24317,1.00000,12.00000,1396.89380,12.00000,1396.89380,0.77869,1
118,30.99799,443.27703,532.50196,8,0,0,0.24092,1.00000,12.00000,1396.89380,12.00000,1396.89380,0.77850,1
119,30.97008,521.97888,533.00543,8,0,0,0.25277,1.00000,11.00000,1280.48596,12.00000,1396.89380,0.76109,1
120,31.11557,561.06607,572.24865,8,0,0,0.25034,1.00000,10.00000,1164.07812,12.00000,1396.89380,0.74451,0
121,30.94216,600.68074,533.50891,8,0,0,0.24203,1.00000,9.05539,1054.11768,12.00000,1396.89380,0.72288,0
122,31.08765,639.76792,572.75212,8,0,0,0.24880,1.00000,9.00000,1047.67029,12.00000,1396.89380,0.69722,0
123,30.91425,679.38259,534.01238,8,0,0,0.24541,1.00000,9.00000,1047.67029,12.00000,1396.89380,0.65376,0
124,31.05974,718.46978,573.25560,8,0,0,0.24341,1.00000,8.00000,931.26251,11.46712,1334.86182,0.62272,0
125,30.88634,758.08444,534.51585,5,0,0,0.00000,0.00000,0.00000,0.00000,0.00000,0.00000,0.14483,0
126,31.13756,49.76778,529.98460,5,0,0,0.26932,0.94780,3.16228,368.11383,5.80515,675.76447,0.52717,0
127,31.28305,88.85496,569.22782,8,0,0,0.24711,1.00000,11.00000,1280.48596,12.00000,1396.89380,0.76646,1
128,31.25513,167.55681,569.73129,8,0,0,0.24173,1.00000,12.00000,1396.89380,12.00000,1396.89380,0.77869,1
129,31.22722,246.25867,570.23477,8,0,0,0.24506,1.00000,12.00000,1396.89380,12.00000,1396.89380,0.77869,1
130,31.37271,285.34585,609.47798,8,0,0,0.23816,1.00000,12.00000,1396.89380,12.00000,1396.89380,0.77869,1
131,31.19931,324.96052,570.73824,8,0,0,0.24761,1.00000,12.00000,1396.89380,12.00000,1396.89380,0.77869,1
132,31.34480,364.04771,609.98146,8,0,0,0.24505,1.00000,12.00000,1396.89380,12.00000,1396.89380,0.77869,1
133,31.17139,403.66237,571.24171,8,0,0,0.24457,1.00000,12.00000,1396.89380,12.00000,1396.89380,0.77869,1
134,31.31688,442.74956,610.48493,8,0,0,0.24070,1.00000,12.00000,1396.89380,12.00000,1396.89380,0.77869,1
135,31.14348,482.36422,571.74518,8,0,0,0.24271,1.00000,11.22497,1306.67444,12.00000,1396.89380,0.77523,1
136,31.28897,521.45141,610.98840,8,0,0,0.24105,1.00000,10.09950,1175.66125,12.00000,1396.89380,0.76422,0
137,31.26106,600.15326,611.49187,8,0,0,0.23970,1.00000,9.00000,1047.67029,12.00000,1396.89380,0.72390,0
138,31.23314,678.85511,611.99534,8,0,0,0.24812,1.00000,8.06226,938.50983,12.00000,1396.89380,0.66125,0
139,31.20523,757.55696,612.49881,5,0,0,0.00000,0.00000,0.00000,0.00000,0.00000,0.00000,0.14016,0
140,31.45645,49.24030,607.96757,5,0,0,0.26166,1.00000,5.47723,637.59186,7.81731,909.99609,0.52282,0
141,31.60194,88.32749,647.21079,8,0,0,0.24105,1.00000,10.24695,1192.82520,12.00000,1396.89380,0.73766,0
142,31.42854,127.94215,608.47104,8,0,0,0.24510,1.00000,12.00000,1396.89380,12.00000,1396.89380,0.77715,1
143,31.57403,167.02934,647.71426,8,0,0,0.24073,1.00000,12.00000,1396.89380,12.00000,1396.89380,0.77696,1
144,31.40062,206.64400,608.97451,8,0,0,0.24271,1.00000,12.00000,1396.89380,12.00000,1396.89380,0.77869,1
145,31.54611,245.73119,648.21773,8,0,0,0.24054,1.00000,11.87434,1382.26624,12.00000,1396.89380,0.77837,1
146,31.51820,324.43304,648.72120,8,0,0,0.23813,1.00000,12.00000,1396.89380,12.00000,1396.89380,0.77843,1
147,31.49029,403.13489,649.22467,8,0,0,0.24322,1.00000,12.00000,1396.89380,12.00000,1396.89380,0.77869,1
148,31.46237,481.83675,649.72814,8,0,0,0.24022,1.00000,11.04536,1285.76624,12.00000,1396.89380,0.77459,1
149,31.60786,520.92393,688.97136,8,0,0,0.24473,1.00000,10.00000,1164.07812,12.00000,1396.89380,0.71974,0
150,31.43446,560.53860,650.23162,8,0,0,0.24152,1.00000,9.05539,1054.11768,12.00000,1396.89380,0.74202,0
151,31.57995,599.62579,689.47483,8,0,0,0.23609,1.00000,9.00000,1047.67029,12.00000,1396.89380,0.68723,0
152,31.40655,639.24045,650.73509,8,0,0,0.24019,1.00000,9.00000,1047.67029,12.00000,1396.89380,0.70022,0
153,31.55204,678.32764,689.97831,8,0,0,0.24238,1.00000,8.00000,931.26251,12.00000,1396.89380,0.64269,0
154,31.37863,717.94230,651.23856,8,0,0,0.24457,1.00000,8.00000,931.26251,11.39035,1325.92578,0.62880,0
155,31.52412,757.02949,690.48178,5,0,0,0.00000,0.00000,0.00000,0.00000,0.00000,0.00000,0.13587,0
156,31.77534,48.71283,685.95053,5,0,0,0.26886,1.00000,4.89898,570.27954,7.37268,858.23761,0.48493,0
157,31.74743,127.41468,686.45400,8,0,0,0.24084,1.00000,10.24695,1192.82520,12.00000,1396.89380,0.75283,0
158,31.71952,206.11653,686.95748,8,0,0,0.24881,1.00000,11.00000,1280.48596,12.00000,1396.89380,0.76474,1
159,31.86501,245.20372,726.20069,8,0,0,0.24966,1.00000,9.43398,1098.18909,12.00000,1396.89380,0.73184,0
160,31.69160,284.81838,687.46095,8,0,0,0.24022,1.00000,10.63015,1237.43201,12.00000,1396.89380,0.77325,0
161,31.83709,323.90557,726.70417,8,0,0,0.24576,1.00000,9.11043,1060.52563,12.00000,1396.89380,0.73491,0
162,31.66369,363.52023,687.96442,8,0,0,0.24322,1.00000,11.00000,1280.48596,12.00000,1396.89380,0.77222,1
163,31.80918,402.60742,727.20764,8,0,0,0.24187,1.00000,10.04988,1169.88403,12.00000,1396.89380,0.73414,0
164,31.63578,442.22208,688.46789,8,0,0,0.23986,1.00000,11.00000,1280.48596,12.00000,1396.89380,0.75763,1
165,31.78127,481.30927,727.71111,8,0,0,0.24422,1.00000,10.00000,1164.07812,12.00000,1396.89380,0.71098,0
166,31.75335,560.01112,728.21458,8,0,0,0.24915,1.00000,9.00000,1047.67029,12.00000,1396.89380,0.67872,0
167,31.72544,638.71297,728.71805,8,0,0,0.24438,1.00000,8.00000,931.26251,12.00000,1396.89380,0.63750,0
168,31.87093,677.80016,767.96127,5,0,0,0.29549,0.93681,4.12311,479.96170,4.98054,579.77350,0.37062,0
169,31.69753,717.41483,729.22152,8,0,0,0.23867,1.00000,8.00000,931.26251,10.50570,1222.94507,0.57587,0
170,31.84302,756.50201,768.46474,3,0,0,0.00000,0.00000,0.00000,0.00000,0.00000,0.00000,0.04941,0
171,32.09424,48.18535,763.93350,3,0,0,0.17044,0.31302,1.00000,116.40781,0.00000,0.00000,0.13920,0
172,31.92083,87.80001,725.19375,8,0,0,0.25342,1.00000,8.77496,1021.47443,12.00000,1396.89380,0.68051,0
173,32.06632,126.88720,764.43697,5,0,0,0.24062,0.69252,2.00000,232.81563,0.00000,0.00000,0.38189,0
174,31.89292,166.50187,725.69722,8,0,0,0.23919,1.00000,8.30662,966.95587,12.00000,1396.89380,0.72058,0
175,32.03841,205.58905,764.94044,5,0,0,0.24903,0.71866,1.00000,116.40781,0.00000,0.00000,0.38355,0
176,32.01050,284.29091,765.44391,5,0,0,0.26822,0.80392,2.23607,260.29578,2.91610,339.45703,0.41203,0
177,31.98258,362.99276,765.94738,5,0,0,0.26410,0.80822,3.00000,349.22345,3.10652,361.62341,0.40480,0
178,31.95467,441.69461,766.45086,5,0,0,0.26987,0.86313,3.00000,349.22345,3.66790,426.97238,0.41210,0
179,31.92676,520.39646,766.95433,5,0,0,0.27845,0.89474,3.00000,349.22345,4.31404,502.18744,0.40160,0
180,31.89884,599.09831,767.45780,5,0,0,0.29027,0.93611,3.74166,435.55817,4.89755,570.11273,0.40506,0
181,68.36567,171.04560,62.76567,8,0,0,0.28737,0.82548,3.00000,349.22345,3.56279,414.73666,0.22669,0
182,68.33776,249.74745,63.26914,8,0,0,0.27317,0.78177,3.00000,349.22345,2.82770,329.16669,0.22816,0
183,68.30984,328.44930,63.77262,8,0,0,0.26226,0.73803,2.44949,285.13977,2.84707,331.42133,0.22848,0
184,68.28193,407.15115,64.27609,8,0,0,0.27453,0.75890,2.82843,329.25101,2.64854,308.31036,0.21728,0
185,68.25401,485.85300,64.77956,8,0,0,0.27148,0.75749,2.23607,260.29578,2.23769,260.48422,0.22086,0
186,68.22610,564.55486,65.28303,8,0,0,0.26628,0.77871,3.00000,349.22345,2.86529,333.54193,0.21734,0
187,68.37159,603.64204,104.52625,12,1,0,0.23748,1.00000,7.00000,814.85468,9.43659,1098.49268,0.38074,0
188,68.19819,643.25671,65.78650,8,0,0,0.28340,0.81818,3.00000,349.22345,3.39461,395.15955,0.21530,0
189,68.34368,682.34390,105.02972,12,1,0,0.24694,1.00000,7.00000,814.85468,9.00825,1048.63025,0.35194,0
190,68.17027,721.95856,66.28997,8,0,0,0.30711,0.88767,3.74166,435.55817,4.12221,479.85724,0.19654,0
191,68.31576,761.04575,105.53319,8,0,0,0.00000,0.00000,0.00000,0.00000,0.00000,0.00000,0.02682,0
192,68.56699,52.72908,101.00195,8,0,0,0.28994,0.81894,3.00000,349.22345,3.54008,412.09305,0.20358,0
193,68.39358,92.34375,62.26220,8,0,0,0.27434,0.78151,2.82843,329.25101,2.73029,317.82758,0.18605,0
194,68.53907,131.43093,101.50542,12,1,0,0.24374,1.00000,7.00000,814.85468,8.95875,1042.86841,0.36435,0
195,68.51116,210.13279,102.00889,12,1,0,0.24422,1.00000,7.00000,814.85468,9.36593,1090.26770,0.38118,0
196,68.48325,288.83464,102.51236,12,1,0,0.24423,1.00000,8.00000,931.26251,9.61527,1119.29236,0.39526,0
197,68.45533,367.53649,103.01583,12,1,0,0.24477,1.00000,7.14143,831.31805,9.48846,1104.53101,0.38714,0
198,68.60082,406.62368,142.25905,12,1,0,0.24103,1.00000,7.00000,814.85468,9.39587,1093.75330,0.38560,0
199,68.42742,446.23834,103.51930,12,1,0,0.24065,1.00000,7.34847,855.41925,9.51151,1107.21460,0.38733,0
200,68.57291,485.32553,142.76252,12,1,0,0.23984,1.00000,7.00000,814.85468,9.38614,1092.62061,0.37920,0
201,68.39950,524.94019,104.02278,12,1,0,0.24422,1.00000,7.00000,814.85468,9.50000,1105.87427,0.39520,0
202,68.54499,564.02738,143.26599,12,1,0,0.24189,1.00000,7.00000,814.85468,9.34353,1087.66040,0.37645,0
203,68.51708,642.72923,143.76947,12,1,0,0.24003,1.00000,7.00000,814.85468,9.16652,1067.05408,0.35782,0
204,68.48917,721.43108,144.27294,12,1,0,0.24494,1.00000,6.40312,745.37372,8.39666,977.43683,0.32851,0
205,68.71248,91.81627,140.24516,12,1,0,0.24846,1.00000,7.00000,814.85468,8.88780,1034.60962,0.35392,0
206,68.85797,130.90346,179.48838,12,1,0,0.24674,1.00000,7.00000,814.85468,8.80841,1025.36768,0.36928,0
207,68.68456,170.51812,140.74864,12,1,0,0.24154,1.00000,7.00000,814.85468,9.17937,1068.55090,0.37446,0
208,68.83005,209.60531,179.99185,12,1,0,0.24812,1.00000,7.00000,814.85468,8.90228,1036.29492,0.39034,0
209,68.65665,249.21997,141.25211,12,1,0,0.24187,1.00000,7.00000,814.85468,9.34024,1087.27698,0.37619,0
210,68.80214,288.30716,180.49533,12,1,0,0.24119,1.00000,8.00000,931.26251,9.41960,1096.51453,0.40243,0
211,68.62874,327.92183,141.75558,12,1,0,0.24355,1.00000,7.68115,894.14539,9.48307,1103.90369,0.38547,0
212,68.77423,367.00901,180.99880,12,1,0,0.25312,1.00000,7.00000,814.85468,9.42879,1097.58423,0.41203,0
213,68.74631,445.71087,181.50227,12,1,0,0.24136,1.00000,7.00000,814.85468,9.52792,1109.12451,0.40365,0
214,68.71840,524.41272,182.00574,12,1,0,0.24105,1.00000,8.00000,931.26251,9.74192,1134.03601,0.41946,0
215,68.86389,563.49991,221.24896,12,1,0,0.24087,1.00000,8.00000,931.26251,9.29330,1081.81299,0.39008,0
216,68.69048,603.11457,182.50921,12,1,0,0.24008,1.00000,7.00000,814.85468,9.34785,1088.16235,0.39424,0
217,68.83597,642.20176,221.75243,12,1,0,0.24830,1.00000,7.00000,814.85468,8.95046,1041.90344,0.37869,0
218,68.66257,681.81642,183.01268,12,1,0,0.24897,1.00000,6.08276,708.08112,8.81929,1026.63440,0.35462,0
219,68.80806,720.90361,222.25590,12,1,0,0.25103,1.00000,7.00000,814.85468,8.46797,985.73798,0.34976,0
220,68.63466,760.51827,183.51616,8,0,0,0.00000,0.00000,0.00000,0.00000,0.00000,0.00000,0.02989,0
221,68.88588,52.20161,178.98491,8,0,0,0.32113,0.93443,4.00000,465.63126,4.70584,547.79645,0.24768,0
222,69.03137,91.28880,218.22813,12,1,0,0.24812,1.00000,7.00000,814.85468,8.75759,1019.45239,0.36557,0
223,69.00346,169.99065,218.73160,12,1,0,0.25017,1.00000,7.00000,814.85468,8.91183,1037.40674,0.36634,0
224,68.97554,248.69250,219.23507,12,1,0,0.24523,1.00000,7.07107,823.12756,9.17190,1067.68066,0.38688,0
225,69.12103,287.77969,258.47829,12,1,0,0.24438,1.00000,7.07107,823.12756,9.03545,1051.79712,0.39488,0
226,68.94763,327.39435,219.73854,12,1,0,0.24290,1.00000,7.00000,814.85468,9.28455,1080.79419,0.39706,0
227,69.09312,366.48154,258.98176,12,1,0,0.24267,1.00000,7.87401,916.59601,9.35317,1088.78174,0.41011,0
228,68.91972,406.09620,220.24202,12,1,0,0.24744,1.00000,7.00000,814.85468,9.34448,1087.77039,0.39405,0
229,69.06520,445.18339,259.48523,12,1,0,0.24339,1.00000,7.07107,823.12756,9.36140,1089.74048,0.40070,0
230,68.89180,484.79805,220.74549,12,1,0,0.24762,1.00000,7.00000,814.85468,9.28489,1080.83398,0.38330,0
231,69.03729,523.88524,259.98870,12,1,0,0.24879,1.00000,7.14143,831.31805,9.27153,1079.27795,0.40070,0
232,69.00938,602.58709,260.49218,12,1,0,0.24678,1.00000,7.07107,823.12756,9.23721,1075.28333,0.39322,0
233,68.98146,681.28895,260.99565,12,1,0,0.24914,1.00000,7.00000,814.85468,8.90606,1036.73474,0.36371,0
234,68.95355,759.99080,261.49912,8,0,0,0.00000,0.00000,0.00000,0.00000,0.00000,0.00000,0.03046,0
235,69.20477,51.67413,256.96787,8,0,0,0.30930,0.90055,3.60555,419.71432,4.60230,535.74390,0.24890,0
236,69.35026,90.76132,296.21109,12,1,0,0.24501,1.00000,7.00000,814.85468,8.68319,1010.79089,0.37235,0
237,69.17686,130.37599,257.47135,12,1,0,0.24133,1.00000,7.00000,814.85468,8.76285,1020.06476,0.37626,0
238,69.32235,169.46317,296.71456,12,1,0,0.24133,1.00000,7.00000,814.85468,8.98939,1046.43555,0.37875,0
239,69.14895,209.07784,257.97482,12,1,0,0.25069,1.00000,7.00000,814.85468,9.02699,1050.81250,0.38240,0
240,69.29444,248.16503,297.21804,12,1,0,0.24659,1.00000,7.07107,823.12756,9.22631,1074.01416,0.39904,0
241,69.26652,326.86688,297.72151,12,1,0,0.24812,1.00000,7.00000,814.85468,9.15741,1065.99451,0.38458,0
242,69.23861,405.56873,298.22498,12,1,0,0.25053,1.00000,5.74456,668.71198,8.22016,956.89081,0.35514,0
243,69.21069,484.27058,298.72845,12,1,0,0.24711,1.00000,7.00000,814.85468,9.26387,1078.38684,0.41120,0
244,69.35618,523.35777,337.97167,12,1,0,0.24542,1.00000,7.00000,814.85468,9.20180,1071.16125,0.40294,0
245,69.18278,562.97243,299.23192,12,1,0,0.25069,1.00000,7.00000,814.85468,9.38443,1092.42126,0.40794,0
246,69.32827,602.05962,338.47514,12,1,0,0.24203,1.00000,7.00000,814.85468,9.54687,1111.32996,0.41312,0
247,69.15487,641.67428,299.73539,12,1,0,0.24625,1.00000,7.00000,814.85468,9.26230,1078.20386,0.40589,0
248,69.30036,680.76147,338.97861,12,1,0,0.24880,1.00000,7.00000,814.85468,8.88682,1034.49475,0.37133,0
249,69.12695,720.37613,300.23887,12,1,0,0.24589,1.00000,7.00000,814.85468,8.81201,1025.78674,0.36128,0
250,69.27244,759.46332,339.48208,8,0,0,0.00000,0.00000,0.00000,0.00000,0.00000,0.00000,0.03930,0
251,69.52367,51.14666,334.95084,8,0,0,0.30303,0.88398,4.00000,465.63126,4.21224,490.33762,0.24448,0
252,69.49575,129.84851,335.45431,12,1,0,0.24315,1.00000,7.00000,814.85468,8.59446,1000.46204,0.36346,0
253,69.46784,208.55036,335.95778,12,1,0,0.24779,1.00000,7.00000,814.85468,8.73616,1016.95746,0.38240,0
254,69.61333,247.63755,375.20100,12,1,0,0.24367,1.00000,7.00000,814.85468,8.98947,1046.44470,0.39136,0
255,69.43993,287.25221,336.46125,12,1,0,0.23959,1.00000,7.00000,814.85468,8.95777,1042.75488,0.38208,0
256,69.58542,326.33940,375.70447,12,1,0,0.24187,1.00000,7.00000,814.85468,9.22586,1073.96179,0.38349,0
257,69.41201,365.95407,336.96473,12,1,0,0.24505,1.00000,7.00000,814.85468,9.25519,1077.37659,0.41037,0
258,69.55750,405.04125,376.20794,12,1,0,0.24407,1.00000,7.00000,814.85468,9.19696,1070.59851,0.39853,0
259,69.38410,444.65592,337.46820,12,1,0,0.24027,1.00000,7.07107,823.12756,9.22045,1073.33191,0.39846,0
260,69.52959,483.74311,376.71142,12,1,0,0.24334,1.00000,7.00000,814.85468,9.27162,1079.28931,0.42061,0
261,69.50167,562.44496,377.21489,12,1,0,0.24082,1.00000,7.87401,916.59601,9.62370,1120.27344,0.41638,0
262,69.47376,641.14681,377.71836,12,1,0,0.24054,1.00000,7.00000,814.85468,9.36691,1090.38208,0.40589,0
263,69.61925,680.23400,416.96158,12,1,0,0.24508,1.00000,7.00000,814.85468,8.89113,1034.99707,0.36032,0
264,69.44585,719.84866,378.22183,12,1,0,0.24218,1.00000,7.00000,814.85468,8.93543,1040.15381,0.37434,0
265,69.59134,758.93585,417.46505,8,0,0,0.00000,0.00000,0.00000,0.00000,0.00000,0.00000,0.03341,0
266,69.84256,50.61918,412.93380,8,0,0,0.31291,0.92837,4.00000,465.63126,4.79635,558.33258,0.23930,0
267,69.66916,90.23385,374.19406,12,1,0,0.24540,1.00000,7.00000,814.85468,8.71374,1014.34705,0.36550,0
268,69.81465,129.32104,413.43727,12,1,0,0.24087,1.00000,7.00000,814.85468,8.63530,1005.21655,0.35603,0
269,69.64124,168.93570,374.69753,12,1,0,0.24337,1.00000,7.00000,814.85468,9.13443,1063.31946,0.38240,0
270,69.78673,208.02289,413.94075,12,1,0,0.24845,1.00000,7.00000,814.85468,8.96351,1043.42212,0.37229,0
271,69.75882,286.72474,414.44422,12,1,0,0.24154,1.00000,7.07107,823.12756,8.92343,1038.75671,0.37280,0
272,69.73091,365.42659,414.94769,12,1,0,0.24537,1.00000,7.00000,814.85468,8.77245,1021.18158,0.37581,0
273,69.70299,444.12844,415.45116,12,1,0,0.24173,1.00000,7.00000,814.85468,9.23381,1074.88782,0.39936,0
274,69.84848,483.21563,454.69438,12,1,0,0.24660,1.00000,7.00000,814.85468,9.11361,1060.89551,0.39507,0
275,69.67508,522.83029,415.95463,12,1,0,0.24864,1.00000,7.00000,814.85468,9.33759,1086.96790,0.39987,0
276,69.82057,561.91748,455.19785,12,1,0,0.25103,1.00000,7.00000,814.85468,9.29152,1081.60571,0.39994,0
277,69.64716,601.53214,416.45810,12,1,0,0.23641,1.00000,7.14143,831.31805,9.26563,1078.59131,0.38963,0
278,69.79265,640.61933,455.70132,12,1,0,0.24369,1.00000,6.48074,754.40881,8.86233,1031.64429,0.36973,0
279,69.76474,719.32118,456.20479,12,1,0,0.24423,1.00000,7.00000,814.85468,9.15679,1065.92163,0.37677,0
280,69.98805,89.70637,452.17702,12,1,0,0.24948,1.00000,7.00000,814.85468,8.50662,990.23718,0.36275,0
281,69.96014,168.40822,452.68049,12,1,0,0.24505,1.00000,7.00000,814.85468,8.84425,1029.54016,0.36461,0
282,70.10563,207.49541,491.92371,12,1,0,0.24862,1.00000,7.00000,814.85468,8.60168,1001.30219,0.37101,0
283,69.93222,247.11008,453.18396,12,1,0,0.25017,1.00000,7.00000,814.85468,8.93383,1039.96814,0.37472,0
284,70.07771,286.19726,492.42718,12,1,0,0.24743,1.00000,7.00000,814.85468,8.60664,1001.88013,0.36832,0
285,69.90431,325.81193,453.68744,12,1,0,0.24846,1.00000,7.00000,814.85468,8.89605,1035.56946,0.38054,0
286,70.04980,364.89912,492.93065,12,1,0,0.25312,1.00000,7.00000,814.85468,9.02814,1050.94641,0.38867,0
287,69.87639,404.51378,454.19091,12,1,0,0.24759,1.00000,7.00000,814.85468,8.89312,1035.22888,0.38797,0
288,70.02188,443.60097,493.43413,12,1,0,0.24641,1.00000,7.00000,814.85468,8.96113,1043.14575,0.38106,0
289,69.99397,522.30282,493.93760,12,1,0,0.24812,1.00000,7.00000,814.85468,9.05166,1053.68433,0.38298,0
290,69.96606,601.00467,494.44107,12,1,0,0.24573,1.00000,7.00000,814.85468,9.18923,1069.69812,0.39302,0
291,70.11155,640.09186,533.68429,12,1,0,0.24795,1.00000,7.00000,814.85468,9.19884,1070.81726,0.38867,0
292,69.93814,679.70652,494.94454,12,1,0,0.25052,1.00000,7.00000,814.85468,9.03420,1051.65125,0.37510,0
293,70.08363,718.79371,534.18776,12,1,0,0.25275,1.00000,7.00000,814.85468,9.04095,1052.43726,0.37318,0
294,69.91023,758.40837,495.44801,8,0,0,0.00000,0.00000,0.00000,0.00000,0.00000,0.00000,0.04160,0
295,70.16145,50.09171,490.91677,8,0,0,0.31098,0.87912,4.00000,465.63126,4.27656,497.82510,0.23130,0
296,70.30694,89.17890,530.15999,12,1,0,0.24897,1.00000,7.00000,814.85468,8.79978,1024.36255,0.36634,0
297,70.13354,128.79356,491.42024,12,1,0,0.24467,1.00000,7.00000,814.85468,8.55400,995.75256,0.35674,0
298,70.27903,167.88075,530.66346,12,1,0,0.24404,1.00000,7.00000,814.85468,8.94590,1041.37292,0.37210,0
299,70.25112,246.58260,531.16693,12,1,0,0.24554,1.00000,7.00000,814.85468,8.76213,1019.98071,0.37062,0
300,70.22320,325.28445,531.67040,12,1,0,0.24541,1.00000,7.00000,814.85468,8.99796,1047.43347,0.37382,0
301,70.36869,364.37164,570.91362,12,1,0,0.24484,1.00000,7.00000,814.85468,8.63373,1005.03351,0.36563,0
302,70.19529,403.98630,532.17387,12,1,0,0.25327,1.00000,7.00000,814.85468,9.18564,1069.28003,0.37946,0
303,70.34078,443.07349,571.41709,12,1,0,0.24236,1.00000,7.00000,814.85468,8.99964,1047.62842,0.37696,0
304,70.16737,482.68816,532.67734,12,1,0,0.24370,1.00000,7.00000,814.85468,9.06332,1055.04089,0.37670,0
305,70.31286,521.77534,571.92056,12,1,0,0.25245,1.00000,6.00000,698.44690,8.43257,981.61719,0.35482,0
306,70.13946,561.39001,533.18081,12,1,0,0.24224,1.00000,7.00000,814.85468,9.27901,1080.14978,0.39251,0
307,70.28495,600.47720,572.42403,12,1,0,0.23948,1.00000,7.34847,855.41925,9.31009,1083.76685,0.38336,0
308,70.25704,679.17905,572.92750,12,1,0,0.24983,1.00000,7.00000,814.85468,9.02657,1050.76306,0.36723,0
309,70.22912,757.88090,573.43098,8,0,0,0.00000,0.00000,0.00000,0.00000,0.00000,0.00000,0.03603,0
310,70.48035,49.56423,568.89973,8,0,0,0.28731,0.78393,3.00000,349.22345,3.13657,365.12131,0.24173,0
311,70.45243,128.26609,569.40320,12,1,0,0.25071,1.00000,6.08276,708.08112,7.88260,917.59613,0.33901,0
312,70.59792,167.35327,608.64642,12,1,0,0.24434,1.00000,7.00000,814.85468,8.70587,1013.43127,0.34189,0
313,70.42452,206.96794,569.90667,12,1,0,0.25035,1.00000,5.47723,637.59186,8.19287,953.71411,0.36147,0
314,70.57001,246.05513,609.14989,12,1,0,0.24744,1.00000,7.00000,814.85468,8.62231,1003.70447,0.34477,0
315,70.39661,285.66979,570.41015,12,1,0,0.24877,1.00000,6.00000,698.44690,8.16761,950.77344,0.34016,0
316,70.54210,324.75698,609.65336,12,1,0,0.24117,1.00000,7.00000,814.85468,8.94758,1041.56860,0.36851,0
317,70.51418,403.45883,610.15684,12,1,0,0.24352,1.00000,7.00000,814.85468,9.08765,1057.87378,0.37165,0
318,70.48627,482.16068,610.66031,12,1,0,0.24073,1.00000,7.00000,814.85468,9.19903,1070.83911,0.37568,0
319,70.45835,560.86253,611.16378,12,1,0,0.24267,1.00000,7.00000,814.85468,9.18971,1069.75427,0.37338,0
320,70.60384,599.94972,650.40700,12,1,0,0.24674,1.00000,6.40312,745.37372,8.77361,1021.31665,0.34387,0
321,70.43044,639.56438,611.66725,12,1,0,0.24025,1.00000,7.00000,814.85468,9.05943,1054.58850,0.37235,0
322,70.57593,678.65157,650.91047,12,1,0,0.24302,1.00000,7.00000,814.85468,8.84435,1029.55188,0.35642,0
323,70.40253,718.26624,612.17072,12,1,0,0.24437,1.00000,7.00000,814.85468,8.74916,1018.47034,0.36230,0
324,70.54802,757.35342,651.41394,8,0,0,0.00000,0.00000,0.00000,0.00000,0.00000,0.00000,0.03648,0
325,70.79924,49.03676,646.88270,8,0,0,0.31802,0.97245,5.00000,582.03906,5.37193,625.33435,0.23558,0
326,70.62584,88.65142,608.14295,12,1,0,0.24502,1.00000,7.00000,814.85468,8.52013,991.80994,0.33440,0
327,70.77133,127.73861,647.38617,12,1,0,0.24282,1.00000,7.00000,814.85468,8.71250,1014.20294,0.34182,0
328,70.74341,206.44046,647.88964,12,1,0,0.24374,1.00000,7.00000,814.85468,8.83942,1028.97791,0.34842,0
329,70.71550,285.14231,648.39311,12,1,0,0.24321,1.00000,7.00000,814.85468,9.03776,1052.06567,0.36352,0
330,70.86099,324.22950,687.63633,12,1,0,0.24387,1.00000,7.00000,814.85468,8.79867,1024.23364,0.34131,0
331,70.68758,363.84417,648.89658,12,1,0,0.24661,1.00000,7.00000,814.85468,9.23744,1075.31030,0.38374,0
332,70.83307,402.93135,688.13980,12,1,0,0.25293,1.00000,7.00000,814.85468,9.05990,1054.64270,0.35430,0
333,70.65967,442.54602,649.40005,12,1,0,0.24100,1.00000,7.00000,814.85468,9.48520,1104.15137,0.38118,0
334,70.80516,481.63321,688.64327,12,1,0,0.25248,1.00000,6.08276,708.08112,8.13443,946.91089,0.32998,0
335,70.63176,521.24787,649.90353,12,1,0,0.24355,1.00000,7.00000,814.85468,9.44296,1099.23450,0.38874,0
336,70.77725,560.33506,689.14674,12,1,0,0.24407,1.00000,7.00000,814.85468,9.18651,1069.38184,0.36410,0
337,70.74933,639.03691,689.65021,12,1,0,0.25811,1.00000,5.00000,582.03906,8.07072,939.49438,0.34022,0
338,70.72142,717.73876,690.15369,12,1,0,0.25069,1.00000,6.08276,708.08112,8.78129,1022.21033,0.34714,0
339,70.86691,756.82595,729.39690,8,0,0,0.00000,0.00000,0.00000,0.00000,0.00000,0.00000,0.03386,0
340,71.11813,48.50928,724.86566,8,0,0,0.30220,0.95543,4.00000,465.63126,5.17716,602.66205,0.23066,0
341,70.94473,88.12395,686.12591,12,1,0,0.25470,1.00000,7.00000,814.85468,8.27530,963.31006,0.33466,0
342,71.09022,127.21114,725.36913,12,1,0,0.24880,1.00000,7.00000,814.85468,8.86638,1032.11548,0.33997,0
343,70.91682,166.82580,686.62938,12,1,0,0.25562,1.00000,6.00000,698.44690,7.96927,927.68512,0.29414,0
344,71.06231,205.91299,725.87260,12,1,0,0.25434,1.00000,7.00000,814.85468,9.01460,1049.36975,0.35277,0
345,70.88890,245.52765,687.13286,12,1,0,0.24571,1.00000,7.00000,814.85468,8.65932,1008.01251,0.33843,0
346,71.03439,284.61484,726.37607,12,1,0,0.24540,1.00000,7.00000,814.85468,9.08369,1057.41235,0.36301,0
347,71.00648,363.31669,726.87955,12,1,0,0.24423,1.00000,7.00000,814.85468,9.16879,1067.31921,0.36634,0
348,70.97856,442.01854,727.38302,12,1,0,0.24452,1.00000,7.00000,814.85468,9.20432,1071.45471,0.36838,0
349,71.12405,481.10573,766.62624,8,0,0,0.27858,0.81232,3.00000,349.22345,3.12747,364.06213,0.20186,0
350,70.95065,520.72039,727.88649,12,1,0,0.25452,1.00000,6.40312,745.37372,8.77274,1021.21539,0.34829,0
351,71.09614,559.80758,767.12971,8,0,0,0.29496,0.84469,3.00000,349.22345,3.76194,437.91910,0.20947,0
352,70.92274,599.42225,728.38996,12,1,0,0.24389,1.00000,7.00000,814.85468,9.10523,1059.91956,0.35846,0
353,71.06823,638.50943,767.63318,8,0,0,0.29789,0.90028,4.00000,465.63126,4.41748,514.22968,0.21293,0
354,70.89482,678.12410,728.89343,12,1,0,0.25451,1.00000,6.16441,717.58594,8.88195,1033.92847,0.34989,0
355,71.04031,717.21129,768.13665,8,0,0,0.29781,0.89835,3.16228,368.11383,4.37390,509.15625,0.20870,0
356,71.26362,87.59647,764.10888,8,0,0,0.30300,0.81616,2.23607,260.29578,3.26300,379.83838,0.16525,0
357,71.23571,166.29832,764.61235,8,0,0,0.27273,0.77933,2.82843,329.25101,2.85500,332.34430,0.20563,0
358,71.20780,245.00018,765.11582,8,0,0,0.27090,0.73699,2.00000,232.81563,2.22816,259.37469,0.20320,0
359,71.17988,323.70203,765.61929,8,0,0,0.27657,0.78492,3.00000,349.22345,2.92500,340.49286,0.19373,0
360,71.15197,402.40388,766.12276,8,0,0,0.28434,0.82913,3.00000,349.22345,3.47636,404.67499,0.21843,0
361,107.36757,682.66783,65.96188,8,0,0,0.29229,0.86630,3.00000,349.22345,4.06667,473.39178,0.20602,0
362,107.33966,761.36968,66.46535,5,0,0,0.00000,0.00000,0.00000,0.00000,0.00000,0.00000,0.00000,0
363,107.59088,53.05302,61.93411,5,0,0,0.33245,0.69444,2.23607,260.29578,3.11007,362.03687,0.09741,0
364,107.56297,131.75487,62.43758,8,0,0,0.27447,0.80791,3.00000,349.22345,3.30466,384.68805,0.19552,0
365,107.53505,210.45672,62.94105,8,0,0,0.26614,0.73829,2.00000,232.81563,2.33333,271.61823,0.19930,0
366,107.50714,289.15857,63.44452,8,0,0,0.27400,0.76966,3.00000,349.22345,3.05657,355.80920,0.19373,0
367,107.47923,367.86042,63.94800,8,0,0,0.26200,0.72176,2.00000,232.81563,2.36607,275.42920,0.18944,0
368,107.62472,406.94761,103.19121,12,1,0,0.24777,1.00000,6.08276,708.08112,8.50514,990.06488,0.31456,0
369,107.45131,446.56228,64.45147,8,0,0,0.27328,0.76056,2.82843,329.25101,2.82793,329.19351,0.18496,0
370,107.59680,485.64946,103.69469,12,1,0,0.24434,1.00000,7.00000,814.85468,8.60422,1001.59857,0.31622,0
371,107.42340,525.26413,64.95494,8,0,0,0.27490,0.79944,2.23607,260.29578,3.18506,370.76556,0.20979,0
372,107.56889,564.35132,104.19816,12,1,0,0.24171,1.00000,7.00000,814.85468,8.82815,1027.66516,0.33312,0
373,107.39549,603.96598,65.45841,8,0,0,0.27495,0.80441,3.00000,349.22345,3.16376,368.28613,0.20934,0
374,107.54098,643.05317,104.70163,12,1,0,0.24253,1.00000,7.00000,814.85468,8.78113,1022.19159,0.32006,0
375,107.51306,721.75502,105.20510,12,1,0,0.24276,1.00000,7.00000,814.85468,8.45480,984.20441,0.31533,0
376,107.73637,92.14021,101.17733,12,1,0,0.25779,1.00000,6.16441,717.58594,7.90979,920.76166,0.29357,0
377,107.70846,170.84206,101.68080,12,1,0,0.24897,1.00000,7.00000,814.85468,8.50923,990.54047,0.31450,0
378,107.85395,209.92925,140.92402,12,1,0,0.25329,1.00000,7.00000,814.85468,8.40917,978.89343,0.31584,0
379,107.68054,249.54391,102.18427,12,1,0,0.24003,1.00000,7.00000,814.85468,8.70812,1013.69348,0.31578,0
380,107.82603,288.63110,141.42749,12,1,0,0.24199,1.00000,7.00000,814.85468,8.56666,997.22650,0.32416,0
381,107.65263,328.24576,102.68774,12,1,0,0.24623,1.00000,7.00000,814.85468,8.56563,997.10590,0.31891,0
382,107.79812,367.33295,141.93096,12,1,0,0.24829,1.00000,7.00000,814.85468,8.45181,983.85718,0.31686,0
383,107.77021,446.03480,142.43443,12,1,0,0.24457,1.00000,7.00000,814.85468,8.64791,1006.68488,0.31021,0
384,107.74229,524.73665,142.93790,12,1,0,0.24761,1.00000,7.00000,814.85468,8.64288,1006.09918,0.32544,0
385,107.71438,603.43850,143.44137,12,1,0,0.24084,1.00000,7.00000,814.85468,8.72573,1015.74359,0.33254,0
386,107.85987,642.52569,182.68459,12,1,0,0.24189,1.00000,7.00000,814.85468,8.79103,1023.34491,0.34278,0
387,107.68647,682.14036,143.94485,12,1,0,0.24779,1.00000,7.00000,814.85468,8.59249,1000.23267,0.33069,0
388,107.83196,721.22754,183.18806,12,1,0,0.25295,1.00000,6.08276,708.08112,8.27821,963.64832,0.31213,0
389,107.65855,760.84221,144.44832,8,0,0,0.00000,0.00000,0.00000,0.00000,0.00000,0.00000,0.02893,0
390,107.90977,52.52554,139.91707,8,0,0,0.31262,0.91967,4.00000,465.63126,4.59740,535.17303,0.21670,0
391,108.05526,91.61273,179.16029,12,1,0,0.25316,1.00000,6.00000,698.44690,8.00947,932.36542,0.30285,0
392,107.88186,131.22739,140.42054,12,1,0,0.24255,1.00000,6.16441,717.58594,8.29696,965.83075,0.30253,0
393,108.02735,170.31458,179.66376,12,1,0,0.24691,1.00000,7.00000,814.85468,8.32675,969.29852,0.30976,0
394,107.99944,249.01643,180.16723,12,1,0,0.25139,1.00000,6.08276,708.08112,8.44516,983.08252,0.31514,0
395,107.97152,327.71829,180.67071,12,1,0,0.24505,1.00000,7.00000,814.85468,8.52062,991.86713,0.31456,0
396,108.11701,366.80547,219.91392,12,1,0,0.25348,1.00000,7.00000,814.85468,8.34375,971.27771,0.32218,0
397,107.94361,406.42014,181.17418,12,1,0,0.24643,1.00000,7.00000,814.85468,8.61367,1002.69818,0.31424,0
398,108.08910,445.50733,220.41740,12,1,0,0.25000,1.00000,6.40312,745.37372,8.25133,960.51935,0.31507,0
399,107.91570,485.12199,181.67765,12,1,0,0.24591,1.00000,7.00000,814.85468,8.70346,1013.15051,0.32410,0
400,108.06119,524.20918,220.92087,12,1,0,0.25052,1.00000,7.00000,814.85468,8.45777,984.55011,0.31859,0
401,107.88778,563.82384,182.18112,12,1,0,0.25137,1.00000,7.00000,814.85468,8.81643,1026.30090,0.33024,0
402,108.03327,602.91103,221.42434,12,1,0,0.24656,1.00000,7.00000,814.85468,8.53163,993.14868,0.32326,0
403,108.00536,681.61288,221.92781,12,1,0,0.24605,1.00000,6.00000,698.44690,8.46404,985.28082,0.32570,0
404,107.97745,760.31473,222.43128,8,0,0,0.00000,0.00000,0.00000,0.00000,0.00000,0.00000,0.02989,0
405,108.22867,51.99807,217.90004,8,0,0,0.30187,0.83651,3.00000,349.22345,3.73133,434.35571,0.20838,0
406,108.37416,91.08526,257.14326,12,1,0,0.25712,1.00000,7.00000,814.85468,7.71869,898.51562,0.30688,0
407,108.20075,130.69992,218.40351,12,1,0,0.24720,1.00000,6.08276,708.08112,7.95008,925.45093,0.31315,0
408,108.34624,169.78711,257.64673,12,1,0,0.27294,0.99443,4.35890,507.40991,6.92807,806.48199,0.28013,0
409,108.17284,209.40177,218.90698,12,1,0,0.27349,0.99169,4.24264,493.87650,6.81197,792.96698,0.27315,0
410,108.31833,248.48896,258.15020,12,1,0,0.24352,1.00000,6.08276,708.08112,8.37324,974.71039,0.30688,0
411,108.14493,288.10362,219.41045,12,1,0,0.24638,1.00000,6.00000,698.44690,8.09903,942.79089,0.31110,0
412,108.29042,327.19081,258.65367,12,1,0,0.24691,1.00000,7.00000,814.85468,8.26119,961.66669,0.30790,0
413,108.26250,405.89266,259.15714,12,1,0,0.26172,1.00000,5.65685,658.50201,7.63634,888.93005,0.28442,0
414,108.23459,484.59451,259.66061,12,1,0,0.24586,1.00000,6.63325,772.16211,8.17172,951.25214,0.32000,0
415,108.20668,563.29637,260.16409,12,1,0,0.24761,1.00000,7.00000,814.85468,8.42501,980.73743,0.32698,0
416,108.35217,602.38355,299.40730,12,1,0,0.24098,1.00000,7.00000,814.85468,8.68056,1010.48456,0.33331,0
417,108.17876,641.99822,260.66756,12,1,0,0.24932,1.00000,6.70820,780.88733,8.57133,997.76923,0.34394,0
418,108.32425,681.08541,299.91077,12,1,0,0.24659,1.00000,7.00000,814.85468,8.38854,976.49194,0.32403,0
419,108.15085,720.70007,261.17103,12,1,0,0.25069,1.00000,6.08276,708.08112,8.30494,966.75940,0.32666,0
420,108.29634,759.78726,300.41425,8,0,0,0.00000,0.00000,0.00000,0.00000,0.00000,0.00000,0.03290,0
421,108.54756,51.47059,295.88300,8,0,0,0.30692,0.85000,3.31662,386.08105,3.92795,457.24454,0.20563,0
422,108.51965,130.17244,296.38647,12,1,0,0.24432,1.00000,6.00000,698.44690,8.15229,948.98987,0.30995,0
423,108.49173,208.87430,296.88994,12,1,0,0.25035,1.00000,6.08276,708.08112,8.00052,931.32336,0.31072,0
424,108.46382,287.57615,297.39342,12,1,0,0.24000,1.00000,7.00000,814.85468,8.20641,955.29041,0.30118,0
425,108.60931,326.66334,336.63663,12,1,0,0.24671,1.00000,6.08276,708.08112,8.08173,940.77643,0.31654,0
426,108.43591,366.27800,297.89689,12,1,0,0.24948,1.00000,6.16441,717.58594,8.12703,946.05005,0.30822,0
427,108.58140,405.36519,337.14011,12,1,0,0.24724,1.00000,6.16441,717.58594,8.13912,947.45673,0.30445,0
428,108.40799,444.97985,298.40036,12,1,0,0.25052,1.00000,6.00000,698.44690,8.16775,950.78973,0.31462,0
429,108.55348,484.06704,337.64358,12,1,0,0.24608,1.00000,6.63325,772.16211,8.26543,962.16071,0.31494,0
430,108.38008,523.68170,298.90383,12,1,0,0.24553,1.00000,6.16441,717.58594,8.28327,964.23700,0.31405,0
431,108.52557,562.76889,338.14705,12,1,0,0.24435,1.00000,7.00000,814.85468,8.28814,964.80383,0.32269,0
432,108.49766,641.47074,338.65052,12,1,0,0.23885,1.00000,7.00000,814.85468,8.57236,997.88922,0.33587,0
433,108.46974,720.17259,339.15399,12,1,0,0.24603,1.00000,7.00000,814.85468,8.21099,955.82385,0.31725,0
434,108.61523,759.25978,378.39721,8,0,0,0.00000,0.00000,0.00000,0.00000,0.00000,0.00000,0.03104,0
435,108.86645,50.94312,373.86597,8,0,0,0.30992,0.82418,3.16228,368.11383,3.77182,439.06927,0.20442,0
436,108.69305,90.55778,335.12622,12,1,0,0.25194,1.00000,6.00000,698.44690,7.78382,906.09796,0.30611,0
437,108.83854,129.64497,374.36944,12,1,0,0.24655,1.00000,6.08276,708.08112,8.02409,934.06720,0.31008,0
438,108.66514,169.25963,335.62969,12,1,0,0.24707,1.00000,7.00000,814.85468,8.20674,955.32892,0.30701,0
439,108.81063,208.34682,374.87291,12,1,0,0.25140,1.00000,6.00000,698.44690,7.76593,904.01514,0.29920,0
440,108.63722,247.96148,336.13316,12,1,0,0.24693,1.00000,6.70820,780.88733,8.34825,971.80170,0.30714,0
441,108.78271,287.04867,375.37638,12,1,0,0.25315,1.00000,6.00000,698.44690,7.95698,926.25464,0.29690,0
442,108.75480,365.75052,375.87985,12,1,0,0.26047,1.00000,5.74456,668.71198,8.03397,935.21631,0.31302,0
443,108.72689,444.45238,376.38332,12,1,0,0.24513,1.00000,7.00000,814.85468,8.13483,946.95770,0.30400,0
444,108.87238,483.53956,415.62654,12,1,0,0.24640,1.00000,7.00000,814.85468,8.20129,954.69391,0.31174,0
445,108.69897,523.15423,376.88680,12,1,0,0.24659,1.00000,7.00000,814.85468,8.44418,982.96814,0.31840,0
446,108.84446,562.24142,416.13001,12,1,0,0.25295,1.00000,7.00000,814.85468,8.16910,950.94763,0.31558,0
447,108.67106,601.85608,377.39027,12,1,0,0.24404,1.00000,7.00000,814.85468,8.57488,998.18298,0.33901,0
448,108.81655,640.94327,416.63348,12,1,0,0.24795,1.00000,7.00000,814.85468,8.29221,965.27789,0.32333,0
449,108.64315,680.55793,377.89374,12,1,0,0.24776,1.00000,7.00000,814.85468,8.36443,973.68542,0.31699,0
450,108.78864,719.64512,417.13696,12,1,0,0.24828,1.00000,6.40312,745.37372,8.19333,953.76782,0.30771,0
451,109.01194,90.03031,413.10918,12,1,0,0.25878,1.00000,6.00000,698.44690,7.74931,902.08038,0.29504,0
452,108.98403,168.73216,413.61266,12,1,0,0.24845,1.00000,6.08276,708.08112,8.18839,953.19214,0.29696,0
453,108.95612,247.43401,414.11613,12,1,0,0.25192,1.00000,6.32456,736.22766,8.07515,940.01038,0.29920,0
454,109.10161,286.52120,453.35934,12,1,0,0.24760,1.00000,7.00000,814.85468,8.45329,984.02911,0.31347,0
455,108.92820,326.13586,414.61960,12,1,0,0.25087,1.00000,7.00000,814.85468,8.14357,947.97473,0.30726,0
456,109.07369,365.22305,453.86282,12,1,0,0.25702,1.00000,7.00000,814.85468,8.16926,950.96570,0.31283,0
457,108.90029,404.83771,415.12307,12,1,0,0.25399,1.00000,7.00000,814.85468,8.24210,959.44470,0.30957,0
458,109.04578,443.92490,454.36629,12,1,0,0.25316,1.00000,6.00000,698.44690,8.02032,933.62848,0.31226,0
459,109.01787,522.62675,454.86976,12,1,0,0.24778,1.00000,7.00000,814.85468,8.56269,996.76343,0.33062,0
460,108.98995,601.32860,455.37323,12,1,0,0.24455,1.00000,7.00000,814.85468,8.44948,983.58508,0.33626,0
461,108.96204,680.03046,455.87670,12,1,0,0.27239,1.00000,5.65685,658.50201,7.19753,837.84924,0.29094,0
462,109.10753,719.11764,495.11992,12,1,0,0.25591,1.00000,6.08276,708.08112,8.18657,952.98096,0.31680,0
463,108.93412,758.73231,456.38017,8,0,0,0.00000,0.00000,0.00000,0.00000,0.00000,0.00000,0.03046,0
464,109.18535,50.41564,451.84893,8,0,0,0.32290,0.92697,4.12311,479.96170,4.58611,533.85901,0.19584,0
465,109.33084,89.50283,491.09215,12,1,0,0.25350,1.00000,7.00000,814.85468,7.97144,927.93805,0.29523,0
466,109.15743,129.11749,452.35240,12,1,0,0.24948,1.00000,7.00000,814.85468,7.99508,930.68945,0.29056,0
467,109.30292,168.20468,491.59562,12,1,0,0.24947,1.00000,6.00000,698.44690,7.81356,909.55933,0.27795,0
468,109.12952,207.81935,452.85587,12,1,0,0.27410,0.99454,5.00000,582.03906,7.12657,829.58789,0.28934,0
469,109.27501,246.90653,492.09909,12,1,0,0.25052,1.00000,6.40312,745.37372,8.15068,948.80322,0.30541,0
470,109.24710,325.60839,492.60256,12,1,0,0.24757,1.00000,6.08276,708.08112,8.02501,934.17365,0.30285,0
471,109.21918,404.31024,493.10603,12,1,0,0.24625,1.00000,7.00000,814.85468,8.30498,966.76495,0.31443,0
472,109.36467,443.39743,532.34925,12,1,0,0.24501,1.00000,7.00000,814.85468,8.30214,966.43347,0.32038,0
473,109.19127,483.01209,493.60951,12,1,0,0.24795,1.00000,6.63325,772.16211,8.28093,963.96533,0.31539,0
474,109.33676,522.09928,532.85272,12,1,0,0.24475,1.00000,7.00000,814.85468,8.69016,1011.60284,0.32461,0
475,109.16336,561.71394,494.11298,12,1,0,0.24728,1.00000,7.00000,814.85468,8.42321,980.52783,0.33658,0
476,109.30885,600.80113,533.35620,12,1,0,0.24673,1.00000,6.63325,772.16211,8.49698,989.11450,0.32832,0
477,109.13544,640.41579,494.61645,12,1,0,0.24352,1.00000,7.00000,814.85468,8.58814,999.72675,0.33331,0
478,109.28093,679.50298,533.85967,12,1,0,0.24347,1.00000,7.00000,814.85468,8.39218,976.91559,0.32307,0
479,109.25302,758.20483,534.36314,8,0,0,0.00000,0.00000,0.00000,0.00000,0.00000,0.00000,0.03418,0
480,109.50424,49.88817,529.83189,8,0,0,0.31164,0.87778,3.16228,368.11383,4.26853,496.88989,0.20582,0
481,109.47633,128.59002,530.33537,12,1,0,0.24460,1.00000,7.00000,814.85468,8.09395,942.19928,0.30336,0
482,109.62182,167.67721,569.57858,12,1,0,0.24619,1.00000,6.00000,698.44690,8.17097,951.16528,0.30675,0
483,109.44841,207.29187,530.83884,12,1,0,0.24487,1.00000,7.00000,814.85468,8.26210,961.77313,0.31418,0
484,109.59390,246.37906,570.08205,12,1,0,0.24606,1.00000,7.00000,814.85468,8.37178,974.54102,0.31712,0
485,109.42050,285.99372,531.34231,12,1,0,0.24896,1.00000,6.00000,698.44690,8.05269,937.39557,0.30784,0
486,109.56599,325.08091,570.58553,12,1,0,0.24846,1.00000,6.92820,806.49695,8.29071,965.10339,0.31283,0
487,109.39259,364.69557,531.84578,12,1,0,0.24810,1.00000,6.40312,745.37372,8.18158,952.39960,0.31181,0
488,109.53808,403.78276,571.08900,12,1,0,0.24624,1.00000,7.00000,814.85468,8.18707,953.03882,0.30803,0
489,109.51016,482.48461,571.59247,12,1,0,0.24352,1.00000,7.00000,814.85468,8.50639,990.21057,0.31757,0
490,109.48225,561.18647,572.09594,12,1,0,0.24405,1.00000,7.00000,814.85468,8.55939,996.38025,0.32570,0
491,109.45434,639.88832,572.59941,12,1,0,0.24419,1.00000,7.00000,814.85468,8.61087,1002.37225,0.33856,0
492,109.59982,678.97551,611.84263,12,1,0,0.24743,1.00000,6.08276,708.08112,8.48061,987.20880,0.32179,0
493,109.42642,718.59017,573.10288,12,1,0,0.24284,1.00000,7.00000,814.85468,8.50989,990.61823,0.31930,0
494,109.57191,757.67736,612.34610,8,0,0,0.00000,0.00000,0.00000,0.00000,0.00000,0.00000,0.02899,0
495,109.82313,49.36069,607.81486,8,0,0,0.30868,0.86704,3.60555,419.71432,4.01861,467.79782,0.20102,0
496,109.64973,88.97536,569.07511,12,1,0,0.24983,1.00000,6.08276,708.08112,8.14141,947.72418,0.30003,0
497,109.79522,128.06255,608.31833,12,1,0,0.26516,1.00000,5.09902,593.56573,7.55523,879.48724,0.30509,0
498,109.76731,206.76440,608.82180,12,1,0,0.25745,1.00000,6.00000,698.44690,7.80411,908.45966,0.31648,0
499,109.73939,285.46625,609.32527,12,1,0,0.25268,1.00000,6.00000,698.44690,7.84991,913.79126,0.30682,0
500,109.71148,364.16810,609.82874,12,1,0,0.25139,1.00000,6.63325,772.16211,7.95107,925.56616,0.30944,0
501,109.85697,403.25529,649.07196,12,1,0,0.25052,1.00000,7.00000,814.85468,8.48877,988.15942,0.31142,0
502,109.68357,442.86995,610.33222,12,1,0,0.24895,1.00000,6.08276,708.08112,8.32218,968.76630,0.31994,0
503,109.82906,481.95714,649.57543,12,1,0,0.24743,1.00000,7.00000,814.85468,8.76266,1020.04211,0.32570,0
504,109.65565,521.57180,610.83569,12,1,0,0.24705,1.00000,6.08276,708.08112,8.22972,958.00360,0.30214,0
505,109.80114,560.65899,650.07891,12,1,0,0.24711,1.00000,7.00000,814.85468,8.44980,983.62225,0.30918,0
506,109.62774,600.27365,611.33916,12,1,0,0.24404,1.00000,6.16441,717.58594,8.78413,1022.54083,0.33184,0
507,109.77323,639.36084,650.58238,12,1,0,0.24350,1.00000,7.00000,814.85468,8.56012,996.46448,0.32691,0
508,109.74531,718.06269,651.08585,12,1,0,0.25155,1.00000,7.00000,814.85468,8.30350,966.59253,0.31629,0
509,109.96862,88.44788,647.05808,12,1,0,0.24843,1.00000,6.00000,698.44690,8.06352,938.65656,0.29446,0
510,110.11411,127.53507,686.30129,12,1,0,0.24537,1.00000,7.00000,814.85468,8.37169,974.52997,0.30266,0
511,109.94071,167.14973,647.56155,12,1,0,0.25105,1.00000,6.00000,698.44690,8.07233,939.68237,0.29690,0
512,110.08620,206.23692,686.80477,12,1,0,0.25577,1.00000,6.08276,708.08112,8.24148,959.37231,0.30586,0
513,109.91280,245.85159,648.06502,12,1,0,0.25418,1.00000,6.08276,708.08112,8.45126,983.79309,0.31014,0
514,110.05829,284.93877,687.30824,12,1,0,0.25208,1.00000,7.00000,814.85468,8.43468,981.86279,0.30624,0
515,109.88488,324.55344,648.56849,12,1,0,0.24470,1.00000,7.00000,814.85468,8.60474,1001.65924,0.31776,0
516,110.03037,363.64063,687.81171,12,1,0,0.24914,1.00000,7.00000,814.85468,8.31659,968.11578,0.30362,0
517,110.00246,442.34248,688.31518,12,1,0,0.24846,1.00000,6.00000,698.44690,8.38972,976.62921,0.31354,0
518,109.97455,521.04433,688.81865,12,1,0,0.24983,1.00000,7.00000,814.85468,8.51183,990.84387,0.31232,0
519,110.12004,560.13152,728.06187,12,1,0,0.25452,1.00000,7.00000,814.85468,8.50000,989.46643,0.31866,0
520,109.94663,599.74618,689.32212,12,1,0,0.24572,1.00000,6.00000,698.44690,8.72193,1015.30066,0.32134,0
521,110.09212,638.83337,728.56534,12,1,0,0.24571,1.00000,7.00000,814.85468,8.69723,1012.42499,0.32301,0
522,109.91872,678.44803,689.82559,12,1,0,0.24522,1.00000,7.00000,814.85468,8.51327,991.01154,0.32282,0
523,110.06421,717.53522,729.06881,12,1,0,0.24895,1.00000,6.00000,698.44690,8.37812,975.27881,0.32672,0
524,109.89080,757.14988,690.32907,8,0,0,0.00000,0.00000,0.00000,0.00000,0.00000,0.00000,0.03123,0
525,110.14203,48.83322,685.79782,8,0,0,0.32169,0.95628,4.00000,465.63126,5.04380,587.13794,0.21146,0
526,110.28752,87.92041,725.04104,12,1,0,0.26676,1.00000,5.09902,593.56573,7.42332,864.13190,0.27981,0
527,110.25960,166.62226,725.54451,12,1,0,0.24446,1.00000,7.00000,814.85468,8.37013,974.34827,0.29946,0
528,110.23169,245.32411,726.04798,12,1,0,0.24776,1.00000,6.00000,698.44690,8.55395,995.74664,0.30650,0
529,110.20378,324.02596,726.55145,12,1,0,0.24794,1.00000,7.00000,814.85468,8.48201,987.37201,0.30419,0
530,110.34927,363.11315,765.79467,8,0,0,0.28074,0.75691,3.00000,349.22345,2.70806,315.23987,0.18298,0
531,110.17586,402.72781,727.05493,12,1,0,0.24966,1.00000,7.00000,814.85468,8.39248,976.95038,0.29069,0
532,110.32135,441.81500,766.29814,8,0,0,0.29158,0.80833,3.00000,349.22345,3.54717,412.91797,0.18522,0
533,110.14795,481.42967,727.55840,12,1,0,0.24420,1.00000,6.08276,708.08112,8.52301,992.14453,0.31168,0
534,110.29344,520.51685,766.80162,8,0,0,0.26430,0.75493,3.00000,349.22345,2.72241,316.91025,0.18445,0
535,110.26553,599.21871,767.30509,8,0,0,0.28037,0.83102,3.00000,349.22345,3.69978,430.68353,0.20109,0
536,110.23761,677.92056,767.80856,8,0,0,0.29963,0.88493,3.60555,419.71432,4.30798,501.48303,0.20307,0
537,110.20970,756.62241,768.31203,5,0,0,0.00000,0.00000,0.00000,0.00000,0.00000,0.00000,0.02170,0
538,110.46092,48.30574,763.78079,5,0,0,0.30732,0.70787,2.82843,329.25101,3.12876,364.21170,0.12154,0
539,110.43301,127.00760,764.28426,8,0,0,0.27945,0.80392,3.00000,349.22345,3.26732,380.34183,0.18829,0
540,110.40509,205.70945,764.78773,8,0,0,0.26479,0.74366,2.82843,329.25101,2.65152,308.65710,0.19014,0
541,110.37718,284.41130,765.29120,8,0,0,0.27426,0.77809,2.23607,260.29578,3.02639,352.29599,0.19034,0
542,146.62070,485.97340,64.62685,8,0,0,0.25469,0.71667,2.00000,232.81563,0.00000,0.00000,0.17952,0
543,146.59278,564.67525,65.13032,8,0,0,0.27014,0.77031,2.00000,232.81563,2.68677,312.76102,0.18458,0
544,146.56487,643.37710,65.63379,8,0,0,0.28417,0.81870,3.00000,349.22345,3.33102,387.75656,0.19213,0
545,146.53696,722.07895,66.13726,8,0,0,0.30427,0.89916,4.00000,465.63126,4.35620,507.09570,0.18406,0
546,146.76027,92.46414,62.10949,8,0,0,0.27799,0.80223,2.23607,260.29578,3.15604,367.38818,0.18118,0
547,146.73235,171.16599,62.61296,8,0,0,0.29485,0.79666,3.00000,349.22345,3.26842,380.46973,0.15917,0
548,146.70444,249.86784,63.11643,8,0,0,0.27789,0.75900,3.00000,349.22345,2.61452,304.35080,0.17626,0
549,146.84993,288.95503,102.35965,12,1,0,0.24846,1.00000,7.00000,814.85468,8.59156,1000.12512,0.31123,0
550,146.67653,328.56969,63.61990,8,0,0,0.27375,0.75706,2.23607,260.29578,2.45745,286.06601,0.18323,0
551,146.82201,367.65688,102.86312,12,1,0,0.24591,1.00000,7.00000,814.85468,8.63775,1005.50189,0.30976,0
552,146.64861,407.27155,64.12338,8,0,0,0.27642,0.75346,3.00000,349.22345,2.70616,315.01868,0.18150,0
553,146.79410,446.35873,103.36659,12,1,0,0.24317,1.00000,7.00000,814.85468,8.49852,989.29437,0.31424,0
554,146.76619,525.06059,103.87007,12,1,0,0.25121,1.00000,7.00000,814.85468,8.57071,997.69818,0.32378,0
555,146.73827,603.76244,104.37354,12,1,0,0.24387,1.00000,6.16441,717.58594,8.80064,1024.46326,0.32301,0
556,146.71036,682.46429,104.87701,12,1,0,0.24389,1.00000,7.00000,814.85468,8.38928,976.57825,0.29376,0
557,146.85585,721.55148,144.12023,12,1,0,0.25035,1.00000,6.00000,698.44690,8.02430,934.09131,0.28915,0
558,146.68245,761.16614,105.38048,8,0,0,0.00000,0.00000,0.00000,0.00000,0.00000,0.00000,0.02528,0
559,146.93367,52.84948,100.84924,8,0,0,0.31971,0.95135,4.00000,465.63126,5.13921,598.24432,0.20762,0
560,147.07916,91.93667,140.09245,12,1,0,0.27584,0.99452,4.47214,520.59155,7.16946,834.58112,0.26515,0
561,146.90576,131.55133,101.35271,12,1,0,0.25389,1.00000,6.00000,698.44690,7.96065,926.68164,0.28672,0
562,147.05125,170.63852,140.59593,12,1,0,0.25052,1.00000,6.00000,698.44690,8.23273,958.35406,0.29299,0
563,146.87784,210.25318,101.85618,12,1,0,0.24966,1.00000,7.00000,814.85468,8.69255,1011.88092,0.32006,0
564,147.02333,249.34037,141.09940,12,1,0,0.24607,1.00000,7.00000,814.85468,8.48943,988.23627,0.30560,0
565,146.99542,328.04222,141.60287,12,1,0,0.24673,1.00000,7.00000,814.85468,8.54010,994.13385,0.30822,0
566,146.96750,406.74407,142.10634,12,1,0,0.25241,1.00000,7.00000,814.85468,8.45111,983.77557,0.29306,0
567,147.11299,445.83126,181.34956,12,1,0,0.24624,1.00000,6.08276,708.08112,8.62357,1003.85040,0.31629,0
568,146.93959,485.44592,142.60981,12,1,0,0.24658,1.00000,6.08276,708.08112,8.51703,991.44904,0.30342,0
569,147.08508,524.53311,181.85303,12,1,0,0.24537,1.00000,7.00000,814.85468,8.65246,1007.21442,0.31725,0
570,146.91168,564.14777,143.11328,12,1,0,0.25225,1.00000,7.00000,814.85468,8.57242,997.89661,0.30426,0
571,147.05717,603.23496,182.35650,12,1,0,0.24759,1.00000,7.00000,814.85468,8.49885,989.33234,0.30797,0
572,146.88376,642.84963,143.61676,12,1,0,0.24555,1.00000,6.00000,698.44690,8.42951,981.26074,0.29395,0
573,147.02925,681.93681,182.85997,12,1,0,0.25581,1.00000,6.00000,698.44690,8.12788,946.14911,0.29824,0
574,147.00134,760.63867,183.36344,8,0,0,0.00000,0.00000,0.00000,0.00000,0.00000,0.00000,0.02560,0
575,147.25256,52.32200,178.83220,8,0,0,0.31137,0.90055,3.60555,419.71432,4.35467,506.91766,0.20288,0
576,147.22465,131.02385,179.33567,12,1,0,0.24983,1.00000,7.00000,814.85468,8.27632,963.42883,0.30342,0
577,147.37014,170.11104,218.57889,12,1,0,0.25105,1.00000,6.00000,698.44690,7.84635,913.37604,0.27712,0
578,147.19674,209.72570,179.83914,12,1,0,0.25000,1.00000,6.32456,736.22766,8.34185,971.05646,0.31130,0
579,147.34223,248.81289,219.08236,12,1,0,0.24728,1.00000,6.16441,717.58594,8.57353,998.02637,0.30650,0
580,147.16882,288.42756,180.34261,12,1,0,0.24417,1.00000,7.00000,814.85468,8.52122,991.93640,0.31238,0
581,147.31431,327.51474,219.58583,12,1,0,0.24224,1.00000,7.00000,814.85468,8.30949,967.28906,0.30438,0
582,147.14091,367.12941,180.84609,12,1,0,0.25345,1.00000,7.00000,814.85468,8.64615,1006.47974,0.30381,0
583,147.28640,406.21660,220.08930,12,1,0,0.24914,1.00000,6.32456,736.22766,8.14745,948.42657,0.28826,0
584,147.25848,484.91845,220.59278,12,1,0,0.24537,1.00000,6.08276,708.08112,8.41047,979.04486,0.30899,0
585,147.23057,563.62030,221.09625,12,1,0,0.24691,1.00000,7.00000,814.85468,8.33080,969.77057,0.30803,0
586,147.20266,642.32215,221.59972,12,1,0,0.24434,1.00000,7.00000,814.85468,8.34738,971.70013,0.29914,0
587,147.34815,681.40934,260.84294,12,1,0,0.24622,1.00000,6.00000,698.44690,8.25374,960.79956,0.29779,0
588,147.17474,721.02400,222.10319,12,1,0,0.25508,1.00000,6.08276,708.08112,8.13403,946.86456,0.30010,0
589,147.32023,760.11119,261.34641,8,0,0,0.00000,0.00000,0.00000,0.00000,0.00000,0.00000,0.02867,0
590,147.57146,51.79453,256.81516,8,0,0,0.29931,0.84831,3.00000,349.22345,3.83730,446.69128,0.21146,0
591,147.39805,91.40919,218.07542,12,1,0,0.24948,1.00000,7.00000,814.85468,8.11298,944.41425,0.30054,0
592,147.54354,130.49638,257.31864,12,1,0,0.24770,1.00000,6.00000,698.44690,7.80124,908.12482,0.27885,0
593,147.51563,209.19823,257.82211,12,1,0,0.24721,1.00000,7.00000,814.85468,8.02860,934.59210,0.31366,0
594,147.48772,287.90008,258.32558,12,1,0,0.24861,1.00000,6.08276,708.08112,7.97008,927.77979,0.30438,0
595,147.45980,366.60193,258.82905,12,1,0,0.24653,1.00000,6.16441,717.58594,8.11961,945.18604,0.31232,0
596,147.60529,405.68912,298.07227,12,1,0,0.24604,1.00000,6.40312,745.37372,8.02393,934.04846,0.29485,0
597,147.43189,445.30378,259.33252,12,1,0,0.24809,1.00000,6.00000,698.44690,8.03966,935.87976,0.29946,0
598,147.57738,484.39097,298.57574,12,1,0,0.24406,1.00000,6.00000,698.44690,8.13045,946.44763,0.30598,0
599,147.40397,524.00564,259.83599,12,1,0,0.24880,1.00000,7.00000,814.85468,8.24533,959.82135,0.31341,0
600,147.54946,563.09282,299.07921,12,1,0,0.24828,1.00000,6.92820,806.49695,8.35716,972.83838,0.30362,0
601,147.37606,602.70749,260.33947,12,1,0,0.24827,1.00000,6.16441,717.58594,8.36522,973.77698,0.30982,0
602,147.52155,641.79468,299.58268,12,1,0,0.24500,1.00000,6.08276,708.08112,8.33977,970.81390,0.32365,0
603,147.49364,720.49653,300.08615,12,1,0,0.24914,1.00000,6.08276,708.08112,8.20917,955.61200,0.30643,0
604,147.71695,90.88172,296.05838,12,1,0,0.25887,1.00000,6.00000,698.44690,7.90449,920.14423,0.31334,0
605,147.86244,129.96890,335.30160,12,1,0,0.25260,1.00000,6.00000,698.44690,7.94176,924.48309,0.29658,0
606,147.68903,169.58357,296.56185,12,1,0,0.24498,1.00000,7.00000,814.85468,8.27743,963.55792,0.31149,0
607,147.83452,208.67076,335.80507,12,1,0,0.25175,1.00000,6.63325,772.16211,7.88708,918.11761,0.30208,0
608,147.66112,248.28542,297.06533,12,1,0,0.25105,1.00000,6.08276,708.08112,7.93483,923.67572,0.29581,0
609,147.80661,287.37261,336.30854,12,1,0,0.25282,1.00000,6.16441,717.58594,7.87110,916.25720,0.29114,0
610,147.63320,326.98727,297.56880,12,1,0,0.24931,1.00000,6.08276,708.08112,8.20215,954.79462,0.30739,0
611,147.77869,366.07446,336.81201,12,1,0,0.25593,1.00000,6.16441,717.58594,8.03590,935.44214,0.29709,0
612,147.75078,444.77631,337.31549,12,1,0,0.24896,1.00000,6.00000,698.44690,8.14364,947.98364,0.28781,0
613,147.72287,523.47816,337.81896,12,1,0,0.24136,1.00000,7.00000,814.85468,8.40701,978.64124,0.29798,0
614,147.86836,562.56535,377.06218,12,1,0,0.24913,1.00000,7.00000,814.85468,8.32109,968.63995,0.31706,0
615,147.69495,602.18001,338.32243,12,1,0,0.25105,1.00000,6.00000,698.44690,8.16252,950.18091,0.29824,0
616,147.84044,641.26720,377.56565,12,1,0,0.24352,1.00000,6.16441,717.58594,8.49039,988.34802,0.31763,0
617,147.66704,680.88186,338.82590,12,1,0,0.25174,1.00000,6.00000,698.44690,8.05624,937.80988,0.29760,0
618,147.81253,719.96905,378.06912,12,1,0,0.25087,1.00000,7.00000,814.85468,8.22641,957.61816,0.30074,0
619,147.63913,759.58372,339.32937,8,0,0,0.00000,0.00000,0.00000,0.00000,0.00000,0.00000,0.02598,0
620,147.89035,51.26705,334.79813,8,0,0,0.32012,0.88981,4.00000,465.63126,4.26665,496.67108,0.19520,0
621,148.03584,90.35424,374.04135,12,1,0,0.25228,1.00000,6.00000,698.44690,8.04600,936.61676,0.30592,0
622,148.00793,169.05609,374.54482,12,1,0,0.24572,1.00000,7.00000,814.85468,8.40703,978.64386,0.31494,0
623,147.98001,247.75794,375.04829,12,1,0,0.25580,1.00000,6.00000,698.44690,8.20736,955.40088,0.30957,0
624,147.95210,326.45980,375.55176,12,1,0,0.25155,1.00000,7.00000,814.85468,8.21588,956.39270,0.30259,0
625,148.09759,365.54698,414.79498,12,1,0,0.24861,1.00000,6.40312,745.37372,8.08488,941.14374,0.30566,0
626,147.92418,405.16165,376.05523,12,1,0,0.25690,1.00000,6.08276,708.08112,8.09879,942.76202,0.29901,0
627,148.06967,444.24884,415.29845,12,1,0,0.25052,1.00000,6.08276,708.08112,8.01339,932.82117,0.29107,0
628,147.89627,483.86350,376.55870,12,1,0,0.24621,1.00000,7.00000,814.85468,8.31904,968.40143,0.30586,0
629,148.04176,522.95069,415.80192,12,1,0,0.25370,1.00000,6.00000,698.44690,8.08899,941.62158,0.30822,0
630,148.01385,601.65254,416.30539,12,1,0,0.24794,1.00000,7.00000,814.85468,8.31546,967.98511,0.30662,0
631,147.98593,680.35439,416.80887,12,1,0,0.25104,1.00000,7.00000,814.85468,8.20532,955.16376,0.29555,0
632,147.95802,759.05624,417.31234,8,0,0,0.00000,0.00000,0.00000,0.00000,0.00000,0.00000,0.02688,0
633,148.20924,50.73958,412.78109,8,0,0,0.29900,0.82143,3.00000,349.22345,3.61978,421.37115,0.19578,0
634,148.35473,89.82677,452.02431,12,1,0,0.25367,1.00000,6.08276,708.08112,8.04170,936.11688,0.30406,0
635,148.18133,129.44143,413.28456,12,1,0,0.25630,1.00000,6.00000,698.44690,7.50840,874.03595,0.29242,0
636,148.32682,168.52862,452.52778,12,1,0,0.24136,1.00000,7.00000,814.85468,8.31830,968.31506,0.30835,0
637,148.15342,208.14328,413.78804,12,1,0,0.25952,1.00000,7.00000,814.85468,7.89035,918.49884,0.29478,0
638,148.29890,247.23047,453.03125,12,1,0,0.25333,1.00000,6.08276,708.08112,8.00976,932.39856,0.30259,0
639,148.12550,286.84513,414.29151,12,1,0,0.25279,1.00000,6.00000,698.44690,7.95849,926.43036,0.29165,0
640,148.27099,325.93232,453.53472,12,1,0,0.24589,1.00000,7.00000,814.85468,8.34724,971.68365,0.29600,0
641,148.24308,404.63417,454.03820,12,1,0,0.24862,1.00000,6.40312,745.37372,8.20055,954.60858,0.30854,0
642,148.21516,483.33602,454.54167,12,1,0,0.24129,1.00000,6.08276,708.08112,8.34401,971.30780,0.31546,0
643,148.36065,522.42321,493.78489,12,1,0,0.24267,1.00000,7.00000,814.85468,8.46215,985.06012,0.31046,0
644,148.18725,562.03788,455.04514,12,1,0,0.24948,1.00000,6.32456,736.22766,8.44869,983.49402,0.31322,0
645,148.33274,601.12506,494.28836,12,1,0,0.24725,1.00000,6.00000,698.44690,8.37909,975.39191,0.31578,0
646,148.15934,640.73973,455.54861,12,1,0,0.24483,1.00000,7.00000,814.85468,8.58150,998.95398,0.33344,0
647,148.30483,679.82692,494.79183,12,1,0,0.25139,1.00000,7.00000,814.85468,8.14107,947.68378,0.29638,0
648,148.13142,719.44158,456.05208,12,1,0,0.25000,1.00000,7.00000,814.85468,8.17938,952.14337,0.30227,0
649,148.27691,758.52877,495.29530,8,0,0,0.00000,0.00000,0.00000,0.00000,0.00000,0.00000,0.02662,0
650,148.52814,50.21210,490.76406,8,0,0,0.29981,0.88920,4.00000,465.63126,4.28896,499.26855,0.20845,0
651,148.50022,128.91395,491.26753,12,1,0,0.24983,1.00000,6.08276,708.08112,7.94555,924.92419,0.29453,0
652,148.47231,207.61581,491.77100,12,1,0,0.24550,1.00000,6.00000,698.44690,8.09744,942.60571,0.30528,0
653,148.61780,246.70299,531.01422,12,1,0,0.25035,1.00000,6.32456,736.22766,7.93209,923.35712,0.29677,0
654,148.44439,286.31766,492.27447,12,1,0,0.24501,1.00000,7.00000,814.85468,8.19764,954.26971,0.29408,0
655,148.58988,325.40485,531.51769,12,1,0,0.24341,1.00000,7.00000,814.85468,8.10718,943.73871,0.29747,0
656,148.41648,365.01951,492.77794,12,1,0,0.25174,1.00000,6.00000,698.44690,8.00598,931.95825,0.30221,0
657,148.56197,404.10670,532.02116,12,1,0,0.24539,1.00000,7.00000,814.85468,8.22075,956.95898,0.30925,0
658,148.38857,443.72136,493.28141,12,1,0,0.25420,1.00000,6.00000,698.44690,7.89640,919.20270,0.27142,0
659,148.53406,482.80855,532.52463,12,1,0,0.26277,1.00000,5.00000,582.03906,7.54794,878.63898,0.28416,0
660,148.50614,561.51040,533.02810,12,1,0,0.24426,1.00000,7.00000,814.85468,8.55108,995.41217,0.31392,0
661,148.47823,640.21225,533.53158,12,1,0,0.24621,1.00000,7.00000,814.85468,8.42839,981.13049,0.31366,0
662,148.62372,679.29944,572.77479,12,1,0,0.24604,1.00000,6.08276,708.08112,8.39151,976.83746,0.30739,0
663,148.45032,718.91410,534.03505,12,1,0,0.24758,1.00000,7.00000,814.85468,8.29571,965.68597,0.32192,0
664,148.59581,758.00129,573.27826,8,0,0,0.00000,0.00000,0.00000,0.00000,0.00000,0.00000,0.03238,0
665,148.84703,49.68463,568.74702,8,0,0,0.32153,0.92562,4.00000,465.63126,4.68982,545.93188,0.21107,0
666,148.67363,89.29929,530.00727,12,1,0,0.25226,1.00000,7.00000,814.85468,8.07178,939.61804,0.30310,0
667,148.81912,128.38648,569.25049,12,1,0,0.24486,1.00000,6.08276,708.08112,8.19525,953.99084,0.29357,0
668,148.64571,168.00114,530.51075,12,1,0,0.24725,1.00000,6.00000,698.44690,8.30387,966.63513,0.30298,0
669,148.79120,207.08833,569.75396,12,1,0,0.25138,1.00000,6.08276,708.08112,8.16513,950.48523,0.30253,0
670,148.76329,285.79018,570.25744,12,1,0,0.25157,1.00000,6.16441,717.58594,8.00537,931.88806,0.29370,0
671,148.73537,364.49203,570.76091,12,1,0,0.24400,1.00000,7.00000,814.85468,8.35267,972.31616,0.30656,0
672,148.70746,443.19389,571.26438,12,1,0,0.24846,1.00000,6.08276,708.08112,8.50642,990.21387,0.31712,0
673,148.85295,482.28107,610.50760,12,1,0,0.24016,1.00000,7.00000,814.85468,8.59529,1000.55847,0.31226,0
674,148.67955,521.89574,571.76785,12,1,0,0.24623,1.00000,7.00000,814.85468,8.42948,981.25751,0.30790,0
675,148.82504,560.98293,611.01107,12,1,0,0.25226,1.00000,6.00000,698.44690,8.43395,981.77783,0.30694,0
676,148.65163,600.59759,572.27132,12,1,0,0.24350,1.00000,6.63325,772.16211,8.48274,987.45715,0.31008,0
677,148.79712,639.68478,611.51454,12,1,0,0.24515,1.00000,6.08276,708.08112,8.22253,957.16669,0.30861,0
678,148.76921,718.38663,612.01801,12,1,0,0.24914,1.00000,6.00000,698.44690,8.21421,956.19861,0.29683,0
679,148.99252,88.77182,607.99024,12,1,0,0.25779,1.00000,6.00000,698.44690,7.98211,929.17999,0.29158,0
680,148.96461,167.47367,608.49371,12,1,0,0.25191,1.00000,6.00000,698.44690,8.10369,943.33295,0.29984,0
681,149.11009,206.56086,647.73693,12,1,0,0.25424,1.00000,6.08276,708.08112,7.94070,924.35962,0.30336,0
682,148.93669,246.17552,608.99718,12,1,0,0.25087,1.00000,6.00000,698.44690,8.33248,969.96594,0.30662,0
683,149.08218,285.26271,648.24040,12,1,0,0.25777,1.00000,6.08276,708.08112,8.10986,944.05157,0.29958,0
684,148.90878,324.87737,609.50065,12,1,0,0.25052,1.00000,6.00000,698.44690,8.22301,957.22284,0.29446,0
685,149.05427,363.96456,648.74387,12,1,0,0.25173,1.00000,6.16441,717.58594,8.34297,971.18719,0.31674,0
686,148.88086,403.57922,610.00412,12,1,0,0.24966,1.00000,7.00000,814.85468,8.33562,970.33105,0.30048,0
687,149.02635,442.66641,649.24734,12,1,0,0.24776,1.00000,6.08276,708.08112,8.65314,1007.29333,0.32256,0
688,148.99844,521.36826,649.75081,12,1,0,0.25104,1.00000,7.00000,814.85468,8.42026,980.18378,0.29510,0
689,148.97053,600.07011,650.25429,12,1,0,0.25364,1.00000,6.00000,698.44690,8.48320,987.51056,0.31405,0
690,149.11602,639.15730,689.49750,12,1,0,0.24896,1.00000,6.08276,708.08112,8.29155,965.20172,0.30182,0
691,148.94261,678.77197,650.75776,12,1,0,0.25542,1.00000,6.00000,698.44690,8.18015,952.23370,0.30662,0
692,149.08810,717.85915,690.00098,12,1,0,0.25724,1.00000,6.00000,698.44690,8.15727,949.57037,0.30496,0
693,148.91470,757.47382,651.26123,8,0,0,0.00000,0.00000,0.00000,0.00000,0.00000,0.00000,0.03117,0
694,149.16592,49.15715,646.72998,8,0,0,0.30010,0.81492,3.60555,419.71432,3.62418,421.88318,0.21088,0
695,149.31141,88.24434,685.97320,12,1,0,0.25158,1.00000,6.00000,698.44690,8.07715,940.24353,0.29370,0
696,149.13801,127.85900,647.23346,12,1,0,0.26274,1.00000,6.00000,698.44690,7.71727,898.35077,0.29798,0
697,149.28350,166.94619,686.47667,12,1,0,0.24757,1.00000,6.00000,698.44690,8.19737,954.23743,0.28947,0
698,149.25558,245.64804,686.98015,12,1,0,0.24793,1.00000,6.00000,698.44690,8.37227,974.59796,0.30202,0
699,149.22767,324.34990,687.48362,12,1,0,0.24350,1.00000,7.00000,814.85468,8.43442,981.83289,0.30272,0
700,149.37316,363.43708,726.72683,12,1,0,0.24049,1.00000,7.00000,814.85468,8.63764,1005.48846,0.31424,0
701,149.19976,403.05175,687.98709,12,1,0,0.25087,1.00000,7.00000,814.85468,8.40184,978.04010,0.29894,0
702,149.34525,442.13894,727.23031,12,1,0,0.24793,1.00000,7.00000,814.85468,8.50797,990.39404,0.31059,0
703,149.17184,481.75360,688.49056,12,1,0,0.24284,1.00000,7.00000,814.85468,8.55973,996.41986,0.30566,0
704,149.31733,520.84079,727.73378,12,1,0,0.24880,1.00000,7.00000,814.85468,8.63202,1004.83478,0.32179,0
705,149.14393,560.45545,688.99403,12,1,0,0.24691,1.00000,7.00000,814.85468,8.47485,986.53851,0.28986,0
706,149.28942,599.54264,728.23725,12,1,0,0.24402,1.00000,7.00000,814.85468,8.52686,992.59271,0.30541,0
707,149.26151,678.24449,728.74072,12,1,0,0.24948,1.00000,6.08276,708.08112,8.54784,995.03503,0.31245,0
708,149.23359,756.94634,729.24419,8,0,0,0.00000,0.00000,0.00000,0.00000,0.00000,0.00000,0.02784,0
709,149.48482,48.62968,724.71295,8,0,0,0.30818,0.95493,4.12311,479.96170,5.06120,589.16345,0.21178,0
710,149.45690,127.33153,725.21642,12,1,0,0.24328,1.00000,7.00000,814.85468,8.55670,996.06683,0.30803,0
711,149.60239,166.41872,764.45964,8,0,0,0.27677,0.78736,2.44949,285.13977,3.06416,356.69211,0.18778,0
712,149.42899,206.03338,725.71989,12,1,0,0.24588,1.00000,7.00000,814.85468,8.57189,997.83539,0.31296,0
713,149.57448,245.12057,764.96311,8,0,0,0.27187,0.72500,2.00000,232.81563,2.40854,280.37250,0.18029,0
714,149.40107,284.73523,726.22336,12,1,0,0.24397,1.00000,6.08276,708.08112,8.54941,995.21844,0.31418,0
715,149.54656,323.82242,765.46658,8,0,0,0.28072,0.78711,2.23607,260.29578,2.65400,308.94635,0.17798,0
716,149.51865,402.52427,765.97005,8,0,0,0.26822,0.73003,2.00000,232.81563,2.61818,304.77679,0.16858,0
717,149.49074,481.22612,766.47352,8,0,0,0.27337,0.76404,2.44949,285.13977,2.82937,329.36093,0.18502,0
718,149.46282,559.92798,766.97700,8,0,0,0.26855,0.77247,2.00000,232.81563,2.47159,287.71249,0.19002,0
719,149.43491,638.62983,767.48047,8,0,0,0.27221,0.81897,3.00000,349.22345,3.50914,408.49170,0.19174,0
720,149.40700,717.33168,767.98394,8,0,0,0.28942,0.86908,3.00000,349.22345,4.15488,483.66022,0.19366,0
721,149.63031,87.71687,763.95617,8,0,0,0.28626,0.84358,2.44949,285.13977,3.70667,431.48495,0.19226,0
722,185.87382,289.27897,63.29181,8,0,0,0.25773,0.69638,2.00000,232.81563,0.00000,0.00000,0.17619,0
723,185.84591,367.98082,63.79528,8,0,0,0.26272,0.68937,2.00000,232.81563,2.08684,242.92473,0.17792,0
724,185.81800,446.68267,64.29876,8,0,0,0.28265,0.76944,3.00000,349.22345,2.82770,329.16669,0.16691,0
725,185.79008,525.38452,64.80223,8,0,0,0.28200,0.79437,2.23607,260.29578,3.11172,362.22836,0.18957,0
726,185.76217,604.08637,65.30570,8,0,0,0.28544,0.83008,3.00000,349.22345,3.21146,373.83887,0.18304,0
727,185.73425,682.78822,65.80917,8,0,0,0.29874,0.85083,3.00000,349.22345,3.82820,445.63245,0.18400,0
728,185.70634,761.49007,66.31264,5,0,0,0.00000,0.00000,0.00000,0.00000,0.00000,0.00000,0.01690,0
729,185.95756,53.17341,61.78140,5,0,0,0.32324,0.72951,2.44949,285.13977,2.93985,342.22119,0.11917,0
730,186.10305,92.26060,101.02462,12,1,0,0.25330,1.00000,6.08276,708.08112,8.29788,965.93823,0.29011,0
731,185.92965,131.87526,62.28487,8,0,0,0.29981,0.86226,3.60555,419.71432,3.88724,452.50568,0.17619,0
732,186.07514,170.96245,101.52809,12,1,0,0.24704,1.00000,6.00000,698.44690,8.32618,969.23291,0.29862,0
733,185.90174,210.57711,62.78834,8,0,0,0.27210,0.75900,2.00000,232.81563,2.15194,250.50259,0.18605,0
734,186.04723,249.66430,102.03156,12,1,0,0.26786,1.00000,5.00000,582.03906,7.28660,848.21661,0.27987,0
735,186.01931,328.36615,102.53503,12,1,0,0.25052,1.00000,7.00000,814.85468,8.39839,977.63788,0.30266,0
736,185.99140,407.06801,103.03850,12,1,0,0.26565,1.00000,5.83095,678.76831,7.67725,893.69214,0.27405,0
737,185.96349,485.76986,103.54197,12,1,0,0.24810,1.00000,6.08276,708.08112,8.18611,952.92737,0.29203,0
738,186.10898,524.85705,142.78519,12,1,0,0.25189,1.00000,7.00000,814.85468,8.61515,1002.87073,0.32218,0
739,185.93557,564.47171,104.04545,12,1,0,0.24535,1.00000,7.00000,814.85468,8.39549,977.30048,0.29798,0
740,186.08106,603.55890,143.28866,12,1,0,0.24521,1.00000,6.08276,708.08112,8.48678,987.92786,0.29894,0
741,185.90766,643.17356,104.54892,12,1,0,0.24454,1.00000,7.00000,814.85468,8.65999,1008.09009,0.31053,0
742,186.05315,682.26075,143.79214,12,1,0,0.25173,1.00000,6.00000,698.44690,8.23964,959.15881,0.29747,0
743,185.87974,721.87541,105.05239,12,1,0,0.25614,1.00000,6.00000,698.44690,8.15665,949.49786,0.29850,0
744,186.02523,760.96260,144.29561,8,0,0,0.00000,0.00000,0.00000,0.00000,0.00000,0.00000,0.01798,0
745,186.27646,52.64594,139.76436,8,0,0,0.30280,0.90251,3.74166,435.55817,4.50841,524.81445,0.20666,0
746,186.24854,131.34779,140.26783,12,1,0,0.24983,1.00000,6.00000,698.44690,8.08091,940.68091,0.29158,0
747,186.22063,210.04964,140.77131,12,1,0,0.25347,1.00000,6.00000,698.44690,8.30691,966.98975,0.30016,0
748,186.36612,249.13683,180.01452,12,1,0,0.24931,1.00000,6.08276,708.08112,8.22178,957.07996,0.28518,0
749,186.19272,288.75149,141.27478,12,1,0,0.25052,1.00000,6.08276,708.08112,8.29005,965.02612,0.28998,0
750,186.33821,327.83868,180.51800,12,1,0,0.24300,1.00000,6.08276,708.08112,8.50444,989.98322,0.30234,0
751,186.16480,367.45334,141.77825,12,1,0,0.24584,1.00000,7.00000,814.85468,8.10207,943.14410,0.28160,0
752,186.31029,406.54053,181.02147,12,1,0,0.24521,1.00000,6.00000,698.44690,8.30295,966.52814,0.29395,0
753,186.13689,446.15519,142.28172,12,1,0,0.24983,1.00000,6.00000,698.44690,8.32447,969.03308,0.29907,0
754,186.28238,485.24238,181.52494,12,1,0,0.24518,1.00000,6.00000,698.44690,8.39303,977.01440,0.30790,0
755,186.25447,563.94423,182.02841,12,1,0,0.25017,1.00000,7.00000,814.85468,8.49222,988.56134,0.30739,0
756,186.22655,642.64609,182.53188,12,1,0,0.24636,1.00000,6.00000,698.44690,8.23802,958.96936,0.29152,0
757,186.37204,681.73327,221.77510,12,1,0,0.25000,1.00000,6.00000,698.44690,7.94749,925.14990,0.28378,0
758,186.19864,721.34794,183.03535,12,1,0,0.25368,1.00000,6.00000,698.44690,7.89074,918.54376,0.28480,0
759,186.34413,760.43513,222.27857,8,0,0,0.00000,0.00000,0.00000,0.00000,0.00000,0.00000,0.02790,0
760,186.59535,52.11846,217.74733,8,0,0,0.30640,0.87115,3.00000,349.22345,4.12150,479.77441,0.19571,0
761,186.42195,91.73312,179.00758,12,1,0,0.28389,0.99164,4.24264,493.87650,6.20499,722.30933,0.25594,0
762,186.56744,130.82031,218.25080,12,1,0,0.24688,1.00000,6.08276,708.08112,7.87084,916.22748,0.29024,0
763,186.39403,170.43498,179.51105,12,1,0,0.24358,1.00000,6.00000,698.44690,8.24455,959.72955,0.29779,0
764,186.53952,209.52216,218.75427,12,1,0,0.24652,1.00000,6.00000,698.44690,8.07190,939.63226,0.29638,0
765,186.51161,288.22402,219.25774,12,1,0,0.24330,1.00000,6.00000,698.44690,8.12520,945.83722,0.30010,0
766,186.48370,366.92587,219.76121,12,1,0,0.24777,1.00000,6.40312,745.37372,8.25200,960.59668,0.28448,0
767,186.45578,445.62772,220.26468,12,1,0,0.24197,1.00000,6.08276,708.08112,8.42466,980.69678,0.29728,0
768,186.60127,484.71491,259.50790,12,1,0,0.24192,1.00000,6.08276,708.08112,8.19857,954.37720,0.29658,0
769,186.42787,524.32957,220.76816,12,1,0,0.24145,1.00000,6.40312,745.37372,8.50578,990.13940,0.30490,0
770,186.57336,563.41676,260.01137,12,1,0,0.25017,1.00000,6.78233,789.51624,8.18797,953.14380,0.29766,0
771,186.39996,603.03142,221.27163,12,1,0,0.24438,1.00000,7.00000,814.85468,8.50476,990.02039,0.30944,0
772,186.54544,642.11861,260.51485,12,1,0,0.26418,0.98607,4.24264,493.87650,7.27981,847.42651,0.29082,0
773,186.51753,720.82046,261.01832,12,1,0,0.25174,1.00000,6.00000,698.44690,7.99044,930.15015,0.29990,0
774,186.74084,91.20565,256.99054,12,1,0,0.25470,1.00000,6.00000,698.44690,8.08625,941.30273,0.28838,0
775,186.71293,169.90750,257.49402,12,1,0,0.24449,1.00000,6.32456,736.22766,8.23962,959.15594,0.29747,0
776,186.85842,208.99469,296.73723,12,1,0,0.25384,1.00000,6.08276,708.08112,8.02647,934.34332,0.29869,0
777,186.68501,248.60935,257.99749,12,1,0,0.24606,1.00000,7.00000,814.85468,8.36081,973.26318,0.30074,0
778,186.83050,287.69654,297.24071,12,1,0,0.25385,1.00000,6.08276,708.08112,8.03652,935.51385,0.29984,0
779,186.65710,327.31120,258.50096,12,1,0,0.24286,1.00000,6.16441,717.58594,8.15843,949.70532,0.29267,0
780,186.80259,366.39839,297.74418,12,1,0,0.24878,1.00000,6.32456,736.22766,7.99049,930.15527,0.29498,0
781,186.62919,406.01306,259.00443,12,1,0,0.24621,1.00000,6.08276,708.08112,8.03530,935.37195,0.27770,0
782,186.77468,445.10024,298.24765,12,1,0,0.25541,1.00000,6.08276,708.08112,8.19866,954.38861,0.30131,0
783,186.74676,523.80210,298.75112,12,1,0,0.25226,1.00000,6.08276,708.08112,8.02133,933.74506,0.30221,0
784,186.71885,602.50395,299.25459,12,1,0,0.25338,1.00000,6.00000,698.44690,7.80729,908.82965,0.27539,0
785,186.86434,641.59114,338.49781,12,1,0,0.24288,1.00000,6.32456,736.22766,8.35311,972.36731,0.30618,0
786,186.69093,681.20580,299.75806,12,1,0,0.25000,1.00000,6.08276,708.08112,8.07108,939.53638,0.29645,0
787,186.83642,720.29299,339.00128,12,1,0,0.25295,1.00000,6.00000,698.44690,8.01862,933.42987,0.27693,0
788,186.66302,759.90765,300.26154,8,0,0,0.00000,0.00000,0.00000,0.00000,0.00000,0.00000,0.02771,0
789,186.91424,51.59099,295.73029,8,0,0,0.30010,0.80726,3.00000,349.22345,3.53154,411.09863,0.20301,0
790,187.05973,90.67817,334.97351,12,1,0,0.25862,1.00000,6.00000,698.44690,7.65486,891.08575,0.29542,0
791,186.88633,130.29284,296.23376,12,1,0,0.25598,1.00000,6.00000,698.44690,7.82070,910.39050,0.29082,0
792,187.03182,169.38003,335.47698,12,1,0,0.25654,1.00000,6.00000,698.44690,7.81255,909.44232,0.27750,0
793,187.00391,248.08188,335.98045,12,1,0,0.25472,1.00000,6.32456,736.22766,8.07214,939.66071,0.28928,0
794,186.97599,326.78373,336.48392,12,1,0,0.24965,1.00000,6.00000,698.44690,7.94085,924.37665,0.28563,0
795,187.12148,365.87092,375.72714,12,1,0,0.25262,1.00000,6.00000,698.44690,8.11512,944.66357,0.28710,0
796,186.94808,405.48558,336.98739,12,1,0,0.24861,1.00000,6.00000,698.44690,8.04235,936.19214,0.27661,0
797,187.09357,444.57277,376.23061,12,1,0,0.24948,1.00000,6.16441,717.58594,8.14902,948.61005,0.29856,0
798,186.92017,484.18743,337.49087,12,1,0,0.26782,0.99721,5.00000,582.03906,7.09927,826.41077,0.27347,0
799,187.06566,523.27462,376.73408,12,1,0,0.25122,1.00000,6.08276,708.08112,8.10875,943.92157,0.29504,0
800,186.89225,562.88928,337.99434,12,1,0,0.25402,1.00000,7.00000,814.85468,8.17053,951.11371,0.30554,0
801,187.03774,601.97647,377.23756,12,1,0,0.25632,1.00000,6.16441,717.58594,8.25916,961.43109,0.31066,0
802,187.00983,680.67832,377.74103,12,1,0,0.25226,1.00000,7.00000,814.85468,8.11824,945.02692,0.29901,0
803,186.98191,759.38018,378.24450,8,0,0,0.00000,0.00000,0.00000,0.00000,0.00000,0.00000,0.02541,0
804,187.23314,51.06351,373.71325,8,0,0,0.31402,0.85833,2.82843,329.25101,3.92353,456.72919,0.20090,0
805,187.20522,129.76536,374.21673,12,1,0,0.25700,1.00000,6.00000,698.44690,7.96114,926.73865,0.29235,0
806,187.35071,168.85255,413.45994,12,1,0,0.24826,1.00000,7.00000,814.85468,8.07926,940.48853,0.29184,0
807,187.17731,208.46721,374.72020,12,1,0,0.25000,1.00000,6.00000,698.44690,7.82516,910.90991,0.29382,0
808,187.32280,247.55440,413.96342,12,1,0,0.24724,1.00000,6.70820,780.88733,8.09373,942.17297,0.29203,0
809,187.14940,287.16907,375.22367,12,1,0,0.25702,1.00000,7.00000,814.85468,7.99345,930.49957,0.29037,0
810,187.29489,326.25625,414.46689,12,1,0,0.24774,1.00000,6.40312,745.37372,7.97121,927.91077,0.28582,0
811,187.26697,404.95811,414.97036,12,1,0,0.25191,1.00000,6.40312,745.37372,8.09898,942.78400,0.29101,0
812,187.23906,483.65996,415.47383,12,1,0,0.24415,1.00000,6.08276,708.08112,8.11485,944.63171,0.29306,0
813,187.21115,562.36181,415.97730,12,1,0,0.24879,1.00000,6.08276,708.08112,8.01876,933.44629,0.29120,0
814,187.35663,601.44900,455.22052,12,1,0,0.24432,1.00000,6.00000,698.44690,8.39970,977.79028,0.30534,0
815,187.18323,641.06366,416.48077,12,1,0,0.24606,1.00000,6.08276,708.08112,8.32266,968.82318,0.30835,0
816,187.32872,680.15085,455.72399,12,1,0,0.25070,1.00000,6.00000,698.44690,8.00922,932.33594,0.29478,0
817,187.15532,719.76551,416.98425,12,1,0,0.25668,1.00000,6.00000,698.44690,8.00808,932.20300,0.29338,0
818,187.30081,758.85270,456.22746,8,0,0,0.00000,0.00000,0.00000,0.00000,0.00000,0.00000,0.02771,0
819,187.55203,50.53604,451.69622,8,0,0,0.28771,0.81818,3.00000,349.22345,3.39500,395.20453,0.20538,0
820,187.37863,90.15070,412.95647,12,1,0,0.25953,1.00000,6.00000,698.44690,7.61643,886.61176,0.29024,0
821,187.52412,129.23789,452.19969,12,1,0,0.24703,1.00000,6.08276,708.08112,7.86638,915.70856,0.29709,0
822,187.49620,207.93974,452.70316,12,1,0,0.24604,1.00000,6.00000,698.44690,8.04829,936.88385,0.30246,0
823,187.46829,286.64159,453.20663,12,1,0,0.24603,1.00000,6.16441,717.58594,8.21947,956.81067,0.30042,0
824,187.61378,325.72878,492.44985,12,1,0,0.24209,1.00000,7.00000,814.85468,8.12929,946.31262,0.29165,0
825,187.44038,365.34344,453.71011,12,1,0,0.24843,1.00000,7.00000,814.85468,8.03972,935.88672,0.28826,0
826,187.58587,404.43063,492.95332,12,1,0,0.25017,1.00000,7.00000,814.85468,7.97151,927.94647,0.29120,0
827,187.41246,444.04529,454.21358,12,1,0,0.24862,1.00000,6.08276,708.08112,8.18988,953.36554,0.30150,0
828,187.55795,483.13248,493.45679,12,1,0,0.25035,1.00000,6.00000,698.44690,8.06648,939.00104,0.28346,0
829,187.38455,522.74715,454.71705,12,1,0,0.24604,1.00000,7.00000,814.85468,8.25656,961.12769,0.29824,0
830,187.53004,561.83433,493.96027,12,1,0,0.24810,1.00000,7.00000,814.85468,8.23378,958.47577,0.31059,0
831,187.50212,640.53619,494.46374,12,1,0,0.24948,1.00000,7.00000,814.85468,8.25118,960.50177,0.29690,0
832,187.47421,719.23804,494.96721,12,1,0,0.25442,1.00000,6.00000,698.44690,7.77239,904.76648,0.28506,0
833,187.61970,758.32523,534.21043,8,0,0,0.00000,0.00000,0.00000,0.00000,0.00000,0.00000,0.03098,0
834,187.87092,50.00856,529.67918,8,0,0,0.31809,0.90083,3.16228,368.11383,4.36816,508.48831,0.20576,0
835,187.69752,89.62323,490.93944,12,1,0,0.25141,1.00000,6.00000,698.44690,7.89491,919.02954,0.29242,0
836,187.84301,128.71041,530.18265,12,1,0,0.25035,1.00000,6.00000,698.44690,8.12175,945.43512,0.30854,0
837,187.66961,168.32508,491.44291,12,1,0,0.24638,1.00000,6.08276,708.08112,8.06568,938.90802,0.29235,0
838,187.81510,207.41227,530.68613,12,1,0,0.24605,1.00000,6.00000,698.44690,8.16465,950.42908,0.30707,0
839,187.64169,247.02693,491.94638,12,1,0,0.25370,1.00000,6.00000,698.44690,7.77047,904.54364,0.27162,0
840,187.78718,286.11412,531.18960,12,1,0,0.25223,1.00000,7.00000,814.85468,8.14719,948.39612,0.28294,0
841,187.75927,364.81597,531.69307,12,1,0,0.25191,1.00000,6.08276,708.08112,8.11424,944.56091,0.29920,0
842,187.73136,443.51782,532.19654,12,1,0,0.24619,1.00000,6.08276,708.08112,8.05601,937.78198,0.29677,0
843,187.70344,522.21967,532.70001,12,1,0,0.24657,1.00000,7.00000,814.85468,8.36786,974.08447,0.30061,0
844,187.84893,561.30686,571.94323,12,1,0,0.25052,1.00000,6.00000,698.44690,8.23088,958.13928,0.30419,0
845,187.67553,600.92152,533.20348,12,1,0,0.24795,1.00000,6.16441,717.58594,8.44549,983.12079,0.31264,0
846,187.82102,640.00871,572.44670,12,1,0,0.25000,1.00000,7.00000,814.85468,8.24560,959.85248,0.30566,0
847,187.64761,679.62337,533.70696,12,1,0,0.24708,1.00000,7.00000,814.85468,8.30431,966.68677,0.29466,0
848,187.79310,718.71056,572.95017,12,1,0,0.25474,1.00000,6.00000,698.44690,7.97602,928.47162,0.29005,0
849,188.01641,89.09575,568.92240,12,1,0,0.25947,1.00000,6.00000,698.44690,7.90661,920.39160,0.29030,0
850,187.98850,167.79760,569.42587,12,1,0,0.24879,1.00000,6.00000,698.44690,8.20080,954.63708,0.28909,0
851,187.96059,246.49945,569.92934,12,1,0,0.24774,1.00000,6.92820,806.49695,8.20209,954.78784,0.29702,0
852,188.10608,285.58664,609.17256,12,1,0,0.24708,1.00000,6.08276,708.08112,8.28416,964.34137,0.29920,0
853,187.93267,325.20131,570.43282,12,1,0,0.25000,1.00000,6.00000,698.44690,8.06486,938.81323,0.28742,0
854,188.07816,364.28849,609.67603,12,1,0,0.24367,1.00000,7.00000,814.85468,8.38942,976.59363,0.29677,0
855,187.90476,403.90316,570.93629,12,1,0,0.25614,1.00000,6.00000,698.44690,8.18774,953.11719,0.29459,0
856,188.05025,442.99035,610.17950,12,1,0,0.25297,1.00000,6.08276,708.08112,8.37724,975.17603,0.30989,0
857,187.87685,482.60501,571.43976,12,1,0,0.24369,1.00000,7.00000,814.85468,8.40693,978.63232,0.29075,0
858,188.02234,521.69220,610.68298,12,1,0,0.24759,1.00000,7.00000,814.85468,8.46181,985.02039,0.30234,0
859,187.99442,600.39405,611.18645,12,1,0,0.25035,1.00000,6.08276,708.08112,8.28053,963.91785,0.30253,0
860,187.96651,679.09590,611.68992,12,1,0,0.25367,1.00000,6.00000,698.44690,8.04342,936.31635,0.29382,0
861,188.11200,718.18309,650.93314,12,1,0,0.25724,1.00000,6.00000,698.44690,8.07143,939.57721,0.30080,0
862,187.93859,757.79775,612.19339,8,0,0,0.00000,0.00000,0.00000,0.00000,0.00000,0.00000,0.02822,0
863,188.18982,49.48109,607.66215,8,0,0,0.30259,0.89235,3.74166,435.55817,4.25896,495.77615,0.19514,0
864,188.33531,88.56828,646.90536,12,1,0,0.24983,1.00000,6.00000,698.44690,8.17396,951.51276,0.29856,0
865,188.16190,128.18294,608.16562,12,1,0,0.25931,1.00000,6.08276,708.08112,7.94654,925.03967,0.28422,0
866,188.30739,167.27013,647.40884,12,1,0,0.24861,1.00000,7.00000,814.85468,8.17567,951.71161,0.29651,0
867,188.13399,206.88479,608.66909,12,1,0,0.25175,1.00000,6.00000,698.44690,8.19093,953.48773,0.30061,0
868,188.27948,245.97198,647.91231,12,1,0,0.25242,1.00000,6.32456,736.22766,8.36570,973.83270,0.30598,0
869,188.25157,324.67383,648.41578,12,1,0,0.24809,1.00000,6.00000,698.44690,8.26071,961.61163,0.29363,0
870,188.22365,403.37568,648.91925,12,1,0,0.24811,1.00000,6.08276,708.08112,8.27907,963.74854,0.29261,0
871,188.36914,442.46287,688.16247,12,1,0,0.24348,1.00000,6.08276,708.08112,8.46382,985.25519,0.30291,0
872,188.19574,482.07753,649.42272,12,1,0,0.24811,1.00000,6.00000,698.44690,8.35343,972.40442,0.29984,0
873,188.34123,521.16472,688.66594,12,1,0,0.24637,1.00000,6.08276,708.08112,8.13208,946.63776,0.27968,0
874,188.16782,560.77939,649.92619,12,1,0,0.25364,1.00000,6.40312,745.37372,8.40046,977.87878,0.30112,0
875,188.31331,599.86657,689.16941,12,1,0,0.24914,1.00000,7.00000,814.85468,8.20443,955.06006,0.28992,0
876,188.13991,639.48124,650.42967,12,1,0,0.24706,1.00000,6.16441,717.58594,8.27724,963.53558,0.30931,0
877,188.28540,678.56842,689.67288,12,1,0,0.24983,1.00000,6.00000,698.44690,8.03484,935.31854,0.29107,0
878,188.25749,757.27028,690.17636,8,0,0,0.00000,0.00000,0.00000,0.00000,0.00000,0.00000,0.02624,0
879,188.50871,48.95361,685.64511,8,0,0,0.28440,0.77072,2.23607,260.29578,3.02346,351.95468,0.20467,0
880,188.48080,127.65546,686.14858,12,1,0,0.25632,1.00000,6.00000,698.44690,7.56599,880.74011,0.29414,0
881,188.45288,206.35732,686.65205,12,1,0,0.25558,1.00000,6.00000,698.44690,7.64547,889.99286,0.29088,0
882,188.59837,245.44450,725.89527,12,1,0,0.24775,1.00000,6.00000,698.44690,8.34078,970.93243,0.30029,0
883,188.42497,285.05917,687.15553,12,1,0,0.25749,1.00000,6.00000,698.44690,7.74216,901.24738,0.28947,0
884,188.57046,324.14636,726.39874,12,1,0,0.24600,1.00000,6.08276,708.08112,8.11626,944.79602,0.28186,0
885,188.39706,363.76102,687.65900,12,1,0,0.24791,1.00000,6.00000,698.44690,8.06699,939.06122,0.29197,0
886,188.54255,402.84821,726.90222,12,1,0,0.24486,1.00000,7.00000,814.85468,8.42673,980.93768,0.29722,0
887,188.51463,481.55006,727.40569,12,1,0,0.24347,1.00000,6.32456,736.22766,8.47169,986.17084,0.29485,0
888,188.48672,560.25191,727.90916,12,1,0,0.24487,1.00000,6.08276,708.08112,8.19385,953.82800,0.27782,0
889,188.45880,638.95376,728.41263,12,1,0,0.25173,1.00000,6.00000,698.44690,8.30090,966.28955,0.28941,0
890,188.60429,678.04095,767.65585,8,0,0,0.28965,0.84722,3.00000,349.22345,3.63512,423.15665,0.17882,0
891,188.43089,717.65561,728.91610,12,1,0,0.25140,1.00000,6.00000,698.44690,7.93264,923.42114,0.29773,0
892,188.57638,756.74280,768.15932,5,0,0,0.00000,0.00000,0.00000,0.00000,0.00000,0.00000,0.02022,0
893,188.82760,48.42614,763.62807,5,0,0,0.31716,0.71831,2.82843,329.25101,2.84110,330.72577,0.11475,0
894,188.65420,88.04080,724.88833,12,1,0,0.25474,1.00000,6.00000,698.44690,8.09865,942.74628,0.29363,0
895,188.79969,127.12799,764.13155,8,0,0,0.29825,0.84066,3.00000,349.22345,3.75683,437.32462,0.18688,0
896,188.62629,166.74265,725.39180,12,1,0,0.24792,1.00000,6.16441,717.58594,8.27191,962.91534,0.29850,0
897,188.77178,205.82984,764.63502,8,0,0,0.28285,0.78333,3.00000,349.22345,3.06695,357.01666,0.17754,0
898,188.74386,284.53169,765.13849,8,0,0,0.28557,0.80056,2.23607,260.29578,3.03939,353.80823,0.17600,0
899,188.71595,363.23354,765.64196,8,0,0,0.28515,0.80223,3.00000,349.22345,3.09459,360.23499,0.17574,0
900,188.68804,441.93540,766.14543,8,0,0,0.27937,0.77747,2.82843,329.25101,3.18913,371.23956,0.17818,0
901,188.66012,520.63725,766.64890,8,0,0,0.27600,0.79109,3.00000,349.22345,2.97500,346.31323,0.18029,0
902,188.63221,599.33910,767.15238,8,0,0,0.28284,0.82402,2.82843,329.25101,3.40203,396.02255,0.18880,0
903,225.09904,171.28638,62.46025,8,0,0,0.27353,0.77716,2.23607,260.29578,2.52472,293.89667,0.17216,0
904,225.07112,249.98824,62.96372,8,0,0,0.28147,0.77808,2.00000,232.81563,2.22816,259.37469,0.18029,0
905,225.04321,328.69009,63.46719,8,0,0,0.26984,0.76190,2.82843,329.25101,2.74254,319.25256,0.17619,0
906,225.01529,407.39194,63.97067,8,0,0,0.27984,0.77933,2.00000,232.81563,2.69922,314.21014,0.18195,0
907,224.98738,486.09379,64.47414,8,0,0,0.27750,0.78652,2.82843,329.25101,3.06017,356.22763,0.18125,0
908,224.95947,564.79564,64.97761,8,0,0,0.28991,0.81768,2.44949,285.13977,3.24118,377.29825,0.18406,0
909,225.10496,603.88283,104.22083,12,1,0,0.25208,1.00000,6.00000,698.44690,8.32801,969.44507,0.29990,0
910,224.93155,643.49749,65.48108,8,0,0,0.27892,0.82825,3.00000,349.22345,3.51213,408.83911,0.18886,0
911,225.07704,682.58468,104.72430,12,1,0,0.24519,1.00000,6.00000,698.44690,8.40450,978.34967,0.30144,0
912,224.90364,722.19935,65.98455,8,0,0,0.30094,0.87397,3.00000,349.22345,4.12500,480.18222,0.18515,0
913,225.04913,761.28653,105.22777,8,0,0,0.00000,0.00000,0.00000,0.00000,0.00000,0.00000,0.02387,0
914,225.30035,52.96987,100.69652,8,0,0,0.31662,1.00000,4.47214,520.59155,5.76171,670.70782,0.20909,0
915,225.12695,92.58453,61.95678,8,0,0,0.28984,0.86150,3.00000,349.22345,4.07751,474.65405,0.18650,0
916,225.27244,131.67172,101.20000,12,1,0,0.25243,1.00000,6.00000,698.44690,8.29219,965.27625,0.29920,0
917,225.24452,210.37357,101.70347,12,1,0,0.24691,1.00000,7.00000,814.85468,8.59619,1000.66394,0.30714,0
918,225.21661,289.07542,102.20694,12,1,0,0.25614,1.00000,6.16441,717.58594,8.01998,933.58838,0.27629,0
919,225.36210,328.16261,141.45016,12,1,0,0.24500,1.00000,7.00000,814.85468,8.09511,942.33350,0.28262,0
920,225.18870,367.77728,102.71041,12,1,0,0.26815,1.00000,5.09902,593.56573,7.31842,851.92126,0.27091,0
921,225.33419,406.86446,141.95363,12,1,0,0.24846,1.00000,6.16441,717.58594,8.28189,964.07727,0.28147,0
922,225.16078,446.47913,103.21388,12,1,0,0.24419,1.00000,6.08276,708.08112,8.23461,958.57312,0.29741,0
923,225.30627,485.56632,142.45710,12,1,0,0.24463,1.00000,6.00000,698.44690,8.29416,965.50488,0.29197,0
924,225.13287,525.18098,103.71735,12,1,0,0.25052,1.00000,7.00000,814.85468,8.30842,967.16528,0.29709,0
925,225.27836,564.26817,142.96057,12,1,0,0.24709,1.00000,7.00000,814.85468,8.39907,977.71759,0.30426,0
926,225.25045,642.97002,143.46404,12,1,0,0.24708,1.00000,7.00000,814.85468,8.43979,982.45715,0.30490,0
927,225.22253,721.67187,143.96752,12,1,0,0.25299,1.00000,6.00000,698.44690,7.94889,925.31335,0.29190,0
928,225.36802,760.75906,183.21073,8,0,0,0.00000,0.00000,0.00000,0.00000,0.00000,0.00000,0.02650,0
929,225.61925,52.44240,178.67949,8,0,0,0.31135,0.90678,4.00000,465.63126,4.44510,517.44421,0.20038,0
930,225.44584,92.05706,139.93974,12,1,0,0.24861,1.00000,6.00000,698.44690,8.04481,936.47888,0.28781,0
931,225.59133,131.14425,179.18296,12,1,0,0.24843,1.00000,6.00000,698.44690,7.99711,930.92566,0.29766,0
932,225.41793,170.75891,140.44321,12,1,0,0.24619,1.00000,6.00000,698.44690,8.25051,960.42432,0.30061,0
933,225.56342,209.84610,179.68643,12,1,0,0.24640,1.00000,6.08276,708.08112,8.23368,958.46454,0.31098,0
934,225.39001,249.46076,140.94669,12,1,0,0.24812,1.00000,6.16441,717.58594,8.29951,966.12762,0.29664,0
935,225.53550,288.54795,180.18990,12,1,0,0.24536,1.00000,7.00000,814.85468,8.35132,972.15936,0.30630,0
936,225.50759,367.24980,180.69338,12,1,0,0.24384,1.00000,6.40312,745.37372,8.21710,956.53522,0.28877,0
937,225.47968,445.95165,181.19685,12,1,0,0.24709,1.00000,6.00000,698.44690,8.51017,990.65027,0.30656,0
938,225.45176,524.65350,181.70032,12,1,0,0.24689,1.00000,6.00000,698.44690,8.48288,987.47357,0.30957,0
939,225.59725,563.74069,220.94354,12,1,0,0.24658,1.00000,7.00000,814.85468,8.33115,969.81128,0.29670,0
940,225.42385,603.35536,182.20379,12,1,0,0.24467,1.00000,7.00000,814.85468,8.42537,980.77924,0.30694,0
941,225.56934,642.44254,221.44701,12,1,0,0.24174,1.00000,7.00000,814.85468,8.24934,960.28729,0.29843,0
942,225.39594,682.05721,182.70726,12,1,0,0.24739,1.00000,6.08276,708.08112,8.04505,936.50720,0.29107,0
943,225.54143,721.14440,221.95048,12,1,0,0.25603,1.00000,6.00000,698.44690,7.83725,912.31732,0.28890,0
944,225.76474,91.52958,217.92271,12,1,0,0.26505,1.00000,5.09902,593.56573,7.38612,859.80188,0.28019,0
945,225.73682,170.23144,218.42618,12,1,0,0.24569,1.00000,6.00000,698.44690,8.10635,943.64227,0.28301,0
946,225.70891,248.93329,218.92965,12,1,0,0.25086,1.00000,7.00000,814.85468,8.28054,963.91937,0.29254,0
947,225.85440,288.02048,258.17287,12,1,0,0.25313,1.00000,7.00000,814.85468,8.23655,958.79883,0.30426,0
948,225.68099,327.63514,219.43312,12,1,0,0.28016,0.97465,4.69042,546.00104,5.87375,683.75092,0.23910,0
949,225.82648,366.72233,258.67634,12,1,0,0.25069,1.00000,6.00000,698.44690,8.15441,949.23743,0.29018,0
950,225.65308,406.33699,219.93659,12,1,0,0.25087,1.00000,6.00000,698.44690,7.99172,930.29834,0.27571,0
951,225.79857,445.42418,259.17981,12,1,0,0.24689,1.00000,6.08276,708.08112,8.26805,962.46509,0.29920,0
952,225.62517,485.03884,220.44006,12,1,0,0.25226,1.00000,6.00000,698.44690,8.27727,963.53882,0.30259,0
953,225.77066,524.12603,259.68328,12,1,0,0.25017,1.00000,6.00000,698.44690,8.43862,982.32092,0.30874,0
954,225.74274,602.82788,260.18675,12,1,0,0.25121,1.00000,6.08276,708.08112,8.29627,965.75037,0.30419,0
955,225.71483,681.52973,260.69023,12,1,0,0.25335,1.00000,6.00000,698.44690,8.01617,933.14447,0.30061,0
956,225.86032,720.61692,299.93344,12,1,0,0.25174,1.00000,6.00000,698.44690,8.03096,934.86694,0.29382,0
957,225.68692,760.23158,261.19370,8,0,0,0.00000,0.00000,0.00000,0.00000,0.00000,0.00000,0.02893,0
958,225.93814,51.91492,256.66245,8,0,0,0.32682,0.87845,3.16228,368.11383,4.18909,487.64288,0.17472,0
959,226.08363,91.00211,295.90567,12,1,0,0.26297,1.00000,6.00000,698.44690,7.69177,895.38196,0.29382,0
960,225.91023,130.61677,257.16592,12,1,0,0.25244,1.00000,6.00000,698.44690,7.89690,919.26056,0.28339,0
961,226.05571,169.70396,296.40914,12,1,0,0.24687,1.00000,6.32456,736.22766,7.91241,921.06586,0.29165,0
962,225.88231,209.31862,257.66940,12,1,0,0.24705,1.00000,6.08276,708.08112,8.01638,933.16956,0.29651,0
963,226.02780,248.40581,296.91261,12,1,0,0.25000,1.00000,7.00000,814.85468,8.14360,947.97870,0.29434,0
964,225.99989,327.10766,297.41609,12,1,0,0.25121,1.00000,6.00000,698.44690,8.14697,948.37103,0.29581,0
965,225.97197,405.80952,297.91956,12,1,0,0.25227,1.00000,6.08276,708.08112,8.21662,956.47925,0.29920,0
966,226.11746,444.89670,337.16278,12,1,0,0.26638,1.00000,6.00000,698.44690,7.50994,874.21588,0.27213,0
967,225.94406,484.51137,298.42303,12,1,0,0.25069,1.00000,6.08276,708.08112,8.30003,966.18866,0.30330,0
968,226.08955,523.59856,337.66625,12,1,0,0.24689,1.00000,6.40312,745.37372,8.26493,962.10217,0.30272,0
969,225.91615,563.21322,298.92650,12,1,0,0.25349,1.00000,6.00000,698.44690,8.33855,970.67188,0.30957,0
970,226.06164,602.30041,338.16972,12,1,0,0.25544,1.00000,6.08276,708.08112,8.05264,937.38989,0.29344,0
971,225.88823,641.91507,299.42997,12,1,0,0.24948,1.00000,7.00000,814.85468,8.39653,977.42163,0.30778,0
972,226.03372,681.00226,338.67319,12,1,0,0.25000,1.00000,6.00000,698.44690,8.02368,934.01947,0.28442,0
973,226.00581,759.70411,339.17666,8,0,0,0.00000,0.00000,0.00000,0.00000,0.00000,0.00000,0.02797,0
974,226.25703,51.38745,334.64542,8,0,0,0.28990,0.80168,3.16228,368.11383,3.42281,398.44177,0.19917,0
975,226.22912,130.08930,335.14889,12,1,0,0.26127,1.00000,6.00000,698.44690,7.55256,879.17670,0.28941,0
976,226.37461,169.17649,374.39211,12,1,0,0.24598,1.00000,6.00000,698.44690,7.89567,919.11810,0.28691,0
977,226.20120,208.79115,335.65236,12,1,0,0.24861,1.00000,6.92820,806.49695,7.88479,917.85059,0.28781,0
978,226.34669,247.87834,374.89558,12,1,0,0.24742,1.00000,7.00000,814.85468,8.23709,958.86133,0.29459,0
979,226.17329,287.49300,336.15583,12,1,0,0.25053,1.00000,6.40312,745.37372,7.65383,890.96539,0.28685,0
980,226.31878,326.58019,375.39905,12,1,0,0.24618,1.00000,6.08276,708.08112,7.94946,925.37933,0.28896,0
981,226.14538,366.19485,336.65930,12,1,0,0.25245,1.00000,6.00000,698.44690,7.89869,919.46869,0.29683,0
982,226.29087,405.28204,375.90252,12,1,0,0.25052,1.00000,6.00000,698.44690,7.97517,928.37170,0.28448,0
983,226.26295,483.98389,376.40599,12,1,0,0.24572,1.00000,6.08276,708.08112,8.12555,945.87708,0.30099,0
984,226.23504,562.68574,376.90946,12,1,0,0.24656,1.00000,6.08276,708.08112,8.18744,953.08197,0.29664,0
985,226.20713,641.38760,377.41294,12,1,0,0.24377,1.00000,6.00000,698.44690,8.22341,957.26923,0.30758,0
986,226.35262,680.47478,416.65615,12,1,0,0.24773,1.00000,6.00000,698.44690,7.91461,921.32263,0.28710,0
987,226.17921,720.08945,377.91641,12,1,0,0.25331,1.00000,6.08276,708.08112,8.15552,949.36584,0.29376,0
988,226.32470,759.17664,417.15963,8,0,0,0.00000,0.00000,0.00000,0.00000,0.00000,0.00000,0.02694,0
989,226.57593,50.85997,412.62838,8,0,0,0.32053,0.88796,3.60555,419.71432,4.15553,483.73666,0.20506,0
990,226.40252,90.47463,373.88863,12,1,0,0.25333,1.00000,6.00000,698.44690,7.83119,911.61115,0.29261,0
991,226.54801,129.56182,413.13185,12,1,0,0.25246,1.00000,6.00000,698.44690,7.78108,905.77814,0.28915,0
992,226.52010,208.26367,413.63532,12,1,0,0.25630,1.00000,6.00000,698.44690,7.59585,884.21625,0.27821,0
993,226.49218,286.96553,414.13880,12,1,0,0.25493,1.00000,6.00000,698.44690,7.77439,905.00000,0.28877,0
994,226.46427,365.66738,414.64227,12,1,0,0.24878,1.00000,6.40312,745.37372,7.86417,915.45135,0.28166,0
995,226.60976,404.75457,453.88549,12,1,0,0.24725,1.00000,7.00000,814.85468,8.10206,943.14313,0.28826,0
996,226.43636,444.36923,415.14574,12,1,0,0.24792,1.00000,6.08276,708.08112,8.06713,939.07666,0.28083,0
997,226.58185,483.45642,454.38896,12,1,0,0.23920,1.00000,6.08276,708.08112,8.37067,974.41132,0.30419,0
998,226.40844,523.07108,415.64921,12,1,0,0.24604,1.00000,6.08276,708.08112,8.21877,956.72937,0.29414,0
999,226.55393,562.15827,454.89243,12,1,0,0.24385,1.00000,6.00000,698.44690,8.28575,964.52576,0.30970,0
1000,226.38053,601.77293,416.15268,12,1,0,0.24861,1.00000,6.16441,717.58594,7.95540,926.07025,0.29171,0
1001,226.52602,640.86012,455.39590,12,1,0,0.24484,1.00000,6.08276,708.08112,8.22884,957.90106,0.30554,0
1002,226.49811,719.56197,455.89937,12,1,0,0.25156,1.00000,6.00000,698.44690,8.01952,933.53534,0.28710,0
1003,226.72142,89.94716,451.87160,12,1,0,0.25648,1.00000,6.08276,708.08112,8.00047,931.31744,0.29357,0
1004,226.86690,129.03435,491.11482,12,1,0,0.26180,1.00000,6.08276,708.08112,7.61866,886.87115,0.27981,0
1005,226.69350,168.64901,452.37507,12,1,0,0.25228,1.00000,6.00000,698.44690,8.12328,945.61353,0.29619,0
1006,226.83899,207.73620,491.61829,12,1,0,0.24639,1.00000,6.16441,717.58594,8.00930,932.34546,0.29344,0
1007,226.66559,247.35086,452.87854,12,1,0,0.24567,1.00000,7.00000,814.85468,8.17206,951.29132,0.28909,0
1008,226.81108,286.43805,492.12176,12,1,0,0.24913,1.00000,6.63325,772.16211,8.06975,939.38239,0.29043,0
1009,226.63767,326.05271,453.38201,12,1,0,0.24983,1.00000,6.08276,708.08112,8.07724,940.25397,0.28922,0
1010,226.78316,365.13990,492.62523,12,1,0,0.24589,1.00000,6.63325,772.16211,8.30635,966.92371,0.29907,0
1011,226.75525,443.84175,493.12870,12,1,0,0.25207,1.00000,6.00000,698.44690,8.18595,952.90869,0.29325,0
1012,226.72734,522.54361,493.63217,12,1,0,0.24517,1.00000,6.08276,708.08112,8.30838,967.16034,0.29056,0
1013,226.87283,561.63079,532.87539,12,1,0,0.24639,1.00000,6.08276,708.08112,8.35045,972.05737,0.29907,0
1014,226.69942,601.24546,494.13565,12,1,0,0.25242,1.00000,6.00000,698.44690,8.16853,950.88031,0.29997,0
1015,226.84491,640.33265,533.37886,12,1,0,0.24502,1.00000,7.00000,814.85468,8.38339,975.89203,0.31155,0
1016,226.67151,679.94731,494.63912,12,1,0,0.24827,1.00000,6.08276,708.08112,7.97528,928.38495,0.28915,0
1017,226.81700,719.03450,533.88234,12,1,0,0.25775,1.00000,6.00000,698.44690,8.07662,940.18201,0.29702,0
1018,226.64360,758.64916,495.14259,8,0,0,0.00000,0.00000,0.00000,0.00000,0.00000,0.00000,0.02618,0
1019,226.89482,50.33250,490.61135,8,0,0,0.31044,0.89665,4.00000,465.63126,4.37678,509.49188,0.19757,0
1020,227.04031,89.41968,529.85456,12,1,0,0.25017,1.00000,6.00000,698.44690,8.10300,943.25201,0.28602,0
1021,227.01239,168.12154,530.35803,12,1,0,0.25173,1.00000,6.08276,708.08112,8.08908,941.63177,0.28915,0
1022,226.98448,246.82339,530.86151,12,1,0,0.25630,1.00000,7.00000,814.85468,8.29249,965.31006,0.30195,0
1023,226.95657,325.52524,531.36498,12,1,0,0.25069,1.00000,6.00000,698.44690,8.27901,963.74164,0.29568,0
1024,227.10206,364.61243,570.60820,12,1,0,0.26572,0.99440,4.58258,533.44763,7.15911,833.37665,0.26477,0
1025,226.92865,404.22709,531.86845,12,1,0,0.25207,1.00000,6.08276,708.08112,8.27621,963.41541,0.29690,0
1026,227.07414,443.31428,571.11167,12,1,0,0.25173,1.00000,6.00000,698.44690,8.28467,964.40021,0.29184,0
1027,226.90074,482.92894,532.37192,12,1,0,0.24983,1.00000,6.00000,698.44690,8.40240,978.10480,0.30266,0
1028,227.04623,522.01613,571.61514,12,1,0,0.24707,1.00000,7.00000,814.85468,8.56498,997.03088,0.31360,0
1029,227.01832,600.71798,572.11861,12,1,0,0.25190,1.00000,6.00000,698.44690,8.33516,970.27759,0.30253,0
1030,226.99040,679.41983,572.62208,12,1,0,0.24931,1.00000,7.00000,814.85468,8.10256,943.20184,0.29459,0
1031,226.96249,758.12169,573.12555,8,0,0,0.00000,0.00000,0.00000,0.00000,0.00000,0.00000,0.02771,0
1032,227.21371,49.80502,568.59431,8,0,0,0.31490,0.94382,4.00000,465.63126,4.87493,567.47980,0.20941,0
1033,227.35920,88.89221,607.83753,12,1,0,0.25157,1.00000,6.16441,717.58594,7.97779,928.67676,0.28653,0
1034,227.18580,128.50687,569.09778,12,1,0,0.25017,1.00000,6.00000,698.44690,7.95510,926.03601,0.28429,0
1035,227.33129,167.59406,608.34100,12,1,0,0.24809,1.00000,6.00000,698.44690,8.16670,950.66815,0.28224,0
1036,227.15788,207.20872,569.60125,12,1,0,0.24965,1.00000,6.00000,698.44690,8.26791,962.44891,0.30413,0
1037,227.30337,246.29591,608.84447,12,1,0,0.25496,1.00000,6.00000,698.44690,7.77890,905.52478,0.27917,0
1038,227.12997,285.91058,570.10472,12,1,0,0.25646,1.00000,7.00000,814.85468,8.24965,960.32336,0.30746,0
1039,227.27546,324.99776,609.34794,12,1,0,0.24931,1.00000,6.00000,698.44690,8.25281,960.69116,0.28474,0
1040,227.24755,403.69962,609.85141,12,1,0,0.25069,1.00000,6.08276,708.08112,8.26219,961.78357,0.29517,0
1041,227.21963,482.40147,610.35489,12,1,0,0.24317,1.00000,6.16441,717.58594,8.36817,974.12048,0.29965,0
1042,227.36512,521.48866,649.59810,12,1,0,0.24138,1.00000,6.00000,698.44690,8.56174,996.65356,0.30355,0
1043,227.19172,561.10332,610.85836,12,1,0,0.25399,1.00000,6.16441,717.58594,8.32657,969.27808,0.29824,0
1044,227.33721,600.19051,650.10157,12,1,0,0.25017,1.00000,6.08276,708.08112,8.47419,986.46246,0.30208,0
1045,227.16381,639.80517,611.36183,12,1,0,0.24844,1.00000,7.00000,814.85468,8.34173,971.04291,0.30707,0
1046,227.30930,678.89236,650.60505,12,1,0,0.24809,1.00000,6.00000,698.44690,8.25995,961.52258,0.29626,0
1047,227.13589,718.50702,611.86530,12,1,0,0.25052,1.00000,6.00000,698.44690,8.02962,934.71063,0.30298,0
1048,227.28138,757.59421,651.10852,8,0,0,0.00000,0.00000,0.00000,0.00000,0.00000,0.00000,0.02906,0
1049,227.53261,49.27755,646.57727,8,0,0,0.31291,0.93785,4.24264,493.87650,4.83226,562.51239,0.19526,0
1050,227.50469,127.97940,647.08074,12,1,0,0.24808,1.00000,6.00000,698.44690,8.01930,933.50903,0.29088,0
1051,227.47678,206.68125,647.58422,12,1,0,0.25673,1.00000,5.83095,678.76831,7.63720,889.02985,0.27955,0
1052,227.62227,245.76844,686.82743,12,1,0,0.24776,1.00000,6.00000,698.44690,8.21931,956.79187,0.28659,0
1053,227.44886,285.38310,648.08769,12,1,0,0.24469,1.00000,7.00000,814.85468,8.42078,980.24463,0.30131,0
1054,227.59435,324.47029,687.33091,12,1,0,0.24242,1.00000,6.08276,708.08112,8.27830,963.65851,0.30106,0
1055,227.42095,364.08495,648.59116,12,1,0,0.24759,1.00000,6.00000,698.44690,8.45040,983.69232,0.29670,0
1056,227.56644,403.17214,687.83438,12,1,0,0.24536,1.00000,6.00000,698.44690,8.26556,962.17554,0.28538,0
1057,227.39304,442.78680,649.09463,12,1,0,0.24812,1.00000,6.00000,698.44690,8.42184,980.36774,0.30816,0
1058,227.53853,481.87399,688.33785,12,1,0,0.24536,1.00000,6.00000,698.44690,8.21994,956.86548,0.28646,0
1059,227.51061,560.57584,688.84132,12,1,0,0.24263,1.00000,6.08276,708.08112,8.51404,991.10059,0.30259,0
1060,227.48270,639.27770,689.34479,12,1,0,0.24347,1.00000,6.00000,698.44690,8.47847,986.96014,0.31066,0
1061,227.45479,717.97955,689.84826,12,1,0,0.25333,1.00000,6.00000,698.44690,7.79620,907.53802,0.28525,0
1062,227.60028,757.06674,729.09148,8,0,0,0.00000,0.00000,0.00000,0.00000,0.00000,0.00000,0.02874,0
1063,227.85150,48.75007,724.56024,8,0,0,0.30040,0.83708,3.16228,368.11383,3.93305,457.83743,0.21101,0
1064,227.67809,88.36473,685.82049,12,1,0,0.25264,1.00000,6.00000,698.44690,8.01129,932.57648,0.28768,0
1065,227.82358,127.45192,725.06371,12,1,0,0.25228,1.00000,6.00000,698.44690,7.98667,929.71118,0.29139,0
1066,227.65018,167.06659,686.32396,12,1,0,0.24896,1.00000,6.08276,708.08112,8.26830,962.49451,0.29632,0
1067,227.79567,206.15377,725.56718,12,1,0,0.24792,1.00000,6.00000,698.44690,8.08722,941.41541,0.29459,0
1068,227.76776,284.85563,726.07065,12,1,0,0.25138,1.00000,7.00000,814.85468,8.18700,953.03058,0.28717,0
1069,227.73984,363.55748,726.57412,12,1,0,0.24350,1.00000,7.00000,814.85468,8.46341,985.20721,0.29165,0
1070,227.71193,442.25933,727.07760,12,1,0,0.24793,1.00000,6.08276,708.08112,8.27173,962.89404,0.29344,0
1071,227.85742,481.34652,766.32081,8,0,0,0.28363,0.81513,3.00000,349.22345,3.40481,396.34622,0.18912,0
1072,227.68402,520.96118,727.58107,12,1,0,0.24708,1.00000,6.08276,708.08112,8.31220,967.60486,0.28691,0
1073,227.82951,560.04837,766.82428,8,0,0,0.30739,0.86104,3.60555,419.71432,3.87461,451.03494,0.17690,0
1074,227.65610,599.66303,728.08454,12,1,0,0.24486,1.00000,7.00000,814.85468,8.30068,966.26392,0.29158,0
1075,227.80159,638.75022,767.32776,8,0,0,0.28694,0.83380,3.00000,349.22345,3.57707,416.39890,0.18650,0
1076,227.62819,678.36488,728.58801,12,1,0,0.24532,1.00000,6.08276,708.08112,8.36629,973.90112,0.29293,0
1077,227.77368,717.45207,767.83123,8,0,0,0.29707,0.88451,3.60555,419.71432,4.19471,488.29700,0.18765,0
1078,227.99699,87.83726,763.80346,8,0,0,0.31171,0.87263,4.00000,465.63126,4.28693,499.03271,0.18707,0
1079,227.96907,166.53911,764.30693,8,0,0,0.28363,0.81285,3.00000,349.22345,3.32418,386.96057,0.18003,0
1080,227.94116,245.24096,764.81040,8,0,0,0.28004,0.75137,3.00000,349.22345,2.73692,318.59921,0.17914,0
1081,227.91325,323.94281,765.31387,8,0,0,0.28415,0.78947,2.82843,329.25101,2.90073,337.66739,0.17952,0
1082,227.88533,402.64467,765.81734,8,0,0,0.29191,0.81994,3.00000,349.22345,3.28108,381.94348,0.16960,0
1083,264.10094,682.90862,65.65646,8,0,0,0.28314,0.83056,3.00000,349.22345,3.67661,427.98645,0.18445,0
1084,264.07302,761.61047,66.15993,5,0,0,0.00000,0.00000,0.00000,0.00000,0.00000,0.00000,0.01069,0
1085,264.32425,53.29380,61.62869,5,0,0,0.27078,0.56267,2.00000,232.81563,0.00000,0.00000,0.10886,0
1086,264.29633,131.99566,62.13216,8,0,0,0.29395,0.87052,3.74166,435.55817,4.24167,493.76315,0.17939,0
1087,264.26842,210.69751,62.63563,8,0,0,0.28846,0.83333,3.00000,349.22345,3.58010,416.75128,0.18502,0
1088,264.24051,289.39936,63.13910,8,0,0,0.28257,0.82173,3.16228,368.11383,3.45389,402.05957,0.18195,0
1089,264.21259,368.10121,63.64257,8,0,0,0.28265,0.80332,3.00000,349.22345,3.40506,396.37515,0.18323,0
1090,264.35808,407.18840,102.88579,12,1,0,0.24812,1.00000,6.08276,708.08112,8.32664,969.28552,0.29811,0
1091,264.18468,446.80306,64.14605,8,0,0,0.28131,0.77322,2.82843,329.25101,2.50000,291.01953,0.18272,0
1092,264.33017,485.89025,103.38926,12,1,0,0.24588,1.00000,6.08276,708.08112,8.44407,982.95630,0.30061,0
1093,264.15676,525.50491,64.64952,8,0,0,0.27945,0.80618,2.82843,329.25101,3.20979,373.64465,0.18650,0
1094,264.30225,564.59210,103.89273,12,1,0,0.24302,1.00000,7.00000,814.85468,8.56922,997.52411,0.30362,0
1095,264.12885,604.20677,65.15299,8,0,0,0.28818,0.81967,3.00000,349.22345,3.34809,389.74329,0.18867,0
1096,264.27434,643.29395,104.39621,12,1,0,0.24605,1.00000,6.00000,698.44690,8.73470,1016.78711,0.32339,0
1097,264.24643,721.99581,104.89968,12,1,0,0.25418,1.00000,6.08276,708.08112,8.29137,965.17987,0.31142,0
1098,264.46974,92.38099,100.87191,12,1,0,0.24537,1.00000,6.00000,698.44690,8.37930,975.41656,0.30285,0
1099,264.61523,131.46818,140.11512,12,1,0,0.24454,1.00000,7.00000,814.85468,8.15438,949.23376,0.29101,0
1100,264.44182,171.08284,101.37538,12,1,0,0.24570,1.00000,6.00000,698.44690,8.56333,996.83826,0.31142,0
1101,264.58731,210.17003,140.61859,12,1,0,0.24345,1.00000,6.00000,698.44690,8.25072,960.44781,0.29446,0
1102,264.41391,249.78470,101.87885,12,1,0,0.24370,1.00000,7.00000,814.85468,8.43164,981.50842,0.29978,0
1103,264.55940,288.87188,141.12207,12,1,0,0.24861,1.00000,6.00000,698.44690,8.25428,960.86292,0.29267,0
1104,264.38600,328.48655,102.38232,12,1,0,0.23907,1.00000,7.00000,814.85468,8.25817,961.31567,0.30080,0
1105,264.53149,367.57374,141.62554,12,1,0,0.24167,1.00000,6.08276,708.08112,8.16934,950.97559,0.28582,0
1106,264.50357,446.27559,142.12901,12,1,0,0.24286,1.00000,6.00000,698.44690,8.53266,993.26813,0.30362,0
1107,264.47566,524.97744,142.63248,12,1,0,0.25261,1.00000,6.00000,698.44690,8.31259,967.65027,0.29722,0
1108,264.62115,564.06463,181.87570,12,1,0,0.24658,1.00000,7.00000,814.85468,8.43721,982.15741,0.30342,0
1109,264.44774,603.67929,143.13595,12,1,0,0.24724,1.00000,6.00000,698.44690,8.22844,957.85474,0.28851,0
1110,264.59323,642.76648,182.37917,12,1,0,0.24705,1.00000,7.00000,814.85468,8.41188,979.20892,0.31910,0
1111,264.41983,682.38114,143.63942,12,1,0,0.24530,1.00000,6.00000,698.44690,8.13589,947.08081,0.29254,0
1112,264.56532,721.46833,182.88264,12,1,0,0.24983,1.00000,6.00000,698.44690,8.16451,950.41296,0.30470,0
1113,264.39192,761.08299,144.14290,8,0,0,0.00000,0.00000,0.00000,0.00000,0.00000,0.00000,0.02586,0
1114,264.64314,52.76633,139.61165,8,0,0,0.31336,0.95238,4.00000,465.63126,5.07376,590.62500,0.20416,0
1115,264.78863,91.85352,178.85487,12,1,0,0.25594,1.00000,6.00000,698.44690,8.04536,936.54285,0.29190,0
1116,264.76072,170.55537,179.35834,12,1,0,0.24704,1.00000,6.00000,698.44690,8.16694,950.69550,0.28691,0
1117,264.73280,249.25722,179.86181,12,1,0,0.25243,1.00000,7.00000,814.85468,8.17820,952.00647,0.28973,0
1118,264.70489,327.95907,180.36528,12,1,0,0.24758,1.00000,6.00000,698.44690,8.23728,958.88361,0.29510,0
1119,264.85038,367.04626,219.60850,12,1,0,0.24914,1.00000,6.00000,698.44690,8.13628,947.12671,0.28678,0
1120,264.67698,406.66092,180.86876,12,1,0,0.24350,1.00000,7.00000,814.85468,8.44940,983.57587,0.30349,0
1121,264.82247,445.74811,220.11197,12,1,0,0.25069,1.00000,6.08276,708.08112,8.32993,969.66876,0.29984,0
1122,264.64906,485.36278,181.37223,12,1,0,0.24498,1.00000,7.00000,814.85468,8.36192,973.39288,0.29850,0
1123,264.79455,524.44996,220.61545,12,1,0,0.25504,1.00000,6.00000,698.44690,7.68896,895.05554,0.27386,0
1124,264.76664,603.15182,221.11892,12,1,0,0.25259,1.00000,6.08276,708.08112,8.40324,978.20325,0.30099,0
1125,264.73872,681.85367,221.62239,12,1,0,0.24983,1.00000,6.08276,708.08112,8.02972,934.72229,0.28077,0
1126,264.71081,760.55552,222.12586,8,0,0,0.00000,0.00000,0.00000,0.00000,0.00000,0.00000,0.02669,0
1127,264.96203,52.23885,217.59462,8,0,0,0.31729,0.89474,4.00000,465.63126,4.37174,508.90479,0.19104,0
1128,265.10752,91.32604,256.83783,12,1,0,0.28033,0.94475,3.60555,419.71432,5.41371,630.19800,0.23827,0
1129,264.93412,130.94071,218.09809,12,1,0,0.25668,1.00000,6.08276,708.08112,7.92433,922.45428,0.28051,0
1130,265.07961,170.02789,257.34130,12,1,0,0.25087,1.00000,6.00000,698.44690,8.09422,942.23035,0.29178,0
1131,264.90621,209.64256,218.60156,12,1,0,0.24639,1.00000,6.00000,698.44690,8.26825,962.48865,0.29690,0
1132,265.05170,248.72975,257.84478,12,1,0,0.25295,1.00000,6.00000,698.44690,8.26242,961.81012,0.29741,0
1133,264.87829,288.34441,219.10503,12,1,0,0.25570,1.00000,5.65685,658.50201,7.64285,889.68726,0.26835,0
1134,265.02378,327.43160,258.34825,12,1,0,0.26393,1.00000,5.38516,626.87524,7.45551,867.87982,0.25952,0
1135,264.99587,406.13345,258.85172,12,1,0,0.25419,1.00000,6.08276,708.08112,8.22125,957.01825,0.29178,0
1136,264.96795,484.83530,259.35519,12,1,0,0.25052,1.00000,6.08276,708.08112,8.31302,967.70099,0.29114,0
1137,265.11344,523.92249,298.59841,12,1,0,0.26255,1.00000,5.00000,582.03906,7.58999,883.53363,0.27923,0
1138,264.94004,563.53715,259.85866,12,1,0,0.24897,1.00000,6.08276,708.08112,8.40091,977.93152,0.30790,0
1139,265.08553,602.62434,299.10188,12,1,0,0.24879,1.00000,7.00000,814.85468,8.24448,959.72137,0.29824,0
1140,264.91213,642.23900,260.36213,12,1,0,0.24793,1.00000,6.08276,708.08112,8.32347,968.91742,0.30003,0
1141,265.05762,681.32619,299.60535,12,1,0,0.25123,1.00000,6.00000,698.44690,8.07386,939.86017,0.28230,0
1142,264.88421,720.94086,260.86561,12,1,0,0.25921,1.00000,6.00000,698.44690,8.04207,936.16016,0.29235,0
1143,265.02970,760.02804,300.10882,8,0,0,0.00000,0.00000,0.00000,0.00000,0.00000,0.00000,0.03053,0
1144,265.28093,51.71138,295.57758,8,0,0,0.31011,0.88268,3.31662,386.08105,4.24698,494.38184,0.20992,0
1145,265.25301,130.41323,296.08105,12,1,0,0.24879,1.00000,6.00000,698.44690,8.04483,936.48120,0.29536,0
1146,265.22510,209.11508,296.58452,12,1,0,0.24759,1.00000,6.00000,698.44690,8.14688,948.36017,0.29120,0
1147,265.37059,248.20227,335.82774,12,1,0,0.24965,1.00000,6.08276,708.08112,7.96959,927.72241,0.28966,0
1148,265.19719,287.81693,297.08799,12,1,0,0.25557,1.00000,7.00000,814.85468,8.18866,953.22375,0.29958,0
1149,265.34268,326.90412,336.33121,12,1,0,0.24740,1.00000,6.08276,708.08112,8.09652,942.49872,0.29158,0
1150,265.16927,366.51879,297.59147,12,1,0,0.24825,1.00000,6.00000,698.44690,8.25300,960.71393,0.30214,0
1151,265.31476,405.60597,336.83468,12,1,0,0.24657,1.00000,6.16441,717.58594,8.11565,944.72534,0.28954,0
1152,265.14136,445.22064,298.09494,12,1,0,0.25086,1.00000,7.00000,814.85468,8.45069,983.72583,0.30522,0
1153,265.28685,484.30783,337.33816,12,1,0,0.24983,1.00000,6.16441,717.58594,8.23289,958.37305,0.28435,0
1154,265.25893,563.00968,337.84163,12,1,0,0.25296,1.00000,6.00000,698.44690,8.11549,944.70587,0.28512,0
1155,265.23102,641.71153,338.34510,12,1,0,0.24914,1.00000,7.00000,814.85468,8.34986,971.98865,0.30528,0
1156,265.20311,720.41338,338.84857,12,1,0,0.24774,1.00000,6.00000,698.44690,8.03451,935.27948,0.28499,0
1157,265.34860,759.50057,378.09179,8,0,0,0.00000,0.00000,0.00000,0.00000,0.00000,0.00000,0.02560,0
1158,265.59982,51.18391,373.56054,8,0,0,0.29435,0.84136,2.82843,329.25101,4.03737,469.98187,0.20000,0
1159,265.42642,90.79857,334.82080,12,1,0,0.25123,1.00000,6.00000,698.44690,7.90489,920.19122,0.29395,0
1160,265.57191,129.88576,374.06402,12,1,0,0.25017,1.00000,7.00000,814.85468,7.96201,926.83960,0.30573,0
1161,265.39850,169.50042,335.32427,12,1,0,0.24561,1.00000,7.00000,814.85468,7.88741,918.15619,0.27962,0
1162,265.54399,208.58761,374.56749,12,1,0,0.24493,1.00000,6.00000,698.44690,7.90089,919.72546,0.29773,0
1163,265.51608,287.28946,375.07096,12,1,0,0.24570,1.00000,7.00000,814.85468,8.12024,945.25964,0.30829,0
1164,265.48817,365.99131,375.57443,12,1,0,0.25313,1.00000,6.00000,698.44690,8.01421,932.91687,0.30976,0
1165,265.46025,444.69316,376.07790,12,1,0,0.24535,1.00000,6.08276,708.08112,8.17034,951.09094,0.28947,0
1166,265.60574,483.78035,415.32112,12,1,0,0.24570,1.00000,6.08276,708.08112,8.08161,940.76276,0.28941,0
1167,265.43234,523.39501,376.58137,12,1,0,0.24169,1.00000,6.08276,708.08112,8.32255,968.80981,0.30650,0
1168,265.57783,562.48220,415.82459,12,1,0,0.24419,1.00000,7.00000,814.85468,8.27236,962.96686,0.29958,0
1169,265.40442,602.09687,377.08484,12,1,0,0.24792,1.00000,7.00000,814.85468,8.19164,953.57135,0.29491,0
1170,265.54991,641.18405,416.32806,12,1,0,0.24449,1.00000,6.00000,698.44690,8.17067,951.12976,0.30189,0
1171,265.37651,680.79872,377.58832,12,1,0,0.24446,1.00000,6.00000,698.44690,8.19681,954.17316,0.29306,0
1172,265.52200,719.88591,416.83153,12,1,0,0.24931,1.00000,6.08276,708.08112,8.04815,936.86810,0.29242,0
1173,265.74531,90.27109,412.80376,12,1,0,0.25910,1.00000,6.00000,698.44690,7.81979,910.28491,0.28422,0
1174,265.71740,168.97295,413.30723,12,1,0,0.25457,1.00000,6.08276,708.08112,7.83353,911.88446,0.27603,0
1175,265.86289,208.06013,452.55045,12,1,0,0.24708,1.00000,6.40312,745.37372,8.16748,950.75897,0.29734,0
1176,265.68948,247.67480,413.81070,12,1,0,0.24931,1.00000,7.00000,814.85468,8.05651,937.84106,0.28806,0
1177,265.83497,286.76199,453.05392,12,1,0,0.25399,1.00000,7.00000,814.85468,8.18615,952.93158,0.30362,0
1178,265.66157,326.37665,414.31418,12,1,0,0.24793,1.00000,6.08276,708.08112,8.14040,947.60559,0.28198,0
1179,265.80706,365.46384,453.55739,12,1,0,0.24723,1.00000,6.00000,698.44690,8.20043,954.59369,0.29747,0
1180,265.63366,405.07850,414.81765,12,1,0,0.24813,1.00000,6.08276,708.08112,8.05387,937.53351,0.28346,0
1181,265.77914,444.16569,454.06087,12,1,0,0.25086,1.00000,7.00000,814.85468,8.49756,989.18268,0.31213,0
1182,265.75123,522.86754,454.56434,12,1,0,0.24589,1.00000,6.00000,698.44690,8.48110,987.26624,0.30272,0
1183,265.72332,601.56939,455.06781,12,1,0,0.24302,1.00000,7.00000,814.85468,8.42962,981.27319,0.31226,0
1184,265.86881,640.65658,494.31103,12,1,0,0.24826,1.00000,6.00000,698.44690,8.21272,956.02435,0.29702,0
1185,265.69540,680.27124,455.57128,12,1,0,0.24638,1.00000,6.00000,698.44690,8.20750,955.41718,0.29914,0
1186,265.84089,719.35843,494.81450,12,1,0,0.25192,1.00000,6.00000,698.44690,7.95936,926.53125,0.28570,0
1187,265.66749,758.97309,456.07475,8,0,0,0.00000,0.00000,0.00000,0.00000,0.00000,0.00000,0.02944,0
1188,265.91871,50.65643,451.54351,8,0,0,0.32000,0.95822,4.12311,479.96170,5.04847,587.68182,0.19846,0
1189,266.06420,89.74362,490.78673,12,1,0,0.25923,1.00000,6.00000,698.44690,7.87029,916.16364,0.28781,0
1190,265.89080,129.35828,452.04698,12,1,0,0.24914,1.00000,6.00000,698.44690,8.00400,931.72845,0.29536,0
1191,266.03629,168.44547,491.29020,12,1,0,0.24757,1.00000,7.00000,814.85468,7.98336,929.32562,0.28582,0
1192,266.00838,247.14732,491.79367,12,1,0,0.25539,1.00000,6.08276,708.08112,8.10812,943.84894,0.28960,0
1193,265.98046,325.84917,492.29714,12,1,0,0.25242,1.00000,6.08276,708.08112,8.11714,944.89886,0.28250,0
1194,265.95255,404.55102,492.80061,12,1,0,0.24965,1.00000,7.00000,814.85468,7.96786,927.52087,0.29011,0
1195,266.09804,443.63821,532.04383,12,1,0,0.24742,1.00000,6.00000,698.44690,8.39063,976.73499,0.30746,0
1196,265.92463,483.25288,493.30408,12,1,0,0.24607,1.00000,6.92820,806.49695,8.25778,961.26959,0.30221,0
1197,266.07012,522.34006,532.54730,12,1,0,0.24657,1.00000,7.00000,814.85468,8.52203,992.03076,0.30944,0
1198,265.89672,561.95473,493.80756,12,1,0,0.25262,1.00000,6.08276,708.08112,8.27862,963.69617,0.29946,0
1199,266.04221,601.04192,533.05077,12,1,0,0.25368,1.00000,6.00000,698.44690,8.35483,972.56793,0.30637,0
1200,266.01430,679.74377,533.55424,12,1,0,0.25000,1.00000,7.00000,814.85468,8.09936,942.82831,0.29901,0
1201,265.98638,758.44562,534.05772,8,0,0,0.00000,0.00000,0.00000,0.00000,0.00000,0.00000,0.02899,0
1202,266.23761,50.12896,529.52647,8,0,0,0.30096,0.87675,3.00000,349.22345,4.19620,488.47046,0.20512,0
1203,266.20969,128.83081,530.02994,12,1,0,0.25489,1.00000,6.92820,806.49695,7.94518,924.88074,0.29184,0
1204,266.35518,167.91800,569.27316,12,1,0,0.25017,1.00000,6.00000,698.44690,8.12248,945.52051,0.29024,0
1205,266.18178,207.53266,530.53341,12,1,0,0.24913,1.00000,7.00000,814.85468,8.04327,936.29926,0.29658,0
1206,266.32727,246.61985,569.77663,12,1,0,0.24707,1.00000,6.08276,708.08112,8.29507,965.61072,0.29696,0
1207,266.15387,286.23451,531.03689,12,1,0,0.25173,1.00000,7.00000,814.85468,8.36208,973.41107,0.30125,0
1208,266.29936,325.32170,570.28010,12,1,0,0.24931,1.00000,6.08276,708.08112,8.29098,965.13434,0.29325,0
1209,266.12595,364.93636,531.54036,12,1,0,0.27061,1.00000,5.00000,582.03906,7.18306,836.16412,0.26835,0
1210,266.27144,404.02355,570.78358,12,1,0,0.25104,1.00000,6.08276,708.08112,8.23713,958.86633,0.29242,0
1211,266.24353,482.72540,571.28705,12,1,0,0.24948,1.00000,6.00000,698.44690,8.30093,966.29266,0.28902,0
1212,266.21561,561.42725,571.79052,12,1,0,0.24183,1.00000,7.00000,814.85468,8.39606,977.36652,0.30349,0
1213,266.36110,600.51444,611.03374,12,1,0,0.25191,1.00000,6.00000,698.44690,8.40857,978.82281,0.30368,0
1214,266.18770,640.12910,572.29399,12,1,0,0.25104,1.00000,6.00000,698.44690,8.33738,970.53632,0.31878,0
1215,266.33319,679.21629,611.53721,12,1,0,0.24635,1.00000,6.00000,698.44690,8.08540,941.20337,0.29466,0
1216,266.15979,718.83096,572.79746,12,1,0,0.25559,1.00000,6.00000,698.44690,7.90705,920.44263,0.29312,0
1217,266.30528,757.91814,612.04068,8,0,0,0.00000,0.00000,0.00000,0.00000,0.00000,0.00000,0.02803,0
1218,266.55650,49.60148,607.50944,8,0,0,0.30582,0.92877,4.00000,465.63126,4.81550,560.56183,0.20512,0
1219,266.38310,89.21614,568.76969,12,1,0,0.24843,1.00000,6.00000,698.44690,7.98629,929.66693,0.29318,0
1220,266.52859,128.30333,608.01291,12,1,0,0.24879,1.00000,6.00000,698.44690,8.00379,931.70355,0.28358,0
1221,266.50067,207.00518,608.51638,12,1,0,0.25260,1.00000,6.00000,698.44690,8.16033,949.92572,0.28941,0
1222,266.47276,285.70704,609.01985,12,1,0,0.24455,1.00000,6.08276,708.08112,8.37314,974.69843,0.29222,0
1223,266.61825,324.79422,648.26307,12,1,0,0.24570,1.00000,7.00000,814.85468,8.28609,964.56592,0.29254,0
1224,266.44485,364.40889,609.52332,12,1,0,0.24531,1.00000,6.00000,698.44690,8.19193,953.60461,0.29267,0
1225,266.59033,403.49608,648.76654,12,1,0,0.24397,1.00000,6.08276,708.08112,8.27175,962.89661,0.28544,0
1226,266.41693,443.11074,610.02679,12,1,0,0.24828,1.00000,6.00000,698.44690,8.28502,964.44049,0.29523,0
1227,266.56242,482.19793,649.27001,12,1,0,0.24282,1.00000,6.08276,708.08112,8.32551,969.15417,0.29440,0
1228,266.38902,521.81259,610.53027,12,1,0,0.24363,1.00000,6.08276,708.08112,8.37717,975.16858,0.30144,0
1229,266.53451,560.89978,649.77348,12,1,0,0.24573,1.00000,7.00000,814.85468,8.45965,984.76880,0.30112,0
1230,266.50659,639.60163,650.27695,12,1,0,0.24362,1.00000,7.00000,814.85468,8.44463,983.02057,0.30470,0
1231,266.47868,718.30348,650.78043,12,1,0,0.24706,1.00000,6.08276,708.08112,8.13071,946.47815,0.30822,0
1232,266.62417,757.39067,690.02364,8,0,0,0.00000,0.00000,0.00000,0.00000,0.00000,0.00000,0.03219,0
1233,266.70199,88.68867,646.75265,12,1,0,0.24622,1.00000,6.16441,717.58594,8.49708,989.12640,0.28512,0
1234,266.84748,127.77586,685.99587,12,1,0,0.25490,1.00000,7.00000,814.85468,8.22513,957.46973,0.29082,0
1235,266.67408,167.39052,647.25613,12,1,0,0.24640,1.00000,6.16441,717.58594,8.28002,963.85919,0.29197,0
1236,266.81957,206.47771,686.49934,12,1,0,0.25228,1.00000,6.00000,698.44690,7.92725,922.79431,0.28230,0
1237,266.64616,246.09237,647.75960,12,1,0,0.26093,1.00000,5.38516,626.87524,7.53603,877.25232,0.26765,0
1238,266.79165,285.17956,687.00281,12,1,0,0.25931,1.00000,6.00000,698.44690,8.08762,941.46161,0.28141,0
1239,266.76374,363.88141,687.50629,12,1,0,0.24420,1.00000,7.00000,814.85468,8.35953,973.11499,0.28896,0
1240,266.73582,442.58326,688.00976,12,1,0,0.24372,1.00000,7.00000,814.85468,8.43133,981.47302,0.30426,0
1241,266.70791,521.28512,688.51323,12,1,0,0.24827,1.00000,6.00000,698.44690,8.18996,953.37585,0.28333,0
1242,266.85340,560.37230,727.75645,12,1,0,0.24622,1.00000,7.00000,814.85468,8.24543,959.83270,0.29190,0
1243,266.68000,599.98697,689.01670,12,1,0,0.24723,1.00000,6.00000,698.44690,8.27513,963.28961,0.28915,0
1244,266.82549,639.07416,728.25992,12,1,0,0.25226,1.00000,6.00000,698.44690,8.43776,982.22137,0.30227,0
1245,266.65208,678.68882,689.52017,12,1,0,0.24739,1.00000,6.00000,698.44690,8.06575,938.91614,0.29024,0
1246,266.79757,717.77601,728.76339,12,1,0,0.25278,1.00000,7.00000,814.85468,8.26536,962.15271,0.30822,0
1247,266.87539,49.07401,685.49240,8,0,0,0.31358,0.95822,3.31662,386.08105,5.17786,602.74365,0.19507,0
1248,267.02088,88.16119,724.73562,12,1,0,0.25580,1.00000,6.00000,698.44690,8.20300,954.89319,0.29235,0
1249,266.99297,166.86305,725.23909,12,1,0,0.24965,1.00000,6.00000,698.44690,8.42083,980.24994,0.29888,0
1250,266.96506,245.56490,725.74256,12,1,0,0.24505,1.00000,6.00000,698.44690,8.39264,976.96936,0.29594,0
1251,267.11055,284.65209,764.98578,8,0,0,0.27264,0.75900,2.00000,232.81563,2.66111,309.77414,0.17638,0
1252,266.93714,324.26675,726.24603,12,1,0,0.25069,1.00000,7.00000,814.85468,8.27569,963.35541,0.29446,0
1253,267.08263,363.35394,765.48925,8,0,0,0.28669,0.81163,3.00000,349.22345,3.38750,394.33148,0.18285,0
1254,266.90923,402.96860,726.74950,12,1,0,0.25417,1.00000,6.08276,708.08112,8.35889,973.04004,0.30669,0
1255,267.05472,442.05579,765.99272,8,0,0,0.29714,0.82920,3.31662,386.08105,3.61810,421.17465,0.18342,0
1256,266.88131,481.67045,727.25298,12,1,0,0.24914,1.00000,6.32456,736.22766,8.20963,955.66486,0.28461,0
1257,267.02680,520.75764,766.49619,8,0,0,0.27811,0.78552,2.82843,329.25101,2.80283,326.27133,0.17997,0
1258,266.99889,599.45949,766.99967,8,0,0,0.29139,0.84615,2.82843,329.25101,3.71767,432.76559,0.18963,0
1259,266.97098,678.16134,767.50314,8,0,0,0.29747,0.88333,3.31662,386.08105,4.12312,479.96375,0.18067,0
1260,266.94306,756.86320,768.00661,5,0,0,0.00000,0.00000,0.00000,0.00000,0.00000,0.00000,0.02003,0
1261,267.19429,48.54653,763.47536,5,0,0,0.27943,0.60845,2.44949,285.13977,2.30369,268.16766,0.12166,0
1262,267.16637,127.24838,763.97884,8,0,0,0.30966,0.86264,3.00000,349.22345,4.02040,468.00552,0.17606,0
1263,267.13846,205.95023,764.48231,8,0,0,0.29575,0.82143,3.00000,349.22345,3.40784,396.69955,0.17830,0
1264,303.35406,486.21418,64.32143,8,0,0,0.28614,0.81285,3.00000,349.22345,3.36391,391.58514,0.17856,0
1265,303.32615,564.91604,64.82490,8,0,0,0.28861,0.82597,3.00000,349.22345,3.73299,434.54950,0.18310,0
1266,303.29824,643.61789,65.32837,8,0,0,0.29082,0.84078,3.16228,368.11383,3.61373,420.66635,0.17376,0
1267,303.27032,722.31974,65.83184,8,0,0,0.31654,0.91484,3.60555,419.71432,4.58670,533.92822,0.19034,0
1268,303.49363,92.70493,61.80407,8,0,0,0.29717,0.88483,3.16228,368.11383,4.08869,475.95499,0.17984,0
1269,303.46572,171.40678,62.30754,8,0,0,0.28986,0.84986,3.60555,419.71432,3.96083,461.07172,0.17312,0
1270,303.61121,210.49397,101.55076,12,1,0,0.24390,1.00000,6.00000,698.44690,8.16077,949.97711,0.29178,0
1271,303.43780,250.10863,62.81101,8,0,0,0.28887,0.84314,3.00000,349.22345,3.79038,441.22998,0.17965,0
1272,303.58329,289.19582,102.05423,12,1,0,0.24759,1.00000,7.00000,814.85468,8.21344,956.10834,0.28474,0
1273,303.40989,328.81048,63.31448,8,0,0,0.26326,0.76257,2.82843,329.25101,2.73476,318.34766,0.17613,0
1274,303.55538,367.89767,102.55770,12,1,0,0.24845,1.00000,6.63325,772.16211,8.05079,937.17542,0.28128,0
1275,303.38198,407.51233,63.81795,8,0,0,0.28557,0.80845,2.82843,329.25101,3.23776,376.90100,0.18432,0
1276,303.52747,446.59952,103.06117,12,1,0,0.24711,1.00000,7.00000,814.85468,8.34353,971.25195,0.30541,0
1277,303.49955,525.30137,103.56464,12,1,0,0.24754,1.00000,6.00000,698.44690,7.97992,928.92480,0.29370,0
1278,303.47164,604.00322,104.06812,12,1,0,0.24570,1.00000,6.00000,698.44690,8.35911,973.06573,0.30746,0
1279,303.61713,643.09041,143.31133,12,1,0,0.24553,1.00000,6.00000,698.44690,8.38490,976.06769,0.29946,0
1280,303.44373,682.70508,104.57159,12,1,0,0.24705,1.00000,6.00000,698.44690,8.25481,960.92419,0.28992,0
1281,303.58922,721.79226,143.81480,12,1,0,0.25393,1.00000,6.00000,698.44690,7.77842,905.46838,0.28352,0
1282,303.41581,761.40693,105.07506,8,0,0,0.00000,0.00000,0.00000,0.00000,0.00000,0.00000,0.02650,0
1283,303.66703,53.09026,100.54381,8,0,0,0.29940,0.82961,2.82843,329.25101,3.70451,431.23398,0.18694,0
1284,303.81252,92.17745,139.78703,12,1,0,0.25704,1.00000,6.00000,698.44690,7.91779,921.69250,0.28198,0
1285,303.63912,131.79212,101.04729,12,1,0,0.25157,1.00000,6.00000,698.44690,7.91593,921.47552,0.28621,0
1286,303.78461,170.87930,140.29050,12,1,0,0.25562,1.00000,6.00000,698.44690,8.09741,942.60181,0.28410,0
1287,303.75670,249.58116,140.79397,12,1,0,0.24298,1.00000,6.40312,745.37372,8.34862,971.84479,0.28493,0
1288,303.72878,328.28301,141.29745,12,1,0,0.25052,1.00000,6.00000,698.44690,8.16443,950.40375,0.28518,0
1289,303.87427,367.37020,180.54066,12,1,0,0.24792,1.00000,6.00000,698.44690,8.20800,955.47571,0.28902,0
1290,303.70087,406.98486,141.80092,12,1,0,0.24846,1.00000,7.00000,814.85468,8.31666,968.12451,0.28902,0
1291,303.84636,446.07205,181.04414,12,1,0,0.25190,1.00000,7.00000,814.85468,8.25833,961.33386,0.28813,0
1292,303.67296,485.68671,142.30439,12,1,0,0.25017,1.00000,7.00000,814.85468,8.26886,962.56036,0.29120,0
1293,303.81845,524.77390,181.54761,12,1,0,0.24670,1.00000,6.00000,698.44690,8.46218,985.06433,0.29939,0
1294,303.64504,564.38856,142.80786,12,1,0,0.24249,1.00000,7.00000,814.85468,8.29333,965.40900,0.29754,0
1295,303.79053,603.47575,182.05108,12,1,0,0.24846,1.00000,7.00000,814.85468,8.23270,958.35077,0.30010,0
1296,303.76262,682.17760,182.55455,12,1,0,0.24515,1.00000,6.63325,772.16211,8.05219,937.33826,0.28986,0
1297,303.73471,760.87945,183.05802,8,0,0,0.00000,0.00000,0.00000,0.00000,0.00000,0.00000,0.02720,0
1298,303.98593,52.56279,178.52678,8,0,0,0.31977,0.92857,4.00000,465.63126,4.71754,549.15863,0.20275,0
1299,303.95801,131.26464,179.03025,12,1,0,0.25191,1.00000,6.00000,698.44690,8.12739,946.09180,0.30042,0
1300,304.10350,170.35183,218.27347,12,1,0,0.24757,1.00000,6.00000,698.44690,8.05130,937.23480,0.28538,0
1301,303.93010,209.96649,179.53372,12,1,0,0.24670,1.00000,6.00000,698.44690,8.26915,962.59308,0.30611,0
1302,304.07559,249.05368,218.77694,12,1,0,0.25296,1.00000,6.00000,698.44690,8.11363,944.48944,0.28250,0
1303,303.90219,288.66834,180.03719,12,1,0,0.24726,1.00000,7.00000,814.85468,8.36812,974.11401,0.29459,0
1304,304.04768,327.75553,219.28041,12,1,0,0.25174,1.00000,6.00000,698.44690,8.05913,938.14557,0.28019,0
1305,304.01976,406.45738,219.78388,12,1,0,0.24708,1.00000,7.00000,814.85468,8.20212,954.79095,0.29139,0
1306,303.99185,485.15924,220.28735,12,1,0,0.25190,1.00000,7.00000,814.85468,8.27556,963.33954,0.28806,0
1307,303.96394,563.86109,220.79083,12,1,0,0.26765,1.00000,5.09902,593.56573,7.48955,871.84180,0.28051,0
1308,304.10943,602.94828,260.03404,12,1,0,0.25632,1.00000,6.00000,698.44690,8.21592,956.39764,0.30138,0
1309,303.93602,642.56294,221.29430,12,1,0,0.24826,1.00000,7.00000,814.85468,8.08369,941.00519,0.29581,0
1310,304.08151,681.65013,260.53751,12,1,0,0.25175,1.00000,6.00000,698.44690,7.95082,925.53796,0.28448,0
1311,303.90811,721.26479,221.79777,12,1,0,0.25816,1.00000,6.00000,698.44690,7.88138,917.45398,0.29120,0
1312,304.05360,760.35198,261.04099,8,0,0,0.00000,0.00000,0.00000,0.00000,0.00000,0.00000,0.02957,0
1313,304.30482,52.03531,256.50974,8,0,0,0.29285,0.83287,3.00000,349.22345,3.87808,451.43829,0.18957,0
1314,304.13142,91.64998,217.77000,12,1,0,0.25335,1.00000,6.08276,708.08112,7.85871,914.81537,0.28960,0
1315,304.27691,130.73717,257.01321,12,1,0,0.25509,1.00000,6.00000,698.44690,7.93313,923.47803,0.29216,0
1316,304.24899,209.43902,257.51669,12,1,0,0.24703,1.00000,6.00000,698.44690,7.96185,926.82172,0.29389,0
1317,304.22108,288.14087,258.02016,12,1,0,0.25349,1.00000,6.00000,698.44690,7.96184,926.82007,0.27885,0
1318,304.36657,327.22806,297.26337,12,1,0,0.24554,1.00000,7.00000,814.85468,8.20997,955.70428,0.28582,0
1319,304.19317,366.84272,258.52363,12,1,0,0.24843,1.00000,6.08276,708.08112,8.13681,947.18854,0.28506,0
1320,304.33866,405.92991,297.76685,12,1,0,0.24810,1.00000,6.00000,698.44690,8.11879,945.09009,0.28960,0
1321,304.16525,445.54457,259.02710,12,1,0,0.24658,1.00000,7.00000,814.85468,8.26696,962.33832,0.29376,0
1322,304.31074,484.63176,298.27032,12,1,0,0.25696,1.00000,6.00000,698.44690,7.67606,893.55328,0.26426,0
1323,304.13734,524.24642,259.53057,12,1,0,0.24300,1.00000,6.16441,717.58594,8.36272,973.48621,0.29062,0
1324,304.28283,563.33361,298.77379,12,1,0,0.24708,1.00000,6.08276,708.08112,8.42480,980.71198,0.30682,0
1325,304.25492,642.03546,299.27726,12,1,0,0.24897,1.00000,6.16441,717.58594,8.31932,968.43359,0.29293,0
1326,304.22700,720.73732,299.78073,12,1,0,0.25563,1.00000,6.00000,698.44690,7.98383,929.37976,0.28570,0
1327,304.37249,759.82450,339.02395,8,0,0,0.00000,0.00000,0.00000,0.00000,0.00000,0.00000,0.02784,0
1328,304.62371,51.50784,334.49271,8,0,0,0.30799,0.90028,3.74166,435.55817,4.47725,521.18646,0.17645,0
1329,304.45031,91.12250,295.75296,12,1,0,0.27646,0.98039,4.00000,465.63126,5.95873,693.64233,0.24282,0
1330,304.59580,130.20969,334.99618,12,1,0,0.25386,1.00000,6.08276,708.08112,7.73483,900.39465,0.28998,0
1331,304.42240,169.82435,296.25643,12,1,0,0.24535,1.00000,6.00000,698.44690,8.09326,942.11859,0.28627,0
1332,304.56789,208.91154,335.49965,12,1,0,0.25419,1.00000,6.00000,698.44690,7.84657,913.40161,0.28275,0
1333,304.39448,248.52621,296.75990,12,1,0,0.24721,1.00000,6.00000,698.44690,8.01705,933.24670,0.28352,0
1334,304.53997,287.61339,336.00312,12,1,0,0.25526,1.00000,6.00000,698.44690,7.76008,903.33337,0.27578,0
1335,304.51206,366.31525,336.50659,12,1,0,0.24540,1.00000,6.00000,698.44690,7.85904,914.85413,0.27936,0
1336,304.48415,445.01710,337.01006,12,1,0,0.25155,1.00000,6.08276,708.08112,8.23029,958.07043,0.29190,0
1337,304.45623,523.71895,337.51354,12,1,0,0.24461,1.00000,6.08276,708.08112,8.22822,957.82855,0.28858,0
1338,304.60172,562.80614,376.75675,12,1,0,0.24604,1.00000,6.00000,698.44690,8.29850,966.01080,0.28704,0
1339,304.42832,602.42080,338.01701,12,1,0,0.24762,1.00000,7.00000,814.85468,8.25040,960.41132,0.29971,0
1340,304.57381,641.50799,377.26023,12,1,0,0.24358,1.00000,6.00000,698.44690,8.09689,942.54163,0.28698,0
1341,304.40041,681.12265,338.52048,12,1,0,0.24437,1.00000,6.00000,698.44690,8.20004,954.54913,0.29254,0
1342,304.54590,720.20984,377.76370,12,1,0,0.24737,1.00000,6.00000,698.44690,7.84320,913.00995,0.28736,0
1343,304.76920,90.59503,373.73592,12,1,0,0.24773,1.00000,6.00000,698.44690,7.92690,922.75317,0.28506,0
1344,304.74129,169.29688,374.23940,12,1,0,0.25352,1.00000,6.00000,698.44690,7.93356,923.52850,0.27654,0
1345,304.71338,247.99873,374.74287,12,1,0,0.25208,1.00000,6.00000,698.44690,8.08696,941.38586,0.28602,0
1346,304.85887,287.08592,413.98608,12,1,0,0.25777,1.00000,6.00000,698.44690,7.87022,916.15570,0.29658,0
1347,304.68546,326.70058,375.24634,12,1,0,0.24691,1.00000,6.08276,708.08112,8.19194,953.60583,0.28403,0
1348,304.83095,365.78777,414.48956,12,1,0,0.24774,1.00000,6.00000,698.44690,7.95391,925.89758,0.29376,0
1349,304.65755,405.40243,375.74981,12,1,0,0.24705,1.00000,6.16441,717.58594,7.99494,930.67401,0.28346,0
1350,304.80304,444.48962,414.99303,12,1,0,0.25517,1.00000,6.00000,698.44690,7.50502,873.64349,0.27398,0
1351,304.62964,484.10429,376.25328,12,1,0,0.24606,1.00000,7.00000,814.85468,8.23029,958.07013,0.29683,0
1352,304.77513,523.19147,415.49650,12,1,0,0.24532,1.00000,6.00000,698.44690,7.97249,928.05994,0.28435,0
1353,304.74721,601.89333,415.99997,12,1,0,0.25225,1.00000,6.08276,708.08112,8.12454,945.75964,0.28570,0
1354,304.71930,680.59518,416.50344,12,1,0,0.26551,0.99716,5.09902,593.56573,6.92273,805.85956,0.26426,0
1355,304.86479,719.68237,455.74666,12,1,0,0.25963,1.00000,6.00000,698.44690,7.71820,898.45831,0.28096,0
1356,304.69139,759.29703,417.00691,8,0,0,0.00000,0.00000,0.00000,0.00000,0.00000,0.00000,0.02829,0
1357,304.94261,50.98036,412.47567,8,0,0,0.30049,0.85434,3.00000,349.22345,4.03702,469.94031,0.19290,0
1358,305.08810,90.06755,451.71889,12,1,0,0.25563,1.00000,6.00000,698.44690,7.88000,917.29382,0.28998,0
1359,304.91469,129.68222,412.97914,12,1,0,0.25175,1.00000,6.92820,806.49695,7.77769,905.38422,0.28032,0
1360,305.06018,168.76940,452.22236,12,1,0,0.26000,1.00000,6.00000,698.44690,7.85790,914.72083,0.28768,0
1361,304.88678,208.38407,413.48261,12,1,0,0.26030,1.00000,6.00000,698.44690,7.51505,874.81018,0.27782,0
1362,305.03227,247.47126,452.72583,12,1,0,0.24705,1.00000,6.00000,698.44690,8.06463,938.78644,0.28928,0
1363,305.00436,326.17311,453.22930,12,1,0,0.25346,1.00000,7.00000,814.85468,8.19799,954.31049,0.28794,0
1364,304.97644,404.87496,453.73277,12,1,0,0.25348,1.00000,6.00000,698.44690,7.98185,929.15002,0.28480,0
1365,305.12193,443.96215,492.97599,12,1,0,0.25511,1.00000,6.00000,698.44690,8.17345,951.45386,0.29242,0
1366,304.94853,483.57681,454.23625,12,1,0,0.24742,1.00000,7.00000,814.85468,8.33268,969.98938,0.29587,0
1367,305.09402,522.66400,493.47946,12,1,0,0.24913,1.00000,6.08276,708.08112,8.20310,954.90521,0.29082,0
1368,304.92062,562.27866,454.73972,12,1,0,0.25035,1.00000,7.00000,814.85468,8.22583,957.55121,0.29914,0
1369,305.06611,601.36585,493.98294,12,1,0,0.24759,1.00000,6.32456,736.22766,8.11360,944.48608,0.29837,0
1370,304.89270,640.98051,455.24319,12,1,0,0.25577,1.00000,6.00000,698.44690,8.11627,944.79779,0.30099,0
1371,305.03819,680.06770,494.48641,12,1,0,0.24860,1.00000,6.00000,698.44690,8.05906,938.13702,0.28358,0
1372,305.01028,758.76955,494.98988,8,0,0,0.00000,0.00000,0.00000,0.00000,0.00000,0.00000,0.02669,0
1373,305.26150,50.45289,490.45863,8,0,0,0.29764,0.86325,3.60555,419.71432,3.95495,460.38715,0.18701,0
1374,305.23359,129.15474,490.96211,12,1,0,0.25331,1.00000,6.40312,745.37372,7.86578,915.63837,0.28090,0
1375,305.20567,207.85659,491.46558,12,1,0,0.25123,1.00000,6.00000,698.44690,7.85742,914.66528,0.28531,0
1376,305.35116,246.94378,530.70880,12,1,0,0.24691,1.00000,7.00000,814.85468,8.33350,970.08459,0.30106,0
1377,305.17776,286.55844,491.96905,12,1,0,0.25070,1.00000,7.00000,814.85468,7.92703,922.76794,0.28563,0
1378,305.32325,325.64563,531.21227,12,1,0,0.25140,1.00000,6.00000,698.44690,7.93601,923.81390,0.28877,0
1379,305.14985,365.26030,492.47252,12,1,0,0.24843,1.00000,6.08276,708.08112,7.89759,919.34167,0.28685,0
1380,305.29534,404.34748,531.71574,12,1,0,0.24983,1.00000,6.16441,717.58594,8.20534,955.16553,0.29286,0
1381,305.26742,483.04934,532.21921,12,1,0,0.25258,1.00000,6.16441,717.58594,8.23273,958.35364,0.28954,0
1382,305.23951,561.75119,532.72268,12,1,0,0.25105,1.00000,7.00000,814.85468,8.23289,958.37231,0.29632,0
1383,305.21160,640.45304,533.22615,12,1,0,0.24651,1.00000,6.00000,698.44690,8.17734,951.90625,0.30157,0
1384,305.35709,679.54023,572.46937,12,1,0,0.24283,1.00000,7.00000,814.85468,7.98229,929.20056,0.27725,0
1385,305.18368,719.15489,533.72962,12,1,0,0.25529,1.00000,6.00000,698.44690,7.84379,913.07794,0.29043,0
1386,305.32917,758.24208,572.97284,8,0,0,0.00000,0.00000,0.00000,0.00000,0.00000,0.00000,0.02989,0
1387,305.58039,49.92541,568.44160,8,0,0,0.31008,0.88398,3.16228,368.11383,4.05953,472.56137,0.19053,0
1388,305.40699,89.54008,529.70185,12,1,0,0.25071,1.00000,6.00000,698.44690,7.87761,917.01483,0.28352,0
1389,305.55248,128.62727,568.94507,12,1,0,0.25052,1.00000,6.63325,772.16211,7.78835,906.62439,0.27808,0
1390,305.37908,168.24193,530.20532,12,1,0,0.24965,1.00000,6.00000,698.44690,8.03762,935.64185,0.29690,0
1391,305.52457,207.32912,569.44854,12,1,0,0.24632,1.00000,6.00000,698.44690,7.94538,924.90417,0.28128,0
1392,305.49665,286.03097,569.95201,12,1,0,0.24724,1.00000,6.00000,698.44690,8.16632,950.62354,0.29107,0
1393,305.46874,364.73282,570.45548,12,1,0,0.24307,1.00000,6.00000,698.44690,8.25526,960.97681,0.28998,0
1394,305.61423,403.82001,609.69870,12,1,0,0.24707,1.00000,6.08276,708.08112,8.21525,956.31976,0.28403,0
1395,305.44083,443.43467,570.95896,12,1,0,0.24728,1.00000,6.08276,708.08112,8.09555,942.38544,0.28979,0
1396,305.58632,482.52186,610.20217,12,1,0,0.24332,1.00000,6.00000,698.44690,8.30591,966.87305,0.29907,0
1397,305.41291,522.13652,571.46243,12,1,0,0.25035,1.00000,6.00000,698.44690,8.05973,938.21552,0.29030,0
1398,305.55840,561.22371,610.70565,12,1,0,0.24484,1.00000,6.16441,717.58594,8.10456,943.43365,0.28666,0
1399,305.38500,600.83838,571.96590,12,1,0,0.24828,1.00000,7.00000,814.85468,8.19730,954.22980,0.29190,0
1400,305.53049,639.92556,611.20912,12,1,0,0.25000,1.00000,6.00000,698.44690,8.13160,946.58148,0.29523,0
1401,305.50257,718.62742,611.71259,12,1,0,0.25160,1.00000,6.00000,698.44690,7.80732,908.83313,0.29030,0
1402,305.72588,89.01260,607.68482,12,1,0,0.25350,1.00000,6.00000,698.44690,8.03874,935.77258,0.27802,0
1403,305.87137,128.09979,646.92803,12,1,0,0.25382,1.00000,6.08276,708.08112,8.24644,959.95050,0.29555,0
1404,305.69797,167.71445,608.18829,12,1,0,0.24931,1.00000,6.08276,708.08112,8.28334,964.24591,0.28806,0
1405,305.84346,206.80164,647.43151,12,1,0,0.24913,1.00000,6.00000,698.44690,8.20926,955.62244,0.29606,0
1406,305.67006,246.41631,608.69176,12,1,0,0.26128,1.00000,5.83095,678.76831,7.55994,880.03577,0.25875,0
1407,305.81555,285.50349,647.93498,12,1,0,0.25696,1.00000,5.47723,637.59186,7.88498,917.87347,0.27603,0
1408,305.64214,325.11816,609.19523,12,1,0,0.24812,1.00000,6.63325,772.16211,8.27086,962.79260,0.29408,0
1409,305.78763,364.20535,648.43845,12,1,0,0.24230,1.00000,6.08276,708.08112,8.18132,952.36951,0.28819,0
1410,305.75972,442.90720,648.94192,12,1,0,0.25156,1.00000,6.00000,698.44690,8.24615,959.91595,0.27923,0
1411,305.73181,521.60905,649.44539,12,1,0,0.24159,1.00000,6.08276,708.08112,8.40344,978.22583,0.29888,0
1412,305.70389,600.31090,649.94886,12,1,0,0.24590,1.00000,6.00000,698.44690,8.28060,963.92615,0.29818,0
1413,305.84938,639.39809,689.19208,12,1,0,0.24708,1.00000,6.00000,698.44690,8.21461,956.24493,0.29158,0
1414,305.67598,679.01275,650.45234,12,1,0,0.25035,1.00000,6.00000,698.44690,8.05768,937.97650,0.29126,0
1415,305.82147,718.09994,689.69555,12,1,0,0.25297,1.00000,6.00000,698.44690,7.91920,921.85712,0.29504,0
1416,305.64806,757.71460,650.95581,8,0,0,0.00000,0.00000,0.00000,0.00000,0.00000,0.00000,0.02758,0
1417,305.89929,49.39794,646.42456,8,0,0,0.31031,0.96919,4.47214,520.59155,5.45125,634.56769,0.18867,0
1418,306.04478,88.48513,685.66778,12,1,0,0.27446,1.00000,5.00000,582.03906,6.88476,801.43982,0.19398,0
1419,306.01686,167.18698,686.17125,12,1,0,0.25483,1.00000,6.08276,708.08112,8.21529,956.32397,0.26515,0
1420,305.98895,245.88883,686.67472,12,1,0,0.24896,1.00000,6.08276,708.08112,8.05435,937.58929,0.27757,0
1421,305.96104,324.59068,687.17819,12,1,0,0.24675,1.00000,7.00000,814.85468,8.18642,952.96350,0.27629,0
1422,306.10653,363.67787,726.42141,12,1,0,0.24707,1.00000,6.08276,708.08112,8.11079,944.15936,0.28922,0
1423,305.93312,403.29253,687.68167,12,1,0,0.24435,1.00000,7.00000,814.85468,8.33778,970.58228,0.29664,0
1424,306.07861,442.37972,726.92488,12,1,0,0.25000,1.00000,6.08276,708.08112,8.19072,953.46344,0.29235,0
1425,305.90521,481.99439,688.18514,12,1,0,0.25436,1.00000,6.16441,717.58594,8.26203,961.76471,0.29370,0
1426,306.05070,521.08157,727.42836,12,1,0,0.24983,1.00000,6.40312,745.37372,7.94654,925.03894,0.29114,0
1427,305.87730,560.69624,688.68861,12,1,0,0.24691,1.00000,6.08276,708.08112,8.44736,983.33881,0.30093,0
1428,306.02279,599.78343,727.93183,12,1,0,0.25069,1.00000,6.40312,745.37372,8.27528,963.30682,0.29472,0
1429,305.99487,678.48528,728.43530,12,1,0,0.25260,1.00000,6.00000,698.44690,8.07397,939.87317,0.28410,0
1430,305.96696,757.18713,728.93877,8,0,0,0.00000,0.00000,0.00000,0.00000,0.00000,0.00000,0.02784,0
1431,306.21818,48.87047,724.40753,8,0,0,0.29320,1.00000,5.09902,593.56573,6.37762,742.40472,0.18438,0
1432,306.36367,87.95765,763.65074,8,0,0,0.29263,0.77008,3.00000,349.22345,2.90714,338.41415,0.16608,0
1433,306.19027,127.57232,724.91100,12,1,0,0.25245,1.00000,6.00000,698.44690,7.87224,916.38971,0.27514,0
1434,306.33576,166.65951,764.15422,8,0,0,0.27600,0.75281,2.23607,260.29578,2.73709,318.61868,0.16256,0
1435,306.16235,206.27417,725.41447,12,1,0,0.24742,1.00000,7.00000,814.85468,8.23441,958.54938,0.27725,0
1436,306.30784,245.36136,764.65769,8,0,0,0.28338,0.77222,3.00000,349.22345,2.93000,341.07489,0.17549,0
1437,306.13444,284.97602,725.91794,12,1,0,0.25455,1.00000,7.00000,814.85468,8.13770,947.29242,0.28390,0
1438,306.27993,324.06321,765.16116,8,0,0,0.28150,0.78356,2.00000,232.81563,2.11667,246.39653,0.17773,0
1439,306.25202,402.76506,765.66463,8,0,0,0.28098,0.80000,3.00000,349.22345,3.06099,356.32269,0.17965,0
1440,306.22410,481.46691,766.16810,8,0,0,0.29232,0.83427,3.00000,349.22345,3.78533,440.64227,0.18669,0
1441,306.19619,560.16876,766.67157,8,0,0,0.28031,0.80278,3.00000,349.22345,3.03918,353.78409,0.17651,0
1442,306.16828,638.87061,767.17505,8,0,0,0.29266,0.83651,3.00000,349.22345,3.68214,428.63022,0.18406,0
1443,306.14036,717.57247,767.67852,8,0,0,0.30252,0.90756,4.00000,465.63126,4.52419,526.65131,0.18515,0
1444,342.60719,289.51975,62.98639,8,0,0,0.28088,0.77473,2.23607,260.29578,3.02477,352.10712,0.17299,0
1445,342.57928,368.22160,63.48986,8,0,0,0.28063,0.80226,3.00000,349.22345,3.23578,376.67056,0.18451,0
1446,342.55136,446.92346,63.99333,8,0,0,0.26591,0.78431,2.00000,232.81563,2.60227,302.92490,0.18419,0
1447,342.52345,525.62531,64.49681,8,0,0,0.27132,0.80460,3.00000,349.22345,2.99621,348.78192,0.17843,0
1448,342.49553,604.32716,65.00028,8,0,0,0.29637,0.83889,3.00000,349.22345,3.78005,440.02682,0.17830,0
1449,342.46762,683.02901,65.50375,8,0,0,0.29451,0.85440,3.00000,349.22345,3.79573,441.85306,0.18042,0
1450,342.61311,722.11620,104.74697,12,1,0,0.24861,1.00000,6.00000,698.44690,8.16992,951.04266,0.30227,0
1451,342.43971,761.73086,66.00722,5,0,0,0.00000,0.00000,0.00000,0.00000,0.00000,0.00000,0.01747,0
1452,342.69093,53.41420,61.47598,5,0,0,0.33333,0.75568,3.31662,386.08105,3.51036,408.63382,0.11475,0
1453,342.83642,92.50139,100.71919,12,1,0,0.24432,1.00000,6.00000,698.44690,8.26286,961.86151,0.30074,0
1454,342.66302,132.11605,61.97945,8,0,0,0.29699,0.87293,3.00000,349.22345,4.09107,476.23270,0.17120,0
1455,342.80851,171.20324,101.22267,12,1,0,0.25224,1.00000,6.00000,698.44690,8.38954,976.60809,0.30106,0
1456,342.63510,210.81790,62.48292,8,0,0,0.27996,0.82022,3.00000,349.22345,3.32372,386.90717,0.17715,0
1457,342.78059,249.90509,101.72614,12,1,0,0.24931,1.00000,6.16441,717.58594,8.38551,976.13849,0.29139,0
1458,342.75268,328.60694,102.22961,12,1,0,0.24809,1.00000,6.00000,698.44690,8.01926,933.50488,0.29235,0
1459,342.72476,407.30879,102.73308,12,1,0,0.24948,1.00000,7.00000,814.85468,8.09058,941.80615,0.29491,0
1460,342.87025,446.39598,141.97630,12,1,0,0.24932,1.00000,6.08276,708.08112,8.38285,975.82898,0.29888,0
1461,342.69685,486.01064,103.23655,12,1,0,0.24691,1.00000,7.00000,814.85468,8.32686,969.31207,0.30291,0
1462,342.84234,525.09783,142.47977,12,1,0,0.25087,1.00000,6.00000,698.44690,8.12045,945.28406,0.29171,0
1463,342.66894,564.71250,103.74002,12,1,0,0.24966,1.00000,6.08276,708.08112,8.31874,968.36621,0.30842,0
1464,342.81443,603.79968,142.98324,12,1,0,0.25625,1.00000,6.08276,708.08112,8.23566,958.69501,0.29229,0
1465,342.64102,643.41435,104.24350,12,1,0,0.24501,1.00000,6.08276,708.08112,8.61499,1002.85193,0.31539,0
1466,342.78651,682.50154,143.48671,12,1,0,0.25088,1.00000,6.08276,708.08112,8.04827,936.88208,0.28077,0
1467,342.75860,761.20339,143.99018,8,0,0,0.00000,0.00000,0.00000,0.00000,0.00000,0.00000,0.02842,0
1468,343.00982,52.88672,139.45894,8,0,0,0.29845,0.80000,2.82843,329.25101,3.36909,392.18826,0.18560,0
1469,342.98191,131.58857,139.96241,12,1,0,0.25372,1.00000,6.00000,698.44690,7.61656,886.62653,0.26592,0
1470,342.95400,210.29043,140.46588,12,1,0,0.24655,1.00000,6.00000,698.44690,8.14303,947.91278,0.28704,0
1471,343.09949,249.37761,179.70910,12,1,0,0.24639,1.00000,6.00000,698.44690,8.43206,981.55768,0.29722,0
1472,342.92608,288.99228,140.96936,12,1,0,0.25490,1.00000,6.16441,717.58594,8.09274,942.05841,0.29171,0
1473,343.07157,328.07947,180.21257,12,1,0,0.26851,0.99446,4.35890,507.40991,7.24352,843.20233,0.26426,0
1474,342.89817,367.69413,141.47283,12,1,0,0.24502,1.00000,6.00000,698.44690,7.98678,929.72388,0.27776,0
1475,343.04366,406.78132,180.71604,12,1,0,0.25086,1.00000,7.00000,814.85468,8.28628,964.58734,0.29082,0
1476,343.01574,485.48317,181.21952,12,1,0,0.24487,1.00000,7.00000,814.85468,8.44921,983.55420,0.30682,0
1477,342.98783,564.18502,181.72299,12,1,0,0.25017,1.00000,7.00000,814.85468,8.55696,996.09735,0.30304,0
1478,342.95992,642.88687,182.22646,12,1,0,0.25243,1.00000,6.00000,698.44690,8.46257,985.10895,0.31475,0
1479,343.10541,681.97406,221.46968,12,1,0,0.25052,1.00000,6.00000,698.44690,7.99297,930.44385,0.28557,0
1480,342.93200,721.58872,182.72993,12,1,0,0.24826,1.00000,6.00000,698.44690,8.12059,945.30072,0.30029,0
1481,343.07749,760.67591,221.97315,8,0,0,0.00000,0.00000,0.00000,0.00000,0.00000,0.00000,0.02720,0
1482,343.32872,52.35925,217.44190,8,0,0,0.31113,0.91854,4.00000,465.63126,4.65437,541.80475,0.20077,0
1483,343.15531,91.97391,178.70216,12,1,0,0.25329,1.00000,6.08276,708.08112,8.31211,967.59491,0.30336,0
1484,343.30080,131.06110,217.94538,12,1,0,0.25437,1.00000,6.00000,698.44690,8.16186,950.10400,0.29139,0
1485,343.12740,170.67576,179.20563,12,1,0,0.24948,1.00000,6.00000,698.44690,8.35763,972.89374,0.30470,0
1486,343.27289,209.76295,218.44885,12,1,0,0.24757,1.00000,6.00000,698.44690,8.20695,955.35370,0.29632,0
1487,343.24498,288.46480,218.95232,12,1,0,0.24540,1.00000,6.00000,698.44690,8.40463,978.36493,0.29382,0
1488,343.21706,367.16665,219.45579,12,1,0,0.24706,1.00000,6.00000,698.44690,8.33820,970.63202,0.29126,0
1489,343.36255,406.25384,258.69901,12,1,0,0.24776,1.00000,6.08276,708.08112,8.31707,968.17218,0.29267,0
1490,343.18915,445.86851,219.95926,12,1,0,0.25399,1.00000,7.00000,814.85468,8.38680,976.28845,0.30214,0
1491,343.33464,484.95569,259.20248,12,1,0,0.24983,1.00000,7.00000,814.85468,8.39718,977.49744,0.29574,0
1492,343.16123,524.57036,220.46273,12,1,0,0.24500,1.00000,7.00000,814.85468,8.28227,964.12109,0.29005,0
1493,343.30672,563.65755,259.70595,12,1,0,0.25000,1.00000,6.00000,698.44690,8.45170,983.84381,0.30477,0
1494,343.13332,603.27221,220.96621,12,1,0,0.25208,1.00000,6.00000,698.44690,8.30294,966.52747,0.30406,0
1495,343.27881,642.35940,260.20942,12,1,0,0.24843,1.00000,6.00000,698.44690,8.27991,963.84570,0.30483,0
1496,343.25090,721.06125,260.71290,12,1,0,0.25194,1.00000,6.00000,698.44690,7.96153,926.78473,0.28320,0
1497,343.47421,91.44644,256.68512,12,1,0,0.25455,1.00000,5.83095,678.76831,7.55786,879.79364,0.26342,0
1498,343.61970,130.53362,295.92834,12,1,0,0.27061,1.00000,5.00000,582.03906,7.11864,828.66571,0.27206,0
1499,343.44629,170.14829,257.18859,12,1,0,0.24775,1.00000,6.00000,698.44690,8.05310,937.44360,0.28000,0
1500,343.59178,209.23548,296.43181,12,1,0,0.24397,1.00000,6.00000,698.44690,8.12907,946.28729,0.29702,0
1501,343.41838,248.85014,257.69207,12,1,0,0.24621,1.00000,6.08276,708.08112,8.23059,958.10486,0.29939,0
1502,343.56387,287.93733,296.93528,12,1,0,0.24758,1.00000,6.08276,708.08112,8.09192,941.96228,0.29555,0
1503,343.39047,327.55199,258.19554,12,1,0,0.24583,1.00000,6.00000,698.44690,8.18118,952.35284,0.28602,0
1504,343.53595,366.63918,297.43875,12,1,0,0.24217,1.00000,6.00000,698.44690,8.05970,938.21216,0.29344,0
1505,343.50804,445.34103,297.94223,12,1,0,0.24540,1.00000,7.00000,814.85468,8.36369,973.59924,0.30189,0
1506,343.48013,524.04288,298.44570,12,1,0,0.24863,1.00000,6.08276,708.08112,8.51550,991.27130,0.30163,0
1507,343.45221,602.74473,298.94917,12,1,0,0.24658,1.00000,6.08276,708.08112,8.21594,956.40009,0.29286,0
1508,343.59770,641.83192,338.19239,12,1,0,0.24621,1.00000,6.40312,745.37372,8.08507,941.16553,0.28890,0
1509,343.42430,681.44659,299.45264,12,1,0,0.24427,1.00000,6.00000,698.44690,8.14895,948.60199,0.29722,0
1510,343.56979,720.53377,338.69586,12,1,0,0.24667,1.00000,6.00000,698.44690,8.04768,936.81238,0.29043,0
1511,343.39639,760.14844,299.95611,8,0,0,0.00000,0.00000,0.00000,0.00000,0.00000,0.00000,0.02938,0
1512,343.64761,51.83177,295.42487,8,0,0,0.30454,0.95531,4.00000,465.63126,5.25812,612.08612,0.19398,0
1513,343.79310,90.91896,334.66809,12,1,0,0.27398,0.98892,4.12311,479.96170,6.80356,791.98761,0.24531,0
1514,343.76519,169.62081,335.17156,12,1,0,0.24673,1.00000,7.00000,814.85468,7.97856,928.76691,0.27219,0
1515,343.73727,248.32266,335.67503,12,1,0,0.25140,1.00000,6.00000,698.44690,7.98266,929.24432,0.28435,0
1516,343.70936,327.02452,336.17850,12,1,0,0.25104,1.00000,6.63325,772.16211,8.03261,935.05859,0.28154,0
1517,343.85485,366.11170,375.42172,12,1,0,0.26515,0.98039,5.00000,582.03906,6.81821,793.69250,0.25862,0
1518,343.68144,405.72637,336.68197,12,1,0,0.25279,1.00000,6.08276,708.08112,8.05596,937.77710,0.27693,0
1519,343.82693,444.81356,375.92519,12,1,0,0.25556,1.00000,7.00000,814.85468,8.31894,968.38928,0.29715,0
1520,343.65353,484.42822,337.18544,12,1,0,0.24201,1.00000,7.00000,814.85468,8.44820,983.43597,0.30054,0
1521,343.79902,523.51541,376.42866,12,1,0,0.24313,1.00000,6.00000,698.44690,8.56019,996.47260,0.31104,0
1522,343.62562,563.13007,337.68892,12,1,0,0.24639,1.00000,6.08276,708.08112,8.20123,954.68762,0.28864,0
1523,343.77111,602.21726,376.93213,12,1,0,0.25346,1.00000,6.08276,708.08112,8.23535,958.65869,0.29728,0
1524,343.74319,680.91911,377.43561,12,1,0,0.25070,1.00000,6.00000,698.44690,8.11054,944.13062,0.29069,0
1525,343.71528,759.62096,377.93908,8,0,0,0.00000,0.00000,0.00000,0.00000,0.00000,0.00000,0.02598,0
1526,343.96650,51.30430,373.40783,8,0,0,0.30890,0.99160,4.58258,533.44763,5.58059,649.62469,0.17485,0
1527,344.11199,90.39149,412.65105,12,1,0,0.25390,1.00000,6.00000,698.44690,7.55591,879.56641,0.22938,0
1528,343.93859,130.00615,373.91130,12,1,0,0.25421,1.00000,6.00000,698.44690,7.90125,919.76746,0.28640,0
1529,344.08408,169.09334,413.15452,12,1,0,0.25331,1.00000,7.00000,814.85468,8.09616,942.45630,0.29216,0
1530,343.91068,208.70800,374.41478,12,1,0,0.24724,1.00000,6.40312,745.37372,8.12752,946.10657,0.29210,0
1531,344.05617,247.79519,413.65799,12,1,0,0.25157,1.00000,6.00000,698.44690,7.94717,925.11224,0.28237,0
1532,343.88276,287.40985,374.91825,12,1,0,0.25017,1.00000,7.00000,814.85468,8.21096,955.81964,0.30182,0
1533,344.02825,326.49704,414.16147,12,1,0,0.25478,1.00000,6.00000,698.44690,7.68152,894.18927,0.25702,0
1534,344.00034,405.19889,414.66494,12,1,0,0.25259,1.00000,6.00000,698.44690,8.01237,932.70215,0.26893,0
1535,343.97242,483.90074,415.16841,12,1,0,0.27923,0.99725,5.00000,582.03906,6.96332,810.58527,0.23930,0
1536,344.11791,522.98793,454.41163,12,1,0,0.25035,1.00000,6.00000,698.44690,8.32309,968.87299,0.30438,0
1537,343.94451,562.60260,415.67188,12,1,0,0.24724,1.00000,6.00000,698.44690,8.11342,944.46545,0.28147,0
1538,344.09000,601.68978,454.91510,12,1,0,0.25418,1.00000,6.63325,772.16211,8.26710,962.35553,0.30432,0
1539,343.91660,641.30445,416.17535,12,1,0,0.25818,1.00000,6.00000,698.44690,7.67637,893.58917,0.27226,0
1540,344.06209,680.39164,455.41857,12,1,0,0.25035,1.00000,6.00000,698.44690,8.05586,937.76556,0.29549,0
1541,343.88868,720.00630,416.67882,12,1,0,0.25105,1.00000,6.00000,698.44690,7.76521,903.93079,0.26771,0
1542,344.03417,759.09349,455.92204,8,0,0,0.00000,0.00000,0.00000,0.00000,0.00000,0.00000,0.02682,0
1543,344.28540,50.77682,451.39080,8,0,0,0.31238,0.94944,4.00000,465.63126,4.98984,580.85693,0.20595,0
1544,344.25748,129.47868,451.89427,12,1,0,0.24930,1.00000,6.00000,698.44690,7.77574,905.15668,0.27411,0
1545,344.22957,208.18053,452.39774,12,1,0,0.24878,1.00000,6.00000,698.44690,7.95430,925.94324,0.29248,0
1546,344.20165,286.88238,452.90121,12,1,0,0.25453,1.00000,6.00000,698.44690,8.18924,953.29193,0.30336,0
1547,344.34714,325.96957,492.14443,12,1,0,0.25069,1.00000,7.00000,814.85468,7.93144,923.28186,0.28077,0
1548,344.17374,365.58423,453.40468,12,1,0,0.24755,1.00000,6.00000,698.44690,8.01966,933.55133,0.29370,0
1549,344.31923,404.67142,492.64790,12,1,0,0.25532,1.00000,6.00000,698.44690,7.73346,900.23499,0.26502,0
1550,344.14583,444.28608,453.90815,12,1,0,0.25191,1.00000,7.00000,814.85468,8.07210,939.65546,0.30202,0
1551,344.29132,483.37327,493.15137,12,1,0,0.26440,0.99721,5.00000,582.03906,7.30600,850.47552,0.25926,0
1552,344.26340,562.07512,493.65484,12,1,0,0.24690,1.00000,7.00000,814.85468,8.35920,973.07568,0.29875,0
1553,344.23549,640.77697,494.15832,12,1,0,0.25538,1.00000,6.00000,698.44690,8.28848,964.84369,0.30374,0
1554,344.20758,719.47882,494.66179,12,1,0,0.25142,1.00000,6.00000,698.44690,7.80524,908.59064,0.28179,0
1555,344.35307,758.56601,533.90501,8,0,0,0.00000,0.00000,0.00000,0.00000,0.00000,0.00000,0.02784,0
1556,344.60429,50.24935,529.37376,8,0,0,0.29748,0.85994,3.16228,368.11383,4.14552,482.57040,0.19853,0
1557,344.43089,89.86401,490.63401,12,1,0,0.25123,1.00000,6.08276,708.08112,7.89069,918.53815,0.28320,0
1558,344.57638,128.95120,529.87723,12,1,0,0.25157,1.00000,6.00000,698.44690,7.92783,922.86090,0.28352,0
1559,344.40297,168.56586,491.13749,12,1,0,0.24704,1.00000,6.00000,698.44690,7.97319,928.14130,0.28448,0
1560,344.54846,207.65305,530.38070,12,1,0,0.24877,1.00000,6.00000,698.44690,7.94454,924.80597,0.29306,0
1561,344.37506,247.26772,491.64096,12,1,0,0.24470,1.00000,6.08276,708.08112,8.10162,943.09229,0.28237,0
1562,344.52055,286.35490,530.88418,12,1,0,0.24879,1.00000,6.08276,708.08112,8.20399,955.00897,0.30144,0
1563,344.49263,365.05676,531.38765,12,1,0,0.24812,1.00000,6.08276,708.08112,8.31260,967.65137,0.29875,0
1564,344.46472,443.75861,531.89112,12,1,0,0.24470,1.00000,7.00000,814.85468,8.31615,968.06458,0.29741,0
1565,344.61021,482.84580,571.13434,12,1,0,0.24723,1.00000,6.00000,698.44690,8.15524,949.33423,0.29818,0
1566,344.43681,522.46046,532.39459,12,1,0,0.23888,1.00000,6.08276,708.08112,8.61209,1002.51483,0.31430,0
1567,344.58230,561.54765,571.63781,12,1,0,0.23992,1.00000,6.08276,708.08112,8.53080,993.05231,0.30048,0
1568,344.40889,601.16231,532.89806,12,1,0,0.24691,1.00000,6.00000,698.44690,8.33233,969.94788,0.31136,0
1569,344.55438,640.24950,572.14128,12,1,0,0.24567,1.00000,6.00000,698.44690,8.19614,954.09497,0.29818,0
1570,344.38098,679.86416,533.40153,12,1,0,0.24655,1.00000,6.08276,708.08112,8.17006,951.05853,0.28883,0
1571,344.52647,718.95135,572.64475,12,1,0,0.25385,1.00000,6.00000,698.44690,7.98078,929.02460,0.28986,0
1572,344.74978,89.33654,568.61698,12,1,0,0.24775,1.00000,6.08276,708.08112,8.10260,943.20575,0.28896,0
1573,344.72187,168.03839,569.12045,12,1,0,0.25311,1.00000,6.00000,698.44690,8.14179,947.76849,0.29069,0
1574,344.86736,207.12558,608.36367,12,1,0,0.24878,1.00000,6.00000,698.44690,8.15190,948.94513,0.29152,0
1575,344.69395,246.74024,569.62392,12,1,0,0.25070,1.00000,6.00000,698.44690,8.30751,967.05914,0.29331,0
1576,344.83944,285.82743,608.86714,12,1,0,0.25468,1.00000,6.00000,698.44690,8.11006,944.07422,0.27891,0
1577,344.66604,325.44209,570.12739,12,1,0,0.24554,1.00000,6.00000,698.44690,8.27429,963.19257,0.29222,0
1578,344.81153,364.52928,609.37061,12,1,0,0.24216,1.00000,6.08276,708.08112,8.41839,979.96619,0.29946,0
1579,344.63812,404.14394,570.63086,12,1,0,0.24519,1.00000,6.08276,708.08112,8.27814,963.64044,0.29158,0
1580,344.78361,443.23113,609.87408,12,1,0,0.25275,1.00000,7.00000,814.85468,8.32696,969.32373,0.29472,0
1581,344.75570,521.93298,610.37755,12,1,0,0.25192,1.00000,6.00000,698.44690,8.18260,952.51849,0.28896,0
1582,344.72779,600.63484,610.88103,12,1,0,0.24725,1.00000,6.00000,698.44690,8.27356,963.10718,0.29830,0
1583,344.87328,639.72202,650.12424,12,1,0,0.24897,1.00000,6.00000,698.44690,8.33701,970.49274,0.31475,0
1584,344.69987,679.33669,611.38450,12,1,0,0.24913,1.00000,6.00000,698.44690,7.99138,930.25934,0.28250,0
1585,344.84536,718.42388,650.62772,12,1,0,0.24965,1.00000,6.00000,698.44690,8.03382,935.19922,0.29146,0
1586,344.67196,758.03854,611.88797,8,0,0,0.00000,0.00000,0.00000,0.00000,0.00000,0.00000,0.02880,0
1587,344.92318,49.72187,607.35672,8,0,0,0.31099,0.93036,4.00000,465.63126,4.79451,558.11896,0.18938,0
1588,345.06867,88.80906,646.59994,12,1,0,0.26385,1.00000,5.38516,626.87524,7.50236,873.33313,0.27430,0
1589,344.89527,128.42373,607.86020,12,1,0,0.24587,1.00000,6.08276,708.08112,8.11418,944.55414,0.28301,0
1590,345.04076,167.51091,647.10341,12,1,0,0.24776,1.00000,6.00000,698.44690,8.33772,970.57587,0.29523,0
1591,345.01284,246.21277,647.60689,12,1,0,0.24983,1.00000,6.00000,698.44690,8.16697,950.69891,0.28883,0
1592,344.98493,324.91462,648.11036,12,1,0,0.25490,1.00000,6.16441,717.58594,8.17219,951.30664,0.27987,0
1593,344.95702,403.61647,648.61383,12,1,0,0.24965,1.00000,6.00000,698.44690,8.17950,952.15753,0.27885,0
1594,345.10251,442.70366,687.85705,12,1,0,0.24846,1.00000,6.08276,708.08112,8.29894,966.06110,0.29152,0
1595,344.92910,482.31832,649.11730,12,1,0,0.24914,1.00000,6.16441,717.58594,8.41349,979.39612,0.29446,0
1596,345.07459,521.40551,688.36052,12,1,0,0.24793,1.00000,6.00000,698.44690,8.26815,962.47717,0.28659,0
1597,344.90119,561.02017,649.62077,12,1,0,0.25052,1.00000,6.08276,708.08112,8.36630,973.90320,0.29722,0
1598,345.04668,600.10736,688.86399,12,1,0,0.25452,1.00000,6.16441,717.58594,8.29780,965.92889,0.29088,0
1599,345.01877,678.80921,689.36746,12,1,0,0.25173,1.00000,7.00000,814.85468,8.15969,949.85199,0.29786,0
1600,344.99085,757.51106,689.87093,8,0,0,0.00000,0.00000,0.00000,0.00000,0.00000,0.00000,0.02733,0
1601,345.24208,49.19440,685.33969,8,0,0,0.31330,0.95556,4.12311,479.96170,5.21917,607.55237,0.19821,0
1602,345.21416,127.89625,685.84316,12,1,0,0.25648,1.00000,6.00000,698.44690,8.06978,939.38495,0.27795,0
1603,345.35965,166.98344,725.08638,12,1,0,0.24725,1.00000,7.00000,814.85468,8.31667,968.12573,0.27373,0
1604,345.18625,206.59810,686.34663,12,1,0,0.24653,1.00000,6.00000,698.44690,8.14270,947.87439,0.28774,0
1605,345.33174,245.68529,725.58985,12,1,0,0.24878,1.00000,6.00000,698.44690,8.30125,966.32983,0.29395,0
1606,345.15833,285.29995,686.85010,12,1,0,0.24931,1.00000,6.00000,698.44690,8.20859,955.54443,0.28621,0
1607,345.30382,324.38714,726.09332,12,1,0,0.24605,1.00000,7.00000,814.85468,8.04943,937.01666,0.28102,0
1608,345.13042,364.00181,687.35358,12,1,0,0.25052,1.00000,6.00000,698.44690,8.15414,949.20612,0.28378,0
1609,345.27591,403.08899,726.59679,12,1,0,0.24930,1.00000,6.00000,698.44690,8.03910,935.81390,0.28640,0
1610,345.24800,481.79085,727.10026,12,1,0,0.25017,1.00000,6.32456,736.22766,8.27603,963.39465,0.29670,0
1611,345.22008,560.49270,727.60374,12,1,0,0.24500,1.00000,6.08276,708.08112,8.21912,956.76990,0.29581,0
1612,345.36557,599.57989,766.84695,8,0,0,0.26981,0.79888,2.23607,260.29578,3.27582,381.33069,0.17907,0
1613,345.19217,639.19455,728.10721,12,1,0,0.25433,1.00000,6.08276,708.08112,8.52281,992.12189,0.30771,0
1614,345.33766,678.28174,767.35043,8,0,0,0.28881,0.85042,3.00000,349.22345,3.79575,441.85480,0.18298,0
1615,345.16426,717.89640,728.61068,12,1,0,0.25000,1.00000,6.08276,708.08112,8.10918,943.97229,0.30554,0
1616,345.30975,756.98359,767.85390,5,0,0,0.00000,0.00000,0.00000,0.00000,0.00000,0.00000,0.01146,0
1617,345.56097,48.66692,763.32265,5,0,0,0.32845,0.74930,2.82843,329.25101,3.12435,363.69861,0.11373,0
1618,345.38757,88.28159,724.58291,12,1,0,0.24415,1.00000,7.00000,814.85468,8.30938,967.27728,0.28621,0
1619,345.53306,127.36878,763.82612,8,0,0,0.25380,0.65730,1.00000,116.40781,0.00000,0.00000,0.15763,0
1620,345.50514,206.07063,764.32960,8,0,0,0.28147,0.78889,2.23607,260.29578,2.90084,337.67996,0.18067,0
1621,345.47723,284.77248,764.83307,8,0,0,0.26889,0.77183,3.00000,349.22345,2.72895,317.67081,0.17638,0
1622,345.44931,363.47433,765.33654,8,0,0,0.28515,0.82857,3.00000,349.22345,3.32722,387.31430,0.18662,0
1623,345.42140,442.17618,765.84001,8,0,0,0.27580,0.80337,3.00000,349.22345,3.26628,380.22064,0.18381,0
1624,345.39349,520.87803,766.34348,8,0,0,0.27960,0.78273,2.44949,285.13977,3.07398,357.83524,0.17581,0
1625,381.86031,92.82532,61.65136,8,0,0,0.32772,0.91690,4.00000,465.63126,4.66301,542.81097,0.16275,0
1626,381.83240,171.52717,62.15483,8,0,0,0.30019,0.90141,4.00000,465.63126,4.39385,511.47803,0.16736,0
1627,381.80449,250.22902,62.65830,8,0,0,0.28571,0.83799,3.00000,349.22345,3.60353,419.47961,0.18131,0
1628,381.77657,328.93088,63.16177,8,0,0,0.27882,0.77322,3.00000,349.22345,2.68860,312.97363,0.17331,0
1629,381.74866,407.63273,63.66524,8,0,0,0.28476,0.83193,3.00000,349.22345,3.68966,429.50467,0.17997,0
1630,381.72075,486.33458,64.16871,8,0,0,0.28782,0.81163,3.31662,386.08105,3.36667,391.90628,0.17843,0
1631,381.86624,525.42177,103.41193,12,1,0,0.24739,1.00000,6.00000,698.44690,8.09834,942.70953,0.29434,0
1632,381.69283,565.03643,64.67219,8,0,0,0.28721,0.83611,3.00000,349.22345,3.64507,424.31451,0.18240,0
1633,381.83832,604.12362,103.91540,12,1,0,0.25700,1.00000,6.00000,698.44690,8.12656,945.99554,0.28659,0
1634,381.66492,643.73828,65.17566,8,0,0,0.29366,0.83380,3.16228,368.11383,3.46047,402.82550,0.17037,0
1635,381.81041,682.82547,104.41888,12,1,0,0.24706,1.00000,7.00000,814.85468,8.21061,955.77942,0.28474,0
1636,381.63700,722.44013,65.67913,8,0,0,0.29619,0.86872,3.00000,349.22345,3.94427,459.14343,0.17837,0
1637,381.78249,761.52732,104.92235,8,0,0,0.00000,0.00000,0.00000,0.00000,0.00000,0.00000,0.02541,0
1638,382.03372,53.21066,100.39110,8,0,0,0.32670,0.95568,4.58258,533.44763,4.97996,579.70618,0.18189,0
1639,382.00580,131.91251,100.89457,12,1,0,0.25724,1.00000,6.00000,698.44690,8.08323,940.95105,0.27168,0
1640,381.97789,210.61436,101.39805,12,1,0,0.24913,1.00000,6.00000,698.44690,8.08588,941.25977,0.27763,0
1641,382.12338,249.70155,140.64126,12,1,0,0.24776,1.00000,6.00000,698.44690,8.13767,947.28796,0.28410,0
1642,381.94998,289.31621,101.90152,12,1,0,0.24949,1.00000,7.00000,814.85468,8.17514,951.65021,0.28486,0
1643,382.09547,328.40340,141.14474,12,1,0,0.24742,1.00000,6.08276,708.08112,8.18920,953.28650,0.28736,0
1644,381.92206,368.01806,102.40499,12,1,0,0.25175,1.00000,6.00000,698.44690,7.79443,907.33289,0.27424,0
1645,382.06755,407.10525,141.64821,12,1,0,0.24794,1.00000,7.00000,814.85468,8.38136,975.65527,0.29920,0
1646,381.89415,446.71991,102.90846,12,1,0,0.25069,1.00000,6.00000,698.44690,8.09220,941.99554,0.28928,0
1647,382.03964,485.80710,142.15168,12,1,0,0.25311,1.00000,7.00000,814.85468,8.18139,952.37738,0.29286,0
1648,382.01173,564.50895,142.65515,12,1,0,0.24759,1.00000,6.08276,708.08112,8.31138,967.50928,0.30272,0
1649,381.98381,643.21081,143.15862,12,1,0,0.25611,1.00000,6.00000,698.44690,8.30206,966.42432,0.29466,0
1650,381.95590,721.91266,143.66209,12,1,0,0.25548,1.00000,6.00000,698.44690,7.71378,897.94440,0.27386,0
1651,382.10139,760.99985,182.90531,8,0,0,0.00000,0.00000,0.00000,0.00000,0.00000,0.00000,0.02413,0
1652,382.35261,52.68318,178.37407,8,0,0,0.30957,0.84680,3.16228,368.11383,3.88030,451.69699,0.19072,0
1653,382.17921,92.29785,139.63432,12,1,0,0.25641,1.00000,6.00000,698.44690,7.74935,902.08490,0.27302,0
1654,382.32470,131.38503,178.87754,12,1,0,0.26128,1.00000,6.00000,698.44690,7.42743,864.61145,0.26656,0
1655,382.15129,170.99970,140.13779,12,1,0,0.25850,1.00000,6.00000,698.44690,8.04177,936.12543,0.27328,0
1656,382.29678,210.08689,179.38101,12,1,0,0.24983,1.00000,6.00000,698.44690,7.86920,916.03589,0.28934,0
1657,382.26887,288.78874,179.88448,12,1,0,0.25191,1.00000,6.00000,698.44690,8.07017,939.43066,0.28634,0
1658,382.24096,367.49059,180.38795,12,1,0,0.24860,1.00000,6.00000,698.44690,8.05774,937.98395,0.28006,0
1659,382.21304,446.19244,180.89142,12,1,0,0.25483,1.00000,6.08276,708.08112,8.24433,959.70490,0.28461,0
1660,382.35853,485.27963,220.13464,12,1,0,0.24539,1.00000,6.40312,745.37372,8.26660,962.29694,0.28845,0
1661,382.18513,524.89429,181.39490,12,1,0,0.24673,1.00000,6.00000,698.44690,8.31044,967.40063,0.29350,0
1662,382.33062,563.98148,220.63811,12,1,0,0.24862,1.00000,6.00000,698.44690,8.13472,946.94507,0.28781,0
1663,382.15722,603.59614,181.89837,12,1,0,0.24948,1.00000,6.08276,708.08112,8.17442,951.56586,0.28614,0
1664,382.30271,642.68333,221.14159,12,1,0,0.25017,1.00000,6.00000,698.44690,8.04684,936.71533,0.29587,0
1665,382.12930,682.29799,182.40184,12,1,0,0.24706,1.00000,7.00000,814.85468,8.06049,938.30457,0.28186,0
1666,382.27479,721.38518,221.64506,12,1,0,0.25318,1.00000,6.08276,708.08112,7.87234,916.40161,0.28294,0
1667,382.49810,91.77037,217.61728,12,1,0,0.25000,1.00000,6.08276,708.08112,7.89320,918.83063,0.28256,0
1668,382.47019,170.47222,218.12076,12,1,0,0.25017,1.00000,6.00000,698.44690,8.09667,942.51587,0.27936,0
1669,382.61568,209.55941,257.36397,12,1,0,0.24548,1.00000,6.08276,708.08112,8.05209,937.32617,0.28845,0
1670,382.44227,249.17407,218.62423,12,1,0,0.24636,1.00000,6.00000,698.44690,8.13030,946.43097,0.27987,0
1671,382.58776,288.26126,257.86745,12,1,0,0.24827,1.00000,6.00000,698.44690,8.16796,950.81494,0.29888,0
1672,382.41436,327.87593,219.12770,12,1,0,0.26567,1.00000,5.00000,582.03906,7.20216,838.38727,0.24986,0
1673,382.55985,366.96311,258.37092,12,1,0,0.24948,1.00000,6.00000,698.44690,8.12308,945.58966,0.28774,0
1674,382.38645,406.57778,219.63117,12,1,0,0.24362,1.00000,6.00000,698.44690,8.28046,963.91028,0.28870,0
1675,382.53194,445.66497,258.87439,12,1,0,0.24570,1.00000,6.00000,698.44690,8.23426,958.53247,0.28794,0
1676,382.50402,524.36682,259.37786,12,1,0,0.23699,1.00000,7.00000,814.85468,8.35126,972.15204,0.29651,0
1677,382.47611,603.06867,259.88133,12,1,0,0.25262,1.00000,6.00000,698.44690,7.97181,927.98041,0.27610,0
1678,382.62160,642.15586,299.12455,12,1,0,0.24588,1.00000,6.00000,698.44690,8.08797,941.50287,0.28666,0
1679,382.44819,681.77052,260.38480,12,1,0,0.24634,1.00000,6.00000,698.44690,7.88578,917.96613,0.27718,0
1680,382.59368,720.85771,299.62802,12,1,0,0.25070,1.00000,6.08276,708.08112,7.92968,923.07727,0.27885,0
1681,382.42028,760.47237,260.88828,8,0,0,0.00000,0.00000,0.00000,0.00000,0.00000,0.00000,0.02758,0
1682,382.67150,52.15571,256.35703,8,0,0,0.31967,0.98319,4.58258,533.44763,5.31693,618.93243,0.19226,0
1683,382.81699,91.24290,295.60025,12,1,0,0.24983,1.00000,6.00000,698.44690,7.86617,915.68323,0.25760,0
1684,382.64359,130.85756,256.86050,12,1,0,0.24759,1.00000,6.00000,698.44690,8.07572,940.07678,0.28262,0
1685,382.78908,169.94475,296.10372,12,1,0,0.25761,1.00000,6.00000,698.44690,7.74011,901.00903,0.27270,0
1686,382.76117,248.64660,296.60719,12,1,0,0.24826,1.00000,6.08276,708.08112,8.08166,940.76849,0.27962,0
1687,382.73325,327.34845,297.11066,12,1,0,0.24487,1.00000,7.00000,814.85468,8.31234,967.62152,0.28806,0
1688,382.70534,406.05030,297.61414,12,1,0,0.24741,1.00000,6.00000,698.44690,8.09151,941.91486,0.28371,0
1689,382.85083,445.13749,336.85735,12,1,0,0.25522,1.00000,6.00000,698.44690,8.06040,938.29297,0.28704,0
1690,382.67743,484.75215,298.11761,12,1,0,0.24778,1.00000,7.00000,814.85468,8.30584,966.86462,0.28870,0
1691,382.82292,523.83934,337.36082,12,1,0,0.25227,1.00000,6.00000,698.44690,7.94134,924.43427,0.27603,0
1692,382.64951,563.45401,298.62108,12,1,0,0.24531,1.00000,6.00000,698.44690,8.17675,951.83740,0.28550,0
1693,382.79500,602.54119,337.86430,12,1,0,0.24502,1.00000,6.08276,708.08112,8.17574,951.72015,0.28602,0
1694,382.76709,681.24305,338.36777,12,1,0,0.24586,1.00000,6.00000,698.44690,8.03909,935.81281,0.28672,0
1695,382.73917,759.94490,338.87124,8,0,0,0.00000,0.00000,0.00000,0.00000,0.00000,0.00000,0.02752,0
1696,382.99040,51.62823,334.33999,8,0,0,0.29777,1.00000,5.09902,593.56573,6.43466,749.04449,0.18349,0
1697,382.96248,130.33008,334.84347,12,1,0,0.25580,1.00000,6.63325,772.16211,7.72391,899.12390,0.27987,0
1698,383.10797,169.41727,374.08668,12,1,0,0.25035,1.00000,6.00000,698.44690,7.98527,929.54779,0.28678,0
1699,382.93457,209.03194,335.34694,12,1,0,0.25245,1.00000,6.00000,698.44690,7.77679,905.27972,0.28928,0
1700,383.08006,248.11912,374.59016,12,1,0,0.25017,1.00000,6.00000,698.44690,8.10040,942.94977,0.27949,0
1701,382.90666,287.73379,335.85041,12,1,0,0.25331,1.00000,6.00000,698.44690,7.92748,922.82104,0.28237,0
1702,383.05215,326.82098,375.09363,12,1,0,0.25492,1.00000,6.08276,708.08112,8.01246,932.71259,0.27443,0
1703,382.87874,366.43564,336.35388,12,1,0,0.25123,1.00000,6.00000,698.44690,7.78794,906.57739,0.27520,0
1704,383.02423,405.52283,375.59710,12,1,0,0.25348,1.00000,6.00000,698.44690,8.04103,936.03839,0.27712,0
1705,382.99632,484.22468,376.10057,12,1,0,0.27177,0.98907,4.24264,493.87650,7.13626,830.71613,0.25517,0
1706,382.96841,562.92653,376.60404,12,1,0,0.25035,1.00000,6.00000,698.44690,8.18141,952.38062,0.29920,0
1707,383.11390,602.01372,415.84726,12,1,0,0.25420,1.00000,6.00000,698.44690,8.31568,968.01019,0.28512,0
1708,382.94049,641.62838,377.10751,12,1,0,0.24725,1.00000,6.08276,708.08112,8.10404,943.37360,0.28083,0
1709,383.08598,680.71557,416.35073,12,1,0,0.24965,1.00000,6.00000,698.44690,8.13413,946.87634,0.28653,0
1710,382.91258,720.33023,377.61099,12,1,0,0.25035,1.00000,6.00000,698.44690,7.95714,926.27362,0.27642,0
1711,383.05807,759.41742,416.85420,8,0,0,0.00000,0.00000,0.00000,0.00000,0.00000,0.00000,0.02893,0
1712,383.30929,51.10076,412.32296,8,0,0,0.31584,1.00000,4.47214,520.59155,5.81318,676.69983,0.17434,0
1713,383.13589,90.71542,373.58321,12,1,0,0.28606,0.97500,4.12311,479.96170,5.89830,686.60852,0.23725,0
1714,383.28138,129.80261,412.82643,12,1,0,0.25331,1.00000,6.08276,708.08112,8.00278,931.58557,0.27174,0
1715,383.25346,208.50446,413.32990,12,1,0,0.24877,1.00000,6.00000,698.44690,7.81090,909.25012,0.27661,0
1716,383.22555,287.20631,413.83337,12,1,0,0.25809,1.00000,6.08276,708.08112,7.70924,897.41559,0.26752,0
1717,383.37104,326.29350,453.07659,12,1,0,0.24810,1.00000,6.00000,698.44690,7.94413,924.75861,0.26771,0
1718,383.19764,365.90816,414.33685,12,1,0,0.25493,1.00000,6.00000,698.44690,7.80356,908.39496,0.27488,0
1719,383.34313,404.99535,453.58006,12,1,0,0.25140,1.00000,6.00000,698.44690,7.80315,908.34802,0.26790,0
1720,383.16972,444.61002,414.84032,12,1,0,0.24671,1.00000,6.00000,698.44690,8.01571,933.09106,0.28000,0
1721,383.31521,483.69720,454.08353,12,1,0,0.24706,1.00000,6.16441,717.58594,8.15804,949.65948,0.28749,0
1722,383.14181,523.31187,415.34379,12,1,0,0.25070,1.00000,6.00000,698.44690,8.13528,947.01001,0.27885,0
1723,383.28730,562.39906,454.58701,12,1,0,0.24550,1.00000,6.08276,708.08112,8.26054,961.59119,0.29338,0
1724,383.25938,641.10091,455.09048,12,1,0,0.25086,1.00000,6.00000,698.44690,8.27208,962.93457,0.29568,0
1725,383.23147,719.80276,455.59395,12,1,0,0.25195,1.00000,6.00000,698.44690,7.71693,898.31134,0.27162,0
1726,383.45478,90.18795,451.56618,12,1,0,0.25105,1.00000,6.00000,698.44690,7.84388,913.08881,0.27738,0
1727,383.60027,129.27513,490.80939,12,1,0,0.24722,1.00000,6.16441,717.58594,7.78618,906.37219,0.28691,0
1728,383.42687,168.88980,452.06965,12,1,0,0.25139,1.00000,6.00000,698.44690,7.97916,928.83655,0.27718,0
1729,383.57236,207.97699,491.31287,12,1,0,0.25053,1.00000,6.00000,698.44690,7.71258,897.80457,0.28928,0
1730,383.39895,247.59165,452.57312,12,1,0,0.24390,1.00000,6.00000,698.44690,7.99336,930.48907,0.27814,0
1731,383.54444,286.67884,491.81634,12,1,0,0.24877,1.00000,6.00000,698.44690,7.74214,901.24561,0.27661,0
1732,383.51653,365.38069,492.31981,12,1,0,0.25107,1.00000,6.00000,698.44690,7.72579,899.34186,0.27130,0
1733,383.48862,444.08254,492.82328,12,1,0,0.25552,1.00000,6.08276,708.08112,7.57397,881.66956,0.25997,0
1734,383.46070,522.78439,493.32675,12,1,0,0.24721,1.00000,6.00000,698.44690,7.95859,926.44244,0.28992,0
1735,383.60619,561.87158,532.56997,12,1,0,0.24791,1.00000,7.00000,814.85468,8.04286,936.25177,0.28749,0
1736,383.43279,601.48624,493.83022,12,1,0,0.24947,1.00000,6.00000,698.44690,7.94521,924.88489,0.27539,0
1737,383.57828,640.57343,533.07344,12,1,0,0.24948,1.00000,7.00000,814.85468,8.04665,936.69281,0.29011,0
1738,383.40487,680.18810,494.33370,12,1,0,0.24637,1.00000,6.00000,698.44690,8.00815,932.21136,0.28595,0
1739,383.55036,719.27528,533.57691,12,1,0,0.24930,1.00000,6.00000,698.44690,7.89632,919.19342,0.28000,0
1740,383.37696,758.88995,494.83717,8,0,0,0.00000,0.00000,0.00000,0.00000,0.00000,0.00000,0.02899,0
1741,383.62818,50.57328,490.30592,8,0,0,0.30267,0.86197,3.16228,368.11383,3.83243,446.12451,0.19622,0
1742,383.77367,89.66047,529.54914,12,1,0,0.24860,1.00000,6.08276,708.08112,7.83162,911.66132,0.28659,0
1743,383.74576,168.36232,530.05261,12,1,0,0.25974,1.00000,5.09902,593.56573,7.49739,872.75519,0.25786,0
1744,383.71785,247.06417,530.55608,12,1,0,0.24983,1.00000,6.00000,698.44690,7.91919,921.85571,0.28525,0
1745,383.86334,286.15136,569.79930,12,1,0,0.25467,1.00000,7.00000,814.85468,8.11170,944.26514,0.28333,0
1746,383.68993,325.76603,531.05956,12,1,0,0.24896,1.00000,6.00000,698.44690,8.03394,935.21375,0.28864,0
1747,383.83542,364.85321,570.30277,12,1,0,0.25104,1.00000,6.00000,698.44690,8.06509,938.83954,0.28390,0
1748,383.66202,404.46788,531.56303,12,1,0,0.24754,1.00000,6.00000,698.44690,7.85394,914.26044,0.26854,0
1749,383.80751,443.55507,570.80625,12,1,0,0.25356,1.00000,6.00000,698.44690,7.68744,894.87799,0.26176,0
1750,383.63411,483.16973,532.06650,12,1,0,0.24983,1.00000,6.00000,698.44690,8.05652,937.84180,0.29107,0
1751,383.77960,522.25692,571.30972,12,1,0,0.24931,1.00000,6.00000,698.44690,8.27323,963.06866,0.29414,0
1752,383.75168,600.95877,571.81319,12,1,0,0.25225,1.00000,6.08276,708.08112,8.15971,949.85358,0.28275,0
1753,383.72377,679.66062,572.31666,12,1,0,0.27061,1.00000,5.65685,658.50201,7.17271,834.95898,0.24864,0
1754,383.86926,718.74781,611.55988,12,1,0,0.27231,0.98607,4.24264,493.87650,6.67248,776.72852,0.25440,0
1755,383.69585,758.36247,572.82013,8,0,0,0.00000,0.00000,0.00000,0.00000,0.00000,0.00000,0.02810,0
1756,383.94708,50.04581,568.28889,8,0,0,0.30957,0.87812,4.00000,465.63126,4.16505,484.84464,0.19558,0
1757,384.09257,89.13300,607.53210,12,1,0,0.25052,1.00000,6.40312,745.37372,7.90408,920.09686,0.27219,0
1758,383.91916,128.74766,568.79236,12,1,0,0.25365,1.00000,7.00000,814.85468,8.05306,937.43927,0.27872,0
1759,384.06465,167.83485,608.03558,12,1,0,0.25385,1.00000,6.00000,698.44690,8.06685,939.04480,0.26861,0
1760,383.89125,207.44951,569.29583,12,1,0,0.27218,1.00000,5.38516,626.87524,6.92987,806.69067,0.25190,0
1761,384.03674,246.53670,608.53905,12,1,0,0.24778,1.00000,6.08276,708.08112,8.12055,945.29602,0.27917,0
1762,384.00883,325.23855,609.04252,12,1,0,0.25418,1.00000,6.00000,698.44690,8.09855,942.73425,0.27795,0
1763,383.98091,403.94040,609.54599,12,1,0,0.24913,1.00000,7.00000,814.85468,8.13218,946.64911,0.28083,0
1764,383.95300,482.64225,610.04946,12,1,0,0.24879,1.00000,6.00000,698.44690,8.22310,957.23285,0.29370,0
1765,384.09849,521.72944,649.29268,12,1,0,0.25035,1.00000,6.00000,698.44690,8.16060,949.95746,0.28698,0
1766,383.92509,561.34411,610.55293,12,1,0,0.24793,1.00000,6.00000,698.44690,8.16777,950.79205,0.29395,0
1767,384.07057,600.43129,649.79615,12,1,0,0.24845,1.00000,6.16441,717.58594,8.14200,947.79303,0.29222,0
1768,383.89717,640.04596,611.05641,12,1,0,0.26441,1.00000,6.00000,698.44690,7.53901,877.59961,0.27034,0
1769,384.04266,679.13315,650.29962,12,1,0,0.27991,1.00000,5.00000,582.03906,6.71828,782.06061,0.25389,0
1770,384.01475,757.83500,650.80310,8,0,0,0.00000,0.00000,0.00000,0.00000,0.00000,0.00000,0.02758,0
1771,384.26597,49.51833,646.27185,8,0,0,0.31350,0.92737,4.00000,465.63126,4.70648,547.87122,0.19309,0
1772,384.23806,128.22019,646.77532,12,1,0,0.25261,1.00000,6.08276,708.08112,7.97210,928.01526,0.28493,0
1773,384.21014,206.92204,647.27879,12,1,0,0.25331,1.00000,6.00000,698.44690,8.06485,938.81152,0.27616,0
1774,384.35563,246.00923,686.52201,12,1,0,0.25191,1.00000,6.40312,745.37372,8.01240,932.70648,0.26797,0
1775,384.18223,285.62389,647.78227,12,1,0,0.25017,1.00000,6.00000,698.44690,8.09667,942.51532,0.28070,0
1776,384.32772,324.71108,687.02548,12,1,0,0.24708,1.00000,7.00000,814.85468,8.15742,949.58759,0.28058,0
1777,384.15432,364.32574,648.28574,12,1,0,0.24742,1.00000,7.00000,814.85468,8.31376,967.78693,0.29158,0
1778,384.29981,403.41293,687.52896,12,1,0,0.24226,1.00000,6.40312,745.37372,8.19985,954.52618,0.28851,0
1779,384.12640,443.02759,648.78921,12,1,0,0.25278,1.00000,7.00000,814.85468,8.33787,970.59338,0.28877,0
1780,384.27189,482.11478,688.03243,12,1,0,0.25120,1.00000,6.32456,736.22766,8.25937,961.45532,0.29018,0
1781,384.24398,560.81663,688.53590,12,1,0,0.24483,1.00000,6.00000,698.44690,8.20005,954.54950,0.28832,0
1782,384.21606,639.51848,689.03937,12,1,0,0.24811,1.00000,6.00000,698.44690,8.10859,943.90271,0.28518,0
1783,384.36155,678.60567,728.28259,12,1,0,0.24913,1.00000,6.00000,698.44690,7.95065,925.51758,0.28032,0
1784,384.18815,718.22033,689.54284,12,1,0,0.25320,1.00000,7.00000,814.85468,7.65025,890.54852,0.28672,0
1785,384.33364,757.30752,728.78606,8,0,0,0.00000,0.00000,0.00000,0.00000,0.00000,0.00000,0.02406,0
1786,384.58486,48.99086,724.25482,8,0,0,0.32180,0.95822,4.00000,465.63126,5.05367,588.28699,0.19456,0
1787,384.41146,88.60552,685.51507,12,1,0,0.24629,1.00000,6.00000,698.44690,7.91711,921.61316,0.27661,0
1788,384.55695,127.69271,724.75829,12,1,0,0.24603,1.00000,7.00000,814.85468,7.97995,928.92871,0.27053,0
1789,384.38355,167.30737,686.01854,12,1,0,0.24793,1.00000,6.00000,698.44690,7.98766,929.82605,0.27456,0
1790,384.52904,206.39456,725.26176,12,1,0,0.24480,1.00000,6.08276,708.08112,8.17730,951.90167,0.28890,0
1791,384.50112,285.09641,725.76523,12,1,0,0.24983,1.00000,6.00000,698.44690,7.98726,929.77997,0.28122,0
1792,384.47321,363.79827,726.26870,12,1,0,0.24515,1.00000,6.08276,708.08112,7.87568,916.79108,0.28013,0
1793,384.61870,402.88545,765.51192,8,0,0,0.30431,0.88089,3.31662,386.08105,4.23897,493.44894,0.17280,0
1794,384.44530,442.50012,726.77217,12,1,0,0.24583,1.00000,6.40312,745.37372,7.94853,925.27161,0.27469,0
1795,384.59079,481.58730,766.01539,8,0,0,0.29077,0.82222,2.82843,329.25101,3.45906,402.66104,0.17242,0
1796,384.41738,521.20197,727.27564,12,1,0,0.24247,1.00000,6.16441,717.58594,8.18245,952.50128,0.29318,0
1797,384.56287,560.28916,766.51886,8,0,0,0.28921,0.73654,2.44949,285.13977,2.62146,305.15881,0.15213,0
1798,384.38947,599.90382,727.77912,12,1,0,0.26118,1.00000,5.74456,668.71198,7.63062,888.26416,0.26304,0
1799,384.53496,638.99101,767.02233,8,0,0,0.29103,0.84488,3.00000,349.22345,3.90636,454.73035,0.17190,0
1800,384.50704,717.69286,767.52581,8,0,0,0.29717,0.87356,3.16228,368.11383,4.12761,480.48657,0.17312,0
1801,384.73035,88.07805,763.49803,8,0,0,0.30584,0.92179,4.00000,465.63126,4.63822,539.92487,0.16557,0
1802,384.70244,166.77990,764.00150,8,0,0,0.29641,0.82961,2.82843,329.25101,3.56056,414.47647,0.15827,0
1803,384.67453,245.48175,764.50498,8,0,0,0.27282,0.77971,2.23607,260.29578,0.00000,0.00000,0.16979,0
1804,384.64661,324.18360,765.00845,8,0,0,0.27761,0.76648,2.00000,232.81563,2.46250,286.65427,0.16307,0
1805,420.86222,604.44755,64.84757,8,0,0,0.27378,0.79832,2.82843,329.25101,3.25557,378.97327,0.17523,0
1806,420.83430,683.14940,65.35104,8,0,0,0.30872,0.89197,3.60555,419.71432,4.25000,494.73322,0.17146,0
1807,420.80639,761.85126,65.85451,5,0,0,0.00000,0.00000,0.00000,0.00000,0.00000,0.00000,0.01850,0
1808,421.05761,53.53459,61.32327,5,0,0,0.33171,0.76257,3.00000,349.22345,2.95056,343.46771,0.11123,0
1809,421.02970,132.23644,61.82674,8,0,0,0.30929,0.85753,3.00000,349.22345,3.87151,450.67422,0.16800,0
1810,421.00179,210.93829,62.33021,8,0,0,0.29688,0.84211,3.16228,368.11383,3.53437,411.42886,0.17894,0
1811,420.97387,289.64015,62.83368,8,0,0,0.29331,0.82094,2.82843,329.25101,3.50939,408.52054,0.16166,0
1812,421.11936,328.72733,102.07690,12,1,0,0.25384,1.00000,6.00000,698.44690,8.21102,955.82727,0.29210,0
1813,420.94596,368.34200,63.33715,8,0,0,0.27800,0.78393,2.82843,329.25101,2.91529,339.36282,0.18342,0
1814,421.09145,407.42919,102.58037,12,1,0,0.25017,1.00000,6.16441,717.58594,7.81743,910.01050,0.25920,0
1815,420.91804,447.04385,63.84062,8,0,0,0.29941,0.83471,3.00000,349.22345,3.70833,431.67896,0.18253,0
1816,421.06353,486.13104,103.08384,12,1,0,0.25612,1.00000,7.00000,814.85468,8.16081,949.98169,0.29830,0
1817,420.89013,525.74570,64.34409,8,0,0,0.29017,0.82548,3.00000,349.22345,3.34104,388.92371,0.17498,0
1818,421.03562,564.83289,103.58731,12,1,0,0.24863,1.00000,6.08276,708.08112,8.33893,970.71661,0.29683,0
1819,421.00771,643.53474,104.09078,12,1,0,0.24415,1.00000,7.00000,814.85468,8.61210,1002.51581,0.30202,0
1820,420.97979,722.23659,104.59426,12,1,0,0.25157,1.00000,6.00000,698.44690,8.10576,943.57397,0.29018,0
1821,421.20310,92.62178,100.56648,12,1,0,0.25395,1.00000,6.00000,698.44690,7.79237,907.09253,0.28006,0
1822,421.34859,131.70897,139.80970,12,1,0,0.25335,1.00000,6.00000,698.44690,7.84464,913.17682,0.26669,0
1823,421.17519,171.32363,101.06995,12,1,0,0.25278,1.00000,6.00000,698.44690,8.15377,949.16205,0.29030,0
1824,421.32068,210.41082,140.31317,12,1,0,0.24674,1.00000,7.00000,814.85468,8.27999,963.85535,0.28570,0
1825,421.14727,250.02548,101.57343,12,1,0,0.24983,1.00000,7.00000,814.85468,8.32923,969.58728,0.29197,0
1826,421.29276,289.11267,140.81664,12,1,0,0.24897,1.00000,7.00000,814.85468,8.27775,963.59424,0.28768,0
1827,421.26485,367.81452,141.32012,12,1,0,0.25034,1.00000,7.00000,814.85468,8.30420,966.67377,0.28960,0
1828,421.23694,446.51637,141.82359,12,1,0,0.24216,1.00000,7.00000,814.85468,8.23048,958.09167,0.29370,0
1829,421.20902,525.21823,142.32706,12,1,0,0.24897,1.00000,6.16441,717.58594,8.17768,951.94562,0.28563,0
1830,421.35451,564.30541,181.57028,12,1,0,0.24638,1.00000,6.00000,698.44690,8.36958,974.28400,0.29427,0
1831,421.18111,603.92008,142.83053,12,1,0,0.25934,1.00000,6.00000,698.44690,8.12593,945.92218,0.28685,0
1832,421.32660,643.00727,182.07375,12,1,0,0.24845,1.00000,7.00000,814.85468,8.38807,976.43726,0.31034,0
1833,421.15320,682.62193,143.33400,12,1,0,0.24983,1.00000,6.00000,698.44690,7.91708,921.61005,0.27981,0
1834,421.29869,721.70912,182.57722,12,1,0,0.25140,1.00000,6.08276,708.08112,7.97184,927.98499,0.28371,0
1835,421.12528,761.32378,143.83747,8,0,0,0.00000,0.00000,0.00000,0.00000,0.00000,0.00000,0.02739,0
1836,421.37651,53.00712,139.30623,8,0,0,0.31884,0.92179,3.16228,368.11383,4.77786,556.18079,0.18227,0
1837,421.52200,92.09430,178.54945,12,1,0,0.25492,1.00000,6.00000,698.44690,8.09000,941.73956,0.29075,0
1838,421.49408,170.79616,179.05292,12,1,0,0.24659,1.00000,6.00000,698.44690,8.42602,980.85406,0.29536,0
1839,421.46617,249.49801,179.55639,12,1,0,0.25070,1.00000,6.00000,698.44690,8.30261,966.48859,0.28710,0
1840,421.61166,288.58520,218.79961,12,1,0,0.24563,1.00000,6.00000,698.44690,7.92424,922.44354,0.29114,0
1841,421.43825,328.19986,180.05986,12,1,0,0.24743,1.00000,6.08276,708.08112,8.20767,955.43726,0.29510,0
1842,421.58374,367.28705,219.30308,12,1,0,0.24844,1.00000,6.00000,698.44690,8.11990,945.22021,0.28243,0
1843,421.41034,406.90171,180.56333,12,1,0,0.24539,1.00000,6.08276,708.08112,8.38985,976.64441,0.29011,0
1844,421.55583,445.98890,219.80655,12,1,0,0.24845,1.00000,6.00000,698.44690,8.28423,964.34857,0.28390,0
1845,421.38243,485.60356,181.06681,12,1,0,0.24522,1.00000,6.40312,745.37372,8.31428,967.84766,0.29370,0
1846,421.52792,524.69075,220.31002,12,1,0,0.24571,1.00000,6.08276,708.08112,8.27587,963.37628,0.28723,0
1847,421.50000,603.39260,220.81349,12,1,0,0.24334,1.00000,6.08276,708.08112,8.40249,978.11566,0.29421,0
1848,421.47209,682.09445,221.31697,12,1,0,0.24948,1.00000,6.08276,708.08112,7.93647,923.86755,0.28915,0
1849,421.61758,721.18164,260.56018,12,1,0,0.24843,1.00000,6.00000,698.44690,7.98515,929.53345,0.28250,0
1850,421.44418,760.79631,221.82044,8,0,0,0.00000,0.00000,0.00000,0.00000,0.00000,0.00000,0.02867,0
1851,421.69540,52.47964,217.28919,8,0,0,0.28440,0.77933,2.82843,329.25101,3.09865,360.70691,0.19014,0
1852,421.84089,91.56683,256.53241,12,1,0,0.25035,1.00000,6.00000,698.44690,7.91127,920.93408,0.27853,0
1853,421.66749,131.18149,217.79266,12,1,0,0.25390,1.00000,6.00000,698.44690,7.66619,892.40479,0.27686,0
1854,421.81298,170.26868,257.03588,12,1,0,0.25314,1.00000,6.00000,698.44690,8.03767,935.64771,0.28186,0
1855,421.63957,209.88334,218.29614,12,1,0,0.25140,1.00000,6.00000,698.44690,7.90840,920.59912,0.29062,0
1856,421.78506,248.97053,257.53935,12,1,0,0.25262,1.00000,6.00000,698.44690,8.08678,941.36389,0.28864,0
1857,421.75715,327.67238,258.04283,12,1,0,0.24657,1.00000,7.00000,814.85468,8.24746,960.06885,0.28947,0
1858,421.72923,406.37424,258.54630,12,1,0,0.24412,1.00000,6.16441,717.58594,8.20630,955.27765,0.28659,0
1859,421.87472,445.46142,297.78952,12,1,0,0.24793,1.00000,6.00000,698.44690,8.35819,972.95880,0.29862,0
1860,421.70132,485.07609,259.04977,12,1,0,0.25155,1.00000,7.00000,814.85468,8.33652,970.43652,0.29792,0
1861,421.84681,524.16328,298.29299,12,1,0,0.24811,1.00000,7.00000,814.85468,8.40500,978.40729,0.29997,0
1862,421.67341,563.77794,259.55324,12,1,0,0.24463,1.00000,6.08276,708.08112,8.22820,957.82709,0.28403,0
1863,421.81890,602.86513,298.79646,12,1,0,0.25612,1.00000,6.00000,698.44690,8.12966,946.35632,0.28845,0
1864,421.64549,642.47979,260.05671,12,1,0,0.25000,1.00000,6.00000,698.44690,8.25697,961.17542,0.29190,0
1865,421.79098,681.56698,299.29993,12,1,0,0.24721,1.00000,6.00000,698.44690,7.94174,924.48071,0.28512,0
1866,421.76307,760.26883,299.80340,8,0,0,0.00000,0.00000,0.00000,0.00000,0.00000,0.00000,0.02701,0
1867,422.01429,51.95217,295.27216,8,0,0,0.30733,0.89835,3.00000,349.22345,4.32262,503.18680,0.19482,0
1868,421.98638,130.65402,295.77563,12,1,0,0.25367,1.00000,6.00000,698.44690,8.08092,940.68250,0.28806,0
1869,421.95846,209.35587,296.27910,12,1,0,0.24639,1.00000,6.08276,708.08112,8.17454,951.58063,0.29542,0
1870,422.10395,248.44306,335.52232,12,1,0,0.25174,1.00000,6.00000,698.44690,7.96458,927.13916,0.27552,0
1871,421.93055,288.05772,296.78257,12,1,0,0.25174,1.00000,6.00000,698.44690,8.32000,968.51343,0.30336,0
1872,422.07604,327.14491,336.02579,12,1,0,0.25296,1.00000,7.00000,814.85468,7.93842,924.09418,0.26874,0
1873,421.90264,366.75957,297.28604,12,1,0,0.25086,1.00000,7.00000,814.85468,8.29212,965.26721,0.28966,0
1874,422.04813,405.84676,336.52926,12,1,0,0.25017,1.00000,7.00000,814.85468,7.97707,928.59344,0.26413,0
1875,422.02021,484.54861,337.03273,12,1,0,0.24879,1.00000,7.00000,814.85468,8.11136,944.22595,0.28435,0
1876,421.99230,563.25046,337.53620,12,1,0,0.24776,1.00000,6.00000,698.44690,8.14122,947.70184,0.28314,0
1877,421.96439,641.95232,338.03968,12,1,0,0.25621,1.00000,6.00000,698.44690,8.06442,938.76123,0.27520,0
1878,422.10988,681.03950,377.28289,12,1,0,0.25541,1.00000,6.00000,698.44690,8.11631,944.80145,0.28934,0
1879,421.93647,720.65417,338.54315,12,1,0,0.25035,1.00000,6.00000,698.44690,7.99772,930.99744,0.28851,0
1880,422.08196,759.74136,377.78637,8,0,0,0.00000,0.00000,0.00000,0.00000,0.00000,0.00000,0.02662,0
1881,422.33319,51.42469,373.25512,8,0,0,0.29557,0.84270,3.00000,349.22345,3.59796,418.83078,0.19443,0
1882,422.15978,91.03936,334.51538,12,1,0,0.25193,1.00000,6.00000,698.44690,7.82763,911.19751,0.27910,0
1883,422.30527,130.12654,373.75859,12,1,0,0.26112,1.00000,6.00000,698.44690,7.66859,892.68414,0.28525,0
1884,422.13187,169.74121,335.01885,12,1,0,0.25472,1.00000,6.00000,698.44690,7.98197,929.16315,0.26381,0
1885,422.27736,208.82840,374.26206,12,1,0,0.25296,1.00000,6.00000,698.44690,8.05487,937.65021,0.28883,0
1886,422.24944,287.53025,374.76554,12,1,0,0.24635,1.00000,6.00000,698.44690,7.99449,930.62109,0.29402,0
1887,422.22153,366.23210,375.26901,12,1,0,0.26024,1.00000,6.00000,698.44690,7.79595,907.50909,0.27546,0
1888,422.36702,405.31929,414.51223,12,1,0,0.24982,1.00000,6.08276,708.08112,7.77706,905.31097,0.26598,0
1889,422.19362,444.93395,375.77248,12,1,0,0.25645,1.00000,6.16441,717.58594,8.15657,949.48798,0.28595,0
1890,422.33911,484.02114,415.01570,12,1,0,0.24638,1.00000,7.00000,814.85468,8.14123,947.70319,0.28435,0
1891,422.16570,523.63580,376.27595,12,1,0,0.24640,1.00000,7.00000,814.85468,8.49545,988.93665,0.30509,0
1892,422.31119,562.72299,415.51917,12,1,0,0.24622,1.00000,6.16441,717.58594,8.16703,950.70648,0.28051,0
1893,422.13779,602.33765,376.77942,12,1,0,0.24810,1.00000,6.08276,708.08112,8.32757,969.39441,0.29440,0
1894,422.28328,641.42484,416.02264,12,1,0,0.24501,1.00000,6.00000,698.44690,8.05835,938.05487,0.28256,0
1895,422.25537,720.12669,416.52611,12,1,0,0.24947,1.00000,6.00000,698.44690,7.89727,919.30402,0.28128,0
1896,422.47868,90.51188,412.49834,12,1,0,0.28077,0.96944,4.12311,479.96170,5.72297,666.19879,0.24186,0
1897,422.62417,129.59907,451.74156,12,1,0,0.25106,1.00000,6.63325,772.16211,7.76580,903.99988,0.27718,0
1898,422.45076,169.21373,413.00181,12,1,0,0.24878,1.00000,6.00000,698.44690,7.82592,910.99854,0.27322,0
1899,422.59625,208.30092,452.24503,12,1,0,0.24705,1.00000,6.00000,698.44690,7.96217,926.85834,0.28544,0
1900,422.42285,247.91558,413.50528,12,1,0,0.25313,1.00000,6.00000,698.44690,8.08256,940.87366,0.28077,0
1901,422.56834,287.00277,452.74850,12,1,0,0.24625,1.00000,6.78233,789.51624,8.18825,953.17670,0.29722,0
1902,422.39493,326.61744,414.00875,12,1,0,0.25087,1.00000,6.08276,708.08112,7.82215,910.55951,0.26899,0
1903,422.54042,365.70462,453.25197,12,1,0,0.24774,1.00000,6.00000,698.44690,8.05671,937.86426,0.28915,0
1904,422.51251,444.40648,453.75544,12,1,0,0.24242,1.00000,7.00000,814.85468,8.23571,958.70160,0.28992,0
1905,422.48460,523.10833,454.25892,12,1,0,0.24302,1.00000,7.00000,814.85468,8.42917,981.22101,0.30118,0
1906,422.45668,601.81018,454.76239,12,1,0,0.24365,1.00000,6.16441,717.58594,8.48509,987.73035,0.30662,0
1907,422.60217,640.89737,494.00560,12,1,0,0.25225,1.00000,6.00000,698.44690,8.07442,939.92523,0.27853,0
1908,422.42877,680.51203,455.26586,12,1,0,0.25455,1.00000,6.00000,698.44690,7.58213,882.61957,0.26451,0
1909,422.57426,719.59922,494.50908,12,1,0,0.24824,1.00000,6.00000,698.44690,7.87575,916.79907,0.28570,0
1910,422.40086,759.21388,455.76933,8,0,0,0.00000,0.00000,0.00000,0.00000,0.00000,0.00000,0.03034,0
1911,422.65208,50.89722,451.23809,8,0,0,0.30230,0.91365,3.00000,349.22345,4.74044,551.82422,0.20000,0
1912,422.79757,89.98441,490.48130,12,1,0,0.25017,1.00000,6.00000,698.44690,8.01954,933.53754,0.28192,0
1913,422.76965,168.68626,490.98477,12,1,0,0.25421,1.00000,6.00000,698.44690,7.93789,924.03296,0.27533,0
1914,422.74174,247.38811,491.48825,12,1,0,0.24825,1.00000,6.00000,698.44690,7.93852,924.10590,0.27475,0
1915,422.71383,326.08996,491.99172,12,1,0,0.25103,1.00000,6.08276,708.08112,8.08838,941.55109,0.28102,0
1916,422.85932,365.17715,531.23494,12,1,0,0.25700,1.00000,6.00000,698.44690,8.05913,938.14532,0.29798,0
1917,422.68591,404.79181,492.49519,12,1,0,0.25000,1.00000,6.00000,698.44690,7.83954,912.58423,0.26822,0
1918,422.83140,443.87900,531.73841,12,1,0,0.25225,1.00000,7.00000,814.85468,8.15210,948.96777,0.29229,0
1919,422.65800,483.49366,492.99866,12,1,0,0.24845,1.00000,6.00000,698.44690,8.15338,949.11688,0.27635,0
1920,422.80349,522.58085,532.24188,12,1,0,0.24483,1.00000,6.08276,708.08112,8.26821,962.48450,0.30822,0
1921,422.63009,562.19552,493.50213,12,1,0,0.24384,1.00000,6.63325,772.16211,8.28642,964.60388,0.29792,0
1922,422.77558,601.28270,532.74535,12,1,0,0.25570,1.00000,6.00000,698.44690,7.87260,916.43170,0.28576,0
1923,422.74766,679.98456,533.24882,12,1,0,0.25035,1.00000,6.08276,708.08112,8.02370,934.02094,0.28390,0
1924,422.71975,758.68641,533.75229,8,0,0,0.00000,0.00000,0.00000,0.00000,0.00000,0.00000,0.02778,0
1925,422.97097,50.36974,529.22105,8,0,0,0.30673,0.88366,3.16228,368.11383,3.89863,453.83157,0.20621,0
1926,423.11646,89.45693,568.46427,12,1,0,0.25227,1.00000,6.00000,698.44690,7.88081,917.38770,0.28218,0
1927,422.94306,129.07159,529.72452,12,1,0,0.25539,1.00000,6.92820,806.49695,7.85423,914.29388,0.27808,0
1928,423.08855,168.15878,568.96774,12,1,0,0.25384,1.00000,7.00000,814.85468,8.04665,936.69238,0.28294,0
1929,422.91514,207.77345,530.22799,12,1,0,0.26211,1.00000,6.00000,698.44690,7.79836,907.79022,0.28794,0
1930,423.06063,246.86063,569.47121,12,1,0,0.25069,1.00000,6.00000,698.44690,8.22830,957.83832,0.29389,0
1931,422.88723,286.47530,530.73146,12,1,0,0.24826,1.00000,6.08276,708.08112,8.15174,948.92603,0.29824,0
1932,423.03272,325.56249,569.97468,12,1,0,0.24622,1.00000,7.00000,814.85468,8.13021,946.42053,0.28685,0
1933,423.00481,404.26434,570.47815,12,1,0,0.24709,1.00000,6.00000,698.44690,8.18908,953.27295,0.28941,0
1934,422.97689,482.96619,570.98163,12,1,0,0.27361,1.00000,4.47214,520.59155,7.27553,846.92896,0.26906,0
1935,423.12238,522.05338,610.22484,12,1,0,0.25490,1.00000,6.00000,698.44690,8.15068,948.80304,0.28090,0
1936,422.94898,561.66804,571.48510,12,1,0,0.24741,1.00000,7.00000,814.85468,8.22740,957.73315,0.29152,0
1937,423.09447,600.75523,610.72831,12,1,0,0.25349,1.00000,6.00000,698.44690,8.19957,954.49396,0.29331,0
1938,422.92107,640.36989,571.98857,12,1,0,0.25336,1.00000,6.00000,698.44690,7.74339,901.39154,0.28141,0
1939,423.06656,679.45708,611.23179,12,1,0,0.00000,0.00000,0.00000,0.00000,0.00000,0.00000,0.00000,0
1940,422.89315,719.07174,572.49204,12,1,0,0.26866,1.00000,5.00000,582.03906,7.21418,839.78717,0.26195,0
1941,423.03864,758.15893,611.73526,8,0,0,0.00000,0.00000,0.00000,0.00000,0.00000,0.00000,0.02598,0
1942,423.28987,49.84227,607.20401,8,0,0,0.31045,0.86188,3.00000,349.22345,4.00000,465.63126,0.18458,0
1943,423.26195,128.54412,607.70749,12,1,0,0.24948,1.00000,6.08276,708.08112,7.99180,930.30774,0.28429,0
1944,423.23404,207.24597,608.21096,12,1,0,0.25421,1.00000,6.00000,698.44690,7.91442,921.30029,0.28173,0
1945,423.20612,285.94782,608.71443,12,1,0,0.25121,1.00000,6.00000,698.44690,8.10723,943.74518,0.28474,0
1946,423.35161,325.03501,647.95765,12,1,0,0.24931,1.00000,7.00000,814.85468,8.25915,961.42932,0.28781,0
1947,423.17821,364.64967,609.21790,12,1,0,0.24655,1.00000,6.00000,698.44690,8.09329,942.12213,0.27590,0
1948,423.32370,403.73686,648.46112,12,1,0,0.24584,1.00000,6.00000,698.44690,8.16727,950.73389,0.28192,0
1949,423.15030,443.35153,609.72137,12,1,0,0.24896,1.00000,6.16441,717.58594,8.24478,959.75708,0.28838,0
1950,423.29579,482.43871,648.96459,12,1,0,0.24519,1.00000,6.08276,708.08112,8.19432,953.88275,0.28544,0
1951,423.26787,561.14057,649.46806,12,1,0,0.24586,1.00000,6.00000,698.44690,8.27024,962.72089,0.29229,0
1952,423.23996,639.84242,649.97153,12,1,0,0.26396,1.00000,5.38516,626.87524,7.79118,906.95422,0.27859,0
1953,423.21205,718.54427,650.47500,12,1,0,0.26744,0.97183,4.24264,493.87650,6.56080,763.72864,0.27827,0
1954,423.35754,757.63146,689.71822,8,0,0,0.00000,0.00000,0.00000,0.00000,0.00000,0.00000,0.02906,0
1955,423.60876,49.31479,685.18698,8,0,0,0.30881,0.89106,4.00000,465.63126,4.38971,510.99603,0.19334,0
1956,423.43536,88.92946,646.44723,12,1,0,0.25690,1.00000,6.00000,698.44690,7.90433,920.12518,0.29171,0
1957,423.58084,128.01664,685.69045,12,1,0,0.24740,1.00000,7.00000,814.85468,8.03905,935.80859,0.26816,0
1958,423.40744,167.63131,646.95070,12,1,0,0.24625,1.00000,7.00000,814.85468,8.37351,974.74182,0.29530,0
1959,423.55293,206.71850,686.19392,12,1,0,0.24791,1.00000,6.00000,698.44690,8.04252,936.21179,0.28339,0
1960,423.37953,246.33316,647.45417,12,1,0,0.24213,1.00000,6.63325,772.16211,8.30526,966.79700,0.28659,0
1961,423.52502,285.42035,686.69739,12,1,0,0.24530,1.00000,6.00000,698.44690,7.99928,931.17908,0.26771,0
1962,423.49710,364.12220,687.20086,12,1,0,0.25000,1.00000,6.00000,698.44690,8.04436,936.42639,0.28115,0
1963,423.46919,442.82405,687.70434,12,1,0,0.24554,1.00000,7.00000,814.85468,8.14932,948.64496,0.28243,0
1964,423.61468,481.91124,726.94755,12,1,0,0.24726,1.00000,7.00000,814.85468,8.30927,967.26453,0.29645,0
1965,423.44128,521.52590,688.20781,12,1,0,0.24739,1.00000,6.00000,698.44690,8.24296,959.54541,0.28518,0
1966,423.58677,560.61309,727.45103,12,1,0,0.23904,1.00000,6.08276,708.08112,8.40347,978.22949,0.29914,0
1967,423.41336,600.22775,688.71128,12,1,0,0.24449,1.00000,6.00000,698.44690,8.27081,962.78717,0.29267,0
1968,423.55885,639.31494,727.95450,12,1,0,0.24387,1.00000,6.16441,717.58594,8.44796,983.40912,0.30547,0
1969,423.38545,678.92961,689.21475,12,1,0,0.25674,1.00000,6.00000,698.44690,7.74536,901.62073,0.28064,0
1970,423.53094,718.01679,728.45797,12,1,0,0.25069,1.00000,6.00000,698.44690,7.97831,928.73773,0.28813,0
1971,423.75425,88.40198,724.43020,12,1,0,0.24347,1.00000,7.00000,814.85468,8.36745,974.03674,0.29632,0
1972,423.72633,167.10383,724.93367,12,1,0,0.25294,1.00000,6.08276,708.08112,8.33933,970.76337,0.28755,0
1973,423.87182,206.19102,764.17688,8,0,0,0.29203,0.82609,2.82843,329.25101,3.56653,415.17224,0.17344,0
1974,423.69842,245.80568,725.43714,12,1,0,0.24282,1.00000,6.00000,698.44690,8.36007,973.17773,0.28845,0
1975,423.84391,284.89287,764.68036,8,0,0,0.28884,0.79890,3.00000,349.22345,3.02256,351.85001,0.17152,0
1976,423.67051,324.50754,725.94061,12,1,0,0.24537,1.00000,6.92820,806.49695,8.05847,938.06842,0.28128,0
1977,423.81600,363.59472,765.18383,8,0,0,0.27745,0.79718,2.23607,260.29578,3.04049,353.93729,0.17478,0
1978,423.64259,403.20939,726.44408,12,1,0,0.24791,1.00000,6.00000,698.44690,8.05720,937.92065,0.28038,0
1979,423.78808,442.29658,765.68730,8,0,0,0.27470,0.77222,3.00000,349.22345,2.83654,330.19525,0.17037,0
1980,423.76017,520.99843,766.19077,8,0,0,0.26889,0.75068,2.00000,232.81563,2.23640,260.33484,0.17734,0
1981,423.73226,599.70028,766.69424,8,0,0,0.27960,0.78273,3.00000,349.22345,2.86250,333.21738,0.16710,0
1982,423.70434,678.40213,767.19771,8,0,0,0.29119,0.85634,3.00000,349.22345,3.86622,450.05878,0.17632,0
1983,423.67643,757.10398,767.70119,5,0,0,0.00000,0.00000,0.00000,0.00000,0.00000,0.00000,0.01613,0
1984,423.92765,48.78732,763.16994,5,0,0,0.33546,0.71858,2.82843,329.25101,3.23194,376.22305,0.11213,0
1985,423.89974,127.48917,763.67341,8,0,0,0.29199,0.83520,3.31662,386.08105,3.67903,428.26810,0.16922,0
1986,460.11534,407.75312,63.51253,8,0,0,0.28711,0.82584,3.00000,349.22345,3.50674,408.21237,0.17856,0
1987,460.08743,486.45497,64.01600,8,0,0,0.27767,0.78711,2.00000,232.81563,2.75000,320.12149,0.18086,0
1988,460.05951,565.15682,64.51948,8,0,0,0.29155,0.83565,3.00000,349.22345,3.58563,417.39520,0.18067,0
1989,460.03160,643.85867,65.02295,8,0,0,0.28304,0.79282,3.00000,349.22345,3.05303,355.39597,0.17299,0
1990,460.00369,722.56053,65.52642,8,0,0,0.30718,0.88187,3.60555,419.71432,4.30000,500.55362,0.17114,0
1991,460.22700,92.94571,61.49865,8,0,0,0.29582,0.82044,3.00000,349.22345,3.28485,382.38202,0.16486,0
1992,460.37249,132.03290,100.74186,12,1,0,0.25246,1.00000,6.00000,698.44690,7.88958,918.40869,0.26867,0
1993,460.19908,171.64757,62.00212,8,0,0,0.27245,0.73352,2.00000,232.81563,2.46522,286.97055,0.16518,0
1994,460.34457,210.73475,101.24533,12,1,0,0.25478,1.00000,6.00000,698.44690,7.96438,927.11578,0.27757,0
1995,460.17117,250.34942,62.50559,8,0,0,0.28140,0.81638,3.00000,349.22345,3.36154,391.30933,0.17376,0
1996,460.31666,289.43661,101.74881,12,1,0,0.24669,1.00000,6.08276,708.08112,7.84049,912.69373,0.26285,0
1997,460.14326,329.05127,63.00906,8,0,0,0.28180,0.79778,2.00000,232.81563,2.44415,284.51804,0.18349,0
1998,460.28875,368.13846,102.25228,12,1,0,0.25104,1.00000,6.08276,708.08112,8.12708,946.05615,0.28064,0
1999,460.26083,446.84031,102.75575,12,1,0,0.25434,1.00000,7.00000,814.85468,7.96354,927.01880,0.28173,0
2000,460.23292,525.54216,103.25922,12,1,0,0.24773,1.00000,6.00000,698.44690,7.93646,923.86597,0.27763,0
2001,460.20500,604.24401,103.76269,12,1,0,0.25139,1.00000,6.00000,698.44690,8.21793,956.63135,0.28947,0
2002,460.35049,643.33120,143.00591,12,1,0,0.25783,1.00000,5.83095,678.76831,7.59597,884.23004,0.26131,0
2003,460.17709,682.94586,104.26616,12,1,0,0.27873,0.98626,4.35890,507.40991,6.77637,788.82239,0.24896,0
2004,460.32258,722.03305,143.50938,12,1,0,0.27371,0.98886,4.35890,507.40991,6.62669,771.39795,0.25261,0
2005,460.14918,761.64771,104.76964,8,0,0,0.00000,0.00000,0.00000,0.00000,0.00000,0.00000,0.02304,0
2006,460.40040,53.33105,100.23839,8,0,0,0.30857,0.91011,4.00000,465.63126,4.52840,527.14087,0.18541,0
2007,460.54589,92.41824,139.48161,12,1,0,0.25468,1.00000,6.00000,698.44690,7.63472,888.74146,0.26618,0
2008,460.51798,171.12009,139.98508,12,1,0,0.25228,1.00000,6.00000,698.44690,7.86034,915.00537,0.27763,0
2009,460.49006,249.82194,140.48855,12,1,0,0.25334,1.00000,6.00000,698.44690,7.93268,923.42578,0.27667,0
2010,460.46215,328.52379,140.99202,12,1,0,0.25209,1.00000,6.08276,708.08112,7.86085,915.06482,0.26669,0
2011,460.60764,367.61098,180.23524,12,1,0,0.24534,1.00000,6.00000,698.44690,8.20220,954.80005,0.28678,0
2012,460.43424,407.22565,141.49550,12,1,0,0.24145,1.00000,6.70820,780.88733,7.97699,928.58405,0.26963,0
2013,460.57973,446.31283,180.73871,12,1,0,0.24619,1.00000,6.00000,698.44690,8.02511,934.18512,0.28384,0
2014,460.40632,485.92750,141.99897,12,1,0,0.24983,1.00000,6.08276,708.08112,8.08624,941.30115,0.27219,0
2015,460.55181,525.01469,181.24219,12,1,0,0.24810,1.00000,6.08276,708.08112,8.15390,949.17767,0.28314,0
2016,460.37841,564.62935,142.50244,12,1,0,0.23846,1.00000,6.08276,708.08112,8.02851,934.58075,0.27757,0
2017,460.52390,603.71654,181.74566,12,1,0,0.24722,1.00000,6.00000,698.44690,8.22814,957.82001,0.28723,0
2018,460.49598,682.41839,182.24913,12,1,0,0.26174,1.00000,5.09902,593.56573,7.16292,833.82019,0.25190,0
2019,460.46807,761.12024,182.75260,8,0,0,0.00000,0.00000,0.00000,0.00000,0.00000,0.00000,0.02803,0
2020,460.71929,52.80358,178.22136,8,0,0,0.31256,0.91436,3.60555,419.71432,4.59923,535.38684,0.19174,0
2021,460.86478,91.89076,217.46457,12,1,0,0.25301,1.00000,6.00000,698.44690,7.79218,907.07043,0.27494,0
2022,460.69138,131.50543,178.72483,12,1,0,0.24878,1.00000,6.00000,698.44690,7.89422,918.94928,0.28448,0
2023,460.83687,170.59262,217.96805,12,1,0,0.24863,1.00000,7.00000,814.85468,8.14228,947.82489,0.27366,0
2024,460.66347,210.20728,179.22830,12,1,0,0.25246,1.00000,6.00000,698.44690,7.76935,904.41284,0.26771,0
2025,460.80896,249.29447,218.47152,12,1,0,0.24721,1.00000,6.00000,698.44690,7.95417,925.92804,0.27162,0
2026,460.63555,288.90913,179.73177,12,1,0,0.24553,1.00000,6.00000,698.44690,8.29108,965.14655,0.28838,0
2027,460.78104,327.99632,218.97499,12,1,0,0.25559,1.00000,6.16441,717.58594,8.12089,945.33557,0.27411,0
2028,460.75313,406.69817,219.47846,12,1,0,0.24502,1.00000,6.08276,708.08112,8.16358,950.30481,0.27341,0
2029,460.72522,485.40002,219.98193,12,1,0,0.24691,1.00000,6.08276,708.08112,7.96726,927.45154,0.27923,0
2030,460.87070,524.48721,259.22515,12,1,0,0.24759,1.00000,6.00000,698.44690,8.15803,949.65851,0.27821,0
2031,460.69730,564.10187,220.48540,12,1,0,0.24620,1.00000,6.00000,698.44690,8.08943,941.67285,0.29011,0
2032,460.84279,603.18906,259.72862,12,1,0,0.25349,1.00000,6.00000,698.44690,8.10455,943.43286,0.28845,0
2033,460.66939,642.80373,220.98887,12,1,0,0.25560,1.00000,6.00000,698.44690,8.01664,933.19958,0.28083,0
2034,460.81488,681.89091,260.23209,12,1,0,0.25523,1.00000,6.92820,806.49695,7.99544,930.73169,0.28077,0
2035,460.64147,721.50558,221.49235,12,1,0,0.24126,1.00000,6.00000,698.44690,7.89112,918.58838,0.28026,0
2036,460.78696,760.59277,260.73556,8,0,0,0.00000,0.00000,0.00000,0.00000,0.00000,0.00000,0.02496,0
2037,461.03819,52.27610,256.20432,8,0,0,0.29400,0.82143,3.00000,349.22345,3.08859,359.53607,0.18886,0
2038,461.01027,130.97795,256.70779,12,1,0,0.25844,1.00000,6.00000,698.44690,7.54727,878.56073,0.27642,0
2039,460.98236,209.67980,257.21126,12,1,0,0.25767,1.00000,5.74456,668.71198,7.73109,899.95953,0.27910,0
2040,460.95445,288.38166,257.71473,12,1,0,0.25282,1.00000,6.00000,698.44690,7.71480,898.06287,0.27866,0
2041,461.09994,327.46884,296.95795,12,1,0,0.24519,1.00000,7.00000,814.85468,8.22730,957.72229,0.28045,0
2042,460.92653,367.08351,258.21821,12,1,0,0.25261,1.00000,6.08276,708.08112,8.07357,939.82703,0.27334,0
2043,461.07202,406.17070,297.46142,12,1,0,0.24948,1.00000,6.00000,698.44690,7.99947,931.20074,0.27424,0
2044,460.89862,445.78536,258.72168,12,1,0,0.25087,1.00000,6.00000,698.44690,8.25189,960.58417,0.27974,0
2045,461.04411,484.87255,297.96490,12,1,0,0.25474,1.00000,6.00000,698.44690,8.16648,950.64185,0.28659,0
2046,461.01619,563.57440,298.46837,12,1,0,0.25190,1.00000,6.00000,698.44690,8.13694,947.20349,0.28979,0
2047,460.98828,642.27625,298.97184,12,1,0,0.25191,1.00000,6.00000,698.44690,8.25132,960.51855,0.29440,0
2048,460.96037,720.97810,299.47531,12,1,0,0.25639,1.00000,6.00000,698.44690,7.67737,893.70618,0.27968,0
2049,461.10586,760.06529,338.71853,8,0,0,0.00000,0.00000,0.00000,0.00000,0.00000,0.00000,0.02605,0
2050,461.35708,51.74863,334.18728,8,0,0,0.30472,0.90223,3.00000,349.22345,4.43285,516.01874,0.19597,0
2051,461.18368,91.36329,295.44754,12,1,0,0.25071,1.00000,6.00000,698.44690,7.86735,915.82104,0.27750,0
2052,461.32917,130.45048,334.69076,12,1,0,0.24878,1.00000,6.08276,708.08112,7.88715,918.12634,0.27482,0
2053,461.15576,170.06514,295.95101,12,1,0,0.25455,1.00000,6.00000,698.44690,8.00578,931.93591,0.27507,0
2054,461.30125,209.15233,335.19423,12,1,0,0.24983,1.00000,6.00000,698.44690,8.18059,952.28491,0.28704,0
2055,461.12785,248.76699,296.45448,12,1,0,0.24723,1.00000,6.08276,708.08112,8.10864,943.90900,0.27738,0
2056,461.27334,287.85418,335.69770,12,1,0,0.25583,1.00000,6.00000,698.44690,7.95720,926.28076,0.28813,0
2057,461.24543,366.55603,336.20117,12,1,0,0.24877,1.00000,6.00000,698.44690,7.86055,915.02991,0.27846,0
2058,461.21751,445.25788,336.70464,12,1,0,0.25139,1.00000,6.08276,708.08112,7.95942,926.53845,0.25901,0
2059,461.36300,484.34507,375.94786,12,1,0,0.24896,1.00000,6.08276,708.08112,7.94736,925.13501,0.27981,0
2060,461.18960,523.95974,337.20811,12,1,0,0.25487,1.00000,6.08276,708.08112,8.15315,949.09021,0.28230,0
2061,461.33509,563.04692,376.45133,12,1,0,0.25228,1.00000,6.00000,698.44690,8.15121,948.86395,0.28998,0
2062,461.16168,602.66159,337.71159,12,1,0,0.24794,1.00000,7.00000,814.85468,8.26449,962.05066,0.29069,0
2063,461.30717,641.74878,376.95480,12,1,0,0.24896,1.00000,6.00000,698.44690,8.09944,942.83771,0.28454,0
2064,461.13377,681.36344,338.21506,12,1,0,0.24845,1.00000,6.08276,708.08112,7.97331,928.15521,0.27802,0
2065,461.27926,720.45063,377.45827,12,1,0,0.25125,1.00000,6.00000,698.44690,7.77407,904.96222,0.26611,0
2066,461.50257,90.83581,373.43050,12,1,0,0.25302,1.00000,6.00000,698.44690,7.76147,903.49554,0.28186,0
2067,461.47466,169.53767,373.93397,12,1,0,0.25034,1.00000,6.00000,698.44690,7.87624,916.85529,0.26656,0
2068,461.62015,208.62485,413.17719,12,1,0,0.24311,1.00000,6.92820,806.49695,7.92860,922.95056,0.28256,0
2069,461.44674,248.23952,374.43744,12,1,0,0.24877,1.00000,6.00000,698.44690,7.85725,914.64496,0.27942,0
2070,461.59223,287.32671,413.68066,12,1,0,0.25645,1.00000,6.00000,698.44690,7.67197,893.07697,0.26784,0
2071,461.41883,326.94137,374.94092,12,1,0,0.25140,1.00000,6.00000,698.44690,7.74529,901.61273,0.26368,0
2072,461.56432,366.02856,414.18413,12,1,0,0.26374,1.00000,5.38516,626.87524,7.38926,860.16754,0.25645,0
2073,461.39092,405.64322,375.44439,12,1,0,0.25053,1.00000,6.00000,698.44690,7.83301,911.82373,0.26560,0
2074,461.53641,444.73041,414.68761,12,1,0,0.24895,1.00000,6.00000,698.44690,7.89757,919.33881,0.26515,0
2075,461.50849,523.43226,415.19108,12,1,0,0.24432,1.00000,6.08276,708.08112,8.11895,945.10956,0.28218,0
2076,461.48058,602.13411,415.69455,12,1,0,0.24690,1.00000,6.00000,698.44690,8.02787,934.50629,0.28179,0
2077,461.45266,680.83596,416.19802,12,1,0,0.26582,1.00000,5.09902,593.56573,7.18883,836.83600,0.24915,0
2078,461.59815,719.92315,455.44124,12,1,0,0.27184,1.00000,5.00000,582.03906,7.08254,824.46283,0.25997,0
2079,461.42475,759.53782,416.70149,8,0,0,0.00000,0.00000,0.00000,0.00000,0.00000,0.00000,0.02746,0
2080,461.67597,51.22115,412.17025,8,0,0,0.29833,0.84211,3.60555,419.71432,3.75583,437.20770,0.18765,0
2081,461.82146,90.30834,451.41347,12,1,0,0.26180,1.00000,5.83095,678.76831,7.33516,853.87036,0.25862,0
2082,461.64806,129.92300,412.67372,12,1,0,0.25211,1.00000,6.40312,745.37372,7.76943,904.42236,0.27162,0
2083,461.79355,169.01019,451.91694,12,1,0,0.25349,1.00000,7.00000,814.85468,8.03498,935.33490,0.27603,0
2084,461.76564,247.71204,452.42041,12,1,0,0.24825,1.00000,6.00000,698.44690,7.96067,926.68439,0.27072,0
2085,461.73772,326.41389,452.92388,12,1,0,0.24689,1.00000,6.00000,698.44690,7.86512,915.56128,0.26835,0
2086,461.70981,405.11575,453.42735,12,1,0,0.25053,1.00000,6.08276,708.08112,7.80285,908.31281,0.27667,0
2087,461.85530,444.20293,492.67057,12,1,0,0.24948,1.00000,6.32456,736.22766,7.99492,930.67059,0.27635,0
2088,461.68189,483.81760,453.93082,12,1,0,0.25017,1.00000,6.00000,698.44690,8.08334,940.96423,0.28602,0
2089,461.82738,522.90479,493.17404,12,1,0,0.25593,1.00000,6.08276,708.08112,8.13569,947.05786,0.28128,0
2090,461.65398,562.51945,454.43430,12,1,0,0.24255,1.00000,6.08276,708.08112,8.15359,949.14117,0.29376,0
2091,461.79947,601.60664,493.67751,12,1,0,0.24469,1.00000,6.08276,708.08112,8.18203,952.45197,0.28582,0
2092,461.62607,641.22130,454.93777,12,1,0,0.25069,1.00000,6.00000,698.44690,8.08047,940.62952,0.28934,0
2093,461.77156,680.30849,494.18098,12,1,0,0.25333,1.00000,6.00000,698.44690,7.84510,913.23077,0.27840,0
2094,461.74364,759.01034,494.68446,8,0,0,0.00000,0.00000,0.00000,0.00000,0.00000,0.00000,0.02867,0
2095,461.99487,50.69368,490.15321,8,0,0,0.29418,0.81868,3.00000,349.22345,3.47661,404.70480,0.17984,0
2096,461.96695,129.39553,490.65668,12,1,0,0.24913,1.00000,7.00000,814.85468,7.95013,925.45728,0.28147,0
2097,462.11244,168.48272,529.89990,12,1,0,0.25194,1.00000,6.00000,698.44690,7.80650,908.73804,0.27110,0
2098,461.93904,208.09738,491.16016,12,1,0,0.25889,1.00000,6.00000,698.44690,7.64608,890.06360,0.27648,0
2099,462.08453,247.18457,530.40337,12,1,0,0.24914,1.00000,6.00000,698.44690,8.09583,942.41785,0.27642,0
2100,461.91113,286.79923,491.66363,12,1,0,0.25349,1.00000,6.00000,698.44690,7.76833,904.29376,0.27098,0
2101,462.05662,325.88642,530.90684,12,1,0,0.25580,1.00000,6.08276,708.08112,7.99638,930.84106,0.27347,0
2102,461.88321,365.50108,492.16710,12,1,0,0.25263,1.00000,6.08276,708.08112,7.91677,921.57397,0.28096,0
2103,462.02870,404.58827,531.41032,12,1,0,0.25228,1.00000,6.00000,698.44690,7.88609,918.00293,0.27533,0
2104,462.00079,483.29012,531.91379,12,1,0,0.25155,1.00000,6.08276,708.08112,8.07485,939.97552,0.27571,0
2105,461.97287,561.99197,532.41726,12,1,0,0.24704,1.00000,6.32456,736.22766,8.14189,947.77991,0.27648,0
2106,462.11836,601.07916,571.66048,12,1,0,0.25494,1.00000,7.00000,814.85468,7.88205,917.53198,0.27770,0
2107,461.94496,640.69383,532.92073,12,1,0,0.25035,1.00000,6.00000,698.44690,8.12350,945.63922,0.29658,0
2108,462.09045,679.78101,572.16395,12,1,0,0.28263,1.00000,5.65685,658.50201,6.90556,803.86066,0.24576,0
2109,461.91705,719.39568,533.42420,12,1,0,0.25772,1.00000,6.00000,698.44690,7.62698,887.84058,0.26829,0
2110,462.06254,758.48287,572.66742,8,0,0,0.00000,0.00000,0.00000,0.00000,0.00000,0.00000,0.02835,0
2111,462.31376,50.16620,568.13618,8,0,0,0.30020,0.84488,3.16228,368.11383,3.58354,417.15192,0.19078,0
2112,462.14036,89.78086,529.39643,12,1,0,0.25480,1.00000,6.00000,698.44690,7.74692,901.80225,0.27904,0
2113,462.28585,128.86805,568.63965,12,1,0,0.25478,1.00000,6.00000,698.44690,7.79157,906.99933,0.27469,0
2114,462.25793,207.56990,569.14312,12,1,0,0.25300,1.00000,6.00000,698.44690,7.71894,898.54480,0.27693,0
2115,462.23002,286.27176,569.64659,12,1,0,0.25052,1.00000,6.00000,698.44690,7.95428,925.94073,0.28819,0
2116,462.20211,364.97361,570.15006,12,1,0,0.26327,1.00000,6.00000,698.44690,7.71895,898.54565,0.27603,0
2117,462.34760,404.06080,609.39328,12,1,0,0.25122,1.00000,6.00000,698.44690,7.98325,929.31274,0.27635,0
2118,462.17419,443.67546,570.65353,12,1,0,0.25159,1.00000,6.00000,698.44690,7.91942,921.88220,0.28947,0
2119,462.31968,482.76265,609.89675,12,1,0,0.24930,1.00000,6.08276,708.08112,7.90724,920.46490,0.27072,0
2120,462.14628,522.37731,571.15701,12,1,0,0.24672,1.00000,6.08276,708.08112,7.93525,923.72473,0.27322,0
2121,462.29177,561.46450,610.40022,12,1,0,0.24495,1.00000,6.00000,698.44690,8.08518,941.17792,0.28288,0
2122,462.26385,640.16635,610.90370,12,1,0,0.26043,1.00000,6.08276,708.08112,7.51503,874.80878,0.26650,0
2123,462.23594,718.86820,611.40717,12,1,0,0.27176,0.99441,5.00000,582.03906,6.86416,799.04242,0.26202,0
2124,462.45925,89.25339,607.37939,12,1,0,0.24600,1.00000,6.08276,708.08112,7.97912,928.83136,0.27840,0
2125,462.60474,128.34058,646.62261,12,1,0,0.24756,1.00000,6.16441,717.58594,7.89890,919.49323,0.27034,0
2126,462.43134,167.95524,607.88287,12,1,0,0.25069,1.00000,6.00000,698.44690,8.03878,935.77631,0.27642,0
2127,462.57683,207.04243,647.12608,12,1,0,0.25245,1.00000,6.00000,698.44690,7.92232,922.21942,0.27482,0
2128,462.40342,246.65709,608.38634,12,1,0,0.24965,1.00000,6.00000,698.44690,7.84012,912.65173,0.27411,0
2129,462.54891,285.74428,647.62955,12,1,0,0.25286,1.00000,6.00000,698.44690,7.88592,917.98218,0.28365,0
2130,462.37551,325.35894,608.88981,12,1,0,0.24570,1.00000,6.00000,698.44690,8.10909,943.96155,0.27866,0
2131,462.52100,364.44613,648.13303,12,1,0,0.24741,1.00000,6.08276,708.08112,8.12172,945.43207,0.27642,0
2132,462.49308,443.14798,648.63650,12,1,0,0.24535,1.00000,6.08276,708.08112,7.99618,930.81763,0.27661,0
2133,462.46517,521.84984,649.13997,12,1,0,0.24486,1.00000,7.00000,814.85468,8.33619,970.39813,0.28672,0
2134,462.61066,560.93702,688.38319,12,1,0,0.25035,1.00000,6.00000,698.44690,8.14859,948.55914,0.28038,0
2135,462.43726,600.55169,649.64344,12,1,0,0.23967,1.00000,6.32456,736.22766,8.18867,953.22528,0.28717,0
2136,462.58275,639.63888,688.88666,12,1,0,0.25070,1.00000,6.00000,698.44690,7.89924,919.53308,0.28704,0
2137,462.40934,679.25354,650.14691,12,1,0,0.27252,0.98045,4.24264,493.87650,6.55425,762.96637,0.24109,0
2138,462.55483,718.34073,689.39013,12,1,0,0.26026,1.00000,5.00000,582.03906,7.54702,878.53174,0.27584,0
2139,462.38143,757.95539,650.65038,8,0,0,0.00000,0.00000,0.00000,0.00000,0.00000,0.00000,0.02893,0
2140,462.63265,49.63873,646.11914,8,0,0,0.31559,0.93258,4.00000,465.63126,4.74705,552.59338,0.19194,0
2141,462.77814,88.72592,685.36236,12,1,0,0.25053,1.00000,6.00000,698.44690,7.94331,924.66357,0.28058,0
2142,462.75023,167.42777,685.86583,12,1,0,0.24622,1.00000,6.00000,698.44690,8.10902,943.95367,0.28211,0
2143,462.72232,246.12962,686.36930,12,1,0,0.24759,1.00000,6.40312,745.37372,8.19891,954.41772,0.28320,0
2144,462.86781,285.21681,725.61252,12,1,0,0.24810,1.00000,6.63325,772.16211,8.00870,932.27551,0.27206,0
2145,462.69440,324.83147,686.87277,12,1,0,0.27190,0.98619,4.47214,520.59155,6.83530,795.68268,0.24224,0
2146,462.83989,363.91866,726.11599,12,1,0,0.25419,1.00000,6.32456,736.22766,7.90316,919.98987,0.27526,0
2147,462.66649,403.53332,687.37624,12,1,0,0.24653,1.00000,6.00000,698.44690,7.96378,927.04663,0.27520,0
2148,462.81198,442.62051,726.61946,12,1,0,0.24481,1.00000,6.00000,698.44690,8.10099,943.01892,0.27987,0
2149,462.63857,482.23517,687.87972,12,1,0,0.24691,1.00000,7.00000,814.85468,8.00796,932.18939,0.27750,0
2150,462.78406,521.32236,727.12293,12,1,0,0.25192,1.00000,6.00000,698.44690,7.93959,924.22974,0.28403,0
2151,462.75615,600.02421,727.62641,12,1,0,0.25262,1.00000,6.00000,698.44690,8.10706,943.72498,0.28378,0
2152,462.72824,678.72606,728.12988,12,1,0,0.25493,1.00000,6.00000,698.44690,7.98124,929.07880,0.28224,0
2153,462.87373,717.81325,767.37310,8,0,0,0.30430,0.84211,3.00000,349.22345,3.75570,437.19250,0.17133,0
2154,462.70032,757.42792,728.63335,8,0,0,0.00000,0.00000,0.00000,0.00000,0.00000,0.00000,0.02522,0
2155,462.95155,49.11125,724.10210,8,0,0,0.31954,0.90959,4.12311,479.96170,4.54217,528.74390,0.18509,0
2156,463.09704,88.19844,763.34532,8,0,0,0.29771,0.85950,3.00000,349.22345,3.99334,464.85614,0.17555,0
2157,462.92363,127.81310,724.60558,12,1,0,0.26955,1.00000,5.00000,582.03906,7.16258,833.78070,0.25306,0
2158,463.06912,166.90029,763.84879,8,0,0,0.28278,0.79396,3.00000,349.22345,2.70137,314.46054,0.16659,0
2159,462.89572,206.51496,725.10905,12,1,0,0.25017,1.00000,6.08276,708.08112,7.87629,916.86206,0.26246,0
2160,463.04121,245.60214,764.35227,8,0,0,0.29070,0.83333,3.00000,349.22345,3.59107,418.02878,0.17747,0
2161,463.01330,324.30400,764.85574,8,0,0,0.27928,0.76648,3.00000,349.22345,2.60845,303.64404,0.17216,0
2162,462.98538,403.00585,765.35921,8,0,0,0.29137,0.80392,2.23607,260.29578,2.96608,345.27481,0.17126,0
2163,462.95747,481.70770,765.86268,8,0,0,0.28586,0.78630,3.00000,349.22345,3.12232,363.46198,0.17216,0
2164,462.92955,560.40955,766.36615,8,0,0,0.28122,0.79666,3.00000,349.22345,3.16162,368.03711,0.17504,0
2165,462.90164,639.11140,766.86962,8,0,0,0.28405,0.79348,3.00000,349.22345,2.67500,311.39090,0.17190,0
2166,499.36847,211.05869,62.17750,8,0,0,0.28770,0.80110,3.00000,349.22345,3.03462,353.25293,0.17485,0
2167,499.34055,289.76054,62.68097,8,0,0,0.27836,0.81337,2.82843,329.25101,3.16875,368.86728,0.17862,0
2168,499.31264,368.46239,63.18444,8,0,0,0.29155,0.84507,3.16228,368.11383,3.65464,425.42911,0.17664,0
2169,499.28473,447.16424,63.68791,8,0,0,0.28426,0.77778,2.23607,260.29578,2.96205,344.80618,0.16576,0
2170,499.25681,525.86609,64.19138,8,0,0,0.27794,0.77198,2.82843,329.25101,2.56553,298.64758,0.16890,0
2171,499.22890,604.56795,64.69486,8,0,0,0.28516,0.82254,3.00000,349.22345,3.52177,409.96130,0.17114,0
2172,499.37439,643.65513,103.93807,12,1,0,0.25999,1.00000,5.00000,582.03906,7.58635,883.10999,0.27840,0
2173,499.20099,683.26980,65.19833,8,0,0,0.28848,0.81868,3.00000,349.22345,3.02778,352.45697,0.17203,0
2174,499.34648,722.35699,104.44154,12,1,0,0.26974,0.96910,4.24264,493.87650,6.51710,758.64081,0.26566,0
2175,499.17307,761.97165,65.70180,5,0,0,0.00000,0.00000,0.00000,0.00000,0.00000,0.00000,0.01754,0
2176,499.42430,53.65498,61.17055,5,0,0,0.30739,0.65266,3.00000,349.22345,2.80076,326.03073,0.10426,0
2177,499.56978,92.74217,100.41377,12,1,0,0.24498,1.00000,6.00000,698.44690,8.28358,964.27399,0.28442,0
2178,499.39638,132.35684,61.67403,8,0,0,0.28063,0.79775,3.00000,349.22345,3.15750,367.55823,0.16678,0
2179,499.54187,171.44402,100.91724,12,1,0,0.25017,1.00000,7.00000,814.85468,8.16626,950.61603,0.27859,0
2180,499.51396,250.14588,101.42072,12,1,0,0.24417,1.00000,7.00000,814.85468,8.19795,954.30505,0.28461,0
2181,499.48604,328.84773,101.92419,12,1,0,0.24827,1.00000,6.00000,698.44690,7.95149,925.61609,0.28186,0
2182,499.45813,407.54958,102.42766,12,1,0,0.24790,1.00000,6.00000,698.44690,7.89058,918.52502,0.28186,0
2183,499.60362,446.63677,141.67088,12,1,0,0.24535,1.00000,6.08276,708.08112,8.35303,972.35797,0.28794,0
2184,499.43022,486.25143,102.93113,12,1,0,0.24948,1.00000,6.00000,698.44690,7.94680,925.06940,0.27706,0
2185,499.57571,525.33862,142.17435,12,1,0,0.24620,1.00000,6.00000,698.44690,8.06698,939.05945,0.28429,0
2186,499.40230,564.95328,103.43460,12,1,0,0.24931,1.00000,6.00000,698.44690,8.17474,951.60358,0.29798,0
2187,499.54779,604.04047,142.67782,12,1,0,0.24930,1.00000,6.00000,698.44690,8.23461,958.57312,0.29542,0
2188,499.51988,682.74232,143.18129,12,1,0,0.00000,0.00000,0.00000,0.00000,0.00000,0.00000,0.00000,0
2189,499.49197,761.44417,143.68476,8,0,0,0.00000,0.00000,0.00000,0.00000,0.00000,0.00000,0.02688,0
2190,499.74319,53.12751,139.15352,8,0,0,0.30653,0.84022,3.16228,368.11383,3.75000,436.52930,0.18291,0
2191,499.71527,131.82936,139.65699,12,1,0,0.25052,1.00000,6.92820,806.49695,7.97478,928.32678,0.27795,0
2192,499.86076,170.91655,178.90021,12,1,0,0.25684,1.00000,6.08276,708.08112,7.96468,927.15131,0.28762,0
2193,499.68736,210.53121,140.16046,12,1,0,0.24586,1.00000,6.16441,717.58594,8.03599,935.45233,0.28858,0
2194,499.83285,249.61840,179.40368,12,1,0,0.24721,1.00000,6.08276,708.08112,7.96606,927.31140,0.28800,0
2195,499.65945,289.23306,140.66393,12,1,0,0.24827,1.00000,6.08276,708.08112,8.04015,935.93683,0.27686,0
2196,499.80494,328.32025,179.90715,12,1,0,0.25368,1.00000,6.63325,772.16211,7.78053,905.71490,0.27475,0
2197,499.63153,367.93492,141.16740,12,1,0,0.25000,1.00000,6.00000,698.44690,8.05324,937.46057,0.27302,0
2198,499.77702,407.02210,180.41062,12,1,0,0.25621,1.00000,5.91608,688.67792,7.72568,899.32959,0.25869,0
2199,499.74911,485.72396,180.91409,12,1,0,0.25139,1.00000,6.08276,708.08112,8.25688,961.16547,0.28051,0
2200,499.72120,564.42581,181.41757,12,1,0,0.24620,1.00000,7.00000,814.85468,8.18498,952.79614,0.28026,0
2201,499.86669,603.51300,220.66078,12,1,0,0.24486,1.00000,7.00000,814.85468,8.37888,975.36749,0.30509,0
2202,499.69328,643.12766,181.92104,12,1,0,0.25740,1.00000,5.74456,668.71198,7.84453,913.16467,0.28557,0
2203,499.83877,682.21485,221.16426,12,1,0,0.25472,1.00000,6.00000,698.44690,7.88081,917.38782,0.27488,0
2204,499.66537,721.82951,182.42451,12,1,0,0.26394,1.00000,5.09902,593.56573,7.19695,837.78107,0.26144,0
2205,499.81086,760.91670,221.66773,8,0,0,0.00000,0.00000,0.00000,0.00000,0.00000,0.00000,0.02752,0
2206,500.06208,52.60004,217.13648,8,0,0,0.31973,0.93094,4.00000,465.63126,4.82162,561.27466,0.18982,0
2207,499.88868,92.21470,178.39674,12,1,0,0.25406,1.00000,6.08276,708.08112,7.75672,902.94238,0.28358,0
2208,500.03417,131.30189,217.63995,12,1,0,0.25211,1.00000,6.00000,698.44690,7.79652,907.57623,0.27053,0
2209,500.00625,210.00374,218.14343,12,1,0,0.25349,1.00000,6.92820,806.49695,8.06647,939.00073,0.27866,0
2210,499.97834,288.70559,218.64690,12,1,0,0.24861,1.00000,6.00000,698.44690,8.13633,947.13214,0.29427,0
2211,500.12383,327.79278,257.89011,12,1,0,0.25384,1.00000,6.00000,698.44690,8.04954,937.02930,0.27302,0
2212,499.95043,367.40744,219.15037,12,1,0,0.24931,1.00000,6.08276,708.08112,8.08420,941.06403,0.27962,0
2213,500.09592,406.49463,258.39359,12,1,0,0.25035,1.00000,6.00000,698.44690,8.17171,951.25104,0.29197,0
2214,499.92251,446.10929,219.65384,12,1,0,0.25052,1.00000,6.00000,698.44690,8.25140,960.52710,0.28461,0
2215,500.06800,485.19648,258.89706,12,1,0,0.25174,1.00000,6.00000,698.44690,8.29448,965.54242,0.29229,0
2216,499.89460,524.81114,220.15731,12,1,0,0.25524,1.00000,6.08276,708.08112,8.07158,939.59485,0.28166,0
2217,500.04009,563.89833,259.40053,12,1,0,0.24983,1.00000,7.00000,814.85468,8.29302,965.37183,0.29203,0
2218,500.01218,642.60018,259.90400,12,1,0,0.25174,1.00000,6.00000,698.44690,8.03447,935.27515,0.28467,0
2219,499.98426,721.30204,260.40747,12,1,0,0.24930,1.00000,6.00000,698.44690,7.77846,905.47351,0.27027,0
2220,500.20757,91.68722,256.37970,12,1,0,0.25193,1.00000,6.00000,698.44690,7.90308,919.97974,0.27117,0
2221,500.35306,130.77441,295.62292,12,1,0,0.25610,1.00000,6.00000,698.44690,7.72381,899.11224,0.27821,0
2222,500.17966,170.38908,256.88317,12,1,0,0.25387,1.00000,6.00000,698.44690,7.92087,922.05072,0.27904,0
2223,500.32515,209.47626,296.12639,12,1,0,0.25176,1.00000,6.08276,708.08112,7.79019,906.83875,0.28192,0
2224,500.15174,249.09093,257.38664,12,1,0,0.24983,1.00000,6.00000,698.44690,8.09743,942.60394,0.28211,0
2225,500.29723,288.17812,296.62986,12,1,0,0.25641,1.00000,6.00000,698.44690,7.83409,911.94897,0.28211,0
2226,500.26932,366.87997,297.13333,12,1,0,0.25000,1.00000,6.08276,708.08112,8.15087,948.82513,0.29133,0
2227,500.24141,445.58182,297.63680,12,1,0,0.24791,1.00000,6.00000,698.44690,8.17405,951.52277,0.28890,0
2228,500.21349,524.28367,298.14028,12,1,0,0.25155,1.00000,6.00000,698.44690,8.31190,967.56989,0.29056,0
2229,500.35898,563.37086,337.38349,12,1,0,0.24755,1.00000,6.00000,698.44690,7.96200,926.83942,0.27667,0
2230,500.18558,602.98552,298.64375,12,1,0,0.25331,1.00000,6.00000,698.44690,8.05215,937.33307,0.28243,0
2231,500.33107,642.07271,337.88697,12,1,0,0.24948,1.00000,6.08276,708.08112,8.19683,954.17468,0.28474,0
2232,500.15767,681.68737,299.14722,12,1,0,0.25070,1.00000,6.00000,698.44690,7.93209,923.35681,0.27398,0
2233,500.30316,720.77456,338.39044,12,1,0,0.25247,1.00000,6.00000,698.44690,7.81994,910.30249,0.27251,0
2234,500.12975,760.38922,299.65069,8,0,0,0.00000,0.00000,0.00000,0.00000,0.00000,0.00000,0.02784,0
2235,500.38097,52.07256,295.11945,8,0,0,0.30094,0.80000,2.23607,260.29578,3.26058,379.55716,0.18573,0
2236,500.52646,91.15975,334.36266,12,1,0,0.24588,1.00000,6.00000,698.44690,8.08321,940.94867,0.28192,0
2237,500.49855,169.86160,334.86614,12,1,0,0.25017,1.00000,6.00000,698.44690,7.97663,928.54199,0.27968,0
2238,500.47064,248.56345,335.36961,12,1,0,0.24302,1.00000,6.00000,698.44690,8.02540,934.21973,0.28013,0
2239,500.61613,287.65064,374.61283,12,1,0,0.24566,1.00000,6.08276,708.08112,8.15773,949.62408,0.29754,0
2240,500.44272,327.26530,335.87308,12,1,0,0.24572,1.00000,7.00000,814.85468,8.05493,937.65698,0.27725,0
2241,500.58821,366.35249,375.11630,12,1,0,0.24896,1.00000,6.08276,708.08112,8.09577,942.41107,0.28787,0
2242,500.41481,405.96716,336.37655,12,1,0,0.27231,0.98607,5.00000,582.03906,6.71515,781.69592,0.24032,0
2243,500.56030,445.05434,375.61977,12,1,0,0.24777,1.00000,7.00000,814.85468,8.27683,963.48718,0.28838,0
2244,500.38690,484.66901,336.88002,12,1,0,0.24640,1.00000,7.00000,814.85468,8.12746,946.09949,0.28147,0
2245,500.53239,523.75619,376.12324,12,1,0,0.24385,1.00000,7.00000,814.85468,8.48857,988.13544,0.29754,0
2246,500.50447,602.45805,376.62671,12,1,0,0.24595,1.00000,6.00000,698.44690,8.00511,931.85699,0.27840,0
2247,500.47656,681.15990,377.13018,12,1,0,0.24502,1.00000,6.08276,708.08112,8.12511,945.82623,0.28301,0
2248,500.62205,720.24709,416.37340,12,1,0,0.25716,1.00000,6.00000,698.44690,7.76225,903.58679,0.27398,0
2249,500.44865,759.86175,377.63365,8,0,0,0.00000,0.00000,0.00000,0.00000,0.00000,0.00000,0.02950,0
2250,500.69987,51.54509,373.10241,8,0,0,0.31485,0.93575,4.00000,465.63126,4.81824,560.88116,0.19366,0
2251,500.84536,90.63227,412.34563,12,1,0,0.24965,1.00000,6.08276,708.08112,7.88236,917.56793,0.26470,0
2252,500.67195,130.24694,373.60588,12,1,0,0.24965,1.00000,6.08276,708.08112,7.82814,911.25708,0.28109,0
2253,500.81744,169.33413,412.84910,12,1,0,0.25643,1.00000,6.00000,698.44690,7.47418,870.05347,0.26394,0
2254,500.64404,208.94879,374.10935,12,1,0,0.25105,1.00000,6.00000,698.44690,8.03370,935.18579,0.28301,0
2255,500.78953,248.03598,413.35257,12,1,0,0.24965,1.00000,6.08276,708.08112,7.98021,928.95856,0.27290,0
2256,500.76162,326.73783,413.85604,12,1,0,0.25471,1.00000,6.00000,698.44690,7.98427,929.43164,0.27379,0
2257,500.73370,405.43968,414.35951,12,1,0,0.24930,1.00000,6.00000,698.44690,7.90412,920.10107,0.26118,0
2258,500.70579,484.14153,414.86299,12,1,0,0.24965,1.00000,6.00000,698.44690,7.83509,912.06610,0.25990,0
2259,500.85128,523.22872,454.10620,12,1,0,0.25225,1.00000,6.08276,708.08112,8.24812,960.14600,0.29152,0
2260,500.67788,562.84338,415.36646,12,1,0,0.24844,1.00000,6.00000,698.44690,8.06648,939.00104,0.29018,0
2261,500.82337,601.93057,454.60968,12,1,0,0.25035,1.00000,6.08276,708.08112,8.17035,951.09290,0.29101,0
2262,500.64996,641.54523,415.86993,12,1,0,0.24965,1.00000,6.40312,745.37372,7.91163,920.97546,0.27334,0
2263,500.79545,680.63242,455.11315,12,1,0,0.26736,0.98895,5.00000,582.03906,7.09925,826.40826,0.25626,0
2264,500.76754,759.33427,455.61662,8,0,0,0.00000,0.00000,0.00000,0.00000,0.00000,0.00000,0.02842,0
2265,501.01876,51.01761,451.08537,8,0,0,0.31653,0.86027,4.00000,465.63126,4.01622,467.51929,0.19405,0
2266,500.99085,129.71946,451.58885,12,1,0,0.25035,1.00000,6.00000,698.44690,7.78047,905.70715,0.27859,0
2267,500.96293,208.42131,452.09232,12,1,0,0.24706,1.00000,6.00000,698.44690,8.12457,945.76343,0.29696,0
2268,501.10842,247.50850,491.33554,12,1,0,0.25211,1.00000,6.00000,698.44690,7.84607,913.34399,0.27053,0
2269,500.93502,287.12317,452.59579,12,1,0,0.25227,1.00000,6.08276,708.08112,8.00486,931.82867,0.28589,0
2270,501.08051,326.21035,491.83901,12,1,0,0.25704,1.00000,6.08276,708.08112,7.73960,900.95013,0.27328,0
2271,500.90711,365.82502,453.09926,12,1,0,0.25957,1.00000,6.00000,698.44690,7.94835,925.24951,0.28102,0
2272,501.05260,404.91221,492.34248,12,1,0,0.25069,1.00000,7.00000,814.85468,8.13651,947.15320,0.27750,0
2273,500.87919,444.52687,453.60273,12,1,0,0.24673,1.00000,7.00000,814.85468,8.22833,957.84143,0.27904,0
2274,501.02468,483.61406,492.84595,12,1,0,0.25121,1.00000,6.63325,772.16211,8.02774,934.49139,0.27520,0
2275,500.99677,562.31591,493.34942,12,1,0,0.24931,1.00000,6.00000,698.44690,8.11834,945.03839,0.29536,0
2276,500.96886,641.01776,493.85289,12,1,0,0.25421,1.00000,6.08276,708.08112,8.03929,935.83600,0.28435,0
2277,501.11435,680.10495,533.09611,12,1,0,0.25905,1.00000,6.00000,698.44690,7.91075,920.87274,0.27674,0
2278,500.94094,719.71961,494.35637,12,1,0,0.25408,1.00000,6.00000,698.44690,7.77555,905.13519,0.27654,0
2279,501.08643,758.80680,533.59958,8,0,0,0.00000,0.00000,0.00000,0.00000,0.00000,0.00000,0.02925,0
2280,501.33765,50.49014,529.06834,8,0,0,0.28837,0.81944,3.00000,349.22345,3.40526,396.39923,0.18253,0
2281,501.16425,90.10480,490.32859,12,1,0,0.28205,1.00000,4.89898,570.27954,6.38750,743.55487,0.25312,0
2282,501.30974,129.19199,529.57181,12,1,0,0.24721,1.00000,6.00000,698.44690,7.85010,913.81354,0.28410,0
2283,501.13634,168.80665,490.83206,12,1,0,0.25720,1.00000,6.00000,698.44690,7.81809,910.08618,0.26515,0
2284,501.28183,207.89384,530.07528,12,1,0,0.25350,1.00000,6.00000,698.44690,7.94866,925.28632,0.27597,0
2285,501.25391,286.59569,530.57875,12,1,0,0.24860,1.00000,7.00000,814.85468,8.03285,935.08698,0.28730,0
2286,501.22600,365.29754,531.08222,12,1,0,0.25122,1.00000,6.00000,698.44690,8.09726,942.58429,0.29069,0
2287,501.37149,404.38473,570.32544,12,1,0,0.24688,1.00000,6.00000,698.44690,7.96871,927.62036,0.28083,0
2288,501.19809,443.99939,531.58570,12,1,0,0.25191,1.00000,7.00000,814.85468,8.12644,945.98126,0.29286,0
2289,501.34358,483.08658,570.82891,12,1,0,0.24778,1.00000,6.08276,708.08112,8.23727,958.88208,0.28672,0
2290,501.17017,522.70125,532.08917,12,1,0,0.27035,0.99725,4.89898,570.27954,7.15706,833.13800,0.26541,0
2291,501.31566,561.78843,571.33239,12,1,0,0.24758,1.00000,6.40312,745.37372,8.21716,956.54108,0.28614,0
2292,501.14226,601.40310,532.59264,12,1,0,0.24583,1.00000,7.00000,814.85468,8.22834,957.84277,0.29235,0
2293,501.28775,640.49029,571.83586,12,1,0,0.24757,1.00000,6.08276,708.08112,7.90923,920.69574,0.28378,0
2294,501.25984,719.19214,572.33933,12,1,0,0.25733,1.00000,6.00000,698.44690,7.67000,892.84772,0.27725,0
2295,501.48314,89.57732,568.31156,12,1,0,0.24859,1.00000,6.00000,698.44690,7.94444,924.79529,0.27942,0
2296,501.45523,168.27918,568.81503,12,1,0,0.24603,1.00000,6.63325,772.16211,7.95878,926.46381,0.27616,0
2297,501.60072,207.36636,608.05825,12,1,0,0.25174,1.00000,6.00000,698.44690,8.00665,932.03674,0.28435,0
2298,501.42732,246.98103,569.31850,12,1,0,0.24537,1.00000,6.16441,717.58594,8.13748,947.26678,0.27846,0
2299,501.57281,286.06822,608.56172,12,1,0,0.27647,1.00000,5.00000,582.03906,6.88975,802.02081,0.26176,0
2300,501.39940,325.68288,569.82197,12,1,0,0.24639,1.00000,7.00000,814.85468,8.13978,947.53387,0.27923,0
2301,501.54489,364.77007,609.06519,12,1,0,0.25245,1.00000,6.00000,698.44690,7.93517,923.71594,0.27398,0
2302,501.51698,443.47192,609.56866,12,1,0,0.25696,1.00000,6.00000,698.44690,7.74398,901.45941,0.28128,0
2303,501.48907,522.17377,610.07213,12,1,0,0.25229,1.00000,5.47723,637.59186,7.97317,928.13971,0.28838,0
2304,501.46115,600.87562,610.57560,12,1,0,0.25282,1.00000,6.00000,698.44690,7.92543,922.58160,0.28173,0
2305,501.60664,639.96281,649.81882,12,1,0,0.25315,1.00000,6.00000,698.44690,7.95792,926.36426,0.29773,0
2306,501.43324,679.57747,611.07908,12,1,0,0.25765,1.00000,6.00000,698.44690,7.80424,908.47424,0.27712,0
2307,501.57873,718.66466,650.32229,12,1,0,0.25482,1.00000,6.08276,708.08112,7.76399,903.78918,0.28448,0
2308,501.40532,758.27933,611.58255,8,0,0,0.00000,0.00000,0.00000,0.00000,0.00000,0.00000,0.02803,0
2309,501.65655,49.96266,607.05130,8,0,0,0.30708,0.85556,3.00000,349.22345,3.92224,456.57898,0.19085,0
2310,501.80204,89.04985,646.29452,12,1,0,0.25331,1.00000,6.08276,708.08112,8.04209,936.16229,0.28205,0
2311,501.62863,128.66451,607.55477,12,1,0,0.25485,1.00000,6.00000,698.44690,7.55880,879.90338,0.24736,0
2312,501.77412,167.75170,646.79799,12,1,0,0.25385,1.00000,6.00000,698.44690,8.06260,938.54956,0.29434,0
2313,501.74621,246.45355,647.30146,12,1,0,0.24965,1.00000,6.00000,698.44690,8.15650,949.47998,0.28909,0
2314,501.71830,325.15540,647.80494,12,1,0,0.25121,1.00000,6.00000,698.44690,8.06278,938.57111,0.28301,0
2315,501.86379,364.24259,687.04815,12,1,0,0.25017,1.00000,6.08276,708.08112,8.17903,952.10315,0.27424,0
2316,501.69038,403.85726,648.30841,12,1,0,0.25299,1.00000,6.00000,698.44690,8.16955,950.99976,0.28800,0
2317,501.83587,442.94444,687.55162,12,1,0,0.24708,1.00000,6.08276,708.08112,8.26447,962.04834,0.27712,0
2318,501.66247,482.55911,648.81188,12,1,0,0.24451,1.00000,6.00000,698.44690,8.10839,943.88025,0.27546,0
2319,501.80796,521.64630,688.05510,12,1,0,0.25017,1.00000,6.00000,698.44690,8.11596,944.76062,0.26803,0
2320,501.63456,561.26096,649.31535,12,1,0,0.24844,1.00000,6.00000,698.44690,8.12097,945.34412,0.28512,0
2321,501.78005,600.34815,688.55857,12,1,0,0.24534,1.00000,6.00000,698.44690,8.20237,954.81946,0.28595,0
2322,501.75213,679.05000,689.06204,12,1,0,0.25852,1.00000,6.00000,698.44690,7.75885,903.19043,0.28038,0
2323,501.72422,757.75185,689.56551,8,0,0,0.00000,0.00000,0.00000,0.00000,0.00000,0.00000,0.02720,0
2324,501.97544,49.43519,685.03427,8,0,0,0.32087,0.91061,3.60555,419.71432,4.52361,526.58380,0.18931,0
2325,502.12093,88.52237,724.27748,12,1,0,0.26961,0.99160,4.24264,493.87650,6.73315,783.79102,0.25530,0
2326,501.94753,128.13704,685.53774,12,1,0,0.25226,1.00000,6.00000,698.44690,7.88300,917.64325,0.27488,0
2327,502.09302,167.22423,724.78096,12,1,0,0.25483,1.00000,6.16441,717.58594,8.38455,976.02728,0.29594,0
2328,501.91961,206.83889,686.04121,12,1,0,0.25544,1.00000,6.00000,698.44690,8.11466,944.60931,0.28358,0
2329,502.06510,245.92608,725.28443,12,1,0,0.25225,1.00000,6.40312,745.37372,8.22699,957.68542,0.28467,0
2330,501.89170,285.54074,686.54468,12,1,0,0.24914,1.00000,6.08276,708.08112,8.01506,933.01575,0.27840,0
2331,502.03719,324.62793,725.78790,12,1,0,0.26603,1.00000,5.00000,582.03906,7.23221,841.88623,0.25414,0
2332,502.00928,403.32978,726.29137,12,1,0,0.24726,1.00000,6.08276,708.08112,8.21723,956.54968,0.28032,0
2333,501.98136,482.03163,726.79484,12,1,0,0.25262,1.00000,7.00000,814.85468,8.26257,961.82800,0.28864,0
2334,501.95345,560.73348,727.29831,12,1,0,0.24674,1.00000,6.16441,717.58594,8.16430,950.38800,0.28160,0
2335,502.09894,599.82067,766.54153,8,0,0,0.28418,0.81285,3.00000,349.22345,3.25690,379.12820,0.17101,0
2336,501.92554,639.43534,727.80179,12,1,0,0.24726,1.00000,6.00000,698.44690,8.39725,977.50507,0.30208,0
2337,502.07103,678.52252,767.04500,8,0,0,0.29002,0.86517,3.00000,349.22345,3.99022,464.49292,0.17504,0
2338,501.89762,718.13719,728.30526,12,1,0,0.25545,1.00000,6.00000,698.44690,7.88118,917.43127,0.28230,0
2339,502.04311,757.22438,767.54848,5,0,0,0.00000,0.00000,0.00000,0.00000,0.00000,0.00000,0.01715,0
2340,502.29433,48.90771,763.01723,5,0,0,0.31732,0.68956,2.23607,260.29578,2.72009,316.63965,0.11258,0
2341,502.26642,127.60956,763.52070,8,0,0,0.27424,0.78873,2.82843,329.25101,2.97575,346.40063,0.16243,0
2342,502.23851,206.31141,764.02417,8,0,0,0.28110,0.79722,2.82843,329.25101,3.44621,401.16602,0.17395,0
2343,502.21059,285.01327,764.52765,8,0,0,0.29352,0.80780,3.00000,349.22345,3.24009,377.17191,0.16998,0
2344,502.18268,363.71512,765.03112,8,0,0,0.27255,0.75758,2.00000,232.81563,2.38384,277.49716,0.17344,0
2345,502.15477,442.41697,765.53459,8,0,0,0.27976,0.79213,3.00000,349.22345,3.11061,362.09885,0.16870,0
2346,502.12685,521.11882,766.03806,8,0,0,0.29760,0.81593,2.44949,285.13977,3.54417,412.56934,0.17600,0
2347,538.37037,722.68092,65.37371,8,0,0,0.30878,0.91086,4.00000,465.63126,4.52876,527.18256,0.17037,0
2348,538.59368,93.06611,61.34593,8,0,0,0.29622,0.85475,3.16228,368.11383,3.69859,430.54453,0.17530,0
2349,538.56577,171.76796,61.84941,8,0,0,0.29823,0.85112,3.00000,349.22345,3.87385,450.94678,0.16922,0
2350,538.53785,250.46981,62.35288,8,0,0,0.28306,0.78963,3.00000,349.22345,2.99240,348.33817,0.15898,0
2351,538.50994,329.17166,62.85635,8,0,0,0.27984,0.78371,2.23607,260.29578,3.13600,365.05490,0.16326,0
2352,538.48203,407.87351,63.35982,8,0,0,0.28065,0.77159,3.00000,349.22345,2.95909,344.46130,0.16390,0
2353,538.45411,486.57537,63.86329,8,0,0,0.28244,0.79272,2.00000,232.81563,2.32264,270.37363,0.16442,0
2354,538.59960,525.66255,103.10651,12,1,0,0.24965,1.00000,7.00000,814.85468,7.85231,914.07013,0.27578,0
2355,538.42620,565.27722,64.36676,8,0,0,0.28183,0.81921,3.00000,349.22345,2.96780,345.47546,0.17082,0
2356,538.57169,604.36441,103.60998,12,1,0,0.24598,1.00000,6.00000,698.44690,8.10373,943.33698,0.28563,0
2357,538.39828,643.97907,64.87024,8,0,0,0.29011,0.83196,2.82843,329.25101,3.78360,440.44028,0.17856,0
2358,538.54377,683.06626,104.11345,12,1,0,0.26973,0.97507,4.24264,493.87650,6.69630,779.50171,0.25050,0
2359,538.51586,761.76811,104.61693,8,0,0,0.00000,0.00000,0.00000,0.00000,0.00000,0.00000,0.02400,0
2360,538.76708,53.45144,100.08568,8,0,0,0.31931,0.92521,4.00000,465.63126,4.64062,540.20502,0.19226,0
2361,538.73917,132.15330,100.58915,12,1,0,0.25105,1.00000,6.00000,698.44690,7.93530,923.73065,0.27008,0
2362,538.71126,210.85515,101.09262,12,1,0,0.25297,1.00000,6.00000,698.44690,8.14633,948.29700,0.28550,0
2363,538.85675,249.94234,140.33584,12,1,0,0.24863,1.00000,7.00000,814.85468,8.23993,959.19226,0.28128,0
2364,538.68334,289.55700,101.59610,12,1,0,0.24480,1.00000,6.08276,708.08112,7.97650,928.52643,0.27194,0
2365,538.82883,328.64419,140.83931,12,1,0,0.24759,1.00000,6.16441,717.58594,8.15375,949.15991,0.28659,0
2366,538.65543,368.25885,102.09957,12,1,0,0.25000,1.00000,6.00000,698.44690,8.08858,941.57416,0.28134,0
2367,538.80092,407.34604,141.34278,12,1,0,0.24638,1.00000,6.00000,698.44690,8.18585,952.89636,0.27930,0
2368,538.62751,446.96070,102.60304,12,1,0,0.24724,1.00000,6.08276,708.08112,8.03905,935.80792,0.28717,0
2369,538.77300,486.04789,141.84626,12,1,0,0.27639,1.00000,5.00000,582.03906,7.00909,815.91333,0.23949,0
2370,538.74509,564.74974,142.34973,12,1,0,0.27017,0.98886,5.00000,582.03906,6.85613,798.10681,0.24845,0
2371,538.71718,643.45159,142.85320,12,1,0,0.26281,1.00000,5.00000,582.03906,7.43355,865.32349,0.26266,0
2372,538.86267,682.53878,182.09642,12,1,0,0.26449,0.99720,4.35890,507.40991,7.19032,837.00885,0.24998,0
2373,538.68926,722.15345,143.35667,12,1,0,0.27141,0.99440,5.00000,582.03906,6.82584,794.58167,0.24339,0
2374,538.83475,761.24063,182.59989,8,0,0,0.00000,0.00000,0.00000,0.00000,0.00000,0.00000,0.02752,0
2375,539.08598,52.92397,178.06864,8,0,0,0.31832,0.85205,3.00000,349.22345,4.01921,467.86789,0.18861,0
2376,538.91257,92.53863,139.32890,12,1,0,0.25123,1.00000,6.08276,708.08112,7.76011,903.33728,0.26496,0
2377,539.05806,131.62582,178.57212,12,1,0,0.25844,1.00000,6.00000,698.44690,7.61926,886.94177,0.27373,0
2378,538.88466,171.24048,139.83237,12,1,0,0.25207,1.00000,6.78233,789.51624,8.11787,944.98364,0.27418,0
2379,539.03015,210.32767,179.07559,12,1,0,0.25052,1.00000,6.00000,698.44690,8.00647,932.01587,0.27930,0
2380,539.00224,289.02952,179.57906,12,1,0,0.24913,1.00000,6.00000,698.44690,8.05010,937.09460,0.28307,0
2381,538.97432,367.73138,180.08253,12,1,0,0.25417,1.00000,7.00000,814.85468,8.20927,955.62347,0.28672,0
2382,539.11981,406.81856,219.32575,12,1,0,0.25947,1.00000,6.00000,698.44690,7.49812,872.84021,0.25741,0
2383,538.94641,446.43323,180.58600,12,1,0,0.24983,1.00000,6.08276,708.08112,8.25294,960.70697,0.28550,0
2384,539.09190,485.52042,219.82922,12,1,0,0.24725,1.00000,6.08276,708.08112,8.09794,942.66376,0.27130,0
2385,538.91849,525.13508,181.08947,12,1,0,0.25434,1.00000,7.00000,814.85468,8.27308,963.05090,0.28582,0
2386,539.06398,564.22227,220.33269,12,1,0,0.24983,1.00000,7.00000,814.85468,8.15595,949.41650,0.28243,0
2387,538.89058,603.83693,181.59295,12,1,0,0.24759,1.00000,6.00000,698.44690,8.25215,960.61456,0.28192,0
2388,539.03607,642.92412,220.83616,12,1,0,0.25492,1.00000,6.00000,698.44690,8.24187,959.41797,0.29811,0
2389,539.00816,721.62597,221.33964,12,1,0,0.25192,1.00000,6.00000,698.44690,7.80978,909.11969,0.27418,0
2390,539.23147,92.01116,217.31186,12,1,0,0.26065,1.00000,5.38516,626.87524,7.52688,876.18805,0.26746,0
2391,539.20355,170.71301,217.81533,12,1,0,0.25599,1.00000,6.00000,698.44690,7.74728,901.84399,0.27674,0
2392,539.34904,209.80020,257.05855,12,1,0,0.25298,1.00000,6.00000,698.44690,7.88167,917.48785,0.28077,0
2393,539.17564,249.41486,218.31881,12,1,0,0.24965,1.00000,6.00000,698.44690,7.98234,929.20679,0.28397,0
2394,539.32113,288.50205,257.56202,12,1,0,0.24565,1.00000,6.00000,698.44690,8.01415,932.90985,0.28358,0
2395,539.14773,328.11671,218.82228,12,1,0,0.26312,1.00000,6.00000,698.44690,7.48913,871.79279,0.26726,0
2396,539.29322,367.20390,258.06550,12,1,0,0.24983,1.00000,6.08276,708.08112,8.10686,943.70129,0.27437,0
2397,539.26530,445.90575,258.56897,12,1,0,0.24948,1.00000,6.00000,698.44690,8.21298,956.05542,0.28499,0
2398,539.23739,524.60760,259.07244,12,1,0,0.24914,1.00000,6.00000,698.44690,8.20609,955.25342,0.29088,0
2399,539.20947,603.30946,259.57591,12,1,0,0.24448,1.00000,6.00000,698.44690,8.08669,941.35376,0.28333,0
2400,539.35496,642.39664,298.81913,12,1,0,0.24517,1.00000,6.63325,772.16211,8.04047,935.97357,0.28371,0
2401,539.18156,682.01131,260.07938,12,1,0,0.25761,1.00000,6.00000,698.44690,7.98735,929.78992,0.27245,0
2402,539.32705,721.09850,299.32260,12,1,0,0.24895,1.00000,6.00000,698.44690,7.85254,914.09729,0.27309,0
2403,539.15365,760.71316,260.58285,8,0,0,0.00000,0.00000,0.00000,0.00000,0.00000,0.00000,0.02445,0
2404,539.40487,52.39649,256.05161,8,0,0,0.31352,0.91086,4.00000,465.63126,4.55933,530.74170,0.19181,0
2405,539.55036,91.48368,295.29483,12,1,0,0.24753,1.00000,6.00000,698.44690,7.89165,918.64990,0.28179,0
2406,539.37696,131.09835,256.55508,12,1,0,0.25355,1.00000,6.00000,698.44690,7.74549,901.63513,0.27827,0
2407,539.52245,170.18553,295.79830,12,1,0,0.24825,1.00000,6.08276,708.08112,7.86733,915.81903,0.27027,0
2408,539.49453,248.88739,296.30177,12,1,0,0.24263,1.00000,6.16441,717.58594,8.12868,946.24213,0.28301,0
2409,539.46662,327.58924,296.80524,12,1,0,0.24552,1.00000,7.00000,814.85468,8.04823,936.87689,0.28122,0
2410,539.61211,366.67643,336.04846,12,1,0,0.25140,1.00000,6.08276,708.08112,7.78281,905.98029,0.26541,0
2411,539.43870,406.29109,297.30871,12,1,0,0.26405,0.99721,5.00000,582.03906,7.31518,851.54462,0.24870,0
2412,539.58419,445.37828,336.55193,12,1,0,0.24356,1.00000,6.08276,708.08112,7.90620,920.34351,0.26522,0
2413,539.41079,484.99294,297.81218,12,1,0,0.24861,1.00000,6.00000,698.44690,8.13573,947.06305,0.28045,0
2414,539.55628,524.08013,337.05540,12,1,0,0.24605,1.00000,6.63325,772.16211,8.21608,956.41553,0.28333,0
2415,539.38288,563.69479,298.31566,12,1,0,0.25017,1.00000,7.00000,814.85468,8.04497,936.49768,0.27859,0
2416,539.52837,602.78198,337.55887,12,1,0,0.24913,1.00000,6.00000,698.44690,8.02067,933.66864,0.27718,0
2417,539.50045,681.48383,338.06235,12,1,0,0.25070,1.00000,6.08276,708.08112,7.81985,910.29156,0.27418,0
2418,539.47254,760.18568,338.56582,8,0,0,0.00000,0.00000,0.00000,0.00000,0.00000,0.00000,0.02605,0
2419,539.72376,51.86902,334.03457,8,0,0,0.31013,0.83014,3.00000,349.22345,3.76291,438.03241,0.18970,0
2420,539.86925,90.95621,373.27779,12,1,0,0.25260,1.00000,6.08276,708.08112,7.99012,930.11279,0.27290,0
2421,539.69585,130.57087,334.53804,12,1,0,0.26087,1.00000,6.08276,708.08112,7.30033,849.81506,0.25843,0
2422,539.84134,169.65806,373.78126,12,1,0,0.24895,1.00000,6.00000,698.44690,7.96646,927.35791,0.27469,0
2423,539.66794,209.27272,335.04152,12,1,0,0.28824,0.99721,4.35890,507.40991,6.47041,753.20618,0.22739,0
2424,539.81343,248.35991,374.28473,12,1,0,0.26811,1.00000,5.00000,582.03906,7.25539,844.58362,0.25434,0
2425,539.64002,287.97457,335.54499,12,1,0,0.25767,1.00000,6.00000,698.44690,7.70005,896.34576,0.27258,0
2426,539.78551,327.06176,374.78821,12,1,0,0.25453,1.00000,6.00000,698.44690,8.13461,946.93262,0.27942,0
2427,539.75760,405.76361,375.29168,12,1,0,0.25157,1.00000,6.00000,698.44690,8.07902,940.46136,0.29235,0
2428,539.72968,484.46547,375.79515,12,1,0,0.24280,1.00000,7.00000,814.85468,8.14873,948.57629,0.27962,0
2429,539.70177,563.16732,376.29862,12,1,0,0.24913,1.00000,6.08276,708.08112,8.02596,934.28467,0.28877,0
2430,539.84726,602.25451,415.54184,12,1,0,0.24826,1.00000,6.00000,698.44690,7.79871,907.83051,0.26650,0
2431,539.67386,641.86917,376.80209,12,1,0,0.25174,1.00000,6.00000,698.44690,8.05825,938.04376,0.28589,0
2432,539.81935,680.95636,416.04531,12,1,0,0.25174,1.00000,7.00000,814.85468,7.86137,915.12531,0.26720,0
2433,539.64594,720.57102,377.30556,12,1,0,0.25265,1.00000,6.00000,698.44690,7.86866,915.97382,0.27168,0
2434,539.79143,759.65821,416.54878,8,0,0,0.00000,0.00000,0.00000,0.00000,0.00000,0.00000,0.02394,0
2435,540.04266,51.34154,412.01754,8,0,0,0.32190,0.93889,4.00000,465.63126,4.69492,546.52557,0.19136,0
2436,540.01474,130.04340,412.52101,12,1,0,0.25407,1.00000,6.00000,698.44690,7.70571,897.00433,0.26419,0
2437,539.98683,208.74525,413.02448,12,1,0,0.25690,1.00000,6.00000,698.44690,7.79793,907.73950,0.26957,0
2438,539.95892,287.44710,413.52795,12,1,0,0.25509,1.00000,6.00000,698.44690,7.78426,906.14825,0.27347,0
2439,540.10440,326.53429,452.77117,12,1,0,0.25035,1.00000,7.00000,814.85468,7.99552,930.74103,0.27264,0
2440,539.93100,366.14895,414.03142,12,1,0,0.25279,1.00000,6.08276,708.08112,8.05245,937.36768,0.27546,0
2441,540.07649,405.23614,453.27464,12,1,0,0.25104,1.00000,6.00000,698.44690,8.11699,944.88141,0.27322,0
2442,539.90309,444.85080,414.53489,12,1,0,0.25408,1.00000,6.00000,698.44690,7.84576,913.30737,0.26400,0
2443,540.04858,483.93799,453.77811,12,1,0,0.25314,1.00000,6.55744,763.33710,8.09306,942.09558,0.27917,0
2444,539.87517,523.55265,415.03837,12,1,0,0.24862,1.00000,7.00000,814.85468,8.22771,957.76917,0.28698,0
2445,540.02066,562.63984,454.28158,12,1,0,0.24776,1.00000,6.00000,698.44690,8.10340,943.29901,0.29811,0
2446,539.99275,641.34169,454.78506,12,1,0,0.25349,1.00000,6.00000,698.44690,8.01535,933.04919,0.28454,0
2447,539.96484,720.04355,455.28853,12,1,0,0.25568,1.00000,6.00000,698.44690,7.69599,895.87323,0.27270,0
2448,540.11033,759.13073,494.53175,8,0,0,0.00000,0.00000,0.00000,0.00000,0.00000,0.00000,0.02630,0
2449,540.36155,50.81407,490.00050,8,0,0,0.29700,0.81370,3.00000,349.22345,3.44643,401.19180,0.18061,0
2450,540.18815,90.42873,451.26075,12,1,0,0.24432,1.00000,7.00000,814.85468,8.00174,931.46509,0.27814,0
2451,540.33364,129.51592,490.50397,12,1,0,0.24642,1.00000,6.00000,698.44690,7.65171,890.71826,0.26310,0
2452,540.16023,169.13058,451.76423,12,1,0,0.25664,1.00000,6.00000,698.44690,7.84635,913.37634,0.27635,0
2453,540.30572,208.21777,491.00744,12,1,0,0.25228,1.00000,6.00000,698.44690,7.75941,903.25562,0.27936,0
2454,540.13232,247.83244,452.26770,12,1,0,0.25401,1.00000,6.00000,698.44690,8.01476,932.98126,0.27936,0
2455,540.27781,286.91962,491.51092,12,1,0,0.25426,1.00000,6.00000,698.44690,7.69542,895.80750,0.27430,0
2456,540.24989,365.62148,492.01439,12,1,0,0.26681,1.00000,5.09902,593.56573,7.27702,847.10193,0.26029,0
2457,540.22198,444.32333,492.51786,12,1,0,0.25000,1.00000,7.00000,814.85468,7.92951,923.05652,0.27424,0
2458,540.36747,483.41052,531.76108,12,1,0,0.25320,1.00000,6.00000,698.44690,7.67823,893.80609,0.25715,0
2459,540.19407,523.02518,493.02133,12,1,0,0.25367,1.00000,6.00000,698.44690,8.13782,947.30634,0.27776,0
2460,540.33956,562.11237,532.26455,12,1,0,0.24810,1.00000,7.00000,814.85468,8.20544,955.17773,0.29875,0
2461,540.16615,601.72703,493.52480,12,1,0,0.24654,1.00000,7.00000,814.85468,8.09515,942.33881,0.29395,0
2462,540.31164,640.81422,532.76802,12,1,0,0.25279,1.00000,6.08276,708.08112,8.00047,931.31689,0.27910,0
2463,540.13824,680.42888,494.02827,12,1,0,0.25226,1.00000,6.00000,698.44690,7.98870,929.94659,0.27501,0
2464,540.28373,719.51607,533.27149,12,1,0,0.25408,1.00000,6.08276,708.08112,7.68960,895.12976,0.27558,0
2465,540.50704,89.90126,529.24372,12,1,0,0.27238,0.98880,4.24264,493.87650,6.52311,759.34094,0.26221,0
2466,540.47913,168.60311,529.74719,12,1,0,0.25018,1.00000,6.00000,698.44690,7.88935,918.38251,0.26963,0
2467,540.62462,207.69030,568.99041,12,1,0,0.24983,1.00000,6.00000,698.44690,7.82219,910.56354,0.27898,0
2468,540.45121,247.30496,530.25066,12,1,0,0.24419,1.00000,6.08276,708.08112,8.22066,956.94873,0.27539,0
2469,540.59670,286.39215,569.49388,12,1,0,0.24457,1.00000,7.00000,814.85468,7.91694,921.59418,0.27795,0
2470,540.42330,326.00681,530.75413,12,1,0,0.24948,1.00000,6.63325,772.16211,7.99473,930.64899,0.28230,0
2471,540.56879,365.09400,569.99735,12,1,0,0.25228,1.00000,6.00000,698.44690,8.05825,938.04279,0.28205,0
2472,540.39538,404.70866,531.25761,12,1,0,0.25053,1.00000,6.00000,698.44690,7.90331,920.00702,0.27917,0
2473,540.54087,443.79585,570.50082,12,1,0,0.24757,1.00000,6.08276,708.08112,8.06150,938.42108,0.27859,0
2474,540.51296,522.49770,571.00429,12,1,0,0.24897,1.00000,6.00000,698.44690,8.12438,945.74158,0.29267,0
2475,540.48505,601.19956,571.50777,12,1,0,0.25035,1.00000,7.00000,814.85468,8.08420,941.06348,0.28294,0
2476,540.45713,679.90141,572.01124,12,1,0,0.25212,1.00000,6.00000,698.44690,7.77199,904.72083,0.27136,0
2477,540.60262,718.98860,611.25446,12,1,0,0.26009,1.00000,6.00000,698.44690,7.56448,880.56403,0.27379,0
2478,540.42922,758.60326,572.51471,8,0,0,0.00000,0.00000,0.00000,0.00000,0.00000,0.00000,0.02906,0
2479,540.68044,50.28660,567.98346,8,0,0,0.30990,0.86944,3.60555,419.71432,3.94920,459.71786,0.18618,0
2480,540.82593,89.37378,607.22668,12,1,0,0.25000,1.00000,6.00000,698.44690,7.98443,929.45020,0.27904,0
2481,540.65253,128.98845,568.48694,12,1,0,0.25175,1.00000,6.40312,745.37372,7.84610,913.34711,0.27450,0
2482,540.79802,168.07564,607.73015,12,1,0,0.26795,0.99451,5.00000,582.03906,7.21595,839.99274,0.25824,0
2483,540.77011,246.77749,608.23363,12,1,0,0.26118,1.00000,6.08276,708.08112,7.52910,876.44562,0.25786,0
2484,540.74219,325.47934,608.73710,12,1,0,0.24690,1.00000,6.16441,717.58594,8.13467,946.93939,0.28256,0
2485,540.71428,404.18119,609.24057,12,1,0,0.25367,1.00000,6.00000,698.44690,7.90491,920.19385,0.26701,0
2486,540.85977,443.26838,648.48379,12,1,0,0.24449,1.00000,6.00000,698.44690,8.11548,944.70520,0.28621,0
2487,540.68636,482.88304,609.74404,12,1,0,0.24983,1.00000,6.00000,698.44690,7.95668,926.21924,0.26880,0
2488,540.83185,521.97023,648.98726,12,1,0,0.25157,1.00000,6.16441,717.58594,8.08803,941.51001,0.28685,0
2489,540.65845,561.58489,610.24751,12,1,0,0.24965,1.00000,6.00000,698.44690,7.88374,917.72913,0.27315,0
2490,540.80394,600.67208,649.49073,12,1,0,0.24616,1.00000,6.32456,736.22766,7.97691,928.57410,0.27616,0
2491,540.63054,640.28674,610.75098,12,1,0,0.24965,1.00000,6.08276,708.08112,8.02515,934.19043,0.28410,0
2492,540.77603,679.37393,649.99420,12,1,0,0.25000,1.00000,6.08276,708.08112,7.98198,929.16510,0.27488,0
2493,540.74811,758.07578,650.49767,8,0,0,0.00000,0.00000,0.00000,0.00000,0.00000,0.00000,0.03053,0
2494,540.99934,49.75912,645.96643,8,0,0,0.30000,0.83242,3.00000,349.22345,3.68432,428.88333,0.18701,0
2495,540.97142,128.46097,646.46990,12,1,0,0.29058,0.98623,4.58258,533.44763,6.10913,711.15002,0.24173,0
2496,541.11691,167.54816,685.71312,12,1,0,0.25017,1.00000,6.00000,698.44690,8.05925,938.15955,0.28026,0
2497,540.94351,207.16282,646.97337,12,1,0,0.25387,1.00000,6.00000,698.44690,7.88192,917.51660,0.27405,0
2498,541.08900,246.25001,686.21659,12,1,0,0.25173,1.00000,7.00000,814.85468,8.08314,940.94092,0.27597,0
2499,540.91559,285.86468,647.47684,12,1,0,0.25158,1.00000,6.00000,698.44690,7.97734,928.62439,0.27411,0
2500,541.06108,324.95186,686.72006,12,1,0,0.25630,1.00000,6.00000,698.44690,7.99251,930.39117,0.26880,0
2501,540.88768,364.56653,647.98032,12,1,0,0.25192,1.00000,6.00000,698.44690,8.03602,935.45514,0.28230,0
2502,541.03317,403.65372,687.22353,12,1,0,0.25052,1.00000,6.00000,698.44690,7.93754,923.99188,0.26694,0
2503,541.00526,482.35557,687.72701,12,1,0,0.24743,1.00000,7.00000,814.85468,8.06236,938.52179,0.27360,0
2504,540.97734,561.05742,688.23048,12,1,0,0.25367,1.00000,6.08276,708.08112,8.02453,934.11804,0.27245,0
2505,541.12283,600.14461,727.47369,12,1,0,0.24844,1.00000,6.00000,698.44690,8.18497,952.79388,0.27699,0
2506,540.94943,639.75927,688.73395,12,1,0,0.25139,1.00000,6.16441,717.58594,8.11286,944.39984,0.28678,0
2507,541.09492,678.84646,727.97717,12,1,0,0.25634,1.00000,6.00000,698.44690,8.07155,939.59186,0.28378,0
2508,540.92152,718.46112,689.23742,12,1,0,0.25603,1.00000,6.08276,708.08112,7.75971,903.29095,0.27667,0
2509,541.06701,757.54831,728.48064,8,0,0,0.00000,0.00000,0.00000,0.00000,0.00000,0.00000,0.02502,0
2510,541.31823,49.23165,723.94939,8,0,0,0.31494,0.92201,4.00000,465.63126,4.60059,535.54419,0.18579,0
2511,541.14483,88.84631,685.20965,12,1,0,0.26861,1.00000,5.74456,668.71198,7.38465,859.63147,0.25824,0
2512,541.29032,127.93350,724.45286,12,1,0,0.25053,1.00000,6.00000,698.44690,8.05075,937.17004,0.27309,0
2513,541.26240,206.63535,724.95634,12,1,0,0.24776,1.00000,6.00000,698.44690,8.12342,945.62909,0.28147,0
2514,541.23449,285.33720,725.45981,12,1,0,0.24583,1.00000,6.00000,698.44690,8.01697,933.23779,0.27514,0
2515,541.20657,364.03905,725.96328,12,1,0,0.24965,1.00000,7.00000,814.85468,8.30382,966.62915,0.30010,0
2516,541.35206,403.12624,765.20650,8,0,0,0.28101,0.80332,2.44949,285.13977,3.04068,353.95868,0.16864,0
2517,541.17866,442.74090,726.46675,12,1,0,0.24330,1.00000,7.00000,814.85468,8.10348,943.30811,0.27981,0
2518,541.32415,481.82809,765.70997,8,0,0,0.27893,0.78333,3.00000,349.22345,2.94257,342.53787,0.17088,0
2519,541.15075,521.44276,726.97022,12,1,0,0.24966,1.00000,7.00000,814.85468,8.10512,943.49951,0.27846,0
2520,541.29624,560.52994,766.21344,8,0,0,0.29608,0.84594,3.00000,349.22345,3.86886,450.36551,0.16947,0
2521,541.26832,639.23180,766.71691,8,0,0,0.30230,0.87500,3.60555,419.71432,3.97450,462.66339,0.17670,0
2522,541.24041,717.93365,767.22038,8,0,0,0.30448,0.83836,3.00000,349.22345,3.72604,433.74036,0.17248,0
2523,541.46372,88.31883,763.19261,8,0,0,0.29417,0.87006,3.00000,349.22345,3.92866,457.32715,0.17600,0
2524,541.43581,167.02069,763.69608,8,0,0,0.28977,0.80112,3.00000,349.22345,2.93529,341.69116,0.16634,0
2525,541.40789,245.72254,764.19955,8,0,0,0.27542,0.78371,2.23607,260.29578,2.40342,279.77744,0.17645,0
2526,541.37998,324.42439,764.70303,8,0,0,0.27463,0.77746,3.00000,349.22345,2.96972,345.69839,0.16326,0
2527,577.62350,525.98649,64.03867,8,0,0,0.29423,0.82682,2.00000,232.81563,3.38172,393.65839,0.17107,0
2528,577.59558,604.68834,64.54214,8,0,0,0.28571,0.81586,3.00000,349.22345,3.43750,400.15186,0.16198,0
2529,577.56767,683.39019,65.04562,8,0,0,0.29077,0.86908,3.00000,349.22345,4.18942,487.68170,0.17786,0
2530,577.53975,762.09204,65.54909,5,0,0,0.00000,0.00000,0.00000,0.00000,0.00000,0.00000,0.01971,0
2531,577.79098,53.77538,61.01784,5,0,0,0.33721,0.70924,2.82843,329.25101,3.20109,372.63239,0.10515,0
2532,577.76306,132.47723,61.52131,8,0,0,0.29125,0.82303,3.00000,349.22345,3.50675,408.21304,0.16512,0
2533,577.73515,211.17908,62.02479,8,0,0,0.28369,0.77135,2.00000,232.81563,2.49070,289.93668,0.16422,0
2534,577.70724,289.88093,62.52826,8,0,0,0.28388,0.79944,3.00000,349.22345,3.13570,365.01944,0.16390,0
2535,577.85273,328.96812,101.77148,12,1,0,0.25544,1.00000,6.00000,698.44690,7.98374,929.37024,0.28102,0
2536,577.67932,368.58278,63.03173,8,0,0,0.26610,0.70195,2.00000,232.81563,2.18909,254.82765,0.14963,0
2537,577.82481,407.66997,102.27495,12,1,0,0.24965,1.00000,6.00000,698.44690,8.11973,945.20013,0.27904,0
2538,577.65141,447.28464,63.53520,8,0,0,0.26573,0.75354,2.00000,232.81563,0.00000,0.00000,0.17101,0
2539,577.79690,486.37182,102.77842,12,1,0,0.24602,1.00000,7.00000,814.85468,7.87234,916.40210,0.27059,0
2540,577.76899,565.07368,103.28189,12,1,0,0.24879,1.00000,7.00000,814.85468,8.08565,941.23291,0.28250,0
2541,577.74107,643.77553,103.78536,12,1,0,0.25208,1.00000,6.00000,698.44690,8.27133,962.84698,0.28403,0
2542,577.71316,722.47738,104.28883,12,1,0,0.25035,1.00000,6.40312,745.37372,7.89328,918.83942,0.28064,0
2543,577.85865,761.56457,143.53205,8,0,0,0.00000,0.00000,0.00000,0.00000,0.00000,0.00000,0.02445,0
2544,578.10987,53.24790,139.00081,8,0,0,0.31849,0.90137,4.00000,465.63126,4.38627,510.59567,0.18202,0
2545,577.93647,92.86257,100.26106,12,1,0,0.25453,1.00000,6.00000,698.44690,8.07492,939.98407,0.27405,0
2546,578.08196,131.94976,139.50428,12,1,0,0.25702,1.00000,6.00000,698.44690,7.67778,893.75409,0.27034,0
2547,577.90855,171.56442,100.76453,12,1,0,0.25087,1.00000,6.00000,698.44690,7.97966,928.89423,0.27053,0
2548,578.05404,210.65161,140.00775,12,1,0,0.26436,1.00000,5.38516,626.87524,7.26904,846.17358,0.25472,0
2549,577.88064,250.26627,101.26800,12,1,0,0.25244,1.00000,6.00000,698.44690,8.11905,945.12054,0.26893,0
2550,578.02613,289.35346,140.51122,12,1,0,0.25227,1.00000,7.00000,814.85468,8.00870,932.27576,0.26950,0
2551,577.99822,368.05531,141.01469,12,1,0,0.25542,1.00000,6.00000,698.44690,8.07008,939.42035,0.26739,0
2552,577.97030,446.75716,141.51817,12,1,0,0.24776,1.00000,6.00000,698.44690,8.08666,941.35004,0.26598,0
2553,578.11579,485.84435,180.76138,12,1,0,0.27063,0.99726,5.00000,582.03906,7.22506,841.05292,0.24941,0
2554,577.94239,525.45901,142.02164,12,1,0,0.24673,1.00000,6.00000,698.44690,8.10778,943.80933,0.27891,0
2555,578.08788,564.54620,181.26485,12,1,0,0.26860,1.00000,5.09902,593.56573,7.23429,842.12775,0.25197,0
2556,577.91448,604.16086,142.52511,12,1,0,0.24809,1.00000,6.16441,717.58594,7.99204,930.33636,0.27526,0
2557,578.05997,643.24805,181.76833,12,1,0,0.25243,1.00000,6.08276,708.08112,8.15128,948.87262,0.28166,0
2558,577.88656,682.86272,143.02858,12,1,0,0.25813,1.00000,6.08276,708.08112,7.98503,929.51959,0.26778,0
2559,578.03205,721.94990,182.27180,12,1,0,0.25763,1.00000,6.00000,698.44690,7.83742,912.33740,0.28243,0
2560,578.25536,92.33509,178.24402,12,1,0,0.25370,1.00000,6.00000,698.44690,7.93692,923.92010,0.27354,0
2561,578.22745,171.03694,178.74750,12,1,0,0.25884,1.00000,6.00000,698.44690,7.79113,906.94873,0.26067,0
2562,578.37294,210.12413,217.99071,12,1,0,0.25779,1.00000,6.00000,698.44690,7.63195,888.41815,0.27507,0
2563,578.19953,249.73879,179.25097,12,1,0,0.26477,1.00000,5.83095,678.76831,7.66202,891.91937,0.26662,0
2564,578.34502,288.82598,218.49419,12,1,0,0.25070,1.00000,6.08276,708.08112,7.74034,901.03595,0.26669,0
2565,578.17162,328.44065,179.75444,12,1,0,0.24653,1.00000,6.00000,698.44690,7.90913,920.68494,0.26438,0
2566,578.31711,367.52783,218.99766,12,1,0,0.24931,1.00000,7.00000,814.85468,7.98159,929.11926,0.27002,0
2567,578.14371,407.14250,180.25791,12,1,0,0.25017,1.00000,6.00000,698.44690,8.12681,946.02362,0.27462,0
2568,578.28920,446.22969,219.50113,12,1,0,0.24688,1.00000,6.08276,708.08112,8.03451,935.27991,0.27309,0
2569,578.26128,524.93154,220.00460,12,1,0,0.25139,1.00000,6.08276,708.08112,8.19208,953.62238,0.28006,0
2570,578.23337,603.63339,220.50807,12,1,0,0.24791,1.00000,6.00000,698.44690,8.04089,936.02209,0.27680,0
2571,578.20546,682.33524,221.01154,12,1,0,0.25672,1.00000,6.00000,698.44690,7.74048,901.05237,0.27066,0
2572,578.35094,721.42243,260.25476,12,1,0,0.25465,1.00000,6.00000,698.44690,7.66322,892.05914,0.26778,0
2573,578.17754,761.03709,221.51502,8,0,0,0.00000,0.00000,0.00000,0.00000,0.00000,0.00000,0.02528,0
2574,578.42876,52.72043,216.98377,8,0,0,0.29271,0.82073,3.00000,349.22345,3.59105,418.02603,0.18938,0
2575,578.57425,91.80762,256.22699,12,1,0,0.25106,1.00000,6.00000,698.44690,7.76323,903.70099,0.27507,0
2576,578.40085,131.42228,217.48724,12,1,0,0.25361,1.00000,6.00000,698.44690,7.59894,884.57605,0.26406,0
2577,578.54634,170.50947,256.73046,12,1,0,0.25485,1.00000,6.00000,698.44690,7.63029,888.22559,0.27053,0
2578,578.51843,249.21132,257.23393,12,1,0,0.24684,1.00000,6.08276,708.08112,7.79957,907.93115,0.27635,0
2579,578.49051,327.91317,257.73740,12,1,0,0.26170,1.00000,6.00000,698.44690,7.34007,854.44116,0.26195,0
2580,578.46260,406.61502,258.24088,12,1,0,0.25466,1.00000,6.00000,698.44690,7.57998,882.36902,0.25914,0
2581,578.60809,445.70221,297.48409,12,1,0,0.24480,1.00000,6.08276,708.08112,8.07534,940.03314,0.28064,0
2582,578.43469,485.31687,258.74435,12,1,0,0.24930,1.00000,6.00000,698.44690,7.83875,912.49225,0.27456,0
2583,578.58018,524.40406,297.98756,12,1,0,0.24674,1.00000,6.16441,717.58594,8.06165,938.43909,0.27520,0
2584,578.40677,564.01873,259.24782,12,1,0,0.24760,1.00000,6.92820,806.49695,8.01009,932.43738,0.27219,0
2585,578.55226,603.10591,298.49104,12,1,0,0.24879,1.00000,6.08276,708.08112,8.12949,946.33624,0.28384,0
2586,578.37886,642.72058,259.75129,12,1,0,0.25070,1.00000,6.00000,698.44690,7.98595,929.62714,0.27846,0
2587,578.52435,681.80777,298.99451,12,1,0,0.25228,1.00000,6.00000,698.44690,7.84220,912.89294,0.27392,0
2588,578.49643,760.50962,299.49798,8,0,0,0.00000,0.00000,0.00000,0.00000,0.00000,0.00000,0.02790,0
2589,578.74766,52.19295,294.96674,8,0,0,0.31791,0.88736,4.00000,465.63126,4.31151,501.89301,0.18067,0
2590,578.71974,130.89481,295.47021,12,1,0,0.25192,1.00000,6.00000,698.44690,7.77475,905.04199,0.27354,0
2591,578.86523,169.98199,334.71342,12,1,0,0.25666,1.00000,6.40312,745.37372,7.63989,889.34283,0.25709,0
2592,578.69183,209.59666,295.97368,12,1,0,0.24913,1.00000,6.00000,698.44690,7.92335,922.33972,0.27782,0
2593,578.83732,248.68385,335.21690,12,1,0,0.29917,0.99446,4.35890,507.40991,5.99809,698.22479,0.22330,0
2594,578.66392,288.29851,296.47715,12,1,0,0.24567,1.00000,6.00000,698.44690,8.00782,932.17273,0.27091,0
2595,578.80941,327.38570,335.72037,12,1,0,0.24638,1.00000,6.08276,708.08112,7.96122,926.74854,0.26650,0
2596,578.63600,367.00036,296.98062,12,1,0,0.24930,1.00000,6.08276,708.08112,7.86800,915.89612,0.27379,0
2597,578.78149,406.08755,336.22384,12,1,0,0.25822,1.00000,6.40312,745.37372,7.90702,920.43854,0.26778,0
2598,578.75358,484.78940,336.72731,12,1,0,0.25315,1.00000,6.00000,698.44690,7.89127,918.60577,0.26944,0
2599,578.72567,563.49125,337.23078,12,1,0,0.24636,1.00000,6.63325,772.16211,7.94649,925.03320,0.27674,0
2600,578.87116,602.57844,376.47400,12,1,0,0.24774,1.00000,6.08276,708.08112,8.08701,941.39166,0.28435,0
2601,578.69775,642.19310,337.73425,12,1,0,0.25261,1.00000,6.00000,698.44690,7.90037,919.66504,0.26886,0
2602,578.84324,681.28029,376.97747,12,1,0,0.25400,1.00000,6.16441,717.58594,7.90774,920.52228,0.27584,0
2603,578.66984,720.89495,338.23773,12,1,0,0.25753,1.00000,6.00000,698.44690,7.58220,882.62762,0.27149,0
2604,578.81533,759.98214,377.48094,8,0,0,0.00000,0.00000,0.00000,0.00000,0.00000,0.00000,0.02854,0
2605,579.06655,51.66548,372.94970,8,0,0,0.29102,0.77901,2.82843,329.25101,3.30421,384.63583,0.19610,0
2606,578.89315,91.28014,334.20995,12,1,0,0.25565,1.00000,6.00000,698.44690,7.75702,902.97797,0.27104,0
2607,579.03864,130.36733,373.45317,12,1,0,0.26716,1.00000,6.00000,698.44690,7.23177,841.83466,0.25466,0
2608,579.01072,209.06918,373.95664,12,1,0,0.28812,0.89286,3.00000,349.22345,4.27144,497.22955,0.20403,0
2609,578.98281,287.77103,374.46011,12,1,0,0.25444,1.00000,6.00000,698.44690,7.59989,884.68689,0.27002,0
2610,578.95490,366.47289,374.96359,12,1,0,0.24965,1.00000,6.08276,708.08112,7.90668,920.39990,0.26925,0
2611,579.10039,405.56007,414.20680,12,1,0,0.25140,1.00000,6.00000,698.44690,7.84910,913.69647,0.26451,0
2612,578.92698,445.17474,375.46706,12,1,0,0.24776,1.00000,6.08276,708.08112,7.96705,927.42664,0.26976,0
2613,579.07247,484.26193,414.71028,12,1,0,0.24725,1.00000,7.00000,814.85468,8.04955,937.03052,0.27251,0
2614,578.89907,523.87659,375.97053,12,1,0,0.25612,1.00000,7.00000,814.85468,8.07210,939.65582,0.27072,0
2615,579.04456,562.96378,415.21375,12,1,0,0.26178,1.00000,6.00000,698.44690,7.49241,872.17474,0.26490,0
2616,579.01665,641.66563,415.71722,12,1,0,0.25087,1.00000,6.00000,698.44690,7.78135,905.80951,0.27130,0
2617,578.98873,720.36748,416.22069,12,1,0,0.25386,1.00000,7.00000,814.85468,7.65609,891.22906,0.26886,0
2618,579.21204,90.75267,412.19292,12,1,0,0.26473,1.00000,5.74456,668.71198,7.37159,858.11127,0.25267,0
2619,579.35753,129.83986,451.43613,12,1,0,0.26955,1.00000,5.00000,582.03906,6.89575,802.71881,0.25734,0
2620,579.18413,169.45452,412.69639,12,1,0,0.25106,1.00000,6.00000,698.44690,7.68497,894.59106,0.26074,0
2621,579.32962,208.54171,451.93961,12,1,0,0.24965,1.00000,6.00000,698.44690,7.95453,925.96899,0.28070,0
2622,579.15621,248.15637,413.19986,12,1,0,0.25593,1.00000,6.00000,698.44690,7.80112,908.11139,0.24986,0
2623,579.30170,287.24356,452.44308,12,1,0,0.24895,1.00000,6.00000,698.44690,7.95590,926.12897,0.28365,0
2624,579.12830,326.85822,413.70333,12,1,0,0.24948,1.00000,7.00000,814.85468,7.94830,925.24451,0.27699,0
2625,579.27379,365.94541,452.94655,12,1,0,0.25861,1.00000,6.08276,708.08112,7.85188,914.01971,0.26880,0
2626,579.24588,444.64726,453.45002,12,1,0,0.25053,1.00000,6.40312,745.37372,7.76603,904.02643,0.27091,0
2627,579.21796,523.34911,453.95349,12,1,0,0.24879,1.00000,6.00000,698.44690,7.97549,928.40973,0.27373,0
2628,579.36345,562.43630,493.19671,12,1,0,0.24757,1.00000,6.16441,717.58594,7.92990,923.10211,0.28160,0
2629,579.19005,602.05097,454.45696,12,1,0,0.25035,1.00000,6.16441,717.58594,7.95281,925.76959,0.28358,0
2630,579.33554,641.13815,493.70018,12,1,0,0.25264,1.00000,7.00000,814.85468,7.84231,912.90564,0.27942,0
2631,579.16213,680.75282,454.96044,12,1,0,0.25670,1.00000,6.00000,698.44690,7.79799,907.74664,0.26822,0
2632,579.30762,719.84001,494.20365,12,1,0,0.25825,1.00000,6.00000,698.44690,7.59630,884.26910,0.26304,0
2633,579.13422,759.45467,455.46391,8,0,0,0.00000,0.00000,0.00000,0.00000,0.00000,0.00000,0.02867,0
2634,579.38544,51.13800,450.93266,8,0,0,0.31287,0.88674,3.74166,435.55817,4.25334,495.12149,0.18771,0
2635,579.53093,90.22519,490.17588,12,1,0,0.25593,1.00000,6.00000,698.44690,7.61111,885.99298,0.26611,0
2636,579.50302,168.92704,490.67935,12,1,0,0.25246,1.00000,6.00000,698.44690,7.80214,908.23010,0.26707,0
2637,579.47511,247.62890,491.18282,12,1,0,0.25320,1.00000,6.00000,698.44690,7.67168,893.04358,0.26586,0
2638,579.62060,286.71608,530.42604,12,1,0,0.24669,1.00000,6.08276,708.08112,7.88952,918.40210,0.27200,0
2639,579.44719,326.33075,491.68630,12,1,0,0.24826,1.00000,7.00000,814.85468,7.92022,921.97583,0.26906,0
2640,579.59268,365.41794,530.92951,12,1,0,0.25586,1.00000,6.00000,698.44690,7.70777,897.24438,0.25043,0
2641,579.41928,405.03260,492.18977,12,1,0,0.25512,1.00000,6.08276,708.08112,7.74747,901.86572,0.26752,0
2642,579.56477,444.11979,531.43299,12,1,0,0.25193,1.00000,6.00000,698.44690,7.81928,910.22565,0.26554,0
2643,579.39137,483.73445,492.69324,12,1,0,0.25175,1.00000,6.63325,772.16211,7.88180,917.50262,0.27072,0
2644,579.53686,522.82164,531.93646,12,1,0,0.24640,1.00000,6.08276,708.08112,8.19032,953.41748,0.28326,0
2645,579.50894,601.52349,532.43993,12,1,0,0.25070,1.00000,7.00000,814.85468,8.07066,939.48761,0.28570,0
2646,579.48103,680.22534,532.94340,12,1,0,0.25439,1.00000,6.00000,698.44690,7.81558,909.79492,0.27757,0
2647,579.45311,758.92719,533.44687,8,0,0,0.00000,0.00000,0.00000,0.00000,0.00000,0.00000,0.02688,0
2648,579.70434,50.61053,528.91563,8,0,0,0.28887,0.80447,2.44949,285.13977,3.33299,387.98605,0.18630,0
2649,579.84983,89.69772,568.15885,12,1,0,0.27629,1.00000,4.89898,570.27954,6.78084,789.34320,0.25101,0
2650,579.67642,129.31238,529.41910,12,1,0,0.25698,1.00000,6.08276,708.08112,7.60538,885.32538,0.27091,0
2651,579.82191,168.39957,568.66232,12,1,0,0.24518,1.00000,7.00000,814.85468,7.98914,929.99774,0.27078,0
2652,579.64851,208.01423,529.92257,12,1,0,0.24965,1.00000,6.00000,698.44690,7.91187,921.00293,0.28781,0
2653,579.79400,247.10142,569.16579,12,1,0,0.25594,1.00000,6.00000,698.44690,7.94436,924.78510,0.26989,0
2654,579.76609,325.80327,569.66926,12,1,0,0.25087,1.00000,6.16441,717.58594,7.93196,923.34204,0.26650,0
2655,579.73817,404.50512,570.17273,12,1,0,0.24484,1.00000,6.08276,708.08112,8.00490,931.83301,0.26906,0
2656,579.71026,483.20698,570.67620,12,1,0,0.25035,1.00000,6.00000,698.44690,8.02632,934.32599,0.27840,0
2657,579.85575,522.29416,609.91942,12,1,0,0.25139,1.00000,6.00000,698.44690,8.09463,942.27765,0.28000,0
2658,579.68235,561.90883,571.17968,12,1,0,0.25475,1.00000,6.08276,708.08112,7.85380,914.24420,0.28346,0
2659,579.82784,600.99602,610.42289,12,1,0,0.25245,1.00000,6.00000,698.44690,8.00262,931.56781,0.27859,0
2660,579.65443,640.61068,571.68315,12,1,0,0.25105,1.00000,6.00000,698.44690,7.91508,921.37720,0.28454,0
2661,579.79992,679.69787,610.92636,12,1,0,0.25563,1.00000,6.00000,698.44690,7.78094,905.76270,0.27546,0
2662,579.62652,719.31253,572.18662,12,1,0,0.25716,1.00000,6.00000,698.44690,7.71950,898.60956,0.27398,0
2663,579.77201,758.39972,611.42984,8,0,0,0.00000,0.00000,0.00000,0.00000,0.00000,0.00000,0.02854,0
2664,580.02323,50.08305,606.89859,8,0,0,0.31275,0.87397,4.00000,465.63126,4.08832,475.91180,0.19430,0
2665,579.99532,128.78491,607.40206,12,1,0,0.25440,1.00000,6.00000,698.44690,7.78495,906.22906,0.27309,0
2666,579.96740,207.48676,607.90553,12,1,0,0.24638,1.00000,6.16441,717.58594,8.00232,931.53204,0.26950,0
2667,580.11289,246.57395,647.14875,12,1,0,0.24502,1.00000,7.00000,814.85468,8.22010,956.88403,0.28166,0
2668,579.93949,286.18861,608.40901,12,1,0,0.25210,1.00000,6.00000,698.44690,7.88342,917.69189,0.27405,0
2669,580.08498,325.27580,647.65222,12,1,0,0.24707,1.00000,7.00000,814.85468,8.13705,947.21661,0.27098,0
2670,579.91158,364.89046,608.91248,12,1,0,0.25686,1.00000,6.00000,698.44690,8.09296,942.08350,0.27590,0
2671,580.05707,403.97765,648.15570,12,1,0,0.25476,1.00000,6.00000,698.44690,8.02735,934.44574,0.27443,0
2672,579.88366,443.59231,609.41595,12,1,0,0.24637,1.00000,6.08276,708.08112,8.12946,946.33270,0.27667,0
2673,580.02915,482.67950,648.65917,12,1,0,0.24966,1.00000,6.40312,745.37372,8.18086,952.31573,0.28115,0
2674,580.00124,561.38135,649.16264,12,1,0,0.25225,1.00000,6.00000,698.44690,8.07540,940.03937,0.27936,0
2675,579.97332,640.08320,649.66611,12,1,0,0.25245,1.00000,6.16441,717.58594,7.76872,904.33966,0.28147,0
2676,580.11881,679.17039,688.90933,12,1,0,0.25887,1.00000,6.00000,698.44690,7.76164,903.51501,0.27610,0
2677,579.94541,718.78506,650.16958,12,1,0,0.26335,1.00000,6.00000,698.44690,7.52610,876.09729,0.26630,0
2678,580.09090,757.87224,689.41280,8,0,0,0.00000,0.00000,0.00000,0.00000,0.00000,0.00000,0.02586,0
2679,580.34212,49.55558,684.88156,8,0,0,0.29823,0.84637,3.16228,368.11383,3.87270,450.81216,0.19565,0
2680,580.16872,89.17024,646.14181,12,1,0,0.28627,1.00000,5.00000,582.03906,6.72337,782.65338,0.22157,0
2681,580.31421,128.25743,685.38503,12,1,0,0.25211,1.00000,6.08276,708.08112,7.82757,911.19061,0.27200,0
2682,580.14081,167.87209,646.64528,12,1,0,0.25175,1.00000,6.00000,698.44690,7.90032,919.65918,0.26387,0
2683,580.28630,206.95928,685.88850,12,1,0,0.25578,1.00000,6.00000,698.44690,7.95491,926.01385,0.27347,0
2684,580.25838,285.66113,686.39197,12,1,0,0.25248,1.00000,6.00000,698.44690,7.82430,910.80957,0.26669,0
2685,580.23047,364.36299,686.89544,12,1,0,0.24948,1.00000,7.00000,814.85468,8.01251,932.71826,0.27424,0
2686,580.20256,443.06484,687.39891,12,1,0,0.25262,1.00000,6.08276,708.08112,7.90487,920.18817,0.27046,0
2687,580.34805,482.15203,726.64213,12,1,0,0.24519,1.00000,6.16441,717.58594,8.21680,956.49957,0.27661,0
2688,580.17464,521.76669,687.90239,12,1,0,0.25614,1.00000,6.00000,698.44690,8.01968,933.55328,0.27264,0
2689,580.32013,560.85388,727.14560,12,1,0,0.25070,1.00000,6.00000,698.44690,8.17755,951.93066,0.28006,0
2690,580.14673,600.46854,688.40586,12,1,0,0.26929,1.00000,5.00000,582.03906,6.99758,814.57275,0.24211,0
2691,580.29222,639.55573,727.64907,12,1,0,0.25070,1.00000,6.00000,698.44690,7.80693,908.78741,0.26835,0
2692,580.26430,718.25758,728.15255,12,1,0,0.26426,1.00000,6.00000,698.44690,7.57028,881.23944,0.28064,0
2693,580.48761,88.64277,724.12477,12,1,0,0.25052,1.00000,6.00000,698.44690,8.15092,948.83032,0.27808,0
2694,580.45970,167.34462,724.62825,12,1,0,0.24738,1.00000,6.40312,745.37372,8.02672,934.37347,0.27584,0
2695,580.60519,206.43181,763.87146,8,0,0,0.26834,0.75000,2.00000,232.81563,2.63068,306.23190,0.16486,0
2696,580.43179,246.04647,725.13172,12,1,0,0.25245,1.00000,6.00000,698.44690,8.07851,940.40186,0.27437,0
2697,580.57728,285.13366,764.37493,8,0,0,0.28788,0.79832,2.82843,329.25101,3.30789,385.06479,0.16346,0
2698,580.40387,324.74832,725.63519,12,1,0,0.24791,1.00000,6.00000,698.44690,7.96096,926.71826,0.27514,0
2699,580.54936,363.83551,764.87841,8,0,0,0.27703,0.80618,2.23607,260.29578,3.10594,361.55600,0.16864,0
2700,580.37596,403.45017,726.13866,12,1,0,0.24654,1.00000,6.08276,708.08112,8.12380,945.67352,0.26880,0
2701,580.52145,442.53736,765.38188,8,0,0,0.28887,0.82286,3.00000,349.22345,3.53943,412.01721,0.16781,0
2702,580.49354,521.23921,765.88535,8,0,0,0.28940,0.82022,2.44949,285.13977,3.56702,415.22922,0.16915,0
2703,580.46562,599.94107,766.38882,8,0,0,0.28137,0.81768,3.00000,349.22345,3.54815,413.03268,0.16826,0
2704,580.43771,678.64292,766.89229,8,0,0,0.28695,0.83287,3.00000,349.22345,3.89334,453.21518,0.17062,0
2705,580.40979,757.34477,767.39576,5,0,0,0.00000,0.00000,0.00000,0.00000,0.00000,0.00000,0.01235,0
2706,580.66102,49.02811,762.86452,5,0,0,0.31030,0.67671,2.82843,329.25101,2.60845,303.64404,0.11302,0
2707,580.63310,127.72996,763.36799,8,0,0,0.29550,0.84594,3.00000,349.22345,3.75000,436.52930,0.17299,0
2708,616.84871,407.99391,63.20711,8,0,0,0.28912,0.76022,3.00000,349.22345,2.71697,316.27682,0.15776,0
2709,616.82079,486.69576,63.71058,8,0,0,0.27607,0.74792,2.23607,260.29578,2.20641,256.84338,0.16422,0
2710,616.79288,565.39761,64.21405,8,0,0,0.27805,0.78212,3.00000,349.22345,2.96411,345.04593,0.16288,0
2711,616.76497,644.09946,64.71752,8,0,0,0.28960,0.81868,3.00000,349.22345,3.46024,402.79871,0.16851,0
2712,616.73705,722.80131,65.22100,8,0,0,0.30637,0.88219,4.00000,465.63126,4.29557,500.03769,0.17280,0
2713,616.96036,93.18650,61.19322,8,0,0,0.29457,0.73842,3.00000,349.22345,2.63201,306.38635,0.14086,0
2714,617.10585,132.27369,100.43644,12,1,0,0.25000,1.00000,6.00000,698.44690,8.03983,935.89941,0.27418,0
2715,616.93245,171.88835,61.69669,8,0,0,0.28083,0.74451,2.23607,260.29578,2.24269,261.06650,0.16096,0
2716,617.07794,210.97554,100.93991,12,1,0,0.25688,1.00000,6.00000,698.44690,8.07952,940.51874,0.27706,0
2717,616.90454,250.59020,62.20017,8,0,0,0.28439,0.76944,3.00000,349.22345,2.71750,316.33823,0.16275,0
2718,617.05002,289.67739,101.44338,12,1,0,0.24691,1.00000,6.08276,708.08112,8.20826,955.50586,0.28762,0
2719,616.87662,329.29206,62.70364,8,0,0,0.26806,0.71309,2.00000,232.81563,2.04259,237.77373,0.16192,0
2720,617.02211,368.37924,101.94686,12,1,0,0.25087,1.00000,6.00000,698.44690,8.03168,934.95044,0.27738,0
2721,616.99420,447.08110,102.45033,12,1,0,0.25088,1.00000,6.00000,698.44690,7.95130,925.59314,0.27776,0
2722,616.96628,525.78295,102.95380,12,1,0,0.25104,1.00000,7.00000,814.85468,8.18340,952.61218,0.28339,0
2723,617.11177,564.87014,142.19702,12,1,0,0.25278,1.00000,6.00000,698.44690,8.21066,955.78522,0.28243,0
2724,616.93837,604.48480,103.45727,12,1,0,0.25104,1.00000,6.00000,698.44690,7.92046,922.00305,0.27123,0
2725,617.08386,643.57199,142.70049,12,1,0,0.24621,1.00000,7.00000,814.85468,8.19736,954.23730,0.27802,0
2726,616.91046,683.18665,103.96074,12,1,0,0.25781,1.00000,6.00000,698.44690,7.85814,914.74835,0.27136,0
2727,617.05595,722.27384,143.20396,12,1,0,0.25726,1.00000,6.00000,698.44690,7.69913,896.23853,0.27347,0
2728,616.88254,761.88850,104.46421,8,0,0,0.00000,0.00000,0.00000,0.00000,0.00000,0.00000,0.02483,0
2729,617.13377,53.57184,99.93297,8,0,0,0.29797,0.85833,3.00000,349.22345,3.74090,435.47000,0.18458,0
2730,617.27926,92.65903,139.17619,12,1,0,0.25712,1.00000,6.00000,698.44690,7.75499,902.74152,0.26566,0
2731,617.25134,171.36088,139.67966,12,1,0,0.25176,1.00000,6.00000,698.44690,7.85760,914.68622,0.26342,0
2732,617.22343,250.06273,140.18313,12,1,0,0.25913,1.00000,6.00000,698.44690,8.01019,932.44879,0.27078,0
2733,617.36892,289.14992,179.42635,12,1,0,0.24896,1.00000,6.08276,708.08112,7.96403,927.07581,0.27270,0
2734,617.19551,328.76458,140.68660,12,1,0,0.24983,1.00000,7.00000,814.85468,8.06456,938.77747,0.26675,0
2735,617.34100,367.85177,179.92982,12,1,0,0.25017,1.00000,6.00000,698.44690,8.32235,968.78705,0.28314,0
2736,617.16760,407.46643,141.19007,12,1,0,0.24843,1.00000,6.08276,708.08112,7.97635,928.50977,0.26534,0
2737,617.31309,446.55362,180.43329,12,1,0,0.24362,1.00000,6.00000,698.44690,8.41986,980.13690,0.28832,0
2738,617.13969,486.16828,141.69355,12,1,0,0.24948,1.00000,6.00000,698.44690,8.00817,932.21356,0.26611,0
2739,617.28518,525.25547,180.93676,12,1,0,0.24793,1.00000,6.00000,698.44690,8.38076,975.58618,0.28678,0
2740,617.25726,603.95732,181.44023,12,1,0,0.25317,1.00000,6.00000,698.44690,7.88906,918.34790,0.26893,0
2741,617.22935,682.65918,181.94371,12,1,0,0.25460,1.00000,6.00000,698.44690,7.90139,919.78326,0.26899,0
2742,617.37484,721.74636,221.18692,12,1,0,0.25321,1.00000,6.00000,698.44690,7.71110,897.63220,0.27021,0
2743,617.20144,761.36103,182.44718,8,0,0,0.00000,0.00000,0.00000,0.00000,0.00000,0.00000,0.02790,0
2744,617.45266,53.04436,177.91593,8,0,0,0.30244,0.86592,3.00000,349.22345,4.04734,471.14249,0.19072,0
2745,617.59815,92.13155,217.15915,12,1,0,0.24740,1.00000,6.08276,708.08112,7.90938,920.71326,0.27654,0
2746,617.42475,131.74621,178.41941,12,1,0,0.25231,1.00000,6.00000,698.44690,7.69977,896.31390,0.26797,0
2747,617.57024,170.83340,217.66262,12,1,0,0.25035,1.00000,6.00000,698.44690,7.89120,918.59772,0.26682,0
2748,617.39683,210.44807,178.92288,12,1,0,0.25881,1.00000,6.00000,698.44690,7.49414,872.37622,0.26963,0
2749,617.54232,249.53525,218.16609,12,1,0,0.25035,1.00000,6.00000,698.44690,8.00081,931.35657,0.26630,0
2750,617.51441,328.23711,218.66957,12,1,0,0.24620,1.00000,6.00000,698.44690,7.93375,923.55090,0.26304,0
2751,617.48649,406.93896,219.17304,12,1,0,0.24844,1.00000,6.00000,698.44690,8.04811,936.86334,0.26259,0
2752,617.45858,485.64081,219.67651,12,1,0,0.24861,1.00000,6.00000,698.44690,8.01774,933.32751,0.26336,0
2753,617.60407,524.72800,258.91973,12,1,0,0.24622,1.00000,6.00000,698.44690,8.09373,942.17340,0.26925,0
2754,617.43067,564.34266,220.17998,12,1,0,0.24603,1.00000,6.08276,708.08112,7.99765,930.98907,0.27635,0
2755,617.57616,603.42985,259.42320,12,1,0,0.23898,1.00000,6.08276,708.08112,8.25000,960.36444,0.28467,0
2756,617.40275,643.04451,220.68345,12,1,0,0.27653,0.99443,5.00000,582.03906,6.73510,784.01807,0.24845,0
2757,617.54824,682.13170,259.92667,12,1,0,0.27035,0.98324,4.24264,493.87650,6.82383,794.34723,0.25190,0
2758,617.52033,760.83355,260.43014,8,0,0,0.00000,0.00000,0.00000,0.00000,0.00000,0.00000,0.02650,0
2759,617.77155,52.51689,255.89890,8,0,0,0.29347,0.81564,3.00000,349.22345,3.36024,391.15848,0.20013,0
2760,617.74364,131.21874,256.40237,12,1,0,0.25632,1.00000,6.00000,698.44690,7.46248,868.69098,0.27302,0
2761,617.71573,209.92059,256.90584,12,1,0,0.25621,1.00000,6.00000,698.44690,7.69483,895.73804,0.27328,0
2762,617.86121,249.00778,296.14906,12,1,0,0.28949,0.99176,4.24264,493.87650,6.48415,754.80621,0.22746,0
2763,617.68781,288.62244,257.40931,12,1,0,0.25891,1.00000,6.00000,698.44690,7.51018,874.24390,0.26144,0
2764,617.83330,327.70963,296.65253,12,1,0,0.26408,1.00000,6.00000,698.44690,7.36720,857.59998,0.26214,0
2765,617.65990,367.32429,257.91278,12,1,0,0.24983,1.00000,6.08276,708.08112,7.82739,911.16888,0.26170,0
2766,617.80539,406.41148,297.15600,12,1,0,0.25124,1.00000,6.00000,698.44690,7.72717,899.50281,0.25242,0
2767,617.63198,446.02615,258.41626,12,1,0,0.25388,1.00000,6.00000,698.44690,7.89428,918.95612,0.27155,0
2768,617.77747,485.11333,297.65947,12,1,0,0.25052,1.00000,6.08276,708.08112,7.93986,924.26147,0.27526,0
2769,617.74956,563.81519,298.16295,12,1,0,0.25260,1.00000,6.40312,745.37372,8.06213,938.49451,0.26957,0
2770,617.72165,642.51704,298.66642,12,1,0,0.24930,1.00000,6.00000,698.44690,7.97740,928.63190,0.28934,0
2771,617.86714,681.60423,337.90963,12,1,0,0.25316,1.00000,6.00000,698.44690,7.81051,909.20398,0.26637,0
2772,617.69373,721.21889,299.16989,12,1,0,0.25585,1.00000,6.00000,698.44690,7.83587,912.15619,0.27891,0
2773,617.83922,760.30608,338.41311,8,0,0,0.00000,0.00000,0.00000,0.00000,0.00000,0.00000,0.02624,0
2774,618.09045,51.98941,333.88186,8,0,0,0.31423,0.87363,3.00000,349.22345,4.12162,479.78931,0.18522,0
2775,617.91704,91.60408,295.14212,12,1,0,0.25639,1.00000,6.00000,698.44690,7.71447,898.02411,0.28832,0
2776,618.06253,130.69126,334.38533,12,1,0,0.24930,1.00000,6.00000,698.44690,7.92030,921.98456,0.26240,0
2777,617.88913,170.30593,295.64559,12,1,0,0.25372,1.00000,6.00000,698.44690,7.64375,889.79254,0.27846,0
2778,618.03462,209.39312,334.88880,12,1,0,0.25226,1.00000,6.00000,698.44690,7.85633,914.53827,0.25971,0
2779,618.00670,288.09497,335.39228,12,1,0,0.25349,1.00000,6.16441,717.58594,7.80198,908.21088,0.26349,0
2780,617.97879,366.79682,335.89575,12,1,0,0.25902,1.00000,6.00000,698.44690,7.78926,906.73059,0.26733,0
2781,618.12428,405.88401,375.13897,12,1,0,0.25973,1.00000,6.00000,698.44690,7.89607,919.16376,0.27424,0
2782,617.95088,445.49867,336.39922,12,1,0,0.25598,1.00000,6.08276,708.08112,7.83536,912.09723,0.26144,0
2783,618.09637,484.58586,375.64244,12,1,0,0.24948,1.00000,6.00000,698.44690,7.92241,922.23096,0.28224,0
2784,617.92296,524.20052,336.90269,12,1,0,0.25173,1.00000,7.00000,814.85468,8.13734,947.25049,0.26733,0
2785,618.06845,563.28771,376.14591,12,1,0,0.24932,1.00000,7.00000,814.85468,8.29298,965.36725,0.29235,0
2786,617.89505,602.90237,337.40616,12,1,0,0.25000,1.00000,6.16441,717.58594,8.00171,931.46136,0.27782,0
2787,618.04054,641.98956,376.64938,12,1,0,0.25158,1.00000,6.00000,698.44690,8.11788,944.98468,0.29459,0
2788,618.01263,720.69141,377.15285,12,1,0,0.25295,1.00000,6.08276,708.08112,7.96395,927.06561,0.27955,0
2789,618.23594,91.07660,373.12508,12,1,0,0.25330,1.00000,6.00000,698.44690,8.14025,947.58917,0.28205,0
2790,618.20802,169.77845,373.62855,12,1,0,0.24878,1.00000,6.00000,698.44690,7.95790,926.36212,0.27603,0
2791,618.35351,208.86564,412.87177,12,1,0,0.25830,1.00000,6.00000,698.44690,7.45393,867.69556,0.25555,0
2792,618.18011,248.48030,374.13202,12,1,0,0.25317,1.00000,6.00000,698.44690,7.90046,919.67572,0.26547,0
2793,618.32560,287.56749,413.37524,12,1,0,0.26141,1.00000,5.91608,688.67792,7.33069,853.34998,0.25869,0
2794,618.15219,327.18216,374.63549,12,1,0,0.24896,1.00000,6.55744,763.33710,7.94971,925.40826,0.27622,0
2795,618.29768,366.26934,413.87871,12,1,0,0.25902,1.00000,6.00000,698.44690,7.58813,883.31805,0.26080,0
2796,618.26977,444.97120,414.38218,12,1,0,0.25263,1.00000,6.08276,708.08112,7.80513,908.57849,0.27424,0
2797,618.24186,523.67305,414.88566,12,1,0,0.25280,1.00000,6.00000,698.44690,7.80546,908.61646,0.26701,0
2798,618.21394,602.37490,415.38913,12,1,0,0.24773,1.00000,6.40312,745.37372,7.90109,919.74805,0.27232,0
2799,618.35943,641.46209,454.63235,12,1,0,0.24500,1.00000,7.00000,814.85468,8.28343,964.25568,0.30304,0
2800,618.18603,681.07675,415.89260,12,1,0,0.25637,1.00000,6.00000,698.44690,7.77261,904.79291,0.25402,0
2801,618.33152,720.16394,455.13582,12,1,0,0.25298,1.00000,6.00000,698.44690,7.85229,914.06744,0.28160,0
2802,618.15812,759.77860,416.39607,8,0,0,0.00000,0.00000,0.00000,0.00000,0.00000,0.00000,0.02419,0
2803,618.40934,51.46194,411.86483,8,0,0,0.28109,0.75140,2.82843,329.25101,2.86397,333.38895,0.17459,0
2804,618.55483,90.54913,451.10804,12,1,0,0.25158,1.00000,6.00000,698.44690,7.92365,922.37531,0.27437,0
2805,618.38143,130.16379,412.36830,12,1,0,0.26493,1.00000,5.09902,593.56573,7.10382,826.94006,0.25965,0
2806,618.52692,169.25098,451.61152,12,1,0,0.24584,1.00000,7.00000,814.85468,8.20304,954.89795,0.28883,0
2807,618.49900,247.95283,452.11499,12,1,0,0.25350,1.00000,6.00000,698.44690,7.89170,918.65503,0.26931,0
2808,618.47109,326.65468,452.61846,12,1,0,0.24649,1.00000,6.08276,708.08112,7.89024,918.48608,0.27507,0
2809,618.61658,365.74187,491.86168,12,1,0,0.25462,1.00000,6.00000,698.44690,7.74369,901.42651,0.27021,0
2810,618.44317,405.35653,453.12193,12,1,0,0.24757,1.00000,6.08276,708.08112,7.92055,922.01379,0.26157,0
2811,618.58866,444.44372,492.36515,12,1,0,0.25216,1.00000,6.00000,698.44690,7.62810,887.96991,0.25427,0
2812,618.41526,484.05838,453.62540,12,1,0,0.25262,1.00000,6.40312,745.37372,7.88385,917.74207,0.28058,0
2813,618.56075,523.14557,492.86862,12,1,0,0.24861,1.00000,6.08276,708.08112,7.99517,930.70001,0.27603,0
2814,618.38735,562.76024,454.12887,12,1,0,0.24948,1.00000,7.00000,814.85468,8.04256,936.21692,0.28422,0
2815,618.53284,601.84742,493.37209,12,1,0,0.25140,1.00000,6.00000,698.44690,7.89839,919.43475,0.28416,0
2816,618.50492,680.54928,493.87556,12,1,0,0.25158,1.00000,6.00000,698.44690,7.80373,908.41516,0.27648,0
2817,618.47701,759.25113,494.37903,8,0,0,0.00000,0.00000,0.00000,0.00000,0.00000,0.00000,0.02586,0
2818,618.72823,50.93446,489.84779,8,0,0,0.30853,0.85440,3.00000,349.22345,4.01983,467.93948,0.18458,0
2819,618.87372,90.02165,529.09101,12,1,0,0.25777,1.00000,6.00000,698.44690,8.04967,937.04449,0.28186,0
2820,618.70032,129.63632,490.35126,12,1,0,0.25388,1.00000,6.00000,698.44690,7.84590,913.32355,0.26080,0
2821,618.84581,168.72350,529.59448,12,1,0,0.25017,1.00000,6.00000,698.44690,7.85317,914.17059,0.27194,0
2822,618.67240,208.33817,490.85473,12,1,0,0.25035,1.00000,6.00000,698.44690,7.87689,916.93115,0.27142,0
2823,618.81789,247.42536,530.09795,12,1,0,0.25176,1.00000,6.00000,698.44690,7.85183,914.01477,0.26573,0
2824,618.64449,287.04002,491.35820,12,1,0,0.25929,1.00000,5.91608,688.67792,7.71413,897.98517,0.26112,0
2825,618.78998,326.12721,530.60142,12,1,0,0.24983,1.00000,6.40312,745.37372,7.96613,927.31982,0.26957,0
2826,618.76207,404.82906,531.10489,12,1,0,0.25578,1.00000,6.08276,708.08112,7.89779,919.36438,0.26266,0
2827,618.73415,483.53091,531.60837,12,1,0,0.24378,1.00000,7.00000,814.85468,7.94712,925.10669,0.27840,0
2828,618.70624,562.23276,532.11184,12,1,0,0.25331,1.00000,6.00000,698.44690,8.02395,934.05096,0.27277,0
2829,618.85173,601.31995,571.35506,12,1,0,0.24774,1.00000,6.08276,708.08112,8.04049,935.97632,0.28134,0
2830,618.67833,640.93461,532.61531,12,1,0,0.24895,1.00000,6.00000,698.44690,8.01802,933.36072,0.29203,0
2831,618.82382,680.02180,571.85853,12,1,0,0.26407,1.00000,6.00000,698.44690,7.62600,887.72595,0.27066,0
2832,618.65041,719.63646,533.11878,12,1,0,0.25088,1.00000,6.00000,698.44690,7.73587,900.51562,0.28198,0
2833,618.79590,758.72365,572.36200,8,0,0,0.00000,0.00000,0.00000,0.00000,0.00000,0.00000,0.02784,0
2834,619.04713,50.40699,567.83075,8,0,0,0.29615,0.80663,3.00000,349.22345,3.15116,366.81998,0.18483,0
2835,619.01921,129.10884,568.33423,12,1,0,0.25424,1.00000,6.00000,698.44690,7.71912,898.56635,0.27014,0
2836,618.99130,207.81069,568.83770,12,1,0,0.25770,1.00000,6.63325,772.16211,8.03291,935.09399,0.27558,0
2837,618.96338,286.51254,569.34117,12,1,0,0.25621,1.00000,6.00000,698.44690,7.69691,895.98004,0.25747,0
2838,619.10887,325.59973,608.58439,12,1,0,0.24843,1.00000,6.08276,708.08112,7.95647,926.19525,0.27110,0
2839,618.93547,365.21440,569.84464,12,1,0,0.26050,1.00000,6.00000,698.44690,7.72538,899.29449,0.26573,0
2840,619.08096,404.30158,609.08786,12,1,0,0.25226,1.00000,6.08276,708.08112,8.05084,937.18048,0.27578,0
2841,618.90756,443.91625,570.34811,12,1,0,0.25314,1.00000,6.00000,698.44690,8.08019,940.59711,0.27923,0
2842,619.05305,483.00344,609.59133,12,1,0,0.25770,1.00000,5.65685,658.50201,7.64120,889.49561,0.25043,0
2843,618.87964,522.61810,570.85158,12,1,0,0.24638,1.00000,6.08276,708.08112,8.04814,936.86591,0.27814,0
2844,619.02513,561.70529,610.09480,12,1,0,0.25526,1.00000,7.00000,814.85468,8.03934,935.84247,0.28250,0
2845,618.99722,640.40714,610.59827,12,1,0,0.25353,1.00000,6.00000,698.44690,7.79216,907.06866,0.28710,0
2846,618.96931,719.10899,611.10174,12,1,0,0.26071,1.00000,6.00000,698.44690,7.66890,892.71967,0.27002,0
2847,619.11480,758.19618,650.34496,8,0,0,0.00000,0.00000,0.00000,0.00000,0.00000,0.00000,0.02886,0
2848,619.36602,49.87951,645.81372,8,0,0,0.31373,0.88643,3.16228,368.11383,4.32535,503.50397,0.19053,0
2849,619.19262,89.49418,607.07397,12,1,0,0.27121,1.00000,5.09902,593.56573,6.91721,805.21747,0.23565,0
2850,619.33811,128.58137,646.31719,12,1,0,0.27005,1.00000,5.00000,582.03906,6.95979,810.17450,0.25792,0
2851,619.16470,168.19603,607.57744,12,1,0,0.25053,1.00000,6.00000,698.44690,7.91373,921.22058,0.26234,0
2852,619.31019,207.28322,646.82066,12,1,0,0.25674,1.00000,6.00000,698.44690,7.77467,905.03247,0.26291,0
2853,619.13679,246.89788,608.08092,12,1,0,0.25902,1.00000,6.00000,698.44690,7.89280,918.78400,0.26643,0
2854,619.28228,285.98507,647.32413,12,1,0,0.24948,1.00000,6.00000,698.44690,8.14192,947.78302,0.28653,0
2855,619.25436,364.68692,647.82760,12,1,0,0.25313,1.00000,6.00000,698.44690,8.21939,956.80121,0.28032,0
2856,619.22645,443.38877,648.33108,12,1,0,0.24878,1.00000,6.08276,708.08112,8.07842,940.39160,0.27654,0
2857,619.37194,482.47596,687.57429,12,1,0,0.24033,1.00000,6.00000,698.44690,8.17751,951.92566,0.27002,0
2858,619.19854,522.09062,648.83455,12,1,0,0.25277,1.00000,6.08276,708.08112,8.27369,963.12189,0.28710,0
2859,619.34403,561.17781,688.07777,12,1,0,0.26496,1.00000,5.65685,658.50201,7.48581,871.40643,0.25754,0
2860,619.17062,600.79248,649.33802,12,1,0,0.25105,1.00000,6.00000,698.44690,7.94394,924.73669,0.28179,0
2861,619.31611,639.87966,688.58124,12,1,0,0.25265,1.00000,6.00000,698.44690,7.81858,910.14380,0.27475,0
2862,619.14271,679.49433,649.84149,12,1,0,0.25538,1.00000,6.00000,698.44690,7.63301,888.54181,0.26630,0
2863,619.28820,718.58151,689.08471,12,1,0,0.26154,1.00000,6.00000,698.44690,7.32969,853.23364,0.25722,0
2864,619.51151,88.96670,685.05694,12,1,0,0.27778,0.93838,3.31662,386.08105,5.17615,602.54401,0.22490,0
2865,619.48359,167.66855,685.56041,12,1,0,0.24841,1.00000,6.00000,698.44690,7.84714,913.46881,0.26502,0
2866,619.45568,246.37041,686.06388,12,1,0,0.25105,1.00000,6.00000,698.44690,7.99098,930.21222,0.26931,0
2867,619.60117,285.45759,725.30710,12,1,0,0.24278,1.00000,7.00000,814.85468,8.34759,971.72418,0.29178,0
2868,619.42777,325.07226,686.56735,12,1,0,0.25052,1.00000,7.00000,814.85468,8.18762,953.10284,0.27104,0
2869,619.57326,364.15945,725.81057,12,1,0,0.24536,1.00000,6.08276,708.08112,8.41896,980.03290,0.29094,0
2870,619.39985,403.77411,687.07082,12,1,0,0.25017,1.00000,6.00000,698.44690,8.14105,947.68207,0.27226,0
2871,619.54534,442.86130,726.31404,12,1,0,0.24724,1.00000,6.00000,698.44690,8.28984,965.00256,0.28570,0
2872,619.51743,521.56315,726.81751,12,1,0,0.24619,1.00000,6.00000,698.44690,8.21028,955.74115,0.28192,0
2873,619.48952,600.26500,727.32098,12,1,0,0.24484,1.00000,6.00000,698.44690,8.14999,948.72308,0.27546,0
2874,619.46160,678.96685,727.82446,12,1,0,0.25140,1.00000,6.00000,698.44690,7.94203,924.51428,0.27450,0
2875,619.60709,718.05404,767.06767,8,0,0,0.30280,0.87222,3.00000,349.22345,4.03361,469.54321,0.17504,0
2876,619.43369,757.66870,728.32793,8,0,0,0.00000,0.00000,0.00000,0.00000,0.00000,0.00000,0.02586,0
2877,619.68491,49.35204,723.79668,8,0,0,0.31448,0.88301,3.74166,435.55817,4.17355,485.83340,0.19117,0
2878,619.83040,88.43923,763.03990,8,0,0,0.29655,0.85596,3.00000,349.22345,4.02054,468.02267,0.17754,0
2879,619.65700,128.05389,724.30015,12,1,0,0.24965,1.00000,6.00000,698.44690,8.08772,941.47424,0.27795,0
2880,619.80249,167.14108,763.54337,8,0,0,0.28364,0.82073,3.00000,349.22345,3.31800,386.24146,0.16691,0
2881,619.62908,206.75574,724.80363,12,1,0,0.24638,1.00000,7.00000,814.85468,8.19878,954.40240,0.28000,0
2882,619.77457,245.84293,764.04684,8,0,0,0.28340,0.76923,2.23607,260.29578,2.81646,327.85837,0.17120,0
2883,619.74666,324.54478,764.55031,8,0,0,0.28399,0.80114,3.00000,349.22345,3.31641,386.05630,0.16378,0
2884,619.71875,403.24663,765.05379,8,0,0,0.28656,0.81111,2.23607,260.29578,3.32460,387.00906,0.16582,0
2885,619.69083,481.94849,765.55726,8,0,0,0.28354,0.78151,3.00000,349.22345,3.07516,357.97299,0.15962,0
2886,619.66292,560.65034,766.06073,8,0,0,0.28516,0.81667,2.44949,285.13977,3.29247,383.26926,0.16838,0
2887,619.63501,639.35219,766.56420,8,0,0,0.29730,0.86761,3.16228,368.11383,3.83779,446.74829,0.16890,0
2888,656.10183,211.29947,61.87208,8,0,0,0.26863,0.70523,2.00000,232.81563,2.24269,261.06650,0.15699,0
2889,656.07392,290.00133,62.37555,8,0,0,0.27795,0.74302,2.82843,329.25101,2.70886,315.33258,0.15270,0
2890,656.04601,368.70318,62.87902,8,0,0,0.26569,0.69589,2.00000,232.81563,2.22847,259.41159,0.15104,0
2891,656.01809,447.40503,63.38249,8,0,0,0.27844,0.71788,2.23607,260.29578,2.33080,271.32346,0.15187,0
2892,655.99018,526.10688,63.88596,8,0,0,0.28556,0.72452,2.00000,232.81563,2.21429,257.76016,0.15917,0
2893,655.96226,604.80873,64.38943,8,0,0,0.28774,0.78453,2.82843,329.25101,2.88165,335.44647,0.15923,0
2894,656.10775,643.89592,103.63265,12,1,0,0.25246,1.00000,6.00000,698.44690,7.87104,916.25085,0.26573,0
2895,655.93435,683.51058,64.89290,8,0,0,0.27943,0.81111,2.44949,285.13977,3.51572,409.25781,0.16762,0
2896,656.07984,722.59777,104.13612,12,1,0,0.27029,0.97784,4.24264,493.87650,6.61178,769.66290,0.23456,0
2897,655.90644,762.21244,65.39638,5,0,0,0.00000,0.00000,0.00000,0.00000,0.00000,0.00000,0.01811,0
2898,656.15766,53.89577,60.86513,5,0,0,0.30896,0.56557,2.44949,285.13977,2.57000,299.16806,0.08032,0
2899,656.30315,92.98296,100.10835,12,1,0,0.25692,1.00000,6.00000,698.44690,7.69215,895.42609,0.25024,0
2900,656.12975,132.59762,61.36860,8,0,0,0.28285,0.78771,3.00000,349.22345,3.09161,359.88718,0.15040,0
2901,656.27524,171.68481,100.61182,12,1,0,0.25316,1.00000,6.00000,698.44690,7.87465,916.67126,0.25798,0
2902,656.24732,250.38666,101.11529,12,1,0,0.25370,1.00000,6.00000,698.44690,7.86014,914.98212,0.26208,0
2903,656.21941,329.08851,101.61876,12,1,0,0.25332,1.00000,6.00000,698.44690,7.83782,912.38397,0.25702,0
2904,656.36490,368.17570,140.86198,12,1,0,0.25140,1.00000,6.00000,698.44690,7.99582,930.77612,0.26938,0
2905,656.19150,407.79037,102.12224,12,1,0,0.25843,1.00000,6.00000,698.44690,7.73917,900.90021,0.25344,0
2906,656.33699,446.87755,141.36545,12,1,0,0.24791,1.00000,6.00000,698.44690,8.05943,938.18121,0.26912,0
2907,656.16358,486.49222,102.62571,12,1,0,0.24808,1.00000,6.00000,698.44690,7.75826,903.12213,0.26963,0
2908,656.30907,525.57941,141.86893,12,1,0,0.24878,1.00000,6.00000,698.44690,8.06928,939.32721,0.27104,0
2909,656.13567,565.19407,103.12918,12,1,0,0.25779,1.00000,6.00000,698.44690,7.98893,929.97363,0.27046,0
2910,656.28116,604.28126,142.37240,12,1,0,0.25567,1.00000,6.00000,698.44690,7.70930,897.42224,0.26016,0
2911,656.25324,682.98311,142.87587,12,1,0,0.26074,1.00000,6.00000,698.44690,7.88423,917.78577,0.27315,0
2912,656.22533,761.68496,143.37934,8,0,0,0.00000,0.00000,0.00000,0.00000,0.00000,0.00000,0.02400,0
2913,656.47655,53.36830,138.84810,8,0,0,0.29873,0.85196,3.16228,368.11383,3.80776,443.25284,0.17446,0
2914,656.62204,92.45549,178.09131,12,1,0,0.25070,1.00000,6.00000,698.44690,7.76871,904.33813,0.25530,0
2915,656.44864,132.07015,139.35157,12,1,0,0.25157,1.00000,6.40312,745.37372,7.80296,908.32544,0.25229,0
2916,656.59413,171.15734,178.59479,12,1,0,0.24808,1.00000,6.00000,698.44690,7.78594,906.34406,0.26515,0
2917,656.42073,210.77200,139.85504,12,1,0,0.24948,1.00000,6.00000,698.44690,7.88929,918.37537,0.26938,0
2918,656.56622,249.85919,179.09826,12,1,0,0.24706,1.00000,6.00000,698.44690,8.07948,940.51465,0.26982,0
2919,656.39281,289.47385,140.35851,12,1,0,0.24426,1.00000,6.40312,745.37372,7.97416,928.25476,0.26586,0
2920,656.53830,328.56104,179.60173,12,1,0,0.24561,1.00000,6.00000,698.44690,7.87970,917.25842,0.26618,0
2921,656.51039,407.26289,180.10520,12,1,0,0.24930,1.00000,6.00000,698.44690,7.89312,918.82129,0.26272,0
2922,656.48248,485.96474,180.60867,12,1,0,0.25104,1.00000,6.00000,698.44690,8.13903,947.44684,0.27290,0
2923,656.45456,564.66659,181.11214,12,1,0,0.24673,1.00000,6.00000,698.44690,8.08946,941.67639,0.27494,0
2924,656.60005,603.75378,220.35536,12,1,0,0.24947,1.00000,6.00000,698.44690,7.88836,918.26636,0.26822,0
2925,656.42665,643.36845,181.61562,12,1,0,0.24667,1.00000,6.00000,698.44690,7.93256,923.41174,0.27341,0
2926,656.57214,682.45563,220.85883,12,1,0,0.24913,1.00000,6.00000,698.44690,7.91679,921.57623,0.26144,0
2927,656.39873,722.07030,182.11909,12,1,0,0.26255,1.00000,5.47723,637.59186,7.49026,871.92438,0.25786,0
2928,656.54422,761.15749,221.36230,8,0,0,0.00000,0.00000,0.00000,0.00000,0.00000,0.00000,0.01747,0
2929,656.79545,52.84082,216.83106,8,0,0,0.32324,0.90437,3.60555,419.71432,4.44712,517.67938,0.18547,0
2930,656.76753,131.54267,217.33453,12,1,0,0.25431,1.00000,6.00000,698.44690,7.54837,878.68976,0.26944,0
2931,656.73962,210.24453,217.83800,12,1,0,0.27131,1.00000,6.00000,698.44690,7.22217,840.71661,0.25344,0
2932,656.71171,288.94638,218.34147,12,1,0,0.26163,1.00000,6.00000,698.44690,7.46578,869.07513,0.26016,0
2933,656.85720,328.03357,257.58469,12,1,0,0.25567,1.00000,6.00000,698.44690,7.70686,897.13916,0.25498,0
2934,656.68379,367.64823,218.84495,12,1,0,0.25300,1.00000,6.00000,698.44690,7.82411,910.78790,0.26464,0
2935,656.82928,406.73542,258.08816,12,1,0,0.25765,1.00000,6.00000,698.44690,7.67408,893.32343,0.26099,0
2936,656.65588,446.35008,219.34842,12,1,0,0.25263,1.00000,6.00000,698.44690,7.96197,926.83575,0.27290,0
2937,656.80137,485.43727,258.59164,12,1,0,0.24566,1.00000,6.00000,698.44690,7.91630,921.51862,0.27162,0
2938,656.62797,525.05193,219.85189,12,1,0,0.25262,1.00000,6.00000,698.44690,7.89146,918.62805,0.27418,0
2939,656.77345,564.13912,259.09511,12,1,0,0.25560,1.00000,6.00000,698.44690,7.92880,922.97388,0.27341,0
2940,656.74554,642.84097,259.59858,12,1,0,0.26677,1.00000,5.00000,582.03906,7.14851,832.14276,0.23494,0
2941,656.71763,721.54282,260.10205,12,1,0,0.25335,1.00000,6.00000,698.44690,7.82913,911.37219,0.27731,0
2942,656.86312,760.63001,299.34527,8,0,0,0.00000,0.00000,0.00000,0.00000,0.00000,0.00000,0.02458,0
2943,657.11434,52.31335,294.81402,8,0,0,0.29694,0.80165,3.00000,349.22345,3.03082,352.81100,0.17741,0
2944,656.94094,91.92801,256.07428,12,1,0,0.25850,1.00000,6.00000,698.44690,7.91136,920.94360,0.27610,0
2945,657.08643,131.01520,295.31750,12,1,0,0.25881,1.00000,6.00000,698.44690,7.57365,881.63184,0.26496,0
2946,656.91302,170.62986,256.57775,12,1,0,0.25265,1.00000,6.00000,698.44690,7.66286,892.01654,0.26323,0
2947,657.05851,209.71705,295.82097,12,1,0,0.25871,1.00000,6.00000,698.44690,7.50451,873.58405,0.26118,0
2948,656.88511,249.33171,257.08122,12,1,0,0.25368,1.00000,6.00000,698.44690,7.83262,911.77765,0.26214,0
2949,657.03060,288.41890,296.32444,12,1,0,0.26593,1.00000,6.00000,698.44690,7.16617,834.19855,0.24550,0
2950,657.00269,367.12075,296.82791,12,1,0,0.26954,1.00000,6.08276,708.08112,7.48717,871.56537,0.25152,0
2951,656.97477,445.82261,297.33138,12,1,0,0.25614,1.00000,6.00000,698.44690,7.88813,918.24048,0.27456,0
2952,657.12026,484.90979,336.57460,12,1,0,0.25000,1.00000,6.16441,717.58594,7.71352,897.91406,0.27021,0
2953,656.94686,524.52446,297.83485,12,1,0,0.24793,1.00000,6.08276,708.08112,8.03686,935.55371,0.27808,0
2954,657.09235,563.61165,337.07807,12,1,0,0.25280,1.00000,6.92820,806.49695,7.79369,907.24683,0.27450,0
2955,656.91894,603.22631,298.33833,12,1,0,0.24861,1.00000,6.08276,708.08112,7.97008,927.77966,0.27898,0
2956,657.06443,642.31350,337.58154,12,1,0,0.24878,1.00000,6.00000,698.44690,7.97912,928.83136,0.27654,0
2957,656.89103,681.92816,298.84180,12,1,0,0.28019,0.99178,4.35890,507.40991,6.88548,801.52319,0.24986,0
2958,657.03652,721.01535,338.08502,12,1,0,0.25726,1.00000,6.00000,698.44690,7.63617,888.90948,0.25472,0
2959,657.25983,91.40054,334.05724,12,1,0,0.25806,1.00000,6.00000,698.44690,7.50764,873.94824,0.27706,0
2960,657.23192,170.10239,334.56071,12,1,0,0.25804,1.00000,6.00000,698.44690,7.59017,883.55469,0.26432,0
2961,657.20400,248.80424,335.06419,12,1,0,0.26720,1.00000,6.00000,698.44690,7.45598,867.93451,0.25888,0
2962,657.34949,287.89143,374.30740,12,1,0,0.25445,1.00000,6.00000,698.44690,7.63756,889.07202,0.26509,0
2963,657.17609,327.50609,335.56766,12,1,0,0.27141,1.00000,5.65685,658.50201,6.94905,808.92322,0.23872,0
2964,657.32158,366.59328,374.81087,12,1,0,0.25536,1.00000,6.00000,698.44690,7.62770,887.92377,0.26624,0
2965,657.14818,406.20794,336.07113,12,1,0,0.26932,1.00000,6.00000,698.44690,7.39148,860.42633,0.26387,0
2966,657.29367,445.29513,375.31435,12,1,0,0.25749,1.00000,5.74456,668.71198,7.69313,895.54059,0.26458,0
2967,657.26575,523.99698,375.81782,12,1,0,0.25702,1.00000,6.00000,698.44690,7.90861,920.62451,0.27603,0
2968,657.23784,602.69883,376.32129,12,1,0,0.25000,1.00000,6.00000,698.44690,7.99188,930.31769,0.27565,0
2969,657.20992,681.40069,376.82476,12,1,0,0.25248,1.00000,6.00000,698.44690,7.71640,898.24963,0.26451,0
2970,657.35541,720.48787,416.06798,12,1,0,0.25586,1.00000,6.00000,698.44690,7.67199,893.07983,0.26624,0
2971,657.18201,760.10254,377.32823,8,0,0,0.00000,0.00000,0.00000,0.00000,0.00000,0.00000,0.02093,0
2972,657.43323,51.78587,372.79699,8,0,0,0.30211,0.84746,3.00000,349.22345,3.84959,448.12195,0.17958,0
2973,657.57872,90.87306,412.04021,12,1,0,0.25714,1.00000,6.00000,698.44690,7.56259,880.34430,0.26253,0
2974,657.40532,130.48772,373.30046,12,1,0,0.25089,1.00000,6.00000,698.44690,7.72557,899.31696,0.25082,0
2975,657.55081,169.57491,412.54368,12,1,0,0.25286,1.00000,6.00000,698.44690,7.64790,890.27545,0.25344,0
2976,657.37741,209.18958,373.80393,12,1,0,0.24930,1.00000,6.00000,698.44690,7.75046,902.21375,0.26106,0
2977,657.52290,248.27676,413.04715,12,1,0,0.25070,1.00000,6.08276,708.08112,7.70751,897.21417,0.25542,0
2978,657.49498,326.97862,413.55062,12,1,0,0.25834,1.00000,6.16441,717.58594,7.67032,892.88464,0.26387,0
2979,657.46707,405.68047,414.05409,12,1,0,0.25159,1.00000,6.08276,708.08112,7.77769,905.38446,0.26982,0
2980,657.61256,444.76766,453.29731,12,1,0,0.25737,1.00000,6.00000,698.44690,7.61057,885.92993,0.25741,0
2981,657.43916,484.38232,414.55756,12,1,0,0.24389,1.00000,6.40312,745.37372,7.87260,916.43182,0.27891,0
2982,657.58464,523.46951,453.80078,12,1,0,0.24620,1.00000,6.16441,717.58594,8.10452,943.42908,0.27251,0
2983,657.41124,563.08417,415.06104,12,1,0,0.25317,1.00000,6.08276,708.08112,7.70605,897.04443,0.26912,0
2984,657.55673,602.17136,454.30425,12,1,0,0.24844,1.00000,6.16441,717.58594,7.96942,927.70294,0.28134,0
2985,657.38333,641.78602,415.56451,12,1,0,0.25214,1.00000,6.00000,698.44690,7.72212,898.91553,0.27027,0
2986,657.52882,680.87321,454.80773,12,1,0,0.25228,1.00000,6.00000,698.44690,7.78521,906.25928,0.27878,0
2987,657.50090,759.57506,455.31120,8,0,0,0.00000,0.00000,0.00000,0.00000,0.00000,0.00000,0.02477,0
2988,657.75213,51.25840,450.77995,8,0,0,0.28078,0.71823,2.82843,329.25101,2.63852,307.14462,0.17491,0
2989,657.72421,129.96025,451.28342,12,1,0,0.26960,1.00000,5.47723,637.59186,7.17741,835.50684,0.25741,0
2990,657.86970,169.04744,490.52664,12,1,0,0.25331,1.00000,6.08276,708.08112,7.80180,908.19043,0.26515,0
2991,657.69630,208.66210,451.78690,12,1,0,0.25700,1.00000,6.00000,698.44690,7.59258,883.83539,0.26630,0
2992,657.84179,247.74929,491.03011,12,1,0,0.25489,1.00000,6.16441,717.58594,7.98872,929.94910,0.27053,0
2993,657.66839,287.36395,452.29037,12,1,0,0.25846,1.00000,6.00000,698.44690,7.64483,889.91821,0.27277,0
2994,657.81388,326.45114,491.53359,12,1,0,0.25337,1.00000,6.00000,698.44690,7.73799,900.76282,0.26944,0
2995,657.64047,366.06580,452.79384,12,1,0,0.25897,1.00000,5.83095,678.76831,7.54296,878.05994,0.25626,0
2996,657.78596,405.15299,492.03706,12,1,0,0.26225,1.00000,6.00000,698.44690,7.67051,892.90692,0.27008,0
2997,657.75805,483.85484,492.54053,12,1,0,0.24808,1.00000,6.00000,698.44690,7.90740,920.48315,0.27469,0
2998,657.73013,562.55670,493.04400,12,1,0,0.24843,1.00000,6.00000,698.44690,8.00164,931.45343,0.28346,0
2999,657.70222,641.25855,493.54747,12,1,0,0.24486,1.00000,7.00000,814.85468,8.03944,935.85376,0.27750,0
3000,657.84771,680.34574,532.79069,12,1,0,0.24965,1.00000,6.00000,698.44690,7.90253,919.91644,0.27430,0
3001,657.67431,719.96040,494.05094,12,1,0,0.25937,1.00000,6.00000,698.44690,7.58293,882.71271,0.26342,0
3002,657.81980,759.04759,533.29416,8,0,0,0.00000,0.00000,0.00000,0.00000,0.00000,0.00000,0.02867,0
3003,658.07102,50.73092,528.76292,8,0,0,0.29913,0.85124,3.00000,349.22345,3.94202,458.88208,0.19078,0
3004,657.89762,90.34559,490.02317,12,1,0,0.25550,1.00000,6.00000,698.44690,7.55862,879.88196,0.26906,0
3005,658.04311,129.43277,529.26639,12,1,0,0.24792,1.00000,6.00000,698.44690,8.03647,935.50806,0.27821,0
3006,658.01519,208.13463,529.76986,12,1,0,0.27321,0.99725,5.00000,582.03906,7.09576,826.00232,0.24275,0
3007,657.98728,286.83648,530.27333,12,1,0,0.25313,1.00000,6.08276,708.08112,7.90612,920.33380,0.27443,0
3008,657.95937,365.53833,530.77680,12,1,0,0.24794,1.00000,6.16441,717.58594,8.08242,940.85687,0.28282,0
3009,658.10486,404.62552,570.02002,12,1,0,0.25226,1.00000,6.16441,717.58594,7.94614,924.99286,0.27629,0
3010,657.93145,444.24018,531.28027,12,1,0,0.25387,1.00000,6.00000,698.44690,7.91062,920.85803,0.27770,0
3011,658.07694,483.32737,570.52349,12,1,0,0.24775,1.00000,6.63325,772.16211,7.88786,918.20886,0.27642,0
3012,657.90354,522.94203,531.78375,12,1,0,0.25297,1.00000,6.08276,708.08112,8.08745,941.44226,0.27942,0
3013,658.04903,562.02922,571.02696,12,1,0,0.27791,0.98072,4.24264,493.87650,6.39654,744.60736,0.26880,0
3014,657.87562,601.64388,532.28722,12,1,0,0.25735,1.00000,6.00000,698.44690,7.64850,890.34528,0.27840,0
3015,658.02111,640.73107,571.53044,12,1,0,0.24913,1.00000,6.08276,708.08112,7.97592,928.45959,0.28666,0
3016,657.99320,719.43292,572.03391,12,1,0,0.25735,1.00000,6.00000,698.44690,7.46900,869.45020,0.26656,0
3017,658.21651,89.81811,568.00613,12,1,0,0.26230,1.00000,6.00000,698.44690,7.77309,904.84845,0.27808,0
3018,658.36200,128.90530,607.24935,12,1,0,0.25718,1.00000,6.00000,698.44690,7.53398,877.01459,0.26003,0
3019,658.18860,168.51996,568.50961,12,1,0,0.25140,1.00000,6.08276,708.08112,7.90686,920.41974,0.27462,0
3020,658.33409,207.60715,607.75282,12,1,0,0.24791,1.00000,6.08276,708.08112,7.87079,916.22192,0.27450,0
3021,658.16068,247.22181,569.01308,12,1,0,0.25508,1.00000,6.00000,698.44690,7.85183,914.01440,0.27040,0
3022,658.30617,286.30900,608.25630,12,1,0,0.25317,1.00000,6.16441,717.58594,7.80229,908.24713,0.26886,0
3023,658.13277,325.92367,569.51655,12,1,0,0.25122,1.00000,6.08276,708.08112,7.85835,914.77307,0.27104,0
3024,658.27826,365.01085,608.75977,12,1,0,0.26232,1.00000,5.91608,688.67792,7.45196,867.46686,0.26746,0
3025,658.25035,443.71271,609.26324,12,1,0,0.25497,1.00000,7.00000,814.85468,7.87330,916.51337,0.28416,0
3026,658.22243,522.41456,609.76671,12,1,0,0.27975,0.99162,4.58258,533.44763,6.39163,744.03540,0.23872,0
3027,658.36792,561.50175,649.00993,12,1,0,0.25173,1.00000,6.16441,717.58594,8.07143,939.57764,0.28282,0
3028,658.19452,601.11641,610.27018,12,1,0,0.25421,1.00000,6.08276,708.08112,7.86073,915.04987,0.28064,0
3029,658.34001,640.20360,649.51340,12,1,0,0.25160,1.00000,6.00000,698.44690,7.69826,896.13776,0.27315,0
3030,658.16660,679.81826,610.77365,12,1,0,0.25997,1.00000,6.00000,698.44690,7.69317,895.54456,0.27078,0
3031,658.31209,718.90545,650.01687,12,1,0,0.25966,1.00000,5.74456,668.71198,7.60159,884.88434,0.27322,0
3032,658.13869,758.52011,611.27713,8,0,0,0.00000,0.00000,0.00000,0.00000,0.00000,0.00000,0.02765,0
3033,658.38991,50.20345,606.74588,8,0,0,0.28909,0.82353,3.16228,368.11383,3.50435,407.93338,0.19386,0
3034,658.53540,89.29064,645.98910,12,1,0,0.27538,1.00000,5.47723,637.59186,6.84559,796.88055,0.24358,0
3035,658.50749,167.99249,646.49257,12,1,0,0.24810,1.00000,6.40312,745.37372,8.14183,947.77222,0.28525,0
3036,658.47958,246.69434,646.99604,12,1,0,0.24691,1.00000,6.08276,708.08112,8.12738,946.09027,0.28256,0
3037,658.45166,325.39619,647.49951,12,1,0,0.24159,1.00000,6.40312,745.37372,8.13044,946.44647,0.27808,0
3038,658.59715,364.48338,686.74273,12,1,0,0.24548,1.00000,6.00000,698.44690,7.94915,925.34314,0.27398,0
3039,658.42375,404.09804,648.00298,12,1,0,0.25069,1.00000,6.00000,698.44690,8.04074,936.00507,0.27200,0
3040,658.56924,443.18523,687.24620,12,1,0,0.24757,1.00000,6.00000,698.44690,7.97092,927.87701,0.27232,0
3041,658.39583,482.79989,648.50646,12,1,0,0.25687,1.00000,5.09902,593.56573,7.61924,886.93933,0.26438,0
3042,658.54132,521.88708,687.74967,12,1,0,0.24878,1.00000,6.00000,698.44690,7.98691,929.73865,0.26790,0
3043,658.51341,600.58893,688.25315,12,1,0,0.24635,1.00000,6.08276,708.08112,7.96040,926.65222,0.27341,0
3044,658.48550,679.29079,688.75662,12,1,0,0.25035,1.00000,6.00000,698.44690,7.73531,900.45013,0.26912,0
3045,658.45758,757.99264,689.26009,8,0,0,0.00000,0.00000,0.00000,0.00000,0.00000,0.00000,0.02637,0
3046,658.70881,49.67597,684.72884,8,0,0,0.31992,0.92265,4.00000,465.63126,4.69195,546.17908,0.19731,0
3047,658.85430,88.76316,723.97206,12,1,0,0.25472,1.00000,6.00000,698.44690,8.12550,945.87201,0.28339,0
3048,658.68089,128.37782,685.23232,12,1,0,0.24913,1.00000,6.00000,698.44690,7.94957,925.39221,0.28512,0
3049,658.82638,167.46501,724.47553,12,1,0,0.25053,1.00000,6.00000,698.44690,7.93954,924.22406,0.27642,0
3050,658.65298,207.07968,685.73579,12,1,0,0.24638,1.00000,6.92820,806.49695,8.08890,941.61115,0.26970,0
3051,658.79847,246.16686,724.97901,12,1,0,0.25680,1.00000,6.08276,708.08112,8.02412,934.07019,0.27981,0
3052,658.62507,285.78153,686.23926,12,1,0,0.24621,1.00000,6.00000,698.44690,7.97089,927.87347,0.27456,0
3053,658.77056,324.86872,725.48248,12,1,0,0.24948,1.00000,6.00000,698.44690,8.05257,937.38165,0.28627,0
3054,658.74264,403.57057,725.98595,12,1,0,0.24896,1.00000,6.00000,698.44690,7.97529,928.38562,0.27194,0
3055,658.71473,482.27242,726.48942,12,1,0,0.24639,1.00000,7.00000,814.85468,8.15279,949.04871,0.29011,0
3056,658.86022,521.35961,765.73264,8,0,0,0.28878,0.82682,3.00000,349.22345,3.40629,396.51865,0.16864,0
3057,658.68681,560.97427,726.99289,12,1,0,0.24809,1.00000,6.32456,736.22766,8.08865,941.58258,0.27245,0
3058,658.83230,600.06146,766.23611,8,0,0,0.29623,0.85792,3.00000,349.22345,3.90045,454.04312,0.16589,0
3059,658.65890,639.67612,727.49636,12,1,0,0.24653,1.00000,7.00000,814.85468,8.04305,936.27417,0.28237,0
3060,658.80439,678.76331,766.73958,8,0,0,0.30946,0.89011,4.00000,465.63126,4.32887,503.91406,0.17139,0
3061,658.63099,718.37797,727.99984,12,1,0,0.26220,1.00000,6.00000,698.44690,7.40695,862.22675,0.26694,0
3062,658.77648,757.46516,767.24305,5,0,0,0.00000,0.00000,0.00000,0.00000,0.00000,0.00000,0.02138,0
3063,659.02770,49.14850,762.71181,5,0,0,0.30818,0.66940,2.23607,260.29578,2.54258,295.97662,0.11949,0
3064,658.99979,127.85035,763.21528,8,0,0,0.30019,0.84848,3.00000,349.22345,3.77454,439.38599,0.18022,0
3065,658.97187,206.55220,763.71875,8,0,0,0.28240,0.82022,3.00000,349.22345,3.41680,397.74185,0.17165,0
3066,658.94396,285.25405,764.22222,8,0,0,0.27827,0.77534,2.23607,260.29578,2.92308,340.26898,0.17421,0
3067,658.91605,363.95590,764.72570,8,0,0,0.29382,0.80381,3.00000,349.22345,3.12895,364.23392,0.16794,0
3068,658.88813,442.65776,765.22917,8,0,0,0.30207,0.85237,3.00000,349.22345,3.92596,457.01208,0.17190,0
3069,695.10374,722.92171,65.06829,8,0,0,0.30636,0.87123,4.00000,465.63126,3.98903,464.35440,0.16122,0
3070,695.32705,93.30689,61.04051,8,0,0,0.29078,0.79722,2.23607,260.29578,3.30556,384.79251,0.16467,0
3071,695.29913,172.00875,61.54398,8,0,0,0.25758,0.71229,2.00000,232.81563,0.00000,0.00000,0.16147,0
3072,695.27122,250.71060,62.04746,8,0,0,0.27963,0.74515,2.00000,232.81563,2.56667,298.78006,0.16358,0
3073,695.24330,329.41245,62.55093,8,0,0,0.27282,0.72191,2.23607,260.29578,2.64468,307.86151,0.15942,0
3074,695.21539,408.11430,63.05440,8,0,0,0.27863,0.69505,2.82843,329.25101,2.31279,269.22690,0.15072,0
3075,695.36088,447.20149,102.29762,12,1,0,0.25318,1.00000,6.00000,698.44690,7.90409,920.09802,0.28870,0
3076,695.18748,486.81615,63.55787,8,0,0,0.25652,0.66292,2.00000,232.81563,0.00000,0.00000,0.15200,0
3077,695.33297,525.90334,102.80109,12,1,0,0.25208,1.00000,6.00000,698.44690,8.05746,937.95074,0.28192,0
3078,695.15956,565.51800,64.06134,8,0,0,0.29989,0.79330,2.23607,260.29578,3.20000,372.50500,0.15853,0
3079,695.30505,604.60519,103.30456,12,1,0,0.24948,1.00000,6.00000,698.44690,8.07520,940.01593,0.26803,0
3080,695.13165,644.21986,64.56481,8,0,0,0.28727,0.81513,3.00000,349.22345,3.43926,400.35657,0.16922,0
3081,695.27714,683.30704,103.80803,12,1,0,0.25636,1.00000,6.00000,698.44690,7.93593,923.80414,0.27110,0
3082,695.24923,762.00890,104.31150,8,0,0,0.00000,0.00000,0.00000,0.00000,0.00000,0.00000,0.02445,0
3083,695.50045,53.69223,99.78026,8,0,0,0.30323,0.92416,3.31662,386.08105,4.87587,567.58923,0.19488,0
3084,695.47253,132.39408,100.28373,12,1,0,0.24754,1.00000,6.08276,708.08112,7.95496,926.01953,0.28768,0
3085,695.61802,171.48127,139.52695,12,1,0,0.24319,1.00000,6.16441,717.58594,7.98876,929.95374,0.27680,0
3086,695.44462,211.09593,100.78720,12,1,0,0.24965,1.00000,6.00000,698.44690,8.05871,938.09705,0.28595,0
3087,695.59011,250.18312,140.03042,12,1,0,0.25530,1.00000,6.00000,698.44690,8.04818,936.87097,0.27757,0
3088,695.41671,289.79779,101.29067,12,1,0,0.24584,1.00000,6.00000,698.44690,8.11827,945.02985,0.29024,0
3089,695.56220,328.88497,140.53389,12,1,0,0.25158,1.00000,6.00000,698.44690,8.01106,932.54950,0.27379,0
3090,695.38879,368.49964,101.79414,12,1,0,0.24705,1.00000,6.08276,708.08112,8.06922,939.31976,0.27712,0
3091,695.53428,407.58683,141.03736,12,1,0,0.25598,1.00000,6.00000,698.44690,7.98983,930.07831,0.26464,0
3092,695.50637,486.28868,141.54083,12,1,0,0.24700,1.00000,6.00000,698.44690,7.99597,930.79315,0.26579,0
3093,695.47846,564.99053,142.04431,12,1,0,0.25246,1.00000,6.00000,698.44690,8.08657,941.33966,0.26182,0
3094,695.62395,604.07772,181.28752,12,1,0,0.24896,1.00000,6.00000,698.44690,8.01417,932.91229,0.27782,0
3095,695.45054,643.69238,142.54778,12,1,0,0.24477,1.00000,7.00000,814.85468,7.99207,930.33899,0.27072,0
3096,695.59603,682.77957,181.79100,12,1,0,0.25284,1.00000,6.00000,698.44690,7.79783,907.72845,0.26938,0
3097,695.42263,722.39423,143.05125,12,1,0,0.27211,1.00000,5.00000,582.03906,6.99083,813.78760,0.23750,0
3098,695.56812,761.48142,182.29447,8,0,0,0.00000,0.00000,0.00000,0.00000,0.00000,0.00000,0.02144,0
3099,695.81934,53.16476,177.76322,8,0,0,0.30748,0.90385,4.00000,465.63126,4.45753,518.89093,0.20589,0
3100,695.64594,92.77942,139.02348,12,1,0,0.25603,1.00000,6.00000,698.44690,7.69793,896.09912,0.28038,0
3101,695.79143,131.86661,178.26669,12,1,0,0.25565,1.00000,6.08276,708.08112,7.95891,926.47949,0.28576,0
3102,695.76351,210.56846,178.77017,12,1,0,0.24636,1.00000,6.00000,698.44690,8.04301,936.26898,0.29875,0
3103,695.73560,289.27031,179.27364,12,1,0,0.24896,1.00000,6.08276,708.08112,8.39321,977.03540,0.29862,0
3104,695.70769,367.97216,179.77711,12,1,0,0.24948,1.00000,6.08276,708.08112,8.25073,960.44916,0.28755,0
3105,695.85318,407.05935,219.02033,12,1,0,0.25548,1.00000,6.00000,698.44690,7.99621,930.82123,0.28070,0
3106,695.67977,446.67401,180.28058,12,1,0,0.25332,1.00000,6.00000,698.44690,8.13549,947.03485,0.28390,0
3107,695.82526,485.76120,219.52380,12,1,0,0.24808,1.00000,6.00000,698.44690,7.93269,923.42737,0.27008,0
3108,695.65186,525.37587,180.78405,12,1,0,0.24723,1.00000,6.00000,698.44690,8.25782,961.27515,0.28826,0
3109,695.79735,564.46305,220.02727,12,1,0,0.24862,1.00000,6.00000,698.44690,8.04256,936.21692,0.28038,0
3110,695.76944,643.16491,220.53074,12,1,0,0.24670,1.00000,6.00000,698.44690,7.98486,929.50006,0.27309,0
3111,695.74152,721.86676,221.03421,12,1,0,0.26278,1.00000,5.09902,593.56573,7.59486,884.10059,0.26611,0
3112,695.96483,92.25194,217.00644,12,1,0,0.25472,1.00000,6.00000,698.44690,8.23687,958.83569,0.29901,0
3113,696.11032,131.33913,256.24966,12,1,0,0.25298,1.00000,6.00000,698.44690,8.07721,940.24994,0.29984,0
3114,695.93692,170.95380,217.50991,12,1,0,0.24912,1.00000,6.00000,698.44690,8.14554,948.20410,0.28896,0
3115,696.08241,210.04098,256.75313,12,1,0,0.26255,1.00000,6.00000,698.44690,7.63372,888.62408,0.29498,0
3116,695.90900,249.65565,218.01338,12,1,0,0.24521,1.00000,6.08276,708.08112,8.31174,967.55103,0.28762,0
3117,696.05449,288.74284,257.25660,12,1,0,0.26137,1.00000,6.00000,698.44690,7.68562,894.66608,0.28429,0
3118,695.88109,328.35750,218.51686,12,1,0,0.24965,1.00000,7.00000,814.85468,8.03844,935.73755,0.28422,0
3119,696.02658,367.44469,257.76007,12,1,0,0.25158,1.00000,6.00000,698.44690,7.84203,912.87366,0.27962,0
3120,695.99867,446.14654,258.26354,12,1,0,0.25634,1.00000,6.08276,708.08112,7.98157,929.11676,0.28467,0
3121,695.97075,524.84839,258.76702,12,1,0,0.25366,1.00000,6.00000,698.44690,8.18678,953.00519,0.28339,0
3122,696.11624,563.93558,298.01023,12,1,0,0.25386,1.00000,7.00000,814.85468,8.20209,954.78754,0.29043,0
3123,695.94284,603.55024,259.27049,12,1,0,0.25246,1.00000,6.00000,698.44690,7.86297,915.31122,0.27923,0
3124,696.08833,642.63743,298.51371,12,1,0,0.25385,1.00000,6.00000,698.44690,8.04040,935.96588,0.29696,0
3125,695.91493,682.25209,259.77396,12,1,0,0.25688,1.00000,6.00000,698.44690,7.93705,923.93488,0.27117,0
3126,696.06042,721.33928,299.01718,12,1,0,0.24776,1.00000,6.08276,708.08112,8.05143,937.24933,0.28877,0
3127,695.88701,760.95395,260.27743,8,0,0,0.00000,0.00000,0.00000,0.00000,0.00000,0.00000,0.01856,0
3128,696.13824,52.63728,255.74619,8,0,0,0.28322,0.81564,3.00000,349.22345,3.44475,400.99545,0.21594,0
3129,696.28372,91.72447,294.98940,12,1,0,0.25173,1.00000,6.08276,708.08112,8.28511,964.45203,0.31654,0
3130,696.25581,170.42632,295.49288,12,1,0,0.24427,1.00000,6.16441,717.58594,8.29587,965.70441,0.30854,0
3131,696.22790,249.12817,295.99635,12,1,0,0.25052,1.00000,6.08276,708.08112,8.29725,965.86426,0.31181,0
3132,696.37339,288.21536,335.23957,12,1,0,0.25336,1.00000,6.00000,698.44690,7.89040,918.50397,0.29344,0
3133,696.19998,327.83002,296.49982,12,1,0,0.24843,1.00000,6.63325,772.16211,8.16185,950.10254,0.29978,0
3134,696.34547,366.91721,335.74304,12,1,0,0.27454,1.00000,5.00000,582.03906,6.92220,805.79834,0.24819,0
3135,696.17207,406.53188,297.00329,12,1,0,0.25122,1.00000,6.00000,698.44690,8.14167,947.75360,0.29382,0
3136,696.31756,445.61906,336.24651,12,1,0,0.25247,1.00000,6.08276,708.08112,7.89648,919.21143,0.28499,0
3137,696.14416,485.23373,297.50676,12,1,0,0.24569,1.00000,6.32456,736.22766,8.03769,935.65002,0.28589,0
3138,696.28965,524.32092,336.74998,12,1,0,0.25262,1.00000,7.00000,814.85468,8.01780,933.33508,0.29114,0
3139,696.26173,603.02277,337.25345,12,1,0,0.25191,1.00000,6.00000,698.44690,8.10542,943.53436,0.29414,0
3140,696.23382,681.72462,337.75692,12,1,0,0.25657,1.00000,6.00000,698.44690,7.76365,903.74933,0.27354,0
3141,696.20591,760.42647,338.26040,8,0,0,0.00000,0.00000,0.00000,0.00000,0.00000,0.00000,0.02829,0
3142,696.45713,52.10981,333.72915,8,0,0,0.27308,0.77437,2.00000,232.81563,2.67877,311.82944,0.20877,0
3143,696.60262,91.19700,372.97237,12,1,0,0.25509,1.00000,6.00000,698.44690,8.03218,935.00873,0.31539,0
3144,696.42921,130.81166,334.23262,12,1,0,0.24860,1.00000,6.63325,772.16211,7.86580,915.64099,0.30989,0
3145,696.57470,169.89885,373.47584,12,1,0,0.25299,1.00000,6.00000,698.44690,8.00279,931.58746,0.31846,0
3146,696.40130,209.51351,334.73609,12,1,0,0.25160,1.00000,6.00000,698.44690,7.84943,913.73553,0.31283,0
3147,696.54679,248.60070,373.97931,12,1,0,0.26492,1.00000,5.74456,668.71198,7.61726,886.70898,0.30938,0
3148,696.51888,327.30255,374.48278,12,1,0,0.25253,1.00000,6.00000,698.44690,7.61368,886.29199,0.29312,0
3149,696.49096,406.00440,374.98626,12,1,0,0.27119,1.00000,5.00000,582.03906,7.43057,864.97614,0.28602,0
3150,696.46305,484.70625,375.48973,12,1,0,0.24560,1.00000,7.00000,814.85468,7.93459,923.64844,0.29741,0
3151,696.60854,523.79344,414.73294,12,1,0,0.25141,1.00000,7.00000,814.85468,7.82231,910.57758,0.29741,0
3152,696.43514,563.40810,375.99320,12,1,0,0.24862,1.00000,7.00000,814.85468,8.21277,956.03101,0.29530,0
3153,696.58063,602.49529,415.23642,12,1,0,0.24929,1.00000,6.00000,698.44690,7.87693,916.93634,0.28314,0
3154,696.40722,642.10996,376.49667,12,1,0,0.24983,1.00000,6.00000,698.44690,8.14265,947.86761,0.30061,0
3155,696.55271,681.19714,415.73989,12,1,0,0.24602,1.00000,6.00000,698.44690,7.88767,918.18677,0.27456,0
3156,696.37931,720.81181,377.00014,12,1,0,0.25312,1.00000,6.08276,708.08112,8.09389,942.19208,0.28838,0
3157,696.52480,759.89900,416.24336,8,0,0,0.00000,0.00000,0.00000,0.00000,0.00000,0.00000,0.02502,0
3158,696.77602,51.58233,411.71211,8,0,0,0.28902,0.84507,3.16228,368.11383,3.85631,448.90469,0.19891,0
3159,696.74811,130.28418,412.21559,12,1,0,0.25105,1.00000,6.08276,708.08112,8.00119,931.40070,0.29850,0
3160,696.72019,208.98604,412.71906,12,1,0,0.25190,1.00000,6.16441,717.58594,8.14038,947.60419,0.29843,0
3161,696.86568,248.07322,451.96228,12,1,0,0.25419,1.00000,6.08276,708.08112,8.23292,958.37677,0.30202,0
3162,696.69228,287.68789,413.22253,12,1,0,0.25105,1.00000,6.08276,708.08112,8.00612,931.97510,0.29133,0
3163,696.83777,326.77507,452.46575,12,1,0,0.24569,1.00000,6.08276,708.08112,8.15248,949.01227,0.30080,0
3164,696.66437,366.38974,413.72600,12,1,0,0.25194,1.00000,6.00000,698.44690,7.88123,917.43732,0.28787,0
3165,696.80986,405.47693,452.96922,12,1,0,0.25496,1.00000,6.00000,698.44690,7.90246,919.90802,0.29862,0
3166,696.63645,445.09159,414.22947,12,1,0,0.25140,1.00000,6.00000,698.44690,7.88867,918.30280,0.27629,0
3167,696.78194,484.17878,453.47269,12,1,0,0.25053,1.00000,6.08276,708.08112,7.90682,920.41559,0.30022,0
3168,696.75403,562.88063,453.97616,12,1,0,0.25330,1.00000,6.00000,698.44690,8.17568,951.71271,0.30560,0
3169,696.72612,641.58248,454.47963,12,1,0,0.24412,1.00000,6.08276,708.08112,8.20223,954.80414,0.29504,0
3170,696.87161,680.66967,493.72285,12,1,0,0.25387,1.00000,6.00000,698.44690,7.81627,909.87439,0.27232,0
3171,696.69820,720.28433,454.98311,12,1,0,0.25457,1.00000,6.00000,698.44690,7.85897,914.84583,0.27712,0
3172,696.84369,759.37152,494.22632,8,0,0,0.00000,0.00000,0.00000,0.00000,0.00000,0.00000,0.02803,0
3173,697.09491,51.05486,489.69508,8,0,0,0.27801,0.72452,3.00000,349.22345,2.48782,289.60211,0.19162,0
3174,696.92151,90.66952,450.95533,12,1,0,0.25035,1.00000,6.00000,698.44690,8.29685,965.81866,0.32307,0
3175,697.06700,129.75671,490.19855,12,1,0,0.26109,1.00000,6.00000,698.44690,7.69037,895.21942,0.29139,0
3176,696.89360,169.37137,451.45880,12,1,0,0.24658,1.00000,7.00000,814.85468,8.54311,994.48462,0.32429,0
3177,697.03909,208.45856,490.70202,12,1,0,0.25053,1.00000,6.00000,698.44690,7.88784,918.20618,0.29984,0
3178,697.01117,287.16041,491.20549,12,1,0,0.26099,1.00000,6.00000,698.44690,7.94849,925.26605,0.30637,0
3179,696.98326,365.86226,491.70897,12,1,0,0.26000,1.00000,6.00000,698.44690,7.77059,904.55682,0.28890,0
3180,696.95535,444.56411,492.21244,12,1,0,0.27172,0.95556,3.74166,435.55817,5.74562,668.83447,0.26598,0
3181,697.10084,483.65130,531.45565,12,1,0,0.25352,1.00000,6.00000,698.44690,7.98927,930.01343,0.29408,0
3182,696.92743,523.26597,492.71591,12,1,0,0.25157,1.00000,6.00000,698.44690,8.01680,933.21851,0.29229,0
3183,697.07292,562.35315,531.95913,12,1,0,0.25192,1.00000,6.00000,698.44690,8.15005,948.72974,0.29088,0
3184,696.89952,601.96782,493.21938,12,1,0,0.25957,1.00000,6.00000,698.44690,7.94235,924.55200,0.28198,0
3185,697.04501,641.05501,532.46260,12,1,0,0.24721,1.00000,6.00000,698.44690,8.12896,946.27496,0.29664,0
3186,697.01710,719.75686,532.96607,12,1,0,0.25868,1.00000,6.00000,698.44690,7.86580,915.64062,0.28480,0
3187,697.24040,90.14205,528.93830,12,1,0,0.25366,1.00000,6.00000,698.44690,8.28998,965.01843,0.31392,0
3188,697.21249,168.84390,529.44177,12,1,0,0.24553,1.00000,6.00000,698.44690,8.45048,983.70227,0.31174,0
3189,697.35798,207.93109,568.68499,12,1,0,0.26500,0.97759,4.24264,493.87650,6.81352,793.14673,0.27450,0
3190,697.18458,247.54575,529.94524,12,1,0,0.25192,1.00000,6.00000,698.44690,8.08434,941.08014,0.30246,0
3191,697.33007,286.63294,569.18846,12,1,0,0.24948,1.00000,6.08276,708.08112,8.09675,942.52441,0.30803,0
3192,697.15666,326.24760,530.44871,12,1,0,0.24550,1.00000,6.32456,736.22766,8.18185,952.43176,0.29888,0
3193,697.30215,365.33479,569.69193,12,1,0,0.25562,1.00000,6.00000,698.44690,8.07045,939.46375,0.29984,0
3194,697.12875,404.94945,530.95218,12,1,0,0.26087,1.00000,6.00000,698.44690,8.04034,935.95880,0.29638,0
3195,697.27424,444.03664,570.19540,12,1,0,0.25439,1.00000,6.08276,708.08112,7.97399,928.23511,0.28698,0
3196,697.24633,522.73849,570.69887,12,1,0,0.25440,1.00000,6.08276,708.08112,7.84296,912.98199,0.26848,0
3197,697.21841,601.44034,571.20234,12,1,0,0.25053,1.00000,6.08276,708.08112,7.90090,919.72601,0.27885,0
3198,697.36390,640.52753,610.44556,12,1,0,0.24768,1.00000,6.00000,698.44690,7.76087,903.42560,0.27834,0
3199,697.19050,680.14219,571.70582,12,1,0,0.25802,1.00000,6.00000,698.44690,7.71344,897.90448,0.27526,0
3200,697.33599,719.22938,610.94903,12,1,0,0.26030,1.00000,5.09902,593.56573,7.57650,881.96399,0.27488,0
3201,697.16259,758.84405,572.20929,8,0,0,0.00000,0.00000,0.00000,0.00000,0.00000,0.00000,0.02579,0
3202,697.41381,50.52738,567.67804,8,0,0,0.30266,0.90113,3.60555,419.71432,4.38434,510.37103,0.21562,0
3203,697.55930,89.61457,606.92126,12,1,0,0.25264,1.00000,6.00000,698.44690,7.95545,926.07684,0.29792,0
3204,697.38589,129.22923,568.18151,12,1,0,0.24810,1.00000,6.00000,698.44690,8.26397,961.99097,0.30182,0
3205,697.53138,168.31642,607.42473,12,1,0,0.24446,1.00000,6.40312,745.37372,8.14941,948.65546,0.29798,0
3206,697.50347,247.01827,607.92820,12,1,0,0.24671,1.00000,6.08276,708.08112,8.17792,951.97339,0.29946,0
3207,697.47556,325.72013,608.43168,12,1,0,0.24651,1.00000,6.40312,745.37372,8.00832,932.23090,0.29638,0
3208,697.62105,364.80731,647.67489,12,1,0,0.24965,1.00000,6.00000,698.44690,8.13260,946.69763,0.29523,0
3209,697.44764,404.42198,608.93515,12,1,0,0.25173,1.00000,6.00000,698.44690,8.22944,957.97101,0.29421,0
3210,697.59313,443.50917,648.17837,12,1,0,0.24415,1.00000,6.00000,698.44690,8.39168,976.85699,0.30259,0
3211,697.41973,483.12383,609.43862,12,1,0,0.24913,1.00000,7.00000,814.85468,8.05147,937.25403,0.28602,0
3212,697.56522,522.21102,648.68184,12,1,0,0.24446,1.00000,6.00000,698.44690,8.37586,975.01544,0.29722,0
3213,697.39182,561.82568,609.94209,12,1,0,0.25245,1.00000,6.00000,698.44690,8.06042,938.29553,0.27834,0
3214,697.53731,600.91287,649.18531,12,1,0,0.25000,1.00000,6.00000,698.44690,8.06130,938.39868,0.28928,0
3215,697.50939,679.61472,649.68878,12,1,0,0.25343,1.00000,6.00000,698.44690,7.60297,885.04565,0.26976,0
3216,697.48148,758.31657,650.19225,8,0,0,0.00000,0.00000,0.00000,0.00000,0.00000,0.00000,0.02451,0
3217,697.73270,49.99991,645.66101,8,0,0,0.30157,0.84807,3.00000,349.22345,4.00487,466.19760,0.20090,0
3218,697.70479,128.70176,646.16448,12,1,0,0.25175,1.00000,6.00000,698.44690,8.10661,943.67291,0.30688,0
3219,697.85028,167.78895,685.40770,12,1,0,0.24965,1.00000,6.00000,698.44690,7.86916,916.03162,0.27891,0
3220,697.67687,207.40361,646.66795,12,1,0,0.24775,1.00000,6.08276,708.08112,8.13790,947.31519,0.30202,0
3221,697.82236,246.49080,685.91117,12,1,0,0.24572,1.00000,7.00000,814.85468,8.33416,970.16113,0.29472,0
3222,697.64896,286.10546,647.17142,12,1,0,0.24508,1.00000,7.00000,814.85468,8.55053,995.34888,0.31110,0
3223,697.79445,325.19265,686.41464,12,1,0,0.24809,1.00000,6.00000,698.44690,8.13694,947.20361,0.28083,0
3224,697.76654,403.89450,686.91811,12,1,0,0.25226,1.00000,6.08276,708.08112,8.17398,951.51520,0.27610,0
3225,697.73862,482.59635,687.42158,12,1,0,0.24637,1.00000,7.00000,814.85468,8.04573,936.58569,0.27366,0
3226,697.71071,561.29821,687.92505,12,1,0,0.24690,1.00000,6.00000,698.44690,8.27543,963.32458,0.28282,0
3227,697.85620,600.38539,727.16827,12,1,0,0.25000,1.00000,6.00000,698.44690,7.99209,930.34131,0.27635,0
3228,697.68280,640.00006,688.42853,12,1,0,0.25123,1.00000,6.00000,698.44690,7.76525,903.93585,0.26464,0
3229,697.82829,679.08725,727.67174,12,1,0,0.25475,1.00000,6.00000,698.44690,7.72302,899.01990,0.25990,0
3230,697.65488,718.70191,688.93200,12,1,0,0.26455,1.00000,6.00000,698.44690,7.23682,842.42249,0.25856,0
3231,697.80037,757.78910,728.17522,8,0,0,0.00000,0.00000,0.00000,0.00000,0.00000,0.00000,0.02355,0
3232,698.05159,49.47243,723.64397,8,0,0,0.31323,0.88705,3.16228,368.11383,4.27038,497.10565,0.18400,0
3233,697.87819,89.08710,684.90422,12,1,0,0.27327,1.00000,6.00000,698.44690,7.29695,849.42151,0.26714,0
3234,698.02368,128.17428,724.14744,12,1,0,0.25884,1.00000,6.00000,698.44690,8.17038,951.09595,0.28781,0
3235,697.99577,206.87614,724.65091,12,1,0,0.24897,1.00000,6.00000,698.44690,8.30263,966.49060,0.30317,0
3236,697.96785,285.57799,725.15439,12,1,0,0.25209,1.00000,6.00000,698.44690,8.12521,945.83801,0.29523,0
3237,698.11334,324.66518,764.39760,8,0,0,0.28458,0.80112,3.00000,349.22345,3.21577,374.34119,0.17485,0
3238,697.93994,364.27984,725.65786,12,1,0,0.24589,1.00000,7.00000,814.85468,8.37777,975.23804,0.29952,0
3239,698.08543,403.36703,764.90108,8,0,0,0.28947,0.79444,3.00000,349.22345,2.68333,312.36096,0.16378,0
3240,697.91203,442.98169,726.16133,12,1,0,0.25349,1.00000,6.00000,698.44690,8.25470,960.91187,0.29216,0
3241,698.05752,482.06888,765.40455,8,0,0,0.28304,0.75346,2.44949,285.13977,2.85683,332.55707,0.16294,0
3242,697.88411,521.68354,726.66480,12,1,0,0.24774,1.00000,6.00000,698.44690,8.12086,945.33154,0.28198,0
3243,698.02960,560.77073,765.90802,8,0,0,0.29382,0.81044,3.00000,349.22345,3.10927,361.94357,0.16038,0
3244,698.00169,639.47258,766.41149,8,0,0,0.29171,0.82143,3.00000,349.22345,3.49215,406.51398,0.16314,0
3245,697.97378,718.17443,766.91496,8,0,0,0.32393,0.85635,3.60555,419.71432,3.78704,440.84131,0.14451,0
3246,698.19708,88.55962,762.88719,8,0,0,0.30010,0.87675,3.00000,349.22345,4.15317,483.46091,0.17261,0
3247,698.16917,167.26147,763.39066,8,0,0,0.28131,0.79050,3.00000,349.22345,3.16336,368.23944,0.17952,0
3248,698.14126,245.96332,763.89413,8,0,0,0.28716,0.77596,3.00000,349.22345,2.59130,301.64807,0.17389,0
3249,734.35686,526.22727,63.73325,5,0,0,0.25534,0.86872,3.00000,349.22345,3.91217,455.40720,0.49133,0
3250,734.32895,604.92913,64.23672,5,0,0,0.26509,0.90529,3.16228,368.11383,4.44157,517.03296,0.46234,0
3251,734.30103,683.63098,64.74019,5,0,0,0.27595,0.88366,3.16228,368.11383,4.07388,474.23132,0.41402,0
3252,734.27312,762.33283,65.24367,3,0,0,0.00000,0.00000,0.00000,0.00000,0.00000,0.00000,0.01882,0
3253,734.52434,54.01617,60.71242,3,0,0,0.20430,0.37047,1.00000,116.40781,0.00000,0.00000,0.11923,0
3254,734.49643,132.71802,61.21589,5,0,0,0.27565,0.89548,4.00000,465.63126,4.31885,502.74844,0.36666,0
3255,734.46852,211.41987,61.71936,5,0,0,0.26933,0.91525,3.16228,368.11383,4.60876,536.49554,0.42451,0
3256,734.61401,250.50706,100.96258,8,0,0,0.24660,1.00000,8.06226,938.50983,12.00000,1396.89380,0.69856,0
3257,734.44060,290.12172,62.22284,5,0,0,0.26277,0.89106,3.74166,435.55817,4.32428,503.37946,0.45504,0
3258,734.58609,329.20891,101.46605,8,0,0,0.24152,1.00000,9.00000,1047.67029,12.00000,1396.89380,0.70694,0
3259,734.41269,368.82357,62.72631,5,0,0,0.26112,0.88796,3.00000,349.22345,4.10859,478.27155,0.49254,0
3260,734.55818,407.91076,101.96953,8,0,0,0.24370,1.00000,9.05539,1054.11768,12.00000,1396.89380,0.72083,0
3261,734.38478,447.52542,63.22978,5,0,0,0.25227,0.85915,2.82843,329.25101,3.72677,433.82458,0.48710,0
3262,734.53026,486.61261,102.47300,8,0,0,0.23797,1.00000,9.21954,1073.22705,12.00000,1396.89380,0.72454,0
3263,734.50235,565.31446,102.97647,8,0,0,0.24240,1.00000,8.12404,945.70160,12.00000,1396.89380,0.71450,0
3264,734.47444,644.01631,103.47994,8,0,0,0.24310,1.00000,8.00000,931.26251,12.00000,1396.89380,0.66739,0
3265,734.61993,683.10350,142.72316,8,0,0,0.24335,1.00000,7.07107,823.12756,12.00000,1396.89380,0.67136,0
3266,734.44652,722.71817,103.98341,8,0,0,0.24536,1.00000,6.63325,772.16211,9.88958,1151.22412,0.59098,0
3267,734.59201,761.80535,143.22663,5,0,0,0.00000,0.00000,0.00000,0.00000,0.00000,0.00000,0.11763,0
3268,734.84324,53.48869,138.69538,5,0,0,0.28210,0.90986,3.16228,368.11383,4.56313,531.18396,0.35315,0
3269,734.66983,93.10335,99.95564,8,0,0,0.24862,1.00000,6.08276,708.08112,9.99338,1163.30786,0.58086,0
3270,734.81532,132.19054,139.19886,8,0,0,0.24898,1.00000,7.07107,823.12756,11.36973,1323.52551,0.62778,0
3271,734.64192,171.80521,100.45911,8,0,0,0.24051,1.00000,7.07107,823.12756,12.00000,1396.89380,0.65229,0
3272,734.78741,210.89239,139.70233,8,0,0,0.24677,1.00000,7.28011,847.46167,12.00000,1396.89380,0.68749,0
3273,734.75950,289.59425,140.20580,8,0,0,0.23986,1.00000,8.24621,959.92340,12.00000,1396.89380,0.70605,0
3274,734.73158,368.29610,140.70927,8,0,0,0.24523,1.00000,9.11043,1060.52563,12.00000,1396.89380,0.72454,0
3275,734.70367,446.99795,141.21274,8,0,0,0.24523,1.00000,9.05539,1054.11768,12.00000,1396.89380,0.73274,0
3276,734.84916,486.08514,180.45596,8,0,0,0.24321,1.00000,9.05539,1054.11768,12.00000,1396.89380,0.72890,0
3277,734.67575,525.69980,141.71621,8,0,0,0.24592,1.00000,8.60233,1001.37793,12.00000,1396.89380,0.73747,0
3278,734.82124,564.78699,180.95943,8,0,0,0.25017,1.00000,8.77496,1021.47443,12.00000,1396.89380,0.72570,0
3279,734.64784,604.40165,142.21969,8,0,0,0.24087,1.00000,8.30662,966.95587,12.00000,1396.89380,0.72275,0
3280,734.79333,643.48884,181.46290,8,0,0,0.24335,1.00000,8.06226,938.50983,12.00000,1396.89380,0.70246,0
3281,734.76542,722.19069,181.96638,8,0,0,0.25259,1.00000,7.00000,814.85468,11.18820,1302.39331,0.63738,0
3282,734.98873,92.57588,177.93860,8,0,0,0.24404,1.00000,7.00000,814.85468,10.19700,1187.01001,0.58528,0
3283,734.96081,171.27773,178.44207,8,0,0,0.24154,1.00000,7.14143,831.31805,12.00000,1396.89380,0.65862,0
3284,735.10630,210.36492,217.68529,8,0,0,0.24220,1.00000,8.00000,931.26251,12.00000,1396.89380,0.68058,0
3285,734.93290,249.97958,178.94555,8,0,0,0.25260,1.00000,8.06226,938.50983,12.00000,1396.89380,0.69907,0
3286,735.07839,289.06677,218.18876,8,0,0,0.24811,1.00000,10.04988,1169.88403,12.00000,1396.89380,0.69747,0
3287,734.90499,328.68143,179.44902,8,0,0,0.24238,1.00000,9.05539,1054.11768,12.00000,1396.89380,0.71968,0
3288,735.05048,367.76862,218.69224,8,0,0,0.24321,1.00000,9.11043,1060.52563,12.00000,1396.89380,0.71597,0
3289,734.87707,407.38329,179.95249,8,0,0,0.24457,1.00000,9.21954,1073.22705,12.00000,1396.89380,0.72934,0
3290,735.02256,446.47047,219.19571,8,0,0,0.24408,1.00000,9.05539,1054.11768,12.00000,1396.89380,0.72736,0
3291,734.99465,525.17233,219.69918,8,0,0,0.24711,1.00000,8.12404,945.70160,12.00000,1396.89380,0.72307,0
3292,734.96673,603.87418,220.20265,8,0,0,0.25000,1.00000,8.60233,1001.37793,12.00000,1396.89380,0.71846,0
3293,735.11222,642.96137,259.44587,8,0,0,0.24505,1.00000,9.00000,1047.67029,12.00000,1396.89380,0.70003,0
3294,734.93882,682.57603,220.70612,8,0,0,0.24068,1.00000,7.07107,823.12756,12.00000,1396.89380,0.67258,0
3295,735.08431,721.66322,259.94934,8,0,0,0.24576,1.00000,7.81025,909.17413,11.76800,1369.88696,0.63840,0
3296,734.91091,761.27788,221.20959,5,0,0,0.00000,0.00000,0.00000,0.00000,0.00000,0.00000,0.14771,0
3297,735.16213,52.96122,216.67835,5,0,0,0.27562,0.85479,2.82843,329.25101,3.83908,446.89929,0.35488,0
3298,735.30762,92.04840,255.92157,8,0,0,0.24812,1.00000,7.07107,823.12756,10.00834,1165.04858,0.57382,0
3299,735.13422,131.66307,217.18182,8,0,0,0.24440,1.00000,8.00000,931.26251,11.31971,1317.70239,0.62643,0
3300,735.27971,170.75026,256.42504,8,0,0,0.24171,1.00000,8.24621,959.92340,12.00000,1396.89380,0.63942,0
3301,735.25179,249.45211,256.92851,8,0,0,0.24458,1.00000,9.05539,1054.11768,12.00000,1396.89380,0.67776,0
3302,735.22388,328.15396,257.43198,8,0,0,0.24038,1.00000,10.24695,1192.82520,12.00000,1396.89380,0.69811,0
3303,735.36937,367.24115,296.67520,8,0,0,0.24321,1.00000,9.89950,1152.37854,12.00000,1396.89380,0.68832,0
3304,735.19597,406.85581,257.93545,8,0,0,0.24897,1.00000,10.09950,1175.66125,12.00000,1396.89380,0.70861,0
3305,735.34145,445.94300,297.17867,8,0,0,0.24627,1.00000,9.94987,1158.24304,12.00000,1396.89380,0.70381,0
3306,735.16805,485.55766,258.43893,8,0,0,0.24103,1.00000,9.16515,1066.89526,12.00000,1396.89380,0.71123,0
3307,735.31354,524.64485,297.68214,8,0,0,0.24490,1.00000,9.69536,1128.61572,12.00000,1396.89380,0.70822,0
3308,735.14014,564.25951,258.94240,8,0,0,0.24796,1.00000,9.43398,1098.18909,12.00000,1396.89380,0.71610,0
3309,735.28563,603.34670,298.18561,8,0,0,0.24457,1.00000,9.27362,1079.52173,12.00000,1396.89380,0.69600,0
3310,735.25771,682.04855,298.68909,8,0,0,0.24389,1.00000,8.24621,959.92340,12.00000,1396.89380,0.66496,0
3311,735.22980,760.75040,299.19256,5,0,0,0.00000,0.00000,0.00000,0.00000,0.00000,0.00000,0.14854,0
3312,735.48102,52.43374,294.66131,5,0,0,0.26167,0.81250,3.00000,349.22345,2.94756,343.11914,0.35629,0
3313,735.45311,131.13559,295.16478,8,0,0,0.24185,1.00000,8.00000,931.26251,11.26067,1310.82959,0.60410,0
3314,735.59860,170.22278,334.40800,8,0,0,0.24000,1.00000,8.06226,938.50983,11.88805,1383.86218,0.64352,0
3315,735.42520,209.83744,295.66826,8,0,0,0.24073,1.00000,8.36660,973.93762,12.00000,1396.89380,0.65254,0
3316,735.57069,248.92463,334.91147,8,0,0,0.24505,1.00000,9.00000,1047.67029,12.00000,1396.89380,0.68838,0
3317,735.39728,288.53930,296.17173,8,0,0,0.24068,1.00000,9.79796,1140.55908,12.00000,1396.89380,0.68576,0
3318,735.54277,327.62648,335.41495,8,0,0,0.23693,1.00000,9.38083,1092.00208,12.00000,1396.89380,0.68602,0
3319,735.51486,406.32834,335.91842,8,0,0,0.24372,1.00000,9.43398,1098.18909,12.00000,1396.89380,0.70650,0
3320,735.48694,485.03019,336.42189,8,0,0,0.24595,1.00000,9.43398,1098.18909,12.00000,1396.89380,0.68819,0
3321,735.45903,563.73204,336.92536,8,0,0,0.24357,1.00000,9.05539,1054.11768,12.00000,1396.89380,0.69606,0
3322,735.60452,602.81923,376.16858,8,0,0,0.24255,1.00000,9.16515,1066.89526,12.00000,1396.89380,0.71661,0
3323,735.43112,642.43389,337.42883,8,0,0,0.23478,1.00000,9.27362,1079.52173,12.00000,1396.89380,0.68710,0
3324,735.57661,681.52108,376.67205,8,0,0,0.23929,1.00000,8.06226,938.50983,12.00000,1396.89380,0.67597,0
3325,735.40320,721.13574,337.93230,8,0,0,0.24609,1.00000,7.07107,823.12756,11.72034,1364.33899,0.62426,0
3326,735.54869,760.22293,377.17552,5,0,0,0.00000,0.00000,0.00000,0.00000,0.00000,0.00000,0.17523,0
3327,735.79992,51.90627,372.64428,5,0,0,0.25023,0.74586,2.00000,232.81563,2.22500,259.00739,0.36960,0
3328,735.62651,91.52093,333.90453,8,0,0,0.24609,1.00000,7.07107,823.12756,10.00569,1164.74048,0.58886,0
3329,735.77200,130.60812,373.14775,8,0,0,0.24321,1.00000,7.07107,823.12756,10.52561,1225.26355,0.60730,0
3330,735.74409,209.30997,373.65122,8,0,0,0.24372,1.00000,9.00000,1047.67029,12.00000,1396.89380,0.65818,0
3331,735.71618,288.01182,374.15469,8,0,0,0.24813,1.00000,8.60233,1001.37793,12.00000,1396.89380,0.67706,0
3332,735.86167,327.09901,413.39791,8,0,0,0.24389,1.00000,9.00000,1047.67029,12.00000,1396.89380,0.66694,0
3333,735.68826,366.71367,374.65816,8,0,0,0.24592,1.00000,9.48683,1104.34143,12.00000,1396.89380,0.69606,0
3334,735.83375,405.80086,413.90138,8,0,0,0.24915,1.00000,9.16515,1066.89526,12.00000,1396.89380,0.68922,0
3335,735.66035,445.41552,375.16164,8,0,0,0.24173,1.00000,9.69536,1128.61572,12.00000,1396.89380,0.69645,0
3336,735.80584,484.50271,414.40485,8,0,0,0.24003,1.00000,9.43398,1098.18909,12.00000,1396.89380,0.69267,0
3337,735.63243,524.11738,375.66511,8,0,0,0.24168,1.00000,9.43398,1098.18909,12.00000,1396.89380,0.70669,0
3338,735.77792,563.20456,414.90832,8,0,0,0.25188,1.00000,9.05539,1054.11768,12.00000,1396.89380,0.70266,0
3339,735.75001,641.90642,415.41180,8,0,0,0.24425,1.00000,9.00000,1047.67029,12.00000,1396.89380,0.69107,0
3340,735.72210,720.60827,415.91527,8,0,0,0.24255,1.00000,7.54983,878.85968,11.39474,1326.43738,0.62522,0
3341,735.86759,759.69546,455.15849,5,0,0,0.00000,0.00000,0.00000,0.00000,0.00000,0.00000,0.15776,0
3342,736.11881,51.37879,450.62724,5,0,0,0.26121,0.83662,3.00000,349.22345,3.21481,374.22958,0.36230,0
3343,735.94541,90.99345,411.88750,8,0,0,0.25226,1.00000,6.16441,717.58594,9.80212,1141.04309,0.57286,0
3344,736.09090,130.08064,451.13071,8,0,0,0.25207,1.00000,7.28011,847.46167,10.38145,1208.48242,0.58208,0
3345,735.91749,169.69531,412.39097,8,0,0,0.24203,1.00000,8.00000,931.26251,11.55297,1344.85645,0.62291,0
3346,736.06298,208.78249,451.63418,8,0,0,0.24508,1.00000,8.24621,959.92340,12.00000,1396.89380,0.63590,0
3347,735.88958,248.39716,412.89444,8,0,0,0.24302,1.00000,9.00000,1047.67029,12.00000,1396.89380,0.65235,0
3348,736.03507,287.48435,452.13766,8,0,0,0.24626,1.00000,8.77496,1021.47443,12.00000,1396.89380,0.65805,0
3349,736.00715,366.18620,452.64113,8,0,0,0.24745,1.00000,9.16515,1066.89526,12.00000,1396.89380,0.66195,0
3350,735.97924,444.88805,453.14460,8,0,0,0.25103,1.00000,7.21110,839.42865,12.00000,1396.89380,0.63878,0
3351,736.12473,483.97524,492.38782,8,0,0,0.24609,1.00000,9.27362,1079.52173,12.00000,1396.89380,0.65606,0
3352,735.95133,523.58990,453.64807,8,0,0,0.24389,1.00000,9.00000,1047.67029,12.00000,1396.89380,0.68442,0
3353,736.09682,562.67709,492.89129,8,0,0,0.24576,1.00000,9.84886,1146.48401,12.00000,1396.89380,0.66906,0
3354,735.92341,602.29175,454.15154,8,0,0,0.24644,1.00000,8.12404,945.70160,12.00000,1396.89380,0.68518,0
3355,736.06890,641.37894,493.39476,8,0,0,0.24422,1.00000,8.00000,931.26251,12.00000,1396.89380,0.65677,0
3356,735.89550,680.99360,454.65501,8,0,0,0.24405,1.00000,8.00000,931.26251,12.00000,1396.89380,0.65933,0
3357,736.04099,720.08079,493.89823,8,0,0,0.25103,1.00000,7.68115,894.14539,10.96307,1276.18750,0.60096,0
3358,736.26430,90.46598,489.87046,8,0,0,0.24171,1.00000,8.00000,931.26251,9.92654,1155.52686,0.56269,0
3359,736.23639,169.16783,490.37393,8,0,0,0.24238,1.00000,8.06226,938.50983,11.05053,1286.36755,0.59373,0
3360,736.20847,247.86968,490.87740,8,0,0,0.24932,1.00000,9.16515,1066.89526,11.96227,1392.50195,0.62816,0
3361,736.35396,286.95687,530.12062,8,0,0,0.24577,1.00000,8.06226,938.50983,11.73559,1366.11462,0.61478,0
3362,736.18056,326.57153,491.38087,8,0,0,0.24019,1.00000,8.77496,1021.47443,12.00000,1396.89380,0.64019,0
3363,736.32605,365.65872,530.62409,8,0,0,0.24354,1.00000,7.81025,909.17413,11.94152,1390.08630,0.63149,0
3364,736.15264,405.27339,491.88435,8,0,0,0.24677,1.00000,9.11043,1060.52563,12.00000,1396.89380,0.64845,0
3365,736.29813,444.36057,531.12756,8,0,0,0.24271,1.00000,9.00000,1047.67029,12.00000,1396.89380,0.63603,0
3366,736.27022,523.06243,531.63104,8,0,0,0.24185,1.00000,9.00000,1047.67029,12.00000,1396.89380,0.64384,0
3367,736.24231,601.76428,532.13451,8,0,0,0.25000,1.00000,9.00000,1047.67029,12.00000,1396.89380,0.64122,0
3368,736.21439,680.46613,532.63798,8,0,0,0.24138,1.00000,7.61577,886.53552,11.70753,1362.84753,0.61664,0
3369,736.35988,719.55332,571.88120,8,0,0,0.24255,1.00000,7.28011,847.46167,10.33431,1202.99451,0.57344,0
3370,736.18648,759.16798,533.14145,5,0,0,0.00000,0.00000,0.00000,0.00000,0.00000,0.00000,0.15846,0
3371,736.43770,50.85132,528.61021,5,0,0,0.25698,0.77746,2.00000,232.81563,2.31331,269.28754,0.35187,0
3372,736.58319,89.93850,567.85342,8,0,0,0.24642,1.00000,7.07107,823.12756,9.45773,1100.95349,0.56288,0
3373,736.40979,129.55317,529.11368,8,0,0,0.24322,1.00000,7.14143,831.31805,10.10297,1176.06506,0.56371,0
3374,736.55528,168.64036,568.35689,8,0,0,0.24168,1.00000,8.00000,931.26251,10.67703,1242.89014,0.60006,0
3375,736.38188,208.25502,529.61715,8,0,0,0.24290,1.00000,7.81025,909.17413,11.37136,1323.71484,0.60416,0
3376,736.52737,247.34221,568.86037,8,0,0,0.24154,1.00000,8.66025,1008.12128,11.19302,1302.95496,0.61606,0
3377,736.49945,326.04406,569.36384,8,0,0,0.24626,1.00000,8.66025,1008.12128,11.72510,1364.89294,0.61229,0
3378,736.47154,404.74591,569.86731,8,0,0,0.24070,1.00000,8.60233,1001.37793,11.93084,1388.84290,0.61958,0
3379,736.61703,443.83310,609.11053,8,0,0,0.24355,1.00000,8.00000,931.26251,11.03073,1284.06274,0.61594,0
3380,736.44362,483.44776,570.37078,8,0,0,0.23793,1.00000,9.00000,1047.67029,11.72389,1364.75256,0.61581,0
3381,736.58911,522.53495,609.61400,8,0,0,0.23525,1.00000,8.00000,931.26251,10.90523,1269.45361,0.61414,0
3382,736.41571,562.14961,570.87425,8,0,0,0.24103,1.00000,8.00000,931.26251,11.66037,1357.35840,0.61088,0
3383,736.56120,601.23680,610.11747,8,0,0,0.24341,1.00000,8.00000,931.26251,10.79218,1256.29358,0.61306,0
3384,736.38780,640.85147,571.37772,8,0,0,0.24054,1.00000,8.00000,931.26251,11.71288,1363.47107,0.61632,0
3385,736.53329,679.93865,610.62094,8,0,0,0.24761,1.00000,7.00000,814.85468,10.17535,1184.48987,0.59386,0
3386,736.50537,758.64051,611.12441,5,0,0,0.00000,0.00000,0.00000,0.00000,0.00000,0.00000,0.13939,0
3387,736.75660,50.32384,606.59317,5,0,0,0.28421,0.90756,3.60555,419.71432,4.49769,523.56677,0.35360,0
3388,736.72868,129.02569,607.09664,8,0,0,0.25275,1.00000,7.00000,814.85468,9.49669,1105.48950,0.56160,0
3389,736.87417,168.11288,646.33986,8,0,0,0.24522,1.00000,7.00000,814.85468,9.67799,1126.59351,0.55770,0
3390,736.70077,207.72754,607.60011,8,0,0,0.24271,1.00000,8.00000,931.26251,10.72787,1248.80786,0.59712,0
3391,736.84626,246.81473,646.84333,8,0,0,0.25136,1.00000,7.81025,909.17413,10.09523,1175.16406,0.57498,0
3392,736.67286,286.42940,608.10358,8,0,0,0.24322,1.00000,8.00000,931.26251,10.84232,1262.13025,0.60518,0
3393,736.81834,325.51658,647.34680,8,0,0,0.23938,1.00000,8.00000,931.26251,10.11000,1176.88281,0.57312,0
3394,736.64494,365.13125,608.60706,8,0,0,0.24423,1.00000,8.00000,931.26251,11.17495,1300.85132,0.61626,0
3395,736.79043,404.21844,647.85027,8,0,0,0.24881,1.00000,8.00000,931.26251,10.40111,1210.77014,0.58790,0
3396,736.76252,482.92029,648.35375,8,0,0,0.24505,1.00000,7.00000,814.85468,10.05642,1170.64563,0.58285,0
3397,736.73460,561.62214,648.85722,8,0,0,0.24404,1.00000,7.07107,823.12756,10.18546,1185.66699,0.58944,0
3398,736.70669,640.32399,649.36069,8,0,0,0.24641,1.00000,7.00000,814.85468,9.94385,1157.54199,0.57926,0
3399,736.85218,679.41118,688.60391,8,0,0,0.24550,1.00000,6.08276,708.08112,8.70500,1013.33057,0.52570,0
3400,736.67878,719.02584,649.86416,8,0,0,0.25086,1.00000,6.32456,736.22766,9.38026,1091.93567,0.56230,0
3401,736.82427,758.11303,689.10738,5,0,0,0.00000,0.00000,0.00000,0.00000,0.00000,0.00000,0.13120,0
3402,737.07549,49.79637,684.57613,5,0,0,0.28854,0.92798,3.31662,386.08105,4.78749,557.30157,0.34291,0
3403,736.90209,89.41103,645.83639,8,0,0,0.24657,1.00000,6.00000,698.44690,9.04174,1052.52905,0.53453,0
3404,737.04758,128.49822,685.07961,8,0,0,0.24982,1.00000,6.00000,698.44690,8.25697,961.17566,0.51270,0
3405,737.01966,207.20007,685.58308,8,0,0,0.24389,1.00000,7.00000,814.85468,9.15234,1065.40393,0.53811,0
3406,736.99175,285.90192,686.08655,8,0,0,0.25243,1.00000,7.00000,814.85468,9.42781,1097.47058,0.55059,0
3407,736.96383,364.60377,686.59002,8,0,0,0.24455,1.00000,7.00000,814.85468,9.27660,1079.86865,0.55251,0
3408,737.10932,403.69096,725.83324,8,0,0,0.25000,1.00000,6.63325,772.16211,8.35854,972.99921,0.50381,0
3409,736.93592,443.30562,687.09349,8,0,0,0.24880,1.00000,6.16441,717.58594,9.29831,1082.39539,0.55014,0
3410,737.08141,482.39281,726.33671,8,0,0,0.25070,1.00000,6.00000,698.44690,8.11079,944.15936,0.49824,0
3411,736.90801,522.00748,687.59696,8,0,0,0.25034,1.00000,6.08276,708.08112,9.00960,1048.78809,0.53939,0
3412,737.05350,561.09466,726.84018,8,0,0,0.25708,1.00000,5.38516,626.87524,8.16137,950.04706,0.48960,0
3413,736.88009,600.70933,688.10043,8,0,0,0.25103,1.00000,6.16441,717.58594,8.95551,1042.49182,0.54144,0
3414,737.02558,639.79652,727.34365,8,0,0,0.25548,1.00000,5.83095,678.76831,7.90219,919.87665,0.48576,0
3415,736.99767,718.49837,727.84712,8,0,0,0.26093,1.00000,5.38516,626.87524,7.58129,882.52118,0.47866,0
3416,737.22098,88.88356,723.81935,8,0,0,0.26271,1.00000,6.00000,698.44690,7.87548,916.76715,0.48256,0
3417,737.36647,127.97074,763.06257,5,0,0,0.26029,0.65000,1.41421,164.62550,0.00000,0.00000,0.26240,0
3418,737.19307,167.58541,724.32282,8,0,0,0.25429,1.00000,5.65685,658.50201,8.01355,932.83984,0.49165,0
3419,737.33856,206.67260,763.56604,5,0,0,0.24623,0.59384,1.41421,164.62550,0.00000,0.00000,0.25754,0
3420,737.16515,246.28726,724.82629,8,0,0,0.24897,1.00000,6.32456,736.22766,8.28345,964.25824,0.50426,0
3421,737.31064,285.37445,764.06951,5,0,0,0.21842,0.51821,0.00000,0.00000,0.00000,0.00000,0.26010,0
3422,737.13724,324.98911,725.32977,8,0,0,0.24846,1.00000,6.40312,745.37372,8.46037,984.85364,0.50842,0
3423,737.28273,364.07630,764.57298,5,0,0,0.18936,0.42857,0.00000,0.00000,0.00000,0.00000,0.24275,0
3424,737.25481,442.77815,765.07646,5,0,0,0.17206,0.36639,0.00000,0.00000,0.00000,0.00000,0.24314,0
3425,737.22690,521.48000,765.57993,5,0,0,0.15226,0.31356,0.00000,0.00000,0.00000,0.00000,0.22163,0
3426,737.19899,600.18185,766.08340,5,0,0,0.19073,0.39344,1.00000,116.40781,0.00000,0.00000,0.23072,0
3427,737.17107,678.88370,766.58687,5,0,0,0.17740,0.34734,0.00000,0.00000,0.00000,0.00000,0.21133,0
3428,737.14316,757.58556,767.09034,3,0,0,0.00000,0.00000,0.00000,0.00000,0.00000,0.00000,0.00512,0
3429,737.39438,49.26889,762.55910,3,0,0,0.27665,0.58074,2.00000,232.81563,2.36607,275.42920,0.15571,0
