node_id,z,y,x,degree,incident_usable,incident_bad,arriving,arriving_frac,sphere_fill,missing_candidate,diameter_fill_um,size_ratio_to_height
0,29.113,367.740,64.101,5,4,0,4,1.0000,0.5989,0,0.0,0.0000
1,29.085,446.442,64.604,5,4,0,4,1.0000,0.6267,0,0.0,0.0000
2,29.057,525.144,65.108,5,4,0,4,1.0000,0.7213,0,0.0,0.0000
3,29.029,603.846,65.611,5,5,0,5,1.0000,0.7507,0,0.0,0.0000
4,29.001,682.547,66.115,5,5,0,5,1.0000,0.7722,0,324.7,0.3195
5,28.973,761.249,66.618,3,2,0,2,1.0000,0.0000,0,0.0,0.0000
6,29.224,52.933,62.087,3,3,0,3,1.0000,0.1157,0,0.0,0.0000
7,29.370,92.020,101.330,8,7,0,7,1.0000,1.0000,0,1196.1,1.1769
8,29.196,131.634,62.590,5,5,0,5,1.0000,0.6017,0,0.0,0.0000
9,29.342,170.722,101.834,8,5,0,5,1.0000,1.0000,0,1396.9,1.3744
10,29.168,210.336,63.094,5,4,0,4,1.0000,0.6094,0,0.0,0.0000
11,29.314,249.424,102.337,8,4,0,4,1.0000,1.0000,0,1396.9,1.3744
12,29.140,289.038,63.597,5,4,0,4,1.0000,0.6105,0,0.0,0.0000
13,29.286,328.125,102.840,8,5,0,5,1.0000,1.0000,0,1396.9,1.3744
14,29.258,406.827,103.344,8,5,0,5,1.0000,1.0000,0,1396.9,1.3744
15,29.230,485.529,103.847,8,5,0,5,1.0000,1.0000,0,1396.9,1.3744
16,29.202,564.231,104.351,8,6,0,6,1.0000,1.0000,0,1396.9,1.3744
17,29.348,603.318,143.594,8,4,0,4,1.0000,1.0000,0,1396.9,1.3744
18,29.174,642.933,104.854,8,6,0,6,1.0000,1.0000,0,1311.0,1.2899
19,29.320,682.020,144.098,8,6,0,6,1.0000,1.0000,0,1324.8,1.3035
20,29.146,721.635,105.358,8,8,0,8,1.0000,1.0000,0,1123.4,1.1053
21,29.292,760.722,144.601,5,3,0,3,1.0000,0.0000,0,0.0,0.0000
22,29.543,52.405,140.070,5,4,0,4,1.0000,0.9254,0,548.4,0.5396
23,29.515,131.107,140.573,8,5,0,5,1.0000,1.0000,0,1396.9,1.3744
24,29.487,209.809,141.077,8,2,0,2,1.0000,1.0000,0,1396.9,1.3744
25,29.459,288.511,141.580,8,2,0,2,1.0000,1.0000,0,1396.9,1.3744
26,29.605,327.598,180.823,8,1,0,1,1.0000,1.0000,0,1396.9,1.3744
27,29.431,367.213,142.084,8,3,0,3,1.0000,1.0000,0,1396.9,1.3744
28,29.577,406.300,181.327,8,2,0,2,1.0000,1.0000,0,1396.9,1.3744
29,29.404,445.914,142.587,8,3,0,3,1.0000,1.0000,0,1396.9,1.3744
30,29.549,485.002,181.830,8,2,0,2,1.0000,1.0000,0,1396.9,1.3744
31,29.376,524.616,143.091,8,3,0,3,1.0000,1.0000,0,1396.9,1.3744
32,29.521,563.703,182.334,8,2,0,2,1.0000,1.0000,0,1396.9,1.3744
33,29.493,642.405,182.837,8,4,0,4,1.0000,1.0000,0,1396.9,1.3744
34,29.465,721.107,183.341,8,8,0,8,1.0000,1.0000,0,1207.8,1.1883
35,29.611,760.194,222.584,5,3,0,3,1.0000,0.0000,0,0.0,0.0000
36,29.862,51.878,218.053,5,3,0,3,1.0000,0.9536,0,625.8,0.6157
37,29.689,91.492,179.313,8,5,0,5,1.0000,1.0000,0,1396.9,1.3744
38,29.834,130.580,218.556,8,2,0,2,1.0000,1.0000,0,1396.9,1.3744
39,29.661,170.194,179.816,8,3,0,3,1.0000,1.0000,0,1396.9,1.3744
40,29.806,209.281,219.060,8,2,0,2,1.0000,1.0000,0,1396.9,1.3744
41,29.633,248.896,180.320,8,2,0,2,1.0000,1.0000,0,1396.9,1.3744
42,29.778,287.983,219.563,8,2,0,2,1.0000,1.0000,0,1396.9,1.3744
43,29.750,366.685,220.067,8,1,0,1,1.0000,1.0000,0,1396.9,1.3744
44,29.722,445.387,220.570,8,3,0,3,1.0000,1.0000,0,1396.9,1.3744
45,29.868,484.474,259.813,8,2,0,2,1.0000,1.0000,0,1396.9,1.3744
46,29.695,524.089,221.074,8,3,0,3,1.0000,1.0000,0,1396.9,1.3744
47,29.840,563.176,260.317,8,3,0,3,1.0000,1.0000,0,1396.9,1.3744
48,29.667,602.791,221.577,8,4,0,4,1.0000,1.0000,0,1396.9,1.3744
49,29.812,641.878,260.820,8,4,0,4,1.0000,1.0000,0,1396.9,1.3744
50,29.639,681.492,222.081,8,5,0,5,1.0000,1.0000,0,1383.3,1.3610
51,29.784,720.580,261.324,8,7,0,7,1.0000,1.0000,0,1296.1,1.2753
52,30.007,90.965,257.296,8,3,0,3,1.0000,1.0000,0,1396.9,1.3744
53,29.980,169.667,257.799,8,2,0,2,1.0000,1.0000,0,1396.9,1.3744
54,29.952,248.369,258.303,8,2,0,2,1.0000,1.0000,0,1396.9,1.3744
55,30.097,287.456,297.546,8,0,0,0,-1.0000,1.0000,0,1396.9,1.3744
56,29.924,327.070,258.806,8,0,0,0,-1.0000,1.0000,0,1396.9,1.3744
57,30.069,366.158,298.050,8,2,0,2,1.0000,1.0000,0,1396.9,1.3744
58,29.896,405.772,259.310,8,1,0,1,1.0000,1.0000,0,1396.9,1.3744
59,30.041,444.859,298.553,8,3,0,3,1.0000,1.0000,0,1396.9,1.3744
60,30.013,523.561,299.057,8,2,0,2,1.0000,1.0000,0,1396.9,1.3744
61,29.985,602.263,299.560,8,3,0,3,1.0000,1.0000,0,1396.9,1.3744
62,29.958,680.965,300.063,8,6,0,6,1.0000,1.0000,0,1396.9,1.3744
63,30.103,720.052,339.307,8,7,0,7,1.0000,1.0000,0,1265.5,1.2451
64,29.930,759.667,300.567,5,3,0,3,1.0000,0.0000,0,0.0,0.0000
65,30.181,51.350,296.036,5,3,0,3,1.0000,0.9557,0,670.1,0.6593
66,30.326,90.437,335.279,8,2,0,2,1.0000,1.0000,0,1396.9,1.3744
67,30.153,130.052,296.539,8,2,0,2,1.0000,1.0000,0,1396.9,1.3744
68,30.298,169.139,335.782,8,1,0,1,1.0000,1.0000,0,1396.9,1.3744
69,30.125,208.754,297.043,8,1,0,1,1.0000,1.0000,0,1396.9,1.3744
70,30.271,247.841,336.286,8,0,0,0,-1.0000,1.0000,0,1396.9,1.3744
71,30.243,326.543,336.789,8,0,0,0,-1.0000,1.0000,0,1396.9,1.3744
72,30.215,405.245,337.293,8,1,0,1,1.0000,1.0000,0,1396.9,1.3744
73,30.360,444.332,376.536,8,1,0,1,1.0000,1.0000,0,1396.9,1.3744
74,30.187,483.947,337.796,8,2,0,2,1.0000,1.0000,0,1396.9,1.3744
75,30.332,523.034,377.040,8,1,0,1,1.0000,1.0000,0,1396.9,1.3744
76,30.159,562.648,338.300,8,2,0,2,1.0000,1.0000,0,1396.9,1.3744
77,30.304,601.736,377.543,8,2,0,2,1.0000,1.0000,0,1396.9,1.3744
78,30.131,641.350,338.803,8,2,0,2,1.0000,1.0000,0,1396.9,1.3744
79,30.276,680.438,378.046,8,4,0,4,1.0000,1.0000,0,1396.9,1.3744
80,30.249,759.139,378.550,5,3,1,2,0.6667,0.0000,0,0.0,0.0000
81,30.500,50.823,374.019,5,2,0,2,1.0000,1.0000,0,951.2,0.9359
82,30.472,129.525,374.522,8,0,0,0,-1.0000,1.0000,0,1396.9,1.3744
83,30.617,168.612,413.765,8,0,0,0,-1.0000,1.0000,0,1396.9,1.3744
84,30.444,208.226,375.026,8,0,0,0,-1.0000,1.0000,0,1396.9,1.3744
85,30.589,247.314,414.269,8,0,0,0,-1.0000,1.0000,0,1396.9,1.3744
86,30.416,286.928,375.529,8,0,0,0,-1.0000,1.0000,0,1396.9,1.3744
87,30.562,326.015,414.772,8,0,0,0,-1.0000,1.0000,0,1396.9,1.3744
88,30.388,365.630,376.033,8,0,0,0,-1.0000,1.0000,0,1396.9,1.3744
89,30.534,404.717,415.276,8,2,0,2,1.0000,1.0000,0,1396.9,1.3744
90,30.506,483.419,415.779,8,1,0,1,1.0000,1.0000,0,1396.9,1.3744
91,30.478,562.121,416.283,8,2,0,2,1.0000,1.0000,0,1396.9,1.3744
92,30.623,601.208,455.526,8,2,0,2,1.0000,1.0000,0,1396.9,1.3744
93,30.450,640.823,416.786,8,2,0,2,1.0000,1.0000,0,1396.9,1.3744
94,30.595,679.910,456.029,8,4,0,4,1.0000,1.0000,0,1396.9,1.3744
95,30.422,719.525,417.290,8,6,0,6,1.0000,1.0000,0,1279.0,1.2584
96,30.567,758.612,456.533,5,3,1,2,0.6667,0.0000,0,0.0,0.0000
97,30.819,50.295,452.002,5,2,0,2,1.0000,0.9779,0,727.3,0.7156
98,30.645,89.910,413.262,8,2,0,2,1.0000,1.0000,0,1396.9,1.3744
99,30.791,128.997,452.505,8,2,0,2,1.0000,1.0000,0,1396.9,1.3744
100,30.763,207.699,453.009,8,0,0,0,-1.0000,1.0000,0,1396.9,1.3744
101,30.735,286.401,453.512,8,1,0,1,1.0000,1.0000,0,1396.9,1.3744
102,30.707,365.103,454.016,8,0,0,0,-1.0000,1.0000,0,1396.9,1.3744
103,30.853,404.190,493.259,8,0,0,0,-1.0000,1.0000,0,1396.9,1.3744
104,30.679,443.805,454.519,8,1,0,1,1.0000,1.0000,0,1396.9,1.3744
105,30.825,482.892,493.762,8,0,0,0,-1.0000,1.0000,0,1396.9,1.3744
106,30.651,522.506,455.022,8,1,0,1,1.0000,1.0000,0,1396.9,1.3744
107,30.797,561.594,494.266,8,1,0,1,1.0000,1.0000,0,1396.9,1.3744
108,30.769,640.295,494.769,8,3,0,3,1.0000,1.0000,0,1396.9,1.3744
109,30.741,718.997,495.273,8,7,1,6,0.8571,1.0000,0,1246.6,1.2266
110,30.964,89.382,491.245,8,2,0,2,1.0000,1.0000,0,1396.9,1.3744
111,31.110,128.470,530.488,8,0,0,0,-1.0000,1.0000,0,1396.9,1.3744
112,30.936,168.084,491.748,8,0,0,0,-1.0000,1.0000,0,1396.9,1.3744
113,31.082,207.171,530.992,8,0,0,0,-1.0000,1.0000,0,1396.9,1.3744
114,30.908,246.786,492.252,8,0,0,0,-1.0000,1.0000,0,1396.9,1.3744
115,31.054,285.873,531.495,8,0,0,0,-1.0000,1.0000,0,1396.9,1.3744
116,30.880,325.488,492.755,8,0,0,0,-1.0000,1.0000,0,1396.9,1.3744
117,31.026,364.575,531.998,8,0,0,0,-1.0000,1.0000,0,1396.9,1.3744
118,30.998,443.277,532.502,8,0,0,0,-1.0000,1.0000,0,1396.9,1.3744
119,30.970,521.979,533.005,8,1,0,1,1.0000,1.0000,0,1396.9,1.3744
120,31.116,561.066,572.249,8,2,0,2,1.0000,1.0000,0,1396.9,1.3744
121,30.942,600.681,533.509,8,2,0,2,1.0000,1.0000,0,1396.9,1.3744
122,31.088,639.768,572.752,8,3,0,3,1.0000,1.0000,0,1396.9,1.3744
123,30.914,679.383,534.012,8,4,0,4,1.0000,1.0000,0,1396.9,1.3744
124,31.060,718.470,573.256,8,6,1,5,0.8333,1.0000,0,1334.9,1.3134
125,30.886,758.084,534.516,5,3,1,2,0.6667,0.0000,0,0.0,0.0000
126,31.138,49.768,529.985,5,3,0,3,1.0000,0.9478,0,675.8,0.6649
127,31.283,88.855,569.228,8,2,0,2,1.0000,1.0000,0,1396.9,1.3744
128,31.255,167.557,569.731,8,0,0,0,-1.0000,1.0000,0,1396.9,1.3744
129,31.227,246.259,570.235,8,0,0,0,-1.0000,1.0000,0,1396.9,1.3744
130,31.373,285.346,609.478,8,1,0,1,1.0000,1.0000,0,1396.9,1.3744
131,31.199,324.961,570.738,8,0,0,0,-1.0000,1.0000,0,1396.9,1.3744
132,31.345,364.048,609.981,8,0,0,0,-1.0000,1.0000,0,1396.9,1.3744
133,31.171,403.662,571.242,8,0,0,0,-1.0000,1.0000,0,1396.9,1.3744
134,31.317,442.750,610.485,8,1,0,1,1.0000,1.0000,0,1396.9,1.3744
135,31.143,482.364,571.745,8,1,0,1,1.0000,1.0000,0,1396.9,1.3744
136,31.289,521.451,610.988,8,1,0,1,1.0000,1.0000,0,1396.9,1.3744
137,31.261,600.153,611.492,8,2,0,2,1.0000,1.0000,0,1396.9,1.3744
138,31.233,678.855,611.995,8,5,0,5,1.0000,1.0000,0,1396.9,1.3744
139,31.205,757.557,612.499,5,3,1,2,0.6667,0.0000,0,0.0,0.0000
140,31.456,49.240,607.968,5,3,0,3,1.0000,1.0000,0,910.0,0.8954
141,31.602,88.327,647.211,8,2,0,2,1.0000,1.0000,0,1396.9,1.3744
142,31.429,127.942,608.471,8,2,0,2,1.0000,1.0000,0,1396.9,1.3744
143,31.574,167.029,647.714,8,2,0,2,1.0000,1.0000,0,1396.9,1.3744
144,31.401,206.644,608.975,8,2,0,2,1.0000,1.0000,0,1396.9,1.3744
145,31.546,245.731,648.218,8,1,0,1,1.0000,1.0000,0,1396.9,1.3744
146,31.518,324.433,648.721,8,1,0,1,1.0000,1.0000,0,1396.9,1.3744
147,31.490,403.135,649.225,8,2,0,2,1.0000,1.0000,0,1396.9,1.3744
148,31.462,481.837,649.728,8,2,0,2,1.0000,1.0000,0,1396.9,1.3744
149,31.608,520.924,688.971,8,3,0,3,1.0000,1.0000,0,1396.9,1.3744
150,31.434,560.539,650.232,8,3,0,3,1.0000,1.0000,0,1396.9,1.3744
151,31.580,599.626,689.475,8,4,0,4,1.0000,1.0000,0,1396.9,1.3744
152,31.407,639.240,650.735,8,3,0,3,1.0000,1.0000,0,1396.9,1.3744
153,31.552,678.328,689.978,8,5,0,5,1.0000,1.0000,0,1396.9,1.3744
154,31.379,717.942,651.239,8,7,0,7,1.0000,1.0000,0,1325.9,1.3046
155,31.524,757.029,690.482,5,3,1,2,0.6667,0.0000,0,0.0,0.0000
156,31.775,48.713,685.951,5,3,0,3,1.0000,1.0000,0,858.2,0.8444
157,31.747,127.415,686.454,8,2,0,2,1.0000,1.0000,0,1396.9,1.3744
158,31.720,206.117,686.957,8,3,1,2,0.6667,1.0000,0,1396.9,1.3744
159,31.865,245.204,726.201,8,4,0,4,1.0000,1.0000,0,1396.9,1.3744
160,31.692,284.818,687.461,8,3,0,3,1.0000,1.0000,0,1396.9,1.3744
161,31.837,323.906,726.704,8,4,0,4,1.0000,1.0000,0,1396.9,1.3744
162,31.664,363.520,687.964,8,3,0,3,1.0000,1.0000,0,1396.9,1.3744
163,31.809,402.607,727.208,8,4,0,4,1.0000,1.0000,0,1396.9,1.3744
164,31.636,442.222,688.468,8,2,0,2,1.0000,1.0000,0,1396.9,1.3744
165,31.781,481.309,727.711,8,4,0,4,1.0000,1.0000,0,1396.9,1.3744
166,31.753,560.011,728.215,8,4,0,4,1.0000,1.0000,0,1396.9,1.3744
167,31.725,638.713,728.718,8,5,0,5,1.0000,1.0000,0,1396.9,1.3744
168,31.871,677.800,767.961,5,3,0,3,1.0000,0.9368,0,579.8,0.5704
169,31.698,717.415,729.222,8,8,0,8,1.0000,1.0000,0,1222.9,1.2033
170,31.843,756.502,768.465,3,1,0,1,1.0000,0.0000,0,0.0,0.0000
171,32.094,48.185,763.933,3,2,0,2,1.0000,0.3130,0,0.0,0.0000
172,31.921,87.800,725.194,8,5,0,5,1.0000,1.0000,0,1396.9,1.3744
173,32.066,126.887,764.437,5,1,0,1,1.0000,0.6925,0,0.0,0.0000
174,31.893,166.502,725.697,8,4,0,4,1.0000,1.0000,0,1396.9,1.3744
175,32.038,205.589,764.940,5,1,0,1,1.0000,0.7187,0,0.0,0.0000
176,32.010,284.291,765.444,5,1,0,1,1.0000,0.8039,0,339.5,0.3340
177,31.983,362.993,765.947,5,1,0,1,1.0000,0.8082,0,361.6,0.3558
178,31.955,441.695,766.451,5,1,0,1,1.0000,0.8631,0,427.0,0.4201
179,31.927,520.396,766.954,5,1,0,1,1.0000,0.8947,0,502.2,0.4941
180,31.899,599.098,767.458,5,1,0,1,1.0000,0.9361,0,570.1,0.5609
181,68.366,171.046,62.766,8,8,0,8,1.0000,0.8255,0,414.7,0.4081
182,68.338,249.747,63.269,8,8,0,8,1.0000,0.7818,0,329.2,0.3239
183,68.310,328.449,63.773,8,8,0,8,1.0000,0.7380,0,331.4,0.3261
184,68.282,407.151,64.276,8,8,0,8,1.0000,0.7589,0,308.3,0.3034
185,68.254,485.853,64.780,8,8,0,8,1.0000,0.7575,0,260.5,0.2563
186,68.226,564.555,65.283,8,8,0,8,1.0000,0.7787,0,333.5,0.3282
187,68.372,603.642,104.526,12,12,0,12,1.0000,1.0000,0,1098.5,1.0808
188,68.198,643.257,65.787,8,8,0,8,1.0000,0.8182,0,395.2,0.3888
189,68.344,682.344,105.030,12,12,0,12,1.0000,1.0000,0,1048.6,1.0318
190,68.170,721.959,66.290,8,8,0,8,1.0000,0.8877,0,479.9,0.4721
191,68.316,761.046,105.533,8,4,0,4,1.0000,0.0000,0,0.0,0.0000
192,68.567,52.729,101.002,8,8,1,7,0.8750,0.8189,0,412.1,0.4055
193,68.394,92.344,62.262,8,8,0,8,1.0000,0.7815,0,317.8,0.3127
194,68.539,131.431,101.505,12,12,0,12,1.0000,1.0000,0,1042.9,1.0261
195,68.511,210.133,102.009,12,11,0,11,1.0000,1.0000,0,1090.3,1.0727
196,68.483,288.835,102.512,12,11,0,11,1.0000,1.0000,0,1119.3,1.1013
197,68.455,367.536,103.016,12,12,0,12,1.0000,1.0000,0,1104.5,1.0868
198,68.601,406.624,142.259,12,11,0,11,1.0000,1.0000,0,1093.8,1.0762
199,68.427,446.238,103.519,12,12,0,12,1.0000,1.0000,0,1107.2,1.0894
200,68.573,485.326,142.763,12,11,0,11,1.0000,1.0000,0,1092.6,1.0750
201,68.400,524.940,104.023,12,12,0,12,1.0000,1.0000,0,1105.9,1.0881
202,68.545,564.027,143.266,12,11,0,11,1.0000,1.0000,0,1087.7,1.0702
203,68.517,642.729,143.769,12,12,0,12,1.0000,1.0000,0,1067.1,1.0499
204,68.489,721.431,144.273,12,12,0,12,1.0000,1.0000,0,977.4,0.9617
205,68.712,91.816,140.245,12,12,0,12,1.0000,1.0000,0,1034.6,1.0180
206,68.858,130.903,179.488,12,11,0,11,1.0000,1.0000,0,1025.4,1.0089
207,68.685,170.518,140.749,12,12,0,12,1.0000,1.0000,0,1068.6,1.0514
208,68.830,209.605,179.992,12,10,0,10,1.0000,1.0000,0,1036.3,1.0196
209,68.657,249.220,141.252,12,10,0,10,1.0000,1.0000,0,1087.3,1.0698
210,68.802,288.307,180.495,12,9,0,9,1.0000,1.0000,0,1096.5,1.0789
211,68.629,327.922,141.756,12,11,0,11,1.0000,1.0000,0,1103.9,1.0861
212,68.774,367.009,180.999,12,10,0,10,1.0000,1.0000,0,1097.6,1.0799
213,68.746,445.711,181.502,12,11,0,11,1.0000,1.0000,0,1109.1,1.0913
214,68.718,524.413,182.006,12,11,0,11,1.0000,1.0000,0,1134.0,1.1158
215,68.864,563.500,221.249,12,11,0,11,1.0000,1.0000,0,1081.8,1.0644
216,68.690,603.115,182.509,12,12,0,12,1.0000,1.0000,0,1088.2,1.0707
217,68.836,642.202,221.752,12,12,0,12,1.0000,1.0000,0,1041.9,1.0251
218,68.663,681.816,183.013,12,12,0,12,1.0000,1.0000,0,1026.6,1.0101
219,68.808,720.904,222.256,12,12,0,12,1.0000,1.0000,0,985.7,0.9699
220,68.635,760.518,183.516,8,4,0,4,1.0000,0.0000,0,0.0,0.0000
221,68.886,52.202,178.985,8,8,0,8,1.0000,0.9344,0,547.8,0.5390
222,69.031,91.289,218.228,12,12,0,12,1.0000,1.0000,0,1019.5,1.0031
223,69.003,169.991,218.732,12,10,0,10,1.0000,1.0000,0,1037.4,1.0207
224,68.976,248.692,219.235,12,10,0,10,1.0000,1.0000,0,1067.7,1.0505
225,69.121,287.780,258.478,12,9,0,9,1.0000,1.0000,0,1051.8,1.0349
226,68.948,327.394,219.739,12,9,0,9,1.0000,1.0000,0,1080.8,1.0634
227,69.093,366.482,258.982,12,9,0,9,1.0000,1.0000,0,1088.8,1.0713
228,68.920,406.096,220.242,12,10,0,10,1.0000,1.0000,0,1087.8,1.0703
229,69.065,445.183,259.485,12,10,0,10,1.0000,1.0000,0,1089.7,1.0722
230,68.892,484.798,220.745,12,10,0,10,1.0000,1.0000,0,1080.8,1.0634
231,69.037,523.885,259.989,12,10,0,10,1.0000,1.0000,0,1079.3,1.0619
232,69.009,602.587,260.492,12,12,0,12,1.0000,1.0000,0,1075.3,1.0580
233,68.981,681.289,260.996,12,12,0,12,1.0000,1.0000,0,1036.7,1.0201
234,68.954,759.991,261.499,8,4,0,4,1.0000,0.0000,0,0.0,0.0000
235,69.205,51.674,256.968,8,8,0,8,1.0000,0.9006,0,535.7,0.5271
236,69.350,90.761,296.211,12,10,0,10,1.0000,1.0000,0,1010.8,0.9945
237,69.177,130.376,257.471,12,10,0,10,1.0000,1.0000,0,1020.1,1.0037
238,69.322,169.463,296.715,12,9,0,9,1.0000,1.0000,0,1046.4,1.0296
239,69.149,209.078,257.975,12,11,0,11,1.0000,1.0000,0,1050.8,1.0339
240,69.294,248.165,297.218,12,8,0,8,1.0000,1.0000,0,1074.0,1.0567
241,69.267,326.867,297.722,12,8,0,8,1.0000,1.0000,0,1066.0,1.0488
242,69.239,405.569,298.225,12,10,1,9,0.9000,1.0000,0,956.9,0.9415
243,69.211,484.271,298.728,12,10,0,10,1.0000,1.0000,0,1078.4,1.0610
244,69.356,523.358,337.972,12,10,0,10,1.0000,1.0000,0,1071.2,1.0539
245,69.183,562.972,299.232,12,10,0,10,1.0000,1.0000,0,1092.4,1.0748
246,69.328,602.060,338.475,12,10,0,10,1.0000,1.0000,0,1111.3,1.0935
247,69.155,641.674,299.735,12,11,0,11,1.0000,1.0000,0,1078.2,1.0609
248,69.300,680.761,338.979,12,12,0,12,1.0000,1.0000,0,1034.5,1.0179
249,69.127,720.376,300.239,12,12,0,12,1.0000,1.0000,0,1025.8,1.0093
250,69.272,759.463,339.482,8,4,1,3,0.7500,0.0000,0,0.0,0.0000
251,69.524,51.147,334.951,8,8,0,8,1.0000,0.8840,0,490.3,0.4824
252,69.496,129.849,335.454,12,10,0,10,1.0000,1.0000,0,1000.5,0.9844
253,69.468,208.550,335.958,12,8,0,8,1.0000,1.0000,0,1017.0,1.0006
254,69.613,247.638,375.201,12,8,0,8,1.0000,1.0000,0,1046.4,1.0296
255,69.440,287.252,336.461,12,8,0,8,1.0000,1.0000,0,1042.8,1.0260
256,69.585,326.339,375.704,12,8,0,8,1.0000,1.0000,0,1074.0,1.0567
257,69.412,365.954,336.965,12,8,0,8,1.0000,1.0000,0,1077.4,1.0600
258,69.558,405.041,376.208,12,9,0,9,1.0000,1.0000,0,1070.6,1.0534
259,69.384,444.656,337.468,12,11,0,11,1.0000,1.0000,0,1073.3,1.0561
260,69.530,483.743,376.711,12,9,0,9,1.0000,1.0000,0,1079.3,1.0619
261,69.502,562.445,377.215,12,10,0,10,1.0000,1.0000,0,1120.3,1.1023
262,69.474,641.147,377.718,12,10,0,10,1.0000,1.0000,0,1090.4,1.0728
263,69.619,680.234,416.962,12,12,0,12,1.0000,1.0000,0,1035.0,1.0183
264,69.446,719.849,378.222,12,12,2,10,0.8333,1.0000,0,1040.2,1.0234
265,69.591,758.936,417.465,8,4,0,4,1.0000,0.0000,0,0.0,0.0000
266,69.843,50.619,412.934,8,7,0,7,1.0000,0.9284,0,558.3,0.5494
267,69.669,90.234,374.194,12,9,0,9,1.0000,1.0000,0,1014.3,0.9980
268,69.815,129.321,413.437,12,9,0,9,1.0000,1.0000,0,1005.2,0.9890
269,69.641,168.936,374.698,12,8,0,8,1.0000,1.0000,0,1063.3,1.0462
270,69.787,208.023,413.941,12,8,0,8,1.0000,1.0000,0,1043.4,1.0266
271,69.759,286.725,414.444,12,8,0,8,1.0000,1.0000,0,1038.8,1.0220
272,69.731,365.427,414.948,12,8,0,8,1.0000,1.0000,0,1021.2,1.0048
273,69.703,444.128,415.451,12,9,0,9,1.0000,1.0000,0,1074.9,1.0576
274,69.848,483.216,454.694,12,9,0,9,1.0000,1.0000,0,1060.9,1.0438
275,69.675,522.830,415.955,12,10,0,10,1.0000,1.0000,0,1087.0,1.0695
276,69.821,561.917,455.198,12,10,0,10,1.0000,1.0000,0,1081.6,1.0642
277,69.647,601.532,416.458,12,10,0,10,1.0000,1.0000,0,1078.6,1.0612
278,69.793,640.619,455.701,12,11,1,10,0.9091,1.0000,0,1031.6,1.0150
279,69.765,719.321,456.205,12,12,1,11,0.9167,1.0000,0,1065.9,1.0488
280,69.988,89.706,452.177,12,10,0,10,1.0000,1.0000,0,990.2,0.9743
281,69.960,168.408,452.680,12,9,0,9,1.0000,1.0000,0,1029.5,1.0130
282,70.106,207.495,491.924,12,8,0,8,1.0000,1.0000,0,1001.3,0.9852
283,69.932,247.110,453.184,12,8,0,8,1.0000,1.0000,0,1040.0,1.0232
284,70.078,286.197,492.427,12,8,0,8,1.0000,1.0000,0,1001.9,0.9858
285,69.904,325.812,453.687,12,9,0,9,1.0000,1.0000,0,1035.6,1.0189
286,70.050,364.899,492.931,12,8,0,8,1.0000,1.0000,0,1050.9,1.0340
287,69.876,404.514,454.191,12,8,0,8,1.0000,1.0000,0,1035.2,1.0186
288,70.022,443.601,493.434,12,8,0,8,1.0000,1.0000,0,1043.1,1.0264
289,69.994,522.303,493.938,12,8,0,8,1.0000,1.0000,0,1053.7,1.0367
290,69.966,601.005,494.441,12,10,0,10,1.0000,1.0000,0,1069.7,1.0525
291,70.112,640.092,533.684,12,11,0,11,1.0000,1.0000,0,1070.8,1.0536
292,69.938,679.707,494.945,12,11,0,11,1.0000,1.0000,0,1051.7,1.0347
293,70.084,718.794,534.188,12,12,1,11,0.9167,1.0000,0,1052.4,1.0355
294,69.910,758.408,495.448,8,4,1,3,0.7500,0.0000,0,0.0,0.0000
295,70.161,50.092,490.917,8,7,0,7,1.0000,0.8791,0,497.8,0.4898
296,70.307,89.179,530.160,12,9,0,9,1.0000,1.0000,0,1024.4,1.0079
297,70.134,128.794,491.420,12,9,0,9,1.0000,1.0000,0,995.8,0.9797
298,70.279,167.881,530.663,12,8,0,8,1.0000,1.0000,0,1041.4,1.0246
299,70.251,246.583,531.167,12,8,0,8,1.0000,1.0000,0,1020.0,1.0036
300,70.223,325.284,531.670,12,8,0,8,1.0000,1.0000,0,1047.4,1.0306
301,70.369,364.372,570.914,12,8,0,8,1.0000,1.0000,0,1005.0,0.9889
302,70.195,403.986,532.174,12,8,0,8,1.0000,1.0000,0,1069.3,1.0521
303,70.341,443.073,571.417,12,8,0,8,1.0000,1.0000,0,1047.6,1.0308
304,70.167,482.688,532.677,12,8,0,8,1.0000,1.0000,0,1055.0,1.0381
305,70.313,521.775,571.921,12,10,1,9,0.9000,1.0000,0,981.6,0.9658
306,70.139,561.390,533.181,12,10,0,10,1.0000,1.0000,0,1080.1,1.0628
307,70.285,600.477,572.424,12,10,0,10,1.0000,1.0000,0,1083.8,1.0663
308,70.257,679.179,572.928,12,12,0,12,1.0000,1.0000,0,1050.8,1.0339
309,70.229,757.881,573.431,8,4,2,2,0.5000,0.0000,0,0.0,0.0000
310,70.480,49.564,568.900,8,8,0,8,1.0000,0.7839,0,365.1,0.3592
311,70.452,128.266,569.403,12,9,0,9,1.0000,1.0000,0,917.6,0.9028
312,70.598,167.353,608.646,12,10,0,10,1.0000,1.0000,0,1013.4,0.9971
313,70.425,206.968,569.907,12,8,0,8,1.0000,1.0000,0,953.7,0.9384
314,70.570,246.055,609.150,12,9,0,9,1.0000,1.0000,0,1003.7,0.9876
315,70.397,285.670,570.410,12,9,0,9,1.0000,1.0000,0,950.8,0.9355
316,70.542,324.757,609.653,12,8,0,8,1.0000,1.0000,0,1041.6,1.0248
317,70.514,403.459,610.157,12,8,0,8,1.0000,1.0000,0,1057.9,1.0409
318,70.486,482.161,610.660,12,9,0,9,1.0000,1.0000,0,1070.8,1.0536
319,70.458,560.863,611.164,12,10,0,10,1.0000,1.0000,0,1069.8,1.0525
320,70.604,599.950,650.407,12,11,1,10,0.9091,1.0000,0,1021.3,1.0049
321,70.430,639.564,611.667,12,11,0,11,1.0000,1.0000,0,1054.6,1.0376
322,70.576,678.652,650.910,12,12,0,12,1.0000,1.0000,0,1029.6,1.0130
323,70.403,718.266,612.171,12,12,3,9,0.7500,1.0000,0,1018.5,1.0021
324,70.548,757.353,651.414,8,4,1,3,0.7500,0.0000,0,0.0,0.0000
325,70.799,49.037,646.883,8,8,1,7,0.8750,0.9725,0,625.3,0.6153
326,70.626,88.651,608.143,12,10,0,10,1.0000,1.0000,0,991.8,0.9759
327,70.771,127.739,647.386,12,10,0,10,1.0000,1.0000,0,1014.2,0.9980
328,70.743,206.440,647.890,12,10,0,10,1.0000,1.0000,0,1029.0,1.0125
329,70.715,285.142,648.393,12,9,0,9,1.0000,1.0000,0,1052.1,1.0352
330,70.861,324.230,687.636,12,11,0,11,1.0000,1.0000,0,1024.2,1.0079
331,70.688,363.844,648.897,12,10,0,10,1.0000,1.0000,0,1075.3,1.0580
332,70.833,402.931,688.140,12,12,1,11,0.9167,1.0000,0,1054.6,1.0378
333,70.660,442.546,649.400,12,10,0,10,1.0000,1.0000,0,1104.2,1.0864
334,70.805,481.633,688.643,12,11,1,10,0.9091,1.0000,0,946.9,0.9318
335,70.632,521.248,649.904,12,10,0,10,1.0000,1.0000,0,1099.2,1.0816
336,70.777,560.335,689.147,12,12,0,12,1.0000,1.0000,0,1069.4,1.0523
337,70.749,639.037,689.650,12,11,1,10,0.9091,1.0000,0,939.5,0.9244
338,70.721,717.739,690.154,12,12,2,10,0.8333,1.0000,0,1022.2,1.0058
339,70.867,756.826,729.397,8,4,0,4,1.0000,0.0000,0,0.0,0.0000
340,71.118,48.509,724.866,8,8,0,8,1.0000,0.9554,0,602.7,0.5932
341,70.945,88.124,686.126,12,11,0,11,1.0000,1.0000,0,963.3,0.9480
342,71.090,127.211,725.369,12,11,0,11,1.0000,1.0000,0,1032.1,1.0158
343,70.917,166.826,686.629,12,11,1,10,0.9091,1.0000,0,927.7,0.9129
344,71.062,205.913,725.873,12,11,0,11,1.0000,1.0000,0,1049.4,1.0328
345,70.889,245.528,687.133,12,11,0,11,1.0000,1.0000,0,1008.0,0.9919
346,71.034,284.615,726.376,12,12,0,12,1.0000,1.0000,0,1057.4,1.0407
347,71.006,363.317,726.880,12,11,0,11,1.0000,1.0000,0,1067.3,1.0504
348,70.979,442.019,727.383,12,11,0,11,1.0000,1.0000,0,1071.5,1.0544
349,71.124,481.106,766.626,8,4,0,4,1.0000,0.8123,0,364.1,0.3583
350,70.951,520.720,727.886,12,12,1,11,0.9167,1.0000,0,1021.2,1.0050
351,71.096,559.808,767.130,8,4,0,4,1.0000,0.8447,0,437.9,0.4310
352,70.923,599.422,728.390,12,12,0,12,1.0000,1.0000,0,1059.9,1.0431
353,71.068,638.509,767.633,8,4,0,4,1.0000,0.9003,0,514.2,0.5061
354,70.895,678.124,728.893,12,12,0,12,1.0000,1.0000,0,1033.9,1.0175
355,71.040,717.211,768.137,8,4,0,4,1.0000,0.8984,0,509.2,0.5011
356,71.264,87.596,764.109,8,4,1,3,0.7500,0.8162,0,379.8,0.3739
357,71.236,166.298,764.612,8,4,1,3,0.7500,0.7793,0,332.3,0.3271
358,71.208,245.000,765.116,8,4,0,4,1.0000,0.7370,0,259.4,0.2553
359,71.180,323.702,765.619,8,4,0,4,1.0000,0.7849,0,340.5,0.3351
360,71.152,402.404,766.123,8,4,0,4,1.0000,0.8291,0,404.7,0.3983
361,107.368,682.668,65.962,8,8,0,8,1.0000,0.8663,0,473.4,0.4781
362,107.340,761.370,66.465,5,3,1,2,0.6667,0.0000,0,0.0,0.0000
363,107.591,53.053,61.934,5,5,1,4,0.8000,0.6944,0,362.0,0.3657
364,107.563,131.755,62.438,8,8,0,8,1.0000,0.8079,0,384.7,0.3886
365,107.535,210.457,62.941,8,8,0,8,1.0000,0.7383,0,271.6,0.2744
366,107.507,289.159,63.445,8,8,0,8,1.0000,0.7697,0,355.8,0.3594
367,107.479,367.860,63.948,8,8,0,8,1.0000,0.7218,0,275.4,0.2782
368,107.625,406.948,103.191,12,12,0,12,1.0000,1.0000,0,990.1,1.0002
369,107.451,446.562,64.451,8,8,0,8,1.0000,0.7606,0,329.2,0.3325
370,107.597,485.649,103.695,12,12,0,12,1.0000,1.0000,0,1001.6,1.0118
371,107.423,525.264,64.955,8,8,0,8,1.0000,0.7994,0,370.8,0.3745
372,107.569,564.351,104.198,12,12,0,12,1.0000,1.0000,0,1027.7,1.0381
373,107.395,603.966,65.458,8,8,0,8,1.0000,0.8044,0,368.3,0.3720
374,107.541,643.053,104.702,12,12,0,12,1.0000,1.0000,0,1022.2,1.0326
375,107.513,721.755,105.205,12,12,1,11,0.9167,1.0000,0,984.2,0.9942
376,107.736,92.140,101.177,12,12,0,12,1.0000,1.0000,0,920.8,0.9303
377,107.708,170.842,101.681,12,12,0,12,1.0000,1.0000,0,990.5,1.0007
378,107.854,209.929,140.924,12,12,0,12,1.0000,1.0000,0,978.9,0.9891
379,107.681,249.544,102.184,12,12,0,12,1.0000,1.0000,0,1013.7,1.0241
380,107.826,288.631,141.427,12,12,0,12,1.0000,1.0000,0,997.2,1.0076
381,107.653,328.246,102.688,12,12,0,12,1.0000,1.0000,0,997.1,1.0073
382,107.798,367.333,141.931,12,12,0,12,1.0000,1.0000,0,983.9,0.9940
383,107.770,446.035,142.434,12,12,0,12,1.0000,1.0000,0,1006.7,1.0171
384,107.742,524.737,142.938,12,12,0,12,1.0000,1.0000,0,1006.1,1.0165
385,107.714,603.439,143.441,12,12,0,12,1.0000,1.0000,0,1015.7,1.0262
386,107.860,642.526,182.685,12,12,0,12,1.0000,1.0000,0,1023.3,1.0340
387,107.686,682.140,143.945,12,12,0,12,1.0000,1.0000,0,1000.2,1.0105
388,107.832,721.228,183.188,12,12,0,12,1.0000,1.0000,0,963.6,0.9736
389,107.659,760.842,144.448,8,4,0,4,1.0000,0.0000,0,0.0,0.0000
390,107.910,52.526,139.917,8,8,0,8,1.0000,0.9197,0,535.2,0.5408
391,108.055,91.613,179.160,12,12,0,12,1.0000,1.0000,0,932.4,0.9422
392,107.882,131.227,140.421,12,12,0,12,1.0000,1.0000,0,965.8,0.9759
393,108.027,170.315,179.664,12,12,0,12,1.0000,1.0000,0,969.3,0.9795
394,107.999,249.016,180.167,12,12,0,12,1.0000,1.0000,0,983.1,0.9934
395,107.972,327.718,180.671,12,12,0,12,1.0000,1.0000,0,991.9,1.0023
396,108.117,366.805,219.914,12,12,0,12,1.0000,1.0000,0,971.3,0.9816
397,107.944,406.420,181.174,12,12,0,12,1.0000,1.0000,0,1002.7,1.0132
398,108.089,445.507,220.417,12,12,0,12,1.0000,1.0000,0,960.5,0.9707
399,107.916,485.122,181.678,12,12,0,12,1.0000,1.0000,0,1013.2,1.0237
400,108.061,524.209,220.921,12,12,0,12,1.0000,1.0000,0,984.6,0.9949
401,107.888,563.824,182.181,12,12,0,12,1.0000,1.0000,0,1026.3,1.0370
402,108.033,602.911,221.424,12,12,0,12,1.0000,1.0000,0,993.1,1.0036
403,108.005,681.613,221.928,12,12,0,12,1.0000,1.0000,0,985.3,0.9956
404,107.977,760.315,222.431,8,4,0,4,1.0000,0.0000,0,0.0,0.0000
405,108.229,51.998,217.900,8,8,0,8,1.0000,0.8365,0,434.4,0.4390
406,108.374,91.085,257.143,12,12,0,12,1.0000,1.0000,0,898.5,0.9082
407,108.201,130.700,218.404,12,12,0,12,1.0000,1.0000,0,925.5,0.9353
408,108.346,169.787,257.647,12,12,1,11,0.9167,0.9944,0,806.5,0.8152
409,108.173,209.402,218.907,12,12,1,11,0.9167,0.9917,0,793.0,0.8014
410,108.318,248.489,258.150,12,12,0,12,1.0000,1.0000,0,974.7,0.9852
411,108.145,288.104,219.410,12,12,0,12,1.0000,1.0000,0,942.8,0.9528
412,108.290,327.191,258.654,12,12,0,12,1.0000,1.0000,0,961.7,0.9720
413,108.263,405.893,259.157,12,12,1,11,0.9167,1.0000,0,888.9,0.8984
414,108.235,484.595,259.661,12,12,0,12,1.0000,1.0000,0,951.3,0.9614
415,108.207,563.296,260.164,12,12,0,12,1.0000,1.0000,0,980.7,0.9912
416,108.352,602.384,299.407,12,12,0,12,1.0000,1.0000,0,1010.5,1.0214
417,108.179,641.998,260.668,12,12,0,12,1.0000,1.0000,0,997.8,1.0084
418,108.324,681.085,299.911,12,12,0,12,1.0000,1.0000,0,976.5,0.9870
419,108.151,720.700,261.171,12,12,0,12,1.0000,1.0000,0,966.8,0.9770
420,108.296,759.787,300.414,8,4,0,4,1.0000,0.0000,0,0.0,0.0000
421,108.548,51.471,295.883,8,8,0,8,1.0000,0.8500,0,457.2,0.4622
422,108.520,130.172,296.386,12,12,0,12,1.0000,1.0000,0,949.0,0.9593
423,108.492,208.874,296.890,12,12,0,12,1.0000,1.0000,0,931.3,0.9414
424,108.464,287.576,297.393,12,12,0,12,1.0000,1.0000,0,955.3,0.9656
425,108.609,326.663,336.637,12,12,0,12,1.0000,1.0000,0,940.8,0.9511
426,108.436,366.278,297.897,12,12,0,12,1.0000,1.0000,0,946.1,0.9563
427,108.581,405.365,337.140,12,12,0,12,1.0000,1.0000,0,947.5,0.9578
428,108.408,444.980,298.400,12,12,0,12,1.0000,1.0000,0,950.8,0.9611
429,108.553,484.067,337.644,12,12,0,12,1.0000,1.0000,0,962.2,0.9727
430,108.380,523.682,298.904,12,12,0,12,1.0000,1.0000,0,964.2,0.9746
431,108.526,562.769,338.147,12,12,0,12,1.0000,1.0000,0,964.8,0.9753
432,108.498,641.471,338.651,12,12,0,12,1.0000,1.0000,0,997.9,1.0087
433,108.470,720.173,339.154,12,12,0,12,1.0000,1.0000,0,955.8,0.9662
434,108.615,759.260,378.397,8,4,0,4,1.0000,0.0000,0,0.0,0.0000
435,108.866,50.943,373.866,8,8,0,8,1.0000,0.8242,0,439.1,0.4440
436,108.693,90.558,335.126,12,12,0,12,1.0000,1.0000,0,906.1,0.9161
437,108.839,129.645,374.369,12,12,0,12,1.0000,1.0000,0,934.1,0.9444
438,108.665,169.260,335.630,12,12,0,12,1.0000,1.0000,0,955.3,0.9658
439,108.811,208.347,374.873,12,12,0,12,1.0000,1.0000,0,904.0,0.9140
440,108.637,247.961,336.133,12,12,0,12,1.0000,1.0000,0,971.8,0.9825
441,108.783,287.049,375.376,12,12,0,12,1.0000,1.0000,0,926.3,0.9365
442,108.755,365.751,375.880,12,12,0,12,1.0000,1.0000,0,935.2,0.9456
443,108.727,444.452,376.383,12,12,0,12,1.0000,1.0000,0,947.0,0.9574
444,108.872,483.540,415.627,12,12,0,12,1.0000,1.0000,0,954.7,0.9653
445,108.699,523.154,376.887,12,12,0,12,1.0000,1.0000,0,983.0,0.9938
446,108.844,562.241,416.130,12,12,0,12,1.0000,1.0000,0,950.9,0.9615
447,108.671,601.856,377.390,12,12,0,12,1.0000,1.0000,0,998.2,1.0092
448,108.817,640.943,416.633,12,12,0,12,1.0000,1.0000,0,965.3,0.9760
449,108.643,680.558,377.894,12,12,0,12,1.0000,1.0000,0,973.7,0.9844
450,108.789,719.645,417.137,12,12,0,12,1.0000,1.0000,0,953.8,0.9643
451,109.012,90.030,413.109,12,12,0,12,1.0000,1.0000,0,902.1,0.9122
452,108.984,168.732,413.613,12,12,0,12,1.0000,1.0000,0,953.2,0.9639
453,108.956,247.434,414.116,12,12,0,12,1.0000,1.0000,0,940.0,0.9505
454,109.102,286.521,453.359,12,12,0,12,1.0000,1.0000,0,984.0,0.9952
455,108.928,326.136,414.620,12,12,0,12,1.0000,1.0000,0,948.0,0.9586
456,109.074,365.223,453.863,12,12,0,12,1.0000,1.0000,0,951.0,0.9617
457,108.900,404.838,415.123,12,12,0,12,1.0000,1.0000,0,959.4,0.9702
458,109.046,443.925,454.366,12,12,0,12,1.0000,1.0000,0,933.6,0.9441
459,109.018,522.627,454.870,12,12,0,12,1.0000,1.0000,0,996.8,1.0080
460,108.990,601.329,455.373,12,12,0,12,1.0000,1.0000,0,983.6,0.9946
461,108.962,680.030,455.877,12,12,1,11,0.9167,1.0000,0,837.8,0.8472
462,109.108,719.118,495.120,12,12,0,12,1.0000,1.0000,0,953.0,0.9638
463,108.934,758.732,456.380,8,4,0,4,1.0000,0.0000,0,0.0,0.0000
464,109.185,50.416,451.849,8,8,0,8,1.0000,0.9270,0,533.9,0.5399
465,109.331,89.503,491.092,12,12,0,12,1.0000,1.0000,0,927.9,0.9386
466,109.157,129.117,452.352,12,12,0,12,1.0000,1.0000,0,930.7,0.9412
467,109.303,168.205,491.596,12,12,1,11,0.9167,1.0000,0,909.6,0.9200
468,109.130,207.819,452.856,12,12,1,11,0.9167,0.9945,0,829.6,0.8390
469,109.275,246.907,492.099,12,12,0,12,1.0000,1.0000,0,948.8,0.9597
470,109.247,325.608,492.603,12,12,0,12,1.0000,1.0000,0,934.2,0.9448
471,109.219,404.310,493.106,12,12,0,12,1.0000,1.0000,0,966.8,0.9778
472,109.365,443.397,532.349,12,12,0,12,1.0000,1.0000,0,966.4,0.9775
473,109.191,483.012,493.610,12,12,0,12,1.0000,1.0000,0,964.0,0.9749
474,109.337,522.099,532.853,12,12,0,12,1.0000,1.0000,0,1011.6,1.0232
475,109.163,561.714,494.113,12,12,0,12,1.0000,1.0000,0,980.5,0.9917
476,109.309,600.801,533.356,12,12,0,12,1.0000,1.0000,0,989.1,1.0004
477,109.135,640.416,494.616,12,12,0,12,1.0000,1.0000,0,999.7,1.0111
478,109.281,679.503,533.860,12,12,0,12,1.0000,1.0000,0,976.9,0.9881
479,109.253,758.205,534.363,8,4,0,4,1.0000,0.0000,0,0.0,0.0000
480,109.504,49.888,529.832,8,8,0,8,1.0000,0.8778,0,496.9,0.5027
481,109.476,128.590,530.335,12,12,0,12,1.0000,1.0000,0,942.2,0.9531
482,109.622,167.677,569.579,12,12,0,12,1.0000,1.0000,0,951.2,0.9623
483,109.448,207.292,530.839,12,12,0,12,1.0000,1.0000,0,961.8,0.9729
484,109.594,246.379,570.082,12,12,0,12,1.0000,1.0000,0,974.5,0.9859
485,109.421,285.994,531.342,12,12,0,12,1.0000,1.0000,0,937.4,0.9482
486,109.566,325.081,570.586,12,12,0,12,1.0000,1.0000,0,965.1,0.9763
487,109.393,364.696,531.846,12,12,0,12,1.0000,1.0000,0,952.4,0.9634
488,109.538,403.783,571.089,12,12,0,12,1.0000,1.0000,0,953.0,0.9641
489,109.510,482.485,571.592,12,12,0,12,1.0000,1.0000,0,990.2,1.0017
490,109.482,561.186,572.096,12,12,0,12,1.0000,1.0000,0,996.4,1.0079
491,109.454,639.888,572.599,12,12,0,12,1.0000,1.0000,0,1002.4,1.0140
492,109.600,678.976,611.843,12,12,0,12,1.0000,1.0000,0,987.2,0.9987
493,109.426,718.590,573.103,12,12,1,11,0.9167,1.0000,0,990.6,1.0021
494,109.572,757.677,612.346,8,4,1,3,0.7500,0.0000,0,0.0,0.0000
495,109.823,49.361,607.815,8,8,1,7,0.8750,0.8670,0,467.8,0.4733
496,109.650,88.975,569.075,12,12,0,12,1.0000,1.0000,0,947.7,0.9588
497,109.795,128.063,608.318,12,12,0,12,1.0000,1.0000,0,879.5,0.8899
498,109.767,206.764,608.822,12,12,0,12,1.0000,1.0000,0,908.5,0.9192
499,109.739,285.466,609.325,12,12,0,12,1.0000,1.0000,0,913.8,0.9245
500,109.711,364.168,609.829,12,12,0,12,1.0000,1.0000,0,925.6,0.9364
501,109.857,403.255,649.072,12,12,0,12,1.0000,1.0000,0,988.2,0.9999
502,109.684,442.870,610.332,12,12,0,12,1.0000,1.0000,0,968.8,0.9801
503,109.829,481.957,649.575,12,12,0,12,1.0000,1.0000,0,1020.0,1.0321
504,109.656,521.572,610.836,12,12,1,11,0.9167,1.0000,0,958.0,0.9692
505,109.801,560.659,650.079,12,12,0,12,1.0000,1.0000,0,983.6,0.9952
506,109.628,600.274,611.339,12,12,0,12,1.0000,1.0000,0,1022.5,1.0345
507,109.773,639.361,650.582,12,12,0,12,1.0000,1.0000,0,996.5,1.0082
508,109.745,718.063,651.086,12,12,1,11,0.9167,1.0000,0,966.6,0.9780
509,109.969,88.448,647.058,12,12,0,12,1.0000,1.0000,0,938.7,0.9499
510,110.114,127.535,686.301,12,12,0,12,1.0000,1.0000,0,974.5,0.9863
511,109.941,167.150,647.562,12,12,0,12,1.0000,1.0000,0,939.7,0.9509
512,110.086,206.237,686.805,12,12,0,12,1.0000,1.0000,0,959.4,0.9709
513,109.913,245.852,648.065,12,12,1,11,0.9167,1.0000,0,983.8,0.9955
514,110.058,284.939,687.308,12,12,0,12,1.0000,1.0000,0,981.9,0.9937
515,109.885,324.553,648.568,12,12,0,12,1.0000,1.0000,0,1001.7,1.0136
516,110.030,363.641,687.812,12,12,0,12,1.0000,1.0000,0,968.1,0.9797
517,110.002,442.342,688.315,12,12,0,12,1.0000,1.0000,0,976.6,0.9883
518,109.975,521.044,688.819,12,12,0,12,1.0000,1.0000,0,990.8,1.0027
519,110.120,560.132,728.062,12,12,0,12,1.0000,1.0000,0,989.5,1.0014
520,109.947,599.746,689.322,12,12,0,12,1.0000,1.0000,0,1015.3,1.0274
521,110.092,638.833,728.565,12,12,0,12,1.0000,1.0000,0,1012.4,1.0246
522,109.919,678.448,689.826,12,12,0,12,1.0000,1.0000,0,991.0,1.0028
523,110.064,717.535,729.069,12,12,1,11,0.9167,1.0000,0,975.3,0.9870
524,109.891,757.150,690.329,8,4,1,3,0.7500,0.0000,0,0.0,0.0000
525,110.142,48.833,685.798,8,8,0,8,1.0000,0.9563,0,587.1,0.5942
526,110.288,87.920,725.041,12,12,1,11,0.9167,1.0000,0,864.1,0.8747
527,110.260,166.622,725.545,12,12,1,11,0.9167,1.0000,0,974.3,0.9862
528,110.232,245.324,726.048,12,12,0,12,1.0000,1.0000,0,995.7,1.0078
529,110.204,324.026,726.551,12,12,1,11,0.9167,1.0000,0,987.4,0.9993
530,110.349,363.113,765.795,8,4,0,4,1.0000,0.7569,0,315.2,0.3191
531,110.176,402.728,727.055,12,12,1,11,0.9167,1.0000,0,977.0,0.9888
532,110.321,441.815,766.298,8,4,0,4,1.0000,0.8083,0,412.9,0.4180
533,110.148,481.430,727.558,12,12,0,12,1.0000,1.0000,0,992.1,1.0041
534,110.293,520.517,766.802,8,4,0,4,1.0000,0.7549,0,316.9,0.3208
535,110.266,599.219,767.305,8,4,0,4,1.0000,0.8310,0,430.7,0.4359
536,110.238,677.921,767.809,8,4,0,4,1.0000,0.8849,0,501.5,0.5076
537,110.210,756.622,768.312,5,1,0,1,1.0000,0.0000,0,0.0,0.0000
538,110.461,48.306,763.781,5,3,0,3,1.0000,0.7079,0,364.2,0.3687
539,110.433,127.008,764.284,8,4,0,4,1.0000,0.8039,0,380.3,0.3850
540,110.405,205.709,764.788,8,4,0,4,1.0000,0.7437,0,308.7,0.3124
541,110.377,284.411,765.291,8,4,0,4,1.0000,0.7781,0,352.3,0.3566
542,146.621,485.973,64.627,8,8,0,8,1.0000,0.7167,0,0.0,0.0000
543,146.593,564.675,65.130,8,8,0,8,1.0000,0.7703,0,312.8,0.3251
544,146.565,643.377,65.634,8,8,0,8,1.0000,0.8187,0,387.8,0.4031
545,146.537,722.079,66.137,8,8,0,8,1.0000,0.8992,0,507.1,0.5271
546,146.760,92.464,62.109,8,8,0,8,1.0000,0.8022,0,367.4,0.3820
547,146.732,171.166,62.613,8,8,1,7,0.8750,0.7967,0,380.5,0.3956
548,146.704,249.868,63.116,8,8,0,8,1.0000,0.7590,0,304.4,0.3164
549,146.850,288.955,102.360,12,12,0,12,1.0000,1.0000,0,1000.1,1.0399
550,146.677,328.570,63.620,8,8,0,8,1.0000,0.7571,0,286.1,0.2974
551,146.822,367.657,102.863,12,12,0,12,1.0000,1.0000,0,1005.5,1.0454
552,146.649,407.272,64.123,8,8,0,8,1.0000,0.7535,0,315.0,0.3275
553,146.794,446.359,103.367,12,12,0,12,1.0000,1.0000,0,989.3,1.0286
554,146.766,525.061,103.870,12,12,0,12,1.0000,1.0000,0,997.7,1.0373
555,146.738,603.762,104.374,12,12,0,12,1.0000,1.0000,0,1024.5,1.0651
556,146.710,682.464,104.877,12,12,0,12,1.0000,1.0000,0,976.6,1.0153
557,146.856,721.551,144.120,12,12,0,12,1.0000,1.0000,0,934.1,0.9712
558,146.682,761.166,105.380,8,4,0,4,1.0000,0.0000,0,0.0,0.0000
559,146.934,52.849,100.849,8,8,0,8,1.0000,0.9514,0,598.2,0.6221
560,147.079,91.937,140.092,12,12,0,12,1.0000,0.9945,0,834.6,0.8679
561,146.906,131.551,101.353,12,12,1,11,0.9167,1.0000,0,926.7,0.9635
562,147.051,170.639,140.596,12,12,0,12,1.0000,1.0000,0,958.4,0.9966
563,146.878,210.253,101.856,12,12,0,12,1.0000,1.0000,0,1011.9,1.0521
564,147.023,249.340,141.099,12,12,0,12,1.0000,1.0000,0,988.2,1.0276
565,146.995,328.042,141.603,12,12,0,12,1.0000,1.0000,0,994.1,1.0338
566,146.968,406.744,142.106,12,12,0,12,1.0000,1.0000,0,983.8,1.0230
567,147.113,445.831,181.350,12,12,0,12,1.0000,1.0000,0,1003.9,1.0439
568,146.940,485.446,142.610,12,12,0,12,1.0000,1.0000,0,991.4,1.0309
569,147.085,524.533,181.853,12,12,0,12,1.0000,1.0000,0,1007.2,1.0474
570,146.912,564.148,143.113,12,12,0,12,1.0000,1.0000,0,997.9,1.0376
571,147.057,603.235,182.357,12,12,0,12,1.0000,1.0000,0,989.3,1.0288
572,146.884,642.850,143.617,12,12,0,12,1.0000,1.0000,0,981.3,1.0203
573,147.029,681.937,182.860,12,12,1,11,0.9167,1.0000,0,946.1,0.9839
574,147.001,760.639,183.363,8,4,0,4,1.0000,0.0000,0,0.0,0.0000
575,147.253,52.322,178.832,8,8,1,7,0.8750,0.9006,0,506.9,0.5272
576,147.225,131.024,179.336,12,12,0,12,1.0000,1.0000,0,963.4,1.0020
577,147.370,170.111,218.579,12,12,1,11,0.9167,1.0000,0,913.4,0.9500
578,147.197,209.726,179.839,12,12,0,12,1.0000,1.0000,0,971.1,1.0099
579,147.342,248.813,219.082,12,12,0,12,1.0000,1.0000,0,998.0,1.0381
580,147.169,288.428,180.343,12,12,0,12,1.0000,1.0000,0,991.9,1.0316
581,147.314,327.515,219.586,12,12,0,12,1.0000,1.0000,0,967.3,1.0061
582,147.141,367.129,180.846,12,12,1,11,0.9167,1.0000,0,1006.5,1.0467
583,147.286,406.217,220.089,12,12,0,12,1.0000,1.0000,0,948.4,0.9864
584,147.258,484.918,220.593,12,12,0,12,1.0000,1.0000,0,979.0,1.0183
585,147.231,563.620,221.096,12,12,0,12,1.0000,1.0000,0,969.8,1.0086
586,147.203,642.322,221.600,12,12,0,12,1.0000,1.0000,0,971.7,1.0106
587,147.348,681.409,260.843,12,12,0,12,1.0000,1.0000,0,960.8,0.9994
588,147.175,721.024,222.103,12,12,0,12,1.0000,1.0000,0,946.9,0.9847
589,147.320,760.111,261.346,8,4,0,4,1.0000,0.0000,0,0.0,0.0000
590,147.571,51.795,256.815,8,8,1,7,0.8750,0.8483,0,446.7,0.4647
591,147.398,91.409,218.075,12,12,0,12,1.0000,1.0000,0,944.4,0.9823
592,147.544,130.496,257.319,12,12,1,11,0.9167,1.0000,0,908.1,0.9447
593,147.516,209.198,257.822,12,12,0,12,1.0000,1.0000,0,934.6,0.9722
594,147.488,287.900,258.326,12,12,0,12,1.0000,1.0000,0,927.8,0.9651
595,147.460,366.602,258.829,12,12,0,12,1.0000,1.0000,0,945.2,0.9832
596,147.605,405.689,298.072,12,12,0,12,1.0000,1.0000,0,934.0,0.9717
597,147.432,445.304,259.333,12,12,0,12,1.0000,1.0000,0,935.9,0.9735
598,147.577,484.391,298.576,12,12,0,12,1.0000,1.0000,0,946.4,0.9846
599,147.404,524.006,259.836,12,12,0,12,1.0000,1.0000,0,959.8,0.9984
600,147.549,563.093,299.079,12,12,0,12,1.0000,1.0000,0,972.8,1.0120
601,147.376,602.707,260.339,12,12,0,12,1.0000,1.0000,0,973.8,1.0129
602,147.522,641.795,299.583,12,12,0,12,1.0000,1.0000,0,970.8,1.0099
603,147.494,720.497,300.086,12,12,0,12,1.0000,1.0000,0,955.6,0.9941
604,147.717,90.882,296.058,12,12,0,12,1.0000,1.0000,0,920.1,0.9573
605,147.862,129.969,335.302,12,12,0,12,1.0000,1.0000,0,924.5,0.9619
606,147.689,169.584,296.562,12,12,1,11,0.9167,1.0000,0,963.6,1.0025
607,147.835,208.671,335.805,12,12,0,12,1.0000,1.0000,0,918.1,0.9553
608,147.661,248.285,297.065,12,12,0,12,1.0000,1.0000,0,923.7,0.9610
609,147.807,287.373,336.309,12,12,0,12,1.0000,1.0000,0,916.3,0.9533
610,147.633,326.987,297.569,12,12,0,12,1.0000,1.0000,0,954.8,0.9933
611,147.779,366.074,336.812,12,12,0,12,1.0000,1.0000,0,935.4,0.9733
612,147.751,444.776,337.315,12,12,0,12,1.0000,1.0000,0,948.0,0.9863
613,147.723,523.478,337.819,12,12,0,12,1.0000,1.0000,0,978.6,1.0182
614,147.868,562.565,377.062,12,12,0,12,1.0000,1.0000,0,968.6,1.0079
615,147.695,602.180,338.322,12,12,0,12,1.0000,1.0000,0,950.2,0.9886
616,147.840,641.267,377.566,12,12,0,12,1.0000,1.0000,0,988.3,1.0284
617,147.667,680.882,338.826,12,12,0,12,1.0000,1.0000,0,937.8,0.9757
618,147.813,719.969,378.069,12,12,0,12,1.0000,1.0000,0,957.6,0.9964
619,147.639,759.584,339.329,8,4,0,4,1.0000,0.0000,0,0.0,0.0000
620,147.890,51.267,334.798,8,8,0,8,1.0000,0.8898,0,496.7,0.5168
621,148.036,90.354,374.041,12,12,0,12,1.0000,1.0000,0,936.6,0.9747
622,148.008,169.056,374.545,12,12,0,12,1.0000,1.0000,0,978.6,1.0184
623,147.980,247.758,375.048,12,12,0,12,1.0000,1.0000,0,955.4,0.9942
624,147.952,326.460,375.552,12,12,0,12,1.0000,1.0000,0,956.4,0.9952
625,148.098,365.547,414.795,12,12,0,12,1.0000,1.0000,0,941.1,0.9795
626,147.924,405.162,376.055,12,12,0,12,1.0000,1.0000,0,942.8,0.9810
627,148.070,444.249,415.298,12,12,0,12,1.0000,1.0000,0,932.8,0.9708
628,147.896,483.863,376.559,12,12,0,12,1.0000,1.0000,0,968.4,1.0077
629,148.042,522.951,415.802,12,12,0,12,1.0000,1.0000,0,941.6,0.9799
630,148.014,601.653,416.305,12,12,0,12,1.0000,1.0000,0,968.0,1.0073
631,147.986,680.354,416.809,12,12,0,12,1.0000,1.0000,0,955.2,0.9940
632,147.958,759.056,417.312,8,4,0,4,1.0000,0.0000,0,0.0,0.0000
633,148.209,50.740,412.781,8,8,0,8,1.0000,0.8214,0,421.4,0.4386
634,148.355,89.827,452.024,12,12,0,12,1.0000,1.0000,0,936.1,0.9743
635,148.181,129.441,413.285,12,12,0,12,1.0000,1.0000,0,874.0,0.9097
636,148.327,168.529,452.528,12,12,0,12,1.0000,1.0000,0,968.3,1.0078
637,148.153,208.143,413.788,12,12,0,12,1.0000,1.0000,0,918.5,0.9559
638,148.299,247.230,453.031,12,12,0,12,1.0000,1.0000,0,932.4,0.9704
639,148.126,286.845,414.292,12,12,0,12,1.0000,1.0000,0,926.4,0.9642
640,148.271,325.932,453.535,12,12,0,12,1.0000,1.0000,0,971.7,1.0113
641,148.243,404.634,454.038,12,12,0,12,1.0000,1.0000,0,954.6,0.9936
642,148.215,483.336,454.542,12,12,0,12,1.0000,1.0000,0,971.3,1.0109
643,148.361,522.423,493.785,12,12,0,12,1.0000,1.0000,0,985.1,1.0253
644,148.187,562.038,455.045,12,12,0,12,1.0000,1.0000,0,983.5,1.0236
645,148.333,601.125,494.288,12,12,0,12,1.0000,1.0000,0,975.4,1.0152
646,148.159,640.740,455.549,12,12,0,12,1.0000,1.0000,0,999.0,1.0397
647,148.305,679.827,494.792,12,12,0,12,1.0000,1.0000,0,947.7,0.9864
648,148.131,719.442,456.052,12,12,0,12,1.0000,1.0000,0,952.1,0.9909
649,148.277,758.529,495.295,8,4,0,4,1.0000,0.0000,0,0.0,0.0000
650,148.528,50.212,490.764,8,8,0,8,1.0000,0.8892,0,499.3,0.5197
651,148.500,128.914,491.268,12,12,0,12,1.0000,1.0000,0,924.9,0.9627
652,148.472,207.616,491.771,12,12,0,12,1.0000,1.0000,0,942.6,0.9811
653,148.618,246.703,531.014,12,12,0,12,1.0000,1.0000,0,923.4,0.9611
654,148.444,286.318,492.274,12,12,0,12,1.0000,1.0000,0,954.3,0.9932
655,148.590,325.405,531.518,12,12,0,12,1.0000,1.0000,0,943.7,0.9823
656,148.416,365.020,492.778,12,12,0,12,1.0000,1.0000,0,932.0,0.9700
657,148.562,404.107,532.021,12,12,0,12,1.0000,1.0000,0,957.0,0.9960
658,148.389,443.721,493.281,12,12,1,11,0.9167,1.0000,0,919.2,0.9567
659,148.534,482.809,532.525,12,12,2,10,0.8333,1.0000,0,878.6,0.9145
660,148.506,561.510,533.028,12,12,0,12,1.0000,1.0000,0,995.4,1.0361
661,148.478,640.212,533.532,12,12,0,12,1.0000,1.0000,0,981.1,1.0212
662,148.624,679.299,572.775,12,12,1,11,0.9167,1.0000,0,976.8,1.0167
663,148.450,718.914,534.035,12,12,0,12,1.0000,1.0000,0,965.7,1.0051
664,148.596,758.001,573.278,8,4,0,4,1.0000,0.0000,0,0.0,0.0000
665,148.847,49.685,568.747,8,8,0,8,1.0000,0.9256,0,545.9,0.5682
666,148.674,89.299,530.007,12,12,0,12,1.0000,1.0000,0,939.6,0.9780
667,148.819,128.386,569.250,12,12,0,12,1.0000,1.0000,0,954.0,0.9930
668,148.646,168.001,530.511,12,12,0,12,1.0000,1.0000,0,966.6,1.0061
669,148.791,207.088,569.754,12,12,0,12,1.0000,1.0000,0,950.5,0.9893
670,148.763,285.790,570.257,12,12,0,12,1.0000,1.0000,0,931.9,0.9700
671,148.735,364.492,570.761,12,12,0,12,1.0000,1.0000,0,972.3,1.0120
672,148.707,443.194,571.264,12,12,0,12,1.0000,1.0000,0,990.2,1.0307
673,148.853,482.281,610.508,12,12,0,12,1.0000,1.0000,0,1000.6,1.0414
674,148.680,521.896,571.768,12,12,0,12,1.0000,1.0000,0,981.3,1.0213
675,148.825,560.983,611.011,12,12,0,12,1.0000,1.0000,0,981.8,1.0219
676,148.652,600.598,572.271,12,12,0,12,1.0000,1.0000,0,987.5,1.0278
677,148.797,639.685,611.515,12,12,0,12,1.0000,1.0000,0,957.2,0.9963
678,148.769,718.387,612.018,12,12,0,12,1.0000,1.0000,0,956.2,0.9953
679,148.993,88.772,607.990,12,12,0,12,1.0000,1.0000,0,929.2,0.9672
680,148.965,167.474,608.494,12,12,0,12,1.0000,1.0000,0,943.3,0.9819
681,149.110,206.561,647.737,12,12,0,12,1.0000,1.0000,0,924.4,0.9622
682,148.937,246.176,608.997,12,12,0,12,1.0000,1.0000,0,970.0,1.0096
683,149.082,285.263,648.240,12,12,0,12,1.0000,1.0000,0,944.1,0.9827
684,148.909,324.877,609.501,12,12,0,12,1.0000,1.0000,0,957.2,0.9963
685,149.054,363.965,648.744,12,12,0,12,1.0000,1.0000,0,971.2,1.0109
686,148.881,403.579,610.004,12,12,0,12,1.0000,1.0000,0,970.3,1.0100
687,149.026,442.666,649.247,12,12,0,12,1.0000,1.0000,0,1007.3,1.0485
688,148.998,521.368,649.751,12,12,0,12,1.0000,1.0000,0,980.2,1.0203
689,148.971,600.070,650.254,12,12,0,12,1.0000,1.0000,0,987.5,1.0279
690,149.116,639.157,689.498,12,12,0,12,1.0000,1.0000,0,965.2,1.0047
691,148.943,678.772,650.758,12,12,0,12,1.0000,1.0000,0,952.2,0.9912
692,149.088,717.859,690.001,12,12,0,12,1.0000,1.0000,0,949.6,0.9884
693,148.915,757.474,651.261,8,4,0,4,1.0000,0.0000,0,0.0,0.0000
694,149.166,49.157,646.730,8,8,0,8,1.0000,0.8149,0,421.9,0.4391
695,149.311,88.244,685.973,12,12,0,12,1.0000,1.0000,0,940.2,0.9787
696,149.138,127.859,647.233,12,12,0,12,1.0000,1.0000,0,898.4,0.9351
697,149.283,166.946,686.477,12,12,0,12,1.0000,1.0000,0,954.2,0.9933
698,149.256,245.648,686.980,12,12,1,11,0.9167,1.0000,0,974.6,1.0145
699,149.228,324.350,687.484,12,12,0,12,1.0000,1.0000,0,981.8,1.0220
700,149.373,363.437,726.727,12,12,0,12,1.0000,1.0000,0,1005.5,1.0466
701,149.200,403.052,687.987,12,12,0,12,1.0000,1.0000,0,978.0,1.0180
702,149.345,442.139,727.230,12,12,0,12,1.0000,1.0000,0,990.4,1.0309
703,149.172,481.754,688.491,12,12,0,12,1.0000,1.0000,0,996.4,1.0372
704,149.317,520.841,727.734,12,12,0,12,1.0000,1.0000,0,1004.8,1.0460
705,149.144,560.455,688.994,12,12,1,11,0.9167,1.0000,0,986.5,1.0269
706,149.289,599.543,728.237,12,12,0,12,1.0000,1.0000,0,992.6,1.0332
707,149.262,678.244,728.741,12,12,0,12,1.0000,1.0000,0,995.0,1.0357
708,149.234,756.946,729.244,8,4,0,4,1.0000,0.0000,0,0.0,0.0000
709,149.485,48.630,724.713,8,8,0,8,1.0000,0.9549,0,589.2,0.6133
710,149.457,127.332,725.216,12,12,0,12,1.0000,1.0000,0,996.1,1.0368
711,149.602,166.419,764.460,8,4,0,4,1.0000,0.7874,0,356.7,0.3713
712,149.429,206.033,725.720,12,12,0,12,1.0000,1.0000,0,997.8,1.0387
713,149.574,245.121,764.963,8,4,0,4,1.0000,0.7250,0,280.4,0.2919
714,149.401,284.735,726.223,12,12,0,12,1.0000,1.0000,0,995.2,1.0360
715,149.547,323.822,765.467,8,4,1,3,0.7500,0.7871,0,308.9,0.3216
716,149.519,402.524,765.970,8,4,0,4,1.0000,0.7300,0,304.8,0.3173
717,149.491,481.226,766.474,8,4,0,4,1.0000,0.7640,0,329.4,0.3428
718,149.463,559.928,766.977,8,4,0,4,1.0000,0.7725,0,287.7,0.2995
719,149.435,638.630,767.480,8,4,0,4,1.0000,0.8190,0,408.5,0.4252
720,149.407,717.332,767.984,8,4,0,4,1.0000,0.8691,0,483.7,0.5035
721,149.630,87.717,763.956,8,4,0,4,1.0000,0.8436,0,431.5,0.4492
722,185.874,289.279,63.292,8,8,0,8,1.0000,0.6964,0,0.0,0.0000
723,185.846,367.981,63.795,8,8,0,8,1.0000,0.6894,0,242.9,0.2538
724,185.818,446.683,64.299,8,8,1,7,0.8750,0.7694,0,329.2,0.3439
725,185.790,525.385,64.802,8,8,0,8,1.0000,0.7944,0,362.2,0.3785
726,185.762,604.086,65.306,8,8,0,8,1.0000,0.8301,0,373.8,0.3906
727,185.734,682.788,65.809,8,8,0,8,1.0000,0.8508,0,445.6,0.4656
728,185.706,761.490,66.313,5,3,0,3,1.0000,0.0000,0,0.0,0.0000
729,185.958,53.173,61.781,5,5,0,5,1.0000,0.7295,0,342.2,0.3576
730,186.103,92.261,101.025,12,12,0,12,1.0000,1.0000,0,965.9,1.0093
731,185.930,131.875,62.285,8,8,0,8,1.0000,0.8623,0,452.5,0.4728
732,186.075,170.962,101.528,12,12,0,12,1.0000,1.0000,0,969.2,1.0127
733,185.902,210.577,62.788,8,8,0,8,1.0000,0.7590,0,250.5,0.2617
734,186.047,249.664,102.032,12,12,1,11,0.9167,1.0000,0,848.2,0.8863
735,186.019,328.366,102.535,12,12,0,12,1.0000,1.0000,0,977.6,1.0215
736,185.991,407.068,103.039,12,12,1,11,0.9167,1.0000,0,893.7,0.9338
737,185.963,485.770,103.542,12,12,0,12,1.0000,1.0000,0,952.9,0.9957
738,186.109,524.857,142.785,12,12,0,12,1.0000,1.0000,0,1002.9,1.0479
739,185.936,564.472,104.045,12,12,0,12,1.0000,1.0000,0,977.3,1.0212
740,186.081,603.559,143.289,12,12,0,12,1.0000,1.0000,0,987.9,1.0323
741,185.908,643.174,104.549,12,12,0,12,1.0000,1.0000,0,1008.1,1.0533
742,186.053,682.261,143.792,12,12,0,12,1.0000,1.0000,0,959.2,1.0022
743,185.880,721.875,105.052,12,12,0,12,1.0000,1.0000,0,949.5,0.9921
744,186.025,760.963,144.296,8,4,1,3,0.7500,0.0000,0,0.0,0.0000
745,186.276,52.646,139.764,8,8,0,8,1.0000,0.9025,0,524.8,0.5484
746,186.249,131.348,140.268,12,12,0,12,1.0000,1.0000,0,940.7,0.9829
747,186.221,210.050,140.771,12,12,0,12,1.0000,1.0000,0,967.0,1.0104
748,186.366,249.137,180.015,12,12,0,12,1.0000,1.0000,0,957.1,1.0001
749,186.193,288.751,141.275,12,12,0,12,1.0000,1.0000,0,965.0,1.0084
750,186.338,327.839,180.518,12,12,0,12,1.0000,1.0000,0,990.0,1.0345
751,186.165,367.453,141.778,12,12,0,12,1.0000,1.0000,0,943.1,0.9855
752,186.310,406.541,181.021,12,12,0,12,1.0000,1.0000,0,966.5,1.0099
753,186.137,446.155,142.282,12,12,0,12,1.0000,1.0000,0,969.0,1.0125
754,186.282,485.242,181.525,12,12,0,12,1.0000,1.0000,0,977.0,1.0209
755,186.254,563.944,182.028,12,12,0,12,1.0000,1.0000,0,988.6,1.0330
756,186.227,642.646,182.532,12,12,0,12,1.0000,1.0000,0,959.0,1.0020
757,186.372,681.733,221.775,12,12,1,11,0.9167,1.0000,0,925.1,0.9667
758,186.199,721.348,183.035,12,12,1,11,0.9167,1.0000,0,918.5,0.9598
759,186.344,760.435,222.279,8,4,0,4,1.0000,0.0000,0,0.0,0.0000
760,186.595,52.118,217.747,8,8,2,6,0.7500,0.8711,0,479.8,0.5013
761,186.422,91.733,179.008,12,12,2,10,0.8333,0.9916,0,722.3,0.7548
762,186.567,130.820,218.251,12,12,0,12,1.0000,1.0000,0,916.2,0.9574
763,186.394,170.435,179.511,12,12,0,12,1.0000,1.0000,0,959.7,1.0029
764,186.540,209.522,218.754,12,12,0,12,1.0000,1.0000,0,939.6,0.9819
765,186.512,288.224,219.258,12,12,0,12,1.0000,1.0000,0,945.8,0.9883
766,186.484,366.926,219.761,12,12,1,11,0.9167,1.0000,0,960.6,1.0038
767,186.456,445.628,220.265,12,12,0,12,1.0000,1.0000,0,980.7,1.0248
768,186.601,484.715,259.508,12,12,0,12,1.0000,1.0000,0,954.4,0.9973
769,186.428,524.330,220.768,12,12,0,12,1.0000,1.0000,0,990.1,1.0346
770,186.573,563.417,260.011,12,12,0,12,1.0000,1.0000,0,953.1,0.9960
771,186.400,603.031,221.272,12,12,0,12,1.0000,1.0000,0,990.0,1.0345
772,186.545,642.119,260.515,12,12,1,11,0.9167,0.9861,0,847.4,0.8855
773,186.518,720.820,261.018,12,12,0,12,1.0000,1.0000,0,930.2,0.9720
774,186.741,91.206,256.991,12,12,0,12,1.0000,1.0000,0,941.3,0.9836
775,186.713,169.908,257.494,12,12,1,11,0.9167,1.0000,0,959.2,1.0023
776,186.858,208.995,296.737,12,12,0,12,1.0000,1.0000,0,934.3,0.9764
777,186.685,248.609,257.997,12,12,0,12,1.0000,1.0000,0,973.3,1.0170
778,186.831,287.697,297.241,12,12,0,12,1.0000,1.0000,0,935.5,0.9776
779,186.657,327.311,258.501,12,12,0,12,1.0000,1.0000,0,949.7,0.9924
780,186.803,366.398,297.744,12,12,0,12,1.0000,1.0000,0,930.2,0.9720
781,186.629,406.013,259.004,12,12,1,11,0.9167,1.0000,0,935.4,0.9774
782,186.775,445.100,298.248,12,12,0,12,1.0000,1.0000,0,954.4,0.9973
783,186.747,523.802,298.751,12,12,0,12,1.0000,1.0000,0,933.7,0.9757
784,186.719,602.504,299.255,12,12,1,11,0.9167,1.0000,0,908.8,0.9497
785,186.864,641.591,338.498,12,12,0,12,1.0000,1.0000,0,972.4,1.0161
786,186.691,681.206,299.758,12,12,0,12,1.0000,1.0000,0,939.5,0.9818
787,186.836,720.293,339.001,12,12,0,12,1.0000,1.0000,0,933.4,0.9754
788,186.663,759.908,300.262,8,4,0,4,1.0000,0.0000,0,0.0,0.0000
789,186.914,51.591,295.730,8,8,0,8,1.0000,0.8073,0,411.1,0.4296
790,187.060,90.678,334.974,12,12,0,12,1.0000,1.0000,0,891.1,0.9312
791,186.886,130.293,296.234,12,12,0,12,1.0000,1.0000,0,910.4,0.9513
792,187.032,169.380,335.477,12,12,1,11,0.9167,1.0000,0,909.4,0.9504
793,187.004,248.082,335.980,12,12,0,12,1.0000,1.0000,0,939.7,0.9819
794,186.976,326.784,336.484,12,12,0,12,1.0000,1.0000,0,924.4,0.9660
795,187.121,365.871,375.727,12,12,0,12,1.0000,1.0000,0,944.7,0.9872
796,186.948,405.486,336.987,12,12,0,12,1.0000,1.0000,0,936.2,0.9783
797,187.094,444.573,376.231,12,12,0,12,1.0000,1.0000,0,948.6,0.9913
798,186.920,484.187,337.491,12,12,1,11,0.9167,0.9972,0,826.4,0.8636
799,187.066,523.275,376.734,12,12,0,12,1.0000,1.0000,0,943.9,0.9864
800,186.892,562.889,337.994,12,12,0,12,1.0000,1.0000,0,951.1,0.9939
801,187.038,601.976,377.238,12,12,0,12,1.0000,1.0000,0,961.4,1.0047
802,187.010,680.678,377.741,12,12,0,12,1.0000,1.0000,0,945.0,0.9876
803,186.982,759.380,378.244,8,4,0,4,1.0000,0.0000,0,0.0,0.0000
804,187.233,51.064,373.713,8,8,0,8,1.0000,0.8583,0,456.7,0.4773
805,187.205,129.765,374.217,12,12,0,12,1.0000,1.0000,0,926.7,0.9685
806,187.351,168.853,413.460,12,12,0,12,1.0000,1.0000,0,940.5,0.9828
807,187.177,208.467,374.720,12,12,0,12,1.0000,1.0000,0,910.9,0.9519
808,187.323,247.554,413.963,12,12,0,12,1.0000,1.0000,0,942.2,0.9846
809,187.149,287.169,375.224,12,12,0,12,1.0000,1.0000,0,930.5,0.9724
810,187.295,326.256,414.467,12,12,0,12,1.0000,1.0000,0,927.9,0.9697
811,187.267,404.958,414.970,12,12,0,12,1.0000,1.0000,0,942.8,0.9852
812,187.239,483.660,415.474,12,12,0,12,1.0000,1.0000,0,944.6,0.9872
813,187.211,562.362,415.977,12,12,0,12,1.0000,1.0000,0,933.4,0.9755
814,187.357,601.449,455.221,12,12,0,12,1.0000,1.0000,0,977.8,1.0218
815,187.183,641.064,416.481,12,12,0,12,1.0000,1.0000,0,968.8,1.0124
816,187.329,680.151,455.724,12,12,0,12,1.0000,1.0000,0,932.3,0.9743
817,187.155,719.766,416.984,12,12,0,12,1.0000,1.0000,0,932.2,0.9742
818,187.301,758.853,456.227,8,4,0,4,1.0000,0.0000,0,0.0,0.0000
819,187.552,50.536,451.696,8,8,0,8,1.0000,0.8182,0,395.2,0.4130
820,187.379,90.151,412.956,12,12,0,12,1.0000,1.0000,0,886.6,0.9265
821,187.524,129.238,452.200,12,12,0,12,1.0000,1.0000,0,915.7,0.9570
822,187.496,207.940,452.703,12,12,0,12,1.0000,1.0000,0,936.9,0.9791
823,187.468,286.642,453.207,12,12,0,12,1.0000,1.0000,0,956.8,0.9999
824,187.614,325.729,492.450,12,12,0,12,1.0000,1.0000,0,946.3,0.9890
825,187.440,365.343,453.710,12,12,0,12,1.0000,1.0000,0,935.9,0.9780
826,187.586,404.431,492.953,12,12,0,12,1.0000,1.0000,0,927.9,0.9698
827,187.412,444.045,454.214,12,12,0,12,1.0000,1.0000,0,953.4,0.9963
828,187.558,483.132,493.457,12,12,1,11,0.9167,1.0000,0,939.0,0.9813
829,187.385,522.747,454.717,12,12,0,12,1.0000,1.0000,0,961.1,1.0044
830,187.530,561.834,493.960,12,12,0,12,1.0000,1.0000,0,958.5,1.0017
831,187.502,640.536,494.464,12,12,0,12,1.0000,1.0000,0,960.5,1.0038
832,187.474,719.238,494.967,12,12,0,12,1.0000,1.0000,0,904.8,0.9455
833,187.620,758.325,534.210,8,4,0,4,1.0000,0.0000,0,0.0,0.0000
834,187.871,50.009,529.679,8,8,0,8,1.0000,0.9008,0,508.5,0.5314
835,187.698,89.623,490.939,12,12,0,12,1.0000,1.0000,0,919.0,0.9605
836,187.843,128.710,530.183,12,12,0,12,1.0000,1.0000,0,945.4,0.9881
837,187.670,168.325,491.443,12,12,0,12,1.0000,1.0000,0,938.9,0.9812
838,187.815,207.412,530.686,12,12,0,12,1.0000,1.0000,0,950.4,0.9933
839,187.642,247.027,491.946,12,12,0,12,1.0000,1.0000,0,904.5,0.9453
840,187.787,286.114,531.190,12,12,0,12,1.0000,1.0000,0,948.4,0.9912
841,187.759,364.816,531.693,12,12,0,12,1.0000,1.0000,0,944.6,0.9871
842,187.731,443.518,532.197,12,12,0,12,1.0000,1.0000,0,937.8,0.9801
843,187.703,522.220,532.700,12,12,0,12,1.0000,1.0000,0,974.1,1.0180
844,187.849,561.307,571.943,12,12,0,12,1.0000,1.0000,0,958.1,1.0013
845,187.676,600.922,533.203,12,12,0,12,1.0000,1.0000,0,983.1,1.0274
846,187.821,640.009,572.447,12,12,0,12,1.0000,1.0000,0,959.9,1.0031
847,187.648,679.623,533.707,12,12,1,11,0.9167,1.0000,0,966.7,1.0103
848,187.793,718.711,572.950,12,12,0,12,1.0000,1.0000,0,928.5,0.9703
849,188.016,89.096,568.922,12,12,0,12,1.0000,1.0000,0,920.4,0.9619
850,187.988,167.798,569.426,12,12,0,12,1.0000,1.0000,0,954.6,0.9977
851,187.961,246.499,569.929,12,12,0,12,1.0000,1.0000,0,954.8,0.9979
852,188.106,285.587,609.173,12,12,0,12,1.0000,1.0000,0,964.3,1.0079
853,187.933,325.201,570.433,12,12,0,12,1.0000,1.0000,0,938.8,0.9812
854,188.078,364.288,609.676,12,12,0,12,1.0000,1.0000,0,976.6,1.0207
855,187.905,403.903,570.936,12,12,0,12,1.0000,1.0000,0,953.1,0.9961
856,188.050,442.990,610.180,12,12,0,12,1.0000,1.0000,0,975.2,1.0192
857,187.877,482.605,571.440,12,12,0,12,1.0000,1.0000,0,978.6,1.0228
858,188.022,521.692,610.683,12,12,0,12,1.0000,1.0000,0,985.0,1.0295
859,187.994,600.394,611.186,12,12,0,12,1.0000,1.0000,0,963.9,1.0074
860,187.967,679.096,611.690,12,12,0,12,1.0000,1.0000,0,936.3,0.9785
861,188.112,718.183,650.933,12,12,0,12,1.0000,1.0000,0,939.6,0.9820
862,187.939,757.798,612.193,8,4,0,4,1.0000,0.0000,0,0.0,0.0000
863,188.190,49.481,607.662,8,8,0,8,1.0000,0.8924,0,495.8,0.5181
864,188.335,88.568,646.905,12,12,0,12,1.0000,1.0000,0,951.5,0.9945
865,188.162,128.183,608.166,12,12,0,12,1.0000,1.0000,0,925.0,0.9668
866,188.307,167.270,647.409,12,12,0,12,1.0000,1.0000,0,951.7,0.9947
867,188.134,206.885,608.669,12,12,0,12,1.0000,1.0000,0,953.5,0.9965
868,188.279,245.972,647.912,12,12,0,12,1.0000,1.0000,0,973.8,1.0178
869,188.252,324.674,648.416,12,12,0,12,1.0000,1.0000,0,961.6,1.0050
870,188.224,403.376,648.919,12,12,0,12,1.0000,1.0000,0,963.7,1.0072
871,188.369,442.463,688.162,12,12,0,12,1.0000,1.0000,0,985.3,1.0297
872,188.196,482.078,649.423,12,12,0,12,1.0000,1.0000,0,972.4,1.0163
873,188.341,521.165,688.666,12,12,0,12,1.0000,1.0000,0,946.6,0.9894
874,188.168,560.779,649.926,12,12,0,12,1.0000,1.0000,0,977.9,1.0220
875,188.313,599.867,689.169,12,12,0,12,1.0000,1.0000,0,955.1,0.9982
876,188.140,639.481,650.430,12,12,0,12,1.0000,1.0000,0,963.5,1.0070
877,188.285,678.568,689.673,12,12,0,12,1.0000,1.0000,0,935.3,0.9775
878,188.257,757.270,690.176,8,4,0,4,1.0000,0.0000,0,0.0,0.0000
879,188.509,48.954,685.645,8,8,0,8,1.0000,0.7707,0,352.0,0.3678
880,188.481,127.655,686.149,12,12,0,12,1.0000,1.0000,0,880.7,0.9205
881,188.453,206.357,686.652,12,12,0,12,1.0000,1.0000,0,890.0,0.9302
882,188.598,245.445,725.895,12,12,0,12,1.0000,1.0000,0,970.9,1.0148
883,188.425,285.059,687.156,12,12,0,12,1.0000,1.0000,0,901.2,0.9419
884,188.570,324.146,726.399,12,12,0,12,1.0000,1.0000,0,944.8,0.9875
885,188.397,363.761,687.659,12,12,1,11,0.9167,1.0000,0,939.1,0.9815
886,188.543,402.848,726.902,12,12,0,12,1.0000,1.0000,0,980.9,1.0252
887,188.515,481.550,727.406,12,12,0,12,1.0000,1.0000,0,986.2,1.0307
888,188.487,560.252,727.909,12,12,2,10,0.8333,1.0000,0,953.8,0.9969
889,188.459,638.954,728.413,12,12,1,11,0.9167,1.0000,0,966.3,1.0099
890,188.604,678.041,767.656,8,4,0,4,1.0000,0.8472,0,423.2,0.4423
891,188.431,717.656,728.916,12,12,0,12,1.0000,1.0000,0,923.4,0.9651
892,188.576,756.743,768.159,5,1,0,1,1.0000,0.0000,0,0.0,0.0000
893,188.828,48.426,763.628,5,3,0,3,1.0000,0.7183,0,330.7,0.3457
894,188.654,88.041,724.888,12,12,0,12,1.0000,1.0000,0,942.7,0.9853
895,188.800,127.128,764.132,8,4,0,4,1.0000,0.8407,0,437.3,0.4571
896,188.626,166.743,725.392,12,12,0,12,1.0000,1.0000,0,962.9,1.0064
897,188.772,205.830,764.635,8,4,0,4,1.0000,0.7833,0,357.0,0.3732
898,188.744,284.532,765.138,8,4,0,4,1.0000,0.8006,0,353.8,0.3698
899,188.716,363.234,765.642,8,4,0,4,1.0000,0.8022,0,360.2,0.3765
900,188.688,441.935,766.145,8,4,0,4,1.0000,0.7775,0,371.2,0.3880
901,188.660,520.637,766.649,8,4,0,4,1.0000,0.7911,0,346.3,0.3620
902,188.632,599.339,767.152,8,4,0,4,1.0000,0.8240,0,396.0,0.4139
903,225.099,171.286,62.460,8,8,0,8,1.0000,0.7772,0,293.9,0.3083
904,225.071,249.988,62.964,8,8,0,8,1.0000,0.7781,0,259.4,0.2721
905,225.043,328.690,63.467,8,8,0,8,1.0000,0.7619,0,319.3,0.3349
906,225.015,407.392,63.971,8,8,0,8,1.0000,0.7793,0,314.2,0.3297
907,224.987,486.094,64.474,8,8,0,8,1.0000,0.7865,0,356.2,0.3737
908,224.959,564.796,64.978,8,8,0,8,1.0000,0.8177,0,377.3,0.3958
909,225.105,603.883,104.221,12,12,0,12,1.0000,1.0000,0,969.4,1.0171
910,224.932,643.497,65.481,8,8,0,8,1.0000,0.8283,0,408.8,0.4289
911,225.077,682.585,104.724,12,12,0,12,1.0000,1.0000,0,978.3,1.0264
912,224.904,722.199,65.985,8,8,0,8,1.0000,0.8740,0,480.2,0.5038
913,225.049,761.287,105.228,8,4,0,4,1.0000,0.0000,0,0.0,0.0000
914,225.300,52.970,100.697,8,8,0,8,1.0000,1.0000,0,670.7,0.7037
915,225.127,92.585,61.957,8,8,0,8,1.0000,0.8615,0,474.7,0.4980
916,225.272,131.672,101.200,12,12,0,12,1.0000,1.0000,0,965.3,1.0127
917,225.245,210.374,101.703,12,12,0,12,1.0000,1.0000,0,1000.7,1.0499
918,225.217,289.075,102.207,12,12,1,11,0.9167,1.0000,0,933.6,0.9795
919,225.362,328.163,141.450,12,12,0,12,1.0000,1.0000,0,942.3,0.9887
920,225.189,367.777,102.710,12,12,2,10,0.8333,1.0000,0,851.9,0.8938
921,225.334,406.864,141.954,12,12,0,12,1.0000,1.0000,0,964.1,1.0115
922,225.161,446.479,103.214,12,12,1,11,0.9167,1.0000,0,958.6,1.0057
923,225.306,485.566,142.457,12,12,0,12,1.0000,1.0000,0,965.5,1.0130
924,225.133,525.181,103.717,12,12,0,12,1.0000,1.0000,0,967.2,1.0147
925,225.278,564.268,142.961,12,12,0,12,1.0000,1.0000,0,977.7,1.0258
926,225.250,642.970,143.464,12,12,0,12,1.0000,1.0000,0,982.5,1.0308
927,225.223,721.672,143.968,12,12,0,12,1.0000,1.0000,0,925.3,0.9708
928,225.368,760.759,183.211,8,4,0,4,1.0000,0.0000,0,0.0,0.0000
929,225.619,52.442,178.679,8,8,0,8,1.0000,0.9068,0,517.4,0.5429
930,225.446,92.057,139.940,12,12,1,11,0.9167,1.0000,0,936.5,0.9825
931,225.591,131.144,179.183,12,12,0,12,1.0000,1.0000,0,930.9,0.9767
932,225.418,170.759,140.443,12,12,0,12,1.0000,1.0000,0,960.4,1.0077
933,225.563,209.846,179.686,12,12,0,12,1.0000,1.0000,0,958.5,1.0056
934,225.390,249.461,140.947,12,12,0,12,1.0000,1.0000,0,966.1,1.0136
935,225.536,288.548,180.190,12,12,0,12,1.0000,1.0000,0,972.2,1.0200
936,225.508,367.250,180.693,12,12,0,12,1.0000,1.0000,0,956.5,1.0036
937,225.480,445.952,181.197,12,12,0,12,1.0000,1.0000,0,990.7,1.0394
938,225.452,524.654,181.700,12,12,1,11,0.9167,1.0000,0,987.5,1.0361
939,225.597,563.741,220.944,12,12,0,12,1.0000,1.0000,0,969.8,1.0175
940,225.424,603.355,182.204,12,12,0,12,1.0000,1.0000,0,980.8,1.0290
941,225.569,642.443,221.447,12,12,0,12,1.0000,1.0000,0,960.3,1.0075
942,225.396,682.057,182.707,12,12,0,12,1.0000,1.0000,0,936.5,0.9826
943,225.541,721.144,221.950,12,12,0,12,1.0000,1.0000,0,912.3,0.9572
944,225.765,91.530,217.923,12,12,0,12,1.0000,1.0000,0,859.8,0.9021
945,225.737,170.231,218.426,12,12,0,12,1.0000,1.0000,0,943.6,0.9901
946,225.709,248.933,218.930,12,12,0,12,1.0000,1.0000,0,963.9,1.0114
947,225.854,288.020,258.173,12,12,0,12,1.0000,1.0000,0,958.8,1.0060
948,225.681,327.635,219.433,12,12,2,10,0.8333,0.9746,0,683.8,0.7174
949,225.826,366.722,258.676,12,12,0,12,1.0000,1.0000,0,949.2,0.9960
950,225.653,406.337,219.937,12,12,0,12,1.0000,1.0000,0,930.3,0.9761
951,225.799,445.424,259.180,12,12,0,12,1.0000,1.0000,0,962.5,1.0098
952,225.625,485.039,220.440,12,12,0,12,1.0000,1.0000,0,963.5,1.0110
953,225.771,524.126,259.683,12,12,0,12,1.0000,1.0000,0,982.3,1.0307
954,225.743,602.828,260.187,12,12,0,12,1.0000,1.0000,0,965.8,1.0133
955,225.715,681.530,260.690,12,12,0,12,1.0000,1.0000,0,933.1,0.9791
956,225.860,720.617,299.933,12,12,0,12,1.0000,1.0000,0,934.9,0.9809
957,225.687,760.232,261.194,8,4,0,4,1.0000,0.0000,0,0.0,0.0000
958,225.938,51.915,256.662,8,8,2,6,0.7500,0.8785,0,487.6,0.5117
959,226.084,91.002,295.906,12,12,0,12,1.0000,1.0000,0,895.4,0.9395
960,225.910,130.617,257.166,12,12,0,12,1.0000,1.0000,0,919.3,0.9645
961,226.056,169.704,296.409,12,12,0,12,1.0000,1.0000,0,921.1,0.9664
962,225.882,209.319,257.669,12,12,0,12,1.0000,1.0000,0,933.2,0.9791
963,226.028,248.406,296.913,12,12,0,12,1.0000,1.0000,0,948.0,0.9947
964,226.000,327.108,297.416,12,12,0,12,1.0000,1.0000,0,948.4,0.9951
965,225.972,405.810,297.920,12,12,1,11,0.9167,1.0000,0,956.5,1.0036
966,226.117,444.897,337.163,12,12,1,11,0.9167,1.0000,0,874.2,0.9173
967,225.944,484.511,298.423,12,12,0,12,1.0000,1.0000,0,966.2,1.0138
968,226.090,523.599,337.666,12,12,0,12,1.0000,1.0000,0,962.1,1.0095
969,225.916,563.213,298.927,12,12,0,12,1.0000,1.0000,0,970.7,1.0185
970,226.062,602.300,338.170,12,12,0,12,1.0000,1.0000,0,937.4,0.9836
971,225.888,641.915,299.430,12,12,0,12,1.0000,1.0000,0,977.4,1.0255
972,226.034,681.002,338.673,12,12,0,12,1.0000,1.0000,0,934.0,0.9800
973,226.006,759.704,339.177,8,4,0,4,1.0000,0.0000,0,0.0,0.0000
974,226.257,51.387,334.645,8,8,0,8,1.0000,0.8017,0,398.4,0.4181
975,226.229,130.089,335.149,12,12,0,12,1.0000,1.0000,0,879.2,0.9225
976,226.375,169.176,374.392,12,12,1,11,0.9167,1.0000,0,919.1,0.9644
977,226.201,208.791,335.652,12,12,0,12,1.0000,1.0000,0,917.9,0.9631
978,226.347,247.878,374.896,12,12,0,12,1.0000,1.0000,0,958.9,1.0061
979,226.173,287.493,336.156,12,12,0,12,1.0000,1.0000,0,891.0,0.9349
980,226.319,326.580,375.399,12,12,0,12,1.0000,1.0000,0,925.4,0.9710
981,226.145,366.195,336.659,12,12,0,12,1.0000,1.0000,0,919.5,0.9648
982,226.291,405.282,375.903,12,12,0,12,1.0000,1.0000,0,928.4,0.9741
983,226.263,483.984,376.406,12,12,0,12,1.0000,1.0000,0,945.9,0.9925
984,226.235,562.686,376.909,12,12,0,12,1.0000,1.0000,0,953.1,1.0000
985,226.207,641.388,377.413,12,12,0,12,1.0000,1.0000,0,957.3,1.0044
986,226.353,680.475,416.656,12,12,0,12,1.0000,1.0000,0,921.3,0.9667
987,226.179,720.089,377.916,12,12,0,12,1.0000,1.0000,0,949.4,0.9961
988,226.325,759.177,417.160,8,4,0,4,1.0000,0.0000,0,0.0,0.0000
989,226.576,50.860,412.628,8,8,0,8,1.0000,0.8880,0,483.7,0.5076
990,226.403,90.475,373.889,12,12,0,12,1.0000,1.0000,0,911.6,0.9565
991,226.548,129.562,413.132,12,12,0,12,1.0000,1.0000,0,905.8,0.9504
992,226.520,208.264,413.635,12,12,0,12,1.0000,1.0000,0,884.2,0.9278
993,226.492,286.966,414.139,12,12,0,12,1.0000,1.0000,0,905.0,0.9496
994,226.464,365.667,414.642,12,12,0,12,1.0000,1.0000,0,915.5,0.9606
995,226.610,404.755,453.885,12,12,0,12,1.0000,1.0000,0,943.1,0.9896
996,226.436,444.369,415.146,12,12,0,12,1.0000,1.0000,0,939.1,0.9854
997,226.582,483.456,454.389,12,12,0,12,1.0000,1.0000,0,974.4,1.0224
998,226.408,523.071,415.649,12,12,0,12,1.0000,1.0000,0,956.7,1.0039
999,226.554,562.158,454.892,12,12,0,12,1.0000,1.0000,0,964.5,1.0121
1000,226.381,601.773,416.153,12,12,0,12,1.0000,1.0000,0,926.1,0.9717
1001,226.526,640.860,455.396,12,12,0,12,1.0000,1.0000,0,957.9,1.0051
1002,226.498,719.562,455.899,12,12,0,12,1.0000,1.0000,0,933.5,0.9795
1003,226.721,89.947,451.872,12,12,0,12,1.0000,1.0000,0,931.3,0.9772
1004,226.867,129.034,491.115,12,12,0,12,1.0000,1.0000,0,886.9,0.9306
1005,226.694,168.649,452.375,12,12,0,12,1.0000,1.0000,0,945.6,0.9922
1006,226.839,207.736,491.618,12,12,0,12,1.0000,1.0000,0,932.3,0.9783
1007,226.666,247.351,452.879,12,12,0,12,1.0000,1.0000,0,951.3,0.9982
1008,226.811,286.438,492.122,12,12,0,12,1.0000,1.0000,0,939.4,0.9857
1009,226.638,326.053,453.382,12,12,0,12,1.0000,1.0000,0,940.3,0.9866
1010,226.783,365.140,492.625,12,12,0,12,1.0000,1.0000,0,966.9,1.0146
1011,226.755,443.842,493.129,12,12,0,12,1.0000,1.0000,0,952.9,0.9999
1012,226.727,522.544,493.632,12,12,0,12,1.0000,1.0000,0,967.2,1.0148
1013,226.873,561.631,532.875,12,12,0,12,1.0000,1.0000,0,972.1,1.0200
1014,226.699,601.245,494.136,12,12,0,12,1.0000,1.0000,0,950.9,0.9978
1015,226.845,640.333,533.379,12,12,0,12,1.0000,1.0000,0,975.9,1.0240
1016,226.672,679.947,494.639,12,12,0,12,1.0000,1.0000,0,928.4,0.9742
1017,226.817,719.034,533.882,12,12,0,12,1.0000,1.0000,0,940.2,0.9865
1018,226.644,758.649,495.143,8,4,0,4,1.0000,0.0000,0,0.0,0.0000
1019,226.895,50.332,490.611,8,8,0,8,1.0000,0.8966,0,509.5,0.5346
1020,227.040,89.420,529.855,12,12,0,12,1.0000,1.0000,0,943.3,0.9898
1021,227.012,168.122,530.358,12,12,0,12,1.0000,1.0000,0,941.6,0.9881
1022,226.984,246.823,530.862,12,12,0,12,1.0000,1.0000,0,965.3,1.0129
1023,226.957,325.525,531.365,12,12,0,12,1.0000,1.0000,0,963.7,1.0113
1024,227.102,364.612,570.608,12,12,1,11,0.9167,0.9944,0,833.4,0.8745
1025,226.929,404.227,531.868,12,12,0,12,1.0000,1.0000,0,963.4,1.0109
1026,227.074,443.314,571.112,12,12,0,12,1.0000,1.0000,0,964.4,1.0120
1027,226.901,482.929,532.372,12,12,0,12,1.0000,1.0000,0,978.1,1.0263
1028,227.046,522.016,571.615,12,12,0,12,1.0000,1.0000,0,997.0,1.0462
1029,227.018,600.718,572.119,12,12,0,12,1.0000,1.0000,0,970.3,1.0181
1030,226.990,679.420,572.622,12,12,0,12,1.0000,1.0000,0,943.2,0.9897
1031,226.962,758.122,573.126,8,4,0,4,1.0000,0.0000,0,0.0,0.0000
1032,227.214,49.805,568.594,8,8,0,8,1.0000,0.9438,0,567.5,0.5955
1033,227.359,88.892,607.838,12,12,1,11,0.9167,1.0000,0,928.7,0.9745
1034,227.186,128.507,569.098,12,12,0,12,1.0000,1.0000,0,926.0,0.9717
1035,227.331,167.594,608.341,12,12,1,11,0.9167,1.0000,0,950.7,0.9976
1036,227.158,207.209,569.601,12,12,0,12,1.0000,1.0000,0,962.4,1.0099
1037,227.303,246.296,608.844,12,12,1,11,0.9167,1.0000,0,905.5,0.9502
1038,227.130,285.911,570.105,12,12,0,12,1.0000,1.0000,0,960.3,1.0077
1039,227.275,324.998,609.348,12,12,0,12,1.0000,1.0000,0,960.7,1.0081
1040,227.248,403.700,609.851,12,12,0,12,1.0000,1.0000,0,961.8,1.0092
1041,227.220,482.401,610.355,12,12,0,12,1.0000,1.0000,0,974.1,1.0222
1042,227.365,521.489,649.598,12,12,0,12,1.0000,1.0000,0,996.7,1.0459
1043,227.192,561.103,610.858,12,12,0,12,1.0000,1.0000,0,969.3,1.0171
1044,227.337,600.191,650.102,12,12,0,12,1.0000,1.0000,0,986.5,1.0352
1045,227.164,639.805,611.362,12,12,0,12,1.0000,1.0000,0,971.0,1.0190
1046,227.309,678.892,650.605,12,12,0,12,1.0000,1.0000,0,961.5,1.0090
1047,227.136,718.507,611.865,12,12,0,12,1.0000,1.0000,0,934.7,0.9808
1048,227.281,757.594,651.109,8,4,0,4,1.0000,0.0000,0,0.0,0.0000
1049,227.533,49.278,646.577,8,8,2,6,0.7500,0.9379,0,562.5,0.5903
1050,227.505,127.979,647.081,12,12,1,11,0.9167,1.0000,0,933.5,0.9796
1051,227.477,206.681,647.584,12,12,2,10,0.8333,1.0000,0,889.0,0.9329
1052,227.622,245.768,686.827,12,12,0,12,1.0000,1.0000,0,956.8,1.0040
1053,227.449,285.383,648.088,12,12,0,12,1.0000,1.0000,0,980.2,1.0286
1054,227.594,324.470,687.331,12,12,0,12,1.0000,1.0000,0,963.7,1.0112
1055,227.421,364.085,648.591,12,12,0,12,1.0000,1.0000,0,983.7,1.0323
1056,227.566,403.172,687.834,12,12,0,12,1.0000,1.0000,0,962.2,1.0097
1057,227.393,442.787,649.095,12,12,0,12,1.0000,1.0000,0,980.4,1.0288
1058,227.539,481.874,688.338,12,12,0,12,1.0000,1.0000,0,956.9,1.0041
1059,227.511,560.576,688.841,12,12,0,12,1.0000,1.0000,0,991.1,1.0400
1060,227.483,639.278,689.345,12,12,0,12,1.0000,1.0000,0,987.0,1.0357
1061,227.455,717.980,689.848,12,12,0,12,1.0000,1.0000,0,907.5,0.9523
1062,227.600,757.067,729.091,8,4,0,4,1.0000,0.0000,0,0.0,0.0000
1063,227.851,48.750,724.560,8,8,0,8,1.0000,0.8371,0,457.8,0.4805
1064,227.678,88.365,685.820,12,12,0,12,1.0000,1.0000,0,932.6,0.9786
1065,227.824,127.452,725.064,12,12,0,12,1.0000,1.0000,0,929.7,0.9756
1066,227.650,167.067,686.324,12,12,0,12,1.0000,1.0000,0,962.5,1.0100
1067,227.796,206.154,725.567,12,12,0,12,1.0000,1.0000,0,941.4,0.9879
1068,227.768,284.856,726.071,12,12,0,12,1.0000,1.0000,0,953.0,1.0001
1069,227.740,363.557,726.574,12,12,1,11,0.9167,1.0000,0,985.2,1.0339
1070,227.712,442.259,727.078,12,12,0,12,1.0000,1.0000,0,962.9,1.0105
1071,227.857,481.347,766.321,8,4,0,4,1.0000,0.8151,0,396.3,0.4159
1072,227.684,520.961,727.581,12,12,0,12,1.0000,1.0000,0,967.6,1.0154
1073,227.830,560.048,766.824,8,4,1,3,0.7500,0.8610,0,451.0,0.4733
1074,227.656,599.663,728.085,12,12,0,12,1.0000,1.0000,0,966.3,1.0140
1075,227.802,638.750,767.328,8,4,1,3,0.7500,0.8338,0,416.4,0.4370
1076,227.628,678.365,728.588,12,12,0,12,1.0000,1.0000,0,973.9,1.0220
1077,227.774,717.452,767.831,8,4,0,4,1.0000,0.8845,0,488.3,0.5124
1078,227.997,87.837,763.803,8,4,0,4,1.0000,0.8726,0,499.0,0.5237
1079,227.969,166.539,764.307,8,4,0,4,1.0000,0.8128,0,387.0,0.4061
1080,227.941,245.241,764.810,8,4,0,4,1.0000,0.7514,0,318.6,0.3343
1081,227.913,323.943,765.314,8,4,0,4,1.0000,0.7895,0,337.7,0.3544
1082,227.885,402.645,765.817,8,4,0,4,1.0000,0.8199,0,381.9,0.4008
1083,264.101,682.909,65.656,8,8,0,8,1.0000,0.8306,0,428.0,0.4504
1084,264.073,761.610,66.160,5,3,0,3,1.0000,0.0000,0,0.0,0.0000
1085,264.324,53.294,61.629,5,5,0,5,1.0000,0.5627,0,0.0,0.0000
1086,264.296,131.996,62.132,8,8,0,8,1.0000,0.8705,0,493.8,0.5197
1087,264.268,210.698,62.636,8,8,0,8,1.0000,0.8333,0,416.8,0.4386
1088,264.241,289.399,63.139,8,8,0,8,1.0000,0.8217,0,402.1,0.4232
1089,264.213,368.101,63.643,8,8,0,8,1.0000,0.8033,0,396.4,0.4172
1090,264.358,407.188,102.886,12,12,0,12,1.0000,1.0000,0,969.3,1.0201
1091,264.185,446.803,64.146,8,8,0,8,1.0000,0.7732,0,291.0,0.3063
1092,264.330,485.890,103.389,12,12,0,12,1.0000,1.0000,0,983.0,1.0345
1093,264.157,525.505,64.650,8,8,0,8,1.0000,0.8062,0,373.6,0.3932
1094,264.302,564.592,103.893,12,12,0,12,1.0000,1.0000,0,997.5,1.0499
1095,264.129,604.207,65.153,8,8,0,8,1.0000,0.8197,0,389.7,0.4102
1096,264.274,643.294,104.396,12,12,0,12,1.0000,1.0000,0,1016.8,1.0701
1097,264.246,721.996,104.900,12,12,0,12,1.0000,1.0000,0,965.2,1.0158
1098,264.470,92.381,100.872,12,12,1,11,0.9167,1.0000,0,975.4,1.0266
1099,264.615,131.468,140.115,12,12,0,12,1.0000,1.0000,0,949.2,0.9991
1100,264.442,171.083,101.375,12,12,0,12,1.0000,1.0000,0,996.8,1.0492
1101,264.587,210.170,140.619,12,12,0,12,1.0000,1.0000,0,960.4,1.0109
1102,264.414,249.785,101.879,12,12,0,12,1.0000,1.0000,0,981.5,1.0330
1103,264.559,288.872,141.122,12,12,0,12,1.0000,1.0000,0,960.9,1.0113
1104,264.386,328.487,102.382,12,12,0,12,1.0000,1.0000,0,961.3,1.0118
1105,264.531,367.574,141.626,12,12,1,11,0.9167,1.0000,0,951.0,1.0009
1106,264.504,446.276,142.129,12,12,0,12,1.0000,1.0000,0,993.3,1.0454
1107,264.476,524.977,142.632,12,12,1,11,0.9167,1.0000,0,967.7,1.0184
1108,264.621,564.065,181.876,12,12,0,12,1.0000,1.0000,0,982.2,1.0337
1109,264.448,603.679,143.136,12,12,0,12,1.0000,1.0000,0,957.9,1.0081
1110,264.593,642.766,182.379,12,12,0,12,1.0000,1.0000,0,979.2,1.0306
1111,264.420,682.381,143.639,12,12,0,12,1.0000,1.0000,0,947.1,0.9968
1112,264.565,721.468,182.883,12,12,0,12,1.0000,1.0000,0,950.4,1.0003
1113,264.392,761.083,144.143,8,4,0,4,1.0000,0.0000,0,0.0,0.0000
1114,264.643,52.766,139.612,8,8,0,8,1.0000,0.9524,0,590.6,0.6216
1115,264.789,91.854,178.855,12,12,0,12,1.0000,1.0000,0,936.5,0.9857
1116,264.761,170.555,179.358,12,12,0,12,1.0000,1.0000,0,950.7,1.0006
1117,264.733,249.257,179.862,12,12,0,12,1.0000,1.0000,0,952.0,1.0020
1118,264.705,327.959,180.365,12,12,0,12,1.0000,1.0000,0,958.9,1.0092
1119,264.850,367.046,219.609,12,12,0,12,1.0000,1.0000,0,947.1,0.9969
1120,264.677,406.661,180.869,12,12,0,12,1.0000,1.0000,0,983.6,1.0352
1121,264.822,445.748,220.112,12,12,0,12,1.0000,1.0000,0,969.7,1.0206
1122,264.649,485.363,181.372,12,12,0,12,1.0000,1.0000,0,973.4,1.0245
1123,264.795,524.450,220.615,12,12,1,11,0.9167,1.0000,0,895.1,0.9421
1124,264.767,603.152,221.119,12,12,0,12,1.0000,1.0000,0,978.2,1.0296
1125,264.739,681.854,221.622,12,12,0,12,1.0000,1.0000,0,934.7,0.9838
1126,264.711,760.556,222.126,8,4,0,4,1.0000,0.0000,0,0.0,0.0000
1127,264.962,52.239,217.595,8,8,1,7,0.8750,0.8947,0,508.9,0.5356
1128,265.108,91.326,256.838,12,12,1,11,0.9167,0.9448,0,630.2,0.6633
1129,264.934,130.941,218.098,12,12,0,12,1.0000,1.0000,0,922.5,0.9709
1130,265.080,170.028,257.341,12,12,0,12,1.0000,1.0000,0,942.2,0.9917
1131,264.906,209.643,218.602,12,12,0,12,1.0000,1.0000,0,962.5,1.0130
1132,265.052,248.730,257.845,12,12,0,12,1.0000,1.0000,0,961.8,1.0123
1133,264.878,288.344,219.105,12,12,1,11,0.9167,1.0000,0,889.7,0.9364
1134,265.024,327.432,258.348,12,12,1,11,0.9167,1.0000,0,867.9,0.9135
1135,264.996,406.133,258.852,12,12,0,12,1.0000,1.0000,0,957.0,1.0073
1136,264.968,484.835,259.355,12,12,0,12,1.0000,1.0000,0,967.7,1.0185
1137,265.113,523.922,298.598,12,12,1,11,0.9167,1.0000,0,883.5,0.9300
1138,264.940,563.537,259.859,12,12,0,12,1.0000,1.0000,0,977.9,1.0293
1139,265.086,602.624,299.102,12,12,0,12,1.0000,1.0000,0,959.7,1.0101
1140,264.912,642.239,260.362,12,12,0,12,1.0000,1.0000,0,968.9,1.0198
1141,265.058,681.326,299.605,12,12,0,12,1.0000,1.0000,0,939.9,0.9892
1142,264.884,720.941,260.866,12,12,0,12,1.0000,1.0000,0,936.2,0.9853
1143,265.030,760.028,300.109,8,4,0,4,1.0000,0.0000,0,0.0,0.0000
1144,265.281,51.711,295.578,8,8,0,8,1.0000,0.8827,0,494.4,0.5204
1145,265.253,130.413,296.081,12,12,0,12,1.0000,1.0000,0,936.5,0.9857
1146,265.225,209.115,296.585,12,12,0,12,1.0000,1.0000,0,948.4,0.9982
1147,265.371,248.202,335.828,12,12,0,12,1.0000,1.0000,0,927.7,0.9765
1148,265.197,287.817,297.088,12,12,0,12,1.0000,1.0000,0,953.2,1.0033
1149,265.343,326.904,336.331,12,12,0,12,1.0000,1.0000,0,942.5,0.9920
1150,265.169,366.519,297.591,12,12,0,12,1.0000,1.0000,0,960.7,1.0112
1151,265.315,405.606,336.835,12,12,0,12,1.0000,1.0000,0,944.7,0.9944
1152,265.141,445.221,298.095,12,12,0,12,1.0000,1.0000,0,983.7,1.0354
1153,265.287,484.308,337.338,12,12,0,12,1.0000,1.0000,0,958.4,1.0087
1154,265.259,563.010,337.842,12,12,0,12,1.0000,1.0000,0,944.7,0.9944
1155,265.231,641.712,338.345,12,12,0,12,1.0000,1.0000,0,972.0,1.0231
1156,265.203,720.413,338.849,12,12,0,12,1.0000,1.0000,0,935.3,0.9844
1157,265.349,759.501,378.092,8,4,0,4,1.0000,0.0000,0,0.0,0.0000
1158,265.600,51.184,373.561,8,8,0,8,1.0000,0.8414,0,470.0,0.4947
1159,265.426,90.799,334.821,12,12,0,12,1.0000,1.0000,0,920.2,0.9686
1160,265.572,129.886,374.064,12,12,0,12,1.0000,1.0000,0,926.8,0.9756
1161,265.399,169.500,335.324,12,12,1,11,0.9167,1.0000,0,918.2,0.9664
1162,265.544,208.588,374.567,12,12,0,12,1.0000,1.0000,0,919.7,0.9681
1163,265.516,287.289,375.071,12,12,0,12,1.0000,1.0000,0,945.3,0.9950
1164,265.488,365.991,375.574,12,12,0,12,1.0000,1.0000,0,932.9,0.9820
1165,265.460,444.693,376.078,12,12,0,12,1.0000,1.0000,0,951.1,1.0011
1166,265.606,483.780,415.321,12,12,0,12,1.0000,1.0000,0,940.8,0.9902
1167,265.432,523.395,376.581,12,12,0,12,1.0000,1.0000,0,968.8,1.0197
1168,265.578,562.482,415.825,12,12,0,12,1.0000,1.0000,0,963.0,1.0136
1169,265.404,602.097,377.085,12,12,0,12,1.0000,1.0000,0,953.6,1.0037
1170,265.550,641.184,416.328,12,12,0,12,1.0000,1.0000,0,951.1,1.0011
1171,265.377,680.799,377.588,12,12,0,12,1.0000,1.0000,0,954.2,1.0043
1172,265.522,719.886,416.832,12,12,0,12,1.0000,1.0000,0,936.9,0.9861
1173,265.745,90.271,412.804,12,12,0,12,1.0000,1.0000,0,910.3,0.9582
1174,265.717,168.973,413.307,12,12,0,12,1.0000,1.0000,0,911.9,0.9598
1175,265.863,208.060,452.550,12,12,0,12,1.0000,1.0000,0,950.8,1.0008
1176,265.689,247.675,413.811,12,12,0,12,1.0000,1.0000,0,937.8,0.9872
1177,265.835,286.762,453.054,12,12,0,12,1.0000,1.0000,0,952.9,1.0031
1178,265.662,326.377,414.314,12,12,0,12,1.0000,1.0000,0,947.6,0.9974
1179,265.807,365.464,453.557,12,12,0,12,1.0000,1.0000,0,954.6,1.0048
1180,265.634,405.078,414.818,12,12,0,12,1.0000,1.0000,0,937.5,0.9868
1181,265.779,444.166,454.061,12,12,0,12,1.0000,1.0000,0,989.2,1.0412
1182,265.751,522.868,454.564,12,12,0,12,1.0000,1.0000,0,987.3,1.0392
1183,265.723,601.569,455.068,12,12,0,12,1.0000,1.0000,0,981.3,1.0329
1184,265.869,640.657,494.311,12,12,0,12,1.0000,1.0000,0,956.0,1.0063
1185,265.695,680.271,455.571,12,12,0,12,1.0000,1.0000,0,955.4,1.0057
1186,265.841,719.358,494.814,12,12,0,12,1.0000,1.0000,0,926.5,0.9753
1187,265.667,758.973,456.075,8,4,0,4,1.0000,0.0000,0,0.0,0.0000
1188,265.919,50.656,451.544,8,8,1,7,0.8750,0.9582,0,587.7,0.6186
1189,266.064,89.744,490.787,12,12,0,12,1.0000,1.0000,0,916.2,0.9644
1190,265.891,129.358,452.047,12,12,0,12,1.0000,1.0000,0,931.7,0.9807
1191,266.036,168.445,491.290,12,12,0,12,1.0000,1.0000,0,929.3,0.9782
1192,266.008,247.147,491.794,12,12,0,12,1.0000,1.0000,0,943.8,0.9935
1193,265.980,325.849,492.297,12,12,0,12,1.0000,1.0000,0,944.9,0.9946
1194,265.953,404.551,492.801,12,12,0,12,1.0000,1.0000,0,927.5,0.9763
1195,266.098,443.638,532.044,12,12,0,12,1.0000,1.0000,0,976.7,1.0281
1196,265.925,483.253,493.304,12,12,0,12,1.0000,1.0000,0,961.3,1.0118
1197,266.070,522.340,532.547,12,12,0,12,1.0000,1.0000,0,992.0,1.0442
1198,265.897,561.955,493.808,12,12,0,12,1.0000,1.0000,0,963.7,1.0144
1199,266.042,601.042,533.051,12,12,0,12,1.0000,1.0000,0,972.6,1.0237
1200,266.014,679.744,533.554,12,12,0,12,1.0000,1.0000,0,942.8,0.9924
1201,265.986,758.446,534.058,8,4,0,4,1.0000,0.0000,0,0.0,0.0000
1202,266.238,50.129,529.526,8,8,0,8,1.0000,0.8768,0,488.5,0.5142
1203,266.210,128.831,530.030,12,12,0,12,1.0000,1.0000,0,924.9,0.9736
1204,266.355,167.918,569.273,12,12,0,12,1.0000,1.0000,0,945.5,0.9953
1205,266.182,207.533,530.533,12,12,0,12,1.0000,1.0000,0,936.3,0.9856
1206,266.327,246.620,569.777,12,12,0,12,1.0000,1.0000,0,965.6,1.0164
1207,266.154,286.235,531.037,12,12,0,12,1.0000,1.0000,0,973.4,1.0246
1208,266.299,325.322,570.280,12,12,0,12,1.0000,1.0000,0,965.1,1.0159
1209,266.126,364.936,531.540,12,12,1,11,0.9167,1.0000,0,836.2,0.8802
1210,266.271,404.024,570.784,12,12,0,12,1.0000,1.0000,0,958.9,1.0093
1211,266.244,482.725,571.287,12,12,0,12,1.0000,1.0000,0,966.3,1.0172
1212,266.216,561.427,571.791,12,12,0,12,1.0000,1.0000,0,977.4,1.0288
1213,266.361,600.514,611.034,12,12,0,12,1.0000,1.0000,0,978.8,1.0304
1214,266.188,640.129,572.294,12,12,0,12,1.0000,1.0000,0,970.5,1.0216
1215,266.333,679.216,611.537,12,12,0,12,1.0000,1.0000,0,941.2,0.9908
1216,266.160,718.831,572.797,12,12,0,12,1.0000,1.0000,0,920.4,0.9689
1217,266.305,757.918,612.041,8,4,0,4,1.0000,0.0000,0,0.0,0.0000
1218,266.556,49.601,607.509,8,8,0,8,1.0000,0.9288,0,560.6,0.5901
1219,266.383,89.216,568.770,12,12,0,12,1.0000,1.0000,0,929.7,0.9786
1220,266.529,128.303,608.013,12,12,0,12,1.0000,1.0000,0,931.7,0.9808
1221,266.501,207.005,608.516,12,12,1,11,0.9167,1.0000,0,949.9,0.9999
1222,266.473,285.707,609.020,12,12,0,12,1.0000,1.0000,0,974.7,1.0260
1223,266.618,324.794,648.263,12,12,0,12,1.0000,1.0000,0,964.6,1.0154
1224,266.445,364.409,609.523,12,12,0,12,1.0000,1.0000,0,953.6,1.0038
1225,266.590,403.496,648.767,12,12,0,12,1.0000,1.0000,0,962.9,1.0136
1226,266.417,443.111,610.027,12,12,0,12,1.0000,1.0000,0,964.4,1.0152
1227,266.562,482.198,649.270,12,12,0,12,1.0000,1.0000,0,969.2,1.0202
1228,266.389,521.813,610.530,12,12,0,12,1.0000,1.0000,0,975.2,1.0265
1229,266.535,560.900,649.773,12,12,0,12,1.0000,1.0000,0,984.8,1.0366
1230,266.507,639.602,650.277,12,12,0,12,1.0000,1.0000,0,983.0,1.0348
1231,266.479,718.303,650.780,12,12,0,12,1.0000,1.0000,0,946.5,0.9963
1232,266.624,757.391,690.024,8,4,0,4,1.0000,0.0000,0,0.0,0.0000
1233,266.702,88.689,646.753,12,12,1,11,0.9167,1.0000,0,989.1,1.0412
1234,266.847,127.776,685.996,12,12,1,11,0.9167,1.0000,0,957.5,1.0079
1235,266.674,167.391,647.256,12,12,0,12,1.0000,1.0000,0,963.9,1.0146
1236,266.820,206.478,686.499,12,12,1,11,0.9167,1.0000,0,922.8,0.9714
1237,266.646,246.092,647.760,12,12,1,11,0.9167,1.0000,0,877.3,0.9235
1238,266.792,285.180,687.003,12,12,0,12,1.0000,1.0000,0,941.5,0.9911
1239,266.764,363.881,687.506,12,12,0,12,1.0000,1.0000,0,973.1,1.0244
1240,266.736,442.583,688.010,12,12,0,12,1.0000,1.0000,0,981.5,1.0332
1241,266.708,521.285,688.513,12,12,0,12,1.0000,1.0000,0,953.4,1.0036
1242,266.853,560.372,727.756,12,12,1,11,0.9167,1.0000,0,959.8,1.0104
1243,266.680,599.987,689.017,12,12,0,12,1.0000,1.0000,0,963.3,1.0140
1244,266.825,639.074,728.260,12,12,0,12,1.0000,1.0000,0,982.2,1.0340
1245,266.652,678.689,689.520,12,12,0,12,1.0000,1.0000,0,938.9,0.9884
1246,266.798,717.776,728.763,12,12,0,12,1.0000,1.0000,0,962.2,1.0128
1247,266.875,49.074,685.492,8,8,1,7,0.8750,0.9582,0,602.7,0.6345
1248,267.021,88.161,724.736,12,12,0,12,1.0000,1.0000,0,954.9,1.0052
1249,266.993,166.863,725.239,12,12,0,12,1.0000,1.0000,0,980.2,1.0319
1250,266.965,245.565,725.743,12,12,0,12,1.0000,1.0000,0,977.0,1.0284
1251,267.111,284.652,764.986,8,4,0,4,1.0000,0.7590,0,309.8,0.3261
1252,266.937,324.267,726.246,12,12,0,12,1.0000,1.0000,0,963.4,1.0141
1253,267.083,363.354,765.489,8,4,0,4,1.0000,0.8116,0,394.3,0.4151
1254,266.909,402.969,726.750,12,12,0,12,1.0000,1.0000,0,973.0,1.0243
1255,267.055,442.056,765.993,8,4,0,4,1.0000,0.8292,0,421.2,0.4434
1256,266.881,481.670,727.253,12,12,0,12,1.0000,1.0000,0,955.7,1.0060
1257,267.027,520.758,766.496,8,4,0,4,1.0000,0.7855,0,326.3,0.3435
1258,266.999,599.459,767.000,8,4,0,4,1.0000,0.8462,0,432.8,0.4556
1259,266.971,678.161,767.503,8,4,0,4,1.0000,0.8833,0,480.0,0.5053
1260,266.943,756.863,768.007,5,1,0,1,1.0000,0.0000,0,0.0,0.0000
1261,267.194,48.547,763.475,5,3,0,3,1.0000,0.6085,0,268.2,0.2823
1262,267.166,127.248,763.979,8,4,0,4,1.0000,0.8626,0,468.0,0.4927
1263,267.138,205.950,764.482,8,4,0,4,1.0000,0.8214,0,396.7,0.4176
1264,303.354,486.214,64.321,8,8,0,8,1.0000,0.8128,0,391.6,0.4128
1265,303.326,564.916,64.825,8,8,0,8,1.0000,0.8260,0,434.5,0.4580
1266,303.298,643.618,65.328,8,8,0,8,1.0000,0.8408,0,420.7,0.4434
1267,303.270,722.320,65.832,8,8,0,8,1.0000,0.9148,0,533.9,0.5628
1268,303.494,92.705,61.804,8,8,0,8,1.0000,0.8848,0,476.0,0.5017
1269,303.466,171.407,62.308,8,8,0,8,1.0000,0.8499,0,461.1,0.4860
1270,303.611,210.494,101.551,12,12,0,12,1.0000,1.0000,0,950.0,1.0014
1271,303.438,250.109,62.811,8,8,0,8,1.0000,0.8431,0,441.2,0.4651
1272,303.583,289.196,102.054,12,12,0,12,1.0000,1.0000,0,956.1,1.0078
1273,303.410,328.810,63.314,8,8,0,8,1.0000,0.7626,0,318.3,0.3356
1274,303.555,367.898,102.558,12,12,0,12,1.0000,1.0000,0,937.2,0.9879
1275,303.382,407.512,63.818,8,8,0,8,1.0000,0.8085,0,376.9,0.3973
1276,303.527,446.600,103.061,12,12,0,12,1.0000,1.0000,0,971.3,1.0238
1277,303.500,525.301,103.565,12,12,0,12,1.0000,1.0000,0,928.9,0.9792
1278,303.472,604.003,104.068,12,12,0,12,1.0000,1.0000,0,973.1,1.0257
1279,303.617,643.090,143.311,12,12,0,12,1.0000,1.0000,0,976.1,1.0289
1280,303.444,682.705,104.572,12,12,0,12,1.0000,1.0000,0,960.9,1.0129
1281,303.589,721.792,143.815,12,12,0,12,1.0000,1.0000,0,905.5,0.9544
1282,303.416,761.407,105.075,8,4,0,4,1.0000,0.0000,0,0.0,0.0000
1283,303.667,53.090,100.544,8,8,0,8,1.0000,0.8296,0,431.2,0.4546
1284,303.813,92.177,139.787,12,12,0,12,1.0000,1.0000,0,921.7,0.9716
1285,303.639,131.792,101.047,12,12,0,12,1.0000,1.0000,0,921.5,0.9713
1286,303.785,170.879,140.291,12,12,0,12,1.0000,1.0000,0,942.6,0.9936
1287,303.757,249.581,140.794,12,12,0,12,1.0000,1.0000,0,971.8,1.0244
1288,303.729,328.283,141.297,12,12,0,12,1.0000,1.0000,0,950.4,1.0018
1289,303.874,367.370,180.541,12,12,0,12,1.0000,1.0000,0,955.5,1.0072
1290,303.701,406.985,141.801,12,12,0,12,1.0000,1.0000,0,968.1,1.0205
1291,303.846,446.072,181.044,12,12,0,12,1.0000,1.0000,0,961.3,1.0133
1292,303.673,485.687,142.304,12,12,0,12,1.0000,1.0000,0,962.6,1.0146
1293,303.818,524.774,181.548,12,12,0,12,1.0000,1.0000,0,985.1,1.0384
1294,303.645,564.389,142.808,12,12,1,11,0.9167,1.0000,0,965.4,1.0176
1295,303.791,603.476,182.051,12,12,0,12,1.0000,1.0000,0,958.4,1.0102
1296,303.763,682.178,182.555,12,12,0,12,1.0000,1.0000,0,937.3,0.9880
1297,303.735,760.879,183.058,8,4,0,4,1.0000,0.0000,0,0.0,0.0000
1298,303.986,52.563,178.527,8,8,0,8,1.0000,0.9286,0,549.2,0.5789
1299,303.958,131.265,179.030,12,12,0,12,1.0000,1.0000,0,946.1,0.9973
1300,304.104,170.352,218.273,12,12,0,12,1.0000,1.0000,0,937.2,0.9879
1301,303.930,209.966,179.534,12,12,0,12,1.0000,1.0000,0,962.6,1.0147
1302,304.076,249.054,218.777,12,12,0,12,1.0000,1.0000,0,944.5,0.9956
1303,303.902,288.668,180.037,12,12,0,12,1.0000,1.0000,0,974.1,1.0268
1304,304.048,327.756,219.280,12,12,0,12,1.0000,1.0000,0,938.1,0.9889
1305,304.020,406.457,219.784,12,12,0,12,1.0000,1.0000,0,954.8,1.0064
1306,303.992,485.159,220.287,12,12,0,12,1.0000,1.0000,0,963.3,1.0155
1307,303.964,563.861,220.791,12,12,1,11,0.9167,1.0000,0,871.8,0.9190
1308,304.109,602.948,260.034,12,12,0,12,1.0000,1.0000,0,956.4,1.0081
1309,303.936,642.563,221.294,12,12,0,12,1.0000,1.0000,0,941.0,0.9919
1310,304.082,681.650,260.538,12,12,0,12,1.0000,1.0000,0,925.5,0.9756
1311,303.908,721.265,221.798,12,12,0,12,1.0000,1.0000,0,917.5,0.9671
1312,304.054,760.352,261.041,8,4,0,4,1.0000,0.0000,0,0.0,0.0000
1313,304.305,52.035,256.510,8,8,0,8,1.0000,0.8329,0,451.4,0.4759
1314,304.131,91.650,217.770,12,12,0,12,1.0000,1.0000,0,914.8,0.9643
1315,304.277,130.737,257.013,12,12,0,12,1.0000,1.0000,0,923.5,0.9734
1316,304.249,209.439,257.517,12,12,0,12,1.0000,1.0000,0,926.8,0.9770
1317,304.221,288.141,258.020,12,12,0,12,1.0000,1.0000,0,926.8,0.9770
1318,304.367,327.228,297.263,12,12,0,12,1.0000,1.0000,0,955.7,1.0074
1319,304.193,366.843,258.524,12,12,0,12,1.0000,1.0000,0,947.2,0.9984
1320,304.339,405.930,297.767,12,12,0,12,1.0000,1.0000,0,945.1,0.9962
1321,304.165,445.545,259.027,12,12,0,12,1.0000,1.0000,0,962.3,1.0144
1322,304.311,484.632,298.270,12,12,1,11,0.9167,1.0000,0,893.6,0.9419
1323,304.137,524.246,259.531,12,12,0,12,1.0000,1.0000,0,973.5,1.0262
1324,304.283,563.334,298.774,12,12,0,12,1.0000,1.0000,0,980.7,1.0338
1325,304.255,642.035,299.277,12,12,0,12,1.0000,1.0000,0,968.4,1.0208
1326,304.227,720.737,299.781,12,12,0,12,1.0000,1.0000,0,929.4,0.9797
1327,304.372,759.825,339.024,8,4,0,4,1.0000,0.0000,0,0.0,0.0000
1328,304.624,51.508,334.493,8,8,1,7,0.8750,0.9003,0,521.2,0.5494
1329,304.450,91.123,295.753,12,12,1,11,0.9167,0.9804,0,693.6,0.7312
1330,304.596,130.210,334.996,12,12,0,12,1.0000,1.0000,0,900.4,0.9491
1331,304.422,169.824,296.256,12,12,0,12,1.0000,1.0000,0,942.1,0.9931
1332,304.568,208.912,335.500,12,12,0,12,1.0000,1.0000,0,913.4,0.9628
1333,304.394,248.526,296.760,12,12,0,12,1.0000,1.0000,0,933.2,0.9838
1334,304.540,287.613,336.003,12,12,0,12,1.0000,1.0000,0,903.3,0.9522
1335,304.512,366.315,336.507,12,12,0,12,1.0000,1.0000,0,914.9,0.9644
1336,304.484,445.017,337.010,12,12,0,12,1.0000,1.0000,0,958.1,1.0099
1337,304.456,523.719,337.514,12,12,0,12,1.0000,1.0000,0,957.8,1.0097
1338,304.602,562.806,376.757,12,12,0,12,1.0000,1.0000,0,966.0,1.0183
1339,304.428,602.421,338.017,12,12,0,12,1.0000,1.0000,0,960.4,1.0124
1340,304.574,641.508,377.260,12,12,0,12,1.0000,1.0000,0,942.5,0.9936
1341,304.400,681.123,338.520,12,12,0,12,1.0000,1.0000,0,954.5,1.0062
1342,304.546,720.210,377.764,12,12,0,12,1.0000,1.0000,0,913.0,0.9624
1343,304.769,90.595,373.736,12,12,1,11,0.9167,1.0000,0,922.8,0.9727
1344,304.741,169.297,374.239,12,12,1,11,0.9167,1.0000,0,923.5,0.9735
1345,304.713,247.999,374.743,12,12,0,12,1.0000,1.0000,0,941.4,0.9923
1346,304.859,287.086,413.986,12,12,0,12,1.0000,1.0000,0,916.2,0.9658
1347,304.685,326.701,375.246,12,12,0,12,1.0000,1.0000,0,953.6,1.0052
1348,304.831,365.788,414.490,12,12,0,12,1.0000,1.0000,0,925.9,0.9760
1349,304.658,405.402,375.750,12,12,0,12,1.0000,1.0000,0,930.7,0.9810
1350,304.803,444.490,414.993,12,12,0,12,1.0000,1.0000,0,873.6,0.9209
1351,304.630,484.104,376.253,12,12,0,12,1.0000,1.0000,0,958.1,1.0099
1352,304.775,523.191,415.496,12,12,0,12,1.0000,1.0000,0,928.1,0.9783
1353,304.747,601.893,416.000,12,12,0,12,1.0000,1.0000,0,945.8,0.9970
1354,304.719,680.595,416.503,12,12,1,11,0.9167,0.9972,0,805.9,0.8495
1355,304.865,719.682,455.747,12,12,0,12,1.0000,1.0000,0,898.5,0.9471
1356,304.691,759.297,417.007,8,4,0,4,1.0000,0.0000,0,0.0,0.0000
1357,304.943,50.980,412.476,8,8,0,8,1.0000,0.8543,0,469.9,0.4954
1358,305.088,90.068,451.719,12,12,0,12,1.0000,1.0000,0,917.3,0.9670
1359,304.915,129.682,412.979,12,12,1,11,0.9167,1.0000,0,905.4,0.9544
1360,305.060,168.769,452.222,12,12,0,12,1.0000,1.0000,0,914.7,0.9642
1361,304.887,208.384,413.483,12,12,0,12,1.0000,1.0000,0,874.8,0.9222
1362,305.032,247.471,452.726,12,12,0,12,1.0000,1.0000,0,938.8,0.9896
1363,305.004,326.173,453.229,12,12,0,12,1.0000,1.0000,0,954.3,1.0060
1364,304.976,404.875,453.733,12,12,0,12,1.0000,1.0000,0,929.2,0.9795
1365,305.122,443.962,492.976,12,12,0,12,1.0000,1.0000,0,951.5,1.0030
1366,304.949,483.577,454.236,12,12,0,12,1.0000,1.0000,0,970.0,1.0225
1367,305.094,522.664,493.479,12,12,0,12,1.0000,1.0000,0,954.9,1.0066
1368,304.921,562.279,454.740,12,12,0,12,1.0000,1.0000,0,957.6,1.0094
1369,305.066,601.366,493.983,12,12,0,12,1.0000,1.0000,0,944.5,0.9956
1370,304.893,640.981,455.243,12,12,0,12,1.0000,1.0000,0,944.8,0.9959
1371,305.038,680.068,494.486,12,12,0,12,1.0000,1.0000,0,938.1,0.9889
1372,305.010,758.770,494.990,8,4,0,4,1.0000,0.0000,0,0.0,0.0000
1373,305.262,50.453,490.459,8,8,1,7,0.8750,0.8632,0,460.4,0.4853
1374,305.234,129.155,490.962,12,12,0,12,1.0000,1.0000,0,915.6,0.9652
1375,305.206,207.857,491.466,12,12,0,12,1.0000,1.0000,0,914.7,0.9642
1376,305.351,246.944,530.709,12,12,0,12,1.0000,1.0000,0,970.1,1.0226
1377,305.178,286.558,491.969,12,12,0,12,1.0000,1.0000,0,922.8,0.9727
1378,305.323,325.646,531.212,12,12,0,12,1.0000,1.0000,0,923.8,0.9738
1379,305.150,365.260,492.473,12,12,0,12,1.0000,1.0000,0,919.3,0.9691
1380,305.295,404.347,531.716,12,12,0,12,1.0000,1.0000,0,955.2,1.0069
1381,305.267,483.049,532.219,12,12,1,11,0.9167,1.0000,0,958.4,1.0102
1382,305.240,561.751,532.723,12,12,0,12,1.0000,1.0000,0,958.4,1.0103
1383,305.212,640.453,533.226,12,12,0,12,1.0000,1.0000,0,951.9,1.0034
1384,305.357,679.540,572.469,12,12,0,12,1.0000,1.0000,0,929.2,0.9795
1385,305.184,719.155,533.730,12,12,0,12,1.0000,1.0000,0,913.1,0.9625
1386,305.329,758.242,572.973,8,4,1,3,0.7500,0.0000,0,0.0,0.0000
1387,305.580,49.925,568.442,8,8,1,7,0.8750,0.8840,0,472.6,0.4982
1388,305.407,89.540,529.702,12,12,0,12,1.0000,1.0000,0,917.0,0.9667
1389,305.552,128.627,568.945,12,12,0,12,1.0000,1.0000,0,906.6,0.9557
1390,305.379,168.242,530.205,12,12,0,12,1.0000,1.0000,0,935.6,0.9863
1391,305.525,207.329,569.449,12,12,1,11,0.9167,1.0000,0,924.9,0.9750
1392,305.497,286.031,569.952,12,12,0,12,1.0000,1.0000,0,950.6,1.0021
1393,305.469,364.733,570.455,12,12,0,12,1.0000,1.0000,0,961.0,1.0130
1394,305.614,403.820,609.699,12,12,0,12,1.0000,1.0000,0,956.3,1.0081
1395,305.441,443.435,570.959,12,12,0,12,1.0000,1.0000,0,942.4,0.9934
1396,305.586,482.522,610.202,12,12,0,12,1.0000,1.0000,0,966.9,1.0192
1397,305.413,522.137,571.462,12,12,0,12,1.0000,1.0000,0,938.2,0.9890
1398,305.558,561.224,610.706,12,12,0,12,1.0000,1.0000,0,943.4,0.9945
1399,305.385,600.838,571.966,12,12,0,12,1.0000,1.0000,0,954.2,1.0059
1400,305.530,639.926,611.209,12,12,0,12,1.0000,1.0000,0,946.6,0.9978
1401,305.503,718.627,611.713,12,12,1,11,0.9167,1.0000,0,908.8,0.9581
1402,305.726,89.013,607.685,12,12,0,12,1.0000,1.0000,0,935.8,0.9865
1403,305.871,128.100,646.928,12,12,0,12,1.0000,1.0000,0,960.0,1.0120
1404,305.698,167.714,608.188,12,12,0,12,1.0000,1.0000,0,964.2,1.0165
1405,305.843,206.802,647.432,12,12,0,12,1.0000,1.0000,0,955.6,1.0074
1406,305.670,246.416,608.692,12,12,1,11,0.9167,1.0000,0,880.0,0.9277
1407,305.816,285.503,647.935,12,12,1,11,0.9167,1.0000,0,917.9,0.9676
1408,305.642,325.118,609.195,12,12,0,12,1.0000,1.0000,0,962.8,1.0149
1409,305.788,364.205,648.438,12,12,0,12,1.0000,1.0000,0,952.4,1.0040
1410,305.760,442.907,648.942,12,12,0,12,1.0000,1.0000,0,959.9,1.0119
1411,305.732,521.609,649.445,12,12,0,12,1.0000,1.0000,0,978.2,1.0312
1412,305.704,600.311,649.949,12,12,0,12,1.0000,1.0000,0,963.9,1.0161
1413,305.849,639.398,689.192,12,12,0,12,1.0000,1.0000,0,956.2,1.0080
1414,305.676,679.013,650.452,12,12,0,12,1.0000,1.0000,0,938.0,0.9888
1415,305.821,718.100,689.696,12,12,0,12,1.0000,1.0000,0,921.9,0.9718
1416,305.648,757.715,650.956,8,4,0,4,1.0000,0.0000,0,0.0,0.0000
1417,305.899,49.398,646.425,8,8,1,7,0.8750,0.9692,0,634.6,0.6689
1418,306.045,88.485,685.668,12,12,4,8,0.6667,1.0000,0,801.4,0.8449
1419,306.017,167.187,686.171,12,12,1,11,0.9167,1.0000,0,956.3,1.0081
1420,305.989,245.889,686.675,12,12,0,12,1.0000,1.0000,0,937.6,0.9884
1421,305.961,324.591,687.178,12,12,1,11,0.9167,1.0000,0,953.0,1.0046
1422,306.107,363.678,726.421,12,12,0,12,1.0000,1.0000,0,944.2,0.9953
1423,305.933,403.293,687.682,12,12,0,12,1.0000,1.0000,0,970.6,1.0232
1424,306.079,442.380,726.925,12,12,0,12,1.0000,1.0000,0,953.5,1.0051
1425,305.905,481.994,688.185,12,12,0,12,1.0000,1.0000,0,961.8,1.0139
1426,306.051,521.082,727.428,12,12,0,12,1.0000,1.0000,0,925.0,0.9752
1427,305.877,560.696,688.689,12,12,0,12,1.0000,1.0000,0,983.3,1.0366
1428,306.023,599.783,727.932,12,12,0,12,1.0000,1.0000,0,963.3,1.0155
1429,305.995,678.485,728.435,12,12,0,12,1.0000,1.0000,0,939.9,0.9908
1430,305.967,757.187,728.939,8,4,0,4,1.0000,0.0000,0,0.0,0.0000
1431,306.218,48.870,724.408,8,8,3,5,0.6250,1.0000,0,742.4,0.7826
1432,306.364,87.958,763.651,8,4,0,4,1.0000,0.7701,0,338.4,0.3568
1433,306.190,127.572,724.911,12,12,1,11,0.9167,1.0000,0,916.4,0.9660
1434,306.336,166.660,764.154,8,4,1,3,0.7500,0.7528,0,318.6,0.3359
1435,306.162,206.274,725.414,12,12,1,11,0.9167,1.0000,0,958.5,1.0105
1436,306.308,245.361,764.658,8,4,0,4,1.0000,0.7722,0,341.1,0.3596
1437,306.134,284.976,725.918,12,12,0,12,1.0000,1.0000,0,947.3,0.9986
1438,306.280,324.063,765.161,8,4,0,4,1.0000,0.7836,0,246.4,0.2597
1439,306.252,402.765,765.665,8,4,0,4,1.0000,0.8000,0,356.3,0.3756
1440,306.224,481.467,766.168,8,4,0,4,1.0000,0.8343,0,440.6,0.4645
1441,306.196,560.169,766.672,8,4,1,3,0.7500,0.8028,0,353.8,0.3730
1442,306.168,638.871,767.175,8,4,0,4,1.0000,0.8365,0,428.6,0.4519
1443,306.140,717.572,767.679,8,4,0,4,1.0000,0.9076,0,526.7,0.5552
1444,342.607,289.520,62.986,8,8,0,8,1.0000,0.7747,0,352.1,0.3717
1445,342.579,368.222,63.490,8,8,0,8,1.0000,0.8023,0,376.7,0.3976
1446,342.551,446.923,63.993,8,8,0,8,1.0000,0.7843,0,302.9,0.3198
1447,342.523,525.625,64.497,8,8,0,8,1.0000,0.8046,0,348.8,0.3682
1448,342.496,604.327,65.000,8,8,0,8,1.0000,0.8389,0,440.0,0.4645
1449,342.468,683.029,65.504,8,8,0,8,1.0000,0.8544,0,441.9,0.4664
1450,342.613,722.116,104.747,12,12,0,12,1.0000,1.0000,0,951.0,1.0039
1451,342.440,761.731,66.007,5,3,0,3,1.0000,0.0000,0,0.0,0.0000
1452,342.691,53.414,61.476,5,5,0,5,1.0000,0.7557,0,408.6,0.4313
1453,342.836,92.501,100.719,12,12,0,12,1.0000,1.0000,0,961.9,1.0153
1454,342.663,132.116,61.979,8,8,0,8,1.0000,0.8729,0,476.2,0.5027
1455,342.809,171.203,101.223,12,12,0,12,1.0000,1.0000,0,976.6,1.0309
1456,342.635,210.818,62.483,8,8,0,8,1.0000,0.8202,0,386.9,0.4084
1457,342.781,249.905,101.726,12,12,0,12,1.0000,1.0000,0,976.1,1.0304
1458,342.753,328.607,102.230,12,12,0,12,1.0000,1.0000,0,933.5,0.9854
1459,342.725,407.309,102.733,12,12,0,12,1.0000,1.0000,0,941.8,0.9942
1460,342.870,446.396,141.976,12,12,0,12,1.0000,1.0000,0,975.8,1.0301
1461,342.697,486.011,103.237,12,12,0,12,1.0000,1.0000,0,969.3,1.0232
1462,342.842,525.098,142.480,12,12,0,12,1.0000,1.0000,0,945.3,0.9978
1463,342.669,564.712,103.740,12,12,0,12,1.0000,1.0000,0,968.4,1.0222
1464,342.814,603.800,142.983,12,12,0,12,1.0000,1.0000,0,958.7,1.0120
1465,342.641,643.414,104.243,12,12,0,12,1.0000,1.0000,0,1002.9,1.0586
1466,342.787,682.502,143.487,12,12,0,12,1.0000,1.0000,0,936.9,0.9890
1467,342.759,761.203,143.990,8,4,0,4,1.0000,0.0000,0,0.0,0.0000
1468,343.010,52.887,139.459,8,8,0,8,1.0000,0.8000,0,392.2,0.4140
1469,342.982,131.589,139.962,12,12,0,12,1.0000,1.0000,0,886.6,0.9359
1470,342.954,210.290,140.466,12,12,0,12,1.0000,1.0000,0,947.9,1.0006
1471,343.099,249.378,179.709,12,12,0,12,1.0000,1.0000,0,981.6,1.0361
1472,342.926,288.992,140.969,12,12,0,12,1.0000,1.0000,0,942.1,0.9944
1473,343.072,328.079,180.213,12,12,1,11,0.9167,0.9945,0,843.2,0.8901
1474,342.898,367.694,141.473,12,12,1,11,0.9167,1.0000,0,929.7,0.9814
1475,343.044,406.781,180.716,12,12,0,12,1.0000,1.0000,0,964.6,1.0182
1476,343.016,485.483,181.220,12,12,0,12,1.0000,1.0000,0,983.6,1.0382
1477,342.988,564.185,181.723,12,12,1,11,0.9167,1.0000,0,996.1,1.0515
1478,342.960,642.887,182.226,12,12,0,12,1.0000,1.0000,0,985.1,1.0399
1479,343.105,681.974,221.470,12,12,0,12,1.0000,1.0000,0,930.4,0.9822
1480,342.932,721.589,182.730,12,12,0,12,1.0000,1.0000,0,945.3,0.9978
1481,343.077,760.676,221.973,8,4,0,4,1.0000,0.0000,0,0.0,0.0000
1482,343.329,52.359,217.442,8,8,0,8,1.0000,0.9185,0,541.8,0.5719
1483,343.155,91.974,178.702,12,12,0,12,1.0000,1.0000,0,967.6,1.0214
1484,343.301,131.061,217.945,12,12,0,12,1.0000,1.0000,0,950.1,1.0029
1485,343.127,170.676,179.206,12,12,0,12,1.0000,1.0000,0,972.9,1.0270
1486,343.273,209.763,218.449,12,12,0,12,1.0000,1.0000,0,955.4,1.0085
1487,343.245,288.465,218.952,12,12,0,12,1.0000,1.0000,0,978.4,1.0328
1488,343.217,367.167,219.456,12,12,0,12,1.0000,1.0000,0,970.6,1.0246
1489,343.363,406.254,258.699,12,12,0,12,1.0000,1.0000,0,968.2,1.0220
1490,343.189,445.869,219.959,12,12,0,12,1.0000,1.0000,0,976.3,1.0306
1491,343.335,484.956,259.202,12,12,0,12,1.0000,1.0000,0,977.5,1.0319
1492,343.161,524.570,220.463,12,12,0,12,1.0000,1.0000,0,964.1,1.0177
1493,343.307,563.658,259.706,12,12,0,12,1.0000,1.0000,0,983.8,1.0385
1494,343.133,603.272,220.966,12,12,0,12,1.0000,1.0000,0,966.5,1.0203
1495,343.279,642.359,260.209,12,12,0,12,1.0000,1.0000,0,963.8,1.0174
1496,343.251,721.061,260.713,12,12,0,12,1.0000,1.0000,0,926.8,0.9783
1497,343.474,91.446,256.685,12,12,1,11,0.9167,1.0000,0,879.8,0.9287
1498,343.620,130.534,295.928,12,12,1,11,0.9167,1.0000,0,828.7,0.8748
1499,343.446,170.148,257.189,12,12,0,12,1.0000,1.0000,0,937.4,0.9896
1500,343.592,209.235,296.432,12,12,0,12,1.0000,1.0000,0,946.3,0.9989
1501,343.418,248.850,257.692,12,12,0,12,1.0000,1.0000,0,958.1,1.0114
1502,343.564,287.937,296.935,12,12,0,12,1.0000,1.0000,0,942.0,0.9943
1503,343.390,327.552,258.196,12,12,0,12,1.0000,1.0000,0,952.4,1.0053
1504,343.536,366.639,297.439,12,12,0,12,1.0000,1.0000,0,938.2,0.9904
1505,343.508,445.341,297.942,12,12,0,12,1.0000,1.0000,0,973.6,1.0277
1506,343.480,524.043,298.446,12,12,0,12,1.0000,1.0000,0,991.3,1.0464
1507,343.452,602.745,298.949,12,12,0,12,1.0000,1.0000,0,956.4,1.0096
1508,343.598,641.832,338.192,12,12,0,12,1.0000,1.0000,0,941.2,0.9935
1509,343.424,681.447,299.453,12,12,0,12,1.0000,1.0000,0,948.6,1.0014
1510,343.570,720.534,338.696,12,12,0,12,1.0000,1.0000,0,936.8,0.9889
1511,343.396,760.148,299.956,8,4,0,4,1.0000,0.0000,0,0.0,0.0000
1512,343.648,51.832,295.425,8,8,4,4,0.5000,0.9553,0,612.1,0.6461
1513,343.793,90.919,334.668,12,12,3,9,0.7500,0.9889,0,792.0,0.8360
1514,343.765,169.621,335.172,12,12,0,12,1.0000,1.0000,0,928.8,0.9804
1515,343.737,248.323,335.675,12,12,0,12,1.0000,1.0000,0,929.2,0.9809
1516,343.709,327.025,336.179,12,12,0,12,1.0000,1.0000,0,935.1,0.9871
1517,343.855,366.112,375.422,12,12,1,11,0.9167,0.9804,0,793.7,0.8378
1518,343.681,405.726,336.682,12,12,0,12,1.0000,1.0000,0,937.8,0.9899
1519,343.827,444.814,375.925,12,12,0,12,1.0000,1.0000,0,968.4,1.0223
1520,343.654,484.428,337.185,12,12,0,12,1.0000,1.0000,0,983.4,1.0381
1521,343.799,523.515,376.429,12,12,0,12,1.0000,1.0000,0,996.5,1.0519
1522,343.626,563.130,337.689,12,12,0,12,1.0000,1.0000,0,954.7,1.0078
1523,343.771,602.217,376.932,12,12,0,12,1.0000,1.0000,0,958.7,1.0120
1524,343.743,680.919,377.436,12,12,0,12,1.0000,1.0000,0,944.1,0.9966
1525,343.715,759.621,377.939,8,4,0,4,1.0000,0.0000,0,0.0,0.0000
1526,343.967,51.304,373.408,8,8,4,4,0.5000,0.9916,0,649.6,0.6858
1527,344.112,90.391,412.651,12,12,3,9,0.7500,1.0000,0,879.6,0.9285
1528,343.939,130.006,373.911,12,12,0,12,1.0000,1.0000,0,919.8,0.9709
1529,344.084,169.093,413.155,12,12,0,12,1.0000,1.0000,0,942.5,0.9949
1530,343.911,208.708,374.415,12,12,0,12,1.0000,1.0000,0,946.1,0.9987
1531,344.056,247.795,413.658,12,12,0,12,1.0000,1.0000,0,925.1,0.9766
1532,343.883,287.410,374.918,12,12,0,12,1.0000,1.0000,0,955.8,1.0090
1533,344.028,326.497,414.161,12,12,1,11,0.9167,1.0000,0,894.2,0.9439
1534,344.000,405.199,414.665,12,12,0,12,1.0000,1.0000,0,932.7,0.9846
1535,343.972,483.901,415.168,12,12,1,11,0.9167,0.9973,0,810.6,0.8557
1536,344.118,522.988,454.412,12,12,0,12,1.0000,1.0000,0,968.9,1.0228
1537,343.945,562.603,415.672,12,12,0,12,1.0000,1.0000,0,944.5,0.9970
1538,344.090,601.690,454.915,12,12,1,11,0.9167,1.0000,0,962.4,1.0159
1539,343.917,641.304,416.175,12,12,1,11,0.9167,1.0000,0,893.6,0.9433
1540,344.062,680.392,455.419,12,12,0,12,1.0000,1.0000,0,937.8,0.9899
1541,343.889,720.006,416.679,12,12,0,12,1.0000,1.0000,0,903.9,0.9542
1542,344.034,759.093,455.922,8,4,0,4,1.0000,0.0000,0,0.0,0.0000
1543,344.285,50.777,451.391,8,8,0,8,1.0000,0.9494,0,580.9,0.6132
1544,344.257,129.479,451.894,12,12,1,11,0.9167,1.0000,0,905.2,0.9555
1545,344.230,208.181,452.398,12,12,0,12,1.0000,1.0000,0,925.9,0.9775
1546,344.202,286.882,452.901,12,12,0,12,1.0000,1.0000,0,953.3,1.0063
1547,344.347,325.970,492.144,12,12,0,12,1.0000,1.0000,0,923.3,0.9747
1548,344.174,365.584,453.405,12,12,0,12,1.0000,1.0000,0,933.6,0.9855
1549,344.319,404.671,492.648,12,12,0,12,1.0000,1.0000,0,900.2,0.9503
1550,344.146,444.286,453.908,12,12,0,12,1.0000,1.0000,0,939.7,0.9919
1551,344.291,483.373,493.151,12,12,1,11,0.9167,0.9972,0,850.5,0.8978
1552,344.263,562.075,493.655,12,12,0,12,1.0000,1.0000,0,973.1,1.0272
1553,344.235,640.777,494.158,12,12,0,12,1.0000,1.0000,0,964.8,1.0185
1554,344.208,719.479,494.662,12,12,0,12,1.0000,1.0000,0,908.6,0.9591
1555,344.353,758.566,533.905,8,4,0,4,1.0000,0.0000,0,0.0,0.0000
1556,344.604,50.249,529.374,8,8,0,8,1.0000,0.8599,0,482.6,0.5094
1557,344.431,89.864,490.634,12,12,0,12,1.0000,1.0000,0,918.5,0.9697
1558,344.576,128.951,529.877,12,12,0,12,1.0000,1.0000,0,922.9,0.9742
1559,344.403,168.566,491.137,12,12,0,12,1.0000,1.0000,0,928.1,0.9798
1560,344.548,207.653,530.381,12,12,0,12,1.0000,1.0000,0,924.8,0.9763
1561,344.375,247.268,491.641,12,12,0,12,1.0000,1.0000,0,943.1,0.9956
1562,344.521,286.355,530.884,12,12,0,12,1.0000,1.0000,0,955.0,1.0082
1563,344.493,365.057,531.388,12,12,0,12,1.0000,1.0000,0,967.7,1.0215
1564,344.465,443.759,531.891,12,12,0,12,1.0000,1.0000,0,968.1,1.0219
1565,344.610,482.846,571.134,12,12,1,11,0.9167,1.0000,0,949.3,1.0022
1566,344.437,522.460,532.395,12,12,0,12,1.0000,1.0000,0,1002.5,1.0583
1567,344.582,561.548,571.638,12,12,0,12,1.0000,1.0000,0,993.1,1.0483
1568,344.409,601.162,532.898,12,12,0,12,1.0000,1.0000,0,969.9,1.0239
1569,344.554,640.249,572.141,12,12,0,12,1.0000,1.0000,0,954.1,1.0072
1570,344.381,679.864,533.402,12,12,0,12,1.0000,1.0000,0,951.1,1.0040
1571,344.526,718.951,572.645,12,12,0,12,1.0000,1.0000,0,929.0,0.9807
1572,344.750,89.337,568.617,12,12,0,12,1.0000,1.0000,0,943.2,0.9957
1573,344.722,168.038,569.120,12,12,0,12,1.0000,1.0000,0,947.8,1.0005
1574,344.867,207.126,608.364,12,12,1,11,0.9167,1.0000,0,948.9,1.0018
1575,344.694,246.740,569.624,12,12,0,12,1.0000,1.0000,0,967.1,1.0209
1576,344.839,285.827,608.867,12,12,0,12,1.0000,1.0000,0,944.1,0.9967
1577,344.666,325.442,570.127,12,12,0,12,1.0000,1.0000,0,963.2,1.0168
1578,344.812,364.529,609.371,12,12,0,12,1.0000,1.0000,0,980.0,1.0346
1579,344.638,404.144,570.631,12,12,0,12,1.0000,1.0000,0,963.6,1.0173
1580,344.784,443.231,609.874,12,12,0,12,1.0000,1.0000,0,969.3,1.0233
1581,344.756,521.933,610.378,12,12,0,12,1.0000,1.0000,0,952.5,1.0056
1582,344.728,600.635,610.881,12,12,0,12,1.0000,1.0000,0,963.1,1.0167
1583,344.873,639.722,650.124,12,12,0,12,1.0000,1.0000,0,970.5,1.0246
1584,344.700,679.337,611.384,12,12,0,12,1.0000,1.0000,0,930.3,0.9821
1585,344.845,718.424,650.628,12,12,0,12,1.0000,1.0000,0,935.2,0.9873
1586,344.672,758.039,611.888,8,4,0,4,1.0000,0.0000,0,0.0,0.0000
1587,344.923,49.722,607.357,8,8,1,7,0.8750,0.9304,0,558.1,0.5892
1588,345.069,88.809,646.600,12,12,1,11,0.9167,1.0000,0,873.3,0.9220
1589,344.895,128.424,607.860,12,12,0,12,1.0000,1.0000,0,944.6,0.9972
1590,345.041,167.511,647.103,12,12,0,12,1.0000,1.0000,0,970.6,1.0247
1591,345.013,246.213,647.607,12,12,0,12,1.0000,1.0000,0,950.7,1.0037
1592,344.985,324.915,648.110,12,12,0,12,1.0000,1.0000,0,951.3,1.0043
1593,344.957,403.616,648.614,12,12,0,12,1.0000,1.0000,0,952.2,1.0052
1594,345.103,442.704,687.857,12,12,0,12,1.0000,1.0000,0,966.1,1.0199
1595,344.929,482.318,649.117,12,12,0,12,1.0000,1.0000,0,979.4,1.0340
1596,345.075,521.406,688.361,12,12,0,12,1.0000,1.0000,0,962.5,1.0161
1597,344.901,561.020,649.621,12,12,0,12,1.0000,1.0000,0,973.9,1.0282
1598,345.047,600.107,688.864,12,12,0,12,1.0000,1.0000,0,965.9,1.0198
1599,345.019,678.809,689.367,12,12,0,12,1.0000,1.0000,0,949.9,1.0028
1600,344.991,757.511,689.871,8,4,0,4,1.0000,0.0000,0,0.0,0.0000
1601,345.242,49.194,685.340,8,8,2,6,0.7500,0.9556,0,607.6,0.6414
1602,345.214,127.896,685.843,12,12,0,12,1.0000,1.0000,0,939.4,0.9918
1603,345.360,166.983,725.086,12,12,2,10,0.8333,1.0000,0,968.1,1.0221
1604,345.186,206.598,686.347,12,12,0,12,1.0000,1.0000,0,947.9,1.0007
1605,345.332,245.685,725.590,12,12,0,12,1.0000,1.0000,0,966.3,1.0202
1606,345.158,285.300,686.850,12,12,0,12,1.0000,1.0000,0,955.5,1.0088
1607,345.304,324.387,726.093,12,12,2,10,0.8333,1.0000,0,937.0,0.9893
1608,345.130,364.002,687.354,12,12,0,12,1.0000,1.0000,0,949.2,1.0021
1609,345.276,403.089,726.597,12,12,0,12,1.0000,1.0000,0,935.8,0.9880
1610,345.248,481.791,727.100,12,12,0,12,1.0000,1.0000,0,963.4,1.0171
1611,345.220,560.493,727.604,12,12,0,12,1.0000,1.0000,0,956.8,1.0101
1612,345.366,599.580,766.847,8,4,0,4,1.0000,0.7989,0,381.3,0.4026
1613,345.192,639.195,728.107,12,12,0,12,1.0000,1.0000,0,992.1,1.0474
1614,345.338,678.282,767.350,8,4,0,4,1.0000,0.8504,0,441.9,0.4665
1615,345.164,717.896,728.611,12,12,0,12,1.0000,1.0000,0,944.0,0.9966
1616,345.310,756.984,767.854,5,1,0,1,1.0000,0.0000,0,0.0,0.0000
1617,345.561,48.667,763.323,5,3,0,3,1.0000,0.7493,0,363.7,0.3840
1618,345.388,88.282,724.583,12,12,2,10,0.8333,1.0000,0,967.3,1.0212
1619,345.533,127.369,763.826,8,4,2,2,0.5000,0.6573,0,0.0,0.0000
1620,345.505,206.071,764.330,8,4,0,4,1.0000,0.7889,0,337.7,0.3565
1621,345.477,284.772,764.833,8,4,0,4,1.0000,0.7718,0,317.7,0.3354
1622,345.449,363.474,765.337,8,4,0,4,1.0000,0.8286,0,387.3,0.4089
1623,345.421,442.176,765.840,8,4,0,4,1.0000,0.8034,0,380.2,0.4014
1624,345.393,520.878,766.343,8,4,0,4,1.0000,0.7827,0,357.8,0.3778
1625,381.860,92.825,61.651,8,8,1,7,0.8750,0.9169,0,542.8,0.5758
1626,381.832,171.527,62.155,8,8,0,8,1.0000,0.9014,0,511.5,0.5426
1627,381.804,250.229,62.658,8,8,0,8,1.0000,0.8380,0,419.5,0.4450
1628,381.777,328.931,63.162,8,8,0,8,1.0000,0.7732,0,313.0,0.3320
1629,381.749,407.633,63.665,8,8,1,7,0.8750,0.8319,0,429.5,0.4556
1630,381.721,486.335,64.169,8,8,0,8,1.0000,0.8116,0,391.9,0.4157
1631,381.866,525.422,103.412,12,12,0,12,1.0000,1.0000,0,942.7,1.0000
1632,381.693,565.036,64.672,8,8,0,8,1.0000,0.8361,0,424.3,0.4501
1633,381.838,604.124,103.915,12,12,0,12,1.0000,1.0000,0,946.0,1.0035
1634,381.665,643.738,65.176,8,8,1,7,0.8750,0.8338,0,402.8,0.4273
1635,381.810,682.825,104.419,12,12,0,12,1.0000,1.0000,0,955.8,1.0138
1636,381.637,722.440,65.679,8,8,0,8,1.0000,0.8687,0,459.1,0.4870
1637,381.782,761.527,104.922,8,4,0,4,1.0000,0.0000,0,0.0,0.0000
1638,382.034,53.211,100.391,8,8,0,8,1.0000,0.9557,0,579.7,0.6149
1639,382.006,131.913,100.895,12,12,0,12,1.0000,1.0000,0,941.0,0.9981
1640,381.978,210.614,101.398,12,12,0,12,1.0000,1.0000,0,941.3,0.9985
1641,382.123,249.702,140.641,12,12,0,12,1.0000,1.0000,0,947.3,1.0049
1642,381.950,289.316,101.902,12,12,1,11,0.9167,1.0000,0,951.7,1.0095
1643,382.095,328.403,141.145,12,12,0,12,1.0000,1.0000,0,953.3,1.0112
1644,381.922,368.018,102.405,12,12,0,12,1.0000,1.0000,0,907.3,0.9625
1645,382.068,407.105,141.648,12,12,0,12,1.0000,1.0000,0,975.7,1.0350
1646,381.894,446.720,102.908,12,12,0,12,1.0000,1.0000,0,942.0,0.9992
1647,382.040,485.807,142.152,12,12,0,12,1.0000,1.0000,0,952.4,1.0103
1648,382.012,564.509,142.655,12,12,0,12,1.0000,1.0000,0,967.5,1.0263
1649,381.984,643.211,143.159,12,12,0,12,1.0000,1.0000,0,966.4,1.0252
1650,381.956,721.913,143.662,12,12,0,12,1.0000,1.0000,0,897.9,0.9525
1651,382.101,761.000,182.905,8,4,0,4,1.0000,0.0000,0,0.0,0.0000
1652,382.353,52.683,178.374,8,8,0,8,1.0000,0.8468,0,451.7,0.4792
1653,382.179,92.298,139.634,12,12,0,12,1.0000,1.0000,0,902.1,0.9569
1654,382.325,131.385,178.878,12,12,0,12,1.0000,1.0000,0,864.6,0.9172
1655,382.151,171.000,140.138,12,12,0,12,1.0000,1.0000,0,936.1,0.9930
1656,382.297,210.087,179.381,12,12,0,12,1.0000,1.0000,0,916.0,0.9717
1657,382.269,288.789,179.884,12,12,0,12,1.0000,1.0000,0,939.4,0.9966
1658,382.241,367.491,180.388,12,12,1,11,0.9167,1.0000,0,938.0,0.9950
1659,382.213,446.192,180.891,12,12,0,12,1.0000,1.0000,0,959.7,1.0181
1660,382.359,485.280,220.135,12,12,0,12,1.0000,1.0000,0,962.3,1.0208
1661,382.185,524.894,181.395,12,12,0,12,1.0000,1.0000,0,967.4,1.0262
1662,382.331,563.981,220.638,12,12,0,12,1.0000,1.0000,0,946.9,1.0045
1663,382.157,603.596,181.898,12,12,0,12,1.0000,1.0000,0,951.6,1.0094
1664,382.303,642.683,221.142,12,12,0,12,1.0000,1.0000,0,936.7,0.9937
1665,382.129,682.298,182.402,12,12,0,12,1.0000,1.0000,0,938.3,0.9953
1666,382.275,721.385,221.645,12,12,0,12,1.0000,1.0000,0,916.4,0.9721
1667,382.498,91.770,217.617,12,12,0,12,1.0000,1.0000,0,918.8,0.9747
1668,382.470,170.472,218.121,12,12,0,12,1.0000,1.0000,0,942.5,0.9999
1669,382.616,209.559,257.364,12,12,0,12,1.0000,1.0000,0,937.3,0.9944
1670,382.442,249.174,218.624,12,12,0,12,1.0000,1.0000,0,946.4,1.0040
1671,382.588,288.261,257.867,12,12,0,12,1.0000,1.0000,0,950.8,1.0087
1672,382.414,327.876,219.128,12,12,1,11,0.9167,1.0000,0,838.4,0.8894
1673,382.560,366.963,258.371,12,12,0,12,1.0000,1.0000,0,945.6,1.0031
1674,382.386,406.578,219.631,12,12,0,12,1.0000,1.0000,0,963.9,1.0225
1675,382.532,445.665,258.874,12,12,0,12,1.0000,1.0000,0,958.5,1.0169
1676,382.504,524.367,259.378,12,12,0,12,1.0000,1.0000,0,972.2,1.0313
1677,382.476,603.069,259.881,12,12,1,11,0.9167,1.0000,0,928.0,0.9844
1678,382.622,642.156,299.125,12,12,0,12,1.0000,1.0000,0,941.5,0.9988
1679,382.448,681.771,260.385,12,12,0,12,1.0000,1.0000,0,918.0,0.9738
1680,382.594,720.858,299.628,12,12,0,12,1.0000,1.0000,0,923.1,0.9793
1681,382.420,760.472,260.888,8,4,0,4,1.0000,0.0000,0,0.0,0.0000
1682,382.672,52.156,256.357,8,8,2,6,0.7500,0.9832,0,618.9,0.6566
1683,382.817,91.243,295.600,12,12,2,10,0.8333,1.0000,0,915.7,0.9714
1684,382.644,130.858,256.861,12,12,0,12,1.0000,1.0000,0,940.1,0.9973
1685,382.789,169.945,296.104,12,12,0,12,1.0000,1.0000,0,901.0,0.9559
1686,382.761,248.647,296.607,12,12,0,12,1.0000,1.0000,0,940.8,0.9980
1687,382.733,327.348,297.111,12,12,0,12,1.0000,1.0000,0,967.6,1.0265
1688,382.705,406.050,297.614,12,12,0,12,1.0000,1.0000,0,941.9,0.9993
1689,382.851,445.137,336.857,12,12,0,12,1.0000,1.0000,0,938.3,0.9954
1690,382.677,484.752,298.118,12,12,0,12,1.0000,1.0000,0,966.9,1.0257
1691,382.823,523.839,337.361,12,12,0,12,1.0000,1.0000,0,924.4,0.9807
1692,382.650,563.454,298.621,12,12,0,12,1.0000,1.0000,0,951.8,1.0098
1693,382.795,602.541,337.864,12,12,0,12,1.0000,1.0000,0,951.7,1.0097
1694,382.767,681.243,338.368,12,12,0,12,1.0000,1.0000,0,935.8,0.9928
1695,382.739,759.945,338.871,8,4,0,4,1.0000,0.0000,0,0.0,0.0000
1696,382.990,51.628,334.340,8,8,5,3,0.3750,1.0000,0,749.0,0.7947
1697,382.962,130.330,334.843,12,12,0,12,1.0000,1.0000,0,899.1,0.9539
1698,383.108,169.417,374.087,12,12,0,12,1.0000,1.0000,0,929.5,0.9862
1699,382.935,209.032,335.347,12,12,0,12,1.0000,1.0000,0,905.3,0.9604
1700,383.080,248.119,374.590,12,12,0,12,1.0000,1.0000,0,942.9,1.0004
1701,382.907,287.734,335.850,12,12,0,12,1.0000,1.0000,0,922.8,0.9790
1702,383.052,326.821,375.094,12,12,0,12,1.0000,1.0000,0,932.7,0.9895
1703,382.879,366.436,336.354,12,12,0,12,1.0000,1.0000,0,906.6,0.9618
1704,383.024,405.523,375.597,12,12,0,12,1.0000,1.0000,0,936.0,0.9931
1705,382.996,484.225,376.101,12,12,1,11,0.9167,0.9891,0,830.7,0.8813
1706,382.968,562.927,376.604,12,12,0,12,1.0000,1.0000,0,952.4,1.0104
1707,383.114,602.014,415.847,12,12,1,11,0.9167,1.0000,0,968.0,1.0270
1708,382.940,641.628,377.108,12,12,1,11,0.9167,1.0000,0,943.4,1.0008
1709,383.086,680.716,416.351,12,12,0,12,1.0000,1.0000,0,946.9,1.0046
1710,382.913,720.330,377.611,12,12,0,12,1.0000,1.0000,0,926.3,0.9827
1711,383.058,759.417,416.854,8,4,0,4,1.0000,0.0000,0,0.0,0.0000
1712,383.309,51.101,412.323,8,8,3,5,0.6250,1.0000,0,676.7,0.7179
1713,383.136,90.715,373.583,12,12,4,8,0.6667,0.9750,0,686.6,0.7284
1714,383.281,129.803,412.826,12,12,1,11,0.9167,1.0000,0,931.6,0.9884
1715,383.253,208.504,413.330,12,12,0,12,1.0000,1.0000,0,909.3,0.9647
1716,383.226,287.206,413.833,12,12,0,12,1.0000,1.0000,0,897.4,0.9521
1717,383.371,326.294,453.077,12,12,0,12,1.0000,1.0000,0,924.8,0.9811
1718,383.198,365.908,414.337,12,12,0,12,1.0000,1.0000,0,908.4,0.9638
1719,383.343,404.995,453.580,12,12,0,12,1.0000,1.0000,0,908.3,0.9637
1720,383.170,444.610,414.840,12,12,0,12,1.0000,1.0000,0,933.1,0.9899
1721,383.315,483.697,454.084,12,12,0,12,1.0000,1.0000,0,949.7,1.0075
1722,383.142,523.312,415.344,12,12,0,12,1.0000,1.0000,0,947.0,1.0047
1723,383.287,562.399,454.587,12,12,0,12,1.0000,1.0000,0,961.6,1.0202
1724,383.259,641.101,455.090,12,12,0,12,1.0000,1.0000,0,962.9,1.0216
1725,383.231,719.803,455.594,12,12,0,12,1.0000,1.0000,0,898.3,0.9531
1726,383.455,90.188,451.566,12,12,0,12,1.0000,1.0000,0,913.1,0.9688
1727,383.600,129.275,490.809,12,12,0,12,1.0000,1.0000,0,906.4,0.9617
1728,383.427,168.890,452.070,12,12,0,12,1.0000,1.0000,0,928.8,0.9855
1729,383.572,207.977,491.313,12,12,0,12,1.0000,1.0000,0,897.8,0.9526
1730,383.399,247.592,452.573,12,12,0,12,1.0000,1.0000,0,930.5,0.9872
1731,383.544,286.679,491.816,12,12,0,12,1.0000,1.0000,0,901.2,0.9562
1732,383.517,365.381,492.320,12,12,0,12,1.0000,1.0000,0,899.3,0.9542
1733,383.489,444.083,492.823,12,12,1,11,0.9167,1.0000,0,881.7,0.9354
1734,383.461,522.784,493.327,12,12,0,12,1.0000,1.0000,0,926.4,0.9829
1735,383.606,561.872,532.570,12,12,0,12,1.0000,1.0000,0,936.3,0.9934
1736,383.433,601.486,493.830,12,12,1,11,0.9167,1.0000,0,924.9,0.9813
1737,383.578,640.573,533.073,12,12,0,12,1.0000,1.0000,0,936.7,0.9938
1738,383.405,680.188,494.334,12,12,0,12,1.0000,1.0000,0,932.2,0.9890
1739,383.550,719.275,533.577,12,12,0,12,1.0000,1.0000,0,919.2,0.9753
1740,383.377,758.890,494.837,8,4,0,4,1.0000,0.0000,0,0.0,0.0000
1741,383.628,50.573,490.306,8,8,0,8,1.0000,0.8620,0,446.1,0.4733
1742,383.774,89.660,529.549,12,12,0,12,1.0000,1.0000,0,911.7,0.9673
1743,383.746,168.362,530.053,12,12,1,11,0.9167,1.0000,0,872.8,0.9260
1744,383.718,247.064,530.556,12,12,0,12,1.0000,1.0000,0,921.9,0.9781
1745,383.863,286.151,569.799,12,12,0,12,1.0000,1.0000,0,944.3,1.0019
1746,383.690,325.766,531.060,12,12,0,12,1.0000,1.0000,0,935.2,0.9923
1747,383.835,364.853,570.303,12,12,0,12,1.0000,1.0000,0,938.8,0.9961
1748,383.662,404.468,531.563,12,12,0,12,1.0000,1.0000,0,914.3,0.9700
1749,383.808,443.555,570.806,12,12,1,11,0.9167,1.0000,0,894.9,0.9495
1750,383.634,483.170,532.066,12,12,0,12,1.0000,1.0000,0,937.8,0.9950
1751,383.780,522.257,571.310,12,12,0,12,1.0000,1.0000,0,963.1,1.0218
1752,383.752,600.959,571.813,12,12,0,12,1.0000,1.0000,0,949.9,1.0078
1753,383.724,679.661,572.317,12,12,1,11,0.9167,1.0000,0,835.0,0.8859
1754,383.869,718.748,611.560,12,12,1,11,0.9167,0.9861,0,776.7,0.8241
1755,383.696,758.362,572.820,8,4,0,4,1.0000,0.0000,0,0.0,0.0000
1756,383.947,50.046,568.289,8,8,0,8,1.0000,0.8781,0,484.8,0.5144
1757,384.093,89.133,607.532,12,12,0,12,1.0000,1.0000,0,920.1,0.9763
1758,383.919,128.748,568.792,12,12,0,12,1.0000,1.0000,0,937.4,0.9947
1759,384.065,167.835,608.036,12,12,0,12,1.0000,1.0000,0,939.0,0.9964
1760,383.891,207.450,569.296,12,12,2,10,0.8333,1.0000,0,806.7,0.8559
1761,384.037,246.537,608.539,12,12,0,12,1.0000,1.0000,0,945.3,1.0030
1762,384.009,325.239,609.043,12,12,0,12,1.0000,1.0000,0,942.7,1.0003
1763,383.981,403.940,609.546,12,12,0,12,1.0000,1.0000,0,946.6,1.0044
1764,383.953,482.642,610.049,12,12,0,12,1.0000,1.0000,0,957.2,1.0157
1765,384.098,521.729,649.293,12,12,0,12,1.0000,1.0000,0,950.0,1.0080
1766,383.925,561.344,610.553,12,12,0,12,1.0000,1.0000,0,950.8,1.0088
1767,384.071,600.431,649.796,12,12,0,12,1.0000,1.0000,0,947.8,1.0057
1768,383.897,640.046,611.056,12,12,1,11,0.9167,1.0000,0,877.6,0.9312
1769,384.043,679.133,650.300,12,12,1,11,0.9167,1.0000,0,782.1,0.8298
1770,384.015,757.835,650.803,8,4,0,4,1.0000,0.0000,0,0.0,0.0000
1771,384.266,49.518,646.272,8,8,0,8,1.0000,0.9274,0,547.9,0.5813
1772,384.238,128.220,646.775,12,12,0,12,1.0000,1.0000,0,928.0,0.9847
1773,384.210,206.922,647.279,12,12,0,12,1.0000,1.0000,0,938.8,0.9962
1774,384.356,246.009,686.522,12,12,0,12,1.0000,1.0000,0,932.7,0.9897
1775,384.182,285.624,647.782,12,12,0,12,1.0000,1.0000,0,942.5,1.0001
1776,384.328,324.711,687.025,12,12,0,12,1.0000,1.0000,0,949.6,1.0076
1777,384.154,364.326,648.286,12,12,0,12,1.0000,1.0000,0,967.8,1.0269
1778,384.300,403.413,687.529,12,12,0,12,1.0000,1.0000,0,954.5,1.0128
1779,384.126,443.028,648.789,12,12,0,12,1.0000,1.0000,0,970.6,1.0299
1780,384.272,482.115,688.032,12,12,0,12,1.0000,1.0000,0,961.5,1.0202
1781,384.244,560.817,688.536,12,12,0,12,1.0000,1.0000,0,954.5,1.0129
1782,384.216,639.518,689.039,12,12,0,12,1.0000,1.0000,0,943.9,1.0016
1783,384.362,678.606,728.283,12,12,0,12,1.0000,1.0000,0,925.5,0.9821
1784,384.188,718.220,689.543,12,12,0,12,1.0000,1.0000,0,890.5,0.9449
1785,384.334,757.308,728.786,8,4,0,4,1.0000,0.0000,0,0.0,0.0000
1786,384.585,48.991,724.255,8,8,0,8,1.0000,0.9582,0,588.3,0.6242
1787,384.411,88.606,685.515,12,12,0,12,1.0000,1.0000,0,921.6,0.9779
1788,384.557,127.693,724.758,12,12,0,12,1.0000,1.0000,0,928.9,0.9857
1789,384.384,167.307,686.019,12,12,0,12,1.0000,1.0000,0,929.8,0.9866
1790,384.529,206.395,725.262,12,12,0,12,1.0000,1.0000,0,951.9,1.0101
1791,384.501,285.096,725.765,12,12,0,12,1.0000,1.0000,0,929.8,0.9866
1792,384.473,363.798,726.269,12,12,0,12,1.0000,1.0000,0,916.8,0.9728
1793,384.619,402.885,765.512,8,4,0,4,1.0000,0.8809,0,493.4,0.5236
1794,384.445,442.500,726.772,12,12,0,12,1.0000,1.0000,0,925.3,0.9818
1795,384.591,481.587,766.015,8,4,0,4,1.0000,0.8222,0,402.7,0.4273
1796,384.417,521.202,727.276,12,12,0,12,1.0000,1.0000,0,952.5,1.0107
1797,384.563,560.289,766.519,8,4,1,3,0.7500,0.7365,0,305.2,0.3238
1798,384.389,599.904,727.779,12,12,1,11,0.9167,1.0000,0,888.3,0.9425
1799,384.535,638.991,767.022,8,4,0,4,1.0000,0.8449,0,454.7,0.4825
1800,384.507,717.693,767.526,8,4,0,4,1.0000,0.8736,0,480.5,0.5099
1801,384.730,88.078,763.498,8,4,0,4,1.0000,0.9218,0,539.9,0.5729
1802,384.702,166.780,764.002,8,4,0,4,1.0000,0.8296,0,414.5,0.4398
1803,384.675,245.482,764.505,8,4,0,4,1.0000,0.7797,0,0.0,0.0000
1804,384.647,324.184,765.008,8,4,1,3,0.7500,0.7665,0,286.7,0.3042
1805,420.862,604.448,64.848,8,8,0,8,1.0000,0.7983,0,379.0,0.4040
1806,420.834,683.149,65.351,8,8,0,8,1.0000,0.8920,0,494.7,0.5274
1807,420.806,761.851,65.855,5,3,0,3,1.0000,0.0000,0,0.0,0.0000
1808,421.058,53.535,61.323,5,5,1,4,0.8000,0.7626,0,343.5,0.3662
1809,421.030,132.236,61.827,8,8,0,8,1.0000,0.8575,0,450.7,0.4805
1810,421.002,210.938,62.330,8,8,0,8,1.0000,0.8421,0,411.4,0.4386
1811,420.974,289.640,62.834,8,8,1,7,0.8750,0.8209,0,408.5,0.4355
1812,421.119,328.727,102.077,12,12,0,12,1.0000,1.0000,0,955.8,1.0191
1813,420.946,368.342,63.337,8,8,0,8,1.0000,0.7839,0,339.4,0.3618
1814,421.091,407.429,102.580,12,12,1,11,0.9167,1.0000,0,910.0,0.9702
1815,420.918,447.044,63.841,8,8,0,8,1.0000,0.8347,0,431.7,0.4602
1816,421.064,486.131,103.084,12,12,0,12,1.0000,1.0000,0,950.0,1.0128
1817,420.890,525.746,64.344,8,8,0,8,1.0000,0.8255,0,388.9,0.4146
1818,421.036,564.833,103.587,12,12,0,12,1.0000,1.0000,0,970.7,1.0349
1819,421.008,643.535,104.091,12,12,1,11,0.9167,1.0000,0,1002.5,1.0688
1820,420.980,722.237,104.594,12,12,0,12,1.0000,1.0000,0,943.6,1.0060
1821,421.203,92.622,100.566,12,12,0,12,1.0000,1.0000,0,907.1,0.9671
1822,421.349,131.709,139.810,12,12,0,12,1.0000,1.0000,0,913.2,0.9736
1823,421.175,171.324,101.070,12,12,0,12,1.0000,1.0000,0,949.2,1.0120
1824,421.321,210.411,140.313,12,12,0,12,1.0000,1.0000,0,963.9,1.0277
1825,421.147,250.025,101.573,12,12,0,12,1.0000,1.0000,0,969.6,1.0337
1826,421.293,289.113,140.817,12,12,0,12,1.0000,1.0000,0,963.6,1.0274
1827,421.265,367.815,141.320,12,12,0,12,1.0000,1.0000,0,966.7,1.0307
1828,421.237,446.516,141.824,12,12,0,12,1.0000,1.0000,0,958.1,1.0215
1829,421.209,525.218,142.327,12,12,0,12,1.0000,1.0000,0,951.9,1.0149
1830,421.355,564.305,181.570,12,12,0,12,1.0000,1.0000,0,974.3,1.0388
1831,421.181,603.920,142.831,12,12,0,12,1.0000,1.0000,0,945.9,1.0085
1832,421.327,643.007,182.074,12,12,0,12,1.0000,1.0000,0,976.4,1.0411
1833,421.153,682.622,143.334,12,12,0,12,1.0000,1.0000,0,921.6,0.9826
1834,421.299,721.709,182.577,12,12,0,12,1.0000,1.0000,0,928.0,0.9894
1835,421.125,761.324,143.837,8,4,0,4,1.0000,0.0000,0,0.0,0.0000
1836,421.377,53.007,139.306,8,8,1,7,0.8750,0.9218,0,556.2,0.5930
1837,421.522,92.094,178.549,12,12,1,11,0.9167,1.0000,0,941.7,1.0041
1838,421.494,170.796,179.053,12,12,1,11,0.9167,1.0000,0,980.9,1.0458
1839,421.466,249.498,179.556,12,12,0,12,1.0000,1.0000,0,966.5,1.0305
1840,421.612,288.585,218.800,12,12,0,12,1.0000,1.0000,0,922.4,0.9835
1841,421.438,328.200,180.060,12,12,0,12,1.0000,1.0000,0,955.4,1.0187
1842,421.584,367.287,219.303,12,12,0,12,1.0000,1.0000,0,945.2,1.0078
1843,421.410,406.902,180.563,12,12,0,12,1.0000,1.0000,0,976.6,1.0413
1844,421.556,445.989,219.807,12,12,0,12,1.0000,1.0000,0,964.3,1.0282
1845,421.382,485.604,181.067,12,12,0,12,1.0000,1.0000,0,967.8,1.0319
1846,421.528,524.691,220.310,12,12,0,12,1.0000,1.0000,0,963.4,1.0272
1847,421.500,603.393,220.813,12,12,0,12,1.0000,1.0000,0,978.1,1.0429
1848,421.472,682.094,221.317,12,12,0,12,1.0000,1.0000,0,923.9,0.9850
1849,421.618,721.182,260.560,12,12,0,12,1.0000,1.0000,0,929.5,0.9911
1850,421.444,760.796,221.820,8,4,0,4,1.0000,0.0000,0,0.0,0.0000
1851,421.695,52.480,217.289,8,8,0,8,1.0000,0.7793,0,360.7,0.3846
1852,421.841,91.567,256.532,12,12,0,12,1.0000,1.0000,0,920.9,0.9820
1853,421.667,131.181,217.793,12,12,0,12,1.0000,1.0000,0,892.4,0.9515
1854,421.813,170.269,257.036,12,12,0,12,1.0000,1.0000,0,935.6,0.9976
1855,421.640,209.883,218.296,12,12,0,12,1.0000,1.0000,0,920.6,0.9816
1856,421.785,248.971,257.539,12,12,0,12,1.0000,1.0000,0,941.4,1.0037
1857,421.757,327.672,258.043,12,12,0,12,1.0000,1.0000,0,960.1,1.0237
1858,421.729,406.374,258.546,12,12,0,12,1.0000,1.0000,0,955.3,1.0186
1859,421.875,445.461,297.790,12,12,0,12,1.0000,1.0000,0,973.0,1.0374
1860,421.701,485.076,259.050,12,12,0,12,1.0000,1.0000,0,970.4,1.0347
1861,421.847,524.163,298.293,12,12,0,12,1.0000,1.0000,0,978.4,1.0432
1862,421.673,563.778,259.553,12,12,0,12,1.0000,1.0000,0,957.8,1.0213
1863,421.819,602.865,298.796,12,12,1,11,0.9167,1.0000,0,946.4,1.0091
1864,421.645,642.480,260.057,12,12,1,11,0.9167,1.0000,0,961.2,1.0248
1865,421.791,681.567,299.300,12,12,0,12,1.0000,1.0000,0,924.5,0.9857
1866,421.763,760.269,299.803,8,4,0,4,1.0000,0.0000,0,0.0,0.0000
1867,422.014,51.952,295.272,8,8,2,6,0.7500,0.8984,0,503.2,0.5365
1868,421.986,130.654,295.776,12,12,0,12,1.0000,1.0000,0,940.7,1.0030
1869,421.958,209.356,296.279,12,12,0,12,1.0000,1.0000,0,951.6,1.0147
1870,422.104,248.443,335.522,12,12,0,12,1.0000,1.0000,0,927.1,0.9886
1871,421.931,288.058,296.783,12,12,0,12,1.0000,1.0000,0,968.5,1.0327
1872,422.076,327.145,336.026,12,12,0,12,1.0000,1.0000,0,924.1,0.9854
1873,421.903,366.760,297.286,12,12,0,12,1.0000,1.0000,0,965.3,1.0292
1874,422.048,405.847,336.529,12,12,0,12,1.0000,1.0000,0,928.6,0.9902
1875,422.020,484.549,337.033,12,12,0,12,1.0000,1.0000,0,944.2,1.0068
1876,421.992,563.250,337.536,12,12,0,12,1.0000,1.0000,0,947.7,1.0105
1877,421.964,641.952,338.040,12,12,1,11,0.9167,1.0000,0,938.8,1.0010
1878,422.110,681.040,377.283,12,12,0,12,1.0000,1.0000,0,944.8,1.0074
1879,421.936,720.654,338.543,12,12,0,12,1.0000,1.0000,0,931.0,0.9927
1880,422.082,759.741,377.786,8,4,0,4,1.0000,0.0000,0,0.0,0.0000
1881,422.333,51.425,373.255,8,8,2,6,0.7500,0.8427,0,418.8,0.4466
1882,422.160,91.039,334.515,12,12,1,11,0.9167,1.0000,0,911.2,0.9716
1883,422.305,130.127,373.759,12,12,0,12,1.0000,1.0000,0,892.7,0.9519
1884,422.132,169.741,335.019,12,12,0,12,1.0000,1.0000,0,929.2,0.9908
1885,422.277,208.828,374.262,12,12,0,12,1.0000,1.0000,0,937.7,0.9998
1886,422.249,287.530,374.766,12,12,0,12,1.0000,1.0000,0,930.6,0.9923
1887,422.222,366.232,375.269,12,12,0,12,1.0000,1.0000,0,907.5,0.9677
1888,422.367,405.319,414.512,12,12,0,12,1.0000,1.0000,0,905.3,0.9654
1889,422.194,444.934,375.772,12,12,0,12,1.0000,1.0000,0,949.5,1.0125
1890,422.339,484.021,415.016,12,12,0,12,1.0000,1.0000,0,947.7,1.0106
1891,422.166,523.636,376.276,12,12,0,12,1.0000,1.0000,0,988.9,1.0545
1892,422.311,562.723,415.519,12,12,0,12,1.0000,1.0000,0,950.7,1.0138
1893,422.138,602.338,376.779,12,12,0,12,1.0000,1.0000,0,969.4,1.0337
1894,422.283,641.425,416.023,12,12,1,11,0.9167,1.0000,0,938.1,1.0003
1895,422.255,720.127,416.526,12,12,0,12,1.0000,1.0000,0,919.3,0.9803
1896,422.479,90.512,412.498,12,12,2,10,0.8333,0.9694,0,666.2,0.7104
1897,422.624,129.599,451.742,12,12,0,12,1.0000,1.0000,0,904.0,0.9640
1898,422.451,169.214,413.002,12,12,0,12,1.0000,1.0000,0,911.0,0.9714
1899,422.596,208.301,452.245,12,12,0,12,1.0000,1.0000,0,926.9,0.9884
1900,422.423,247.916,413.505,12,12,0,12,1.0000,1.0000,0,940.9,1.0033
1901,422.568,287.003,452.749,12,12,0,12,1.0000,1.0000,0,953.2,1.0164
1902,422.395,326.617,414.009,12,12,0,12,1.0000,1.0000,0,910.6,0.9710
1903,422.540,365.705,453.252,12,12,0,12,1.0000,1.0000,0,937.9,1.0001
1904,422.513,444.406,453.755,12,12,0,12,1.0000,1.0000,0,958.7,1.0223
1905,422.485,523.108,454.259,12,12,0,12,1.0000,1.0000,0,981.2,1.0463
1906,422.457,601.810,454.762,12,12,0,12,1.0000,1.0000,0,987.7,1.0533
1907,422.602,640.897,494.006,12,12,0,12,1.0000,1.0000,0,939.9,1.0023
1908,422.429,680.512,455.266,12,12,1,11,0.9167,1.0000,0,882.6,0.9412
1909,422.574,719.599,494.509,12,12,0,12,1.0000,1.0000,0,916.8,0.9776
1910,422.401,759.214,455.769,8,4,0,4,1.0000,0.0000,0,0.0,0.0000
1911,422.652,50.897,451.238,8,8,1,7,0.8750,0.9136,0,551.8,0.5885
1912,422.798,89.984,490.481,12,12,0,12,1.0000,1.0000,0,933.5,0.9955
1913,422.770,168.686,490.985,12,12,0,12,1.0000,1.0000,0,924.0,0.9854
1914,422.742,247.388,491.488,12,12,0,12,1.0000,1.0000,0,924.1,0.9855
1915,422.714,326.090,491.992,12,12,0,12,1.0000,1.0000,0,941.6,1.0041
1916,422.859,365.177,531.235,12,12,0,12,1.0000,1.0000,0,938.1,1.0004
1917,422.686,404.792,492.495,12,12,0,12,1.0000,1.0000,0,912.6,0.9732
1918,422.831,443.879,531.738,12,12,0,12,1.0000,1.0000,0,949.0,1.0120
1919,422.658,483.494,492.999,12,12,0,12,1.0000,1.0000,0,949.1,1.0121
1920,422.803,522.581,532.242,12,12,0,12,1.0000,1.0000,0,962.5,1.0264
1921,422.630,562.196,493.502,12,12,0,12,1.0000,1.0000,0,964.6,1.0286
1922,422.776,601.283,532.745,12,12,1,11,0.9167,1.0000,0,916.4,0.9773
1923,422.748,679.985,533.249,12,12,0,12,1.0000,1.0000,0,934.0,0.9960
1924,422.720,758.686,533.752,8,4,0,4,1.0000,0.0000,0,0.0,0.0000
1925,422.971,50.370,529.221,8,8,0,8,1.0000,0.8837,0,453.8,0.4840
1926,423.116,89.457,568.464,12,12,0,12,1.0000,1.0000,0,917.4,0.9783
1927,422.943,129.072,529.725,12,12,0,12,1.0000,1.0000,0,914.3,0.9750
1928,423.089,168.159,568.968,12,12,0,12,1.0000,1.0000,0,936.7,0.9989
1929,422.915,207.773,530.228,12,12,0,12,1.0000,1.0000,0,907.8,0.9681
1930,423.061,246.861,569.471,12,12,0,12,1.0000,1.0000,0,957.8,1.0215
1931,422.887,286.475,530.731,12,12,0,12,1.0000,1.0000,0,948.9,1.0119
1932,423.033,325.562,569.975,12,12,0,12,1.0000,1.0000,0,946.4,1.0093
1933,423.005,404.264,570.478,12,12,0,12,1.0000,1.0000,0,953.3,1.0166
1934,422.977,482.966,570.982,12,12,1,11,0.9167,1.0000,0,846.9,0.9032
1935,423.122,522.053,610.225,12,12,0,12,1.0000,1.0000,0,948.8,1.0118
1936,422.949,561.668,571.485,12,12,0,12,1.0000,1.0000,0,957.7,1.0213
1937,423.094,600.755,610.728,12,12,0,12,1.0000,1.0000,0,954.5,1.0179
1938,422.921,640.370,571.989,12,12,1,11,0.9167,1.0000,0,901.4,0.9613
1939,423.067,679.457,611.232,12,12,12,0,0.0000,0.0000,1,0.0,0.0000
1940,422.893,719.072,572.492,12,12,1,11,0.9167,1.0000,0,839.8,0.8956
1941,423.039,758.159,611.735,8,4,0,4,1.0000,0.0000,0,0.0,0.0000
1942,423.290,49.842,607.204,8,8,0,8,1.0000,0.8619,0,465.6,0.4966
1943,423.262,128.544,607.707,12,12,0,12,1.0000,1.0000,0,930.3,0.9921
1944,423.234,207.246,608.211,12,12,0,12,1.0000,1.0000,0,921.3,0.9825
1945,423.206,285.948,608.714,12,12,0,12,1.0000,1.0000,0,943.7,1.0065
1946,423.352,325.035,647.958,12,12,0,12,1.0000,1.0000,0,961.4,1.0253
1947,423.178,364.650,609.218,12,12,0,12,1.0000,1.0000,0,942.1,1.0047
1948,423.324,403.737,648.461,12,12,0,12,1.0000,1.0000,0,950.7,1.0139
1949,423.150,443.352,609.721,12,12,0,12,1.0000,1.0000,0,959.8,1.0235
1950,423.296,482.439,648.965,12,12,0,12,1.0000,1.0000,0,953.9,1.0173
1951,423.268,561.141,649.468,12,12,0,12,1.0000,1.0000,0,962.7,1.0267
1952,423.240,639.842,649.972,12,12,2,10,0.8333,1.0000,0,907.0,0.9672
1953,423.212,718.544,650.475,12,12,1,11,0.9167,0.9718,0,763.7,0.8145
1954,423.358,757.631,689.718,8,4,0,4,1.0000,0.0000,0,0.0,0.0000
1955,423.609,49.315,685.187,8,8,0,8,1.0000,0.8911,0,511.0,0.5450
1956,423.435,88.929,646.447,12,12,0,12,1.0000,1.0000,0,920.1,0.9813
1957,423.581,128.017,685.690,12,12,0,12,1.0000,1.0000,0,935.8,0.9980
1958,423.407,167.631,646.951,12,12,0,12,1.0000,1.0000,0,974.7,1.0395
1959,423.553,206.718,686.194,12,12,0,12,1.0000,1.0000,0,936.2,0.9985
1960,423.380,246.333,647.454,12,12,0,12,1.0000,1.0000,0,966.8,1.0311
1961,423.525,285.420,686.697,12,12,1,11,0.9167,1.0000,0,931.2,0.9931
1962,423.497,364.122,687.201,12,12,0,12,1.0000,1.0000,0,936.4,0.9987
1963,423.469,442.824,687.704,12,12,0,12,1.0000,1.0000,0,948.6,1.0117
1964,423.615,481.911,726.948,12,12,0,12,1.0000,1.0000,0,967.3,1.0316
1965,423.441,521.526,688.208,12,12,0,12,1.0000,1.0000,0,959.5,1.0233
1966,423.587,560.613,727.451,12,12,0,12,1.0000,1.0000,0,978.2,1.0433
1967,423.413,600.228,688.711,12,12,0,12,1.0000,1.0000,0,962.8,1.0268
1968,423.559,639.315,727.954,12,12,0,12,1.0000,1.0000,0,983.4,1.0488
1969,423.385,678.930,689.215,12,12,0,12,1.0000,1.0000,0,901.6,0.9616
1970,423.531,718.017,728.458,12,12,0,12,1.0000,1.0000,0,928.7,0.9905
1971,423.754,88.402,724.430,12,12,0,12,1.0000,1.0000,0,974.0,1.0388
1972,423.726,167.104,724.934,12,12,0,12,1.0000,1.0000,0,970.8,1.0353
1973,423.872,206.191,764.177,8,4,0,4,1.0000,0.8261,0,415.2,0.4428
1974,423.698,245.806,725.437,12,12,0,12,1.0000,1.0000,0,973.2,1.0379
1975,423.844,284.893,764.680,8,4,0,4,1.0000,0.7989,0,351.9,0.3753
1976,423.671,324.508,725.941,12,12,0,12,1.0000,1.0000,0,938.1,1.0005
1977,423.816,363.595,765.184,8,4,0,4,1.0000,0.7972,0,353.9,0.3775
1978,423.643,403.209,726.444,12,12,0,12,1.0000,1.0000,0,937.9,1.0003
1979,423.788,442.297,765.687,8,4,0,4,1.0000,0.7722,0,330.2,0.3522
1980,423.760,520.998,766.191,8,4,0,4,1.0000,0.7507,0,260.3,0.2777
1981,423.732,599.700,766.694,8,4,0,4,1.0000,0.7827,0,333.2,0.3554
1982,423.704,678.402,767.198,8,4,0,4,1.0000,0.8563,0,450.1,0.4800
1983,423.676,757.104,767.701,5,1,0,1,1.0000,0.0000,0,0.0,0.0000
1984,423.928,48.787,763.170,5,3,0,3,1.0000,0.7186,0,376.2,0.4013
1985,423.900,127.489,763.673,8,4,0,4,1.0000,0.8352,0,428.3,0.4568
1986,460.115,407.753,63.513,8,8,0,8,1.0000,0.8258,0,408.2,0.4375
1987,460.087,486.455,64.016,8,8,0,8,1.0000,0.7871,0,320.1,0.3431
1988,460.060,565.157,64.519,8,8,0,8,1.0000,0.8357,0,417.4,0.4473
1989,460.032,643.859,65.023,8,8,0,8,1.0000,0.7928,0,355.4,0.3809
1990,460.004,722.561,65.526,8,8,0,8,1.0000,0.8819,0,500.6,0.5364
1991,460.227,92.946,61.499,8,8,0,8,1.0000,0.8204,0,382.4,0.4098
1992,460.372,132.033,100.742,12,12,0,12,1.0000,1.0000,0,918.4,0.9843
1993,460.199,171.648,62.002,8,8,0,8,1.0000,0.7335,0,287.0,0.3075
1994,460.345,210.735,101.245,12,12,0,12,1.0000,1.0000,0,927.1,0.9936
1995,460.171,250.349,62.506,8,8,0,8,1.0000,0.8164,0,391.3,0.4194
1996,460.317,289.437,101.749,12,12,0,12,1.0000,1.0000,0,912.7,0.9781
1997,460.143,329.051,63.009,8,8,0,8,1.0000,0.7978,0,284.5,0.3049
1998,460.289,368.138,102.252,12,12,0,12,1.0000,1.0000,0,946.1,1.0139
1999,460.261,446.840,102.756,12,12,0,12,1.0000,1.0000,0,927.0,0.9935
2000,460.233,525.542,103.259,12,12,0,12,1.0000,1.0000,0,923.9,0.9901
2001,460.205,604.244,103.763,12,12,0,12,1.0000,1.0000,0,956.6,1.0252
2002,460.350,643.331,143.006,12,12,1,11,0.9167,1.0000,0,884.2,0.9476
2003,460.177,682.946,104.266,12,12,1,11,0.9167,0.9863,0,788.8,0.8454
2004,460.323,722.033,143.509,12,12,2,10,0.8333,0.9889,0,771.4,0.8267
2005,460.149,761.648,104.770,8,4,0,4,1.0000,0.0000,0,0.0,0.0000
2006,460.400,53.331,100.238,8,8,0,8,1.0000,0.9101,0,527.1,0.5649
2007,460.546,92.418,139.482,12,12,0,12,1.0000,1.0000,0,888.7,0.9525
2008,460.518,171.120,139.985,12,12,0,12,1.0000,1.0000,0,915.0,0.9806
2009,460.490,249.822,140.489,12,12,0,12,1.0000,1.0000,0,923.4,0.9897
2010,460.462,328.524,140.992,12,12,0,12,1.0000,1.0000,0,915.1,0.9807
2011,460.608,367.611,180.235,12,12,0,12,1.0000,1.0000,0,954.8,1.0233
2012,460.434,407.226,141.495,12,12,0,12,1.0000,1.0000,0,928.6,0.9952
2013,460.580,446.313,180.739,12,12,0,12,1.0000,1.0000,0,934.2,1.0012
2014,460.406,485.927,141.999,12,12,0,12,1.0000,1.0000,0,941.3,1.0088
2015,460.552,525.015,181.242,12,12,0,12,1.0000,1.0000,0,949.2,1.0173
2016,460.378,564.629,142.502,12,12,0,12,1.0000,1.0000,0,934.6,1.0016
2017,460.524,603.717,181.746,12,12,0,12,1.0000,1.0000,0,957.8,1.0265
2018,460.496,682.418,182.249,12,12,1,11,0.9167,1.0000,0,833.8,0.8936
2019,460.468,761.120,182.753,8,4,1,3,0.7500,0.0000,0,0.0,0.0000
2020,460.719,52.804,178.221,8,8,1,7,0.8750,0.9144,0,535.4,0.5738
2021,460.865,91.891,217.465,12,12,1,11,0.9167,1.0000,0,907.1,0.9722
2022,460.691,131.505,178.725,12,12,0,12,1.0000,1.0000,0,918.9,0.9849
2023,460.837,170.593,217.968,12,12,1,11,0.9167,1.0000,0,947.8,1.0159
2024,460.663,210.207,179.228,12,12,0,12,1.0000,1.0000,0,904.4,0.9693
2025,460.809,249.294,218.472,12,12,0,12,1.0000,1.0000,0,925.9,0.9924
2026,460.636,288.909,179.732,12,12,0,12,1.0000,1.0000,0,965.1,1.0344
2027,460.781,327.996,218.975,12,12,0,12,1.0000,1.0000,0,945.3,1.0132
2028,460.753,406.698,219.478,12,12,0,12,1.0000,1.0000,0,950.3,1.0185
2029,460.725,485.400,219.982,12,12,0,12,1.0000,1.0000,0,927.5,0.9940
2030,460.871,524.487,259.225,12,12,0,12,1.0000,1.0000,0,949.7,1.0178
2031,460.697,564.102,220.485,12,12,0,12,1.0000,1.0000,0,941.7,1.0092
2032,460.843,603.189,259.729,12,12,0,12,1.0000,1.0000,0,943.4,1.0112
2033,460.669,642.804,220.989,12,12,1,11,0.9167,1.0000,0,933.2,1.0002
2034,460.815,681.891,260.232,12,12,0,12,1.0000,1.0000,0,930.7,0.9975
2035,460.641,721.506,221.492,12,12,0,12,1.0000,1.0000,0,918.6,0.9845
2036,460.787,760.593,260.736,8,4,0,4,1.0000,0.0000,0,0.0,0.0000
2037,461.038,52.276,256.204,8,8,0,8,1.0000,0.8214,0,359.5,0.3854
2038,461.010,130.978,256.708,12,12,0,12,1.0000,1.0000,0,878.6,0.9416
2039,460.982,209.680,257.211,12,12,0,12,1.0000,1.0000,0,900.0,0.9646
2040,460.954,288.382,257.715,12,12,0,12,1.0000,1.0000,0,898.1,0.9625
2041,461.100,327.469,296.958,12,12,0,12,1.0000,1.0000,0,957.7,1.0265
2042,460.927,367.084,258.218,12,12,0,12,1.0000,1.0000,0,939.8,1.0073
2043,461.072,406.171,297.461,12,12,0,12,1.0000,1.0000,0,931.2,0.9981
2044,460.899,445.785,258.722,12,12,0,12,1.0000,1.0000,0,960.6,1.0295
2045,461.044,484.873,297.965,12,12,0,12,1.0000,1.0000,0,950.6,1.0189
2046,461.016,563.574,298.468,12,12,0,12,1.0000,1.0000,0,947.2,1.0152
2047,460.988,642.276,298.972,12,12,0,12,1.0000,1.0000,0,960.5,1.0295
2048,460.960,720.978,299.475,12,12,0,12,1.0000,1.0000,0,893.7,0.9579
2049,461.106,760.065,338.719,8,4,0,4,1.0000,0.0000,0,0.0,0.0000
2050,461.357,51.749,334.187,8,8,0,8,1.0000,0.9022,0,516.0,0.5531
2051,461.184,91.363,295.448,12,12,0,12,1.0000,1.0000,0,915.8,0.9816
2052,461.329,130.450,334.691,12,12,0,12,1.0000,1.0000,0,918.1,0.9841
2053,461.156,170.065,295.951,12,12,0,12,1.0000,1.0000,0,931.9,0.9989
2054,461.301,209.152,335.194,12,12,0,12,1.0000,1.0000,0,952.3,1.0207
2055,461.128,248.767,296.454,12,12,0,12,1.0000,1.0000,0,943.9,1.0117
2056,461.273,287.854,335.698,12,12,0,12,1.0000,1.0000,0,926.3,0.9928
2057,461.245,366.556,336.201,12,12,0,12,1.0000,1.0000,0,915.0,0.9808
2058,461.218,445.258,336.705,12,12,0,12,1.0000,1.0000,0,926.5,0.9931
2059,461.363,484.345,375.948,12,12,0,12,1.0000,1.0000,0,925.1,0.9916
2060,461.190,523.960,337.208,12,12,0,12,1.0000,1.0000,0,949.1,1.0173
2061,461.335,563.047,376.451,12,12,0,12,1.0000,1.0000,0,948.9,1.0170
2062,461.162,602.662,337.712,12,12,0,12,1.0000,1.0000,0,962.1,1.0311
2063,461.307,641.749,376.955,12,12,1,11,0.9167,1.0000,0,942.8,1.0106
2064,461.134,681.363,338.215,12,12,0,12,1.0000,1.0000,0,928.2,0.9948
2065,461.279,720.451,377.458,12,12,0,12,1.0000,1.0000,0,905.0,0.9700
2066,461.503,90.836,373.431,12,12,0,12,1.0000,1.0000,0,903.5,0.9684
2067,461.475,169.538,373.934,12,12,1,11,0.9167,1.0000,0,916.9,0.9827
2068,461.620,208.625,413.177,12,12,0,12,1.0000,1.0000,0,923.0,0.9893
2069,461.447,248.240,374.437,12,12,0,12,1.0000,1.0000,0,914.6,0.9804
2070,461.592,287.327,413.681,12,12,0,12,1.0000,1.0000,0,893.1,0.9573
2071,461.419,326.941,374.941,12,12,0,12,1.0000,1.0000,0,901.6,0.9664
2072,461.564,366.029,414.184,12,12,0,12,1.0000,1.0000,0,860.2,0.9220
2073,461.391,405.643,375.444,12,12,0,12,1.0000,1.0000,0,911.8,0.9773
2074,461.536,444.730,414.688,12,12,0,12,1.0000,1.0000,0,919.3,0.9854
2075,461.508,523.432,415.191,12,12,0,12,1.0000,1.0000,0,945.1,1.0130
2076,461.481,602.134,415.695,12,12,0,12,1.0000,1.0000,0,934.5,1.0017
2077,461.453,680.836,416.198,12,12,1,11,0.9167,1.0000,0,836.8,0.8970
2078,461.598,719.923,455.441,12,12,1,11,0.9167,1.0000,0,824.5,0.8837
2079,461.425,759.538,416.701,8,4,0,4,1.0000,0.0000,0,0.0,0.0000
2080,461.676,51.221,412.170,8,8,0,8,1.0000,0.8421,0,437.2,0.4686
2081,461.821,90.308,451.413,12,12,1,11,0.9167,1.0000,0,853.9,0.9153
2082,461.648,129.923,412.674,12,12,0,12,1.0000,1.0000,0,904.4,0.9694
2083,461.794,169.010,451.917,12,12,0,12,1.0000,1.0000,0,935.3,1.0026
2084,461.766,247.712,452.420,12,12,0,12,1.0000,1.0000,0,926.7,0.9933
2085,461.738,326.414,452.924,12,12,0,12,1.0000,1.0000,0,915.6,0.9814
2086,461.710,405.116,453.427,12,12,0,12,1.0000,1.0000,0,908.3,0.9736
2087,461.855,444.203,492.671,12,12,0,12,1.0000,1.0000,0,930.7,0.9976
2088,461.682,483.818,453.931,12,12,0,12,1.0000,1.0000,0,941.0,1.0086
2089,461.827,522.905,493.174,12,12,0,12,1.0000,1.0000,0,947.1,1.0152
2090,461.654,562.519,454.434,12,12,0,12,1.0000,1.0000,0,949.1,1.0174
2091,461.799,601.607,493.678,12,12,0,12,1.0000,1.0000,0,952.5,1.0209
2092,461.626,641.221,454.938,12,12,0,12,1.0000,1.0000,0,940.6,1.0083
2093,461.772,680.308,494.181,12,12,1,11,0.9167,1.0000,0,913.2,0.9789
2094,461.744,759.010,494.684,8,4,0,4,1.0000,0.0000,0,0.0,0.0000
2095,461.995,50.694,490.153,8,8,1,7,0.8750,0.8187,0,404.7,0.4338
2096,461.967,129.396,490.657,12,12,0,12,1.0000,1.0000,0,925.5,0.9920
2097,462.112,168.483,529.900,12,12,0,12,1.0000,1.0000,0,908.7,0.9741
2098,461.939,208.097,491.160,12,12,0,12,1.0000,1.0000,0,890.1,0.9541
2099,462.085,247.185,530.403,12,12,0,12,1.0000,1.0000,0,942.4,1.0102
2100,461.911,286.799,491.664,12,12,0,12,1.0000,1.0000,0,904.3,0.9693
2101,462.057,325.886,530.907,12,12,0,12,1.0000,1.0000,0,930.8,0.9978
2102,461.883,365.501,492.167,12,12,1,11,0.9167,1.0000,0,921.6,0.9879
2103,462.029,404.588,531.410,12,12,0,12,1.0000,1.0000,0,918.0,0.9841
2104,462.001,483.290,531.914,12,12,0,12,1.0000,1.0000,0,940.0,1.0076
2105,461.973,561.992,532.417,12,12,0,12,1.0000,1.0000,0,947.8,1.0160
2106,462.118,601.079,571.660,12,12,0,12,1.0000,1.0000,0,917.5,0.9836
2107,461.945,640.694,532.921,12,12,0,12,1.0000,1.0000,0,945.6,1.0137
2108,462.090,679.781,572.164,12,12,1,11,0.9167,1.0000,0,803.9,0.8617
2109,461.917,719.396,533.424,12,12,0,12,1.0000,1.0000,0,887.8,0.9517
2110,462.063,758.483,572.667,8,4,0,4,1.0000,0.0000,0,0.0,0.0000
2111,462.314,50.166,568.136,8,8,0,8,1.0000,0.8449,0,417.2,0.4472
2112,462.140,89.781,529.396,12,12,0,12,1.0000,1.0000,0,901.8,0.9667
2113,462.286,128.868,568.640,12,12,0,12,1.0000,1.0000,0,907.0,0.9723
2114,462.258,207.570,569.143,12,12,0,12,1.0000,1.0000,0,898.5,0.9632
2115,462.230,286.272,569.647,12,12,0,12,1.0000,1.0000,0,925.9,0.9926
2116,462.202,364.974,570.150,12,12,0,12,1.0000,1.0000,0,898.5,0.9632
2117,462.348,404.061,609.393,12,12,0,12,1.0000,1.0000,0,929.3,0.9962
2118,462.174,443.675,570.654,12,12,0,12,1.0000,1.0000,0,921.9,0.9882
2119,462.320,482.763,609.897,12,12,0,12,1.0000,1.0000,0,920.5,0.9867
2120,462.146,522.377,571.157,12,12,1,11,0.9167,1.0000,0,923.7,0.9902
2121,462.292,561.464,610.400,12,12,0,12,1.0000,1.0000,0,941.2,1.0089
2122,462.264,640.166,610.904,12,12,2,10,0.8333,1.0000,0,874.8,0.9378
2123,462.236,718.868,611.407,12,12,1,11,0.9167,0.9944,0,799.0,0.8566
2124,462.459,89.253,607.379,12,12,1,11,0.9167,1.0000,0,928.8,0.9957
2125,462.605,128.341,646.623,12,12,0,12,1.0000,1.0000,0,919.5,0.9857
2126,462.431,167.955,607.883,12,12,0,12,1.0000,1.0000,0,935.8,1.0032
2127,462.577,207.042,647.126,12,12,0,12,1.0000,1.0000,0,922.2,0.9886
2128,462.403,246.657,608.386,12,12,0,12,1.0000,1.0000,0,912.7,0.9784
2129,462.549,285.744,647.630,12,12,0,12,1.0000,1.0000,0,918.0,0.9841
2130,462.376,325.359,608.890,12,12,0,12,1.0000,1.0000,0,944.0,1.0119
2131,462.521,364.446,648.133,12,12,0,12,1.0000,1.0000,0,945.4,1.0135
2132,462.493,443.148,648.636,12,12,0,12,1.0000,1.0000,0,930.8,0.9978
2133,462.465,521.850,649.140,12,12,0,12,1.0000,1.0000,0,970.4,1.0403
2134,462.611,560.937,688.383,12,12,0,12,1.0000,1.0000,0,948.6,1.0169
2135,462.437,600.552,649.643,12,12,0,12,1.0000,1.0000,0,953.2,1.0219
2136,462.583,639.639,688.887,12,12,0,12,1.0000,1.0000,0,919.5,0.9858
2137,462.409,679.254,650.147,12,12,1,11,0.9167,0.9804,0,763.0,0.8179
2138,462.555,718.341,689.390,12,12,0,12,1.0000,1.0000,0,878.5,0.9418
2139,462.381,757.955,650.650,8,4,0,4,1.0000,0.0000,0,0.0,0.0000
2140,462.633,49.639,646.119,8,8,0,8,1.0000,0.9326,0,552.6,0.5924
2141,462.778,88.726,685.362,12,12,0,12,1.0000,1.0000,0,924.7,0.9913
2142,462.750,167.428,685.866,12,12,0,12,1.0000,1.0000,0,944.0,1.0120
2143,462.722,246.130,686.369,12,12,0,12,1.0000,1.0000,0,954.4,1.0232
2144,462.868,285.217,725.613,12,12,1,11,0.9167,1.0000,0,932.3,0.9995
2145,462.694,324.831,686.873,12,12,1,11,0.9167,0.9862,0,795.7,0.8530
2146,462.840,363.919,726.116,12,12,0,12,1.0000,1.0000,0,920.0,0.9863
2147,462.666,403.533,687.376,12,12,0,12,1.0000,1.0000,0,927.0,0.9938
2148,462.812,442.621,726.619,12,12,0,12,1.0000,1.0000,0,943.0,1.0110
2149,462.639,482.235,687.880,12,12,0,12,1.0000,1.0000,0,932.2,0.9993
2150,462.784,521.322,727.123,12,12,0,12,1.0000,1.0000,0,924.2,0.9908
2151,462.756,600.024,727.626,12,12,0,12,1.0000,1.0000,0,943.7,1.0117
2152,462.728,678.726,728.130,12,12,0,12,1.0000,1.0000,0,929.1,0.9960
2153,462.874,717.813,767.373,8,4,0,4,1.0000,0.8421,0,437.2,0.4687
2154,462.700,757.428,728.633,8,4,0,4,1.0000,0.0000,0,0.0,0.0000
2155,462.952,49.111,724.102,8,8,0,8,1.0000,0.9096,0,528.7,0.5669
2156,463.097,88.198,763.345,8,4,0,4,1.0000,0.8595,0,464.9,0.4984
2157,462.924,127.813,724.606,12,12,1,11,0.9167,1.0000,0,833.8,0.8939
2158,463.069,166.900,763.849,8,4,0,4,1.0000,0.7940,0,314.5,0.3371
2159,462.896,206.515,725.109,12,12,0,12,1.0000,1.0000,0,916.9,0.9829
2160,463.041,245.602,764.352,8,4,0,4,1.0000,0.8333,0,418.0,0.4482
2161,463.013,324.304,764.856,8,4,0,4,1.0000,0.7665,0,303.6,0.3255
2162,462.985,403.006,765.359,8,4,0,4,1.0000,0.8039,0,345.3,0.3702
2163,462.957,481.708,765.863,8,4,0,4,1.0000,0.7863,0,363.5,0.3897
2164,462.930,560.410,766.366,8,4,0,4,1.0000,0.7967,0,368.0,0.3946
2165,462.902,639.111,766.870,8,4,0,4,1.0000,0.7935,0,311.4,0.3338
2166,499.368,211.059,62.177,8,8,0,8,1.0000,0.8011,0,353.3,0.3806
2167,499.341,289.761,62.681,8,8,0,8,1.0000,0.8134,0,368.9,0.3974
2168,499.313,368.462,63.184,8,8,1,7,0.8750,0.8451,0,425.4,0.4583
2169,499.285,447.164,63.688,8,8,0,8,1.0000,0.7778,0,344.8,0.3714
2170,499.257,525.866,64.191,8,8,0,8,1.0000,0.7720,0,298.6,0.3217
2171,499.229,604.568,64.695,8,8,1,7,0.8750,0.8225,0,410.0,0.4416
2172,499.374,643.655,103.938,12,12,1,11,0.9167,1.0000,0,883.1,0.9514
2173,499.201,683.270,65.198,8,8,0,8,1.0000,0.8187,0,352.5,0.3797
2174,499.346,722.357,104.442,12,12,1,11,0.9167,0.9691,0,758.6,0.8173
2175,499.173,761.972,65.702,5,3,0,3,1.0000,0.0000,0,0.0,0.0000
2176,499.424,53.655,61.171,5,5,0,5,1.0000,0.6527,0,326.0,0.3512
2177,499.570,92.742,100.414,12,12,0,12,1.0000,1.0000,0,964.3,1.0388
2178,499.396,132.357,61.674,8,8,0,8,1.0000,0.7978,0,367.6,0.3960
2179,499.542,171.444,100.917,12,12,0,12,1.0000,1.0000,0,950.6,1.0241
2180,499.514,250.146,101.421,12,12,0,12,1.0000,1.0000,0,954.3,1.0281
2181,499.486,328.848,101.924,12,12,0,12,1.0000,1.0000,0,925.6,0.9972
2182,499.458,407.550,102.428,12,12,0,12,1.0000,1.0000,0,918.5,0.9895
2183,499.604,446.637,141.671,12,12,0,12,1.0000,1.0000,0,972.4,1.0475
2184,499.430,486.251,102.931,12,12,1,11,0.9167,1.0000,0,925.1,0.9966
2185,499.576,525.339,142.174,12,12,0,12,1.0000,1.0000,0,939.1,1.0117
2186,499.402,564.953,103.435,12,12,0,12,1.0000,1.0000,0,951.6,1.0252
2187,499.548,604.040,142.678,12,12,0,12,1.0000,1.0000,0,958.6,1.0327
2188,499.520,682.742,143.181,12,12,12,0,0.0000,0.0000,1,0.0,0.0000
2189,499.492,761.444,143.685,8,4,0,4,1.0000,0.0000,0,0.0,0.0000
2190,499.743,53.128,139.154,8,8,0,8,1.0000,0.8402,0,436.5,0.4703
2191,499.715,131.829,139.657,12,12,0,12,1.0000,1.0000,0,928.3,1.0001
2192,499.861,170.917,178.900,12,12,0,12,1.0000,1.0000,0,927.2,0.9988
2193,499.687,210.531,140.160,12,12,0,12,1.0000,1.0000,0,935.5,1.0078
2194,499.833,249.618,179.404,12,12,0,12,1.0000,1.0000,0,927.3,0.9990
2195,499.659,289.233,140.664,12,12,0,12,1.0000,1.0000,0,935.9,1.0083
2196,499.805,328.320,179.907,12,12,0,12,1.0000,1.0000,0,905.7,0.9757
2197,499.632,367.935,141.167,12,12,0,12,1.0000,1.0000,0,937.5,1.0099
2198,499.777,407.022,180.411,12,12,1,11,0.9167,1.0000,0,899.3,0.9689
2199,499.749,485.724,180.914,12,12,0,12,1.0000,1.0000,0,961.2,1.0355
2200,499.721,564.426,181.418,12,12,0,12,1.0000,1.0000,0,952.8,1.0265
2201,499.867,603.513,220.661,12,12,0,12,1.0000,1.0000,0,975.4,1.0508
2202,499.693,643.128,181.921,12,12,1,11,0.9167,1.0000,0,913.2,0.9838
2203,499.839,682.215,221.164,12,12,0,12,1.0000,1.0000,0,917.4,0.9883
2204,499.665,721.830,182.425,12,12,1,11,0.9167,1.0000,0,837.8,0.9026
2205,499.811,760.917,221.668,8,4,0,4,1.0000,0.0000,0,0.0,0.0000
2206,500.062,52.600,217.136,8,8,0,8,1.0000,0.9309,0,561.3,0.6047
2207,499.889,92.215,178.397,12,12,0,12,1.0000,1.0000,0,902.9,0.9728
2208,500.034,131.302,217.640,12,12,0,12,1.0000,1.0000,0,907.6,0.9778
2209,500.006,210.004,218.143,12,12,0,12,1.0000,1.0000,0,939.0,1.0116
2210,499.978,288.706,218.647,12,12,0,12,1.0000,1.0000,0,947.1,1.0204
2211,500.124,327.793,257.890,12,12,0,12,1.0000,1.0000,0,937.0,1.0095
2212,499.950,367.407,219.150,12,12,0,12,1.0000,1.0000,0,941.1,1.0138
2213,500.096,406.495,258.394,12,12,0,12,1.0000,1.0000,0,951.3,1.0248
2214,499.923,446.109,219.654,12,12,0,12,1.0000,1.0000,0,960.5,1.0348
2215,500.068,485.196,258.897,12,12,0,12,1.0000,1.0000,0,965.5,1.0402
2216,499.895,524.811,220.157,12,12,0,12,1.0000,1.0000,0,939.6,1.0122
2217,500.040,563.898,259.401,12,12,0,12,1.0000,1.0000,0,965.4,1.0400
2218,500.012,642.600,259.904,12,12,0,12,1.0000,1.0000,0,935.3,1.0076
2219,499.984,721.302,260.407,12,12,0,12,1.0000,1.0000,0,905.5,0.9755
2220,500.208,91.687,256.380,12,12,0,12,1.0000,1.0000,0,920.0,0.9911
2221,500.353,130.774,295.623,12,12,0,12,1.0000,1.0000,0,899.1,0.9687
2222,500.180,170.389,256.883,12,12,0,12,1.0000,1.0000,0,922.1,0.9934
2223,500.325,209.476,296.126,12,12,0,12,1.0000,1.0000,0,906.8,0.9770
2224,500.152,249.091,257.387,12,12,0,12,1.0000,1.0000,0,942.6,1.0155
2225,500.297,288.178,296.630,12,12,0,12,1.0000,1.0000,0,911.9,0.9825
2226,500.269,366.880,297.133,12,12,0,12,1.0000,1.0000,0,948.8,1.0222
2227,500.241,445.582,297.637,12,12,0,12,1.0000,1.0000,0,951.5,1.0251
2228,500.213,524.284,298.140,12,12,0,12,1.0000,1.0000,0,967.6,1.0424
2229,500.359,563.371,337.383,12,12,0,12,1.0000,1.0000,0,926.8,0.9985
2230,500.186,602.986,298.644,12,12,0,12,1.0000,1.0000,0,937.3,1.0098
2231,500.331,642.073,337.887,12,12,0,12,1.0000,1.0000,0,954.2,1.0280
2232,500.158,681.687,299.147,12,12,1,11,0.9167,1.0000,0,923.4,0.9948
2233,500.303,720.775,338.390,12,12,0,12,1.0000,1.0000,0,910.3,0.9807
2234,500.130,760.389,299.651,8,4,0,4,1.0000,0.0000,0,0.0,0.0000
2235,500.381,52.073,295.119,8,8,0,8,1.0000,0.8000,0,379.6,0.4089
2236,500.526,91.160,334.363,12,12,0,12,1.0000,1.0000,0,940.9,1.0137
2237,500.499,169.862,334.866,12,12,0,12,1.0000,1.0000,0,928.5,1.0004
2238,500.471,248.563,335.370,12,12,0,12,1.0000,1.0000,0,934.2,1.0065
2239,500.616,287.651,374.613,12,12,0,12,1.0000,1.0000,0,949.6,1.0231
2240,500.443,327.265,335.873,12,12,0,12,1.0000,1.0000,0,937.7,1.0102
2241,500.588,366.352,375.116,12,12,0,12,1.0000,1.0000,0,942.4,1.0153
2242,500.415,405.967,336.377,12,12,1,11,0.9167,0.9861,0,781.7,0.8422
2243,500.560,445.054,375.620,12,12,0,12,1.0000,1.0000,0,963.5,1.0380
2244,500.387,484.669,336.880,12,12,0,12,1.0000,1.0000,0,946.1,1.0193
2245,500.532,523.756,376.123,12,12,0,12,1.0000,1.0000,0,988.1,1.0646
2246,500.504,602.458,376.627,12,12,0,12,1.0000,1.0000,0,931.9,1.0039
2247,500.477,681.160,377.130,12,12,0,12,1.0000,1.0000,0,945.8,1.0190
2248,500.622,720.247,416.373,12,12,0,12,1.0000,1.0000,0,903.6,0.9735
2249,500.449,759.862,377.634,8,4,0,4,1.0000,0.0000,0,0.0,0.0000
2250,500.700,51.545,373.102,8,8,0,8,1.0000,0.9358,0,560.9,0.6043
2251,500.845,90.632,412.346,12,12,0,12,1.0000,1.0000,0,917.6,0.9886
2252,500.672,130.247,373.606,12,12,0,12,1.0000,1.0000,0,911.3,0.9817
2253,500.817,169.334,412.849,12,12,1,11,0.9167,1.0000,0,870.1,0.9374
2254,500.644,208.949,374.109,12,12,0,12,1.0000,1.0000,0,935.2,1.0075
2255,500.790,248.036,413.353,12,12,0,12,1.0000,1.0000,0,929.0,1.0008
2256,500.762,326.738,413.856,12,12,0,12,1.0000,1.0000,0,929.4,1.0013
2257,500.734,405.440,414.360,12,12,0,12,1.0000,1.0000,0,920.1,0.9913
2258,500.706,484.142,414.863,12,12,0,12,1.0000,1.0000,0,912.1,0.9826
2259,500.851,523.229,454.106,12,12,0,12,1.0000,1.0000,0,960.1,1.0344
2260,500.678,562.843,415.366,12,12,0,12,1.0000,1.0000,0,939.0,1.0116
2261,500.823,601.931,454.610,12,12,0,12,1.0000,1.0000,0,951.1,1.0247
2262,500.650,641.545,415.870,12,12,0,12,1.0000,1.0000,0,921.0,0.9922
2263,500.795,680.632,455.113,12,12,1,11,0.9167,0.9890,0,826.4,0.8903
2264,500.768,759.334,455.617,8,4,0,4,1.0000,0.0000,0,0.0,0.0000
2265,501.019,51.018,451.085,8,8,0,8,1.0000,0.8603,0,467.5,0.5037
2266,500.991,129.719,451.589,12,12,0,12,1.0000,1.0000,0,905.7,0.9758
2267,500.963,208.421,452.092,12,12,0,12,1.0000,1.0000,0,945.8,1.0189
2268,501.108,247.509,491.336,12,12,0,12,1.0000,1.0000,0,913.3,0.9840
2269,500.935,287.123,452.596,12,12,0,12,1.0000,1.0000,0,931.8,1.0039
2270,501.081,326.210,491.839,12,12,0,12,1.0000,1.0000,0,901.0,0.9707
2271,500.907,365.825,453.099,12,12,0,12,1.0000,1.0000,0,925.2,0.9968
2272,501.053,404.912,492.342,12,12,0,12,1.0000,1.0000,0,947.2,1.0204
2273,500.879,444.527,453.603,12,12,0,12,1.0000,1.0000,0,957.8,1.0319
2274,501.025,483.614,492.846,12,12,0,12,1.0000,1.0000,0,934.5,1.0068
2275,500.997,562.316,493.349,12,12,0,12,1.0000,1.0000,0,945.0,1.0182
2276,500.969,641.018,493.853,12,12,0,12,1.0000,1.0000,0,935.8,1.0082
2277,501.114,680.105,533.096,12,12,1,11,0.9167,1.0000,0,920.9,0.9921
2278,500.941,719.720,494.356,12,12,0,12,1.0000,1.0000,0,905.1,0.9752
2279,501.086,758.807,533.600,8,4,0,4,1.0000,0.0000,0,0.0,0.0000
2280,501.338,50.490,529.068,8,8,0,8,1.0000,0.8194,0,396.4,0.4271
2281,501.164,90.105,490.329,12,12,0,12,1.0000,1.0000,0,743.6,0.8011
2282,501.310,129.192,529.572,12,12,0,12,1.0000,1.0000,0,913.8,0.9845
2283,501.136,168.807,490.832,12,12,0,12,1.0000,1.0000,0,910.1,0.9805
2284,501.282,207.894,530.075,12,12,0,12,1.0000,1.0000,0,925.3,0.9969
2285,501.254,286.596,530.579,12,12,0,12,1.0000,1.0000,0,935.1,1.0074
2286,501.226,365.298,531.082,12,12,1,11,0.9167,1.0000,0,942.6,1.0155
2287,501.371,404.385,570.325,12,12,0,12,1.0000,1.0000,0,927.6,0.9994
2288,501.198,443.999,531.586,12,12,0,12,1.0000,1.0000,0,946.0,1.0192
2289,501.344,483.087,570.829,12,12,0,12,1.0000,1.0000,0,958.9,1.0331
2290,501.170,522.701,532.089,12,12,1,11,0.9167,0.9972,0,833.1,0.8976
2291,501.316,561.788,571.332,12,12,0,12,1.0000,1.0000,0,956.5,1.0306
2292,501.142,601.403,532.593,12,12,0,12,1.0000,1.0000,0,957.8,1.0320
2293,501.288,640.490,571.836,12,12,0,12,1.0000,1.0000,0,920.7,0.9919
2294,501.260,719.192,572.339,12,12,0,12,1.0000,1.0000,0,892.8,0.9619
2295,501.483,89.577,568.312,12,12,0,12,1.0000,1.0000,0,924.8,0.9964
2296,501.455,168.279,568.815,12,12,0,12,1.0000,1.0000,0,926.5,0.9982
2297,501.601,207.366,608.058,12,12,0,12,1.0000,1.0000,0,932.0,1.0042
2298,501.427,246.981,569.318,12,12,0,12,1.0000,1.0000,0,947.3,1.0206
2299,501.573,286.068,608.562,12,12,1,11,0.9167,1.0000,0,802.0,0.8641
2300,501.399,325.683,569.822,12,12,0,12,1.0000,1.0000,0,947.5,1.0209
2301,501.545,364.770,609.065,12,12,0,12,1.0000,1.0000,0,923.7,0.9952
2302,501.517,443.472,609.569,12,12,0,12,1.0000,1.0000,0,901.5,0.9712
2303,501.489,522.174,610.072,12,12,1,11,0.9167,1.0000,0,928.1,1.0000
2304,501.461,600.876,610.576,12,12,0,12,1.0000,1.0000,0,922.6,0.9940
2305,501.607,639.963,649.819,12,12,0,12,1.0000,1.0000,0,926.4,0.9981
2306,501.433,679.577,611.079,12,12,0,12,1.0000,1.0000,0,908.5,0.9788
2307,501.579,718.665,650.322,12,12,0,12,1.0000,1.0000,0,903.8,0.9737
2308,501.405,758.279,611.583,8,4,0,4,1.0000,0.0000,0,0.0,0.0000
2309,501.657,49.963,607.051,8,8,0,8,1.0000,0.8556,0,456.6,0.4919
2310,501.802,89.050,646.295,12,12,1,11,0.9167,1.0000,0,936.2,1.0086
2311,501.629,128.665,607.555,12,12,1,11,0.9167,1.0000,0,879.9,0.9480
2312,501.774,167.752,646.798,12,12,1,11,0.9167,1.0000,0,938.5,1.0112
2313,501.746,246.454,647.301,12,12,0,12,1.0000,1.0000,0,949.5,1.0230
2314,501.718,325.155,647.805,12,12,0,12,1.0000,1.0000,0,938.6,1.0112
2315,501.864,364.243,687.048,12,12,0,12,1.0000,1.0000,0,952.1,1.0258
2316,501.690,403.857,648.308,12,12,0,12,1.0000,1.0000,0,951.0,1.0246
2317,501.836,442.944,687.552,12,12,0,12,1.0000,1.0000,0,962.0,1.0365
2318,501.662,482.559,648.812,12,12,0,12,1.0000,1.0000,0,943.9,1.0169
2319,501.808,521.646,688.055,12,12,0,12,1.0000,1.0000,0,944.8,1.0179
2320,501.635,561.261,649.315,12,12,0,12,1.0000,1.0000,0,945.3,1.0185
2321,501.780,600.348,688.559,12,12,0,12,1.0000,1.0000,0,954.8,1.0287
2322,501.752,679.050,689.062,12,12,0,12,1.0000,1.0000,0,903.2,0.9731
2323,501.724,757.752,689.566,8,4,0,4,1.0000,0.0000,0,0.0,0.0000
2324,501.975,49.435,685.034,8,8,0,8,1.0000,0.9106,0,526.6,0.5673
2325,502.121,88.522,724.277,12,12,1,11,0.9167,0.9916,0,783.8,0.8445
2326,501.948,128.137,685.538,12,12,0,12,1.0000,1.0000,0,917.6,0.9887
2327,502.093,167.224,724.781,12,12,0,12,1.0000,1.0000,0,976.0,1.0516
2328,501.920,206.839,686.041,12,12,0,12,1.0000,1.0000,0,944.6,1.0177
2329,502.065,245.926,725.284,12,12,0,12,1.0000,1.0000,0,957.7,1.0318
2330,501.892,285.541,686.545,12,12,1,11,0.9167,1.0000,0,933.0,1.0052
2331,502.037,324.628,725.788,12,12,1,11,0.9167,1.0000,0,841.9,0.9071
2332,502.009,403.330,726.291,12,12,0,12,1.0000,1.0000,0,956.5,1.0306
2333,501.981,482.032,726.795,12,12,0,12,1.0000,1.0000,0,961.8,1.0363
2334,501.953,560.733,727.298,12,12,0,12,1.0000,1.0000,0,950.4,1.0240
2335,502.099,599.821,766.542,8,4,0,4,1.0000,0.8128,0,379.1,0.4085
2336,501.926,639.435,727.802,12,12,0,12,1.0000,1.0000,0,977.5,1.0532
2337,502.071,678.523,767.045,8,4,0,4,1.0000,0.8652,0,464.5,0.5005
2338,501.898,718.137,728.305,12,12,1,11,0.9167,1.0000,0,917.4,0.9884
2339,502.043,757.224,767.548,5,1,1,0,0.0000,0.0000,0,0.0,0.0000
2340,502.294,48.908,763.017,5,3,0,3,1.0000,0.6896,0,316.6,0.3412
2341,502.266,127.610,763.521,8,4,0,4,1.0000,0.7887,0,346.4,0.3732
2342,502.239,206.311,764.024,8,4,0,4,1.0000,0.7972,0,401.2,0.4322
2343,502.211,285.013,764.528,8,4,0,4,1.0000,0.8078,0,377.2,0.4064
2344,502.183,363.715,765.031,8,4,0,4,1.0000,0.7576,0,277.5,0.2990
2345,502.155,442.417,765.535,8,4,0,4,1.0000,0.7921,0,362.1,0.3901
2346,502.127,521.119,766.038,8,4,0,4,1.0000,0.8159,0,412.6,0.4445
2347,538.370,722.681,65.374,8,8,0,8,1.0000,0.9109,0,527.2,0.5688
2348,538.594,93.066,61.346,8,8,0,8,1.0000,0.8547,0,430.5,0.4645
2349,538.566,171.768,61.849,8,8,0,8,1.0000,0.8511,0,450.9,0.4866
2350,538.538,250.470,62.353,8,8,0,8,1.0000,0.7896,0,348.3,0.3758
2351,538.510,329.172,62.856,8,8,0,8,1.0000,0.7837,0,365.1,0.3939
2352,538.482,407.874,63.360,8,8,0,8,1.0000,0.7716,0,344.5,0.3717
2353,538.454,486.575,63.863,8,8,1,7,0.8750,0.7927,0,270.4,0.2917
2354,538.600,525.663,103.107,12,12,0,12,1.0000,1.0000,0,914.1,0.9862
2355,538.426,565.277,64.367,8,8,0,8,1.0000,0.8192,0,345.5,0.3728
2356,538.572,604.364,103.610,12,12,1,11,0.9167,1.0000,0,943.3,1.0178
2357,538.398,643.979,64.870,8,8,0,8,1.0000,0.8320,0,440.4,0.4752
2358,538.544,683.066,104.113,12,12,1,11,0.9167,0.9751,0,779.5,0.8410
2359,538.516,761.768,104.617,8,4,0,4,1.0000,0.0000,0,0.0,0.0000
2360,538.767,53.451,100.086,8,8,0,8,1.0000,0.9252,0,540.2,0.5829
2361,538.739,132.153,100.589,12,12,0,12,1.0000,1.0000,0,923.7,0.9967
2362,538.711,210.855,101.093,12,12,0,12,1.0000,1.0000,0,948.3,1.0232
2363,538.857,249.942,140.336,12,12,0,12,1.0000,1.0000,0,959.2,1.0349
2364,538.683,289.557,101.596,12,12,0,12,1.0000,1.0000,0,928.5,1.0018
2365,538.829,328.644,140.839,12,12,0,12,1.0000,1.0000,0,949.2,1.0241
2366,538.655,368.259,102.100,12,12,1,11,0.9167,1.0000,0,941.6,1.0159
2367,538.801,407.346,141.343,12,12,0,12,1.0000,1.0000,0,952.9,1.0281
2368,538.628,446.961,102.603,12,12,0,12,1.0000,1.0000,0,935.8,1.0097
2369,538.773,486.048,141.846,12,12,1,11,0.9167,1.0000,0,815.9,0.8803
2370,538.745,564.750,142.350,12,12,1,11,0.9167,0.9889,0,798.1,0.8611
2371,538.717,643.452,142.853,12,12,1,11,0.9167,1.0000,0,865.3,0.9337
2372,538.863,682.539,182.096,12,12,1,11,0.9167,0.9972,0,837.0,0.9031
2373,538.689,722.153,143.357,12,12,1,11,0.9167,0.9944,0,794.6,0.8573
2374,538.835,761.241,182.600,8,4,0,4,1.0000,0.0000,0,0.0,0.0000
2375,539.086,52.924,178.069,8,8,0,8,1.0000,0.8521,0,467.9,0.5048
2376,538.913,92.539,139.329,12,12,0,12,1.0000,1.0000,0,903.3,0.9747
2377,539.058,131.626,178.572,12,12,0,12,1.0000,1.0000,0,886.9,0.9570
2378,538.885,171.240,139.832,12,12,1,11,0.9167,1.0000,0,945.0,1.0196
2379,539.030,210.328,179.076,12,12,0,12,1.0000,1.0000,0,932.0,1.0056
2380,539.002,289.030,179.579,12,12,0,12,1.0000,1.0000,0,937.1,1.0111
2381,538.974,367.731,180.083,12,12,0,12,1.0000,1.0000,0,955.6,1.0311
2382,539.120,406.819,219.326,12,12,1,11,0.9167,1.0000,0,872.8,0.9418
2383,538.946,446.433,180.586,12,12,0,12,1.0000,1.0000,0,960.7,1.0366
2384,539.092,485.520,219.829,12,12,0,12,1.0000,1.0000,0,942.7,1.0171
2385,538.918,525.135,181.089,12,12,0,12,1.0000,1.0000,0,963.1,1.0391
2386,539.064,564.222,220.333,12,12,0,12,1.0000,1.0000,0,949.4,1.0244
2387,538.891,603.837,181.593,12,12,0,12,1.0000,1.0000,0,960.6,1.0365
2388,539.036,642.924,220.836,12,12,0,12,1.0000,1.0000,0,959.4,1.0352
2389,539.008,721.626,221.340,12,12,0,12,1.0000,1.0000,0,909.1,0.9809
2390,539.231,92.011,217.312,12,12,1,11,0.9167,1.0000,0,876.2,0.9454
2391,539.204,170.713,217.815,12,12,0,12,1.0000,1.0000,0,901.8,0.9731
2392,539.349,209.800,257.059,12,12,0,12,1.0000,1.0000,0,917.5,0.9900
2393,539.176,249.415,218.319,12,12,1,11,0.9167,1.0000,0,929.2,1.0026
2394,539.321,288.502,257.562,12,12,0,12,1.0000,1.0000,0,932.9,1.0066
2395,539.148,328.117,218.822,12,12,0,12,1.0000,1.0000,0,871.8,0.9406
2396,539.293,367.204,258.065,12,12,0,12,1.0000,1.0000,0,943.7,1.0182
2397,539.265,445.906,258.569,12,12,0,12,1.0000,1.0000,0,956.1,1.0316
2398,539.237,524.608,259.072,12,12,0,12,1.0000,1.0000,0,955.3,1.0307
2399,539.209,603.309,259.576,12,12,0,12,1.0000,1.0000,0,941.4,1.0157
2400,539.355,642.397,298.819,12,12,0,12,1.0000,1.0000,0,936.0,1.0099
2401,539.182,682.011,260.079,12,12,1,11,0.9167,1.0000,0,929.8,1.0032
2402,539.327,721.098,299.323,12,12,0,12,1.0000,1.0000,0,914.1,0.9863
2403,539.154,760.713,260.583,8,4,0,4,1.0000,0.0000,0,0.0,0.0000
2404,539.405,52.396,256.052,8,8,0,8,1.0000,0.9109,0,530.7,0.5727
2405,539.550,91.484,295.295,12,12,0,12,1.0000,1.0000,0,918.6,0.9912
2406,539.377,131.098,256.555,12,12,0,12,1.0000,1.0000,0,901.6,0.9729
2407,539.522,170.186,295.798,12,12,0,12,1.0000,1.0000,0,915.8,0.9882
2408,539.495,248.887,296.302,12,12,0,12,1.0000,1.0000,0,946.2,1.0210
2409,539.467,327.589,296.805,12,12,0,12,1.0000,1.0000,0,936.9,1.0109
2410,539.612,366.676,336.048,12,12,0,12,1.0000,1.0000,0,906.0,0.9776
2411,539.439,406.291,297.309,12,12,1,11,0.9167,0.9972,0,851.5,0.9188
2412,539.584,445.378,336.552,12,12,0,12,1.0000,1.0000,0,920.3,0.9930
2413,539.411,484.993,297.812,12,12,0,12,1.0000,1.0000,0,947.1,1.0219
2414,539.556,524.080,337.055,12,12,0,12,1.0000,1.0000,0,956.4,1.0320
2415,539.383,563.695,298.316,12,12,0,12,1.0000,1.0000,0,936.5,1.0105
2416,539.528,602.782,337.559,12,12,0,12,1.0000,1.0000,0,933.7,1.0074
2417,539.500,681.484,338.062,12,12,0,12,1.0000,1.0000,0,910.3,0.9822
2418,539.473,760.186,338.566,8,4,0,4,1.0000,0.0000,0,0.0,0.0000
2419,539.724,51.869,334.035,8,8,0,8,1.0000,0.8301,0,438.0,0.4726
2420,539.869,90.956,373.278,12,12,0,12,1.0000,1.0000,0,930.1,1.0036
2421,539.696,130.571,334.538,12,12,1,11,0.9167,1.0000,0,849.8,0.9170
2422,539.841,169.658,373.781,12,12,0,12,1.0000,1.0000,0,927.4,1.0006
2423,539.668,209.273,335.042,12,12,1,11,0.9167,0.9972,0,753.2,0.8127
2424,539.813,248.360,374.285,12,12,1,11,0.9167,1.0000,0,844.6,0.9113
2425,539.640,287.975,335.545,12,12,0,12,1.0000,1.0000,0,896.3,0.9672
2426,539.786,327.062,374.788,12,12,0,12,1.0000,1.0000,0,946.9,1.0217
2427,539.758,405.764,375.292,12,12,0,12,1.0000,1.0000,0,940.5,1.0148
2428,539.730,484.465,375.795,12,12,0,12,1.0000,1.0000,0,948.6,1.0235
2429,539.702,563.167,376.299,12,12,0,12,1.0000,1.0000,0,934.3,1.0081
2430,539.847,602.255,415.542,12,12,0,12,1.0000,1.0000,0,907.8,0.9796
2431,539.674,641.869,376.802,12,12,0,12,1.0000,1.0000,0,938.0,1.0122
2432,539.819,680.956,416.045,12,12,0,12,1.0000,1.0000,0,915.1,0.9874
2433,539.646,720.571,377.306,12,12,0,12,1.0000,1.0000,0,916.0,0.9883
2434,539.791,759.658,416.549,8,4,0,4,1.0000,0.0000,0,0.0,0.0000
2435,540.043,51.342,412.018,8,8,0,8,1.0000,0.9389,0,546.5,0.5897
2436,540.015,130.043,412.521,12,12,0,12,1.0000,1.0000,0,897.0,0.9679
2437,539.987,208.745,413.024,12,12,0,12,1.0000,1.0000,0,907.7,0.9795
2438,539.959,287.447,413.528,12,12,0,12,1.0000,1.0000,0,906.1,0.9777
2439,540.104,326.534,452.771,12,12,0,12,1.0000,1.0000,0,930.7,1.0043
2440,539.931,366.149,414.031,12,12,0,12,1.0000,1.0000,0,937.4,1.0114
2441,540.076,405.236,453.275,12,12,0,12,1.0000,1.0000,0,944.9,1.0195
2442,539.903,444.851,414.535,12,12,0,12,1.0000,1.0000,0,913.3,0.9855
2443,540.049,483.938,453.778,12,12,0,12,1.0000,1.0000,0,942.1,1.0165
2444,539.875,523.553,415.038,12,12,0,12,1.0000,1.0000,0,957.8,1.0334
2445,540.021,562.640,454.282,12,12,0,12,1.0000,1.0000,0,943.3,1.0178
2446,539.993,641.342,454.785,12,12,0,12,1.0000,1.0000,0,933.0,1.0068
2447,539.965,720.044,455.289,12,12,0,12,1.0000,1.0000,0,895.9,0.9667
2448,540.110,759.131,494.532,8,4,0,4,1.0000,0.0000,0,0.0,0.0000
2449,540.362,50.814,490.001,8,8,0,8,1.0000,0.8137,0,401.2,0.4329
2450,540.188,90.429,451.261,12,12,0,12,1.0000,1.0000,0,931.5,1.0051
2451,540.334,129.516,490.504,12,12,0,12,1.0000,1.0000,0,890.7,0.9611
2452,540.160,169.131,451.764,12,12,0,12,1.0000,1.0000,0,913.4,0.9856
2453,540.306,208.218,491.007,12,12,0,12,1.0000,1.0000,0,903.3,0.9746
2454,540.132,247.832,452.268,12,12,0,12,1.0000,1.0000,0,933.0,1.0067
2455,540.278,286.920,491.511,12,12,0,12,1.0000,1.0000,0,895.8,0.9666
2456,540.250,365.621,492.014,12,12,1,11,0.9167,1.0000,0,847.1,0.9140
2457,540.222,444.323,492.518,12,12,0,12,1.0000,1.0000,0,923.1,0.9960
2458,540.367,483.411,531.761,12,12,1,11,0.9167,1.0000,0,893.8,0.9644
2459,540.194,523.025,493.021,12,12,0,12,1.0000,1.0000,0,947.3,1.0222
2460,540.340,562.112,532.265,12,12,0,12,1.0000,1.0000,0,955.2,1.0307
2461,540.166,601.727,493.525,12,12,0,12,1.0000,1.0000,0,942.3,1.0168
2462,540.312,640.814,532.768,12,12,0,12,1.0000,1.0000,0,931.3,1.0049
2463,540.138,680.429,494.028,12,12,0,12,1.0000,1.0000,0,929.9,1.0034
2464,540.284,719.516,533.271,12,12,0,12,1.0000,1.0000,0,895.1,0.9659
2465,540.507,89.901,529.244,12,12,0,12,1.0000,0.9888,0,759.3,0.8194
2466,540.479,168.603,529.747,12,12,0,12,1.0000,1.0000,0,918.4,0.9910
2467,540.625,207.690,568.990,12,12,0,12,1.0000,1.0000,0,910.6,0.9825
2468,540.451,247.305,530.251,12,12,0,12,1.0000,1.0000,0,956.9,1.0326
2469,540.597,286.392,569.494,12,12,0,12,1.0000,1.0000,0,921.6,0.9944
2470,540.423,326.007,530.754,12,12,0,12,1.0000,1.0000,0,930.6,1.0042
2471,540.569,365.094,569.997,12,12,0,12,1.0000,1.0000,0,938.0,1.0122
2472,540.395,404.709,531.258,12,12,0,12,1.0000,1.0000,0,920.0,0.9927
2473,540.541,443.796,570.501,12,12,0,12,1.0000,1.0000,0,938.4,1.0126
2474,540.513,522.498,571.004,12,12,0,12,1.0000,1.0000,0,945.7,1.0205
2475,540.485,601.200,571.508,12,12,0,12,1.0000,1.0000,0,941.1,1.0154
2476,540.457,679.901,572.011,12,12,0,12,1.0000,1.0000,0,904.7,0.9762
2477,540.603,718.989,611.254,12,12,0,12,1.0000,1.0000,0,880.6,0.9502
2478,540.429,758.603,572.515,8,4,0,4,1.0000,0.0000,0,0.0,0.0000
2479,540.680,50.287,567.983,8,8,0,8,1.0000,0.8694,0,459.7,0.4961
2480,540.826,89.374,607.227,12,12,0,12,1.0000,1.0000,0,929.5,1.0029
2481,540.653,128.988,568.487,12,12,0,12,1.0000,1.0000,0,913.3,0.9855
2482,540.798,168.076,607.730,12,12,2,10,0.8333,0.9945,0,840.0,0.9064
2483,540.770,246.777,608.234,12,12,1,11,0.9167,1.0000,0,876.4,0.9457
2484,540.742,325.479,608.737,12,12,0,12,1.0000,1.0000,0,946.9,1.0218
2485,540.714,404.181,609.241,12,12,0,12,1.0000,1.0000,0,920.2,0.9929
2486,540.860,443.268,648.484,12,12,0,12,1.0000,1.0000,0,944.7,1.0194
2487,540.686,482.883,609.744,12,12,0,12,1.0000,1.0000,0,926.2,0.9994
2488,540.832,521.970,648.987,12,12,0,12,1.0000,1.0000,0,941.5,1.0160
2489,540.658,561.585,610.248,12,12,0,12,1.0000,1.0000,0,917.7,0.9903
2490,540.804,600.672,649.491,12,12,0,12,1.0000,1.0000,0,928.6,1.0020
2491,540.631,640.287,610.751,12,12,0,12,1.0000,1.0000,0,934.2,1.0080
2492,540.776,679.374,649.994,12,12,0,12,1.0000,1.0000,0,929.2,1.0026
2493,540.748,758.076,650.498,8,4,0,4,1.0000,0.0000,0,0.0,0.0000
2494,540.999,49.759,645.966,8,8,0,8,1.0000,0.8324,0,428.9,0.4628
2495,540.971,128.461,646.470,12,12,2,10,0.8333,0.9862,0,711.2,0.7674
2496,541.117,167.548,685.713,12,12,0,12,1.0000,1.0000,0,938.2,1.0124
2497,540.944,207.163,646.973,12,12,0,12,1.0000,1.0000,0,917.5,0.9901
2498,541.089,246.250,686.217,12,12,0,12,1.0000,1.0000,0,940.9,1.0154
2499,540.916,285.865,647.477,12,12,0,12,1.0000,1.0000,0,928.6,1.0021
2500,541.061,324.952,686.720,12,12,0,12,1.0000,1.0000,0,930.4,1.0040
2501,540.888,364.567,647.980,12,12,0,12,1.0000,1.0000,0,935.5,1.0094
2502,541.033,403.654,687.224,12,12,0,12,1.0000,1.0000,0,924.0,0.9971
2503,541.005,482.356,687.727,12,12,0,12,1.0000,1.0000,0,938.5,1.0127
2504,540.977,561.057,688.230,12,12,0,12,1.0000,1.0000,0,934.1,1.0080
2505,541.123,600.145,727.474,12,12,0,12,1.0000,1.0000,0,952.8,1.0282
2506,540.949,639.759,688.734,12,12,0,12,1.0000,1.0000,0,944.4,1.0191
2507,541.095,678.846,727.977,12,12,0,12,1.0000,1.0000,0,939.6,1.0139
2508,540.922,718.461,689.237,12,12,0,12,1.0000,1.0000,0,903.3,0.9747
2509,541.067,757.548,728.481,8,4,0,4,1.0000,0.0000,0,0.0,0.0000
2510,541.318,49.232,723.949,8,8,0,8,1.0000,0.9220,0,535.5,0.5779
2511,541.145,88.846,685.210,12,12,1,11,0.9167,1.0000,0,859.6,0.9276
2512,541.290,127.933,724.453,12,12,0,12,1.0000,1.0000,0,937.2,1.0113
2513,541.262,206.635,724.956,12,12,1,11,0.9167,1.0000,0,945.6,1.0204
2514,541.234,285.337,725.460,12,12,1,11,0.9167,1.0000,0,933.2,1.0071
2515,541.207,364.039,725.963,12,12,0,12,1.0000,1.0000,0,966.6,1.0431
2516,541.352,403.126,765.206,8,4,0,4,1.0000,0.8033,0,354.0,0.3820
2517,541.179,442.741,726.467,12,12,0,12,1.0000,1.0000,0,943.3,1.0179
2518,541.324,481.828,765.710,8,4,0,4,1.0000,0.7833,0,342.5,0.3696
2519,541.151,521.443,726.970,12,12,0,12,1.0000,1.0000,0,943.5,1.0181
2520,541.296,560.530,766.213,8,4,0,4,1.0000,0.8459,0,450.4,0.4860
2521,541.268,639.232,766.717,8,4,0,4,1.0000,0.8750,0,462.7,0.4993
2522,541.240,717.934,767.220,8,4,0,4,1.0000,0.8384,0,433.7,0.4681
2523,541.464,88.319,763.193,8,4,0,4,1.0000,0.8701,0,457.3,0.4935
2524,541.436,167.021,763.696,8,4,0,4,1.0000,0.8011,0,341.7,0.3687
2525,541.408,245.723,764.200,8,4,0,4,1.0000,0.7837,0,279.8,0.3019
2526,541.380,324.424,764.703,8,4,0,4,1.0000,0.7775,0,345.7,0.3731
2527,577.623,525.986,64.039,8,8,0,8,1.0000,0.8268,0,393.7,0.4263
2528,577.596,604.688,64.542,8,8,1,7,0.8750,0.8159,0,400.2,0.4334
2529,577.568,683.390,65.046,8,8,0,8,1.0000,0.8691,0,487.7,0.5282
2530,577.540,762.092,65.549,5,3,0,3,1.0000,0.0000,0,0.0,0.0000
2531,577.791,53.775,61.018,5,5,0,5,1.0000,0.7092,0,372.6,0.4036
2532,577.763,132.477,61.521,8,8,0,8,1.0000,0.8230,0,408.2,0.4421
2533,577.735,211.179,62.025,8,8,0,8,1.0000,0.7713,0,289.9,0.3140
2534,577.707,289.881,62.528,8,8,0,8,1.0000,0.7994,0,365.0,0.3953
2535,577.853,328.968,101.771,12,12,0,12,1.0000,1.0000,0,929.4,1.0065
2536,577.679,368.583,63.032,8,8,0,8,1.0000,0.7019,0,254.8,0.2760
2537,577.825,407.670,102.275,12,12,0,12,1.0000,1.0000,0,945.2,1.0237
2538,577.651,447.285,63.535,8,8,0,8,1.0000,0.7535,0,0.0,0.0000
2539,577.797,486.372,102.778,12,12,0,12,1.0000,1.0000,0,916.4,0.9925
2540,577.769,565.074,103.282,12,12,0,12,1.0000,1.0000,0,941.2,1.0194
2541,577.741,643.776,103.785,12,12,0,12,1.0000,1.0000,0,962.8,1.0428
2542,577.713,722.477,104.289,12,12,0,12,1.0000,1.0000,0,918.8,0.9951
2543,577.859,761.565,143.532,8,4,0,4,1.0000,0.0000,0,0.0,0.0000
2544,578.110,53.248,139.001,8,8,0,8,1.0000,0.9014,0,510.6,0.5530
2545,577.936,92.863,100.261,12,12,0,12,1.0000,1.0000,0,940.0,1.0180
2546,578.082,131.950,139.504,12,12,0,12,1.0000,1.0000,0,893.8,0.9680
2547,577.909,171.564,100.765,12,12,0,12,1.0000,1.0000,0,928.9,1.0060
2548,578.054,210.652,140.008,12,12,1,11,0.9167,1.0000,0,846.2,0.9164
2549,577.881,250.266,101.268,12,12,0,12,1.0000,1.0000,0,945.1,1.0236
2550,578.026,289.353,140.511,12,12,0,12,1.0000,1.0000,0,932.3,1.0097
2551,577.998,368.055,141.015,12,12,0,12,1.0000,1.0000,0,939.4,1.0174
2552,577.970,446.757,141.518,12,12,0,12,1.0000,1.0000,0,941.4,1.0195
2553,578.116,485.844,180.761,12,12,1,11,0.9167,0.9973,0,841.1,0.9109
2554,577.942,525.459,142.022,12,12,0,12,1.0000,1.0000,0,943.8,1.0222
2555,578.088,564.546,181.265,12,12,1,11,0.9167,1.0000,0,842.1,0.9121
2556,577.914,604.161,142.525,12,12,0,12,1.0000,1.0000,0,930.3,1.0076
2557,578.060,643.248,181.768,12,12,0,12,1.0000,1.0000,0,948.9,1.0277
2558,577.887,682.863,143.029,12,12,0,12,1.0000,1.0000,0,929.5,1.0067
2559,578.032,721.950,182.272,12,12,0,12,1.0000,1.0000,0,912.3,0.9881
2560,578.255,92.335,178.244,12,12,0,12,1.0000,1.0000,0,923.9,1.0007
2561,578.227,171.037,178.747,12,12,1,11,0.9167,1.0000,0,906.9,0.9823
2562,578.373,210.124,217.991,12,12,0,12,1.0000,1.0000,0,888.4,0.9622
2563,578.200,249.739,179.251,12,12,2,10,0.8333,1.0000,0,891.9,0.9660
2564,578.345,288.826,218.494,12,12,0,12,1.0000,1.0000,0,901.0,0.9759
2565,578.172,328.441,179.754,12,12,0,12,1.0000,1.0000,0,920.7,0.9972
2566,578.317,367.528,218.998,12,12,0,12,1.0000,1.0000,0,929.1,1.0063
2567,578.144,407.142,180.258,12,12,0,12,1.0000,1.0000,0,946.0,1.0246
2568,578.289,446.230,219.501,12,12,0,12,1.0000,1.0000,0,935.3,1.0130
2569,578.261,524.932,220.005,12,12,0,12,1.0000,1.0000,0,953.6,1.0328
2570,578.233,603.633,220.508,12,12,0,12,1.0000,1.0000,0,936.0,1.0138
2571,578.205,682.335,221.012,12,12,0,12,1.0000,1.0000,0,901.1,0.9759
2572,578.351,721.422,260.255,12,12,0,12,1.0000,1.0000,0,892.1,0.9662
2573,578.178,761.037,221.515,8,4,0,4,1.0000,0.0000,0,0.0,0.0000
2574,578.429,52.720,216.984,8,8,0,8,1.0000,0.8207,0,418.0,0.4528
2575,578.574,91.808,256.227,12,12,1,11,0.9167,1.0000,0,903.7,0.9788
2576,578.401,131.422,217.487,12,12,0,12,1.0000,1.0000,0,884.6,0.9581
2577,578.546,170.509,256.730,12,12,0,12,1.0000,1.0000,0,888.2,0.9620
2578,578.518,249.211,257.234,12,12,0,12,1.0000,1.0000,0,907.9,0.9834
2579,578.491,327.913,257.737,12,12,0,12,1.0000,1.0000,0,854.4,0.9254
2580,578.463,406.615,258.241,12,12,0,12,1.0000,1.0000,0,882.4,0.9557
2581,578.608,445.702,297.484,12,12,0,12,1.0000,1.0000,0,940.0,1.0182
2582,578.435,485.317,258.744,12,12,0,12,1.0000,1.0000,0,912.5,0.9883
2583,578.580,524.404,297.988,12,12,0,12,1.0000,1.0000,0,938.4,1.0164
2584,578.407,564.019,259.248,12,12,0,12,1.0000,1.0000,0,932.4,1.0099
2585,578.552,603.106,298.491,12,12,0,12,1.0000,1.0000,0,946.3,1.0250
2586,578.379,642.721,259.751,12,12,0,12,1.0000,1.0000,0,929.6,1.0069
2587,578.524,681.808,298.995,12,12,0,12,1.0000,1.0000,0,912.9,0.9887
2588,578.496,760.510,299.498,8,4,0,4,1.0000,0.0000,0,0.0,0.0000
2589,578.748,52.193,294.967,8,8,0,8,1.0000,0.8874,0,501.9,0.5436
2590,578.720,130.895,295.470,12,12,0,12,1.0000,1.0000,0,905.0,0.9803
2591,578.865,169.982,334.713,12,12,0,12,1.0000,1.0000,0,889.3,0.9633
2592,578.692,209.597,295.974,12,12,0,12,1.0000,1.0000,0,922.3,0.9990
2593,578.837,248.684,335.217,12,12,2,10,0.8333,0.9945,0,698.2,0.7563
2594,578.664,288.299,296.477,12,12,0,12,1.0000,1.0000,0,932.2,1.0096
2595,578.809,327.386,335.720,12,12,0,12,1.0000,1.0000,0,926.7,1.0038
2596,578.636,367.000,296.981,12,12,0,12,1.0000,1.0000,0,915.9,0.9920
2597,578.781,406.088,336.224,12,12,0,12,1.0000,1.0000,0,920.4,0.9969
2598,578.754,484.789,336.727,12,12,0,12,1.0000,1.0000,0,918.6,0.9950
2599,578.726,563.491,337.231,12,12,0,12,1.0000,1.0000,0,925.0,1.0019
2600,578.871,602.578,376.474,12,12,0,12,1.0000,1.0000,0,941.4,1.0196
2601,578.698,642.193,337.734,12,12,0,12,1.0000,1.0000,0,919.7,0.9961
2602,578.843,681.280,376.977,12,12,1,11,0.9167,1.0000,0,920.5,0.9970
2603,578.670,720.895,338.238,12,12,0,12,1.0000,1.0000,0,882.6,0.9560
2604,578.815,759.982,377.481,8,4,0,4,1.0000,0.0000,0,0.0,0.0000
2605,579.067,51.665,372.950,8,8,0,8,1.0000,0.7790,0,384.6,0.4166
2606,578.893,91.280,334.210,12,12,0,12,1.0000,1.0000,0,903.0,0.9780
2607,579.039,130.367,373.453,12,12,1,11,0.9167,1.0000,0,841.8,0.9118
2608,579.011,209.069,373.957,12,12,3,9,0.7500,0.8929,0,497.2,0.5386
2609,578.983,287.771,374.460,12,12,0,12,1.0000,1.0000,0,884.7,0.9582
2610,578.955,366.473,374.964,12,12,0,12,1.0000,1.0000,0,920.4,0.9969
2611,579.100,405.560,414.207,12,12,0,12,1.0000,1.0000,0,913.7,0.9897
2612,578.927,445.175,375.467,12,12,0,12,1.0000,1.0000,0,927.4,1.0045
2613,579.072,484.262,414.710,12,12,0,12,1.0000,1.0000,0,937.0,1.0149
2614,578.899,523.877,375.971,12,12,0,12,1.0000,1.0000,0,939.7,1.0178
2615,579.045,562.964,415.214,12,12,0,12,1.0000,1.0000,0,872.2,0.9447
2616,579.017,641.666,415.717,12,12,0,12,1.0000,1.0000,0,905.8,0.9811
2617,578.989,720.367,416.221,12,12,0,12,1.0000,1.0000,0,891.2,0.9653
2618,579.212,90.753,412.193,12,12,1,11,0.9167,1.0000,0,858.1,0.9295
2619,579.358,129.840,451.436,12,12,1,11,0.9167,1.0000,0,802.7,0.8695
2620,579.184,169.455,412.696,12,12,0,12,1.0000,1.0000,0,894.6,0.9690
2621,579.330,208.542,451.940,12,12,0,12,1.0000,1.0000,0,926.0,1.0030
2622,579.156,248.156,413.200,12,12,0,12,1.0000,1.0000,0,908.1,0.9836
2623,579.302,287.244,452.443,12,12,0,12,1.0000,1.0000,0,926.1,1.0032
2624,579.128,326.858,413.703,12,12,0,12,1.0000,1.0000,0,925.2,1.0022
2625,579.274,365.945,452.947,12,12,0,12,1.0000,1.0000,0,914.0,0.9900
2626,579.246,444.647,453.450,12,12,0,12,1.0000,1.0000,0,904.0,0.9792
2627,579.218,523.349,453.953,12,12,0,12,1.0000,1.0000,0,928.4,1.0056
2628,579.363,562.436,493.197,12,12,0,12,1.0000,1.0000,0,923.1,0.9999
2629,579.190,602.051,454.457,12,12,0,12,1.0000,1.0000,0,925.8,1.0028
2630,579.336,641.138,493.700,12,12,0,12,1.0000,1.0000,0,912.9,0.9888
2631,579.162,680.753,454.960,12,12,0,12,1.0000,1.0000,0,907.7,0.9832
2632,579.308,719.840,494.204,12,12,0,12,1.0000,1.0000,0,884.3,0.9578
2633,579.134,759.455,455.464,8,4,0,4,1.0000,0.0000,0,0.0,0.0000
2634,579.385,51.138,450.933,8,8,0,8,1.0000,0.8867,0,495.1,0.5363
2635,579.531,90.225,490.176,12,12,0,12,1.0000,1.0000,0,886.0,0.9597
2636,579.503,168.927,490.679,12,12,0,12,1.0000,1.0000,0,908.2,0.9838
2637,579.475,247.629,491.183,12,12,0,12,1.0000,1.0000,0,893.0,0.9673
2638,579.621,286.716,530.426,12,12,0,12,1.0000,1.0000,0,918.4,0.9948
2639,579.447,326.331,491.686,12,12,0,12,1.0000,1.0000,0,922.0,0.9987
2640,579.593,365.418,530.930,12,12,1,11,0.9167,1.0000,0,897.2,0.9719
2641,579.419,405.033,492.190,12,12,0,12,1.0000,1.0000,0,901.9,0.9769
2642,579.565,444.120,531.433,12,12,0,12,1.0000,1.0000,0,910.2,0.9860
2643,579.391,483.734,492.693,12,12,0,12,1.0000,1.0000,0,917.5,0.9938
2644,579.537,522.822,531.936,12,12,0,12,1.0000,1.0000,0,953.4,1.0327
2645,579.509,601.523,532.440,12,12,0,12,1.0000,1.0000,0,939.5,1.0177
2646,579.481,680.225,532.943,12,12,0,12,1.0000,1.0000,0,909.8,0.9855
2647,579.453,758.927,533.447,8,4,0,4,1.0000,0.0000,0,0.0,0.0000
2648,579.704,50.611,528.916,8,8,0,8,1.0000,0.8045,0,388.0,0.4203
2649,579.850,89.698,568.159,12,12,0,12,1.0000,1.0000,0,789.3,0.8550
2650,579.676,129.312,529.419,12,12,0,12,1.0000,1.0000,0,885.3,0.9590
2651,579.822,168.400,568.662,12,12,0,12,1.0000,1.0000,0,930.0,1.0074
2652,579.649,208.014,529.923,12,12,0,12,1.0000,1.0000,0,921.0,0.9976
2653,579.794,247.101,569.166,12,12,0,12,1.0000,1.0000,0,924.8,1.0018
2654,579.766,325.803,569.669,12,12,0,12,1.0000,1.0000,0,923.3,1.0002
2655,579.738,404.505,570.173,12,12,0,12,1.0000,1.0000,0,931.8,1.0094
2656,579.710,483.207,570.676,12,12,0,12,1.0000,1.0000,0,934.3,1.0121
2657,579.856,522.294,609.919,12,12,0,12,1.0000,1.0000,0,942.3,1.0207
2658,579.682,561.909,571.180,12,12,0,12,1.0000,1.0000,0,914.2,0.9903
2659,579.828,600.996,610.423,12,12,0,12,1.0000,1.0000,0,931.6,1.0091
2660,579.654,640.611,571.683,12,12,0,12,1.0000,1.0000,0,921.4,0.9980
2661,579.800,679.698,610.926,12,12,0,12,1.0000,1.0000,0,905.8,0.9811
2662,579.627,719.313,572.187,12,12,0,12,1.0000,1.0000,0,898.6,0.9734
2663,579.772,758.400,611.430,8,4,0,4,1.0000,0.0000,0,0.0,0.0000
2664,580.023,50.083,606.899,8,8,0,8,1.0000,0.8740,0,475.9,0.5155
2665,579.995,128.785,607.402,12,12,0,12,1.0000,1.0000,0,906.2,0.9817
2666,579.967,207.487,607.906,12,12,0,12,1.0000,1.0000,0,931.5,1.0091
2667,580.113,246.574,647.149,12,12,0,12,1.0000,1.0000,0,956.9,1.0366
2668,579.939,286.189,608.409,12,12,0,12,1.0000,1.0000,0,917.7,0.9941
2669,580.085,325.276,647.652,12,12,0,12,1.0000,1.0000,0,947.2,1.0261
2670,579.912,364.890,608.912,12,12,0,12,1.0000,1.0000,0,942.1,1.0205
2671,580.057,403.978,648.156,12,12,0,12,1.0000,1.0000,0,934.4,1.0122
2672,579.884,443.592,609.416,12,12,0,12,1.0000,1.0000,0,946.3,1.0251
2673,580.029,482.680,648.659,12,12,0,12,1.0000,1.0000,0,952.3,1.0316
2674,580.001,561.381,649.163,12,12,0,12,1.0000,1.0000,0,940.0,1.0183
2675,579.973,640.083,649.666,12,12,0,12,1.0000,1.0000,0,904.3,0.9796
2676,580.119,679.170,688.909,12,12,0,12,1.0000,1.0000,0,903.5,0.9787
2677,579.945,718.785,650.170,12,12,0,12,1.0000,1.0000,0,876.1,0.9490
2678,580.091,757.872,689.413,8,4,0,4,1.0000,0.0000,0,0.0,0.0000
2679,580.342,49.556,684.882,8,8,0,8,1.0000,0.8464,0,450.8,0.4884
2680,580.169,89.170,646.142,12,12,2,10,0.8333,1.0000,0,782.7,0.8478
2681,580.314,128.257,685.385,12,12,0,12,1.0000,1.0000,0,911.2,0.9871
2682,580.141,167.872,646.645,12,12,0,12,1.0000,1.0000,0,919.7,0.9962
2683,580.286,206.959,685.888,12,12,1,11,0.9167,1.0000,0,926.0,1.0031
2684,580.258,285.661,686.392,12,12,0,12,1.0000,1.0000,0,910.8,0.9867
2685,580.230,364.363,686.895,12,12,0,12,1.0000,1.0000,0,932.7,1.0104
2686,580.203,443.065,687.399,12,12,0,12,1.0000,1.0000,0,920.2,0.9968
2687,580.348,482.152,726.642,12,12,0,12,1.0000,1.0000,0,956.5,1.0362
2688,580.175,521.767,687.902,12,12,0,12,1.0000,1.0000,0,933.6,1.0113
2689,580.320,560.854,727.146,12,12,0,12,1.0000,1.0000,0,951.9,1.0312
2690,580.147,600.469,688.406,12,12,1,11,0.9167,1.0000,0,814.6,0.8824
2691,580.292,639.556,727.649,12,12,0,12,1.0000,1.0000,0,908.8,0.9845
2692,580.264,718.258,728.153,12,12,0,12,1.0000,1.0000,0,881.2,0.9546
2693,580.488,88.643,724.125,12,12,0,12,1.0000,1.0000,0,948.8,1.0279
2694,580.460,167.345,724.628,12,12,0,12,1.0000,1.0000,0,934.4,1.0122
2695,580.605,206.432,763.871,8,4,0,4,1.0000,0.7500,0,306.2,0.3317
2696,580.432,246.046,725.132,12,12,0,12,1.0000,1.0000,0,940.4,1.0187
2697,580.577,285.134,764.375,8,4,0,4,1.0000,0.7983,0,385.1,0.4171
2698,580.404,324.748,725.635,12,12,0,12,1.0000,1.0000,0,926.7,1.0039
2699,580.549,363.836,764.878,8,4,0,4,1.0000,0.8062,0,361.6,0.3917
2700,580.376,403.450,726.139,12,12,0,12,1.0000,1.0000,0,945.7,1.0244
2701,580.521,442.537,765.382,8,4,0,4,1.0000,0.8229,0,412.0,0.4463
2702,580.494,521.239,765.885,8,4,0,4,1.0000,0.8202,0,415.2,0.4498
2703,580.466,599.941,766.389,8,4,0,4,1.0000,0.8177,0,413.0,0.4474
2704,580.438,678.643,766.892,8,4,0,4,1.0000,0.8329,0,453.2,0.4910
2705,580.410,757.345,767.396,5,1,0,1,1.0000,0.0000,0,0.0,0.0000
2706,580.661,49.028,762.865,5,3,0,3,1.0000,0.6767,0,303.6,0.3289
2707,580.633,127.730,763.368,8,4,0,4,1.0000,0.8459,0,436.5,0.4729
2708,616.849,407.994,63.207,8,8,0,8,1.0000,0.7602,0,316.3,0.3439
2709,616.821,486.696,63.711,8,8,0,8,1.0000,0.7479,0,256.8,0.2792
2710,616.793,565.398,64.214,8,8,0,8,1.0000,0.7821,0,345.0,0.3751
2711,616.765,644.099,64.718,8,8,0,8,1.0000,0.8187,0,402.8,0.4379
2712,616.737,722.801,65.221,8,8,0,8,1.0000,0.8822,0,500.0,0.5436
2713,616.960,93.187,61.193,8,8,1,7,0.8750,0.7384,0,306.4,0.3331
2714,617.106,132.274,100.436,12,12,0,12,1.0000,1.0000,0,935.9,1.0176
2715,616.932,171.888,61.697,8,8,0,8,1.0000,0.7445,0,261.1,0.2838
2716,617.078,210.976,100.940,12,12,0,12,1.0000,1.0000,0,940.5,1.0226
2717,616.905,250.590,62.200,8,8,0,8,1.0000,0.7694,0,316.3,0.3439
2718,617.050,289.677,101.443,12,12,0,12,1.0000,1.0000,0,955.5,1.0389
2719,616.877,329.292,62.704,8,8,0,8,1.0000,0.7131,0,237.8,0.2585
2720,617.022,368.379,101.947,12,12,0,12,1.0000,1.0000,0,935.0,1.0165
2721,616.994,447.081,102.450,12,12,0,12,1.0000,1.0000,0,925.6,1.0063
2722,616.966,525.783,102.954,12,12,0,12,1.0000,1.0000,0,952.6,1.0357
2723,617.112,564.870,142.197,12,12,0,12,1.0000,1.0000,0,955.8,1.0392
2724,616.938,604.485,103.457,12,12,1,11,0.9167,1.0000,0,922.0,1.0024
2725,617.084,643.572,142.700,12,12,0,12,1.0000,1.0000,0,954.2,1.0375
2726,616.910,683.187,103.961,12,12,0,12,1.0000,1.0000,0,914.7,0.9945
2727,617.056,722.274,143.204,12,12,0,12,1.0000,1.0000,0,896.2,0.9744
2728,616.883,761.889,104.464,8,4,0,4,1.0000,0.0000,0,0.0,0.0000
2729,617.134,53.572,99.933,8,8,0,8,1.0000,0.8583,0,435.5,0.4735
2730,617.279,92.659,139.176,12,12,0,12,1.0000,1.0000,0,902.7,0.9815
2731,617.251,171.361,139.680,12,12,0,12,1.0000,1.0000,0,914.7,0.9945
2732,617.223,250.063,140.183,12,12,0,12,1.0000,1.0000,0,932.4,1.0138
2733,617.369,289.150,179.426,12,12,0,12,1.0000,1.0000,0,927.1,1.0080
2734,617.196,328.765,140.687,12,12,0,12,1.0000,1.0000,0,938.8,1.0207
2735,617.341,367.852,179.930,12,12,0,12,1.0000,1.0000,0,968.8,1.0533
2736,617.168,407.466,141.190,12,12,0,12,1.0000,1.0000,0,928.5,1.0095
2737,617.313,446.554,180.433,12,12,0,12,1.0000,1.0000,0,980.1,1.0657
2738,617.140,486.168,141.694,12,12,0,12,1.0000,1.0000,0,932.2,1.0135
2739,617.285,525.255,180.937,12,12,0,12,1.0000,1.0000,0,975.6,1.0607
2740,617.257,603.957,181.440,12,12,0,12,1.0000,1.0000,0,918.3,0.9985
2741,617.229,682.659,181.944,12,12,0,12,1.0000,1.0000,0,919.8,1.0000
2742,617.375,721.746,221.187,12,12,0,12,1.0000,1.0000,0,897.6,0.9760
2743,617.201,761.361,182.447,8,4,0,4,1.0000,0.0000,0,0.0,0.0000
2744,617.453,53.044,177.916,8,8,0,8,1.0000,0.8659,0,471.1,0.5123
2745,617.598,92.132,217.159,12,12,0,12,1.0000,1.0000,0,920.7,1.0011
2746,617.425,131.746,178.419,12,12,0,12,1.0000,1.0000,0,896.3,0.9745
2747,617.570,170.833,217.663,12,12,0,12,1.0000,1.0000,0,918.6,0.9988
2748,617.397,210.448,178.923,12,12,0,12,1.0000,1.0000,0,872.4,0.9485
2749,617.542,249.535,218.166,12,12,0,12,1.0000,1.0000,0,931.4,1.0127
2750,617.514,328.237,218.670,12,12,0,12,1.0000,1.0000,0,923.6,1.0042
2751,617.486,406.939,219.173,12,12,0,12,1.0000,1.0000,0,936.9,1.0186
2752,617.459,485.641,219.677,12,12,0,12,1.0000,1.0000,0,933.3,1.0148
2753,617.604,524.728,258.920,12,12,0,12,1.0000,1.0000,0,942.2,1.0244
2754,617.431,564.343,220.180,12,12,0,12,1.0000,1.0000,0,931.0,1.0122
2755,617.576,603.430,259.423,12,12,0,12,1.0000,1.0000,0,960.4,1.0442
2756,617.403,643.045,220.683,12,12,1,11,0.9167,0.9944,0,784.0,0.8524
2757,617.548,682.132,259.927,12,12,1,11,0.9167,0.9832,0,794.3,0.8637
2758,617.520,760.834,260.430,8,4,0,4,1.0000,0.0000,0,0.0,0.0000
2759,617.772,52.517,255.899,8,8,0,8,1.0000,0.8156,0,391.2,0.4253
2760,617.744,131.219,256.402,12,12,0,12,1.0000,1.0000,0,868.7,0.9445
2761,617.716,209.921,256.906,12,12,0,12,1.0000,1.0000,0,895.7,0.9739
2762,617.861,249.008,296.149,12,12,1,11,0.9167,0.9918,0,754.8,0.8207
2763,617.688,288.622,257.409,12,12,0,12,1.0000,1.0000,0,874.2,0.9506
2764,617.833,327.710,296.653,12,12,0,12,1.0000,1.0000,0,857.6,0.9325
2765,617.660,367.324,257.913,12,12,0,12,1.0000,1.0000,0,911.2,0.9907
2766,617.805,406.411,297.156,12,12,1,11,0.9167,1.0000,0,899.5,0.9780
2767,617.632,446.026,258.416,12,12,0,12,1.0000,1.0000,0,919.0,0.9992
2768,617.777,485.113,297.659,12,12,0,12,1.0000,1.0000,0,924.3,1.0050
2769,617.750,563.815,298.163,12,12,0,12,1.0000,1.0000,0,938.5,1.0204
2770,617.722,642.517,298.666,12,12,0,12,1.0000,1.0000,0,928.6,1.0097
2771,617.867,681.604,337.910,12,12,0,12,1.0000,1.0000,0,909.2,0.9886
2772,617.694,721.219,299.170,12,12,0,12,1.0000,1.0000,0,912.2,0.9918
2773,617.839,760.306,338.413,8,4,0,4,1.0000,0.0000,0,0.0,0.0000
2774,618.090,51.989,333.882,8,8,0,8,1.0000,0.8736,0,479.8,0.5217
2775,617.917,91.604,295.142,12,12,0,12,1.0000,1.0000,0,898.0,0.9765
2776,618.063,130.691,334.385,12,12,0,12,1.0000,1.0000,0,922.0,1.0025
2777,617.889,170.306,295.646,12,12,0,12,1.0000,1.0000,0,889.8,0.9675
2778,618.035,209.393,334.889,12,12,1,11,0.9167,1.0000,0,914.5,0.9944
2779,618.007,288.095,335.392,12,12,0,12,1.0000,1.0000,0,908.2,0.9875
2780,617.979,366.797,335.896,12,12,1,11,0.9167,1.0000,0,906.7,0.9859
2781,618.124,405.884,375.139,12,12,0,12,1.0000,1.0000,0,919.2,0.9995
2782,617.951,445.499,336.399,12,12,0,12,1.0000,1.0000,0,912.1,0.9918
2783,618.096,484.586,375.642,12,12,0,12,1.0000,1.0000,0,922.2,1.0028
2784,617.923,524.201,336.903,12,12,0,12,1.0000,1.0000,0,947.3,1.0300
2785,618.068,563.288,376.146,12,12,0,12,1.0000,1.0000,0,965.4,1.0497
2786,617.895,602.902,337.406,12,12,0,12,1.0000,1.0000,0,931.5,1.0128
2787,618.041,641.990,376.649,12,12,0,12,1.0000,1.0000,0,945.0,1.0275
2788,618.013,720.691,377.153,12,12,0,12,1.0000,1.0000,0,927.1,1.0080
2789,618.236,91.077,373.125,12,12,0,12,1.0000,1.0000,0,947.6,1.0304
2790,618.208,169.778,373.629,12,12,0,12,1.0000,1.0000,0,926.4,1.0073
2791,618.354,208.866,412.872,12,12,0,12,1.0000,1.0000,0,867.7,0.9435
2792,618.180,248.480,374.132,12,12,0,12,1.0000,1.0000,0,919.7,1.0000
2793,618.326,287.567,413.375,12,12,0,12,1.0000,1.0000,0,853.3,0.9279
2794,618.152,327.182,374.635,12,12,0,12,1.0000,1.0000,0,925.4,1.0063
2795,618.298,366.269,413.879,12,12,0,12,1.0000,1.0000,0,883.3,0.9605
2796,618.270,444.971,414.382,12,12,0,12,1.0000,1.0000,0,908.6,0.9879
2797,618.242,523.673,414.886,12,12,0,12,1.0000,1.0000,0,908.6,0.9880
2798,618.214,602.375,415.389,12,12,1,11,0.9167,1.0000,0,919.7,1.0001
2799,618.359,641.462,454.632,12,12,0,12,1.0000,1.0000,0,964.3,1.0485
2800,618.186,681.077,415.893,12,12,1,11,0.9167,1.0000,0,904.8,0.9838
2801,618.332,720.164,455.136,12,12,0,12,1.0000,1.0000,0,914.1,0.9939
2802,618.158,759.779,416.396,8,4,0,4,1.0000,0.0000,0,0.0,0.0000
2803,618.409,51.462,411.865,8,8,0,8,1.0000,0.7514,0,333.4,0.3625
2804,618.555,90.549,451.108,12,12,0,12,1.0000,1.0000,0,922.4,1.0029
2805,618.381,130.164,412.368,12,12,0,12,1.0000,1.0000,0,826.9,0.8992
2806,618.527,169.251,451.612,12,12,0,12,1.0000,1.0000,0,954.9,1.0383
2807,618.499,247.953,452.115,12,12,0,12,1.0000,1.0000,0,918.7,0.9989
2808,618.471,326.655,452.618,12,12,0,12,1.0000,1.0000,0,918.5,0.9987
2809,618.617,365.742,491.862,12,12,1,11,0.9167,1.0000,0,901.4,0.9801
2810,618.443,405.357,453.122,12,12,0,12,1.0000,1.0000,0,922.0,1.0025
2811,618.589,444.444,492.365,12,12,0,12,1.0000,1.0000,0,888.0,0.9655
2812,618.415,484.058,453.625,12,12,0,12,1.0000,1.0000,0,917.7,0.9979
2813,618.561,523.146,492.869,12,12,0,12,1.0000,1.0000,0,930.7,1.0120
2814,618.387,562.760,454.129,12,12,0,12,1.0000,1.0000,0,936.2,1.0180
2815,618.533,601.847,493.372,12,12,0,12,1.0000,1.0000,0,919.4,0.9997
2816,618.505,680.549,493.876,12,12,0,12,1.0000,1.0000,0,908.4,0.9877
2817,618.477,759.251,494.379,8,4,0,4,1.0000,0.0000,0,0.0,0.0000
2818,618.728,50.934,489.848,8,8,0,8,1.0000,0.8544,0,467.9,0.5088
2819,618.874,90.022,529.091,12,12,0,12,1.0000,1.0000,0,937.0,1.0188
2820,618.700,129.636,490.351,12,12,0,12,1.0000,1.0000,0,913.3,0.9931
2821,618.846,168.724,529.594,12,12,1,11,0.9167,1.0000,0,914.2,0.9940
2822,618.672,208.338,490.855,12,12,0,12,1.0000,1.0000,0,916.9,0.9970
2823,618.818,247.425,530.098,12,12,0,12,1.0000,1.0000,0,914.0,0.9938
2824,618.644,287.040,491.358,12,12,0,12,1.0000,1.0000,0,898.0,0.9764
2825,618.790,326.127,530.601,12,12,0,12,1.0000,1.0000,0,927.3,1.0083
2826,618.762,404.829,531.105,12,12,0,12,1.0000,1.0000,0,919.4,0.9996
2827,618.734,483.531,531.608,12,12,0,12,1.0000,1.0000,0,925.1,1.0059
2828,618.706,562.233,532.112,12,12,0,12,1.0000,1.0000,0,934.1,1.0156
2829,618.852,601.320,571.355,12,12,0,12,1.0000,1.0000,0,936.0,1.0177
2830,618.678,640.935,532.615,12,12,0,12,1.0000,1.0000,0,933.4,1.0149
2831,618.824,680.022,571.859,12,12,0,12,1.0000,1.0000,0,887.7,0.9652
2832,618.650,719.636,533.119,12,12,0,12,1.0000,1.0000,0,900.5,0.9791
2833,618.796,758.724,572.362,8,4,0,4,1.0000,0.0000,0,0.0,0.0000
2834,619.047,50.407,567.831,8,8,0,8,1.0000,0.8066,0,366.8,0.3988
2835,619.019,129.109,568.334,12,12,1,11,0.9167,1.0000,0,898.6,0.9770
2836,618.991,207.811,568.838,12,12,0,12,1.0000,1.0000,0,935.1,1.0167
2837,618.963,286.513,569.341,12,12,1,11,0.9167,1.0000,0,896.0,0.9742
2838,619.109,325.600,608.584,12,12,0,12,1.0000,1.0000,0,926.2,1.0070
2839,618.935,365.214,569.845,12,12,0,12,1.0000,1.0000,0,899.3,0.9778
2840,619.081,404.302,609.088,12,12,0,12,1.0000,1.0000,0,937.2,1.0190
2841,618.908,443.916,570.348,12,12,0,12,1.0000,1.0000,0,940.6,1.0227
2842,619.053,483.003,609.591,12,12,1,11,0.9167,1.0000,0,889.5,0.9671
2843,618.880,522.618,570.852,12,12,0,12,1.0000,1.0000,0,936.9,1.0186
2844,619.025,561.705,610.095,12,12,0,12,1.0000,1.0000,0,935.8,1.0175
2845,618.997,640.407,610.598,12,12,0,12,1.0000,1.0000,0,907.1,0.9862
2846,618.969,719.109,611.102,12,12,0,12,1.0000,1.0000,0,892.7,0.9706
2847,619.115,758.196,650.345,8,4,0,4,1.0000,0.0000,0,0.0,0.0000
2848,619.366,49.880,645.814,8,8,1,7,0.8750,0.8864,0,503.5,0.5474
2849,619.193,89.494,607.074,12,12,2,10,0.8333,1.0000,0,805.2,0.8755
2850,619.338,128.581,646.317,12,12,1,11,0.9167,1.0000,0,810.2,0.8809
2851,619.165,168.196,607.577,12,12,0,12,1.0000,1.0000,0,921.2,1.0016
2852,619.310,207.283,646.821,12,12,0,12,1.0000,1.0000,0,905.0,0.9840
2853,619.137,246.898,608.081,12,12,0,12,1.0000,1.0000,0,918.8,0.9990
2854,619.282,285.985,647.324,12,12,0,12,1.0000,1.0000,0,947.8,1.0305
2855,619.254,364.687,647.828,12,12,0,12,1.0000,1.0000,0,956.8,1.0403
2856,619.226,443.389,648.331,12,12,0,12,1.0000,1.0000,0,940.4,1.0224
2857,619.372,482.476,687.574,12,12,0,12,1.0000,1.0000,0,951.9,1.0350
2858,619.199,522.091,648.835,12,12,0,12,1.0000,1.0000,0,963.1,1.0472
2859,619.344,561.178,688.078,12,12,1,11,0.9167,1.0000,0,871.4,0.9474
2860,619.171,600.792,649.338,12,12,0,12,1.0000,1.0000,0,924.7,1.0054
2861,619.316,639.880,688.581,12,12,0,12,1.0000,1.0000,0,910.1,0.9896
2862,619.143,679.494,649.841,12,12,0,12,1.0000,1.0000,0,888.5,0.9661
2863,619.288,718.582,689.085,12,12,0,12,1.0000,1.0000,0,853.2,0.9277
2864,619.512,88.967,685.057,12,12,2,10,0.8333,0.9384,0,602.5,0.6551
2865,619.484,167.669,685.560,12,12,0,12,1.0000,1.0000,0,913.5,0.9932
2866,619.456,246.370,686.064,12,12,0,12,1.0000,1.0000,0,930.2,1.0114
2867,619.601,285.458,725.307,12,12,0,12,1.0000,1.0000,0,971.7,1.0565
2868,619.428,325.072,686.567,12,12,0,12,1.0000,1.0000,0,953.1,1.0362
2869,619.573,364.159,725.811,12,12,0,12,1.0000,1.0000,0,980.0,1.0655
2870,619.400,403.774,687.071,12,12,0,12,1.0000,1.0000,0,947.7,1.0304
2871,619.545,442.861,726.314,12,12,0,12,1.0000,1.0000,0,965.0,1.0492
2872,619.517,521.563,726.818,12,12,0,12,1.0000,1.0000,0,955.7,1.0391
2873,619.490,600.265,727.321,12,12,0,12,1.0000,1.0000,0,948.7,1.0315
2874,619.462,678.967,727.824,12,12,0,12,1.0000,1.0000,0,924.5,1.0052
2875,619.607,718.054,767.068,8,4,1,3,0.7500,0.8722,0,469.5,0.5105
2876,619.434,757.669,728.328,8,4,1,3,0.7500,0.0000,0,0.0,0.0000
2877,619.685,49.352,723.797,8,8,0,8,1.0000,0.8830,0,485.8,0.5282
2878,619.830,88.439,763.040,8,4,0,4,1.0000,0.8560,0,468.0,0.5088
2879,619.657,128.054,724.300,12,12,0,12,1.0000,1.0000,0,941.5,1.0236
2880,619.802,167.141,763.543,8,4,0,4,1.0000,0.8207,0,386.2,0.4199
2881,619.629,206.756,724.804,12,12,0,12,1.0000,1.0000,0,954.4,1.0376
2882,619.775,245.843,764.047,8,4,0,4,1.0000,0.7692,0,327.9,0.3564
2883,619.747,324.545,764.550,8,4,0,4,1.0000,0.8011,0,386.1,0.4197
2884,619.719,403.247,765.054,8,4,0,4,1.0000,0.8111,0,387.0,0.4208
2885,619.691,481.948,765.557,8,4,0,4,1.0000,0.7815,0,358.0,0.3892
2886,619.663,560.650,766.061,8,4,0,4,1.0000,0.8167,0,383.3,0.4167
2887,619.635,639.352,766.564,8,4,0,4,1.0000,0.8676,0,446.7,0.4857
2888,656.102,211.299,61.872,8,8,0,8,1.0000,0.7052,0,261.1,0.2829
2889,656.074,290.001,62.376,8,8,0,8,1.0000,0.7430,0,315.3,0.3417
2890,656.046,368.703,62.879,8,8,0,8,1.0000,0.6959,0,259.4,0.2811
2891,656.018,447.405,63.382,8,8,0,8,1.0000,0.7179,0,271.3,0.2940
2892,655.990,526.107,63.886,8,8,0,8,1.0000,0.7245,0,257.8,0.2793
2893,655.962,604.809,64.389,8,8,0,8,1.0000,0.7845,0,335.4,0.3635
2894,656.108,643.896,103.633,12,12,0,12,1.0000,1.0000,0,916.3,0.9929
2895,655.934,683.511,64.893,8,8,0,8,1.0000,0.8111,0,409.3,0.4435
2896,656.080,722.598,104.136,12,12,1,11,0.9167,0.9778,0,769.7,0.8341
2897,655.906,762.212,65.396,5,3,0,3,1.0000,0.0000,0,0.0,0.0000
2898,656.158,53.896,60.865,5,5,1,4,0.8000,0.5656,0,299.2,0.3242
2899,656.303,92.983,100.108,12,12,0,12,1.0000,1.0000,0,895.4,0.9703
2900,656.130,132.598,61.369,8,8,0,8,1.0000,0.7877,0,359.9,0.3900
2901,656.275,171.685,100.612,12,12,0,12,1.0000,1.0000,0,916.7,0.9934
2902,656.247,250.387,101.115,12,12,0,12,1.0000,1.0000,0,915.0,0.9915
2903,656.219,329.089,101.619,12,12,0,12,1.0000,1.0000,0,912.4,0.9887
2904,656.365,368.176,140.862,12,12,0,12,1.0000,1.0000,0,930.8,1.0086
2905,656.191,407.790,102.122,12,12,0,12,1.0000,1.0000,0,900.9,0.9763
2906,656.337,446.878,141.365,12,12,0,12,1.0000,1.0000,0,938.2,1.0167
2907,656.164,486.492,102.626,12,12,0,12,1.0000,1.0000,0,903.1,0.9787
2908,656.309,525.579,141.869,12,12,0,12,1.0000,1.0000,0,939.3,1.0179
2909,656.136,565.194,103.129,12,12,0,12,1.0000,1.0000,0,930.0,1.0078
2910,656.281,604.281,142.372,12,12,0,12,1.0000,1.0000,0,897.4,0.9725
2911,656.253,682.983,142.876,12,12,0,12,1.0000,1.0000,0,917.8,0.9946
2912,656.225,761.685,143.379,8,4,0,4,1.0000,0.0000,0,0.0,0.0000
2913,656.477,53.368,138.848,8,8,0,8,1.0000,0.8520,0,443.3,0.4803
2914,656.622,92.455,178.091,12,12,0,12,1.0000,1.0000,0,904.3,0.9800
2915,656.449,132.070,139.352,12,12,0,12,1.0000,1.0000,0,908.3,0.9843
2916,656.594,171.157,178.595,12,12,0,12,1.0000,1.0000,0,906.3,0.9821
2917,656.421,210.772,139.855,12,12,0,12,1.0000,1.0000,0,918.4,0.9952
2918,656.566,249.859,179.098,12,12,0,12,1.0000,1.0000,0,940.5,1.0192
2919,656.393,289.474,140.359,12,12,0,12,1.0000,1.0000,0,928.3,1.0059
2920,656.538,328.561,179.602,12,12,0,12,1.0000,1.0000,0,917.3,0.9940
2921,656.510,407.263,180.105,12,12,0,12,1.0000,1.0000,0,918.8,0.9957
2922,656.482,485.965,180.609,12,12,0,12,1.0000,1.0000,0,947.4,1.0267
2923,656.455,564.667,181.112,12,12,0,12,1.0000,1.0000,0,941.7,1.0204
2924,656.600,603.754,220.355,12,12,0,12,1.0000,1.0000,0,918.3,0.9951
2925,656.427,643.368,181.616,12,12,0,12,1.0000,1.0000,0,923.4,1.0006
2926,656.572,682.456,220.859,12,12,1,11,0.9167,1.0000,0,921.6,0.9986
2927,656.399,722.070,182.119,12,12,0,12,1.0000,1.0000,0,871.9,0.9449
2928,656.544,761.157,221.362,8,4,0,4,1.0000,0.0000,0,0.0,0.0000
2929,656.795,52.841,216.831,8,8,0,8,1.0000,0.9044,0,517.7,0.5610
2930,656.768,131.543,217.335,12,12,0,12,1.0000,1.0000,0,878.7,0.9522
2931,656.740,210.245,217.838,12,12,0,12,1.0000,1.0000,0,840.7,0.9110
2932,656.712,288.946,218.341,12,12,0,12,1.0000,1.0000,0,869.1,0.9417
2933,656.857,328.034,257.585,12,12,0,12,1.0000,1.0000,0,897.1,0.9721
2934,656.684,367.648,218.845,12,12,0,12,1.0000,1.0000,0,910.8,0.9869
2935,656.829,406.735,258.088,12,12,0,12,1.0000,1.0000,0,893.3,0.9680
2936,656.656,446.350,219.348,12,12,0,12,1.0000,1.0000,0,926.8,1.0043
2937,656.801,485.437,258.592,12,12,0,12,1.0000,1.0000,0,921.5,0.9986
2938,656.628,525.052,219.852,12,12,0,12,1.0000,1.0000,0,918.6,0.9954
2939,656.773,564.139,259.095,12,12,0,12,1.0000,1.0000,0,923.0,1.0001
2940,656.746,642.841,259.599,12,12,1,11,0.9167,1.0000,0,832.1,0.9017
2941,656.718,721.543,260.102,12,12,1,11,0.9167,1.0000,0,911.4,0.9876
2942,656.863,760.630,299.345,8,4,0,4,1.0000,0.0000,0,0.0,0.0000
2943,657.114,52.313,294.814,8,8,0,8,1.0000,0.8017,0,352.8,0.3823
2944,656.941,91.928,256.074,12,12,0,12,1.0000,1.0000,0,920.9,0.9979
2945,657.086,131.015,295.317,12,12,0,12,1.0000,1.0000,0,881.6,0.9553
2946,656.913,170.630,256.578,12,12,0,12,1.0000,1.0000,0,892.0,0.9666
2947,657.059,209.717,295.821,12,12,1,11,0.9167,1.0000,0,873.6,0.9466
2948,656.885,249.332,257.081,12,12,0,12,1.0000,1.0000,0,911.8,0.9880
2949,657.031,288.419,296.324,12,12,0,12,1.0000,1.0000,0,834.2,0.9039
2950,657.003,367.121,296.828,12,12,1,11,0.9167,1.0000,0,871.6,0.9444
2951,656.975,445.823,297.331,12,12,0,12,1.0000,1.0000,0,918.2,0.9950
2952,657.120,484.910,336.575,12,12,0,12,1.0000,1.0000,0,897.9,0.9730
2953,656.947,524.524,297.835,12,12,0,12,1.0000,1.0000,0,935.6,1.0138
2954,657.092,563.612,337.078,12,12,0,12,1.0000,1.0000,0,907.2,0.9831
2955,656.919,603.226,298.338,12,12,0,12,1.0000,1.0000,0,927.8,1.0053
2956,657.064,642.313,337.582,12,12,0,12,1.0000,1.0000,0,928.8,1.0065
2957,656.891,681.928,298.842,12,12,1,11,0.9167,0.9918,0,801.5,0.8685
2958,657.037,721.015,338.085,12,12,1,11,0.9167,1.0000,0,888.9,0.9632
2959,657.260,91.401,334.057,12,12,0,12,1.0000,1.0000,0,873.9,0.9470
2960,657.232,170.102,334.561,12,12,0,12,1.0000,1.0000,0,883.6,0.9574
2961,657.204,248.804,335.064,12,12,0,12,1.0000,1.0000,0,867.9,0.9405
2962,657.349,287.891,374.307,12,12,0,12,1.0000,1.0000,0,889.1,0.9634
2963,657.176,327.506,335.568,12,12,1,11,0.9167,1.0000,0,808.9,0.8765
2964,657.322,366.593,374.811,12,12,0,12,1.0000,1.0000,0,887.9,0.9621
2965,657.148,406.208,336.071,12,12,0,12,1.0000,1.0000,0,860.4,0.9323
2966,657.294,445.295,375.314,12,12,0,12,1.0000,1.0000,0,895.5,0.9704
2967,657.266,523.997,375.818,12,12,0,12,1.0000,1.0000,0,920.6,0.9976
2968,657.238,602.699,376.321,12,12,0,12,1.0000,1.0000,0,930.3,1.0081
2969,657.210,681.401,376.825,12,12,0,12,1.0000,1.0000,0,898.2,0.9733
2970,657.355,720.488,416.068,12,12,0,12,1.0000,1.0000,0,893.1,0.9677
2971,657.182,760.103,377.328,8,4,0,4,1.0000,0.0000,0,0.0,0.0000
2972,657.433,51.786,372.797,8,8,0,8,1.0000,0.8475,0,448.1,0.4856
2973,657.579,90.873,412.040,12,12,0,12,1.0000,1.0000,0,880.3,0.9539
2974,657.405,130.488,373.300,12,12,0,12,1.0000,1.0000,0,899.3,0.9745
2975,657.551,169.575,412.544,12,12,0,12,1.0000,1.0000,0,890.3,0.9646
2976,657.377,209.190,373.804,12,12,0,12,1.0000,1.0000,0,902.2,0.9776
2977,657.523,248.277,413.047,12,12,0,12,1.0000,1.0000,0,897.2,0.9722
2978,657.495,326.979,413.551,12,12,0,12,1.0000,1.0000,0,892.9,0.9675
2979,657.467,405.680,414.054,12,12,0,12,1.0000,1.0000,0,905.4,0.9810
2980,657.613,444.768,453.297,12,12,1,11,0.9167,1.0000,0,885.9,0.9599
2981,657.439,484.382,414.558,12,12,0,12,1.0000,1.0000,0,916.4,0.9930
2982,657.585,523.470,453.801,12,12,0,12,1.0000,1.0000,0,943.4,1.0222
2983,657.411,563.084,415.061,12,12,0,12,1.0000,1.0000,0,897.0,0.9720
2984,657.557,602.171,454.304,12,12,1,11,0.9167,1.0000,0,927.7,1.0052
2985,657.383,641.786,415.565,12,12,0,12,1.0000,1.0000,0,898.9,0.9740
2986,657.529,680.873,454.808,12,12,0,12,1.0000,1.0000,0,906.3,0.9820
2987,657.501,759.575,455.311,8,4,0,4,1.0000,0.0000,0,0.0,0.0000
2988,657.752,51.258,450.780,8,8,0,8,1.0000,0.7182,0,307.1,0.3328
2989,657.724,129.960,451.283,12,12,0,12,1.0000,1.0000,0,835.5,0.9053
2990,657.870,169.047,490.527,12,12,0,12,1.0000,1.0000,0,908.2,0.9840
2991,657.696,208.662,451.787,12,12,0,12,1.0000,1.0000,0,883.8,0.9577
2992,657.842,247.749,491.030,12,12,0,12,1.0000,1.0000,0,929.9,1.0076
2993,657.668,287.364,452.290,12,12,0,12,1.0000,1.0000,0,889.9,0.9642
2994,657.814,326.451,491.534,12,12,0,12,1.0000,1.0000,0,900.8,0.9760
2995,657.640,366.066,452.794,12,12,1,11,0.9167,1.0000,0,878.1,0.9514
2996,657.786,405.153,492.037,12,12,0,12,1.0000,1.0000,0,892.9,0.9675
2997,657.758,483.855,492.541,12,12,0,12,1.0000,1.0000,0,920.5,0.9974
2998,657.730,562.557,493.044,12,12,0,12,1.0000,1.0000,0,931.5,1.0092
2999,657.702,641.259,493.547,12,12,0,12,1.0000,1.0000,0,935.9,1.0140
3000,657.848,680.346,532.791,12,12,0,12,1.0000,1.0000,0,919.9,0.9967
3001,657.674,719.960,494.051,12,12,0,12,1.0000,1.0000,0,882.7,0.9564
3002,657.820,759.048,533.294,8,4,0,4,1.0000,0.0000,0,0.0,0.0000
3003,658.071,50.731,528.763,8,8,0,8,1.0000,0.8512,0,458.9,0.4972
3004,657.898,90.346,490.023,12,12,0,12,1.0000,1.0000,0,879.9,0.9534
3005,658.043,129.433,529.266,12,12,0,12,1.0000,1.0000,0,935.5,1.0136
3006,658.015,208.135,529.770,12,12,1,11,0.9167,0.9972,0,826.0,0.8950
3007,657.987,286.836,530.273,12,12,0,12,1.0000,1.0000,0,920.3,0.9972
3008,657.959,365.538,530.777,12,12,0,12,1.0000,1.0000,0,940.9,1.0194
3009,658.105,404.626,570.020,12,12,0,12,1.0000,1.0000,0,925.0,1.0022
3010,657.931,444.240,531.280,12,12,0,12,1.0000,1.0000,0,920.9,0.9977
3011,658.077,483.327,570.523,12,12,0,12,1.0000,1.0000,0,918.2,0.9949
3012,657.904,522.942,531.784,12,12,0,12,1.0000,1.0000,0,941.4,1.0201
3013,658.049,562.029,571.027,12,12,1,11,0.9167,0.9807,0,744.6,0.8068
3014,657.876,601.644,532.287,12,12,0,12,1.0000,1.0000,0,890.3,0.9647
3015,658.021,640.731,571.530,12,12,0,12,1.0000,1.0000,0,928.5,1.0060
3016,657.993,719.433,572.034,12,12,0,12,1.0000,1.0000,0,869.5,0.9420
3017,658.217,89.818,568.006,12,12,0,12,1.0000,1.0000,0,904.8,0.9804
3018,658.362,128.905,607.249,12,12,1,11,0.9167,1.0000,0,877.0,0.9502
3019,658.189,168.520,568.510,12,12,1,11,0.9167,1.0000,0,920.4,0.9972
3020,658.334,207.607,607.753,12,12,0,12,1.0000,1.0000,0,916.2,0.9927
3021,658.161,247.222,569.013,12,12,0,12,1.0000,1.0000,0,914.0,0.9903
3022,658.306,286.309,608.256,12,12,1,11,0.9167,1.0000,0,908.2,0.9841
3023,658.133,325.924,569.517,12,12,0,12,1.0000,1.0000,0,914.8,0.9911
3024,658.278,365.011,608.760,12,12,0,12,1.0000,1.0000,0,867.5,0.9399
3025,658.250,443.713,609.263,12,12,0,12,1.0000,1.0000,0,916.5,0.9930
3026,658.222,522.415,609.767,12,12,2,10,0.8333,0.9916,0,744.0,0.8061
3027,658.368,561.502,649.010,12,12,0,12,1.0000,1.0000,0,939.6,1.0180
3028,658.195,601.116,610.270,12,12,0,12,1.0000,1.0000,0,915.0,0.9914
3029,658.340,640.204,649.513,12,12,0,12,1.0000,1.0000,0,896.1,0.9709
3030,658.167,679.818,610.774,12,12,0,12,1.0000,1.0000,0,895.5,0.9703
3031,658.312,718.905,650.017,12,12,0,12,1.0000,1.0000,0,884.9,0.9587
3032,658.139,758.520,611.277,8,4,0,4,1.0000,0.0000,0,0.0,0.0000
3033,658.390,50.203,606.746,8,8,0,8,1.0000,0.8235,0,407.9,0.4420
3034,658.535,89.291,645.989,12,12,1,11,0.9167,1.0000,0,796.9,0.8634
3035,658.507,167.992,646.493,12,12,0,12,1.0000,1.0000,0,947.8,1.0269
3036,658.480,246.694,646.996,12,12,0,12,1.0000,1.0000,0,946.1,1.0250
3037,658.452,325.396,647.500,12,12,0,12,1.0000,1.0000,0,946.4,1.0254
3038,658.597,364.483,686.743,12,12,0,12,1.0000,1.0000,0,925.3,1.0025
3039,658.424,404.098,648.003,12,12,0,12,1.0000,1.0000,0,936.0,1.0141
3040,658.569,443.185,687.246,12,12,0,12,1.0000,1.0000,0,927.9,1.0053
3041,658.396,482.800,648.506,12,12,1,11,0.9167,1.0000,0,886.9,0.9610
3042,658.541,521.887,687.750,12,12,0,12,1.0000,1.0000,0,929.7,1.0073
3043,658.513,600.589,688.253,12,12,0,12,1.0000,1.0000,0,926.7,1.0040
3044,658.485,679.291,688.757,12,12,0,12,1.0000,1.0000,0,900.5,0.9756
3045,658.458,757.993,689.260,8,4,0,4,1.0000,0.0000,0,0.0,0.0000
3046,658.709,49.676,684.729,8,8,0,8,1.0000,0.9227,0,546.2,0.5917
3047,658.854,88.763,723.972,12,12,0,12,1.0000,1.0000,0,945.9,1.0248
3048,658.681,128.378,685.232,12,12,0,12,1.0000,1.0000,0,925.4,1.0026
3049,658.826,167.465,724.476,12,12,0,12,1.0000,1.0000,0,924.2,1.0013
3050,658.653,207.080,685.736,12,12,0,12,1.0000,1.0000,0,941.6,1.0202
3051,658.798,246.167,724.979,12,12,0,12,1.0000,1.0000,0,934.1,1.0120
3052,658.625,285.782,686.239,12,12,0,12,1.0000,1.0000,0,927.9,1.0053
3053,658.771,324.869,725.482,12,12,0,12,1.0000,1.0000,0,937.4,1.0156
3054,658.743,403.571,725.986,12,12,0,12,1.0000,1.0000,0,928.4,1.0058
3055,658.715,482.272,726.489,12,12,0,12,1.0000,1.0000,0,949.0,1.0282
3056,658.860,521.360,765.733,8,4,0,4,1.0000,0.8268,0,396.5,0.4296
3057,658.687,560.974,726.993,12,12,0,12,1.0000,1.0000,0,941.6,1.0201
3058,658.832,600.061,766.236,8,4,0,4,1.0000,0.8579,0,454.0,0.4919
3059,658.659,639.676,727.496,12,12,0,12,1.0000,1.0000,0,936.3,1.0144
3060,658.804,678.763,766.740,8,4,0,4,1.0000,0.8901,0,503.9,0.5459
3061,658.631,718.378,728.000,12,12,1,11,0.9167,1.0000,0,862.2,0.9342
3062,658.776,757.465,767.243,5,1,1,0,0.0000,0.0000,0,0.0,0.0000
3063,659.028,49.148,762.712,5,3,0,3,1.0000,0.6694,0,296.0,0.3207
3064,659.000,127.850,763.215,8,4,0,4,1.0000,0.8485,0,439.4,0.4760
3065,658.972,206.552,763.719,8,4,0,4,1.0000,0.8202,0,397.7,0.4309
3066,658.944,285.254,764.222,8,4,0,4,1.0000,0.7753,0,340.3,0.3686
3067,658.916,363.956,764.726,8,4,0,4,1.0000,0.8038,0,364.2,0.3946
3068,658.888,442.658,765.229,8,4,0,4,1.0000,0.8524,0,457.0,0.4951
3069,695.104,722.922,65.068,8,8,0,8,1.0000,0.8712,0,464.4,0.5015
3070,695.327,93.307,61.041,8,8,0,8,1.0000,0.7972,0,384.8,0.4155
3071,695.299,172.009,61.544,8,8,0,8,1.0000,0.7123,0,0.0,0.0000
3072,695.271,250.711,62.047,8,8,0,8,1.0000,0.7452,0,298.8,0.3227
3073,695.243,329.412,62.551,8,8,0,8,1.0000,0.7219,0,307.9,0.3325
3074,695.215,408.114,63.054,8,8,0,8,1.0000,0.6951,0,269.2,0.2907
3075,695.361,447.201,102.298,12,12,0,12,1.0000,1.0000,0,920.1,0.9936
3076,695.187,486.816,63.558,8,8,0,8,1.0000,0.6629,0,0.0,0.0000
3077,695.333,525.903,102.801,12,12,0,12,1.0000,1.0000,0,938.0,1.0129
3078,695.160,565.518,64.061,8,8,0,8,1.0000,0.7933,0,372.5,0.4023
3079,695.305,604.605,103.305,12,12,0,12,1.0000,1.0000,0,940.0,1.0151
3080,695.132,644.220,64.565,8,8,0,8,1.0000,0.8151,0,400.4,0.4323
3081,695.277,683.307,103.808,12,12,0,12,1.0000,1.0000,0,923.8,0.9976
3082,695.249,762.009,104.312,8,4,0,4,1.0000,0.0000,0,0.0,0.0000
3083,695.500,53.692,99.780,8,8,0,8,1.0000,0.9242,0,567.6,0.6129
3084,695.473,132.394,100.284,12,12,0,12,1.0000,1.0000,0,926.0,1.0000
3085,695.618,171.481,139.527,12,12,0,12,1.0000,1.0000,0,930.0,1.0042
3086,695.445,211.096,100.787,12,12,0,12,1.0000,1.0000,0,938.1,1.0130
3087,695.590,250.183,140.030,12,12,0,12,1.0000,1.0000,0,936.9,1.0117
3088,695.417,289.798,101.291,12,12,0,12,1.0000,1.0000,0,945.0,1.0205
3089,695.562,328.885,140.534,12,12,0,12,1.0000,1.0000,0,932.5,1.0070
3090,695.389,368.500,101.794,12,12,0,12,1.0000,1.0000,0,939.3,1.0144
3091,695.534,407.587,141.037,12,12,0,12,1.0000,1.0000,0,930.1,1.0044
3092,695.506,486.289,141.541,12,12,0,12,1.0000,1.0000,0,930.8,1.0051
3093,695.478,564.991,142.044,12,12,0,12,1.0000,1.0000,0,941.3,1.0165
3094,695.624,604.078,181.288,12,12,0,12,1.0000,1.0000,0,932.9,1.0074
3095,695.451,643.692,142.548,12,12,0,12,1.0000,1.0000,0,930.3,1.0047
3096,695.596,682.780,181.791,12,12,0,12,1.0000,1.0000,0,907.7,0.9802
3097,695.423,722.394,143.051,12,12,1,11,0.9167,1.0000,0,813.8,0.8788
3098,695.568,761.481,182.294,8,4,0,4,1.0000,0.0000,0,0.0,0.0000
3099,695.819,53.165,177.763,8,8,0,8,1.0000,0.9038,0,518.9,0.5603
3100,695.646,92.779,139.023,12,12,0,12,1.0000,1.0000,0,896.1,0.9677
3101,695.791,131.867,178.267,12,12,0,12,1.0000,1.0000,0,926.5,1.0005
3102,695.764,210.568,178.770,12,12,0,12,1.0000,1.0000,0,936.3,1.0110
3103,695.736,289.270,179.274,12,12,0,12,1.0000,1.0000,0,977.0,1.0551
3104,695.708,367.972,179.777,12,12,0,12,1.0000,1.0000,0,960.4,1.0371
3105,695.853,407.059,219.020,12,12,0,12,1.0000,1.0000,0,930.8,1.0052
3106,695.680,446.674,180.281,12,12,0,12,1.0000,1.0000,0,947.0,1.0227
3107,695.825,485.761,219.524,12,12,0,12,1.0000,1.0000,0,923.4,0.9972
3108,695.652,525.376,180.784,12,12,0,12,1.0000,1.0000,0,961.3,1.0380
3109,695.797,564.463,220.027,12,12,0,12,1.0000,1.0000,0,936.2,1.0110
3110,695.769,643.165,220.531,12,12,0,12,1.0000,1.0000,0,929.5,1.0037
3111,695.742,721.867,221.034,12,12,1,11,0.9167,1.0000,0,884.1,0.9547
3112,695.965,92.252,217.006,12,12,0,12,1.0000,1.0000,0,958.8,1.0354
3113,696.110,131.339,256.250,12,12,0,12,1.0000,1.0000,0,940.2,1.0153
3114,695.937,170.954,217.510,12,12,0,12,1.0000,1.0000,0,948.2,1.0239
3115,696.082,210.041,256.753,12,12,0,12,1.0000,1.0000,0,888.6,0.9596
3116,695.909,249.656,218.013,12,12,0,12,1.0000,1.0000,0,967.6,1.0448
3117,696.054,288.743,257.257,12,12,0,12,1.0000,1.0000,0,894.7,0.9661
3118,695.881,328.357,218.517,12,12,0,12,1.0000,1.0000,0,935.7,1.0105
3119,696.027,367.445,257.760,12,12,0,12,1.0000,1.0000,0,912.9,0.9858
3120,695.999,446.147,258.264,12,12,0,12,1.0000,1.0000,0,929.1,1.0033
3121,695.971,524.848,258.767,12,12,0,12,1.0000,1.0000,0,953.0,1.0291
3122,696.116,563.936,298.010,12,12,0,12,1.0000,1.0000,0,954.8,1.0310
3123,695.943,603.550,259.270,12,12,0,12,1.0000,1.0000,0,915.3,0.9884
3124,696.088,642.637,298.514,12,12,0,12,1.0000,1.0000,0,936.0,1.0107
3125,695.915,682.252,259.774,12,12,1,11,0.9167,1.0000,0,923.9,0.9977
3126,696.060,721.339,299.017,12,12,1,11,0.9167,1.0000,0,937.2,1.0121
3127,695.887,760.954,260.277,8,4,1,3,0.7500,0.0000,0,0.0,0.0000
3128,696.138,52.637,255.746,8,8,0,8,1.0000,0.8156,0,401.0,0.4330
3129,696.284,91.724,294.989,12,12,0,12,1.0000,1.0000,0,964.5,1.0415
3130,696.256,170.426,295.493,12,12,0,12,1.0000,1.0000,0,965.7,1.0428
3131,696.228,249.128,295.996,12,12,0,12,1.0000,1.0000,0,965.9,1.0430
3132,696.373,288.215,335.240,12,12,0,12,1.0000,1.0000,0,918.5,0.9919
3133,696.200,327.830,296.500,12,12,0,12,1.0000,1.0000,0,950.1,1.0260
3134,696.345,366.917,335.743,12,12,2,10,0.8333,1.0000,0,805.8,0.8701
3135,696.172,406.532,297.003,12,12,0,12,1.0000,1.0000,0,947.8,1.0234
3136,696.318,445.619,336.247,12,12,0,12,1.0000,1.0000,0,919.2,0.9926
3137,696.144,485.234,297.507,12,12,0,12,1.0000,1.0000,0,935.7,1.0104
3138,696.290,524.321,336.750,12,12,0,12,1.0000,1.0000,0,933.3,1.0079
3139,696.262,603.023,337.253,12,12,0,12,1.0000,1.0000,0,943.5,1.0189
3140,696.234,681.725,337.757,12,12,0,12,1.0000,1.0000,0,903.7,0.9759
3141,696.206,760.426,338.260,8,4,1,3,0.7500,0.0000,0,0.0,0.0000
3142,696.457,52.110,333.729,8,8,0,8,1.0000,0.7744,0,311.8,0.3367
3143,696.603,91.197,372.972,12,12,0,12,1.0000,1.0000,0,935.0,1.0097
3144,696.429,130.812,334.233,12,12,0,12,1.0000,1.0000,0,915.6,0.9888
3145,696.575,169.899,373.476,12,12,0,12,1.0000,1.0000,0,931.6,1.0060
3146,696.401,209.514,334.736,12,12,0,12,1.0000,1.0000,0,913.7,0.9867
3147,696.547,248.601,373.979,12,12,0,12,1.0000,1.0000,0,886.7,0.9575
3148,696.519,327.303,374.483,12,12,0,12,1.0000,1.0000,0,886.3,0.9571
3149,696.491,406.004,374.986,12,12,0,12,1.0000,1.0000,0,865.0,0.9341
3150,696.463,484.706,375.490,12,12,0,12,1.0000,1.0000,0,923.6,0.9974
3151,696.609,523.793,414.733,12,12,0,12,1.0000,1.0000,0,910.6,0.9833
3152,696.435,563.408,375.993,12,12,0,12,1.0000,1.0000,0,956.0,1.0324
3153,696.581,602.495,415.236,12,12,0,12,1.0000,1.0000,0,916.9,0.9902
3154,696.407,642.110,376.497,12,12,0,12,1.0000,1.0000,0,947.9,1.0236
3155,696.553,681.197,415.740,12,12,0,12,1.0000,1.0000,0,918.2,0.9915
3156,696.379,720.812,377.000,12,12,1,11,0.9167,1.0000,0,942.2,1.0174
3157,696.525,759.899,416.243,8,4,0,4,1.0000,0.0000,0,0.0,0.0000
3158,696.776,51.582,411.712,8,8,0,8,1.0000,0.8451,0,448.9,0.4848
3159,696.748,130.284,412.216,12,12,0,12,1.0000,1.0000,0,931.4,1.0058
3160,696.720,208.986,412.719,12,12,0,12,1.0000,1.0000,0,947.6,1.0233
3161,696.866,248.073,451.962,12,12,0,12,1.0000,1.0000,0,958.4,1.0349
3162,696.692,287.688,413.223,12,12,0,12,1.0000,1.0000,0,932.0,1.0064
3163,696.838,326.775,452.466,12,12,0,12,1.0000,1.0000,0,949.0,1.0248
3164,696.664,366.390,413.726,12,12,0,12,1.0000,1.0000,0,917.4,0.9907
3165,696.810,405.477,452.969,12,12,0,12,1.0000,1.0000,0,919.9,0.9934
3166,696.636,445.092,414.229,12,12,1,11,0.9167,1.0000,0,918.3,0.9916
3167,696.782,484.179,453.473,12,12,0,12,1.0000,1.0000,0,920.4,0.9939
3168,696.754,562.881,453.976,12,12,0,12,1.0000,1.0000,0,951.7,1.0277
3169,696.726,641.582,454.480,12,12,0,12,1.0000,1.0000,0,954.8,1.0311
3170,696.872,680.670,493.723,12,12,0,12,1.0000,1.0000,0,909.9,0.9825
3171,696.698,720.284,454.983,12,12,1,11,0.9167,1.0000,0,914.8,0.9879
3172,696.844,759.372,494.226,8,4,0,4,1.0000,0.0000,0,0.0,0.0000
3173,697.095,51.055,489.695,8,8,0,8,1.0000,0.7245,0,289.6,0.3127
3174,696.922,90.670,450.955,12,12,0,12,1.0000,1.0000,0,965.8,1.0429
3175,697.067,129.757,490.199,12,12,0,12,1.0000,1.0000,0,895.2,0.9667
3176,696.894,169.371,451.459,12,12,0,12,1.0000,1.0000,0,994.5,1.0739
3177,697.039,208.459,490.702,12,12,0,12,1.0000,1.0000,0,918.2,0.9915
3178,697.011,287.160,491.205,12,12,0,12,1.0000,1.0000,0,925.3,0.9992
3179,696.983,365.862,491.709,12,12,0,12,1.0000,1.0000,0,904.6,0.9768
3180,696.955,444.564,492.212,12,12,1,11,0.9167,0.9556,0,668.8,0.7222
3181,697.101,483.651,531.456,12,12,0,12,1.0000,1.0000,0,930.0,1.0043
3182,696.927,523.266,492.716,12,12,0,12,1.0000,1.0000,0,933.2,1.0077
3183,697.073,562.353,531.959,12,12,0,12,1.0000,1.0000,0,948.7,1.0245
3184,696.900,601.968,493.219,12,12,0,12,1.0000,1.0000,0,924.6,0.9984
3185,697.045,641.055,532.463,12,12,0,12,1.0000,1.0000,0,946.3,1.0218
3186,697.017,719.757,532.966,12,12,1,11,0.9167,1.0000,0,915.6,0.9888
3187,697.240,90.142,528.938,12,12,0,12,1.0000,1.0000,0,965.0,1.0421
3188,697.212,168.844,529.442,12,12,0,12,1.0000,1.0000,0,983.7,1.0623
3189,697.358,207.931,568.685,12,12,1,11,0.9167,0.9776,0,793.1,0.8565
3190,697.185,247.546,529.945,12,12,0,12,1.0000,1.0000,0,941.1,1.0162
3191,697.330,286.633,569.188,12,12,0,12,1.0000,1.0000,0,942.5,1.0178
3192,697.157,326.248,530.449,12,12,0,12,1.0000,1.0000,0,952.4,1.0285
3193,697.302,365.335,569.692,12,12,0,12,1.0000,1.0000,0,939.5,1.0145
3194,697.129,404.949,530.952,12,12,0,12,1.0000,1.0000,0,936.0,1.0107
3195,697.274,444.037,570.195,12,12,0,12,1.0000,1.0000,0,928.2,1.0024
3196,697.246,522.738,570.699,12,12,1,11,0.9167,1.0000,0,913.0,0.9859
3197,697.218,601.440,571.202,12,12,0,12,1.0000,1.0000,0,919.7,0.9932
3198,697.364,640.528,610.446,12,12,0,12,1.0000,1.0000,0,903.4,0.9756
3199,697.190,680.142,571.706,12,12,0,12,1.0000,1.0000,0,897.9,0.9696
3200,697.336,719.229,610.949,12,12,1,11,0.9167,1.0000,0,882.0,0.9524
3201,697.163,758.844,572.209,8,4,0,4,1.0000,0.0000,0,0.0,0.0000
3202,697.414,50.527,567.678,8,8,0,8,1.0000,0.9011,0,510.4,0.5511
3203,697.559,89.615,606.921,12,12,0,12,1.0000,1.0000,0,926.1,1.0000
3204,697.386,129.229,568.182,12,12,0,12,1.0000,1.0000,0,962.0,1.0388
3205,697.531,168.316,607.425,12,12,0,12,1.0000,1.0000,0,948.7,1.0244
3206,697.503,247.018,607.928,12,12,0,12,1.0000,1.0000,0,952.0,1.0280
3207,697.476,325.720,608.432,12,12,1,11,0.9167,1.0000,0,932.2,1.0067
3208,697.621,364.807,647.675,12,12,0,12,1.0000,1.0000,0,946.7,1.0223
3209,697.448,404.422,608.935,12,12,0,12,1.0000,1.0000,0,958.0,1.0345
3210,697.593,443.509,648.178,12,12,0,12,1.0000,1.0000,0,976.9,1.0549
3211,697.420,483.124,609.439,12,12,0,12,1.0000,1.0000,0,937.3,1.0121
3212,697.565,522.211,648.682,12,12,0,12,1.0000,1.0000,0,975.0,1.0529
3213,697.392,561.826,609.942,12,12,0,12,1.0000,1.0000,0,938.3,1.0132
3214,697.537,600.913,649.185,12,12,0,12,1.0000,1.0000,0,938.4,1.0133
3215,697.509,679.615,649.689,12,12,0,12,1.0000,1.0000,0,885.0,0.9557
3216,697.481,758.317,650.192,8,4,0,4,1.0000,0.0000,0,0.0,0.0000
3217,697.733,50.000,645.661,8,8,0,8,1.0000,0.8481,0,466.2,0.5034
3218,697.705,128.702,646.164,12,12,0,12,1.0000,1.0000,0,943.7,1.0190
3219,697.850,167.789,685.408,12,12,0,12,1.0000,1.0000,0,916.0,0.9892
3220,697.677,207.404,646.668,12,12,0,12,1.0000,1.0000,0,947.3,1.0230
3221,697.822,246.491,685.911,12,12,0,12,1.0000,1.0000,0,970.2,1.0476
3222,697.649,286.105,647.171,12,12,1,11,0.9167,1.0000,0,995.3,1.0748
3223,697.794,325.193,686.415,12,12,0,12,1.0000,1.0000,0,947.2,1.0228
3224,697.767,403.895,686.918,12,12,0,12,1.0000,1.0000,0,951.5,1.0275
3225,697.739,482.596,687.422,12,12,0,12,1.0000,1.0000,0,936.6,1.0114
3226,697.711,561.298,687.925,12,12,0,12,1.0000,1.0000,0,963.3,1.0403
3227,697.856,600.385,727.168,12,12,0,12,1.0000,1.0000,0,930.3,1.0046
3228,697.683,640.000,688.429,12,12,0,12,1.0000,1.0000,0,903.9,0.9761
3229,697.828,679.087,727.672,12,12,0,12,1.0000,1.0000,0,899.0,0.9708
3230,697.655,718.702,688.932,12,12,1,11,0.9167,1.0000,0,842.4,0.9097
3231,697.800,757.789,728.175,8,4,0,4,1.0000,0.0000,0,0.0,0.0000
3232,698.052,49.472,723.644,8,8,0,8,1.0000,0.8871,0,497.1,0.5368
3233,697.878,89.087,684.904,12,12,0,12,1.0000,1.0000,0,849.4,0.9173
3234,698.024,128.174,724.147,12,12,0,12,1.0000,1.0000,0,951.1,1.0270
3235,697.996,206.876,724.651,12,12,0,12,1.0000,1.0000,0,966.5,1.0437
3236,697.968,285.578,725.154,12,12,0,12,1.0000,1.0000,0,945.8,1.0214
3237,698.113,324.665,764.398,8,4,0,4,1.0000,0.8011,0,374.3,0.4042
3238,697.940,364.280,725.658,12,12,0,12,1.0000,1.0000,0,975.2,1.0531
3239,698.085,403.367,764.901,8,4,0,4,1.0000,0.7944,0,312.4,0.3373
3240,697.912,442.982,726.161,12,12,0,12,1.0000,1.0000,0,960.9,1.0376
3241,698.058,482.069,765.405,8,4,0,4,1.0000,0.7535,0,332.6,0.3591
3242,697.884,521.684,726.665,12,12,0,12,1.0000,1.0000,0,945.3,1.0208
3243,698.030,560.771,765.908,8,4,0,4,1.0000,0.8104,0,361.9,0.3908
3244,698.002,639.473,766.411,8,4,0,4,1.0000,0.8214,0,406.5,0.4390
3245,697.974,718.174,766.915,8,4,0,4,1.0000,0.8564,0,440.8,0.4760
3246,698.197,88.560,762.887,8,4,0,4,1.0000,0.8768,0,483.5,0.5221
3247,698.169,167.261,763.391,8,4,0,4,1.0000,0.7905,0,368.2,0.3976
3248,698.141,245.963,763.894,8,4,0,4,1.0000,0.7760,0,301.6,0.3257
3249,734.357,526.227,63.733,5,3,0,3,1.0000,0.8687,0,455.4,0.4918
3250,734.329,604.929,64.237,5,3,0,3,1.0000,0.9053,0,517.0,0.5583
3251,734.301,683.631,64.740,5,3,0,3,1.0000,0.8837,0,474.2,0.5121
3252,734.273,762.333,65.244,3,1,0,1,1.0000,0.0000,0,0.0,0.0000
3253,734.524,54.016,60.712,3,2,0,2,1.0000,0.3705,0,0.0,0.0000
3254,734.496,132.718,61.216,5,3,0,3,1.0000,0.8955,0,502.7,0.5429
3255,734.469,211.420,61.719,5,3,0,3,1.0000,0.9153,0,536.5,0.5793
3256,734.614,250.507,100.963,8,4,0,4,1.0000,1.0000,0,1396.9,1.5084
3257,734.441,290.122,62.223,5,3,0,3,1.0000,0.8911,0,503.4,0.5436
3258,734.586,329.209,101.466,8,4,0,4,1.0000,1.0000,0,1396.9,1.5084
3259,734.413,368.824,62.726,5,3,0,3,1.0000,0.8880,0,478.3,0.5165
3260,734.558,407.911,101.970,8,4,0,4,1.0000,1.0000,0,1396.9,1.5084
3261,734.385,447.525,63.230,5,3,0,3,1.0000,0.8592,0,433.8,0.4685
3262,734.530,486.613,102.473,8,4,0,4,1.0000,1.0000,0,1396.9,1.5084
3263,734.502,565.314,102.976,8,4,0,4,1.0000,1.0000,0,1396.9,1.5084
3264,734.474,644.016,103.480,8,4,0,4,1.0000,1.0000,0,1396.9,1.5084
3265,734.620,683.104,142.723,8,4,0,4,1.0000,1.0000,0,1396.9,1.5084
3266,734.447,722.718,103.983,8,4,0,4,1.0000,1.0000,0,1151.2,1.2432
3267,734.592,761.805,143.227,5,1,0,1,1.0000,0.0000,0,0.0,0.0000
3268,734.843,53.489,138.695,5,3,0,3,1.0000,0.9099,0,531.2,0.5736
3269,734.670,93.103,99.956,8,4,0,4,1.0000,1.0000,0,1163.3,1.2562
3270,734.815,132.191,139.199,8,4,0,4,1.0000,1.0000,0,1323.5,1.4292
3271,734.642,171.805,100.459,8,4,0,4,1.0000,1.0000,0,1396.9,1.5084
3272,734.787,210.892,139.702,8,4,0,4,1.0000,1.0000,0,1396.9,1.5084
3273,734.759,289.594,140.206,8,4,0,4,1.0000,1.0000,0,1396.9,1.5084
3274,734.732,368.296,140.709,8,4,0,4,1.0000,1.0000,0,1396.9,1.5084
3275,734.704,446.998,141.213,8,4,0,4,1.0000,1.0000,0,1396.9,1.5084
3276,734.849,486.085,180.456,8,4,0,4,1.0000,1.0000,0,1396.9,1.5084
3277,734.676,525.700,141.716,8,4,0,4,1.0000,1.0000,0,1396.9,1.5084
3278,734.821,564.787,180.959,8,4,0,4,1.0000,1.0000,0,1396.9,1.5084
3279,734.648,604.402,142.220,8,4,0,4,1.0000,1.0000,0,1396.9,1.5084
3280,734.793,643.489,181.463,8,4,0,4,1.0000,1.0000,0,1396.9,1.5084
3281,734.765,722.191,181.966,8,4,0,4,1.0000,1.0000,0,1302.4,1.4064
3282,734.989,92.576,177.939,8,4,0,4,1.0000,1.0000,0,1187.0,1.2818
3283,734.961,171.278,178.442,8,4,0,4,1.0000,1.0000,0,1396.9,1.5084
3284,735.106,210.365,217.685,8,4,0,4,1.0000,1.0000,0,1396.9,1.5084
3285,734.933,249.980,178.946,8,4,0,4,1.0000,1.0000,0,1396.9,1.5084
3286,735.078,289.067,218.189,8,4,0,4,1.0000,1.0000,0,1396.9,1.5084
3287,734.905,328.681,179.449,8,4,0,4,1.0000,1.0000,0,1396.9,1.5084
3288,735.050,367.769,218.692,8,4,0,4,1.0000,1.0000,0,1396.9,1.5084
3289,734.877,407.383,179.952,8,4,0,4,1.0000,1.0000,0,1396.9,1.5084
3290,735.023,446.470,219.196,8,4,0,4,1.0000,1.0000,0,1396.9,1.5084
3291,734.995,525.172,219.699,8,4,0,4,1.0000,1.0000,0,1396.9,1.5084
3292,734.967,603.874,220.203,8,4,0,4,1.0000,1.0000,0,1396.9,1.5084
3293,735.112,642.961,259.446,8,4,0,4,1.0000,1.0000,0,1396.9,1.5084
3294,734.939,682.576,220.706,8,4,0,4,1.0000,1.0000,0,1396.9,1.5084
3295,735.084,721.663,259.949,8,4,0,4,1.0000,1.0000,0,1369.9,1.4793
3296,734.911,761.278,221.210,5,1,1,0,0.0000,0.0000,0,0.0,0.0000
3297,735.162,52.961,216.678,5,3,0,3,1.0000,0.8548,0,446.9,0.4826
3298,735.308,92.048,255.922,8,4,0,4,1.0000,1.0000,0,1165.0,1.2581
3299,735.134,131.663,217.182,8,4,0,4,1.0000,1.0000,0,1317.7,1.4229
3300,735.280,170.750,256.425,8,4,0,4,1.0000,1.0000,0,1396.9,1.5084
3301,735.252,249.452,256.929,8,4,0,4,1.0000,1.0000,0,1396.9,1.5084
3302,735.224,328.154,257.432,8,4,0,4,1.0000,1.0000,0,1396.9,1.5084
3303,735.369,367.241,296.675,8,4,0,4,1.0000,1.0000,0,1396.9,1.5084
3304,735.196,406.856,257.935,8,4,0,4,1.0000,1.0000,0,1396.9,1.5084
3305,735.341,445.943,297.179,8,4,0,4,1.0000,1.0000,0,1396.9,1.5084
3306,735.168,485.558,258.439,8,4,0,4,1.0000,1.0000,0,1396.9,1.5084
3307,735.314,524.645,297.682,8,4,0,4,1.0000,1.0000,0,1396.9,1.5084
3308,735.140,564.260,258.942,8,4,0,4,1.0000,1.0000,0,1396.9,1.5084
3309,735.286,603.347,298.186,8,4,0,4,1.0000,1.0000,0,1396.9,1.5084
3310,735.258,682.049,298.689,8,4,0,4,1.0000,1.0000,0,1396.9,1.5084
3311,735.230,760.750,299.193,5,1,1,0,0.0000,0.0000,0,0.0,0.0000
3312,735.481,52.434,294.661,5,3,0,3,1.0000,0.8125,0,343.1,0.3705
3313,735.453,131.136,295.165,8,4,0,4,1.0000,1.0000,0,1310.8,1.4155
3314,735.599,170.223,334.408,8,4,0,4,1.0000,1.0000,0,1383.9,1.4944
3315,735.425,209.837,295.668,8,4,0,4,1.0000,1.0000,0,1396.9,1.5084
3316,735.571,248.925,334.911,8,4,0,4,1.0000,1.0000,0,1396.9,1.5084
3317,735.397,288.539,296.172,8,4,0,4,1.0000,1.0000,0,1396.9,1.5084
3318,735.543,327.626,335.415,8,4,0,4,1.0000,1.0000,0,1396.9,1.5084
3319,735.515,406.328,335.918,8,4,0,4,1.0000,1.0000,0,1396.9,1.5084
3320,735.487,485.030,336.422,8,4,0,4,1.0000,1.0000,0,1396.9,1.5084
3321,735.459,563.732,336.925,8,4,0,4,1.0000,1.0000,0,1396.9,1.5084
3322,735.605,602.819,376.169,8,4,0,4,1.0000,1.0000,0,1396.9,1.5084
3323,735.431,642.434,337.429,8,4,0,4,1.0000,1.0000,0,1396.9,1.5084
3324,735.577,681.521,376.672,8,4,0,4,1.0000,1.0000,0,1396.9,1.5084
3325,735.403,721.136,337.932,8,4,0,4,1.0000,1.0000,0,1364.3,1.4733
3326,735.549,760.223,377.176,5,1,1,0,0.0000,0.0000,0,0.0,0.0000
3327,735.800,51.906,372.644,5,3,0,3,1.0000,0.7459,0,259.0,0.2797
3328,735.627,91.521,333.905,8,4,0,4,1.0000,1.0000,0,1164.7,1.2578
3329,735.772,130.608,373.148,8,4,0,4,1.0000,1.0000,0,1225.3,1.3231
3330,735.744,209.310,373.651,8,4,0,4,1.0000,1.0000,0,1396.9,1.5084
3331,735.716,288.012,374.155,8,4,0,4,1.0000,1.0000,0,1396.9,1.5084
3332,735.862,327.099,413.398,8,4,0,4,1.0000,1.0000,0,1396.9,1.5084
3333,735.688,366.714,374.658,8,4,0,4,1.0000,1.0000,0,1396.9,1.5084
3334,735.834,405.801,413.901,8,4,0,4,1.0000,1.0000,0,1396.9,1.5084
3335,735.660,445.416,375.162,8,4,0,4,1.0000,1.0000,0,1396.9,1.5084
3336,735.806,484.503,414.405,8,4,0,4,1.0000,1.0000,0,1396.9,1.5084
3337,735.632,524.117,375.665,8,4,0,4,1.0000,1.0000,0,1396.9,1.5084
3338,735.778,563.205,414.908,8,4,0,4,1.0000,1.0000,0,1396.9,1.5084
3339,735.750,641.906,415.412,8,4,0,4,1.0000,1.0000,0,1396.9,1.5084
3340,735.722,720.608,415.915,8,4,0,4,1.0000,1.0000,0,1326.4,1.4324
3341,735.868,759.695,455.158,5,1,1,0,0.0000,0.0000,0,0.0,0.0000
3342,736.119,51.379,450.627,5,3,0,3,1.0000,0.8366,0,374.2,0.4041
3343,735.945,90.993,411.887,8,4,0,4,1.0000,1.0000,0,1141.0,1.2322
3344,736.091,130.081,451.131,8,4,0,4,1.0000,1.0000,0,1208.5,1.3050
3345,735.917,169.695,412.391,8,4,0,4,1.0000,1.0000,0,1344.9,1.4523
3346,736.063,208.782,451.634,8,4,0,4,1.0000,1.0000,0,1396.9,1.5084
3347,735.890,248.397,412.894,8,4,0,4,1.0000,1.0000,0,1396.9,1.5084
3348,736.035,287.484,452.138,8,4,0,4,1.0000,1.0000,0,1396.9,1.5084
3349,736.007,366.186,452.641,8,4,0,4,1.0000,1.0000,0,1396.9,1.5084
3350,735.979,444.888,453.145,8,4,1,3,0.7500,1.0000,0,1396.9,1.5084
3351,736.125,483.975,492.388,8,4,0,4,1.0000,1.0000,0,1396.9,1.5084
3352,735.951,523.590,453.648,8,4,0,4,1.0000,1.0000,0,1396.9,1.5084
3353,736.097,562.677,492.891,8,4,0,4,1.0000,1.0000,0,1396.9,1.5084
3354,735.923,602.292,454.152,8,4,0,4,1.0000,1.0000,0,1396.9,1.5084
3355,736.069,641.379,493.395,8,4,0,4,1.0000,1.0000,0,1396.9,1.5084
3356,735.896,680.994,454.655,8,4,0,4,1.0000,1.0000,0,1396.9,1.5084
3357,736.041,720.081,493.898,8,4,0,4,1.0000,1.0000,0,1276.2,1.3781
3358,736.264,90.466,489.870,8,4,0,4,1.0000,1.0000,0,1155.5,1.2478
3359,736.236,169.168,490.374,8,4,0,4,1.0000,1.0000,0,1286.4,1.3891
3360,736.208,247.870,490.877,8,4,0,4,1.0000,1.0000,0,1392.5,1.5037
3361,736.354,286.957,530.121,8,4,0,4,1.0000,1.0000,0,1366.1,1.4752
3362,736.181,326.572,491.381,8,4,0,4,1.0000,1.0000,0,1396.9,1.5084
3363,736.326,365.659,530.624,8,4,0,4,1.0000,1.0000,0,1390.1,1.5011
3364,736.153,405.273,491.884,8,4,0,4,1.0000,1.0000,0,1396.9,1.5084
3365,736.298,444.361,531.128,8,4,0,4,1.0000,1.0000,0,1396.9,1.5084
3366,736.270,523.062,531.631,8,4,0,4,1.0000,1.0000,0,1396.9,1.5084
3367,736.242,601.764,532.135,8,4,0,4,1.0000,1.0000,0,1396.9,1.5084
3368,736.214,680.466,532.638,8,4,0,4,1.0000,1.0000,0,1362.8,1.4717
3369,736.360,719.553,571.881,8,4,0,4,1.0000,1.0000,0,1203.0,1.2991
3370,736.186,759.168,533.141,5,1,1,0,0.0000,0.0000,0,0.0,0.0000
3371,736.438,50.851,528.610,5,3,0,3,1.0000,0.7775,0,269.3,0.2908
3372,736.583,89.939,567.853,8,4,0,4,1.0000,1.0000,0,1101.0,1.1889
3373,736.410,129.553,529.114,8,4,0,4,1.0000,1.0000,0,1176.1,1.2700
3374,736.555,168.640,568.357,8,4,0,4,1.0000,1.0000,0,1242.9,1.3421
3375,736.382,208.255,529.617,8,4,0,4,1.0000,1.0000,0,1323.7,1.4294
3376,736.527,247.342,568.860,8,4,0,4,1.0000,1.0000,0,1303.0,1.4070
3377,736.499,326.044,569.364,8,4,0,4,1.0000,1.0000,0,1364.9,1.4739
3378,736.472,404.746,569.867,8,4,0,4,1.0000,1.0000,0,1388.8,1.4998
3379,736.617,443.833,609.111,8,4,0,4,1.0000,1.0000,0,1284.1,1.3866
3380,736.444,483.448,570.371,8,4,0,4,1.0000,1.0000,0,1364.8,1.4737
3381,736.589,522.535,609.614,8,4,0,4,1.0000,1.0000,0,1269.5,1.3708
3382,736.416,562.150,570.874,8,4,0,4,1.0000,1.0000,0,1357.4,1.4658
3383,736.561,601.237,610.117,8,4,0,4,1.0000,1.0000,0,1256.3,1.3566
3384,736.388,640.851,571.378,8,4,0,4,1.0000,1.0000,0,1363.5,1.4724
3385,736.533,679.939,610.621,8,4,0,4,1.0000,1.0000,0,1184.5,1.2791
3386,736.505,758.641,611.124,5,1,1,0,0.0000,0.0000,0,0.0,0.0000
3387,736.757,50.324,606.593,5,3,0,3,1.0000,0.9076,0,523.6,0.5654
3388,736.729,129.026,607.097,8,4,0,4,1.0000,1.0000,0,1105.5,1.1938
3389,736.874,168.113,646.340,8,4,0,4,1.0000,1.0000,0,1126.6,1.2166
3390,736.701,207.728,607.600,8,4,0,4,1.0000,1.0000,0,1248.8,1.3485
3391,736.846,246.815,646.843,8,4,0,4,1.0000,1.0000,0,1175.2,1.2690
3392,736.673,286.429,608.104,8,4,0,4,1.0000,1.0000,0,1262.1,1.3629
3393,736.818,325.517,647.347,8,4,1,3,0.7500,1.0000,0,1176.9,1.2709
3394,736.645,365.131,608.607,8,4,0,4,1.0000,1.0000,0,1300.9,1.4047
3395,736.790,404.218,647.850,8,4,0,4,1.0000,1.0000,0,1210.8,1.3075
3396,736.763,482.920,648.354,8,4,0,4,1.0000,1.0000,0,1170.6,1.2641
3397,736.735,561.622,648.857,8,4,0,4,1.0000,1.0000,0,1185.7,1.2804
3398,736.707,640.324,649.361,8,4,0,4,1.0000,1.0000,0,1157.5,1.2500
3399,736.852,679.411,688.604,8,4,0,4,1.0000,1.0000,0,1013.3,1.0943
3400,736.679,719.026,649.864,8,4,0,4,1.0000,1.0000,0,1091.9,1.1791
3401,736.824,758.113,689.107,5,1,1,0,0.0000,0.0000,0,0.0,0.0000
3402,737.075,49.796,684.576,5,3,0,3,1.0000,0.9280,0,557.3,0.6018
3403,736.902,89.411,645.836,8,4,0,4,1.0000,1.0000,0,1052.5,1.1366
3404,737.048,128.498,685.080,8,4,0,4,1.0000,1.0000,0,961.2,1.0379
3405,737.020,207.200,685.583,8,4,0,4,1.0000,1.0000,0,1065.4,1.1505
3406,736.992,285.902,686.087,8,4,1,3,0.7500,1.0000,0,1097.5,1.1851
3407,736.964,364.604,686.590,8,4,0,4,1.0000,1.0000,0,1079.9,1.1661
3408,737.109,403.691,725.833,8,4,0,4,1.0000,1.0000,0,973.0,1.0507
3409,736.936,443.306,687.093,8,4,0,4,1.0000,1.0000,0,1082.4,1.1688
3410,737.081,482.393,726.337,8,4,0,4,1.0000,1.0000,0,944.2,1.0196
3411,736.908,522.007,687.597,8,4,0,4,1.0000,1.0000,0,1048.8,1.1325
3412,737.053,561.095,726.840,8,4,0,4,1.0000,1.0000,0,950.0,1.0259
3413,736.880,600.709,688.100,8,4,0,4,1.0000,1.0000,0,1042.5,1.1257
3414,737.026,639.797,727.344,8,4,0,4,1.0000,1.0000,0,919.9,0.9933
3415,736.998,718.498,727.847,8,4,0,4,1.0000,1.0000,0,882.5,0.9530
3416,737.221,88.884,723.819,8,4,0,4,1.0000,1.0000,0,916.8,0.9900
3417,737.366,127.971,763.063,5,1,0,1,1.0000,0.6500,0,0.0,0.0000
3418,737.193,167.585,724.323,8,4,0,4,1.0000,1.0000,0,932.8,1.0073
3419,737.339,206.673,763.566,5,1,0,1,1.0000,0.5938,0,0.0,0.0000
3420,737.165,246.287,724.826,8,4,0,4,1.0000,1.0000,0,964.3,1.0413
3421,737.311,285.374,764.070,5,1,0,1,1.0000,0.5182,0,0.0,0.0000
3422,737.137,324.989,725.330,8,4,0,4,1.0000,1.0000,0,984.9,1.0635
3423,737.283,364.076,764.573,5,1,0,1,1.0000,0.4286,0,0.0,0.0000
3424,737.255,442.778,765.076,5,1,0,1,1.0000,0.3664,0,0.0,0.0000
3425,737.227,521.480,765.580,5,1,0,1,1.0000,0.3136,0,0.0,0.0000
3426,737.199,600.182,766.083,5,1,0,1,1.0000,0.3934,0,0.0,0.0000
3427,737.171,678.884,766.587,5,1,0,1,1.0000,0.3473,0,0.0,0.0000
3428,737.143,757.586,767.090,3,0,0,0,-1.0000,0.0000,0,0.0,0.0000
3429,737.394,49.269,762.559,3,1,0,1,1.0000,0.5807,0,275.4,0.2974
