strut_id,label,r_eq_med_um,measurable
0,thick,681.7,0
1,thick,820.3,0
2,thick,824.2,0
3,thick,757.4,0
4,nominal,284.4,1
5,nominal,333.3,1
6,nominal,333.3,1
7,nominal,318.4,1
8,nominal,356.7,1
9,nominal,349.1,1
10,missing,0.0,1
11,nominal,392.7,1
12,nominal,387.2,1
13,nominal,429.4,1
14,nominal,286.3,1
15,nominal,353.7,1
16,thick,493.7,1
17,nominal,364.2,1
18,nominal,435.6,1
19,nominal,359.7,1
20,nominal,272.8,1
21,nominal,323.4,1
22,nominal,356.7,1
23,nominal,371.5,1
24,thick,802.4,0
25,thick,944.9,0
26,thick,947.8,0
27,thick,991.7,0
28,nominal,383.0,1
29,nominal,389.9,1
30,nominal,339.7,1
31,nominal,352.1,1
32,thick,445.4,1
33,thick,439.3,1
34,nominal,391.3,1
35,nominal,394.1,1
36,nominal,431.9,1
37,thick,519.2,0
38,nominal,276.7,1
39,nominal,378.7,1
40,thick,512.9,0
41,nominal,358.2,1
42,nominal,362.7,1
43,nominal,419.2,1
44,nominal,306.3,1
45,nominal,339.7,1
46,nominal,364.2,1
47,nominal,423.1,1
48,thick,878.1,0
49,thick,978.6,0
50,thick,1011.6,0
51,thick,1018.0,0
52,nominal,423.1,1
53,thick,440.6,1
54,nominal,344.4,1
55,nominal,352.1,1
56,thick,451.4,1
57,thick,498.0,0
58,nominal,346.0,1
59,nominal,398.1,1
60,nominal,419.2,1
61,thick,508.7,0
62,nominal,288.2,1
63,nominal,365.7,1
64,thick,563.1,0
65,nominal,362.7,1
66,nominal,396.8,1
67,thick,478.1,1
68,nominal,328.4,1
69,nominal,344.4,1
70,nominal,353.7,1
71,thick,483.7,0
72,thick,941.5,0
73,thick,991.7,0
74,thick,1018.0,0
75,thick,1018.0,0
76,thick,504.5,1
77,thick,507.7,0
78,nominal,341.3,1
79,nominal,353.7,1
80,thick,492.6,1
81,nominal,421.8,0
82,nominal,418.0,1
83,nominal,380.1,1
84,nominal,411.5,1
85,thick,597.4,0
86,nominal,297.4,1
87,nominal,367.1,1
88,thick,617.8,0
89,nominal,347.5,1
90,nominal,374.4,1
91,thick,453.8,1
92,nominal,338.1,1
93,nominal,326.7,1
94,nominal,342.8,1
95,thick,527.5,0
96,thick,971.9,0
97,thick,981.3,0
98,thick,1018.0,0
99,thick,1018.0,0
100,thick,534.6,0
101,thick,534.6,0
102,nominal,326.7,1
103,nominal,346.0,1
104,thick,536.6,0
105,thick,542.6,1
106,nominal,356.7,1
107,nominal,400.8,1
108,nominal,410.1,1
109,thick,659.2,0
110,nominal,325.1,1
111,nominal,355.2,1
112,thick,637.6,0
113,nominal,344.4,1
114,nominal,367.1,1
115,thick,494.8,1
116,nominal,342.8,1
117,nominal,308.0,1
118,nominal,321.7,1
119,thick,517.1,0
120,thick,1013.2,0
121,thick,966.4,0
122,thick,1018.0,0
123,thick,1018.0,0
124,thick,545.5,0
125,thick,540.6,0
126,nominal,338.1,1
127,nominal,334.9,1
128,thick,576.3,0
129,thick,535.6,0
130,nominal,349.1,1
131,nominal,380.1,1
132,nominal,398.1,1
133,thick,625.6,0
134,nominal,338.1,1
135,nominal,333.3,1
136,thick,689.6,0
137,nominal,309.8,1
138,nominal,388.5,1
139,thick,502.3,0
140,nominal,338.1,1
141,nominal,313.3,1
142,nominal,347.5,1
143,thick,610.8,0
144,thick,1017.4,0
145,thick,947.2,0
146,thick,1018.0,0
147,thick,1018.0,0
148,thick,547.5,0
149,thick,542.6,0
150,nominal,334.9,1
151,nominal,338.1,1
152,thick,517.1,0
153,thick,556.3,1
154,nominal,367.1,1
155,nominal,368.6,1
156,nominal,396.8,1
157,thick,568.8,0
158,nominal,325.1,1
159,nominal,331.6,1
160,thick,633.4,0
161,nominal,295.5,1
162,nominal,384.4,1
163,thick,500.2,0
164,nominal,330.0,1
165,nominal,325.1,1
166,nominal,339.7,1
167,thick,551.4,0
168,thick,1018.0,0
169,thick,900.5,0
170,thick,1018.0,0
171,thick,1016.9,0
172,thick,472.5,0
173,thick,501.3,0
174,nominal,321.7,1
175,nominal,336.5,1
176,thick,498.0,0
177,thick,475.9,0
178,broken,328.4,1
179,nominal,385.8,1
180,nominal,416.7,1
181,thick,638.4,0
182,nominal,330.0,1
183,nominal,299.2,1
184,thick,519.2,0
185,nominal,272.8,1
186,nominal,396.8,1
187,thick,443.0,0
188,nominal,336.5,1
189,nominal,316.7,1
190,nominal,331.6,1
191,thick,479.3,0
192,thick,991.1,0
193,thick,764.5,0
194,thick,918.9,0
195,thick,957.4,0
196,nominal,394.1,1
197,thick,456.2,0
198,nominal,330.0,1
199,nominal,336.5,1
200,nominal,311.5,0
201,nominal,353.7,0
202,nominal,321.7,0
203,nominal,313.3,0
204,thick,456.2,1
205,nominal,358.2,1
206,nominal,368.6,1
207,nominal,383.0,1
208,nominal,403.5,1
209,thick,477.0,0
210,nominal,323.4,1
211,nominal,276.7,1
212,thick,464.4,1
213,nominal,288.2,1
214,missing,0.0,1
215,nominal,402.2,1
216,nominal,347.5,1
217,nominal,313.3,1
218,nominal,338.1,1
219,nominal,403.5,1
220,thick,745.2,0
221,thick,965.2,0
222,thick,848.7,0
223,thick,778.5,0
224,nominal,338.1,1
225,nominal,349.1,1
226,nominal,323.4,1
227,nominal,333.3,1
228,thick,459.7,1
229,thick,492.6,1
230,nominal,423.1,1
231,nominal,416.7,1
232,nominal,433.2,1
233,thick,492.6,1
234,nominal,315.0,1
235,nominal,371.5,1
236,thick,473.6,1
237,nominal,373.0,1
238,nominal,419.2,1
239,nominal,423.1,1
240,nominal,297.4,1
241,nominal,352.1,1
242,nominal,374.4,1
243,nominal,411.5,1
244,thick,920.6,0
245,thick,1018.0,0
246,thick,1000.9,0
247,thick,1017.4,0
248,nominal,414.1,1
249,nominal,428.2,1
250,nominal,334.9,1
251,nominal,352.1,1
252,thick,502.3,0
253,thick,535.6,0
254,nominal,430.7,1
255,thick,440.6,1
256,thick,450.3,1
257,thick,501.3,0
258,nominal,290.0,1
259,nominal,370.1,1
260,thick,580.0,0
261,nominal,368.6,1
262,nominal,377.3,1
263,nominal,430.7,0
264,nominal,299.2,1
265,nominal,346.0,1
266,nominal,368.6,1
267,thick,474.7,0
268,thick,1016.9,0
269,thick,1018.0,0
270,thick,1018.0,0
271,thick,1018.0,0
272,thick,491.5,0
273,thick,498.0,0
274,nominal,342.8,1
275,nominal,361.2,1
276,thick,547.5,0
277,thick,544.6,0
278,nominal,424.4,1
279,nominal,428.2,1
280,nominal,408.8,1
281,thick,597.4,0
282,nominal,304.5,1
283,nominal,362.7,1
284,thick,597.4,0
285,nominal,355.2,1
286,nominal,411.5,1
287,thick,470.2,0
288,nominal,318.4,1
289,nominal,353.7,1
290,nominal,373.0,1
291,thick,526.4,0
292,thick,1018.0,0
293,thick,1018.0,0
294,thick,1018.0,0
295,thick,1018.0,0
296,thick,549.5,0
297,thick,524.4,0
298,nominal,333.3,1
299,nominal,364.2,1
300,thick,592.0,0
301,thick,660.9,0
302,nominal,403.5,1
303,nominal,421.8,1
304,nominal,426.9,1
305,thick,810.4,0
306,nominal,302.8,1
307,nominal,359.7,1
308,thick,779.2,0
309,nominal,347.5,1
310,nominal,394.1,1
311,thick,507.7,0
312,nominal,321.7,1
313,nominal,330.0,1
314,nominal,336.5,1
315,thick,697.4,0
316,thick,1018.0,0
317,thick,1018.0,0
318,thick,1018.0,0
319,thick,1018.0,0
320,thick,677.8,0
321,thick,758.8,0
322,nominal,342.8,1
323,nominal,347.5,1
324,thick,721.7,0
325,thick,737.2,0
326,nominal,359.7,1
327,nominal,394.1,1
328,nominal,420.5,1
329,thick,798.3,0
330,nominal,316.7,1
331,nominal,349.1,1
332,thick,762.4,0
333,nominal,330.0,1
334,nominal,385.8,1
335,thick,595.6,0
336,nominal,315.0,1
337,nominal,304.5,1
338,nominal,320.1,1
339,thick,772.2,0
340,thick,1018.0,0
341,thick,1018.0,0
342,thick,1018.0,0
343,thick,1018.0,0
344,thick,744.5,0
345,thick,777.1,0
346,nominal,336.5,1
347,nominal,338.1,1
348,thick,700.5,0
349,thick,727.6,0
350,nominal,391.3,1
351,nominal,408.8,1
352,nominal,411.5,1
353,thick,811.0,0
354,nominal,328.4,1
355,nominal,309.8,1
356,thick,784.7,0
357,nominal,302.8,1
358,nominal,421.8,1
359,thick,645.2,0
360,nominal,338.1,1
361,nominal,309.8,1
362,nominal,328.4,1
363,thick,775.0,0
364,thick,1018.0,0
365,thick,1018.0,0
366,thick,1018.0,0
367,thick,1018.0,0
368,thick,758.8,0
369,thick,761.7,0
370,nominal,347.5,1
371,nominal,346.0,1
372,thick,683.3,0
373,thick,687.2,0
374,nominal,406.2,1
375,nominal,400.8,1
376,nominal,391.3,1
377,thick,747.4,0
378,nominal,323.4,1
379,nominal,301.0,1
380,thick,743.0,0
381,nominal,276.7,1
382,nominal,411.5,1
383,thick,665.7,0
384,nominal,315.0,1
385,nominal,323.4,1
386,nominal,349.1,1
387,thick,788.8,0
388,thick,1018.0,0
389,thick,1018.0,0
390,thick,1018.0,0
391,thick,1018.0,0
392,thick,619.6,0
393,thick,667.3,0
394,nominal,344.4,1
395,nominal,339.7,1
396,thick,629.1,0
397,thick,581.0,0
398,nominal,370.1,1
399,nominal,425.6,1
400,nominal,411.5,1
401,thick,689.6,0
402,nominal,338.1,1
403,nominal,286.3,1
404,thick,520.3,0
405,nominal,280.6,1
406,nominal,395.4,1
407,thick,505.5,0
408,nominal,315.0,1
409,nominal,338.1,1
410,nominal,362.7,1
411,thick,590.2,0
412,thick,1018.0,0
413,thick,863.2,0
414,thick,971.9,0
415,thick,1009.5,0
416,thick,452.6,0
417,broken,655.9,0
418,nominal,326.7,1
419,nominal,321.7,1
420,nominal,377.3,0
421,nominal,396.8,0
422,nominal,323.4,0
423,nominal,316.7,0
424,thick,516.1,0
425,thick,467.9,1
426,nominal,395.4,1
427,nominal,398.1,1
428,nominal,434.4,1
429,thick,515.0,0
430,nominal,325.1,1
431,nominal,280.6,1
432,thick,504.5,1
433,nominal,313.3,1
434,broken,342.1,1
435,nominal,420.5,0
436,nominal,339.7,1
437,nominal,315.0,1
438,nominal,358.2,1
439,nominal,429.4,0
440,thick,768.7,0
441,thick,982.9,0
442,thick,857.6,0
443,thick,798.3,0
444,nominal,361.2,1
445,nominal,359.7,1
446,nominal,336.5,1
447,nominal,338.1,1
448,thick,518.2,1
449,thick,537.6,0
450,nominal,423.1,1
451,thick,455.0,1
452,nominal,408.8,1
453,thick,492.6,1
454,nominal,352.1,1
455,nominal,362.7,1
456,thick,537.6,0
457,nominal,371.5,1
458,nominal,367.1,1
459,nominal,416.7,1
460,nominal,302.8,1
461,nominal,347.5,1
462,nominal,381.5,1
463,nominal,430.7,1
464,thick,934.6,0
465,thick,1018.0,0
466,thick,1010.5,0
467,thick,1018.0,0
468,thick,447.9,1
469,nominal,433.2,1
470,nominal,352.1,1
471,nominal,358.2,1
472,thick,567.8,0
473,thick,536.6,0
474,thick,456.2,1
475,nominal,368.6,1
476,thick,444.2,1
477,thick,519.2,0
478,nominal,311.5,1
479,nominal,361.2,1
480,thick,558.2,0
481,nominal,352.1,1
482,nominal,416.7,1
483,thick,481.5,0
484,nominal,295.5,1
485,nominal,364.2,1
486,nominal,373.0,1
487,thick,458.6,0
488,thick,1018.0,0
489,thick,1018.0,0
490,thick,1018.0,0
491,thick,1018.0,0
492,thick,519.2,0
493,thick,470.2,0
494,nominal,361.2,1
495,nominal,364.2,1
496,thick,648.5,0
497,thick,654.3,0
498,nominal,419.2,1
499,thick,458.6,1
500,thick,457.4,1
501,thick,609.1,0
502,nominal,304.5,1
503,nominal,347.5,1
504,thick,719.4,0
505,nominal,356.7,1
506,nominal,420.5,1
507,thick,501.3,0
508,nominal,295.5,1
509,nominal,355.2,1
510,nominal,338.1,1
511,thick,509.8,0
512,thick,1018.0,0
513,thick,1018.0,0
514,thick,1018.0,0
515,thick,1018.0,0
516,thick,659.2,0
517,thick,585.6,0
518,nominal,344.4,1
519,nominal,373.0,1
520,thick,787.4,0
521,thick,751.7,0
522,thick,449.1,1
523,nominal,375.8,1
524,thick,450.3,1
525,thick,691.2,0
526,nominal,302.8,1
527,nominal,346.0,1
528,thick,813.7,0
529,nominal,346.0,1
530,nominal,368.6,1
531,thick,687.2,0
532,nominal,316.7,1
533,nominal,318.4,1
534,nominal,350.6,1
535,thick,721.7,0
536,thick,1018.0,0
537,thick,1018.0,0
538,thick,1018.0,0
539,thick,1018.0,0
540,thick,753.8,0
541,thick,760.3,0
542,nominal,339.7,1
543,nominal,358.2,1
544,thick,812.4,0
545,thick,803.7,0
546,nominal,410.1,1
547,nominal,368.6,1
548,nominal,423.1,1
549,thick,809.7,0
550,nominal,326.7,1
551,nominal,344.4,1
552,thick,821.6,0
553,nominal,325.1,1
554,nominal,423.1,1
555,thick,809.7,0
556,nominal,326.7,1
557,nominal,316.7,1
558,nominal,333.3,1
559,thick,811.0,0
560,thick,1018.0,0
561,thick,1018.0,0
562,thick,1018.0,0
563,thick,1018.0,0
564,thick,740.1,0
565,thick,763.1,0
566,nominal,339.7,1
567,nominal,341.3,1
568,thick,814.4,0
569,thick,733.5,0
570,thick,445.4,0
571,nominal,435.6,1
572,nominal,435.6,1
573,thick,752.4,0
574,nominal,339.7,1
575,nominal,311.5,1
576,thick,823.6,0
577,nominal,297.4,1
578,nominal,411.5,1
579,thick,761.0,0
580,nominal,328.4,1
581,nominal,318.4,1
582,nominal,344.4,1
583,thick,813.0,0
584,thick,1018.0,0
585,thick,1018.0,0
586,thick,1018.0,0
587,thick,1018.0,0
588,thick,819.0,0
589,thick,780.6,0
590,nominal,342.8,1
591,nominal,352.1,1
592,thick,787.4,0
593,thick,755.3,0
594,nominal,398.1,1
595,nominal,430.7,0
596,thick,472.5,1
597,thick,841.7,0
598,nominal,330.0,1
599,nominal,286.3,1
600,thick,785.4,0
601,nominal,286.3,1
602,nominal,392.7,1
603,thick,737.2,0
604,nominal,331.6,1
605,nominal,342.8,1
606,nominal,333.3,1
607,thick,747.4,0
608,thick,1018.0,0
609,thick,1018.0,0
610,thick,1018.0,0
611,thick,1018.0,0
612,thick,755.3,0
613,thick,720.2,0
614,nominal,336.5,1
615,nominal,356.7,1
616,thick,682.5,0
617,thick,660.0,0
618,nominal,414.1,1
619,thick,438.1,1
620,nominal,398.1,1
621,thick,700.5,0
622,nominal,313.3,1
623,nominal,286.3,1
624,thick,567.8,0
625,nominal,295.5,1
626,nominal,395.4,1
627,thick,672.2,0
628,nominal,330.0,1
629,nominal,334.9,1
630,nominal,346.0,1
631,thick,616.1,0
632,thick,1018.0,0
633,thick,881.1,0
634,thick,985.7,0
635,thick,1015.9,0
636,thick,491.5,0
637,thick,501.3,0
638,nominal,342.8,1
639,nominal,336.5,1
640,nominal,367.1,0
641,nominal,415.4,0
642,nominal,320.1,0
643,nominal,320.1,0
644,thick,581.0,0
645,thick,482.6,0
646,nominal,406.2,1
647,nominal,431.9,1
648,nominal,346.0,1
649,thick,542.6,0
650,nominal,334.9,1
651,nominal,291.9,1
652,thick,460.9,0
653,nominal,331.6,1
654,nominal,383.0,1
655,thick,470.2,0
656,nominal,333.3,1
657,nominal,346.0,1
658,nominal,361.2,1
659,thick,457.4,1
660,thick,761.0,0
661,thick,965.8,0
662,thick,862.0,0
663,thick,805.0,0
664,nominal,359.7,1
665,nominal,375.8,1
666,nominal,330.0,1
667,nominal,349.1,1
668,thick,488.2,1
669,thick,559.2,0
670,nominal,416.7,1
671,nominal,421.8,1
672,nominal,430.7,1
673,thick,463.2,0
674,nominal,352.1,1
675,nominal,364.2,1
676,thick,496.9,1
677,nominal,362.7,1
678,nominal,403.5,1
679,nominal,436.9,1
680,nominal,326.7,1
681,nominal,342.8,1
682,nominal,374.4,1
683,nominal,431.9,1
684,thick,946.6,0
685,thick,1018.0,0
686,thick,1015.3,0
687,thick,1015.9,0
688,nominal,412.8,1
689,thick,453.8,1
690,nominal,338.1,1
691,nominal,367.1,1
692,thick,574.4,0
693,thick,537.6,0
694,thick,441.8,1
695,thick,456.2,1
696,nominal,425.6,1
697,thick,500.2,0
698,nominal,339.7,1
699,nominal,355.2,1
700,thick,582.8,0
701,nominal,334.9,1
702,nominal,428.2,1
703,thick,484.8,0
704,nominal,328.4,1
705,nominal,353.7,1
706,nominal,371.5,1
707,thick,458.6,0
708,thick,1018.0,0
709,thick,1018.0,0
710,thick,1018.0,0
711,thick,1018.0,0
712,thick,507.7,0
713,thick,465.6,0
714,nominal,358.2,1
715,nominal,380.1,1
716,thick,584.7,0
717,thick,733.5,0
718,nominal,411.5,1
719,nominal,396.8,1
720,nominal,406.2,1
721,thick,557.3,0
722,nominal,346.0,1
723,nominal,339.7,1
724,thick,600.1,0
725,nominal,339.7,1
726,nominal,396.8,1
727,thick,491.5,0
728,nominal,318.4,1
729,nominal,338.1,1
730,nominal,361.2,1
731,thick,482.6,0
732,thick,1018.0,0
733,thick,1018.0,0
734,thick,1018.0,0
735,thick,1018.0,0
736,thick,599.2,0
737,thick,508.7,0
738,nominal,355.2,1
739,nominal,352.1,1
740,thick,761.7,0
741,thick,750.3,0
742,nominal,395.4,1
743,nominal,431.9,1
744,thick,450.3,1
745,thick,664.9,0
746,nominal,328.4,1
747,nominal,350.6,1
748,thick,772.2,0
749,nominal,339.7,1
750,nominal,415.4,1
751,thick,612.6,0
752,nominal,313.3,1
753,nominal,321.7,1
754,nominal,330.0,1
755,thick,586.5,0
756,thick,1018.0,0
757,thick,1018.0,0
758,thick,1018.0,0
759,thick,1018.0,0
760,thick,745.2,0
761,thick,506.6,0
762,nominal,339.7,1
763,nominal,341.3,1
764,thick,782.6,0
765,thick,790.2,0
766,nominal,396.8,1
767,nominal,421.8,1
768,thick,446.6,1
769,thick,735.7,0
770,nominal,336.5,1
771,nominal,328.4,1
772,thick,775.7,0
773,nominal,315.0,1
774,nominal,415.4,1
775,thick,730.6,0
776,nominal,331.6,1
777,nominal,330.0,1
778,nominal,355.2,1
779,thick,673.8,0
780,thick,1018.0,0
781,thick,1018.0,0
782,thick,1018.0,0
783,thick,1018.0,0
784,thick,711.2,0
785,thick,715.7,0
786,nominal,333.3,1
787,nominal,352.1,1
788,thick,803.7,0
789,thick,843.6,0
790,nominal,388.5,1
791,nominal,431.9,1
792,nominal,373.0,1
793,thick,720.9,0
794,nominal,323.4,1
795,nominal,295.5,1
796,thick,732.8,0
797,nominal,301.0,1
798,nominal,407.5,1
799,thick,720.2,0
800,nominal,321.7,1
801,nominal,333.3,1
802,nominal,330.0,1
803,thick,656.8,0
804,thick,1018.0,0
805,thick,1018.0,0
806,thick,1018.0,0
807,thick,1018.0,0
808,thick,736.5,0
809,thick,690.4,0
810,nominal,338.1,1
811,nominal,346.0,1
812,thick,777.8,0
813,thick,719.4,0
814,nominal,338.1,1
815,nominal,431.9,1
816,thick,443.0,1
817,thick,782.6,0
818,nominal,323.4,1
819,nominal,297.4,1
820,thick,751.0,0
821,nominal,306.3,1
822,nominal,416.7,1
823,thick,720.2,0
824,nominal,330.0,1
825,nominal,346.0,1
826,nominal,338.1,1
827,thick,652.6,0
828,thick,1018.0,0
829,thick,1018.0,0
830,thick,1018.0,0
831,thick,1018.0,0
832,thick,684.9,0
833,thick,650.2,0
834,nominal,356.7,1
835,nominal,361.2,1
836,thick,777.8,0
837,thick,629.9,0
838,nominal,368.6,1
839,nominal,434.4,1
840,nominal,412.8,1
841,thick,735.7,0
842,nominal,333.3,1
843,nominal,309.8,1
844,thick,528.5,0
845,nominal,315.0,1
846,nominal,336.5,0
847,thick,610.8,0
848,nominal,318.4,1
849,nominal,339.7,1
850,nominal,352.1,1
851,thick,489.3,0
852,thick,1018.0,0
853,thick,895.7,0
854,thick,972.5,0
855,thick,1018.0,0
856,nominal,433.2,0
857,thick,466.7,0
858,nominal,333.3,1
859,nominal,338.1,1
860,nominal,370.1,0
861,nominal,388.5,0
862,nominal,316.7,0
863,nominal,309.8,0
864,thick,502.3,0
865,thick,532.5,0
866,nominal,334.9,1
867,nominal,411.5,1
868,nominal,395.4,1
869,thick,488.2,0
870,nominal,323.4,1
871,nominal,313.3,1
872,thick,502.3,1
873,nominal,338.1,1
874,nominal,346.0,1
875,thick,443.0,0
876,nominal,341.3,1
877,nominal,330.0,1
878,nominal,359.7,1
879,nominal,433.2,1
880,thick,785.4,0
881,thick,937.5,0
882,thick,887.8,0
883,thick,803.7,0
884,nominal,362.7,1
885,nominal,365.7,1
886,nominal,339.7,1
887,nominal,341.3,1
888,thick,455.0,1
889,thick,499.1,1
890,nominal,415.4,1
891,nominal,433.2,1
892,nominal,430.7,1
893,thick,440.6,1
894,nominal,358.2,1
895,nominal,344.4,1
896,thick,501.3,1
897,nominal,341.3,1
898,nominal,399.5,1
899,thick,441.8,1
900,nominal,359.7,1
901,nominal,378.7,1
902,nominal,388.5,1
903,nominal,419.2,1
904,thick,957.4,0
905,thick,1018.0,0
906,thick,1015.9,0
907,thick,1003.0,0
908,nominal,428.2,1
909,nominal,436.9,1
910,nominal,378.7,1
911,nominal,371.5,1
912,thick,602.8,0
913,thick,587.4,0
914,nominal,435.6,1
915,thick,463.2,1
916,thick,458.6,1
917,thick,528.5,0
918,nominal,338.1,1
919,nominal,342.8,1
920,thick,565.9,0
921,nominal,347.5,1
922,nominal,407.5,1
923,thick,457.4,1
924,nominal,355.2,1
925,nominal,373.0,1
926,nominal,378.7,1
927,thick,444.2,1
928,thick,1018.0,0
929,thick,1018.0,0
930,thick,1018.0,0
931,thick,1018.0,0
932,thick,474.7,0
933,thick,456.2,1
934,nominal,371.5,1
935,nominal,371.5,1
936,thick,603.7,0
937,thick,502.3,0
938,nominal,433.2,1
939,nominal,418.0,1
940,thick,452.6,1
941,thick,516.1,0
942,nominal,359.7,1
943,nominal,347.5,1
944,thick,536.6,0
945,nominal,333.3,1
946,missing,0.0,1
947,thick,478.1,0
948,nominal,350.6,1
949,nominal,368.6,1
950,nominal,368.6,1
951,thick,484.8,0
952,thick,1018.0,0
953,thick,1018.0,0
954,thick,1018.0,0
955,thick,1018.0,0
956,thick,482.6,0
957,thick,462.1,0
958,nominal,364.2,1
959,nominal,352.1,1
960,thick,630.8,0
961,thick,614.3,0
962,nominal,424.4,1
963,thick,457.4,1
964,thick,440.6,1
965,thick,581.9,0
966,nominal,355.2,1
967,nominal,349.1,1
968,thick,583.7,0
969,nominal,318.4,1
970,nominal,414.1,1
971,thick,469.0,0
972,nominal,338.1,1
973,nominal,344.4,1
974,nominal,341.3,1
975,thick,502.3,0
976,thick,1018.0,0
977,thick,1018.0,0
978,thick,1018.0,0
979,thick,1018.0,0
980,thick,553.4,0
981,thick,516.1,0
982,nominal,339.7,1
983,nominal,352.1,1
984,thick,601.9,0
985,thick,698.9,0
986,nominal,402.2,1
987,thick,466.7,1
988,thick,444.2,1
989,thick,527.5,0
990,nominal,344.4,1
991,nominal,333.3,1
992,thick,650.2,0
993,nominal,330.0,1
994,nominal,421.8,1
995,thick,559.2,0
996,nominal,331.6,1
997,nominal,341.3,1
998,nominal,367.1,1
999,thick,530.5,0
1000,thick,1018.0,0
1001,thick,1018.0,0
1002,thick,1018.0,0
1003,thick,1018.0,0
1004,thick,551.4,0
1005,thick,522.3,0
1006,nominal,339.7,1
1007,nominal,356.7,1
1008,thick,728.4,0
1009,thick,791.5,0
1010,thick,450.3,1
1011,thick,439.3,1
1012,thick,440.6,1
1013,thick,695.8,0
1014,nominal,328.4,1
1015,nominal,325.1,1
1016,thick,645.2,0
1017,nominal,308.0,1
1018,nominal,414.1,1
1019,thick,530.5,0
1020,nominal,331.6,1
1021,nominal,328.4,1
1022,nominal,353.7,1
1023,thick,516.1,0
1024,thick,1018.0,0
1025,thick,1018.0,0
1026,thick,1018.0,0
1027,thick,1018.0,0
1028,thick,553.4,0
1029,thick,531.5,0
1030,nominal,344.4,1
1031,nominal,349.1,1
1032,thick,701.2,0
1033,thick,680.2,0
1034,nominal,423.1,1
1035,thick,439.3,1
1036,nominal,433.2,1
1037,thick,568.8,0
1038,nominal,316.7,1
1039,nominal,309.8,1
1040,thick,603.7,0
1041,nominal,325.1,1
1042,nominal,424.4,1
1043,thick,535.6,0
1044,nominal,331.6,1
1045,nominal,347.5,1
1046,nominal,361.2,1
1047,thick,519.2,0
1048,thick,1018.0,0
1049,thick,1018.0,0
1050,thick,1018.0,0
1051,thick,1018.0,0
1052,thick,517.1,0
1053,thick,478.1,0
1054,nominal,350.6,1
1055,nominal,358.2,1
1056,thick,593.8,0
1057,thick,617.8,0
1058,nominal,402.2,1
1059,thick,445.4,1
1060,nominal,381.5,1
1061,thick,486.0,0
1062,nominal,328.4,1
1063,nominal,331.6,1
1064,thick,484.8,0
1065,nominal,334.9,1
1066,nominal,403.5,1
1067,thick,486.0,0
1068,nominal,338.1,1
1069,nominal,339.7,1
1070,nominal,375.8,1
1071,thick,444.2,0
1072,thick,1018.0,0
1073,thick,905.3,0
1074,thick,962.4,0
1075,thick,1018.0,0
1076,nominal,428.2,0
1077,thick,445.4,0
1078,nominal,330.0,1
1079,nominal,349.1,1
1080,nominal,347.5,0
1081,nominal,374.4,0
1082,nominal,316.7,0
1083,nominal,311.5,0
1084,thick,499.1,0
1085,thick,546.5,0
1086,nominal,365.7,1
1087,nominal,374.4,1
1088,broken,367.1,1
1089,thick,478.1,0
1090,nominal,333.3,1
1091,nominal,326.7,1
1092,thick,480.4,1
1093,nominal,347.5,1
1094,nominal,395.4,1
1095,thick,445.4,0
1096,nominal,344.4,1
1097,nominal,347.5,1
1098,nominal,362.7,1
1099,nominal,408.8,1
1100,thick,794.2,0
1101,thick,921.2,0
1102,thick,888.4,0
1103,thick,810.4,0
1104,nominal,346.0,1
1105,nominal,356.7,1
1106,nominal,346.0,1
1107,nominal,334.9,1
1108,thick,477.0,1
1109,thick,450.3,1
1110,nominal,399.5,1
1111,nominal,430.7,1
1112,nominal,418.0,1
1113,nominal,430.7,1
1114,nominal,389.9,1
1115,nominal,350.6,1
1116,thick,492.6,1
1117,nominal,308.0,1
1118,nominal,419.2,1
1119,nominal,428.2,1
1120,nominal,374.4,1
1121,nominal,381.5,1
1122,nominal,364.2,1
1123,nominal,407.5,1
1124,thick,960.8,0
1125,thick,1018.0,0
1126,thick,1003.0,0
1127,thick,966.4,0
1128,nominal,420.5,1
1129,nominal,411.5,1
1130,nominal,374.4,1
1131,nominal,364.2,1
1132,thick,539.6,0
1133,thick,535.6,0
1134,nominal,429.4,1
1135,thick,445.4,1
1136,thick,449.1,1
1137,thick,502.3,0
1138,nominal,367.1,1
1139,nominal,311.5,1
1140,thick,526.4,0
1141,nominal,301.0,1
1142,nominal,395.4,1
1143,thick,465.6,1
1144,nominal,364.2,1
1145,nominal,385.8,1
1146,nominal,387.2,1
1147,thick,452.6,1
1148,thick,1018.0,0
1149,thick,1018.0,0
1150,thick,1018.0,0
1151,thick,1018.0,0
1152,thick,460.9,0
1153,thick,456.2,1
1154,nominal,365.7,1
1155,nominal,368.6,1
1156,thick,565.9,0
1157,thick,587.4,0
1158,thick,451.4,1
1159,nominal,416.7,1
1160,thick,440.6,1
1161,thick,532.5,0
1162,nominal,365.7,1
1163,nominal,320.1,1
1164,thick,551.4,0
1165,nominal,304.5,1
1166,thick,456.2,1
1167,thick,457.4,0
1168,nominal,377.3,1
1169,nominal,373.0,1
1170,nominal,349.1,1
1171,thick,441.8,1
1172,thick,1018.0,0
1173,thick,1018.0,0
1174,thick,1018.0,0
1175,thick,1017.4,0
1176,thick,464.4,0
1177,thick,464.4,1
1178,nominal,346.0,1
1179,nominal,371.5,1
1180,thick,483.7,0
1181,thick,587.4,0
1182,nominal,423.1,1
1183,nominal,407.5,1
1184,nominal,399.5,1
1185,thick,556.3,0
1186,nominal,381.5,1
1187,nominal,325.1,1
1188,thick,567.8,0
1189,nominal,315.0,1
1190,nominal,435.6,1
1191,thick,484.8,0
1192,nominal,358.2,1
1193,nominal,374.4,1
1194,nominal,383.0,1
1195,thick,455.0,0
1196,thick,1018.0,0
1197,thick,1018.0,0
1198,thick,1018.0,0
1199,thick,1018.0,0
1200,thick,505.5,0
1201,thick,491.5,0
1202,nominal,347.5,1
1203,nominal,359.7,1
1204,thick,640.1,0
1205,thick,613.5,0
1206,nominal,423.1,1
1207,nominal,378.7,1
1208,thick,439.3,1
1209,thick,654.3,0
1210,nominal,364.2,1
1211,nominal,325.1,1
1212,thick,537.6,0
1213,nominal,323.4,1
1214,thick,444.2,1
1215,thick,553.4,0
1216,nominal,336.5,1
1217,nominal,352.1,1
1218,nominal,350.6,1
1219,thick,462.1,0
1220,thick,1018.0,0
1221,thick,1018.0,0
1222,thick,1018.0,0
1223,thick,1018.0,0
1224,thick,563.1,0
1225,thick,520.3,0
1226,nominal,355.2,1
1227,nominal,353.7,1
1228,thick,653.5,0
1229,thick,637.6,0
1230,nominal,415.4,1
1231,thick,445.4,1
1232,thick,449.1,1
1233,thick,616.1,0
1234,nominal,330.0,1
1235,nominal,309.8,1
1236,thick,655.1,0
1237,nominal,326.7,1
1238,thick,453.8,1
1239,thick,496.9,0
1240,nominal,336.5,1
1241,nominal,349.1,1
1242,nominal,378.7,1
1243,thick,493.7,0
1244,thick,1018.0,0
1245,thick,1018.0,0
1246,thick,1018.0,0
1247,thick,1018.0,0
1248,thick,502.3,0
1249,thick,504.5,0
1250,nominal,344.4,1
1251,nominal,362.7,1
1252,thick,556.3,0
1253,thick,584.7,0
1254,nominal,388.5,1
1255,nominal,423.1,1
1256,thick,449.1,1
1257,thick,629.9,0
1258,nominal,315.0,1
1259,nominal,331.6,1
1260,thick,668.2,0
1261,nominal,336.5,1
1262,thick,464.4,1
1263,thick,536.6,0
1264,nominal,309.8,1
1265,nominal,356.7,1
1266,nominal,359.7,1
1267,thick,496.9,0
1268,thick,1018.0,0
1269,thick,1018.0,0
1270,thick,1018.0,0
1271,thick,1018.0,0
1272,thick,466.7,0
1273,thick,474.7,0
1274,nominal,352.1,1
1275,nominal,361.2,1
1276,thick,506.6,0
1277,thick,530.5,0
1278,nominal,391.3,1
1279,nominal,391.3,1
1280,nominal,420.5,1
1281,thick,529.5,0
1282,nominal,333.3,1
1283,nominal,334.9,1
1284,thick,505.5,0
1285,nominal,346.0,1
1286,nominal,425.6,1
1287,thick,484.8,0
1288,nominal,331.6,1
1289,nominal,362.7,1
1290,nominal,374.4,1
1291,thick,445.4,0
1292,thick,1018.0,0
1293,thick,918.9,0
1294,thick,927.1,0
1295,thick,1005.7,0
1296,nominal,414.1,0
1297,nominal,412.8,0
1298,nominal,344.4,1
1299,nominal,355.2,1
1300,nominal,331.6,0
1301,nominal,367.1,0
1302,nominal,316.7,0
1303,nominal,304.5,0
1304,thick,515.0,0
1305,thick,464.4,1
1306,nominal,381.5,1
1307,nominal,408.8,1
1308,thick,439.3,1
1309,thick,469.0,0
1310,missing,0.0,1
1311,nominal,352.1,1
1312,thick,482.6,1
1313,nominal,347.5,1
1314,nominal,414.1,1
1315,thick,441.8,1
1316,nominal,342.8,1
1317,nominal,346.0,1
1318,nominal,355.2,1
1319,nominal,410.1,1
1320,thick,788.8,0
1321,thick,881.7,0
1322,thick,858.2,0
1323,thick,777.1,0
1324,nominal,336.5,1
1325,nominal,353.7,1
1326,nominal,334.9,1
1327,nominal,344.4,1
1328,thick,472.5,1
1329,thick,449.1,1
1330,nominal,426.9,1
1331,thick,487.1,1
1332,thick,464.4,1
1333,thick,456.2,1
1334,nominal,375.8,1
1335,nominal,318.4,1
1336,thick,479.3,1
1337,nominal,288.2,1
1338,thick,449.1,1
1339,nominal,428.2,1
1340,nominal,385.8,1
1341,nominal,387.2,1
1342,nominal,374.4,1
1343,nominal,391.3,1
1344,thick,946.1,0
1345,thick,970.8,0
1346,thick,938.0,0
1347,thick,902.3,0
1348,nominal,398.1,1
1349,nominal,420.5,1
1350,nominal,365.7,1
1351,nominal,385.8,1
1352,thick,563.1,0
1353,thick,471.3,1
1354,thick,478.1,1
1355,thick,458.6,1
1356,nominal,421.8,1
1357,thick,535.6,0
1358,nominal,359.7,1
1359,nominal,299.2,1
1360,thick,511.9,0
1361,nominal,301.0,1
1362,nominal,431.9,1
1363,thick,450.3,1
1364,nominal,388.5,1
1365,nominal,375.8,1
1366,nominal,370.1,1
1367,nominal,415.4,1
1368,thick,998.2,0
1369,thick,997.1,0
1370,thick,957.9,0
1371,thick,926.5,0
1372,nominal,435.6,1
1373,thick,439.3,1
1374,nominal,362.7,1
1375,nominal,380.1,1
1376,thick,576.3,0
1377,thick,518.2,0
1378,thick,460.9,1
1379,thick,443.0,1
1380,thick,462.1,1
1381,thick,457.4,1
1382,nominal,377.3,1
1383,nominal,311.5,1
1384,thick,569.7,0
1385,nominal,297.4,1
1386,thick,438.1,1
1387,thick,453.8,1
1388,nominal,391.3,1
1389,nominal,368.6,1
1390,nominal,380.1,1
1391,thick,453.8,1
1392,thick,1002.5,0
1393,thick,1002.0,0
1394,thick,951.7,0
1395,thick,936.3,0
1396,thick,462.1,1
1397,thick,470.2,1
1398,nominal,367.1,1
1399,nominal,380.1,1
1400,thick,567.8,0
1401,thick,570.7,0
1402,nominal,423.1,1
1403,nominal,426.9,1
1404,thick,452.6,1
1405,thick,554.4,0
1406,nominal,383.0,1
1407,nominal,316.7,1
1408,thick,582.8,0
1409,nominal,309.8,1
1410,thick,452.6,1
1411,thick,489.3,1
1412,nominal,385.8,1
1413,nominal,365.7,1
1414,nominal,378.7,1
1415,thick,464.4,1
1416,thick,1007.9,0
1417,thick,1004.7,0
1418,thick,943.8,0
1419,thick,955.1,0
1420,thick,483.7,1
1421,thick,469.0,1
1422,nominal,364.2,1
1423,nominal,373.0,1
1424,thick,547.5,0
1425,thick,529.5,0
1426,thick,441.8,1
1427,nominal,435.6,1
1428,thick,449.1,1
1429,thick,580.0,0
1430,nominal,377.3,1
1431,nominal,330.0,1
1432,thick,617.8,0
1433,nominal,333.3,1
1434,thick,441.8,1
1435,thick,489.3,1
1436,nominal,349.1,1
1437,nominal,356.7,1
1438,nominal,367.1,1
1439,thick,439.3,1
1440,thick,1004.1,0
1441,thick,1017.4,0
1442,thick,952.3,0
1443,thick,958.5,0
1444,thick,470.2,1
1445,thick,487.1,1
1446,nominal,371.5,1
1447,nominal,364.2,1
1448,thick,568.8,0
1449,thick,562.1,0
1450,nominal,415.4,1
1451,thick,444.2,1
1452,thick,457.4,1
1453,thick,551.4,0
1454,nominal,336.5,1
1455,nominal,342.8,1
1456,thick,573.5,0
1457,nominal,339.7,1
1458,thick,459.7,1
1459,thick,516.1,0
1460,nominal,336.5,1
1461,nominal,368.6,1
1462,nominal,368.6,1
1463,thick,464.4,1
1464,thick,998.7,0
1465,thick,1013.7,0
1466,thick,944.3,0
1467,thick,970.8,0
1468,thick,507.7,1
1469,thick,489.3,1
1470,nominal,368.6,1
1471,nominal,380.1,1
1472,thick,554.4,0
1473,thick,581.9,0
1474,nominal,411.5,1
1475,broken,340.5,1
1476,thick,453.8,1
1477,thick,581.9,0
1478,nominal,326.7,1
1479,nominal,341.3,1
1480,thick,522.3,0
1481,nominal,336.5,1
1482,nominal,399.5,1
1483,thick,488.2,1
1484,nominal,304.5,1
1485,nominal,364.2,1
1486,nominal,370.1,1
1487,thick,484.8,1
1488,thick,1005.7,0
1489,thick,1011.1,0
1490,thick,946.6,0
1491,thick,990.1,0
1492,thick,452.6,0
1493,thick,478.1,1
1494,nominal,364.2,1
1495,nominal,364.2,1
1496,thick,538.6,0
1497,thick,564.0,0
1498,thick,456.2,1
1499,thick,455.0,1
1500,nominal,416.7,1
1501,thick,488.2,0
1502,nominal,313.3,1
1503,nominal,349.1,1
1504,thick,504.5,1
1505,nominal,365.7,1
1506,nominal,402.2,1
1507,thick,453.8,1
1508,nominal,320.1,1
1509,nominal,361.2,1
1510,nominal,368.6,1
1511,nominal,420.5,1
1512,thick,979.1,0
1513,thick,884.8,0
1514,thick,872.5,0
1515,thick,945.5,0
1516,nominal,426.9,1
1517,nominal,421.8,1
1518,nominal,355.2,1
1519,nominal,365.7,1
1520,nominal,352.1,0
1521,nominal,374.4,0
1522,nominal,331.6,0
1523,nominal,316.7,0
1524,thick,514.0,1
1525,nominal,425.6,1
1526,nominal,362.7,1
1527,nominal,403.5,1
1528,nominal,429.4,1
1529,thick,472.5,1
1530,nominal,306.3,1
1531,nominal,346.0,1
1532,thick,473.6,1
1533,nominal,353.7,1
1534,nominal,389.9,1
1535,nominal,425.6,1
1536,nominal,341.3,1
1537,nominal,365.7,1
1538,nominal,367.1,1
1539,nominal,388.5,1
1540,thick,773.6,0
1541,thick,842.3,0
1542,thick,821.6,0
1543,thick,760.3,0
1544,nominal,330.0,1
1545,nominal,338.1,1
1546,nominal,333.3,1
1547,nominal,341.3,1
1548,thick,493.7,1
1549,thick,471.3,1
1550,nominal,436.9,1
1551,thick,464.4,1
1552,thick,467.9,1
1553,nominal,428.2,1
1554,nominal,359.7,1
1555,nominal,301.0,1
1556,thick,458.6,1
1557,nominal,272.8,1
1558,nominal,378.7,1
1559,nominal,399.5,1
1560,nominal,365.7,1
1561,nominal,362.7,1
1562,nominal,359.7,1
1563,nominal,385.8,1
1564,thick,886.6,0
1565,thick,871.3,0
1566,thick,838.5,0
1567,thick,838.5,0
1568,nominal,402.2,1
1569,nominal,403.5,1
1570,nominal,355.2,1
1571,nominal,374.4,1
1572,thick,503.4,1
1573,thick,457.4,1
1574,nominal,431.9,1
1575,thick,456.2,1
1576,nominal,433.2,1
1577,thick,440.6,1
1578,nominal,358.2,1
1579,nominal,276.7,1
1580,thick,506.6,1
1581,nominal,291.9,1
1582,nominal,421.8,1
1583,nominal,420.5,1
1584,nominal,387.2,1
1585,nominal,381.5,1
1586,nominal,367.1,1
1587,nominal,389.9,1
1588,thick,905.3,0
1589,thick,888.4,0
1590,thick,849.4,0
1591,thick,838.5,0
1592,nominal,421.8,1
1593,nominal,426.9,1
1594,nominal,364.2,1
1595,nominal,375.8,1
1596,thick,502.3,1
1597,thick,469.0,1
1598,thick,446.6,1
1599,thick,465.6,1
1600,thick,471.3,1
1601,thick,503.4,1
1602,nominal,373.0,1
1603,nominal,301.0,1
1604,thick,498.0,1
1605,nominal,313.3,1
1606,nominal,431.9,1
1607,nominal,430.7,1
1608,nominal,371.5,1
1609,nominal,364.2,1
1610,nominal,375.8,1
1611,nominal,421.8,1
1612,thick,896.3,0
1613,thick,895.7,0
1614,thick,846.8,0
1615,thick,836.6,0
1616,nominal,434.4,1
1617,thick,443.0,1
1618,nominal,365.7,1
1619,nominal,374.4,1
1620,thick,543.6,0
1621,thick,543.6,0
1622,thick,477.0,1
1623,nominal,434.4,1
1624,thick,493.7,1
1625,thick,538.6,0
1626,nominal,377.3,1
1627,nominal,315.0,1
1628,thick,532.5,0
1629,nominal,321.7,1
1630,nominal,404.9,1
1631,thick,452.6,1
1632,nominal,375.8,1
1633,nominal,364.2,1
1634,nominal,364.2,1
1635,nominal,423.1,1
1636,thick,899.9,0
1637,thick,896.9,0
1638,thick,830.1,0
1639,thick,853.2,0
1640,thick,441.8,1
1641,thick,447.9,1
1642,nominal,356.7,1
1643,nominal,378.7,1
1644,thick,528.5,0
1645,thick,549.5,0
1646,nominal,431.9,1
1647,nominal,434.4,1
1648,thick,471.3,1
1649,thick,547.5,0
1650,nominal,361.2,1
1651,nominal,331.6,1
1652,thick,563.1,0
1653,nominal,339.7,1
1654,nominal,408.8,1
1655,thick,449.1,1
1656,nominal,359.7,1
1657,nominal,339.7,1
1658,nominal,346.0,1
1659,nominal,407.5,1
1660,thick,889.7,0
1661,thick,914.2,0
1662,thick,844.9,0
1663,thick,850.0,0
1664,thick,462.1,1
1665,thick,458.6,1
1666,missing,0.0,1
1667,nominal,381.5,1
1668,thick,535.6,0
1669,thick,531.5,0
1670,thick,453.8,1
1671,thick,496.9,1
1672,thick,457.4,1
1673,thick,484.8,1
1674,nominal,336.5,1
1675,nominal,338.1,1
1676,thick,568.8,0
1677,nominal,341.3,1
1678,nominal,398.1,1
1679,thick,462.1,1
1680,nominal,330.0,1
1681,nominal,362.7,1
1682,nominal,377.3,1
1683,thick,447.9,1
1684,thick,889.1,0
1685,thick,923.0,0
1686,thick,848.1,0
1687,thick,863.2,0
1688,thick,465.6,1
1689,thick,458.6,1
1690,nominal,356.7,1
1691,nominal,383.0,1
1692,thick,517.1,0
1693,thick,532.5,0
1694,nominal,429.4,1
1695,thick,469.0,1
1696,thick,455.0,1
1697,thick,509.8,0
1698,nominal,328.4,1
1699,nominal,341.3,1
1700,thick,558.2,0
1701,nominal,338.1,1
1702,thick,443.0,1
1703,thick,457.4,1
1704,nominal,328.4,1
1705,nominal,365.7,1
1706,nominal,371.5,1
1707,thick,462.1,1
1708,thick,896.9,0
1709,thick,925.3,0
1710,thick,851.9,0
1711,thick,882.4,0
1712,thick,441.8,1
1713,nominal,430.7,1
1714,nominal,353.7,1
1715,nominal,377.3,1
1716,thick,494.8,0
1717,thick,453.8,1
1718,nominal,356.7,1
1719,nominal,430.7,1
1720,nominal,420.5,1
1721,thick,488.2,1
1722,nominal,302.8,1
1723,nominal,350.6,1
1724,thick,533.6,0
1725,nominal,342.8,1
1726,nominal,388.5,1
1727,nominal,434.4,1
1728,missing,0.0,1
1729,nominal,364.2,1
1730,nominal,365.7,1
1731,nominal,404.9,1
1732,thick,886.0,0
1733,thick,848.7,0
1734,thick,811.7,0
1735,thick,862.0,0
1736,nominal,396.8,1
1737,nominal,400.8,1
1738,nominal,347.5,1
1739,nominal,349.1,1
1740,nominal,350.6,0
1741,nominal,352.1,0
1742,nominal,342.8,0
1743,nominal,325.1,0
1744,thick,473.6,1
1745,thick,446.6,1
1746,nominal,423.1,1
1747,nominal,435.6,1
1748,nominal,423.1,1
1749,thick,477.0,1
1750,nominal,308.0,1
1751,nominal,349.1,1
1752,thick,456.2,1
1753,nominal,358.2,1
1754,nominal,400.8,1
1755,nominal,399.5,1
1756,nominal,308.0,1
1757,nominal,347.5,1
1758,nominal,349.1,1
1759,nominal,380.1,1
1760,thick,748.8,0
1761,thick,777.8,0
1762,thick,715.7,0
1763,thick,688.8,0
1764,nominal,326.7,1
1765,nominal,299.2,1
1766,nominal,320.9,1
1767,nominal,338.1,1
1768,nominal,414.1,1
1769,thick,470.2,1
1770,nominal,398.1,1
1771,nominal,433.2,1
1772,missing,0.0,0
1773,missing,0.0,0
1774,missing,0.0,0
1775,missing,0.0,0
1776,nominal,404.9,1
1777,nominal,385.8,1
1778,nominal,342.8,1
1779,nominal,272.8,1
1780,nominal,433.2,1
1781,nominal,286.3,1
1782,nominal,392.7,1
1783,nominal,378.7,1
1784,nominal,355.2,1
1785,nominal,359.7,1
1786,nominal,339.7,1
1787,nominal,309.8,1
1788,thick,795.6,0
1789,thick,779.2,0
1790,thick,730.6,0
1791,thick,723.9,0
1792,nominal,365.7,1
1793,nominal,349.1,1
1794,nominal,328.4,1
1795,nominal,356.7,1
1796,thick,460.9,1
1797,thick,481.5,1
1798,nominal,424.4,1
1799,nominal,423.1,1
1800,missing,0.0,0
1801,missing,0.0,0
1802,missing,0.0,0
1803,missing,0.0,0
1804,nominal,433.2,1
1805,nominal,374.4,1
1806,nominal,355.2,1
1807,nominal,284.4,1
1808,thick,467.9,1
1809,nominal,299.2,1
1810,nominal,391.3,1
1811,nominal,395.4,1
1812,nominal,352.1,1
1813,nominal,361.2,1
1814,nominal,352.1,1
1815,nominal,344.4,1
1816,thick,798.3,0
1817,thick,794.2,0
1818,thick,747.4,0
1819,thick,722.4,0
1820,nominal,399.5,1
1821,nominal,371.5,1
1822,nominal,339.7,1
1823,nominal,364.2,1
1824,thick,510.8,1
1825,nominal,416.7,1
1826,nominal,389.9,1
1827,thick,458.6,1
1828,missing,0.0,0
1829,missing,0.0,0
1830,missing,0.0,0
1831,missing,0.0,0
1832,thick,440.6,1
1833,nominal,425.6,1
1834,nominal,347.5,1
1835,nominal,297.4,1
1836,thick,474.7,1
1837,nominal,326.7,1
1838,nominal,387.2,1
1839,nominal,424.4,1
1840,nominal,370.1,1
1841,nominal,358.2,1
1842,nominal,358.2,1
1843,nominal,365.7,1
1844,thick,783.3,0
1845,thick,792.9,0
1846,thick,736.5,0
1847,thick,733.5,0
1848,nominal,411.5,1
1849,nominal,387.2,1
1850,nominal,350.6,1
1851,nominal,383.0,1
1852,thick,481.5,1
1853,thick,466.7,1
1854,nominal,420.5,1
1855,nominal,423.1,1
1856,missing,0.0,0
1857,missing,0.0,0
1858,missing,0.0,0
1859,missing,0.0,0
1860,nominal,434.4,1
1861,thick,443.0,1
1862,nominal,361.2,1
1863,nominal,323.4,1
1864,thick,489.3,1
1865,broken,320.1,1
1866,nominal,395.4,1
1867,nominal,416.7,1
1868,nominal,365.7,1
1869,nominal,359.7,1
1870,nominal,350.6,1
1871,nominal,368.6,1
1872,thick,802.4,0
1873,thick,800.3,0
1874,thick,723.9,0
1875,thick,745.2,0
1876,nominal,425.6,1
1877,broken,392.7,1
1878,nominal,355.2,1
1879,nominal,378.7,1
1880,thick,496.9,1
1881,nominal,430.7,1
1882,nominal,399.5,1
1883,nominal,428.2,1
1884,missing,0.0,0
1885,missing,0.0,0
1886,missing,0.0,0
1887,missing,0.0,0
1888,nominal,436.9,1
1889,thick,493.7,1
1890,nominal,361.2,1
1891,nominal,349.1,1
1892,thick,477.0,1
1893,nominal,330.0,1
1894,nominal,384.4,1
1895,nominal,410.1,1
1896,nominal,358.2,1
1897,nominal,334.9,1
1898,nominal,333.3,1
1899,nominal,356.7,1
1900,thick,782.6,0
1901,thick,804.4,0
1902,thick,733.5,0
1903,thick,741.6,0
1904,nominal,416.7,1
1905,broken,400.8,1
1906,nominal,339.7,1
1907,nominal,373.0,1
1908,thick,509.8,0
1909,thick,496.9,1
1910,nominal,399.5,1
1911,nominal,419.2,1
1912,missing,0.0,0
1913,missing,0.0,0
1914,missing,0.0,0
1915,missing,0.0,0
1916,nominal,426.9,1
1917,thick,465.6,1
1918,nominal,361.2,1
1919,nominal,346.0,1
1920,thick,486.0,1
1921,nominal,336.5,1
1922,thick,440.6,1
1923,nominal,430.7,1
1924,nominal,326.7,1
1925,nominal,338.1,1
1926,nominal,361.2,1
1927,broken,388.5,1
1928,thick,792.2,0
1929,thick,810.4,0
1930,thick,735.7,0
1931,thick,751.0,0
1932,nominal,415.4,1
1933,broken,400.8,1
1934,nominal,341.3,1
1935,nominal,361.2,1
1936,thick,515.0,1
1937,thick,456.2,1
1938,nominal,400.8,1
1939,nominal,404.9,1
1940,missing,0.0,0
1941,missing,0.0,0
1942,missing,0.0,0
1943,missing,0.0,0
1944,nominal,410.1,1
1945,thick,467.9,1
1946,nominal,336.5,1
1947,nominal,347.5,1
1948,thick,474.7,1
1949,broken,349.1,1
1950,broken,336.4,1
1951,nominal,433.2,1
1952,nominal,323.4,1
1953,nominal,359.7,1
1954,nominal,347.5,1
1955,broken,389.9,1
1956,thick,789.5,0
1957,thick,824.9,0
1958,thick,740.1,0
1959,thick,747.4,0
1960,nominal,400.8,1
1961,broken,392.7,1
1962,nominal,344.4,1
1963,nominal,353.7,1
1964,thick,470.2,1
1965,thick,470.2,1
1966,nominal,414.1,1
1967,nominal,425.6,1
1968,missing,0.0,0
1969,missing,0.0,0
1970,missing,0.0,0
1971,missing,0.0,0
1972,nominal,430.7,1
1973,thick,463.2,1
1974,nominal,318.4,1
1975,nominal,355.2,1
1976,thick,494.8,1
1977,broken,346.0,1
1978,nominal,392.7,1
1979,nominal,425.6,1
1980,nominal,313.3,1
1981,nominal,352.1,1
1982,nominal,347.5,1
1983,nominal,367.1,1
1984,thick,784.0,0
1985,thick,790.8,0
1986,thick,713.4,0
1987,thick,740.1,0
1988,nominal,378.7,1
1989,broken,364.2,1
1990,nominal,328.4,1
1991,nominal,352.1,1
1992,nominal,333.3,0
1993,nominal,325.1,0
1994,nominal,339.7,0
1995,nominal,318.4,0
1996,thick,447.9,1
1997,thick,447.9,1
1998,nominal,431.9,1
1999,nominal,426.9,1
2000,missing,0.0,0
2001,missing,0.0,0
2002,missing,0.0,0
2003,missing,0.0,0
2004,nominal,429.4,1
2005,nominal,395.4,0
2006,nominal,299.2,1
2007,nominal,344.4,1
2008,nominal,428.2,1
2009,nominal,352.1,1
2010,nominal,399.5,1
2011,nominal,384.4,1
2012,nominal,306.3,1
2013,nominal,344.4,1
2014,nominal,334.9,1
2015,nominal,346.0,1
2016,nominal,264.7,1
2017,nominal,315.0,1
2018,nominal,276.7,1
2019,nominal,325.1,1
2020,nominal,306.3,1
2021,nominal,313.3,1
2022,nominal,308.0,1
2023,nominal,311.5,1
2024,nominal,367.1,1
2025,nominal,341.3,1
2026,nominal,364.2,1
2027,nominal,392.7,1
2028,nominal,381.5,1
2029,nominal,389.9,1
2030,nominal,286.3,1
2031,nominal,323.4,1
2032,nominal,400.8,1
2033,nominal,295.5,1
2034,nominal,385.8,1
2035,nominal,306.3,1
2036,nominal,286.3,1
2037,nominal,315.0,1
2038,nominal,321.7,1
2039,nominal,309.8,1
2040,nominal,268.8,1
2041,nominal,297.4,1
2042,thin,256.5,1
2043,nominal,290.0,1
2044,nominal,299.2,1
2045,nominal,328.4,1
2046,nominal,315.0,1
2047,nominal,306.3,1
2048,nominal,388.5,1
2049,nominal,373.0,1
2050,nominal,359.7,1
2051,nominal,346.0,1
2052,nominal,368.6,1
2053,nominal,375.8,1
2054,nominal,282.5,1
2055,nominal,299.2,1
2056,nominal,429.4,1
2057,nominal,286.3,1
2058,nominal,328.4,1
2059,nominal,333.3,1
2060,nominal,295.5,1
2061,broken,330.0,1
2062,nominal,333.3,1
2063,nominal,320.1,1
2064,nominal,288.2,1
2065,nominal,284.4,1
2066,nominal,297.4,1
2067,nominal,274.7,1
2068,nominal,313.3,1
2069,nominal,338.1,1
2070,nominal,320.1,1
2071,nominal,341.3,1
2072,nominal,359.7,1
2073,nominal,387.2,1
2074,broken,310.7,1
2075,nominal,350.6,1
2076,nominal,398.1,1
2077,nominal,412.8,1
2078,nominal,288.2,1
2079,nominal,293.7,1
2080,nominal,416.7,1
2081,nominal,268.8,1
2082,nominal,349.1,1
2083,nominal,333.3,1
2084,nominal,311.5,1
2085,nominal,326.7,1
2086,nominal,328.4,1
2087,nominal,320.1,1
2088,nominal,311.5,1
2089,nominal,291.9,1
2090,nominal,284.4,1
2091,nominal,278.6,1
2092,nominal,318.4,1
2093,nominal,349.1,1
2094,nominal,325.1,1
2095,nominal,328.4,1
2096,nominal,365.7,1
2097,nominal,311.5,1
2098,nominal,358.2,1
2099,nominal,385.8,1
2100,nominal,424.4,1
2101,nominal,414.1,1
2102,nominal,290.0,1
2103,nominal,297.4,1
2104,nominal,408.8,1
2105,thin,256.5,1
2106,nominal,388.5,1
2107,nominal,321.7,1
2108,nominal,313.3,1
2109,nominal,309.8,1
2110,nominal,331.6,1
2111,nominal,313.3,1
2112,nominal,311.5,1
2113,nominal,301.0,1
2114,nominal,295.5,1
2115,nominal,274.7,1
2116,nominal,323.4,1
2117,nominal,338.1,1
2118,nominal,315.0,1
2119,nominal,333.3,1
2120,nominal,381.5,1
2121,nominal,352.1,1
2122,nominal,334.9,1
2123,nominal,359.7,1
2124,nominal,410.1,1
2125,nominal,371.5,1
2126,nominal,286.3,1
2127,nominal,299.2,1
2128,nominal,416.7,1
2129,nominal,262.7,1
2130,nominal,362.7,1
2131,nominal,306.3,1
2132,nominal,290.0,1
2133,nominal,297.4,1
2134,nominal,308.0,1
2135,nominal,291.9,1
2136,nominal,302.8,1
2137,thin,256.5,1
2138,nominal,295.5,1
2139,nominal,278.6,1
2140,nominal,320.1,1
2141,nominal,331.6,1
2142,nominal,325.1,1
2143,nominal,346.0,1
2144,nominal,362.7,1
2145,nominal,387.2,1
2146,nominal,331.6,1
2147,nominal,383.0,1
2148,nominal,365.7,1
2149,nominal,395.4,1
2150,nominal,302.8,1
2151,nominal,272.8,1
2152,nominal,419.2,1
2153,thin,258.6,1
2154,nominal,399.5,1
2155,nominal,330.0,1
2156,nominal,330.0,1
2157,nominal,309.8,1
2158,nominal,320.1,1
2159,nominal,313.3,1
2160,nominal,320.1,1
2161,nominal,290.0,1
2162,nominal,304.5,1
2163,nominal,288.2,1
2164,nominal,330.0,1
2165,nominal,355.2,1
2166,nominal,320.1,1
2167,nominal,338.1,1
2168,nominal,389.9,1
2169,nominal,367.1,1
2170,nominal,385.8,1
2171,nominal,428.2,1
2172,nominal,368.6,1
2173,nominal,358.2,1
2174,nominal,313.3,1
2175,nominal,276.7,1
2176,nominal,374.4,1
2177,thin,250.1,1
2178,nominal,385.8,1
2179,nominal,344.4,1
2180,nominal,325.1,1
2181,nominal,316.7,1
2182,nominal,331.6,1
2183,nominal,323.4,1
2184,nominal,306.3,1
2185,nominal,276.7,1
2186,nominal,308.0,1
2187,nominal,262.7,1
2188,nominal,328.4,1
2189,nominal,328.4,1
2190,nominal,330.0,1
2191,nominal,331.6,1
2192,nominal,387.2,1
2193,nominal,334.9,1
2194,nominal,352.1,1
2195,nominal,365.7,1
2196,nominal,384.4,1
2197,nominal,371.5,1
2198,nominal,304.5,1
2199,nominal,274.7,1
2200,nominal,400.8,1
2201,thin,247.9,1
2202,nominal,396.8,1
2203,nominal,346.0,1
2204,nominal,318.4,1
2205,nominal,330.0,1
2206,nominal,333.3,1
2207,nominal,321.7,1
2208,nominal,308.0,1
2209,nominal,274.7,1
2210,nominal,323.4,1
2211,nominal,262.7,1
2212,nominal,320.1,1
2213,nominal,330.0,1
2214,nominal,313.3,1
2215,nominal,330.0,1
2216,nominal,311.5,0
2217,nominal,325.1,0
2218,nominal,309.8,0
2219,nominal,323.4,0
2220,nominal,395.4,1
2221,nominal,362.7,1
2222,nominal,353.7,1
2223,nominal,353.7,1
2224,nominal,367.1,1
2225,nominal,367.1,1
2226,nominal,325.1,1
2227,thin,252.2,1
2228,nominal,412.8,1
2229,nominal,266.8,1
2230,nominal,403.5,1
2231,nominal,331.6,1
2232,nominal,333.3,1
2233,nominal,308.0,1
2234,nominal,336.5,1
2235,nominal,326.7,1
2236,nominal,299.2,1
2237,nominal,291.9,1
2238,nominal,282.5,1
2239,nominal,304.5,1
2240,nominal,315.0,1
2241,nominal,304.5,1
2242,nominal,313.3,1
2243,nominal,295.5,1
2244,thick,440.6,1
2245,nominal,353.7,1
2246,nominal,404.9,1
2247,nominal,374.4,1
2248,nominal,361.2,1
2249,nominal,381.5,1
2250,nominal,301.0,1
2251,missing,0.0,1
2252,nominal,388.5,1
2253,nominal,282.5,1
2254,nominal,355.2,1
2255,nominal,331.6,1
2256,nominal,266.8,1
2257,nominal,320.1,1
2258,nominal,339.7,1
2259,nominal,323.4,1
2260,nominal,284.4,1
2261,nominal,262.7,1
2262,nominal,288.2,1
2263,nominal,278.6,1
2264,nominal,315.0,1
2265,nominal,328.4,1
2266,nominal,313.3,1
2267,nominal,315.0,1
2268,nominal,406.2,1
2269,nominal,398.1,1
2270,nominal,370.1,1
2271,nominal,387.2,1
2272,nominal,411.5,1
2273,nominal,399.5,1
2274,nominal,276.7,1
2275,nominal,280.6,1
2276,nominal,404.9,1
2277,nominal,272.8,1
2278,nominal,336.5,1
2279,nominal,346.0,1
2280,nominal,284.4,1
2281,nominal,328.4,1
2282,nominal,339.7,1
2283,nominal,311.5,1
2284,nominal,278.6,1
2285,nominal,262.7,1
2286,nominal,288.2,1
2287,thin,258.6,1
2288,nominal,338.1,1
2289,missing,0.0,1
2290,nominal,321.7,1
2291,nominal,333.3,1
2292,nominal,371.5,1
2293,nominal,355.2,1
2294,nominal,355.2,1
2295,nominal,371.5,1
2296,nominal,406.2,1
2297,nominal,404.9,1
2298,nominal,276.7,1
2299,nominal,274.7,1
2300,nominal,416.7,1
2301,thin,254.4,1
2302,broken,318.4,1
2303,missing,0.0,1
2304,nominal,291.9,1
2305,nominal,328.4,1
2306,nominal,323.4,1
2307,nominal,331.6,1
2308,nominal,286.3,1
2309,nominal,274.7,1
2310,nominal,288.2,1
2311,nominal,264.7,1
2312,nominal,331.6,1
2313,nominal,344.4,1
2314,nominal,320.1,1
2315,nominal,338.1,1
2316,nominal,436.9,1
2317,nominal,374.4,1
2318,nominal,352.1,1
2319,nominal,399.5,1
2320,nominal,395.4,1
2321,nominal,411.5,1
2322,nominal,286.3,1
2323,nominal,268.8,1
2324,thick,450.3,1
2325,thin,243.5,1
2326,nominal,410.1,1
2327,nominal,333.3,1
2328,nominal,288.2,1
2329,nominal,311.5,1
2330,nominal,323.4,1
2331,nominal,313.3,1
2332,nominal,293.7,1
2333,thin,256.5,1
2334,nominal,286.3,1
2335,nominal,262.7,1
2336,nominal,323.4,1
2337,nominal,331.6,1
2338,nominal,328.4,1
2339,nominal,330.0,1
2340,nominal,416.7,1
2341,nominal,364.2,1
2342,nominal,381.5,1
2343,nominal,389.9,1
2344,nominal,424.4,1
2345,nominal,355.2,1
2346,nominal,306.3,1
2347,nominal,266.8,1
2348,nominal,400.8,1
2349,thin,234.5,1
2350,nominal,406.2,1
2351,nominal,318.4,1
2352,nominal,311.5,1
2353,nominal,304.5,1
2354,nominal,328.4,1
2355,nominal,306.3,1
2356,nominal,290.0,1
2357,thin,250.1,1
2358,nominal,288.2,1
2359,missing,0.0,1
2360,nominal,323.4,1
2361,nominal,341.3,1
2362,nominal,333.3,1
2363,nominal,336.5,1
2364,nominal,349.1,1
2365,nominal,395.4,1
2366,nominal,367.1,1
2367,nominal,411.5,1
2368,nominal,395.4,1
2369,nominal,402.2,1
2370,nominal,299.2,1
2371,thin,250.1,1
2372,nominal,394.1,1
2373,thin,212.8,1
2374,nominal,396.8,1
2375,nominal,323.4,1
2376,nominal,308.0,1
2377,nominal,311.5,1
2378,nominal,325.1,1
2379,nominal,309.8,1
2380,nominal,293.7,1
2381,nominal,262.7,1
2382,nominal,288.2,1
2383,thin,260.6,1
2384,nominal,302.8,1
2385,nominal,350.6,1
2386,nominal,330.0,1
2387,nominal,341.3,1
2388,nominal,359.7,1
2389,nominal,396.8,1
2390,nominal,373.0,1
2391,nominal,387.2,1
2392,nominal,394.1,1
2393,nominal,389.9,1
2394,nominal,299.2,1
2395,thin,241.3,1
2396,nominal,412.8,1
2397,thin,232.2,1
2398,nominal,367.1,1
2399,nominal,333.3,1
2400,nominal,308.0,1
2401,nominal,316.7,1
2402,nominal,323.4,1
2403,nominal,328.4,1
2404,nominal,302.8,1
2405,thin,245.7,1
2406,nominal,311.5,1
2407,thin,247.9,1
2408,nominal,334.9,1
2409,nominal,333.3,1
2410,nominal,330.0,1
2411,nominal,330.0,1
2412,necked,344.4,1
2413,nominal,389.9,1
2414,nominal,373.0,1
2415,nominal,431.9,1
2416,nominal,396.8,1
2417,nominal,356.7,1
2418,nominal,299.2,1
2419,thin,239.1,1
2420,nominal,370.1,1
2421,thin,241.3,1
2422,nominal,377.3,1
2423,nominal,346.0,1
2424,nominal,321.7,1
2425,nominal,318.4,1
2426,nominal,328.4,1
2427,nominal,328.4,1
2428,nominal,290.0,1
2429,nominal,270.8,1
2430,nominal,306.3,1
2431,nominal,270.8,1
2432,nominal,313.3,1
2433,nominal,334.9,1
2434,nominal,313.3,1
2435,nominal,323.4,1
2436,nominal,320.1,0
2437,nominal,316.7,0
2438,nominal,301.0,0
2439,nominal,331.6,0
2440,nominal,418.0,1
2441,nominal,388.5,1
2442,nominal,381.5,1
2443,nominal,368.6,1
2444,nominal,388.5,1
2445,nominal,402.2,1
2446,nominal,318.4,1
2447,thin,241.3,1
2448,nominal,416.7,1
2449,nominal,266.8,1
2450,nominal,377.3,1
2451,nominal,331.6,1
2452,nominal,321.7,1
2453,nominal,321.7,1
2454,nominal,353.7,1
2455,nominal,336.5,1
2456,nominal,318.4,1
2457,nominal,290.0,1
2458,nominal,299.2,1
2459,nominal,291.9,1
2460,nominal,309.8,1
2461,nominal,308.0,1
2462,nominal,313.3,1
2463,nominal,313.3,1
2464,nominal,424.4,1
2465,nominal,391.3,1
2466,nominal,367.1,1
2467,nominal,433.2,1
2468,nominal,368.6,1
2469,nominal,364.2,1
2470,nominal,297.4,1
2471,nominal,297.4,1
2472,nominal,410.1,1
2473,nominal,270.8,1
2474,nominal,361.2,1
2475,nominal,336.5,1
2476,nominal,286.3,1
2477,nominal,325.1,1
2478,nominal,352.1,1
2479,nominal,326.7,1
2480,nominal,290.0,1
2481,thin,260.6,1
2482,nominal,276.7,1
2483,nominal,270.8,1
2484,nominal,326.7,1
2485,nominal,334.9,1
2486,nominal,311.5,1
2487,nominal,325.1,1
2488,nominal,403.5,1
2489,nominal,402.2,1
2490,nominal,392.7,1
2491,nominal,380.1,1
2492,nominal,400.8,1
2493,nominal,378.7,1
2494,nominal,291.9,1
2495,nominal,280.6,1
2496,nominal,407.5,1
2497,thin,254.4,1
2498,nominal,368.6,1
2499,nominal,346.0,1
2500,nominal,288.2,1
2501,nominal,326.7,1
2502,nominal,338.1,1
2503,nominal,336.5,1
2504,nominal,284.4,1
2505,nominal,262.7,1
2506,nominal,280.6,1
2507,nominal,262.7,1
2508,nominal,330.0,1
2509,nominal,344.4,1
2510,nominal,318.4,1
2511,nominal,323.4,1
2512,nominal,435.6,1
2513,nominal,364.2,1
2514,nominal,396.8,1
2515,nominal,392.7,1
2516,nominal,404.9,1
2517,nominal,394.1,1
2518,nominal,272.8,1
2519,nominal,264.7,1
2520,nominal,421.8,1
2521,thin,250.1,1
2522,nominal,341.3,0
2523,nominal,320.1,1
2524,nominal,293.7,1
2525,nominal,325.1,1
2526,nominal,342.8,1
2527,nominal,330.0,1
2528,nominal,293.7,1
2529,thin,243.5,1
2530,nominal,270.8,1
2531,nominal,264.7,1
2532,nominal,330.0,1
2533,nominal,325.1,1
2534,nominal,318.4,1
2535,nominal,328.4,1
2536,nominal,416.7,1
2537,nominal,394.1,1
2538,nominal,355.2,1
2539,nominal,391.3,1
2540,nominal,410.1,1
2541,nominal,365.7,1
2542,nominal,274.7,1
2543,thin,256.5,1
2544,thick,446.6,1
2545,thin,229.9,1
2546,nominal,365.7,1
2547,nominal,330.0,1
2548,nominal,302.8,1
2549,nominal,315.0,1
2550,nominal,326.7,1
2551,nominal,309.8,1
2552,nominal,286.3,1
2553,nominal,272.8,1
2554,nominal,302.8,1
2555,nominal,262.7,1
2556,nominal,323.4,1
2557,nominal,331.6,1
2558,nominal,326.7,1
2559,nominal,325.1,1
2560,nominal,419.2,1
2561,nominal,353.7,1
2562,nominal,336.5,1
2563,nominal,403.5,1
2564,nominal,434.4,1
2565,nominal,403.5,1
2566,nominal,301.0,1
2567,thin,245.7,1
2568,nominal,425.6,1
2569,thin,225.1,1
2570,nominal,361.2,1
2571,nominal,320.1,1
2572,nominal,302.8,1
2573,nominal,291.9,1
2574,nominal,320.1,1
2575,nominal,309.8,1
2576,nominal,291.9,1
2577,thin,243.5,1
2578,nominal,297.4,1
2579,thin,252.2,1
2580,nominal,321.7,1
2581,nominal,326.7,1
2582,nominal,311.5,1
2583,nominal,333.3,1
2584,nominal,410.1,1
2585,nominal,392.7,1
2586,nominal,378.7,1
2587,nominal,410.1,1
2588,nominal,410.1,1
2589,nominal,399.5,1
2590,nominal,297.4,1
2591,thin,229.9,1
2592,nominal,412.8,1
2593,thin,197.0,1
2594,nominal,355.2,1
2595,nominal,333.3,1
2596,nominal,306.3,1
2597,nominal,318.4,1
2598,nominal,318.4,1
2599,nominal,321.7,1
2600,nominal,284.4,1
2601,thin,260.6,1
2602,nominal,297.4,1
2603,thin,252.2,1
2604,nominal,325.1,1
2605,nominal,339.7,1
2606,nominal,334.9,1
2607,nominal,336.5,1
2608,nominal,435.6,1
2609,nominal,399.5,1
2610,nominal,411.5,0
2611,nominal,412.8,1
2612,nominal,399.5,1
2613,nominal,344.4,1
2614,nominal,293.7,1
2615,thin,207.7,1
2616,nominal,424.4,1
2617,thin,199.7,1
2618,nominal,410.1,1
2619,nominal,333.3,1
2620,nominal,321.7,1
2621,nominal,323.4,1
2622,nominal,331.6,1
2623,nominal,334.9,1
2624,nominal,302.8,1
2625,thin,245.7,1
2626,nominal,311.5,1
2627,thin,250.1,1
2628,nominal,349.1,1
2629,nominal,352.1,1
2630,nominal,333.3,1
2631,nominal,344.4,1
2632,thick,445.4,1
2633,nominal,381.5,1
2634,nominal,374.4,1
2635,nominal,412.8,1
2636,nominal,414.1,1
2637,nominal,421.8,1
2638,nominal,306.3,1
2639,thin,229.9,1
2640,broken,339.7,1
2641,thin,232.2,1
2642,nominal,371.5,1
2643,nominal,353.7,1
2644,nominal,313.3,1
2645,nominal,330.0,1
2646,nominal,333.3,1
2647,nominal,325.1,1
2648,nominal,304.5,1
2649,nominal,282.5,1
2650,nominal,316.7,1
2651,thin,258.6,1
2652,nominal,331.6,1
2653,nominal,339.7,1
2654,nominal,318.4,1
2655,nominal,331.6,1
2656,nominal,323.4,0
2657,nominal,321.7,0
2658,nominal,309.8,0
2659,nominal,316.7,0
2660,nominal,423.1,1
2661,nominal,373.0,1
2662,nominal,396.8,1
2663,nominal,423.1,1
2664,nominal,381.5,1
2665,nominal,383.0,1
2666,nominal,313.3,1
2667,nominal,264.7,1
2668,nominal,377.3,1
2669,nominal,270.8,1
2670,nominal,362.7,1
2671,nominal,347.5,1
2672,nominal,325.1,1
2673,nominal,326.7,1
2674,nominal,346.0,1
2675,nominal,339.7,1
2676,nominal,325.1,1
2677,nominal,286.3,1
2678,nominal,309.8,1
2679,nominal,301.0,1
2680,nominal,311.5,1
2681,nominal,306.3,1
2682,nominal,299.2,1
2683,nominal,328.4,1
2684,nominal,406.2,1
2685,nominal,403.5,1
2686,nominal,368.6,1
2687,nominal,336.5,1
2688,nominal,370.1,1
2689,nominal,361.2,1
2690,nominal,299.2,1
2691,nominal,280.6,1
2692,nominal,408.8,1
2693,nominal,262.7,1
2694,nominal,391.3,1
2695,nominal,347.5,1
2696,nominal,291.9,1
2697,nominal,315.0,1
2698,nominal,336.5,1
2699,nominal,323.4,1
2700,nominal,288.2,1
2701,thin,256.5,1
2702,nominal,297.4,1
2703,nominal,272.8,1
2704,nominal,325.1,1
2705,nominal,341.3,1
2706,nominal,330.0,1
2707,nominal,326.7,1
2708,nominal,396.8,1
2709,nominal,378.7,1
2710,nominal,395.4,1
2711,nominal,380.1,1
2712,nominal,395.4,1
2713,nominal,389.9,1
2714,nominal,299.2,1
2715,thin,252.2,1
2716,nominal,384.4,1
2717,thin,245.7,1
2718,nominal,399.5,1
2719,nominal,349.1,1
2720,nominal,302.8,1
2721,nominal,331.6,1
2722,nominal,334.9,1
2723,nominal,325.1,1
2724,nominal,288.2,1
2725,nominal,262.7,1
2726,nominal,288.2,1
2727,thin,243.5,1
2728,nominal,328.4,1
2729,nominal,321.7,1
2730,nominal,326.7,1
2731,nominal,338.1,1
2732,thick,449.1,1
2733,nominal,420.5,1
2734,nominal,402.2,1
2735,nominal,402.2,1
2736,nominal,396.8,1
2737,nominal,402.2,1
2738,nominal,290.0,1
2739,thin,258.6,1
2740,nominal,404.9,1
2741,thin,245.7,1
2742,nominal,325.1,1
2743,nominal,336.5,1
2744,nominal,282.5,1
2745,nominal,338.1,1
2746,nominal,323.4,1
2747,nominal,326.7,1
2748,nominal,278.6,1
2749,thin,252.2,1
2750,nominal,304.5,1
2751,nominal,262.7,1
2752,nominal,336.5,1
2753,nominal,336.5,1
2754,nominal,330.0,1
2755,nominal,323.4,1
2756,nominal,412.8,1
2757,nominal,375.8,1
2758,nominal,403.5,1
2759,nominal,380.1,1
2760,nominal,410.1,1
2761,nominal,426.9,1
2762,nominal,293.7,1
2763,thin,239.1,1
2764,nominal,434.4,1
2765,thin,241.3,1
2766,nominal,361.2,1
2767,nominal,333.3,1
2768,nominal,290.0,1
2769,nominal,313.3,1
2770,nominal,318.4,1
2771,nominal,326.7,1
2772,nominal,295.5,1
2773,thin,256.5,1
2774,nominal,295.5,1
2775,thin,247.9,1
2776,nominal,326.7,1
2777,nominal,336.5,1
2778,nominal,318.4,1
2779,nominal,330.0,1
2780,nominal,424.4,1
2781,nominal,383.0,1
2782,nominal,389.9,1
2783,nominal,373.0,1
2784,nominal,415.4,1
2785,nominal,389.9,1
2786,nominal,293.7,1
2787,thin,217.8,1
2788,nominal,420.5,1
2789,thin,202.4,1
2790,nominal,374.4,1
2791,nominal,338.1,1
2792,nominal,306.3,1
2793,nominal,308.0,1
2794,nominal,334.9,1
2795,nominal,321.7,1
2796,nominal,293.7,1
2797,thin,250.1,1
2798,nominal,297.4,1
2799,thin,239.1,1
2800,nominal,318.4,1
2801,nominal,333.3,1
2802,nominal,325.1,1
2803,nominal,331.6,1
2804,nominal,395.4,1
2805,nominal,407.5,1
2806,nominal,423.1,1
2807,nominal,383.0,1
2808,nominal,416.7,1
2809,nominal,350.6,1
2810,nominal,299.2,1
2811,thin,217.8,1
2812,thick,441.8,1
2813,thin,197.0,1
2814,nominal,373.0,1
2815,nominal,326.7,1
2816,nominal,297.4,1
2817,nominal,309.8,1
2818,nominal,320.1,1
2819,nominal,323.4,1
2820,nominal,295.5,1
2821,nominal,272.8,1
2822,nominal,299.2,1
2823,thin,254.4,1
2824,nominal,325.1,1
2825,nominal,326.7,1
2826,nominal,320.1,1
2827,nominal,326.7,1
2828,nominal,424.4,1
2829,nominal,410.1,1
2830,nominal,388.5,1
2831,nominal,394.1,1
2832,nominal,411.5,1
2833,nominal,395.4,1
2834,nominal,297.4,1
2835,thin,212.8,1
2836,nominal,421.8,1
2837,thin,217.8,1
2838,nominal,384.4,1
2839,nominal,334.9,1
2840,nominal,320.1,1
2841,nominal,306.3,1
2842,nominal,342.8,1
2843,nominal,336.5,1
2844,nominal,297.4,1
2845,thin,260.6,1
2846,nominal,311.5,1
2847,nominal,266.8,1
2848,nominal,320.1,1
2849,nominal,334.9,1
2850,nominal,333.3,1
2851,nominal,336.5,1
2852,nominal,433.2,1
2853,nominal,375.8,1
2854,nominal,383.0,1
2855,nominal,414.1,1
2856,nominal,410.1,1
2857,nominal,383.0,1
2858,nominal,302.8,1
2859,thin,227.5,1
2860,nominal,394.1,1
2861,thin,236.8,1
2862,nominal,383.0,1
2863,nominal,350.6,1
2864,nominal,308.0,1
2865,nominal,330.0,1
2866,nominal,341.3,1
2867,nominal,346.0,1
2868,nominal,309.8,1
2869,nominal,286.3,1
2870,nominal,301.0,1
2871,nominal,266.8,1
2872,nominal,313.3,1
2873,nominal,344.4,1
2874,nominal,336.5,1
2875,nominal,326.7,1
2876,nominal,311.5,0
2877,nominal,316.7,0
2878,nominal,313.3,0
2879,nominal,313.3,0
2880,nominal,419.2,1
2881,nominal,415.4,1
2882,nominal,408.8,1
2883,nominal,341.3,1
2884,nominal,406.2,1
2885,nominal,423.1,1
2886,nominal,309.8,1
2887,thin,260.6,1
2888,broken,371.5,0
2889,nominal,278.6,1
2890,nominal,325.1,1
2891,nominal,358.2,1
2892,nominal,334.9,1
2893,nominal,328.4,1
2894,nominal,339.7,1
2895,nominal,342.8,1
2896,nominal,315.0,1
2897,nominal,284.4,1
2898,nominal,304.5,1
2899,nominal,293.7,1
2900,nominal,297.4,1
2901,nominal,309.8,1
2902,nominal,297.4,1
2903,nominal,304.5,1
2904,nominal,383.0,1
2905,nominal,396.8,1
2906,nominal,371.5,1
2907,nominal,364.2,1
2908,nominal,404.9,1
2909,nominal,387.2,1
2910,nominal,316.7,1
2911,nominal,278.6,1
2912,nominal,371.5,1
2913,thin,258.6,1
2914,nominal,367.1,1
2915,nominal,356.7,1
2916,nominal,291.9,1
2917,nominal,331.6,1
2918,nominal,347.5,1
2919,nominal,331.6,1
2920,nominal,308.0,1
2921,thin,241.3,1
2922,nominal,309.8,1
2923,thin,250.1,1
2924,nominal,326.7,1
2925,nominal,347.5,1
2926,nominal,318.4,1
2927,nominal,328.4,1
2928,nominal,373.0,1
2929,nominal,394.1,1
2930,nominal,392.7,1
2931,broken,320.9,1
2932,nominal,412.8,1
2933,nominal,408.8,1
2934,nominal,316.7,1
2935,thin,236.8,1
2936,nominal,387.2,1
2937,thin,236.8,1
2938,nominal,403.5,1
2939,nominal,346.0,1
2940,nominal,301.0,1
2941,nominal,333.3,1
2942,nominal,349.1,1
2943,nominal,333.3,1
2944,nominal,286.3,1
2945,nominal,266.8,1
2946,nominal,293.7,1
2947,thin,258.6,1
2948,nominal,333.3,1
2949,nominal,333.3,1
2950,nominal,333.3,1
2951,nominal,321.7,1
2952,thick,462.1,1
2953,nominal,391.3,1
2954,nominal,415.4,1
2955,nominal,384.4,1
2956,nominal,371.5,1
2957,nominal,414.1,1
2958,nominal,295.5,1
2959,thin,241.3,1
2960,nominal,408.8,1
2961,thin,232.2,1
2962,nominal,378.7,1
2963,nominal,347.5,1
2964,nominal,293.7,1
2965,nominal,328.4,1
2966,nominal,325.1,1
2967,nominal,325.1,1
2968,nominal,290.0,1
2969,thin,245.7,1
2970,nominal,295.5,1
2971,thin,245.7,1
2972,nominal,328.4,1
2973,nominal,339.7,1
2974,nominal,334.9,1
2975,nominal,333.3,1
2976,nominal,424.4,1
2977,nominal,402.2,1
2978,nominal,411.5,1
2979,nominal,402.2,1
2980,nominal,374.4,1
2981,nominal,403.5,1
2982,nominal,288.2,1
2983,thin,229.9,1
2984,nominal,384.4,1
2985,thin,207.7,1
2986,thick,440.6,1
2987,nominal,313.3,1
2988,nominal,295.5,1
2989,nominal,325.1,1
2990,nominal,331.6,1
2991,nominal,320.1,1
2992,nominal,291.9,1
2993,thin,245.7,1
2994,nominal,276.7,1
2995,thin,243.5,1
2996,nominal,320.1,1
2997,nominal,336.5,1
2998,nominal,328.4,1
2999,nominal,330.0,1
3000,nominal,428.2,1
3001,nominal,367.1,1
3002,nominal,338.1,1
3003,nominal,402.2,1
3004,nominal,407.5,1
3005,nominal,385.8,1
3006,nominal,291.9,1
3007,thin,207.7,1
3008,thick,439.3,1
3009,thin,217.8,1
3010,nominal,380.1,1
3011,nominal,338.1,1
3012,nominal,288.2,1
3013,nominal,315.0,1
3014,nominal,320.1,1
3015,nominal,313.3,1
3016,nominal,276.7,1
3017,thin,260.6,1
3018,nominal,282.5,1
3019,thin,252.2,1
3020,nominal,318.4,1
3021,nominal,333.3,1
3022,nominal,325.1,1
3023,nominal,320.1,1
3024,thick,451.4,1
3025,nominal,412.8,1
3026,nominal,368.6,1
3027,nominal,404.9,1
3028,nominal,423.1,1
3029,nominal,347.5,1
3030,nominal,297.4,1
3031,thin,207.7,1
3032,nominal,429.4,1
3033,thin,232.2,1
3034,nominal,361.2,1
3035,nominal,326.7,1
3036,nominal,293.7,1
3037,nominal,323.4,1
3038,nominal,325.1,1
3039,nominal,313.3,1
3040,nominal,309.8,1
3041,thin,252.2,1
3042,nominal,290.0,1
3043,thin,245.7,1
3044,nominal,330.0,1
3045,nominal,336.5,1
3046,nominal,330.0,1
3047,nominal,331.6,1
3048,nominal,430.7,1
3049,nominal,406.2,1
3050,nominal,346.0,1
3051,thick,446.6,1
3052,nominal,420.5,1
3053,nominal,402.2,1
3054,nominal,299.2,1
3055,thin,229.9,1
3056,nominal,416.7,1
3057,thin,225.1,1
3058,nominal,359.7,1
3059,nominal,338.1,1
3060,nominal,297.4,1
3061,nominal,325.1,1
3062,nominal,338.1,1
3063,nominal,341.3,1
3064,nominal,295.5,1
3065,nominal,280.6,1
3066,nominal,293.7,1
3067,thin,260.6,1
3068,nominal,336.5,1
3069,nominal,342.8,1
3070,nominal,321.7,1
3071,nominal,331.6,1
3072,nominal,398.1,1
3073,thick,443.0,1
3074,nominal,399.5,1
3075,nominal,350.6,1
3076,nominal,424.4,1
3077,nominal,377.3,1
3078,nominal,297.4,1
3079,thin,247.9,1
3080,nominal,398.1,1
3081,thin,247.9,1
3082,nominal,352.1,1
3083,nominal,352.1,1
3084,nominal,311.5,1
3085,nominal,336.5,1
3086,nominal,336.5,1
3087,nominal,358.2,1
3088,nominal,297.4,1
3089,nominal,295.5,1
3090,nominal,308.0,1
3091,nominal,264.7,1
3092,nominal,328.4,1
3093,nominal,330.0,1
3094,nominal,321.7,1
3095,nominal,326.7,1
3096,nominal,297.4,0
3097,nominal,306.3,0
3098,nominal,306.3,0
3099,nominal,295.5,0
3100,nominal,408.8,1
3101,nominal,404.9,1
3102,nominal,338.1,1
3103,nominal,377.3,1
3104,nominal,396.8,1
3105,nominal,380.1,1
3106,nominal,308.0,1
3107,thin,258.6,1
3108,nominal,380.1,1
3109,nominal,290.0,1
3110,nominal,331.6,1
3111,nominal,346.0,1
3112,nominal,323.4,1
3113,nominal,338.1,1
3114,nominal,336.5,1
3115,nominal,320.1,1
3116,nominal,326.7,1
3117,nominal,274.7,1
3118,nominal,320.1,1
3119,nominal,266.8,1
3120,nominal,318.4,1
3121,nominal,315.0,1
3122,nominal,315.0,1
3123,nominal,306.3,1
3124,nominal,418.0,1
3125,nominal,425.6,1
3126,nominal,370.1,1
3127,nominal,419.2,1
3128,nominal,353.7,1
3129,nominal,375.8,1
3130,nominal,321.7,1
3131,nominal,272.8,1
3132,nominal,402.2,1
3133,thin,256.5,1
3134,nominal,359.7,1
3135,nominal,338.1,1
3136,nominal,306.3,1
3137,nominal,338.1,1
3138,nominal,328.4,1
3139,nominal,339.7,1
3140,nominal,309.8,1
3141,nominal,264.7,1
3142,nominal,308.0,1
3143,thin,250.1,1
3144,nominal,323.4,1
3145,nominal,336.5,1
3146,nominal,330.0,1
3147,nominal,333.3,1
3148,thick,441.8,1
3149,nominal,387.2,1
3150,nominal,381.5,1
3151,nominal,402.2,1
3152,nominal,414.1,1
3153,nominal,402.2,1
3154,nominal,313.3,1
3155,thin,234.5,1
3156,nominal,395.4,1
3157,thin,234.5,1
3158,nominal,428.2,1
3159,nominal,355.2,1
3160,nominal,297.4,1
3161,nominal,339.7,1
3162,nominal,352.1,1
3163,nominal,346.0,1
3164,nominal,306.3,1
3165,thin,254.4,1
3166,nominal,311.5,1
3167,thin,254.4,1
3168,nominal,318.4,1
3169,nominal,358.2,1
3170,nominal,342.8,1
3171,nominal,341.3,1
3172,thick,439.3,1
3173,nominal,395.4,1
3174,nominal,398.1,1
3175,nominal,404.9,1
3176,nominal,355.2,1
3177,thick,474.7,1
3178,nominal,299.2,1
3179,thin,210.3,1
3180,nominal,418.0,1
3181,thin,210.3,1
3182,nominal,408.8,1
3183,nominal,331.6,1
3184,nominal,290.0,1
3185,nominal,313.3,1
3186,nominal,353.7,1
3187,nominal,330.0,1
3188,nominal,306.3,1
3189,thin,243.5,1
3190,nominal,291.9,1
3191,thin,241.3,1
3192,nominal,331.6,1
3193,nominal,344.4,1
3194,nominal,331.6,1
3195,nominal,341.3,1
3196,nominal,419.2,1
3197,nominal,394.1,1
3198,nominal,388.5,1
3199,necked,304.5,1
3200,nominal,395.4,1
3201,nominal,420.5,1
3202,nominal,311.5,1
3203,thin,215.3,1
3204,nominal,415.4,1
3205,thin,202.4,1
3206,nominal,385.8,1
3207,nominal,341.3,1
3208,nominal,302.8,1
3209,nominal,330.0,1
3210,nominal,326.7,1
3211,nominal,325.1,1
3212,nominal,286.3,1
3213,nominal,262.7,1
3214,nominal,288.2,1
3215,thin,245.7,1
3216,nominal,318.4,1
3217,nominal,339.7,1
3218,nominal,326.7,1
3219,nominal,331.6,1
3220,nominal,403.5,1
3221,nominal,381.5,1
3222,nominal,407.5,1
3223,nominal,394.1,1
3224,nominal,389.9,1
3225,nominal,381.5,1
3226,nominal,313.3,1
3227,thin,194.3,1
3228,nominal,418.0,1
3229,thin,234.5,1
3230,nominal,395.4,1
3231,nominal,338.1,1
3232,nominal,288.2,1
3233,nominal,311.5,1
3234,nominal,318.4,1
3235,nominal,320.1,1
3236,nominal,293.7,1
3237,nominal,268.8,1
3238,nominal,278.6,1
3239,nominal,268.8,1
3240,nominal,318.4,1
3241,nominal,321.7,1
3242,nominal,318.4,1
3243,nominal,318.4,1
3244,nominal,412.8,1
3245,nominal,380.1,1
3246,nominal,384.4,1
3247,nominal,391.3,1
3248,nominal,418.0,1
3249,nominal,402.2,1
3250,nominal,288.2,1
3251,thin,210.3,1
3252,thick,444.2,1
3253,thin,252.2,1
3254,broken,309.8,1
3255,nominal,342.8,1
3256,missing,0.0,1
3257,nominal,315.0,1
3258,nominal,323.4,1
3259,nominal,323.4,1
3260,nominal,290.0,1
3261,thin,247.9,1
3262,nominal,278.6,1
3263,nominal,268.8,1
3264,nominal,336.5,1
3265,nominal,344.4,1
3266,nominal,313.3,1
3267,nominal,342.8,1
3268,nominal,420.5,1
3269,nominal,400.8,1
3270,nominal,373.0,1
3271,nominal,414.1,1
3272,nominal,398.1,1
3273,nominal,387.2,1
3274,nominal,288.2,1
3275,thin,232.2,1
3276,thick,440.6,1
3277,thin,258.6,1
3278,nominal,361.2,1
3279,nominal,342.8,1
3280,nominal,291.9,1
3281,nominal,323.4,1
3282,nominal,346.0,1
3283,nominal,347.5,1
3284,nominal,297.4,1
3285,nominal,268.8,1
3286,nominal,299.2,1
3287,thin,258.6,1
3288,nominal,339.7,1
3289,nominal,342.8,1
3290,nominal,325.1,1
3291,nominal,346.0,1
3292,nominal,403.5,1
3293,nominal,408.8,1
3294,nominal,374.4,1
3295,nominal,381.5,1
3296,nominal,411.5,1
3297,nominal,377.3,1
3298,nominal,291.9,1
3299,thin,258.6,1
3300,thick,438.1,1
3301,thin,243.5,1
3302,nominal,389.9,1
3303,nominal,350.6,1
3304,nominal,302.8,1
3305,nominal,336.5,1
3306,nominal,338.1,1
3307,nominal,347.5,1
3308,nominal,306.3,1
3309,nominal,302.8,1
3310,nominal,308.0,1
3311,nominal,293.7,1
3312,nominal,333.3,1
3313,nominal,328.4,1
3314,nominal,318.4,1
3315,nominal,331.6,1
3316,nominal,295.5,0
3317,nominal,321.7,0
3318,nominal,311.5,0
3319,nominal,308.0,0
3320,nominal,429.4,1
3321,nominal,404.9,1
3322,nominal,365.7,1
3323,nominal,396.8,1
3324,nominal,410.1,1
3325,nominal,368.6,1
3326,nominal,304.5,1
3327,thin,258.6,1
3328,nominal,362.7,1
3329,nominal,290.0,1
3330,nominal,330.0,1
3331,nominal,350.6,1
3332,nominal,311.5,1
3333,nominal,338.1,1
3334,nominal,338.1,1
3335,nominal,341.3,1
3336,nominal,325.1,1
3337,thin,256.5,1
3338,nominal,323.4,1
3339,nominal,272.8,1
3340,nominal,316.7,1
3341,nominal,330.0,1
3342,nominal,321.7,1
3343,nominal,302.8,1
3344,thick,443.0,1
3345,nominal,415.4,1
3346,nominal,398.1,1
3347,nominal,434.4,1
3348,nominal,412.8,1
3349,nominal,387.2,1
3350,nominal,325.1,1
3351,nominal,268.8,1
3352,nominal,418.0,1
3353,thin,239.1,1
3354,nominal,384.4,1
3355,nominal,342.8,1
3356,nominal,309.8,1
3357,nominal,331.6,1
3358,nominal,349.1,1
3359,nominal,347.5,1
3360,nominal,313.3,1
3361,thin,250.1,1
3362,nominal,321.7,1
3363,thin,241.3,1
3364,nominal,323.4,1
3365,nominal,344.4,1
3366,nominal,323.4,1
3367,nominal,328.4,1
3368,thick,455.0,1
3369,nominal,388.5,1
3370,nominal,434.4,1
3371,nominal,400.8,1
3372,nominal,418.0,1
3373,nominal,370.1,1
3374,nominal,321.7,1
3375,thin,227.5,1
3376,nominal,435.6,1
3377,thin,217.8,1
3378,nominal,368.6,1
3379,nominal,341.3,1
3380,nominal,316.7,1
3381,nominal,338.1,1
3382,nominal,331.6,1
3383,nominal,344.4,1
3384,nominal,313.3,1
3385,thin,258.6,1
3386,nominal,315.0,1
3387,thin,250.1,1
3388,nominal,339.7,1
3389,nominal,344.4,1
3390,nominal,323.4,1
3391,nominal,352.1,1
3392,thick,447.9,1
3393,nominal,395.4,1
3394,nominal,400.8,1
3395,nominal,404.9,1
3396,nominal,410.1,1
3397,nominal,402.2,1
3398,nominal,316.7,1
3399,thin,210.3,1
3400,nominal,434.4,1
3401,thin,220.3,1
3402,nominal,346.0,1
3403,nominal,352.1,1
3404,nominal,304.5,1
3405,nominal,342.8,1
3406,nominal,336.5,1
3407,nominal,321.7,1
3408,nominal,297.4,1
3409,thin,239.1,1
3410,nominal,304.5,1
3411,thin,254.4,1
3412,nominal,323.4,1
3413,nominal,350.6,1
3414,nominal,326.7,1
3415,nominal,342.8,1
3416,nominal,400.8,1
3417,nominal,395.4,1
3418,nominal,378.7,1
3419,nominal,388.5,1
3420,nominal,421.8,1
3421,nominal,420.5,1
3422,nominal,301.0,1
3423,thin,205.1,1
3424,thick,456.2,1
3425,thin,222.7,1
3426,nominal,407.5,1
3427,nominal,331.6,1
3428,nominal,316.7,1
3429,nominal,323.4,1
3430,nominal,331.6,1
3431,nominal,325.1,1
3432,nominal,308.0,1
3433,thin,256.5,1
3434,nominal,301.0,1
3435,nominal,284.4,1
3436,nominal,328.4,1
3437,nominal,359.7,1
3438,nominal,320.1,1
3439,nominal,334.9,1
3440,nominal,433.2,1
3441,nominal,378.7,1
3442,nominal,398.1,1
3443,nominal,394.1,1
3444,thick,440.6,1
3445,thick,444.2,1
3446,nominal,315.0,1
3447,thin,225.1,1
3448,nominal,426.9,1
3449,thin,245.7,1
3450,nominal,353.7,1
3451,nominal,325.1,1
3452,nominal,299.2,1
3453,nominal,321.7,1
3454,nominal,320.1,1
3455,nominal,333.3,1
3456,nominal,288.2,1
3457,nominal,266.8,1
3458,nominal,301.0,1
3459,nominal,270.8,1
3460,nominal,323.4,1
3461,nominal,362.7,1
3462,nominal,328.4,1
3463,nominal,338.1,1
3464,nominal,418.0,1
3465,nominal,436.9,1
3466,nominal,362.7,1
3467,nominal,394.1,1
3468,thick,451.4,1
3469,nominal,411.5,1
3470,nominal,290.0,1
3471,thin,252.2,1
3472,nominal,398.1,1
3473,thin,241.3,1
3474,nominal,389.9,1
3475,nominal,330.0,1
3476,nominal,278.6,1
3477,nominal,330.0,1
3478,nominal,338.1,1
3479,nominal,336.5,1
3480,nominal,290.0,1
3481,nominal,270.8,1
3482,nominal,290.0,1
3483,nominal,272.8,1
3484,nominal,333.3,1
3485,nominal,359.7,1
3486,nominal,334.9,1
3487,nominal,338.1,1
3488,nominal,426.9,1
3489,nominal,431.9,1
3490,nominal,364.2,1
3491,nominal,435.6,1
3492,nominal,391.3,1
3493,nominal,398.1,1
3494,nominal,280.6,1
3495,thin,243.5,1
3496,nominal,415.4,1
3497,nominal,266.8,1
3498,nominal,414.1,1
3499,nominal,344.4,1
3500,nominal,295.5,1
3501,nominal,320.1,1
3502,nominal,352.1,1
3503,nominal,341.3,1
3504,nominal,284.4,1
3505,nominal,284.4,1
3506,nominal,284.4,1
3507,nominal,284.4,1
3508,nominal,333.3,1
3509,nominal,342.8,1
3510,nominal,333.3,1
3511,nominal,330.0,1
3512,thick,441.8,1
3513,nominal,403.5,1
3514,nominal,381.5,1
3515,nominal,383.0,1
3516,nominal,425.6,1
3517,nominal,356.7,1
3518,nominal,290.0,1
3519,nominal,262.7,1
3520,nominal,365.7,1
3521,nominal,280.6,1
3522,nominal,358.2,1
3523,nominal,346.0,1
3524,nominal,293.7,1
3525,nominal,334.9,1
3526,nominal,355.2,1
3527,nominal,347.5,1
3528,nominal,295.5,1
3529,nominal,280.6,1
3530,nominal,304.5,1
3531,nominal,286.3,1
3532,nominal,333.3,1
3533,nominal,344.4,1
3534,nominal,320.1,1
3535,nominal,333.3,1
3536,nominal,326.7,0
3537,nominal,320.1,0
3538,nominal,320.1,0
3539,nominal,301.0,0
3540,nominal,416.7,1
3541,nominal,385.8,1
3542,nominal,377.3,1
3543,nominal,385.8,1
3544,broken,275.7,1
3545,nominal,370.1,1
3546,nominal,297.4,1
3547,nominal,288.2,1
3548,nominal,420.5,1
3549,nominal,313.3,1
3550,nominal,383.0,1
3551,nominal,331.6,1
3552,nominal,313.3,1
3553,nominal,331.6,1
3554,nominal,333.3,1
3555,nominal,326.7,1
3556,nominal,346.0,1
3557,thin,256.5,1
3558,nominal,330.0,1
3559,nominal,270.8,1
3560,nominal,313.3,1
3561,nominal,334.9,1
3562,nominal,311.5,1
3563,nominal,344.4,1
3564,nominal,402.2,1
3565,nominal,416.7,1
3566,nominal,378.7,1
3567,nominal,420.5,1
3568,nominal,391.3,1
3569,nominal,411.5,1
3570,nominal,326.7,1
3571,nominal,262.7,1
3572,nominal,350.6,1
3573,thin,220.3,1
3574,nominal,353.7,1
3575,nominal,347.5,1
3576,nominal,313.3,1
3577,nominal,338.1,1
3578,nominal,326.7,1
3579,nominal,323.4,1
3580,nominal,341.3,1
3581,thin,239.1,1
3582,nominal,325.1,1
3583,thin,254.4,1
3584,nominal,321.7,1
3585,nominal,352.1,1
3586,nominal,325.1,1
3587,nominal,336.5,1
3588,nominal,428.2,1
3589,nominal,398.1,1
3590,nominal,400.8,1
3591,nominal,407.5,1
3592,nominal,373.0,1
3593,nominal,364.2,1
3594,nominal,315.0,1
3595,thin,194.3,1
3596,nominal,428.2,1
3597,thin,229.9,1
3598,nominal,374.4,1
3599,nominal,350.6,1
3600,nominal,315.0,1
3601,nominal,328.4,1
3602,nominal,342.8,1
3603,nominal,344.4,1
3604,nominal,325.1,1
3605,thin,241.3,1
3606,nominal,318.4,1
3607,thin,247.9,1
3608,nominal,341.3,1
3609,nominal,342.8,1
3610,nominal,334.9,1
3611,nominal,334.9,1
3612,nominal,410.1,1
3613,nominal,428.2,1
3614,nominal,408.8,1
3615,nominal,395.4,1
3616,nominal,419.2,1
3617,nominal,365.7,1
3618,nominal,308.0,1
3619,thin,217.8,1
3620,thick,446.6,1
3621,thin,232.2,1
3622,nominal,398.1,1
3623,nominal,356.7,1
3624,nominal,320.1,1
3625,nominal,316.7,1
3626,nominal,346.0,1
3627,nominal,342.8,1
3628,nominal,304.5,1
3629,nominal,268.8,1
3630,nominal,304.5,1
3631,nominal,268.8,1
3632,nominal,352.1,1
3633,nominal,361.2,1
3634,nominal,336.5,1
3635,nominal,350.6,1
3636,nominal,428.2,1
3637,nominal,407.5,1
3638,nominal,350.6,1
3639,nominal,404.9,1
3640,thick,441.8,1
3641,nominal,428.2,1
3642,nominal,306.3,1
3643,thin,225.1,1
3644,thick,438.1,1
3645,thin,229.9,1
3646,nominal,392.7,1
3647,nominal,333.3,1
3648,nominal,306.3,1
3649,nominal,331.6,1
3650,nominal,338.1,1
3651,nominal,321.7,1
3652,nominal,326.7,1
3653,nominal,266.8,1
3654,nominal,311.5,1
3655,nominal,270.8,1
3656,nominal,330.0,1
3657,nominal,347.5,1
3658,nominal,331.6,1
3659,nominal,353.7,1
3660,nominal,430.7,1
3661,nominal,396.8,1
3662,nominal,399.5,1
3663,nominal,412.8,1
3664,nominal,389.9,1
3665,nominal,395.4,1
3666,nominal,302.8,1
3667,thin,225.1,1
3668,nominal,430.7,1
3669,thin,260.6,1
3670,nominal,406.2,1
3671,nominal,315.0,1
3672,nominal,311.5,1
3673,nominal,313.3,1
3674,nominal,311.5,1
3675,nominal,321.7,1
3676,nominal,309.8,1
3677,nominal,295.5,1
3678,nominal,304.5,1
3679,nominal,276.7,1
3680,nominal,325.1,1
3681,nominal,344.4,1
3682,nominal,331.6,1
3683,nominal,352.1,1
3684,thick,451.4,1
3685,nominal,416.7,1
3686,nominal,403.5,1
3687,nominal,418.0,1
3688,nominal,375.8,1
3689,nominal,428.2,1
3690,nominal,291.9,1
3691,thin,234.5,1
3692,thick,441.8,1
3693,thin,245.7,1
3694,nominal,394.1,1
3695,nominal,344.4,1
3696,nominal,301.0,1
3697,nominal,328.4,1
3698,nominal,326.7,1
3699,nominal,323.4,1
3700,nominal,293.7,1
3701,nominal,284.4,1
3702,nominal,293.7,1
3703,nominal,286.3,1
3704,nominal,338.1,1
3705,nominal,352.1,1
3706,nominal,341.3,1
3707,nominal,334.9,1
3708,nominal,410.1,1
3709,nominal,404.9,1
3710,nominal,388.5,1
3711,thick,438.1,1
3712,nominal,389.9,1
3713,nominal,402.2,1
3714,nominal,284.4,1
3715,thin,256.5,1
3716,nominal,430.7,1
3717,nominal,272.8,1
3718,nominal,416.7,1
3719,nominal,346.0,1
3720,nominal,276.7,1
3721,nominal,325.1,1
3722,nominal,334.9,1
3723,nominal,338.1,1
3724,nominal,291.9,1
3725,nominal,282.5,1
3726,nominal,293.7,1
3727,nominal,282.5,1
3728,nominal,336.5,1
3729,nominal,346.0,1
3730,nominal,336.5,1
3731,nominal,330.0,1
3732,nominal,431.9,1
3733,nominal,400.8,1
3734,nominal,389.9,1
3735,nominal,421.8,1
3736,nominal,374.4,1
3737,nominal,406.2,1
3738,nominal,274.7,1
3739,nominal,286.3,1
3740,thick,444.2,1
3741,nominal,295.5,1
3742,nominal,410.1,1
3743,nominal,338.1,1
3744,nominal,280.6,1
3745,nominal,342.8,1
3746,nominal,331.6,1
3747,nominal,326.7,1
3748,nominal,282.5,1
3749,nominal,316.7,1
3750,nominal,306.3,1
3751,nominal,308.0,1
3752,nominal,334.9,1
3753,nominal,338.1,1
3754,nominal,321.7,1
3755,nominal,330.0,1
3756,nominal,311.5,0
3757,nominal,338.1,0
3758,nominal,334.9,0
3759,nominal,301.0,0
3760,nominal,425.6,1
3761,nominal,395.4,1
3762,nominal,361.2,1
3763,nominal,392.7,1
3764,nominal,383.0,1
3765,nominal,408.8,1
3766,nominal,280.6,1
3767,nominal,301.0,1
3768,nominal,388.5,1
3769,nominal,320.1,1
3770,nominal,383.0,1
3771,nominal,352.1,1
3772,nominal,302.8,1
3773,nominal,339.7,1
3774,nominal,331.6,1
3775,nominal,333.3,1
3776,nominal,339.7,1
3777,thin,254.4,1
3778,nominal,342.8,1
3779,missing,0.0,1
3780,nominal,316.7,1
3781,thin,0.0,1
3782,nominal,306.3,1
3783,nominal,315.0,1
3784,nominal,378.7,1
3785,nominal,383.0,1
3786,nominal,361.2,1
3787,nominal,403.5,1
3788,missing,0.0,0
3789,missing,0.0,0
3790,missing,0.0,0
3791,missing,0.0,0
3792,nominal,383.0,1
3793,nominal,402.2,1
3794,nominal,325.1,1
3795,thin,245.7,1
3796,nominal,428.2,1
3797,thin,254.4,1
3798,nominal,344.4,1
3799,nominal,342.8,1
3800,nominal,323.4,1
3801,nominal,313.3,1
3802,nominal,323.4,1
3803,nominal,316.7,1
3804,nominal,326.7,1
3805,thin,256.5,1
3806,nominal,316.7,1
3807,nominal,278.6,1
3808,nominal,318.4,1
3809,nominal,331.6,1
3810,nominal,301.0,1
3811,nominal,328.4,1
3812,nominal,414.1,1
3813,nominal,408.8,1
3814,nominal,349.1,1
3815,broken,332.4,1
3816,missing,0.0,0
3817,missing,0.0,0
3818,missing,0.0,0
3819,missing,0.0,0
3820,nominal,389.9,1
3821,nominal,371.5,1
3822,nominal,325.1,1
3823,thin,220.3,1
3824,nominal,399.5,1
3825,thin,258.6,1
3826,nominal,333.3,1
3827,nominal,350.6,1
3828,nominal,315.0,1
3829,nominal,328.4,1
3830,nominal,331.6,1
3831,nominal,330.0,1
3832,nominal,320.1,1
3833,nominal,268.8,1
3834,nominal,338.1,1
3835,nominal,274.7,1
3836,nominal,331.6,1
3837,nominal,347.5,1
3838,nominal,326.7,1
3839,nominal,347.5,1
3840,nominal,391.3,1
3841,nominal,383.0,1
3842,nominal,373.0,1
3843,nominal,395.4,1
3844,missing,0.0,0
3845,missing,0.0,0
3846,missing,0.0,0
3847,missing,0.0,0
3848,nominal,394.1,1
3849,nominal,395.4,1
3850,nominal,321.7,1
3851,thin,250.1,1
3852,nominal,433.2,1
3853,nominal,274.7,1
3854,nominal,375.8,1
3855,nominal,349.1,1
3856,nominal,306.3,1
3857,nominal,333.3,1
3858,nominal,338.1,1
3859,nominal,320.1,1
3860,nominal,323.4,1
3861,nominal,280.6,1
3862,nominal,321.7,1
3863,nominal,293.7,1
3864,nominal,326.7,1
3865,nominal,334.9,1
3866,nominal,323.4,1
3867,nominal,333.3,1
3868,nominal,414.1,1
3869,nominal,368.6,1
3870,nominal,365.7,1
3871,nominal,399.5,1
3872,missing,0.0,0
3873,missing,0.0,0
3874,missing,0.0,0
3875,missing,0.0,0
3876,nominal,373.0,1
3877,nominal,395.4,1
3878,nominal,309.8,1
3879,thin,250.1,1
3880,nominal,404.9,1
3881,nominal,266.8,1
3882,necked,282.5,1
3883,nominal,331.6,1
3884,nominal,290.0,1
3885,nominal,331.6,1
3886,nominal,325.1,1
3887,nominal,304.5,1
3888,nominal,302.8,1
3889,nominal,297.4,1
3890,nominal,316.7,1
3891,nominal,295.5,1
3892,nominal,331.6,1
3893,nominal,328.4,1
3894,nominal,318.4,1
3895,nominal,339.7,1
3896,nominal,406.2,1
3897,nominal,364.2,1
3898,nominal,362.7,1
3899,nominal,389.9,1
3900,missing,0.0,0
3901,missing,0.0,0
3902,missing,0.0,0
3903,missing,0.0,0
3904,nominal,333.3,1
3905,nominal,423.1,1
3906,nominal,304.5,1
3907,thin,256.5,1
3908,nominal,415.4,1
3909,nominal,286.3,1
3910,nominal,371.5,1
3911,nominal,323.4,1
3912,nominal,297.4,1
3913,nominal,316.7,1
3914,nominal,316.7,1
3915,nominal,301.0,1
3916,nominal,308.0,1
3917,nominal,308.0,1
3918,nominal,323.4,1
3919,nominal,309.8,1
3920,nominal,328.4,1
3921,nominal,338.1,1
3922,nominal,331.6,1
3923,nominal,347.5,1
3924,nominal,394.1,1
3925,nominal,411.5,1
3926,nominal,402.2,1
3927,nominal,399.5,1
3928,missing,0.0,0
3929,missing,0.0,0
3930,missing,0.0,0
3931,missing,0.0,0
3932,nominal,364.2,1
3933,nominal,385.8,1
3934,nominal,297.4,1
3935,nominal,262.7,1
3936,nominal,415.4,1
3937,nominal,291.9,1
3938,nominal,403.5,1
3939,nominal,344.4,1
3940,nominal,304.5,1
3941,nominal,313.3,1
3942,nominal,302.8,1
3943,nominal,325.1,1
3944,nominal,308.0,1
3945,nominal,282.5,1
3946,nominal,301.0,1
3947,nominal,304.5,1
3948,nominal,349.1,1
3949,nominal,352.1,1
3950,nominal,323.4,1
3951,nominal,336.5,1
3952,nominal,388.5,1
3953,nominal,430.7,1
3954,broken,338.1,1
3955,nominal,384.4,1
3956,missing,0.0,0
3957,missing,0.0,0
3958,missing,0.0,0
3959,missing,0.0,0
3960,nominal,377.3,1
3961,nominal,414.1,1
3962,nominal,313.3,1
3963,nominal,290.0,1
3964,nominal,378.7,1
3965,nominal,306.3,1
3966,nominal,352.1,1
3967,nominal,338.1,1
3968,nominal,280.6,1
3969,nominal,328.4,1
3970,nominal,323.4,1
3971,nominal,331.6,1
3972,nominal,290.0,1
3973,nominal,309.8,1
3974,nominal,295.5,1
3975,broken,313.3,1
3976,nominal,339.7,1
3977,nominal,339.7,1
3978,nominal,326.7,1
3979,nominal,347.5,1
3980,nominal,407.5,1
3981,nominal,396.8,1
3982,nominal,412.8,1
3983,nominal,387.2,1
3984,missing,0.0,0
3985,missing,0.0,0
3986,missing,0.0,0
3987,missing,0.0,0
3988,nominal,387.2,1
3989,nominal,381.5,1
3990,nominal,308.0,1
3991,nominal,299.2,1
3992,nominal,385.8,1
3993,nominal,301.0,1
3994,nominal,381.5,1
3995,nominal,349.1,1
3996,nominal,276.7,1
3997,nominal,336.5,1
3998,nominal,331.6,1
3999,nominal,321.7,1
4000,nominal,286.3,1
4001,nominal,336.5,1
4002,nominal,282.5,1
4003,broken,325.1,1
4004,nominal,334.9,1
4005,nominal,334.9,1
4006,nominal,321.7,1
4007,nominal,334.9,1
4008,nominal,316.7,0
4009,nominal,323.4,0
4010,nominal,318.4,0
4011,nominal,309.8,0
4012,nominal,425.6,1
4013,nominal,373.0,1
4014,nominal,374.4,1
4015,nominal,375.8,1
4016,missing,0.0,0
4017,missing,0.0,0
4018,missing,0.0,0
4019,missing,0.0,0
4020,nominal,355.2,1
4021,nominal,408.8,1
4022,nominal,293.7,1
4023,nominal,308.0,1
4024,nominal,414.1,1
4025,nominal,323.4,1
4026,nominal,367.1,1
4027,nominal,344.4,1
4028,nominal,291.9,1
4029,nominal,330.0,1
4030,nominal,321.7,1
4031,nominal,320.1,1
4032,nominal,288.2,1
4033,nominal,301.0,1
4034,nominal,290.0,1
4035,nominal,290.0,1
4036,nominal,301.0,1
4037,nominal,291.9,1
4038,nominal,284.4,1
4039,nominal,308.0,1
4040,nominal,364.2,1
4041,necked,323.4,1
4042,nominal,353.7,1
4043,nominal,339.7,1
4044,nominal,404.9,1
4045,nominal,367.1,1
4046,nominal,284.4,1
4047,nominal,313.3,1
4048,nominal,403.5,1
4049,nominal,299.2,1
4050,broken,297.4,1
4051,nominal,323.4,1
4052,nominal,286.3,1
4053,nominal,321.7,1
4054,nominal,334.9,1
4055,nominal,318.4,1
4056,nominal,270.8,1
4057,broken,295.5,1
4058,nominal,280.6,1
4059,nominal,295.5,1
4060,nominal,308.0,1
4061,nominal,311.5,1
4062,nominal,321.7,1
4063,nominal,308.0,1
4064,nominal,368.6,1
4065,nominal,339.7,1
4066,nominal,362.7,1
4067,nominal,389.9,1
4068,nominal,388.5,1
4069,nominal,364.2,1
4070,nominal,276.7,1
4071,nominal,308.0,1
4072,nominal,391.3,1
4073,nominal,291.9,1
4074,nominal,373.0,1
4075,nominal,325.1,1
4076,nominal,286.3,1
4077,nominal,321.7,1
4078,nominal,325.1,1
4079,nominal,311.5,1
4080,nominal,288.2,1
4081,nominal,299.2,1
4082,nominal,274.7,1
4083,nominal,280.6,1
4084,nominal,306.3,1
4085,nominal,338.1,1
4086,nominal,330.0,1
4087,nominal,321.7,1
4088,nominal,383.0,1
4089,nominal,302.8,1
4090,broken,325.1,1
4091,nominal,388.5,1
4092,nominal,328.4,1
4093,nominal,408.8,1
4094,nominal,274.7,1
4095,necked,280.6,1
4096,nominal,410.1,1
4097,thin,254.4,1
4098,nominal,380.1,1
4099,nominal,338.1,1
4100,nominal,291.9,1
4101,missing,0.0,1
4102,nominal,321.7,1
4103,nominal,325.1,1
4104,nominal,297.4,1
4105,nominal,270.8,1
4106,nominal,291.9,1
4107,nominal,262.7,1
4108,nominal,331.6,1
4109,nominal,331.6,1
4110,nominal,318.4,1
4111,nominal,334.9,1
4112,nominal,399.5,1
4113,nominal,336.5,1
4114,nominal,375.8,1
4115,nominal,394.1,1
4116,nominal,392.7,1
4117,nominal,392.7,1
4118,nominal,286.3,1
4119,nominal,288.2,1
4120,nominal,428.2,1
4121,nominal,266.8,1
4122,nominal,370.1,1
4123,nominal,316.7,1
4124,nominal,299.2,1
4125,nominal,328.4,1
4126,nominal,315.0,1
4127,nominal,318.4,1
4128,nominal,302.8,1
4129,nominal,270.8,1
4130,nominal,311.5,1
4131,nominal,264.7,1
4132,nominal,316.7,1
4133,nominal,336.5,1
4134,nominal,313.3,1
4135,nominal,316.7,1
4136,nominal,387.2,1
4137,nominal,371.5,1
4138,nominal,361.2,1
4139,nominal,371.5,1
4140,nominal,400.8,1
4141,nominal,394.1,1
4142,nominal,282.5,1
4143,nominal,288.2,1
4144,nominal,404.9,1
4145,thin,260.6,1
4146,nominal,353.7,1
4147,nominal,311.5,1
4148,nominal,328.4,1
4149,nominal,302.8,1
4150,nominal,304.5,1
4151,nominal,301.0,1
4152,nominal,309.8,1
4153,nominal,266.8,1
4154,nominal,311.5,1
4155,thin,256.5,1
4156,nominal,311.5,1
4157,nominal,325.1,1
4158,nominal,311.5,1
4159,nominal,313.3,1
4160,nominal,391.3,1
4161,nominal,365.7,1
4162,nominal,367.1,1
4163,nominal,374.4,1
4164,nominal,361.2,1
4165,nominal,367.1,1
4166,nominal,299.2,1
4167,nominal,293.7,1
4168,nominal,396.8,1
4169,thin,247.9,1
4170,nominal,392.7,1
4171,nominal,320.1,1
4172,nominal,288.2,1
4173,nominal,321.7,1
4174,nominal,323.4,1
4175,nominal,313.3,1
4176,nominal,306.3,1
4177,thin,254.4,1
4178,nominal,291.9,1
4179,thin,247.9,1
4180,nominal,326.7,1
4181,nominal,338.1,1
4182,nominal,316.7,1
4183,nominal,326.7,1
4184,nominal,384.4,1
4185,nominal,381.5,1
4186,nominal,384.4,1
4187,nominal,344.4,1
4188,nominal,389.9,1
4189,nominal,399.5,1
4190,nominal,286.3,1
4191,nominal,272.8,1
4192,nominal,365.7,1
4193,thin,260.6,1
4194,nominal,355.2,1
4195,nominal,321.7,1
4196,nominal,299.2,1
4197,nominal,325.1,1
4198,nominal,333.3,1
4199,nominal,318.4,1
4200,nominal,313.3,1
4201,nominal,270.8,1
4202,nominal,306.3,1
4203,thin,239.1,1
4204,nominal,311.5,1
4205,nominal,333.3,1
4206,nominal,318.4,1
4207,nominal,313.3,1
4208,nominal,391.3,1
4209,nominal,350.6,1
4210,nominal,331.6,1
4211,nominal,374.4,1
4212,nominal,336.5,1
4213,nominal,400.8,1
4214,nominal,291.9,1
4215,broken,263.7,1
4216,nominal,414.1,1
4217,thin,254.4,1
4218,nominal,381.5,1
4219,nominal,339.7,1
4220,nominal,302.8,1
4221,broken,291.9,1
4222,nominal,325.1,1
4223,nominal,326.7,1
4224,nominal,321.7,1
4225,nominal,272.8,1
4226,nominal,328.4,1
4227,thin,243.5,1
4228,nominal,315.0,1
4229,nominal,313.3,1
4230,nominal,311.5,1
4231,nominal,313.3,1
4232,nominal,302.8,0
4233,nominal,308.0,0
4234,nominal,304.5,0
4235,nominal,304.5,0
4236,nominal,364.2,1
4237,nominal,362.7,1
4238,nominal,321.7,1
4239,nominal,325.1,1
4240,nominal,367.1,1
4241,nominal,374.4,1
4242,nominal,304.5,1
4243,nominal,276.7,1
4244,nominal,375.8,1
4245,nominal,282.5,1
4246,nominal,373.0,1
4247,nominal,338.1,1
4248,nominal,321.7,1
4249,nominal,328.4,1
4250,nominal,320.1,1
4251,nominal,318.4,1
4252,nominal,288.2,1
4253,nominal,284.4,1
4254,nominal,276.7,1
4255,nominal,286.3,1
4256,nominal,290.0,1
4257,nominal,311.5,1
4258,nominal,302.8,1
4259,nominal,308.0,1
4260,nominal,359.7,1
4261,nominal,384.4,1
4262,nominal,355.2,1
4263,nominal,426.9,1
4264,nominal,380.1,1
4265,nominal,373.0,1
4266,nominal,291.9,1
4267,nominal,302.8,1
4268,nominal,420.5,1
4269,nominal,288.2,1
4270,nominal,389.9,1
4271,nominal,346.0,1
4272,nominal,276.7,1
4273,nominal,318.4,1
4274,nominal,342.8,1
4275,nominal,323.4,1
4276,nominal,276.7,1
4277,nominal,282.5,1
4278,nominal,290.0,1
4279,thin,252.2,1
4280,nominal,330.0,1
4281,nominal,320.1,1
4282,nominal,321.7,1
4283,nominal,325.1,1
4284,nominal,421.8,1
4285,nominal,388.5,1
4286,nominal,391.3,1
4287,nominal,396.8,1
4288,nominal,392.7,1
4289,nominal,388.5,1
4290,nominal,282.5,1
4291,nominal,286.3,1
4292,nominal,419.2,1
4293,thin,260.6,1
4294,nominal,346.0,1
4295,nominal,326.7,1
4296,nominal,284.4,1
4297,nominal,325.1,1
4298,nominal,331.6,1
4299,nominal,331.6,1
4300,nominal,276.7,1
4301,nominal,274.7,1
4302,nominal,268.8,1
4303,thin,258.6,1
4304,nominal,326.7,1
4305,nominal,323.4,1
4306,nominal,315.0,1
4307,nominal,321.7,1
4308,nominal,391.3,1
4309,nominal,375.8,1
4310,nominal,315.0,1
4311,nominal,388.5,1
4312,nominal,403.5,1
4313,nominal,403.5,1
4314,nominal,278.6,1
4315,thin,241.3,1
4316,nominal,396.8,1
4317,nominal,266.8,1
4318,nominal,358.2,1
4319,nominal,323.4,1
4320,nominal,288.2,1
4321,nominal,321.7,1
4322,nominal,331.6,1
4323,nominal,318.4,1
4324,nominal,295.5,1
4325,thin,252.2,1
4326,nominal,288.2,1
4327,thin,254.4,1
4328,nominal,320.1,1
4329,nominal,323.4,1
4330,nominal,321.7,1
4331,nominal,323.4,1
4332,nominal,392.7,1
4333,nominal,383.0,1
4334,nominal,398.1,1
4335,nominal,416.7,1
4336,nominal,404.9,1
4337,nominal,429.4,1
4338,nominal,272.8,1
4339,nominal,280.6,1
4340,broken,320.1,1
4341,thin,258.6,1
4342,nominal,388.5,1
4343,nominal,323.4,1
4344,nominal,288.2,1
4345,nominal,320.1,1
4346,nominal,321.7,1
4347,nominal,308.0,1
4348,nominal,313.3,1
4349,thin,243.5,1
4350,nominal,299.2,1
4351,thin,215.3,1
4352,nominal,320.1,1
4353,nominal,331.6,1
4354,nominal,321.7,1
4355,nominal,326.7,1
4356,nominal,404.9,1
4357,nominal,392.7,1
4358,nominal,381.5,1
4359,nominal,402.2,1
4360,nominal,388.5,1
4361,nominal,411.5,1
4362,nominal,282.5,1
4363,nominal,262.7,1
4364,nominal,408.8,1
4365,thin,241.3,1
4366,nominal,391.3,1
4367,nominal,333.3,1
4368,nominal,282.5,1
4369,nominal,297.4,1
4370,nominal,313.3,1
4371,nominal,291.9,1
4372,nominal,295.5,1
4373,thin,247.9,1
4374,nominal,288.2,1
4375,thin,243.5,1
4376,nominal,328.4,1
4377,nominal,318.4,1
4378,nominal,313.3,1
4379,nominal,334.9,1
4380,nominal,365.7,1
4381,nominal,424.4,1
4382,nominal,385.8,1
4383,nominal,358.2,1
4384,nominal,370.1,1
4385,nominal,381.5,1
4386,nominal,276.7,1
4387,thin,239.1,1
4388,nominal,425.6,1
4389,thin,250.1,1
4390,nominal,391.3,1
4391,nominal,321.7,1
4392,nominal,299.2,1
4393,nominal,304.5,1
4394,nominal,308.0,1
4395,nominal,316.7,1
4396,nominal,308.0,1
4397,thin,212.8,1
4398,nominal,302.8,1
4399,thin,227.5,1
4400,nominal,331.6,1
4401,nominal,331.6,1
4402,nominal,321.7,1
4403,nominal,325.1,1
4404,nominal,377.3,1
4405,nominal,399.5,1
4406,nominal,353.7,1
4407,nominal,394.1,1
4408,nominal,387.2,1
4409,nominal,385.8,1
4410,nominal,306.3,1
4411,thin,247.9,1
4412,nominal,407.5,1
4413,thin,241.3,1
4414,nominal,316.7,1
4415,nominal,325.1,1
4416,nominal,276.7,1
4417,nominal,321.7,1
4418,nominal,330.0,1
4419,nominal,328.4,1
4420,nominal,313.3,1
4421,thin,236.8,1
4422,nominal,297.4,1
4423,thin,225.1,1
4424,nominal,311.5,1
4425,nominal,328.4,1
4426,nominal,320.1,1
4427,nominal,325.1,1
4428,nominal,367.1,1
4429,nominal,344.4,1
4430,nominal,373.0,1
4431,nominal,359.7,1
4432,nominal,381.5,1
4433,nominal,429.4,1
4434,nominal,270.8,1
4435,broken,236.8,1
4436,nominal,412.8,1
4437,nominal,262.7,1
4438,nominal,396.8,1
4439,nominal,328.4,1
4440,nominal,306.3,1
4441,nominal,315.0,1
4442,nominal,326.7,1
4443,nominal,323.4,1
4444,nominal,311.5,1
4445,nominal,262.7,1
4446,nominal,316.7,1
4447,thin,229.9,1
4448,nominal,320.1,1
4449,nominal,330.0,1
4450,nominal,316.7,1
4451,nominal,309.8,1
4452,nominal,311.5,0
4453,nominal,309.8,0
4454,nominal,306.3,0
4455,nominal,299.2,0
4456,nominal,383.0,1
4457,nominal,371.5,1
4458,nominal,383.0,1
4459,nominal,336.5,1
4460,nominal,330.0,1
4461,nominal,387.2,1
4462,nominal,311.5,1
4463,nominal,266.8,1
4464,nominal,396.8,1
4465,nominal,286.3,1
4466,nominal,346.0,1
4467,nominal,339.7,1
4468,nominal,313.3,1
4469,nominal,325.1,1
4470,nominal,326.7,1
4471,nominal,313.3,1
4472,nominal,295.5,1
4473,nominal,280.6,1
4474,nominal,295.5,1
4475,nominal,290.0,1
4476,nominal,315.0,1
4477,nominal,315.0,1
4478,nominal,316.7,1
4479,nominal,308.0,1
4480,nominal,434.4,1
4481,nominal,384.4,1
4482,nominal,344.4,1
4483,nominal,414.1,1
4484,nominal,399.5,1
4485,nominal,377.3,1
4486,nominal,284.4,1
4487,nominal,291.9,1
4488,nominal,384.4,1
4489,nominal,278.6,1
4490,nominal,388.5,1
4491,nominal,347.5,1
4492,nominal,280.6,1
4493,nominal,325.1,1
4494,nominal,334.9,1
4495,missing,0.0,1
4496,nominal,295.5,1
4497,nominal,266.8,1
4498,nominal,280.6,1
4499,nominal,264.7,1
4500,nominal,326.7,1
4501,nominal,326.7,1
4502,nominal,323.4,1
4503,nominal,325.1,1
4504,nominal,434.4,1
4505,nominal,383.0,1
4506,nominal,384.4,1
4507,nominal,394.1,1
4508,nominal,410.1,1
4509,nominal,389.9,1
4510,nominal,274.7,1
4511,nominal,295.5,1
4512,nominal,400.8,1
4513,nominal,270.8,1
4514,nominal,353.7,1
4515,nominal,339.7,1
4516,nominal,278.6,1
4517,nominal,325.1,1
4518,nominal,333.3,1
4519,nominal,311.5,1
4520,nominal,286.3,1
4521,thin,258.6,1
4522,nominal,272.8,1
4523,thin,250.1,1
4524,nominal,318.4,1
4525,nominal,328.4,1
4526,nominal,320.1,1
4527,nominal,325.1,1
4528,nominal,412.8,1
4529,nominal,395.4,1
4530,nominal,377.3,1
4531,nominal,392.7,1
4532,nominal,370.1,1
4533,nominal,377.3,1
4534,nominal,282.5,1
4535,nominal,276.7,1
4536,nominal,399.5,1
4537,nominal,262.7,1
4538,nominal,374.4,1
4539,nominal,325.1,1
4540,nominal,293.7,1
4541,nominal,328.4,1
4542,nominal,321.7,1
4543,nominal,315.0,1
4544,nominal,288.2,1
4545,thin,241.3,1
4546,nominal,280.6,1
4547,thin,225.1,1
4548,nominal,328.4,1
4549,nominal,330.0,1
4550,nominal,326.7,1
4551,nominal,336.5,1
4552,nominal,423.1,1
4553,nominal,385.8,1
4554,nominal,395.4,1
4555,nominal,396.8,1
4556,nominal,389.9,1
4557,nominal,400.8,1
4558,nominal,274.7,1
4559,thin,256.5,1
4560,nominal,408.8,1
4561,thin,239.1,1
4562,nominal,418.0,1
4563,nominal,316.7,1
4564,nominal,288.2,1
4565,nominal,316.7,1
4566,nominal,313.3,1
4567,nominal,313.3,1
4568,nominal,295.5,1
4569,thin,232.2,1
4570,nominal,293.7,1
4571,thin,227.5,1
4572,nominal,331.6,1
4573,nominal,325.1,1
4574,nominal,315.0,1
4575,nominal,311.5,1
4576,nominal,404.9,1
4577,nominal,402.2,1
4578,nominal,402.2,1
4579,nominal,355.2,1
4580,nominal,399.5,1
4581,thick,444.2,1
4582,nominal,276.7,1
4583,thin,260.6,1
4584,nominal,371.5,1
4585,thin,252.2,1
4586,nominal,383.0,1
4587,nominal,333.3,1
4588,nominal,297.4,1
4589,nominal,301.0,1
4590,nominal,321.7,1
4591,nominal,297.4,1
4592,nominal,304.5,1
4593,thin,232.2,1
4594,nominal,299.2,1
4595,thin,227.5,1
4596,nominal,325.1,1
4597,nominal,325.1,1
4598,nominal,323.4,1
4599,nominal,328.4,1
4600,nominal,416.7,1
4601,nominal,374.4,1
4602,nominal,373.0,1
4603,nominal,404.9,1
4604,nominal,384.4,1
4605,nominal,368.6,1
4606,nominal,290.0,1
4607,thin,252.2,1
4608,nominal,383.0,1
4609,thin,250.1,1
4610,nominal,347.5,1
4611,nominal,320.1,1
4612,nominal,288.2,1
4613,nominal,321.7,1
4614,nominal,308.0,1
4615,nominal,309.8,1
4616,nominal,308.0,1
4617,thin,205.1,1
4618,nominal,282.5,1
4619,thin,210.3,1
4620,nominal,328.4,1
4621,nominal,315.0,1
4622,nominal,330.0,1
4623,nominal,339.7,1
4624,nominal,429.4,1
4625,nominal,406.2,1
4626,nominal,377.3,1
4627,nominal,415.4,1
4628,nominal,398.1,1
4629,nominal,410.1,1
4630,nominal,297.4,1
4631,thin,254.4,1
4632,nominal,410.1,1
4633,thin,260.6,1
4634,nominal,362.7,1
4635,nominal,330.0,1
4636,nominal,301.0,1
4637,nominal,330.0,1
4638,nominal,320.1,1
4639,nominal,320.1,1
4640,nominal,313.3,1
4641,thin,252.2,1
4642,nominal,295.5,1
4643,thin,232.2,1
4644,nominal,311.5,1
4645,nominal,341.3,1
4646,nominal,315.0,1
4647,nominal,344.4,1
4648,nominal,425.6,1
4649,nominal,396.8,1
4650,nominal,367.1,1
4651,nominal,410.1,1
4652,nominal,375.8,1
4653,nominal,364.2,1
4654,nominal,284.4,1
4655,broken,243.5,1
4656,nominal,410.1,1
4657,thin,258.6,1
4658,nominal,358.2,1
4659,nominal,338.1,1
4660,nominal,293.7,1
4661,missing,0.0,1
4662,nominal,325.1,1
4663,nominal,333.3,1
4664,nominal,308.0,1
4665,nominal,272.8,1
4666,nominal,311.5,1
4667,thin,260.6,1
4668,nominal,323.4,1
4669,nominal,323.4,1
4670,nominal,321.7,1
4671,nominal,316.7,1
4672,nominal,318.4,0
4673,nominal,323.4,0
4674,nominal,315.0,0
4675,nominal,308.0,0
4676,nominal,385.8,1
4677,nominal,374.4,1
4678,nominal,347.5,1
4679,nominal,380.1,1
4680,nominal,389.9,1
4681,nominal,380.1,1
4682,nominal,274.7,1
4683,nominal,276.7,1
4684,nominal,404.9,1
4685,nominal,270.8,1
4686,nominal,381.5,1
4687,nominal,342.8,1
4688,nominal,311.5,1
4689,nominal,331.6,1
4690,nominal,331.6,1
4691,nominal,320.1,1
4692,nominal,295.5,1
4693,nominal,264.7,1
4694,nominal,302.8,1
4695,nominal,274.7,1
4696,nominal,316.7,1
4697,nominal,309.8,1
4698,nominal,299.2,1
4699,nominal,293.7,1
4700,nominal,410.1,1
4701,nominal,389.9,1
4702,nominal,391.3,1
4703,nominal,380.1,1
4704,nominal,435.6,1
4705,nominal,400.8,1
4706,nominal,302.8,1
4707,nominal,291.9,1
4708,nominal,358.2,1
4709,nominal,276.7,1
4710,nominal,392.7,1
4711,nominal,342.8,1
4712,nominal,286.3,1
4713,nominal,311.5,1
4714,nominal,344.4,1
4715,nominal,334.9,1
4716,nominal,299.2,1
4717,thin,247.9,1
4718,nominal,301.0,1
4719,thin,243.5,1
4720,nominal,313.3,1
4721,nominal,318.4,1
4722,nominal,321.7,1
4723,nominal,323.4,1
4724,nominal,414.1,1
4725,nominal,400.8,1
4726,nominal,374.4,1
4727,nominal,373.0,1
4728,nominal,407.5,1
4729,nominal,368.6,1
4730,nominal,276.7,1
4731,nominal,262.7,1
4732,nominal,408.8,1
4733,thin,254.4,1
4734,nominal,402.2,1
4735,nominal,346.0,1
4736,nominal,297.4,1
4737,nominal,330.0,1
4738,nominal,341.3,1
4739,nominal,330.0,1
4740,nominal,284.4,1
4741,thin,250.1,1
4742,nominal,278.6,1
4743,thin,229.9,1
4744,nominal,316.7,1
4745,nominal,338.1,1
4746,nominal,330.0,1
4747,missing,0.0,1
4748,nominal,404.9,1
4749,nominal,404.9,1
4750,nominal,383.0,1
4751,nominal,359.7,1
4752,missing,0.0,1
4753,nominal,404.9,1
4754,nominal,299.2,1
4755,nominal,278.6,1
4756,nominal,384.4,1
4757,thin,234.5,1
4758,nominal,385.8,1
4759,nominal,331.6,1
4760,nominal,284.4,1
4761,nominal,325.1,1
4762,nominal,311.5,1
4763,nominal,318.4,1
4764,nominal,290.0,1
4765,thin,215.3,1
4766,nominal,278.6,1
4767,thin,222.7,1
4768,nominal,323.4,1
4769,nominal,333.3,1
4770,nominal,325.1,1
4771,nominal,334.9,1
4772,nominal,414.1,1
4773,nominal,341.3,1
4774,nominal,391.3,1
4775,nominal,375.8,1
4776,nominal,388.5,1
4777,nominal,416.7,1
4778,nominal,286.3,1
4779,thin,256.5,1
4780,nominal,388.5,1
4781,thin,250.1,1
4782,nominal,383.0,1
4783,nominal,320.1,1
4784,nominal,278.6,1
4785,nominal,326.7,1
4786,nominal,316.7,1
4787,nominal,308.0,1
4788,nominal,276.7,1
4789,thin,207.7,1
4790,nominal,291.9,1
4791,thin,212.8,1
4792,nominal,331.6,1
4793,nominal,316.7,1
4794,nominal,333.3,1
4795,nominal,334.9,1
4796,nominal,404.9,1
4797,nominal,320.1,1
4798,nominal,395.4,1
4799,nominal,374.4,1
4800,nominal,364.2,1
4801,nominal,367.1,1
4802,nominal,284.4,1
4803,thin,256.5,1
4804,nominal,391.3,1
4805,thin,260.6,1
4806,nominal,333.3,1
4807,nominal,325.1,1
4808,nominal,295.5,1
4809,nominal,302.8,1
4810,nominal,297.4,1
4811,nominal,299.2,1
4812,nominal,282.5,1
4813,thin,217.8,1
4814,nominal,291.9,1
4815,thin,215.3,1
4816,nominal,313.3,1
4817,nominal,320.1,1
4818,nominal,316.7,1
4819,nominal,338.1,1
4820,nominal,426.9,1
4821,nominal,380.1,1
4822,nominal,381.5,1
4823,nominal,418.0,1
4824,nominal,385.8,1
4825,nominal,371.5,1
4826,nominal,278.6,1
4827,thin,245.7,1
4828,nominal,414.1,1
4829,thin,252.2,1
4830,nominal,330.0,1
4831,nominal,331.6,1
4832,nominal,301.0,1
4833,nominal,325.1,1
4834,nominal,323.4,1
4835,nominal,315.0,1
4836,nominal,304.5,1
4837,thin,217.8,1
4838,nominal,288.2,1
4839,thin,234.5,1
4840,nominal,323.4,1
4841,nominal,323.4,1
4842,nominal,326.7,1
4843,nominal,328.4,1
4844,nominal,418.0,1
4845,nominal,391.3,1
4846,nominal,383.0,1
4847,nominal,400.8,1
4848,nominal,411.5,1
4849,nominal,373.0,1
4850,nominal,297.4,1
4851,thin,254.4,1
4852,nominal,419.2,1
4853,nominal,262.7,1
4854,nominal,392.7,1
4855,nominal,336.5,1
4856,nominal,306.3,1
4857,nominal,315.0,1
4858,nominal,333.3,1
4859,nominal,333.3,1
4860,nominal,306.3,1
4861,thin,245.7,1
4862,nominal,299.2,1
4863,thin,232.2,1
4864,nominal,323.4,1
4865,nominal,346.0,1
4866,nominal,323.4,1
4867,nominal,338.1,1
4868,nominal,399.5,1
4869,nominal,406.2,1
4870,nominal,350.6,1
4871,nominal,403.5,1
4872,nominal,414.1,1
4873,nominal,344.4,1
4874,nominal,291.9,1
4875,thin,247.9,1
4876,nominal,404.9,1
4877,nominal,270.8,1
4878,nominal,389.9,1
4879,nominal,331.6,1
4880,nominal,304.5,1
4881,nominal,320.1,1
4882,nominal,334.9,1
4883,nominal,330.0,1
4884,nominal,295.5,1
4885,nominal,278.6,1
4886,nominal,311.5,1
4887,nominal,262.7,1
4888,nominal,325.1,1
4889,nominal,316.7,1
4890,nominal,321.7,1
4891,nominal,325.1,1
4892,nominal,311.5,0
4893,nominal,301.0,0
4894,nominal,295.5,0
4895,nominal,318.4,0
4896,nominal,387.2,1
4897,nominal,400.8,1
4898,nominal,373.0,1
4899,nominal,374.4,1
4900,nominal,388.5,1
4901,nominal,370.1,1
4902,nominal,293.7,1
4903,nominal,280.6,1
4904,nominal,385.8,1
4905,nominal,280.6,1
4906,nominal,388.5,1
4907,nominal,336.5,1
4908,nominal,286.3,1
4909,nominal,321.7,1
4910,nominal,331.6,1
4911,nominal,330.0,1
4912,nominal,316.7,1
4913,thin,254.4,1
4914,nominal,318.4,1
4915,nominal,282.5,1
4916,nominal,318.4,1
4917,nominal,316.7,1
4918,nominal,313.3,1
4919,nominal,323.4,1
4920,nominal,418.0,1
4921,nominal,375.8,1
4922,nominal,385.8,1
4923,broken,336.5,1
4924,nominal,378.7,1
4925,nominal,374.4,1
4926,nominal,316.7,1
4927,nominal,284.4,1
4928,nominal,373.0,1
4929,nominal,270.8,1
4930,nominal,380.1,1
4931,missing,0.0,1
4932,nominal,302.8,1
4933,nominal,328.4,1
4934,nominal,331.6,1
4935,nominal,323.4,1
4936,nominal,299.2,1
4937,thin,239.1,1
4938,nominal,293.7,1
4939,thin,245.7,1
4940,nominal,318.4,1
4941,nominal,333.3,1
4942,nominal,325.1,1
4943,nominal,326.7,1
4944,nominal,408.8,1
4945,nominal,412.8,1
4946,nominal,425.6,1
4947,nominal,362.7,1
4948,nominal,389.9,1
4949,nominal,353.7,1
4950,nominal,297.4,1
4951,nominal,270.8,1
4952,nominal,368.6,1
4953,thin,247.9,1
4954,nominal,380.1,1
4955,nominal,336.5,1
4956,nominal,284.4,1
4957,nominal,341.3,1
4958,nominal,341.3,1
4959,nominal,323.4,1
4960,nominal,304.5,1
4961,thin,234.5,1
4962,nominal,291.9,1
4963,thin,245.7,1
4964,nominal,323.4,1
4965,nominal,320.1,1
4966,nominal,325.1,1
4967,nominal,334.9,1
4968,nominal,400.8,1
4969,nominal,365.7,1
4970,nominal,364.2,1
4971,nominal,367.1,1
4972,nominal,373.0,1
4973,nominal,400.8,1
4974,nominal,288.2,1
4975,thin,243.5,1
4976,broken,282.5,1
4977,thin,258.6,1
4978,nominal,374.4,1
4979,nominal,315.0,1
4980,nominal,299.2,1
4981,nominal,334.9,1
4982,nominal,328.4,1
4983,nominal,321.7,1
4984,nominal,299.2,1
4985,thin,202.4,1
4986,nominal,297.4,1
4987,thin,212.8,1
4988,nominal,331.6,1
4989,nominal,328.4,1
4990,nominal,334.9,1
4991,nominal,323.4,1
4992,thick,449.1,1
4993,nominal,398.1,1
4994,nominal,380.1,1
4995,nominal,383.0,1
4996,thick,444.2,1
4997,nominal,362.7,1
4998,nominal,299.2,1
4999,thin,250.1,1
5000,nominal,388.5,1
5001,thin,250.1,1
5002,nominal,391.3,1
5003,nominal,323.4,1
5004,nominal,297.4,1
5005,nominal,323.4,1
5006,nominal,323.4,1
5007,nominal,316.7,1
5008,nominal,293.7,1
5009,thin,217.8,1
5010,nominal,293.7,1
5011,thin,217.8,1
5012,nominal,320.1,1
5013,nominal,313.3,1
5014,nominal,321.7,1
5015,nominal,326.7,1
5016,nominal,380.1,1
5017,nominal,381.5,1
5018,nominal,395.4,1
5019,nominal,398.1,1
5020,nominal,391.3,1
5021,nominal,352.1,1
5022,nominal,278.6,1
5023,thin,258.6,1
5024,nominal,388.5,1
5025,thin,252.2,1
5026,nominal,352.1,1
5027,nominal,323.4,1
5028,nominal,290.0,1
5029,nominal,315.0,1
5030,nominal,311.5,1
5031,nominal,299.2,1
5032,nominal,284.4,1
5033,thin,234.5,1
5034,nominal,282.5,1
5035,thin,217.8,1
5036,nominal,316.7,1
5037,nominal,315.0,1
5038,nominal,311.5,1
5039,nominal,318.4,1
5040,nominal,421.8,1
5041,nominal,406.2,1
5042,nominal,358.2,1
5043,nominal,410.1,1
5044,nominal,424.4,1
5045,nominal,402.2,1
5046,nominal,286.3,1
5047,thin,252.2,1
5048,nominal,412.8,1
5049,thin,258.6,1
5050,nominal,353.7,1
5051,nominal,330.0,1
5052,nominal,291.9,1
5053,nominal,320.1,1
5054,nominal,318.4,1
5055,nominal,323.4,1
5056,nominal,288.2,1
5057,thin,236.8,1
5058,nominal,291.9,1
5059,thin,241.3,1
5060,nominal,330.0,1
5061,nominal,339.7,1
5062,nominal,326.7,1
5063,nominal,338.1,1
5064,thick,459.7,1
5065,nominal,394.1,1
5066,missing,0.0,1
5067,nominal,392.7,1
5068,nominal,399.5,1
5069,nominal,339.7,1
5070,nominal,291.9,1
5071,nominal,262.7,1
5072,thick,438.1,1
5073,nominal,262.7,1
5074,nominal,344.4,1
5075,nominal,330.0,1
5076,nominal,295.5,1
5077,nominal,330.0,1
5078,nominal,325.1,1
5079,nominal,325.1,1
5080,nominal,304.5,1
5081,thin,258.6,1
5082,nominal,299.2,1
5083,nominal,264.7,1
5084,nominal,325.1,1
5085,nominal,336.5,1
5086,nominal,316.7,1
5087,nominal,326.7,1
5088,nominal,408.8,1
5089,nominal,364.2,1
5090,nominal,371.5,1
5091,nominal,394.1,1
5092,nominal,408.8,1
5093,nominal,378.7,1
5094,nominal,295.5,1
5095,nominal,266.8,1
5096,nominal,383.0,1
5097,nominal,272.8,1
5098,nominal,378.7,1
5099,nominal,333.3,1
5100,nominal,290.0,1
5101,nominal,331.6,1
5102,nominal,334.9,1
5103,nominal,330.0,1
5104,nominal,304.5,1
5105,nominal,284.4,1
5106,nominal,306.3,1
5107,nominal,268.8,1
5108,nominal,320.1,1
5109,nominal,333.3,1
5110,nominal,331.6,1
5111,nominal,325.1,1
5112,nominal,304.5,0
5113,nominal,297.4,0
5114,nominal,299.2,0
5115,nominal,304.5,0
5116,broken,323.4,1
5117,nominal,396.8,1
5118,nominal,361.2,1
5119,nominal,383.0,1
5120,nominal,395.4,1
5121,nominal,361.2,1
5122,nominal,286.3,1
5123,nominal,262.7,1
5124,nominal,415.4,1
5125,nominal,288.2,1
5126,nominal,338.1,1
5127,nominal,334.9,1
5128,nominal,301.0,1
5129,nominal,338.1,1
5130,nominal,328.4,1
5131,nominal,330.0,1
5132,nominal,321.7,1
5133,thin,250.1,1
5134,nominal,308.0,1
5135,nominal,262.7,1
5136,nominal,290.0,1
5137,nominal,323.4,1
5138,nominal,291.9,1
5139,nominal,302.8,1
5140,broken,323.3,1
5141,nominal,381.5,1
5142,nominal,364.2,1
5143,nominal,389.9,1
5144,nominal,407.5,1
5145,nominal,394.1,1
5146,nominal,309.8,1
5147,nominal,288.2,1
5148,nominal,410.1,1
5149,thin,258.6,1
5150,nominal,428.2,1
5151,nominal,338.1,1
5152,nominal,306.3,1
5153,nominal,342.8,1
5154,nominal,338.1,1
5155,nominal,334.9,1
5156,nominal,304.5,1
5157,thin,239.1,1
5158,nominal,309.8,1
5159,thin,239.1,1
5160,nominal,320.1,1
5161,nominal,339.7,1
5162,nominal,306.3,1
5163,nominal,325.1,1
5164,nominal,412.8,1
5165,nominal,421.8,1
5166,nominal,391.3,1
5167,nominal,385.8,1
5168,nominal,374.4,1
5169,nominal,400.8,1
5170,nominal,299.2,1
5171,thin,243.5,1
5172,nominal,378.7,1
5173,thin,260.6,1
5174,nominal,383.0,1
5175,nominal,338.1,1
5176,nominal,304.5,1
5177,nominal,333.3,1
5178,nominal,326.7,1
5179,nominal,334.9,1
5180,nominal,309.8,1
5181,thin,215.3,1
5182,nominal,309.8,1
5183,thin,217.8,1
5184,nominal,325.1,1
5185,nominal,347.5,1
5186,nominal,330.0,1
5187,nominal,331.6,1
5188,nominal,426.9,1
5189,nominal,396.8,1
5190,nominal,391.3,1
5191,nominal,389.9,1
5192,nominal,394.1,1
5193,nominal,411.5,1
5194,nominal,309.8,1
5195,thin,256.5,1
5196,nominal,381.5,1
5197,thin,252.2,1
5198,nominal,388.5,1
5199,nominal,339.7,1
5200,nominal,311.5,1
5201,nominal,320.1,1
5202,nominal,334.9,1
5203,nominal,330.0,1
5204,nominal,311.5,1
5205,thin,205.1,1
5206,nominal,304.5,1
5207,thin,212.8,1
5208,nominal,328.4,1
5209,nominal,339.7,1
5210,nominal,326.7,1
5211,nominal,334.9,1
5212,nominal,420.5,1
5213,nominal,387.2,1
5214,nominal,414.1,1
5215,nominal,315.0,1
5216,nominal,353.7,1
5217,nominal,395.4,1
5218,nominal,290.0,1
5219,thin,250.1,1
5220,nominal,402.2,1
5221,thin,256.5,1
5222,nominal,359.7,1
5223,missing,0.0,1
5224,nominal,306.3,1
5225,nominal,326.7,1
5226,nominal,321.7,1
5227,nominal,318.4,1
5228,nominal,304.5,1
5229,thin,217.8,1
5230,nominal,280.6,1
5231,thin,236.8,1
5232,nominal,315.0,1
5233,nominal,318.4,1
5234,nominal,321.7,1
5235,nominal,339.7,1
5236,nominal,415.4,1
5237,nominal,365.7,1
5238,nominal,385.8,1
5239,nominal,388.5,1
5240,nominal,407.5,1
5241,nominal,426.9,1
5242,nominal,291.9,1
5243,thin,254.4,1
5244,thick,445.4,1
5245,thin,250.1,1
5246,nominal,368.6,1
5247,nominal,302.8,1
5248,nominal,297.4,1
5249,nominal,320.1,1
5250,nominal,297.4,1
5251,nominal,325.1,1
5252,nominal,272.8,1
5253,thin,243.5,1
5254,nominal,293.7,1
5255,thin,243.5,1
5256,nominal,318.4,1
5257,nominal,333.3,1
5258,nominal,316.7,1
5259,nominal,326.7,1
5260,nominal,426.9,1
5261,nominal,362.7,1
5262,nominal,385.8,1
5263,nominal,392.7,1
5264,nominal,394.1,1
5265,nominal,387.2,1
5266,nominal,286.3,1
5267,thin,247.9,1
5268,nominal,412.8,1
5269,thin,247.9,1
5270,nominal,349.1,1
5271,nominal,323.4,1
5272,nominal,284.4,1
5273,nominal,330.0,1
5274,nominal,333.3,1
5275,nominal,318.4,1
5276,nominal,293.7,1
5277,thin,250.1,1
5278,nominal,270.8,1
5279,thin,254.4,1
5280,nominal,336.5,1
5281,nominal,346.0,1
5282,nominal,341.3,1
5283,nominal,339.7,1
5284,nominal,362.7,1
5285,nominal,407.5,1
5286,nominal,368.6,1
5287,nominal,410.1,1
5288,nominal,434.4,1
5289,nominal,400.8,1
5290,nominal,284.4,1
5291,thin,236.8,1
5292,nominal,410.1,1
5293,nominal,280.6,1
5294,nominal,326.7,1
5295,nominal,339.7,1
5296,nominal,295.5,1
5297,nominal,320.1,1
5298,nominal,339.7,1
5299,nominal,334.9,1
5300,nominal,297.4,1
5301,nominal,262.7,1
5302,nominal,286.3,1
5303,nominal,278.6,1
5304,nominal,334.9,1
5305,nominal,328.4,1
5306,nominal,341.3,1
5307,nominal,321.7,1
5308,nominal,431.9,1
5309,nominal,392.7,1
5310,nominal,380.1,1
5311,nominal,415.4,1
5312,nominal,392.7,1
5313,nominal,358.2,1
5314,nominal,291.9,1
5315,thin,258.6,1
5316,nominal,430.7,1
5317,nominal,276.7,1
5318,nominal,387.2,1
5319,nominal,347.5,1
5320,nominal,286.3,1
5321,nominal,328.4,1
5322,nominal,341.3,1
5323,nominal,326.7,1
5324,nominal,297.4,1
5325,nominal,286.3,1
5326,nominal,293.7,1
5327,nominal,270.8,1
5328,nominal,316.7,1
5329,nominal,315.0,1
5330,nominal,323.4,1
5331,nominal,326.7,1
5332,nominal,293.7,0
5333,nominal,323.4,0
5334,nominal,311.5,0
5335,nominal,286.3,0
5336,nominal,421.8,1
5337,nominal,394.1,1
5338,nominal,403.5,1
5339,nominal,361.2,1
5340,nominal,415.4,1
5341,nominal,380.1,1
5342,nominal,284.4,1
5343,nominal,274.7,1
5344,nominal,415.4,1
5345,nominal,293.7,1
5346,nominal,371.5,1
5347,nominal,330.0,1
5348,nominal,306.3,1
5349,nominal,339.7,1
5350,nominal,313.3,1
5351,nominal,321.7,1
5352,nominal,315.0,1
5353,thin,222.7,1
5354,nominal,315.0,1
5355,nominal,270.8,1
5356,nominal,318.4,1
5357,nominal,326.7,1
5358,nominal,309.8,1
5359,nominal,334.9,1
5360,nominal,399.5,1
5361,nominal,391.3,1
5362,nominal,387.2,1
5363,nominal,411.5,1
5364,nominal,388.5,1
5365,nominal,396.8,1
5366,nominal,315.0,1
5367,nominal,262.7,1
5368,nominal,387.2,1
5369,nominal,270.8,1
5370,nominal,391.3,1
5371,nominal,326.7,1
5372,nominal,304.5,1
5373,nominal,331.6,1
5374,nominal,328.4,1
5375,nominal,333.3,1
5376,nominal,316.7,1
5377,thin,239.1,1
5378,nominal,313.3,1
5379,thin,239.1,1
5380,nominal,328.4,1
5381,nominal,328.4,1
5382,nominal,320.1,1
5383,nominal,323.4,1
5384,thick,449.1,1
5385,nominal,434.4,1
5386,broken,375.1,1
5387,nominal,398.1,1
5388,nominal,433.2,1
5389,thick,439.3,1
5390,nominal,297.4,1
5391,thin,258.6,1
5392,nominal,381.5,1
5393,thin,250.1,1
5394,nominal,378.7,1
5395,nominal,328.4,1
5396,nominal,311.5,1
5397,nominal,333.3,1
5398,nominal,336.5,1
5399,nominal,344.4,1
5400,nominal,299.2,1
5401,thin,227.5,1
5402,nominal,313.3,1
5403,thin,227.5,1
5404,nominal,334.9,1
5405,nominal,338.1,1
5406,nominal,338.1,1
5407,nominal,336.5,1
5408,nominal,410.1,1
5409,nominal,374.4,1
5410,nominal,378.7,1
5411,nominal,381.5,1
5412,nominal,326.7,1
5413,nominal,391.3,1
5414,nominal,304.5,1
5415,thin,236.8,1
5416,nominal,423.1,1
5417,thin,260.6,1
5418,nominal,407.5,1
5419,nominal,338.1,1
5420,nominal,301.0,1
5421,nominal,320.1,1
5422,nominal,342.8,1
5423,nominal,331.6,1
5424,nominal,313.3,1
5425,thin,256.5,1
5426,nominal,299.2,1
5427,thin,232.2,1
5428,nominal,344.4,1
5429,nominal,339.7,1
5430,nominal,330.0,1
5431,nominal,336.5,1
5432,thick,444.2,1
5433,nominal,378.7,1
5434,nominal,398.1,1
5435,nominal,381.5,1
5436,nominal,421.8,1
5437,nominal,391.3,1
5438,nominal,301.0,1
5439,thin,258.6,1
5440,nominal,406.2,1
5441,thin,260.6,1
5442,nominal,350.6,1
5443,nominal,326.7,1
5444,nominal,288.2,1
5445,nominal,321.7,1
5446,nominal,334.9,1
5447,nominal,330.0,1
5448,nominal,299.2,1
5449,thin,252.2,1
5450,nominal,291.9,1
5451,thin,260.6,1
5452,nominal,331.6,1
5453,nominal,334.9,1
5454,nominal,326.7,1
5455,nominal,349.1,1
5456,nominal,374.4,1
5457,nominal,378.7,1
5458,nominal,399.5,1
5459,nominal,338.1,1
5460,nominal,419.2,1
5461,nominal,367.1,1
5462,nominal,291.9,1
5463,nominal,266.8,1
5464,thick,449.1,1
5465,nominal,270.8,1
5466,nominal,375.8,1
5467,nominal,316.7,1
5468,nominal,284.4,1
5469,nominal,330.0,1
5470,nominal,315.0,1
5471,nominal,330.0,1
5472,nominal,286.3,1
5473,nominal,262.7,1
5474,nominal,291.9,1
5475,thin,245.7,1
5476,nominal,320.1,1
5477,nominal,344.4,1
5478,nominal,334.9,1
5479,nominal,334.9,1
5480,nominal,416.7,1
5481,nominal,368.6,1
5482,nominal,398.1,1
5483,nominal,388.5,1
5484,nominal,425.6,1
5485,nominal,398.1,1
5486,nominal,290.0,1
5487,nominal,266.8,1
5488,thick,472.5,1
5489,nominal,274.7,1
5490,nominal,391.3,1
5491,nominal,330.0,1
5492,nominal,282.5,1
5493,nominal,316.7,1
5494,nominal,326.7,1
5495,nominal,323.4,1
5496,nominal,282.5,1
5497,nominal,272.8,1
5498,nominal,278.6,1
5499,nominal,270.8,1
5500,nominal,333.3,1
5501,nominal,330.0,1
5502,nominal,323.4,1
5503,nominal,325.1,1
5504,nominal,428.2,1
5505,nominal,394.1,1
5506,nominal,388.5,1
5507,nominal,411.5,1
5508,nominal,395.4,1
5509,nominal,403.5,1
5510,nominal,278.6,1
5511,nominal,274.7,1
5512,nominal,428.2,1
5513,nominal,290.0,1
5514,nominal,406.2,1
5515,nominal,331.6,1
5516,nominal,276.7,1
5517,nominal,333.3,1
5518,nominal,334.9,1
5519,nominal,339.7,1
5520,nominal,291.9,1
5521,nominal,276.7,1
5522,nominal,282.5,1
5523,nominal,270.8,1
5524,nominal,320.1,1
5525,nominal,338.1,1
5526,nominal,326.7,1
5527,nominal,336.5,1
5528,thick,446.6,0
5529,nominal,387.2,1
5530,nominal,400.8,1
5531,nominal,403.5,1
5532,nominal,384.4,1
5533,nominal,404.9,1
5534,nominal,274.7,1
5535,nominal,290.0,1
5536,nominal,404.9,1
5537,nominal,276.7,1
5538,nominal,408.8,1
5539,nominal,325.1,1
5540,nominal,297.4,1
5541,nominal,323.4,1
5542,nominal,328.4,1
5543,nominal,331.6,1
5544,nominal,272.8,1
5545,nominal,288.2,1
5546,nominal,284.4,1
5547,nominal,290.0,1
5548,nominal,320.1,1
5549,nominal,336.5,1
5550,nominal,313.3,1
5551,nominal,326.7,1
5552,nominal,299.2,0
5553,nominal,334.9,0
5554,nominal,320.1,0
5555,nominal,295.5,0
5556,nominal,344.4,1
5557,nominal,377.3,1
5558,nominal,375.8,1
5559,nominal,387.2,1
5560,nominal,400.8,1
5561,nominal,373.0,1
5562,nominal,272.8,1
5563,nominal,282.5,1
5564,broken,332.5,1
5565,nominal,306.3,1
5566,nominal,384.4,1
5567,nominal,325.1,1
5568,nominal,295.5,1
5569,nominal,328.4,1
5570,nominal,326.7,1
5571,nominal,325.1,1
5572,nominal,313.3,1
5573,thin,256.5,1
5574,nominal,311.5,1
5575,thin,252.2,1
5576,nominal,308.0,1
5577,nominal,321.7,1
5578,nominal,309.8,1
5579,nominal,315.0,1
5580,nominal,410.1,1
5581,nominal,399.5,1
5582,nominal,383.0,1
5583,nominal,362.7,1
5584,nominal,400.8,1
5585,nominal,378.7,1
5586,nominal,316.7,1
5587,nominal,270.8,1
5588,nominal,385.8,1
5589,nominal,268.8,1
5590,nominal,373.0,1
5591,nominal,333.3,1
5592,nominal,320.1,1
5593,nominal,333.3,1
5594,nominal,331.6,1
5595,nominal,331.6,1
5596,nominal,311.5,1
5597,thin,229.9,1
5598,nominal,301.0,1
5599,thin,234.5,1
5600,nominal,318.4,1
5601,nominal,328.4,1
5602,nominal,323.4,1
5603,nominal,331.6,1
5604,nominal,396.8,1
5605,nominal,396.8,1
5606,nominal,387.2,1
5607,nominal,375.8,1
5608,nominal,418.0,1
5609,nominal,418.0,1
5610,nominal,311.5,1
5611,thin,250.1,1
5612,nominal,378.7,1
5613,thin,260.6,1
5614,nominal,371.5,1
5615,nominal,341.3,1
5616,nominal,295.5,1
5617,nominal,328.4,1
5618,nominal,325.1,1
5619,nominal,334.9,1
5620,nominal,308.0,1
5621,missing,0.0,1
5622,nominal,306.3,1
5623,thin,260.6,1
5624,nominal,334.9,1
5625,nominal,328.4,1
5626,nominal,316.7,1
5627,nominal,333.3,1
5628,nominal,411.5,1
5629,nominal,373.0,1
5630,nominal,389.9,1
5631,nominal,370.1,1
5632,nominal,374.4,1
5633,nominal,421.8,1
5634,nominal,291.9,1
5635,thin,252.2,1
5636,nominal,418.0,1
5637,thin,258.6,1
5638,nominal,373.0,1
5639,nominal,336.5,1
5640,nominal,304.5,1
5641,nominal,326.7,1
5642,nominal,347.5,1
5643,nominal,315.0,1
5644,nominal,313.3,1
5645,thin,252.2,1
5646,nominal,302.8,1
5647,thin,258.6,1
5648,nominal,318.4,1
5649,nominal,331.6,1
5650,nominal,325.1,1
5651,nominal,334.9,1
5652,nominal,387.2,1
5653,nominal,414.1,1
5654,nominal,381.5,1
5655,nominal,384.4,1
5656,nominal,414.1,1
5657,nominal,399.5,1
5658,nominal,304.5,1
5659,thin,252.2,1
5660,nominal,416.7,1
5661,nominal,282.5,1
5662,nominal,330.0,1
5663,nominal,326.7,1
5664,nominal,291.9,1
5665,nominal,330.0,1
5666,nominal,326.7,1
5667,nominal,325.1,1
5668,nominal,308.0,1
5669,thin,260.6,1
5670,nominal,295.5,1
5671,nominal,274.7,1
5672,nominal,318.4,1
5673,nominal,333.3,1
5674,nominal,339.7,1
5675,nominal,333.3,1
5676,nominal,415.4,1
5677,nominal,426.9,1
5678,nominal,410.1,1
5679,nominal,391.3,1
5680,nominal,429.4,1
5681,nominal,414.1,1
5682,nominal,299.2,1
5683,nominal,266.8,1
5684,nominal,418.0,1
5685,nominal,276.7,1
5686,nominal,389.9,1
5687,nominal,309.8,1
5688,nominal,278.6,1
5689,nominal,320.1,1
5690,nominal,309.8,1
5691,nominal,316.7,1
5692,nominal,288.2,1
5693,nominal,276.7,1
5694,nominal,291.9,1
5695,thin,260.6,1
5696,nominal,342.8,1
5697,nominal,333.3,1
5698,nominal,333.3,1
5699,nominal,341.3,1
5700,nominal,395.4,1
5701,nominal,403.5,1
5702,nominal,387.2,1
5703,nominal,415.4,1
5704,nominal,396.8,1
5705,nominal,387.2,1
5706,nominal,286.3,1
5707,nominal,268.8,1
5708,nominal,416.7,1
5709,nominal,278.6,1
5710,nominal,380.1,1
5711,nominal,339.7,1
5712,nominal,274.7,1
5713,nominal,333.3,1
5714,nominal,316.7,1
5715,nominal,320.1,1
5716,nominal,280.6,1
5717,nominal,270.8,1
5718,nominal,280.6,1
5719,nominal,282.5,1
5720,nominal,330.0,1
5721,nominal,341.3,1
5722,nominal,320.1,1
5723,nominal,344.4,1
5724,nominal,407.5,1
5725,nominal,414.1,1
5726,nominal,356.7,1
5727,nominal,396.8,1
5728,nominal,400.8,1
5729,nominal,412.8,1
5730,nominal,278.6,1
5731,nominal,278.6,1
5732,nominal,425.6,1
5733,nominal,286.3,1
5734,nominal,391.3,1
5735,nominal,338.1,1
5736,nominal,284.4,1
5737,nominal,334.9,1
5738,nominal,339.7,1
5739,nominal,323.4,1
5740,nominal,272.8,1
5741,nominal,297.4,1
5742,nominal,280.6,1
5743,nominal,280.6,1
5744,nominal,334.9,1
5745,nominal,331.6,1
5746,nominal,326.7,1
5747,nominal,339.7,1
5748,nominal,400.8,1
5749,nominal,399.5,1
5750,nominal,347.5,1
5751,nominal,399.5,1
5752,nominal,377.3,1
5753,nominal,418.0,1
5754,nominal,280.6,1
5755,nominal,276.7,1
5756,nominal,414.1,1
5757,nominal,297.4,1
5758,nominal,391.3,1
5759,nominal,346.0,1
5760,nominal,288.2,1
5761,nominal,333.3,1
5762,nominal,339.7,1
5763,nominal,334.9,1
5764,nominal,278.6,1
5765,nominal,293.7,1
5766,nominal,284.4,1
5767,nominal,282.5,1
5768,nominal,331.6,1
5769,nominal,330.0,1
5770,nominal,311.5,1
5771,nominal,320.1,1
5772,nominal,301.0,0
5773,nominal,316.7,0
5774,nominal,328.4,0
5775,nominal,293.7,0
5776,nominal,408.8,1
5777,nominal,368.6,1
5778,nominal,383.0,1
5779,nominal,359.7,1
5780,nominal,385.8,1
5781,nominal,416.7,1
5782,nominal,274.7,1
5783,nominal,288.2,1
5784,broken,345.2,1
5785,nominal,320.1,1
5786,nominal,402.2,1
5787,nominal,331.6,1
5788,nominal,284.4,1
5789,nominal,326.7,1
5790,nominal,341.3,1
5791,nominal,320.1,1
5792,nominal,325.1,1
5793,thin,245.7,1
5794,nominal,321.7,1
5795,thin,260.6,1
5796,nominal,290.0,1
5797,nominal,293.7,1
5798,nominal,294.6,1
5799,nominal,304.5,1
5800,nominal,396.8,1
5801,nominal,377.3,1
5802,nominal,381.5,1
5803,nominal,410.1,1
5804,missing,0.0,0
5805,missing,0.0,0
5806,missing,0.0,0
5807,missing,0.0,0
5808,nominal,388.5,1
5809,nominal,373.0,1
5810,nominal,328.4,1
5811,nominal,268.8,1
5812,nominal,392.7,1
5813,nominal,264.7,1
5814,nominal,356.7,1
5815,nominal,342.8,1
5816,nominal,316.7,1
5817,nominal,328.4,1
5818,nominal,325.1,1
5819,nominal,331.6,1
5820,nominal,315.0,1
5821,nominal,262.7,1
5822,nominal,308.0,1
5823,missing,0.0,1
5824,nominal,320.1,1
5825,nominal,306.3,1
5826,nominal,306.3,1
5827,nominal,323.4,1
5828,nominal,403.5,1
5829,nominal,368.6,1
5830,nominal,381.5,1
5831,nominal,389.9,1
5832,missing,0.0,0
5833,missing,0.0,0
5834,missing,0.0,0
5835,missing,0.0,0
5836,nominal,408.8,1
5837,nominal,399.5,1
5838,nominal,313.3,1
5839,thin,258.6,1
5840,nominal,400.8,1
5841,nominal,272.8,1
5842,nominal,361.2,1
5843,nominal,347.5,1
5844,nominal,301.0,1
5845,nominal,323.4,1
5846,nominal,325.1,1
5847,nominal,334.9,1
5848,nominal,293.7,1
5849,thin,254.4,1
5850,nominal,306.3,1
5851,thin,258.6,1
5852,nominal,330.0,1
5853,nominal,328.4,1
5854,nominal,320.1,1
5855,nominal,333.3,1
5856,thick,438.1,1
5857,nominal,336.5,1
5858,nominal,341.3,1
5859,nominal,398.1,1
5860,missing,0.0,0
5861,missing,0.0,0
5862,missing,0.0,0
5863,missing,0.0,0
5864,nominal,370.1,1
5865,nominal,361.2,1
5866,nominal,315.0,1
5867,nominal,272.8,1
5868,nominal,370.1,1
5869,nominal,278.6,1
5870,nominal,353.7,1
5871,nominal,349.1,1
5872,nominal,308.0,1
5873,nominal,326.7,1
5874,nominal,309.8,1
5875,nominal,325.1,1
5876,nominal,297.4,1
5877,nominal,262.7,1
5878,nominal,308.0,1
5879,nominal,272.8,1
5880,nominal,336.5,1
5881,nominal,330.0,1
5882,nominal,330.0,1
5883,nominal,331.6,1
5884,nominal,425.6,1
5885,nominal,375.8,1
5886,nominal,361.2,1
5887,nominal,381.5,1
5888,missing,0.0,0
5889,missing,0.0,0
5890,missing,0.0,0
5891,missing,0.0,0
5892,nominal,384.4,1
5893,nominal,364.2,1
5894,nominal,297.4,1
5895,nominal,268.8,1
5896,nominal,403.5,1
5897,nominal,268.8,1
5898,nominal,358.2,1
5899,nominal,326.7,1
5900,nominal,295.5,1
5901,nominal,316.7,1
5902,nominal,331.6,1
5903,nominal,315.0,1
5904,nominal,304.5,1
5905,nominal,276.7,1
5906,nominal,308.0,1
5907,nominal,276.7,1
5908,nominal,323.4,1
5909,nominal,325.1,1
5910,nominal,313.3,1
5911,nominal,342.8,1
5912,nominal,428.2,1
5913,nominal,370.1,1
5914,nominal,331.6,1
5915,nominal,392.7,1
5916,missing,0.0,0
5917,missing,0.0,0
5918,missing,0.0,0
5919,missing,0.0,0
5920,nominal,406.2,1
5921,nominal,377.3,1
5922,nominal,308.0,1
5923,nominal,278.6,1
5924,nominal,430.7,1
5925,nominal,291.9,1
5926,nominal,368.6,1
5927,nominal,311.5,1
5928,nominal,290.0,1
5929,nominal,308.0,1
5930,nominal,318.4,1
5931,nominal,302.8,1
5932,nominal,293.7,1
5933,nominal,266.8,1
5934,nominal,301.0,1
5935,nominal,276.7,1
5936,nominal,318.4,1
5937,nominal,316.7,1
5938,nominal,318.4,1
5939,nominal,330.0,1
5940,nominal,381.5,1
5941,nominal,406.2,1
5942,nominal,391.3,1
5943,nominal,403.5,1
5944,missing,0.0,0
5945,missing,0.0,0
5946,missing,0.0,0
5947,missing,0.0,0
5948,nominal,355.2,1
5949,nominal,367.1,1
5950,nominal,301.0,1
5951,nominal,276.7,1
5952,nominal,395.4,1
5953,nominal,282.5,1
5954,nominal,389.9,1
5955,nominal,323.4,1
5956,nominal,282.5,1
5957,nominal,309.8,1
5958,nominal,323.4,1
5959,nominal,290.0,1
5960,nominal,276.7,1
5961,nominal,282.5,1
5962,nominal,286.3,1
5963,nominal,291.9,1
5964,nominal,330.0,1
5965,nominal,318.4,1
5966,nominal,318.4,1
5967,nominal,338.1,1
5968,nominal,396.8,1
5969,nominal,370.1,1
5970,nominal,418.0,1
5971,nominal,403.5,1
5972,missing,0.0,0
5973,missing,0.0,0
5974,missing,0.0,0
5975,missing,0.0,0
5976,nominal,331.6,1
5977,nominal,381.5,1
5978,nominal,288.2,1
5979,nominal,278.6,1
5980,nominal,408.8,1
5981,nominal,302.8,1
5982,nominal,396.8,1
5983,nominal,339.7,1
5984,nominal,278.6,1
5985,nominal,326.7,1
5986,nominal,330.0,1
5987,nominal,309.8,1
5988,nominal,272.8,1
5989,nominal,304.5,1
5990,nominal,304.5,1
5991,nominal,299.2,1
5992,nominal,328.4,1
5993,nominal,320.1,1
5994,nominal,325.1,1
5995,nominal,334.9,1
5996,nominal,408.8,1
5997,nominal,371.5,1
5998,nominal,402.2,1
5999,nominal,381.5,1
6000,missing,0.0,0
6001,missing,0.0,0
6002,missing,0.0,0
6003,missing,0.0,0
6004,nominal,392.7,1
6005,nominal,353.7,1
6006,nominal,299.2,1
6007,nominal,297.4,1
6008,nominal,406.2,1
6009,nominal,309.8,1
6010,nominal,408.8,1
6011,nominal,321.7,1
6012,nominal,284.4,1
6013,nominal,326.7,1
6014,nominal,323.4,1
6015,nominal,328.4,1
6016,nominal,282.5,1
6017,nominal,304.5,1
6018,nominal,291.9,1
6019,nominal,315.0,1
6020,nominal,323.4,1
6021,nominal,311.5,1
6022,nominal,318.4,1
6023,nominal,323.4,1
6024,nominal,306.3,0
6025,nominal,323.4,0
6026,nominal,316.7,0
6027,nominal,301.0,0
6028,nominal,398.1,1
6029,nominal,365.7,1
6030,nominal,321.7,1
6031,nominal,350.6,1
6032,missing,0.0,0
6033,missing,0.0,0
6034,missing,0.0,0
6035,missing,0.0,0
6036,nominal,331.6,1
6037,nominal,361.2,1
6038,nominal,293.7,1
6039,nominal,299.2,1
6040,nominal,404.9,1
6041,nominal,311.5,1
6042,nominal,370.1,1
6043,nominal,331.6,1
6044,nominal,282.5,1
6045,nominal,326.7,1
6046,nominal,326.7,1
6047,nominal,311.5,1
6048,nominal,301.0,1
6049,nominal,309.8,1
6050,nominal,291.9,1
6051,nominal,309.8,1
6052,nominal,301.0,1
6053,nominal,299.2,1
6054,nominal,297.4,1
6055,nominal,302.8,1
6056,nominal,367.1,1
6057,nominal,336.5,1
6058,nominal,323.4,1
6059,nominal,338.1,1
6060,nominal,349.1,1
6061,nominal,400.8,1
6062,nominal,280.6,1
6063,nominal,304.5,1
6064,nominal,420.5,1
6065,nominal,274.7,1
6066,nominal,339.7,1
6067,nominal,336.5,1
6068,nominal,295.5,1
6069,nominal,323.4,1
6070,nominal,326.7,1
6071,nominal,306.3,1
6072,nominal,288.2,1
6073,nominal,297.4,1
6074,nominal,274.7,1
6075,nominal,293.7,1
6076,nominal,302.8,1
6077,nominal,323.4,1
6078,nominal,309.8,1
6079,nominal,302.8,1
6080,nominal,368.6,1
6081,nominal,339.7,1
6082,nominal,336.5,1
6083,nominal,359.7,1
6084,nominal,399.5,1
6085,nominal,358.2,1
6086,nominal,268.8,1
6087,nominal,299.2,1
6088,nominal,364.2,1
6089,nominal,288.2,1
6090,nominal,371.5,1
6091,nominal,321.7,1
6092,nominal,274.7,1
6093,nominal,321.7,1
6094,nominal,331.6,1
6095,nominal,325.1,1
6096,nominal,280.6,1
6097,nominal,293.7,1
6098,nominal,284.4,1
6099,nominal,282.5,1
6100,nominal,325.1,1
6101,nominal,330.0,1
6102,nominal,321.7,1
6103,nominal,318.4,1
6104,nominal,361.2,1
6105,nominal,373.0,1
6106,nominal,353.7,1
6107,nominal,370.1,1
6108,nominal,394.1,1
6109,nominal,411.5,1
6110,nominal,266.8,1
6111,nominal,288.2,1
6112,nominal,383.0,1
6113,nominal,288.2,1
6114,nominal,342.8,1
6115,nominal,311.5,1
6116,nominal,268.8,1
6117,nominal,309.8,1
6118,nominal,325.1,1
6119,nominal,313.3,1
6120,nominal,286.3,1
6121,nominal,284.4,1
6122,nominal,297.4,1
6123,nominal,274.7,1
6124,nominal,315.0,1
6125,nominal,309.8,1
6126,nominal,316.7,1
6127,broken,315.8,1
6128,nominal,350.6,1
6129,nominal,371.5,1
6130,nominal,353.7,1
6131,necked,304.5,1
6132,nominal,359.7,1
6133,nominal,388.5,1
6134,nominal,276.7,1
6135,thin,260.6,1
6136,nominal,416.7,1
6137,thin,254.4,1
6138,nominal,336.5,1
6139,nominal,321.7,1
6140,nominal,276.7,1
6141,broken,287.2,1
6142,nominal,295.5,1
6143,nominal,316.7,1
6144,nominal,282.5,1
6145,nominal,290.0,1
6146,nominal,290.0,1
6147,nominal,284.4,1
6148,nominal,320.1,1
6149,nominal,313.3,1
6150,nominal,318.4,1
6151,broken,306.3,1
6152,nominal,365.7,1
6153,nominal,361.2,1
6154,nominal,325.1,1
6155,nominal,361.2,1
6156,nominal,392.7,1
6157,nominal,380.1,1
6158,nominal,272.8,1
6159,nominal,272.8,1
6160,nominal,414.1,1
6161,nominal,262.7,1
6162,nominal,371.5,1
6163,nominal,320.1,1
6164,nominal,299.2,1
6165,nominal,308.0,1
6166,broken,253.6,1
6167,nominal,308.0,1
6168,nominal,297.4,1
6169,nominal,288.2,1
6170,nominal,299.2,1
6171,thin,260.6,1
6172,nominal,304.5,1
6173,nominal,320.1,1
6174,nominal,308.0,1
6175,nominal,318.4,1
6176,broken,293.7,1
6177,nominal,375.8,1
6178,nominal,364.2,1
6179,nominal,374.4,1
6180,nominal,394.1,1
6181,nominal,352.1,1
6182,nominal,268.8,1
6183,nominal,270.8,1
6184,nominal,396.8,1
6185,nominal,274.7,1
6186,nominal,385.8,1
6187,nominal,318.4,1
6188,nominal,291.9,1
6189,nominal,318.4,1
6190,nominal,313.3,1
6191,nominal,315.0,1
6192,nominal,302.8,1
6193,nominal,276.7,1
6194,nominal,304.5,1
6195,nominal,278.6,1
6196,nominal,313.3,1
6197,nominal,316.7,1
6198,nominal,306.3,1
6199,nominal,308.0,1
6200,nominal,359.7,1
6201,nominal,364.2,1
6202,nominal,408.8,1
6203,broken,347.5,1
6204,nominal,380.1,1
6205,nominal,383.0,1
6206,nominal,286.3,1
6207,nominal,286.3,1
6208,nominal,338.1,1
6209,thin,258.6,1
6210,nominal,384.4,1
6211,nominal,315.0,1
6212,nominal,301.0,1
6213,nominal,316.7,1
6214,nominal,323.4,1
6215,nominal,320.1,1
6216,nominal,321.7,1
6217,nominal,264.7,1
6218,nominal,301.0,1
6219,nominal,264.7,1
6220,nominal,315.0,1
6221,nominal,323.4,1
6222,nominal,320.1,1
6223,nominal,318.4,1
6224,nominal,356.7,1
6225,broken,299.2,1
6226,nominal,342.8,1
6227,nominal,370.1,1
6228,nominal,396.8,1
6229,nominal,400.8,1
6230,nominal,302.8,1
6231,nominal,272.8,1
6232,nominal,394.1,1
6233,nominal,268.8,1
6234,missing,0.0,1
6235,nominal,321.7,1
6236,nominal,306.3,1
6237,nominal,330.0,1
6238,nominal,328.4,1
6239,nominal,311.5,1
6240,nominal,311.5,1
6241,nominal,291.9,1
6242,nominal,316.7,1
6243,nominal,270.8,1
6244,nominal,290.0,1
6245,broken,309.8,1
6246,nominal,313.3,1
6247,broken,297.4,1
6248,nominal,290.0,0
6249,necked,291.9,0
6250,nominal,290.0,0
6251,nominal,302.8,0
6252,nominal,311.5,1
6253,nominal,365.7,1
6254,broken,341.3,1
6255,nominal,344.4,1
6256,nominal,334.9,1
6257,nominal,326.7,1
6258,nominal,302.8,1
6259,broken,0.0,1
6260,nominal,378.7,1
6261,nominal,276.7,1
6262,nominal,341.3,1
6263,nominal,323.4,1
6264,nominal,315.0,1
6265,broken,318.4,1
6266,nominal,309.8,1
6267,nominal,323.4,1
6268,nominal,293.7,1
6269,nominal,302.8,1
6270,nominal,266.8,1
6271,nominal,302.8,1
6272,nominal,299.2,1
6273,nominal,306.3,1
6274,nominal,308.0,1
6275,nominal,304.5,1
6276,nominal,368.6,1
6277,nominal,374.4,1
6278,nominal,276.7,1
6279,nominal,426.9,1
6280,nominal,378.7,1
6281,nominal,371.5,1
6282,nominal,282.5,1
6283,nominal,311.5,1
6284,nominal,433.2,1
6285,nominal,284.4,1
6286,nominal,359.7,1
6287,nominal,336.5,1
6288,nominal,274.7,1
6289,nominal,328.4,1
6290,nominal,323.4,1
6291,nominal,321.7,1
6292,nominal,274.7,1
6293,nominal,295.5,1
6294,nominal,272.8,1
6295,nominal,288.2,1
6296,nominal,315.0,1
6297,nominal,311.5,1
6298,nominal,306.3,1
6299,nominal,318.4,1
6300,nominal,383.0,1
6301,nominal,349.1,1
6302,nominal,356.7,1
6303,nominal,402.2,1
6304,nominal,431.9,1
6305,nominal,370.1,1
6306,nominal,272.8,1
6307,nominal,295.5,1
6308,nominal,392.7,1
6309,nominal,295.5,1
6310,nominal,282.5,1
6311,nominal,325.1,1
6312,nominal,282.5,1
6313,nominal,325.1,1
6314,nominal,331.6,1
6315,nominal,325.1,1
6316,nominal,282.5,1
6317,nominal,280.6,1
6318,nominal,280.6,1
6319,nominal,280.6,1
6320,nominal,321.7,1
6321,nominal,326.7,1
6322,nominal,321.7,1
6323,nominal,328.4,1
6324,thick,441.8,0
6325,nominal,373.0,1
6326,nominal,381.5,1
6327,nominal,394.1,1
6328,nominal,374.4,1
6329,nominal,395.4,1
6330,nominal,272.8,1
6331,nominal,272.8,1
6332,nominal,411.5,1
6333,nominal,274.7,1
6334,nominal,295.5,1
6335,nominal,326.7,1
6336,nominal,264.7,1
6337,nominal,309.8,1
6338,nominal,328.4,1
6339,nominal,326.7,1
6340,nominal,280.6,1
6341,nominal,274.7,1
6342,nominal,290.0,1
6343,nominal,272.8,1
6344,nominal,328.4,1
6345,nominal,313.3,1
6346,nominal,323.4,1
6347,nominal,323.4,1
6348,nominal,410.1,1
6349,nominal,400.8,1
6350,nominal,402.2,1
6351,nominal,387.2,1
6352,nominal,404.9,1
6353,nominal,384.4,1
6354,nominal,264.7,1
6355,nominal,266.8,1
6356,broken,349.8,1
6357,nominal,266.8,1
6358,nominal,353.7,1
6359,nominal,315.0,1
6360,nominal,266.8,1
6361,nominal,323.4,1
6362,nominal,321.7,1
6363,nominal,311.5,1
6364,nominal,293.7,1
6365,thin,260.6,1
6366,nominal,280.6,1
6367,nominal,272.8,1
6368,nominal,326.7,1
6369,nominal,325.1,1
6370,nominal,318.4,1
6371,nominal,321.7,1
6372,nominal,425.6,1
6373,nominal,410.1,1
6374,nominal,353.7,1
6375,nominal,411.5,1
6376,nominal,400.8,1
6377,nominal,400.8,1
6378,nominal,284.4,1
6379,nominal,272.8,1
6380,nominal,377.3,1
6381,thin,260.6,1
6382,nominal,407.5,1
6383,nominal,318.4,1
6384,nominal,274.7,1
6385,nominal,309.8,1
6386,nominal,313.3,1
6387,nominal,290.0,1
6388,nominal,290.0,1
6389,nominal,274.7,1
6390,nominal,266.8,1
6391,nominal,266.8,1
6392,nominal,315.0,1
6393,nominal,330.0,1
6394,nominal,301.0,1
6395,nominal,315.0,1
6396,nominal,389.9,1
6397,nominal,385.8,1
6398,nominal,384.4,1
6399,nominal,387.2,1
6400,nominal,380.1,1
6401,nominal,408.8,1
6402,nominal,274.7,1
6403,nominal,270.8,1
6404,nominal,421.8,1
6405,thin,252.2,1
6406,nominal,396.8,1
6407,nominal,326.7,1
6408,nominal,282.5,1
6409,nominal,316.7,1
6410,nominal,306.3,1
6411,nominal,313.3,1
6412,nominal,284.4,1
6413,thin,258.6,1
6414,nominal,297.4,1
6415,thin,256.5,1
6416,nominal,323.4,1
6417,nominal,325.1,1
6418,nominal,333.3,1
6419,nominal,330.0,1
6420,nominal,383.0,1
6421,nominal,400.8,1
6422,nominal,406.2,1
6423,nominal,383.0,1
6424,nominal,394.1,1
6425,nominal,394.1,1
6426,nominal,278.6,1
6427,nominal,262.7,1
6428,nominal,414.1,1
6429,thin,250.1,1
6430,nominal,398.1,1
6431,nominal,323.4,1
6432,nominal,276.7,1
6433,nominal,318.4,1
6434,nominal,325.1,1
6435,nominal,326.7,1
6436,nominal,291.9,1
6437,thin,260.6,1
6438,nominal,302.8,1
6439,nominal,264.7,1
6440,nominal,321.7,1
6441,nominal,316.7,1
6442,nominal,326.7,1
6443,nominal,323.4,1
6444,nominal,346.0,1
6445,nominal,394.1,1
6446,nominal,389.9,1
6447,nominal,391.3,1
6448,nominal,353.7,1
6449,nominal,400.8,1
6450,nominal,282.5,1
6451,thin,258.6,1
6452,nominal,388.5,1
6453,thin,243.5,1
6454,nominal,403.5,1
6455,nominal,308.0,1
6456,nominal,295.5,1
6457,nominal,326.7,1
6458,nominal,323.4,1
6459,nominal,334.9,1
6460,nominal,302.8,1
6461,nominal,297.4,1
6462,nominal,308.0,1
6463,nominal,274.7,1
6464,nominal,291.9,1
6465,nominal,323.4,1
6466,nominal,316.7,1
6467,nominal,306.3,1
6468,nominal,299.2,0
6469,nominal,299.2,0
6470,broken,308.0,0
6471,nominal,318.4,0
6472,nominal,381.5,1
6473,nominal,326.7,1
6474,nominal,347.5,1
6475,nominal,350.6,1
6476,nominal,328.4,1
6477,nominal,371.5,1
6478,nominal,272.8,1
6479,broken,234.5,1
6480,nominal,399.5,1
6481,nominal,274.7,1
6482,broken,309.8,1
6483,nominal,326.7,1
6484,nominal,306.3,1
6485,nominal,297.4,1
6486,nominal,316.7,1
6487,nominal,330.0,1
6488,nominal,302.8,1
6489,nominal,293.7,1
6490,nominal,290.0,1
6491,nominal,286.3,1
6492,nominal,318.4,1
6493,nominal,293.7,1
6494,nominal,304.5,1
6495,nominal,293.7,1
6496,nominal,418.0,1
6497,nominal,356.7,1
6498,nominal,352.1,1
6499,nominal,410.1,1
6500,nominal,377.3,1
6501,nominal,396.8,1
6502,nominal,291.9,1
6503,nominal,301.0,1
6504,nominal,402.2,1
6505,nominal,280.6,1
6506,nominal,367.1,1
6507,nominal,336.5,1
6508,nominal,280.6,1
6509,nominal,326.7,1
6510,nominal,333.3,1
6511,nominal,323.4,1
6512,nominal,280.6,1
6513,nominal,278.6,1
6514,nominal,284.4,1
6515,nominal,274.7,1
6516,nominal,316.7,1
6517,nominal,309.8,1
6518,nominal,309.8,1
6519,nominal,320.1,1
6520,thick,440.6,1
6521,nominal,362.7,1
6522,nominal,344.4,1
6523,thick,450.3,1
6524,nominal,421.8,1
6525,nominal,349.1,1
6526,nominal,266.8,1
6527,nominal,284.4,1
6528,nominal,412.8,1
6529,nominal,272.8,1
6530,nominal,378.7,1
6531,nominal,321.7,1
6532,nominal,268.8,1
6533,nominal,321.7,1
6534,nominal,330.0,1
6535,nominal,320.1,1
6536,nominal,268.8,1
6537,thin,256.5,1
6538,nominal,278.6,1
6539,nominal,282.5,1
6540,nominal,323.4,1
6541,nominal,320.1,1
6542,nominal,318.4,1
6543,nominal,331.6,1
6544,thick,438.1,1
6545,nominal,412.8,1
6546,nominal,383.0,1
6547,nominal,410.1,1
6548,nominal,414.1,1
6549,nominal,391.3,1
6550,nominal,268.8,1
6551,nominal,268.8,1
6552,nominal,388.5,1
6553,nominal,276.7,1
6554,nominal,400.8,1
6555,nominal,320.1,1
6556,nominal,284.4,1
6557,nominal,330.0,1
6558,nominal,308.0,1
6559,nominal,318.4,1
6560,nominal,276.7,1
6561,nominal,270.8,1
6562,nominal,274.7,1
6563,nominal,280.6,1
6564,nominal,316.7,1
6565,nominal,325.1,1
6566,nominal,320.1,1
6567,nominal,326.7,1
6568,nominal,410.1,1
6569,nominal,378.7,1
6570,nominal,407.5,1
6571,nominal,407.5,1
6572,nominal,400.8,1
6573,nominal,384.4,1
6574,nominal,266.8,1
6575,nominal,276.7,1
6576,nominal,428.2,1
6577,nominal,268.8,1
6578,nominal,389.9,1
6579,nominal,320.1,1
6580,thin,258.6,1
6581,nominal,318.4,1
6582,nominal,313.3,1
6583,nominal,318.4,1
6584,nominal,293.7,1
6585,nominal,262.7,1
6586,nominal,286.3,1
6587,nominal,278.6,1
6588,nominal,331.6,1
6589,nominal,301.0,1
6590,nominal,323.4,1
6591,nominal,306.3,1
6592,thick,443.0,1
6593,nominal,358.2,1
6594,nominal,373.0,1
6595,nominal,400.8,1
6596,nominal,373.0,1
6597,nominal,398.1,1
6598,nominal,262.7,1
6599,nominal,278.6,1
6600,nominal,375.8,1
6601,nominal,264.7,1
6602,nominal,355.2,1
6603,nominal,326.7,1
6604,nominal,272.8,1
6605,nominal,309.8,1
6606,nominal,301.0,1
6607,nominal,288.2,1
6608,nominal,290.0,1
6609,nominal,270.8,1
6610,nominal,280.6,1
6611,nominal,280.6,1
6612,nominal,320.1,1
6613,nominal,309.8,1
6614,nominal,321.7,1
6615,nominal,321.7,1
6616,nominal,423.1,0
6617,nominal,388.5,1
6618,nominal,395.4,1
6619,nominal,414.1,1
6620,nominal,371.5,1
6621,nominal,391.3,1
6622,nominal,278.6,1
6623,nominal,276.7,1
6624,nominal,423.1,1
6625,thin,250.1,1
6626,nominal,389.9,1
6627,nominal,318.4,1
6628,nominal,274.7,1
6629,nominal,306.3,1
6630,nominal,326.7,1
6631,nominal,309.8,1
6632,nominal,286.3,1
6633,nominal,266.8,1
6634,nominal,276.7,1
6635,nominal,266.8,1
6636,nominal,336.5,1
6637,nominal,318.4,1
6638,nominal,330.0,1
6639,nominal,325.1,1
6640,nominal,399.5,1
6641,broken,302.8,1
6642,nominal,352.1,1
6643,nominal,412.8,1
6644,nominal,404.9,1
6645,nominal,381.5,1
6646,nominal,274.7,1
6647,nominal,270.8,1
6648,nominal,426.9,1
6649,nominal,270.8,1
6650,nominal,349.1,1
6651,nominal,331.6,1
6652,nominal,284.4,1
6653,nominal,323.4,1
6654,nominal,313.3,1
6655,nominal,316.7,1
6656,nominal,290.0,1
6657,nominal,266.8,1
6658,nominal,301.0,1
6659,nominal,270.8,1
6660,nominal,318.4,1
6661,nominal,316.7,1
6662,nominal,318.4,1
6663,nominal,320.1,1
6664,nominal,388.5,1
6665,nominal,378.7,1
6666,nominal,374.4,1
6667,nominal,385.8,1
6668,nominal,380.1,1
6669,nominal,352.1,1
6670,missing,0.0,1
6671,thin,260.6,1
6672,nominal,396.8,1
6673,nominal,276.7,1
6674,nominal,411.5,1
6675,nominal,323.4,1
6676,nominal,291.9,1
6677,nominal,308.0,1
6678,nominal,330.0,1
6679,nominal,323.4,1
6680,nominal,301.0,1
6681,nominal,295.5,1
6682,nominal,308.0,1
6683,nominal,274.7,1
6684,nominal,291.9,1
6685,nominal,321.7,1
6686,nominal,311.5,1
6687,nominal,323.4,1
6688,nominal,315.0,0
6689,nominal,284.4,0
6690,nominal,313.3,0
6691,nominal,316.7,0
6692,broken,375.8,1
6693,nominal,381.5,1
6694,nominal,349.1,1
6695,nominal,391.3,1
6696,nominal,391.3,1
6697,nominal,411.5,1
6698,nominal,290.0,1
6699,thin,252.2,1
6700,nominal,375.8,1
6701,nominal,308.0,1
6702,nominal,406.2,1
6703,nominal,326.7,1
6704,nominal,315.0,1
6705,nominal,321.7,1
6706,nominal,331.6,1
6707,nominal,320.1,1
6708,nominal,308.0,1
6709,nominal,290.0,1
6710,nominal,295.5,1
6711,nominal,288.2,1
6712,nominal,320.1,1
6713,nominal,299.2,1
6714,nominal,316.7,1
6715,nominal,304.5,1
6716,nominal,400.8,1
6717,nominal,361.2,1
6718,nominal,365.7,1
6719,nominal,367.1,1
6720,nominal,407.5,1
6721,nominal,359.7,1
6722,nominal,286.3,1
6723,nominal,304.5,1
6724,nominal,381.5,1
6725,nominal,274.7,1
6726,nominal,391.3,1
6727,nominal,339.7,1
6728,nominal,293.7,1
6729,nominal,321.7,1
6730,nominal,323.4,1
6731,nominal,311.5,1
6732,nominal,290.0,1
6733,nominal,268.8,1
6734,nominal,282.5,1
6735,nominal,282.5,1
6736,nominal,321.7,1
6737,nominal,325.1,1
6738,nominal,323.4,1
6739,nominal,321.7,1
6740,nominal,419.2,1
6741,nominal,399.5,1
6742,nominal,387.2,1
6743,nominal,398.1,1
6744,nominal,426.9,1
6745,nominal,407.5,1
6746,nominal,301.0,1
6747,thin,258.6,1
6748,nominal,365.7,1
6749,nominal,290.0,1
6750,nominal,396.8,1
6751,nominal,328.4,1
6752,nominal,274.7,1
6753,nominal,316.7,1
6754,nominal,325.1,1
6755,nominal,330.0,1
6756,nominal,290.0,1
6757,thin,258.6,1
6758,nominal,284.4,1
6759,nominal,276.7,1
6760,nominal,321.7,1
6761,nominal,326.7,1
6762,nominal,325.1,1
6763,nominal,321.7,1
6764,nominal,388.5,1
6765,nominal,375.8,1
6766,nominal,391.3,1
6767,nominal,385.8,1
6768,nominal,395.4,1
6769,nominal,367.1,1
6770,nominal,280.6,1
6771,nominal,282.5,1
6772,nominal,378.7,1
6773,nominal,282.5,1
6774,nominal,371.5,1
6775,nominal,309.8,1
6776,nominal,266.8,1
6777,nominal,321.7,1
6778,nominal,328.4,1
6779,nominal,331.6,1
6780,nominal,293.7,1
6781,nominal,266.8,1
6782,nominal,278.6,1
6783,nominal,272.8,1
6784,nominal,311.5,1
6785,nominal,323.4,1
6786,nominal,318.4,1
6787,nominal,341.3,1
6788,nominal,374.4,1
6789,nominal,362.7,1
6790,nominal,394.1,1
6791,nominal,370.1,1
6792,nominal,387.2,1
6793,nominal,420.5,1
6794,thin,256.5,1
6795,nominal,268.8,1
6796,nominal,383.0,1
6797,nominal,268.8,1
6798,nominal,374.4,1
6799,nominal,326.7,1
6800,nominal,266.8,1
6801,nominal,320.1,1
6802,nominal,309.8,1
6803,nominal,309.8,1
6804,nominal,278.6,1
6805,nominal,270.8,1
6806,nominal,286.3,1
6807,nominal,268.8,1
6808,nominal,323.4,1
6809,nominal,320.1,1
6810,nominal,320.1,1
6811,nominal,326.7,1
6812,thick,440.6,1
6813,nominal,426.9,1
6814,nominal,399.5,1
6815,nominal,341.3,1
6816,nominal,373.0,1
6817,nominal,385.8,1
6818,nominal,264.7,1
6819,nominal,270.8,1
6820,nominal,387.2,1
6821,nominal,266.8,1
6822,nominal,344.4,1
6823,nominal,309.8,1
6824,nominal,270.8,1
6825,nominal,308.0,1
6826,nominal,302.8,1
6827,nominal,280.6,1
6828,nominal,290.0,1
6829,nominal,264.7,1
6830,nominal,282.5,1
6831,nominal,266.8,1
6832,nominal,318.4,1
6833,nominal,302.8,1
6834,nominal,316.7,1
6835,nominal,323.4,1
6836,thick,441.8,1
6837,nominal,430.7,1
6838,nominal,400.8,1
6839,nominal,403.5,1
6840,nominal,346.0,1
6841,nominal,373.0,1
6842,nominal,272.8,1
6843,nominal,266.8,1
6844,nominal,406.2,1
6845,thin,256.5,1
6846,nominal,336.5,1
6847,nominal,323.4,1
6848,nominal,272.8,1
6849,nominal,316.7,1
6850,nominal,309.8,1
6851,nominal,311.5,1
6852,nominal,291.9,1
6853,nominal,268.8,1
6854,nominal,290.0,1
6855,nominal,270.8,1
6856,nominal,326.7,1
6857,nominal,328.4,1
6858,nominal,326.7,1
6859,nominal,330.0,1
6860,nominal,424.4,1
6861,nominal,370.1,1
6862,nominal,371.5,1
6863,nominal,419.2,1
6864,nominal,398.1,1
6865,nominal,367.1,1
6866,nominal,295.5,1
6867,thin,254.4,1
6868,nominal,406.2,1
6869,nominal,274.7,1
6870,nominal,391.3,1
6871,nominal,323.4,1
6872,nominal,270.8,1
6873,nominal,318.4,1
6874,nominal,334.9,1
6875,nominal,320.1,1
6876,nominal,276.7,1
6877,nominal,262.7,1
6878,nominal,274.7,1
6879,nominal,282.5,1
6880,nominal,309.8,1
6881,nominal,333.3,1
6882,nominal,315.0,1
6883,nominal,330.0,1
6884,nominal,416.7,1
6885,nominal,341.3,1
6886,nominal,368.6,1
6887,nominal,394.1,1
6888,nominal,375.8,1
6889,nominal,407.5,1
6890,nominal,278.6,1
6891,nominal,280.6,1
6892,nominal,359.7,1
6893,nominal,276.7,1
6894,nominal,381.5,1
6895,nominal,325.1,1
6896,nominal,288.2,1
6897,nominal,315.0,1
6898,nominal,321.7,1
6899,nominal,336.5,1
6900,nominal,302.8,1
6901,nominal,288.2,1
6902,nominal,288.2,1
6903,nominal,286.3,1
6904,nominal,311.5,1
6905,nominal,330.0,1
6906,nominal,302.8,1
6907,nominal,325.1,1
6908,nominal,315.0,0
6909,nominal,297.4,0
6910,nominal,311.5,0
6911,nominal,313.3,0
6912,nominal,414.1,1
6913,nominal,339.7,1
6914,nominal,349.1,1
6915,nominal,395.4,1
6916,broken,341.3,1
6917,nominal,410.1,1
6918,nominal,284.4,1
6919,nominal,266.8,1
6920,nominal,412.8,1
6921,nominal,280.6,1
6922,nominal,403.5,1
6923,nominal,331.6,1
6924,nominal,295.5,1
6925,nominal,325.1,1
6926,nominal,323.4,1
6927,nominal,323.4,1
6928,nominal,309.8,1
6929,nominal,286.3,1
6930,nominal,291.9,1
6931,nominal,278.6,1
6932,nominal,313.3,1
6933,nominal,311.5,1
6934,nominal,320.1,1
6935,nominal,313.3,1
6936,nominal,373.0,1
6937,necked,328.4,1
6938,nominal,378.7,1
6939,nominal,370.1,1
6940,nominal,394.1,1
6941,nominal,408.8,1
6942,nominal,308.0,1
6943,nominal,291.9,1
6944,nominal,395.4,1
6945,nominal,276.7,1
6946,nominal,384.4,1
6947,nominal,331.6,1
6948,nominal,290.0,1
6949,nominal,318.4,1
6950,nominal,330.0,1
6951,nominal,321.7,1
6952,nominal,295.5,1
6953,nominal,266.8,1
6954,nominal,297.4,1
6955,nominal,276.7,1
6956,nominal,321.7,1
6957,nominal,321.7,1
6958,nominal,309.8,1
6959,nominal,330.0,1
6960,nominal,408.8,1
6961,nominal,377.3,1
6962,nominal,373.0,1
6963,nominal,380.1,1
6964,nominal,399.5,1
6965,nominal,402.2,1
6966,nominal,274.7,1
6967,nominal,268.8,1
6968,nominal,371.5,1
6969,nominal,264.7,1
6970,thick,466.7,1
6971,nominal,330.0,1
6972,nominal,299.2,1
6973,nominal,318.4,1
6974,nominal,328.4,1
6975,nominal,333.3,1
6976,nominal,295.5,1
6977,nominal,282.5,1
6978,nominal,291.9,1
6979,nominal,278.6,1
6980,nominal,315.0,1
6981,nominal,320.1,1
6982,nominal,321.7,1
6983,nominal,325.1,1
6984,nominal,342.8,1
6985,nominal,384.4,1
6986,nominal,356.7,1
6987,nominal,308.0,1
6988,nominal,375.8,1
6989,nominal,399.5,1
6990,nominal,280.6,1
6991,nominal,276.7,1
6992,nominal,378.7,1
6993,nominal,264.7,1
6994,nominal,380.1,1
6995,nominal,328.4,1
6996,nominal,278.6,1
6997,nominal,331.6,1
6998,nominal,325.1,1
6999,nominal,325.1,1
7000,nominal,297.4,1
7001,nominal,266.8,1
7002,nominal,278.6,1
7003,nominal,276.7,1
7004,nominal,326.7,1
7005,nominal,339.7,1
7006,nominal,325.1,1
7007,nominal,325.1,1
7008,nominal,414.1,1
7009,nominal,374.4,1
7010,nominal,385.8,1
7011,nominal,378.7,1
7012,nominal,387.2,1
7013,nominal,396.8,1
7014,nominal,284.4,1
7015,nominal,268.8,1
7016,nominal,381.5,1
7017,nominal,262.7,1
7018,nominal,374.4,1
7019,nominal,311.5,1
7020,nominal,270.8,1
7021,nominal,304.5,1
7022,nominal,321.7,1
7023,nominal,315.0,1
7024,nominal,268.8,1
7025,nominal,272.8,1
7026,nominal,266.8,1
7027,nominal,262.7,1
7028,nominal,320.1,1
7029,nominal,325.1,1
7030,nominal,318.4,1
7031,nominal,316.7,1
7032,nominal,433.2,1
7033,nominal,421.8,1
7034,nominal,368.6,1
7035,nominal,398.1,1
7036,nominal,387.2,1
7037,nominal,356.7,1
7038,nominal,268.8,1
7039,nominal,266.8,1
7040,nominal,392.7,1
7041,thin,260.6,1
7042,nominal,336.5,1
7043,nominal,299.2,1
7044,nominal,266.8,1
7045,nominal,308.0,1
7046,nominal,301.0,1
7047,nominal,301.0,1
7048,nominal,288.2,1
7049,nominal,276.7,1
7050,nominal,284.4,1
7051,nominal,278.6,1
7052,nominal,321.7,1
7053,nominal,320.1,1
7054,nominal,325.1,1
7055,nominal,331.6,1
7056,nominal,392.7,1
7057,nominal,402.2,1
7058,nominal,375.8,1
7059,nominal,381.5,1
7060,nominal,388.5,1
7061,nominal,359.7,1
7062,nominal,272.8,1
7063,thin,245.7,1
7064,nominal,407.5,1
7065,nominal,278.6,1
7066,nominal,339.7,1
7067,nominal,311.5,1
7068,nominal,266.8,1
7069,nominal,315.0,1
7070,nominal,320.1,1
7071,nominal,313.3,1
7072,nominal,293.7,1
7073,nominal,280.6,1
7074,nominal,299.2,1
7075,nominal,282.5,1
7076,nominal,323.4,1
7077,nominal,336.5,1
7078,nominal,331.6,1
7079,nominal,316.7,1
7080,nominal,387.2,1
7081,nominal,374.4,1
7082,nominal,356.7,1
7083,thick,443.0,1
7084,nominal,435.6,1
7085,nominal,371.5,1
7086,nominal,274.7,1
7087,nominal,276.7,1
7088,nominal,411.5,1
7089,thin,260.6,1
7090,nominal,347.5,1
7091,nominal,323.4,1
7092,nominal,274.7,1
7093,nominal,323.4,1
7094,nominal,333.3,1
7095,nominal,325.1,1
7096,nominal,288.2,1
7097,nominal,268.8,1
7098,nominal,286.3,1
7099,nominal,272.8,1
7100,nominal,316.7,1
7101,nominal,325.1,1
7102,nominal,318.4,1
7103,nominal,330.0,1
7104,nominal,426.9,1
7105,nominal,406.2,1
7106,nominal,375.8,1
7107,nominal,396.8,1
7108,nominal,311.5,1
7109,nominal,374.4,1
7110,nominal,270.8,1
7111,nominal,268.8,1
7112,nominal,403.5,1
7113,nominal,272.8,1
7114,nominal,415.4,1
7115,nominal,313.3,1
7116,nominal,272.8,1
7117,nominal,318.4,1
7118,nominal,326.7,1
7119,nominal,328.4,1
7120,nominal,282.5,1
7121,nominal,299.2,1
7122,nominal,304.5,1
7123,nominal,284.4,1
7124,nominal,315.0,1
7125,nominal,311.5,1
7126,nominal,318.4,1
7127,nominal,311.5,1
7128,nominal,315.0,0
7129,nominal,299.2,0
7130,nominal,321.7,0
7131,nominal,308.0,0
7132,nominal,407.5,1
7133,nominal,389.9,1
7134,nominal,368.6,1
7135,nominal,391.3,1
7136,nominal,399.5,1
7137,nominal,404.9,1
7138,nominal,282.5,1
7139,nominal,268.8,1
7140,nominal,407.5,1
7141,nominal,284.4,1
7142,nominal,365.7,1
7143,nominal,331.6,1
7144,nominal,302.8,1
7145,nominal,321.7,1
7146,nominal,321.7,1
7147,nominal,323.4,1
7148,nominal,325.1,1
7149,nominal,266.8,1
7150,nominal,302.8,1
7151,nominal,280.6,1
7152,nominal,304.5,1
7153,nominal,339.7,1
7154,nominal,309.8,1
7155,nominal,333.3,1
7156,nominal,395.4,1
7157,nominal,383.0,1
7158,nominal,378.7,1
7159,nominal,389.9,1
7160,nominal,391.3,1
7161,nominal,392.7,1
7162,nominal,297.4,1
7163,nominal,280.6,1
7164,nominal,398.1,1
7165,nominal,272.8,1
7166,nominal,415.4,1
7167,nominal,333.3,1
7168,nominal,293.7,1
7169,nominal,315.0,1
7170,nominal,333.3,1
7171,nominal,330.0,1
7172,nominal,295.5,1
7173,nominal,278.6,1
7174,nominal,290.0,1
7175,nominal,274.7,1
7176,nominal,328.4,1
7177,nominal,328.4,1
7178,nominal,330.0,1
7179,nominal,325.1,1
7180,nominal,375.8,1
7181,nominal,396.8,1
7182,nominal,380.1,1
7183,nominal,359.7,1
7184,nominal,411.5,1
7185,nominal,398.1,1
7186,nominal,302.8,1
7187,nominal,264.7,1
7188,nominal,365.7,1
7189,nominal,270.8,1
7190,nominal,396.8,1
7191,nominal,315.0,1
7192,nominal,280.6,1
7193,nominal,323.4,1
7194,nominal,325.1,1
7195,nominal,334.9,1
7196,nominal,301.0,1
7197,nominal,270.8,1
7198,nominal,278.6,1
7199,nominal,264.7,1
7200,nominal,325.1,1
7201,nominal,326.7,1
7202,nominal,328.4,1
7203,nominal,328.4,1
7204,nominal,404.9,1
7205,nominal,384.4,1
7206,nominal,396.8,1
7207,nominal,384.4,1
7208,nominal,414.1,1
7209,nominal,414.1,1
7210,nominal,288.2,1
7211,nominal,274.7,1
7212,nominal,392.7,1
7213,nominal,266.8,1
7214,nominal,388.5,1
7215,nominal,334.9,1
7216,nominal,268.8,1
7217,nominal,328.4,1
7218,nominal,328.4,1
7219,nominal,331.6,1
7220,nominal,291.9,1
7221,nominal,266.8,1
7222,nominal,290.0,1
7223,nominal,266.8,1
7224,nominal,326.7,1
7225,missing,0.0,1
7226,nominal,323.4,1
7227,nominal,334.9,1
7228,nominal,398.1,1
7229,nominal,367.1,1
7230,nominal,353.7,1
7231,nominal,358.2,1
7232,nominal,395.4,1
7233,nominal,418.0,1
7234,nominal,288.2,1
7235,nominal,264.7,1
7236,nominal,408.8,1
7237,thin,252.2,1
7238,nominal,385.8,1
7239,nominal,323.4,1
7240,nominal,274.7,1
7241,nominal,321.7,1
7242,nominal,325.1,1
7243,nominal,315.0,1
7244,nominal,274.7,1
7245,nominal,268.8,1
7246,nominal,284.4,1
7247,nominal,266.8,1
7248,nominal,320.1,1
7249,nominal,334.9,1
7250,nominal,326.7,1
7251,nominal,331.6,1
7252,nominal,385.8,1
7253,nominal,364.2,1
7254,nominal,374.4,1
7255,nominal,402.2,1
7256,nominal,399.5,1
7257,nominal,384.4,1
7258,nominal,272.8,1
7259,nominal,264.7,1
7260,nominal,377.3,1
7261,nominal,290.0,1
7262,nominal,377.3,1
7263,nominal,316.7,1
7264,thin,260.6,1
7265,nominal,302.8,1
7266,nominal,302.8,1
7267,nominal,311.5,1
7268,nominal,284.4,1
7269,nominal,278.6,1
7270,nominal,282.5,1
7271,nominal,284.4,1
7272,nominal,315.0,1
7273,nominal,330.0,1
7274,nominal,318.4,1
7275,nominal,338.1,1
7276,thick,440.6,1
7277,nominal,418.0,1
7278,nominal,374.4,1
7279,nominal,394.1,1
7280,nominal,364.2,1
7281,nominal,391.3,1
7282,nominal,266.8,1
7283,nominal,264.7,1
7284,nominal,406.2,1
7285,nominal,288.2,1
7286,nominal,399.5,1
7287,nominal,321.7,1
7288,nominal,278.6,1
7289,nominal,313.3,1
7290,nominal,315.0,1
7291,nominal,318.4,1
7292,nominal,284.4,1
7293,nominal,280.6,1
7294,nominal,288.2,1
7295,nominal,288.2,1
7296,nominal,328.4,1
7297,nominal,320.1,1
7298,nominal,328.4,1
7299,nominal,328.4,1
7300,nominal,406.2,1
7301,nominal,367.1,1
7302,nominal,385.8,1
7303,nominal,407.5,1
7304,broken,367.1,1
7305,nominal,336.5,1
7306,nominal,270.8,1
7307,nominal,288.2,1
7308,nominal,395.4,1
7309,nominal,282.5,1
7310,nominal,400.8,1
7311,nominal,328.4,1
7312,nominal,272.8,1
7313,nominal,330.0,1
7314,nominal,328.4,1
7315,nominal,316.7,1
7316,nominal,290.0,1
7317,nominal,266.8,1
7318,nominal,293.7,1
7319,nominal,270.8,1
7320,nominal,325.1,1
7321,nominal,318.4,1
7322,nominal,321.7,1
7323,nominal,326.7,1
7324,nominal,374.4,1
7325,nominal,408.8,1
7326,nominal,339.7,1
7327,nominal,384.4,1
7328,nominal,400.8,1
7329,nominal,407.5,1
7330,nominal,266.8,1
7331,nominal,272.8,1
7332,nominal,392.7,1
7333,nominal,280.6,1
7334,nominal,394.1,1
7335,nominal,330.0,1
7336,nominal,291.9,1
7337,nominal,315.0,1
7338,nominal,321.7,1
7339,nominal,325.1,1
7340,nominal,288.2,1
7341,nominal,304.5,1
7342,nominal,276.7,1
7343,nominal,290.0,1
7344,nominal,323.4,1
7345,nominal,330.0,1
7346,nominal,309.8,1
7347,nominal,326.7,1
7348,nominal,302.8,0
7349,nominal,316.7,0
7350,nominal,320.1,0
7351,nominal,306.3,0
7352,nominal,394.1,1
7353,nominal,371.5,1
7354,nominal,380.1,1
7355,nominal,374.4,1
7356,nominal,402.2,1
7357,nominal,383.0,1
7358,nominal,288.2,1
7359,nominal,278.6,1
7360,nominal,373.0,1
7361,nominal,302.8,1
7362,nominal,373.0,1
7363,nominal,318.4,1
7364,nominal,293.7,1
7365,nominal,334.9,1
7366,nominal,330.0,1
7367,nominal,323.4,1
7368,nominal,320.1,1
7369,nominal,270.8,1
7370,nominal,302.8,1
7371,nominal,282.5,1
7372,nominal,306.3,1
7373,nominal,323.4,1
7374,nominal,302.8,1
7375,nominal,311.5,1
7376,nominal,395.4,1
7377,nominal,434.4,1
7378,nominal,384.4,1
7379,nominal,380.1,1
7380,nominal,434.4,1
7381,nominal,400.8,1
7382,nominal,308.0,1
7383,nominal,284.4,1
7384,nominal,389.9,1
7385,nominal,268.8,1
7386,nominal,423.1,1
7387,nominal,334.9,1
7388,nominal,299.2,1
7389,nominal,333.3,1
7390,nominal,320.1,1
7391,nominal,333.3,1
7392,nominal,295.5,1
7393,nominal,268.8,1
7394,nominal,290.0,1
7395,nominal,262.7,1
7396,nominal,328.4,1
7397,nominal,320.1,1
7398,nominal,320.1,1
7399,nominal,336.5,1
7400,nominal,365.7,1
7401,nominal,365.7,1
7402,nominal,419.2,1
7403,nominal,381.5,1
7404,broken,365.7,1
7405,nominal,368.6,1
7406,nominal,293.7,1
7407,nominal,268.8,1
7408,nominal,412.8,1
7409,nominal,266.8,1
7410,nominal,398.1,1
7411,nominal,323.4,1
7412,nominal,301.0,1
7413,nominal,330.0,1
7414,nominal,325.1,1
7415,nominal,336.5,1
7416,nominal,301.0,1
7417,nominal,268.8,1
7418,nominal,301.0,1
7419,thin,250.1,1
7420,missing,0.0,1
7421,nominal,334.9,1
7422,nominal,344.4,1
7423,nominal,334.9,1
7424,nominal,391.3,1
7425,nominal,370.1,1
7426,nominal,416.7,1
7427,nominal,381.5,1
7428,nominal,419.2,1
7429,nominal,406.2,1
7430,nominal,297.4,1
7431,nominal,268.8,1
7432,nominal,400.8,1
7433,nominal,266.8,1
7434,nominal,406.2,1
7435,nominal,341.3,1
7436,nominal,284.4,1
7437,nominal,323.4,1
7438,nominal,338.1,1
7439,nominal,336.5,1
7440,nominal,297.4,1
7441,nominal,268.8,1
7442,nominal,291.9,1
7443,nominal,274.7,1
7444,nominal,326.7,1
7445,nominal,342.8,1
7446,nominal,333.3,1
7447,nominal,333.3,1
7448,nominal,364.2,1
7449,nominal,402.2,1
7450,nominal,412.8,1
7451,nominal,387.2,1
7452,nominal,412.8,1
7453,nominal,421.8,1
7454,nominal,264.7,1
7455,nominal,266.8,1
7456,nominal,339.7,1
7457,nominal,268.8,1
7458,nominal,350.6,1
7459,nominal,326.7,1
7460,nominal,284.4,1
7461,nominal,323.4,1
7462,nominal,318.4,1
7463,nominal,318.4,1
7464,nominal,280.6,1
7465,nominal,293.7,1
7466,nominal,290.0,1
7467,nominal,274.7,1
7468,nominal,334.9,1
7469,nominal,325.1,1
7470,nominal,318.4,1
7471,nominal,344.4,1
7472,nominal,361.2,1
7473,nominal,396.8,1
7474,nominal,378.7,1
7475,nominal,380.1,1
7476,nominal,381.5,1
7477,nominal,378.7,1
7478,nominal,278.6,1
7479,nominal,284.4,1
7480,nominal,362.7,1
7481,nominal,270.8,1
7482,nominal,359.7,1
7483,nominal,299.2,1
7484,nominal,278.6,1
7485,nominal,315.0,1
7486,nominal,302.8,1
7487,nominal,320.1,1
7488,nominal,302.8,1
7489,nominal,278.6,1
7490,nominal,286.3,1
7491,nominal,276.7,1
7492,nominal,323.4,1
7493,nominal,333.3,1
7494,nominal,321.7,1
7495,nominal,328.4,1
7496,nominal,403.5,1
7497,nominal,392.7,1
7498,nominal,387.2,1
7499,nominal,410.1,1
7500,nominal,399.5,1
7501,nominal,406.2,1
7502,nominal,274.7,1
7503,nominal,291.9,1
7504,nominal,396.8,1
7505,nominal,278.6,1
7506,nominal,383.0,1
7507,nominal,321.7,1
7508,nominal,272.8,1
7509,nominal,331.6,1
7510,nominal,320.1,1
7511,nominal,321.7,1
7512,nominal,280.6,1
7513,nominal,284.4,1
7514,nominal,280.6,1
7515,nominal,297.4,1
7516,nominal,334.9,1
7517,nominal,341.3,1
7518,nominal,328.4,1
7519,nominal,341.3,1
7520,nominal,424.4,1
7521,nominal,396.8,1
7522,nominal,380.1,1
7523,nominal,402.2,1
7524,nominal,396.8,1
7525,nominal,365.7,1
7526,nominal,270.8,1
7527,nominal,276.7,1
7528,nominal,378.7,1
7529,nominal,280.6,1
7530,nominal,320.1,1
7531,nominal,323.4,1
7532,nominal,270.8,1
7533,nominal,330.0,1
7534,nominal,346.0,1
7535,nominal,328.4,1
7536,nominal,282.5,1
7537,nominal,288.2,1
7538,nominal,276.7,1
7539,nominal,295.5,1
7540,nominal,328.4,1
7541,nominal,328.4,1
7542,nominal,316.7,1
7543,nominal,330.0,1
7544,nominal,403.5,1
7545,nominal,381.5,1
7546,nominal,399.5,1
7547,nominal,394.1,1
7548,nominal,371.5,1
7549,nominal,412.8,1
7550,nominal,272.8,1
7551,nominal,282.5,1
7552,nominal,406.2,1
7553,nominal,286.3,1
7554,nominal,387.2,1
7555,nominal,336.5,1
7556,nominal,268.8,1
7557,nominal,346.0,1
7558,nominal,338.1,1
7559,nominal,325.1,1
7560,nominal,293.7,1
7561,nominal,302.8,1
7562,nominal,301.0,1
7563,nominal,304.5,1
7564,nominal,321.7,1
7565,nominal,325.1,1
7566,nominal,318.4,1
7567,nominal,320.1,1
7568,nominal,293.7,0
7569,nominal,311.5,0
7570,nominal,321.7,0
7571,nominal,288.2,0
7572,nominal,392.7,1
7573,nominal,375.8,1
7574,nominal,383.0,1
7575,nominal,374.4,1
7576,nominal,414.1,1
7577,nominal,414.1,1
7578,nominal,286.3,1
7579,nominal,290.0,1
7580,broken,338.9,0
7581,nominal,311.5,1
7582,nominal,402.2,1
7583,nominal,323.4,1
7584,nominal,290.0,1
7585,nominal,320.1,1
7586,nominal,326.7,1
7587,nominal,320.1,1
7588,nominal,323.4,1
7589,nominal,276.7,1
7590,nominal,308.0,1
7591,nominal,280.6,1
7592,nominal,315.0,1
7593,nominal,313.3,1
7594,nominal,315.0,1
7595,nominal,308.0,1
7596,nominal,431.9,1
7597,nominal,404.9,1
7598,nominal,371.5,1
7599,nominal,378.7,1
7600,nominal,388.5,1
7601,nominal,412.8,1
7602,nominal,308.0,1
7603,nominal,274.7,1
7604,nominal,431.9,1
7605,nominal,264.7,1
7606,nominal,356.7,1
7607,nominal,328.4,1
7608,nominal,295.5,1
7609,nominal,330.0,1
7610,nominal,321.7,1
7611,nominal,326.7,1
7612,nominal,309.8,1
7613,thin,258.6,1
7614,nominal,308.0,1
7615,thin,247.9,1
7616,nominal,320.1,1
7617,nominal,325.1,1
7618,nominal,313.3,1
7619,nominal,323.4,1
7620,nominal,415.4,1
7621,nominal,420.5,1
7622,nominal,399.5,1
7623,nominal,429.4,1
7624,nominal,404.9,1
7625,nominal,392.7,1
7626,nominal,304.5,1
7627,nominal,272.8,1
7628,nominal,399.5,1
7629,nominal,266.8,1
7630,nominal,380.1,1
7631,nominal,339.7,1
7632,nominal,291.9,1
7633,nominal,325.1,1
7634,nominal,331.6,1
7635,nominal,326.7,1
7636,nominal,302.8,1
7637,nominal,270.8,1
7638,nominal,297.4,1
7639,nominal,276.7,1
7640,nominal,321.7,1
7641,nominal,331.6,1
7642,nominal,320.1,1
7643,nominal,336.5,1
7644,nominal,391.3,1
7645,nominal,392.7,1
7646,nominal,403.5,1
7647,nominal,410.1,1
7648,nominal,408.8,1
7649,nominal,377.3,1
7650,nominal,293.7,1
7651,nominal,270.8,1
7652,nominal,380.1,1
7653,nominal,262.7,1
7654,nominal,388.5,1
7655,nominal,336.5,1
7656,nominal,278.6,1
7657,nominal,328.4,1
7658,nominal,320.1,1
7659,nominal,318.4,1
7660,nominal,306.3,1
7661,nominal,276.7,1
7662,nominal,280.6,1
7663,nominal,274.7,1
7664,nominal,328.4,1
7665,nominal,330.0,1
7666,nominal,325.1,1
7667,nominal,341.3,1
7668,nominal,412.8,1
7669,nominal,392.7,1
7670,nominal,420.5,1
7671,nominal,426.9,1
7672,nominal,395.4,1
7673,nominal,402.2,1
7674,nominal,280.6,1
7675,nominal,264.7,1
7676,nominal,410.1,1
7677,nominal,268.8,1
7678,nominal,373.0,1
7679,nominal,323.4,1
7680,nominal,276.7,1
7681,nominal,313.3,1
7682,nominal,325.1,1
7683,nominal,315.0,1
7684,nominal,290.0,1
7685,nominal,270.8,1
7686,nominal,280.6,1
7687,nominal,264.7,1
7688,nominal,323.4,1
7689,nominal,334.9,1
7690,nominal,320.1,1
7691,nominal,323.4,1
7692,nominal,410.1,1
7693,nominal,423.1,1
7694,nominal,350.6,1
7695,nominal,398.1,1
7696,nominal,410.1,1
7697,nominal,358.2,1
7698,nominal,270.8,1
7699,nominal,278.6,1
7700,nominal,412.8,1
7701,nominal,270.8,1
7702,nominal,402.2,1
7703,nominal,316.7,1
7704,nominal,274.7,1
7705,nominal,316.7,1
7706,missing,0.0,1
7707,nominal,320.1,1
7708,nominal,284.4,1
7709,nominal,276.7,1
7710,nominal,291.9,1
7711,nominal,286.3,1
7712,nominal,326.7,1
7713,nominal,316.7,1
7714,nominal,316.7,1
7715,nominal,338.1,1
7716,thick,439.3,1
7717,nominal,411.5,1
7718,nominal,415.4,1
7719,nominal,378.7,1
7720,thick,456.2,1
7721,nominal,404.9,1
7722,nominal,286.3,1
7723,nominal,270.8,1
7724,nominal,384.4,1
7725,nominal,278.6,1
7726,nominal,412.8,1
7727,nominal,339.7,1
7728,nominal,268.8,1
7729,nominal,323.4,1
7730,nominal,328.4,1
7731,nominal,311.5,1
7732,nominal,288.2,1
7733,nominal,297.4,1
7734,nominal,282.5,1
7735,nominal,286.3,1
7736,nominal,326.7,1
7737,nominal,330.0,1
7738,nominal,330.0,1
7739,nominal,338.1,1
7740,nominal,410.1,1
7741,nominal,392.7,1
7742,nominal,395.4,1
7743,nominal,406.2,1
7744,nominal,396.8,1
7745,nominal,389.9,1
7746,nominal,268.8,1
7747,nominal,293.7,1
7748,thick,451.4,1
7749,nominal,291.9,1
7750,nominal,347.5,1
7751,nominal,349.1,1
7752,nominal,262.7,1
7753,nominal,323.4,1
7754,nominal,328.4,1
7755,nominal,334.9,1
7756,nominal,280.6,1
7757,nominal,297.4,1
7758,nominal,284.4,1
7759,nominal,301.0,1
7760,nominal,323.4,1
7761,nominal,331.6,1
7762,nominal,330.0,1
7763,nominal,336.5,1
7764,nominal,381.5,1
7765,nominal,387.2,1
7766,nominal,398.1,1
7767,nominal,392.7,1
7768,nominal,403.5,1
7769,nominal,415.4,1
7770,nominal,264.7,1
7771,nominal,295.5,1
7772,nominal,398.1,1
7773,nominal,299.2,1
7774,nominal,358.2,1
7775,nominal,333.3,1
7776,nominal,264.7,1
7777,nominal,336.5,1
7778,nominal,330.0,1
7779,nominal,331.6,1
7780,nominal,278.6,1
7781,nominal,309.8,1
7782,nominal,278.6,1
7783,nominal,299.2,1
7784,nominal,320.1,1
7785,nominal,308.0,1
7786,nominal,318.4,1
7787,nominal,328.4,1
7788,nominal,297.4,0
7789,nominal,301.0,0
7790,nominal,308.0,0
7791,nominal,297.4,0
7792,nominal,411.5,1
7793,nominal,384.4,1
7794,nominal,392.7,1
7795,nominal,367.1,1
7796,nominal,388.5,1
7797,nominal,385.8,1
7798,nominal,272.8,1
7799,nominal,293.7,1
7800,nominal,425.6,1
7801,nominal,308.0,1
7802,nominal,356.7,1
7803,nominal,339.7,1
7804,nominal,270.8,1
7805,nominal,336.5,1
7806,nominal,330.0,1
7807,nominal,328.4,1
7808,nominal,318.4,1
7809,nominal,270.8,1
7810,nominal,318.4,1
7811,nominal,284.4,1
7812,nominal,304.5,1
7813,nominal,301.9,0
7814,nominal,304.5,1
7815,nominal,293.7,1
7816,nominal,358.2,1
7817,nominal,373.0,1
7818,nominal,371.5,1
7819,nominal,373.0,1
7820,missing,0.0,0
7821,missing,0.0,0
7822,missing,0.0,0
7823,missing,0.0,0
7824,nominal,381.5,1
7825,nominal,418.0,1
7826,nominal,323.4,1
7827,nominal,270.8,1
7828,nominal,370.1,1
7829,nominal,280.6,1
7830,nominal,359.7,1
7831,nominal,331.6,1
7832,nominal,282.5,1
7833,nominal,320.1,1
7834,nominal,328.4,1
7835,nominal,323.4,1
7836,nominal,308.0,1
7837,nominal,268.8,1
7838,nominal,313.3,1
7839,nominal,290.0,1
7840,nominal,318.4,1
7841,nominal,311.5,1
7842,nominal,313.3,1
7843,nominal,316.7,1
7844,nominal,407.5,1
7845,nominal,326.7,1
7846,nominal,367.1,1
7847,nominal,383.0,1
7848,missing,0.0,0
7849,missing,0.0,0
7850,missing,0.0,0
7851,missing,0.0,0
7852,nominal,395.4,1
7853,nominal,380.1,1
7854,nominal,302.8,1
7855,nominal,266.8,1
7856,nominal,396.8,1
7857,nominal,274.7,1
7858,nominal,334.9,1
7859,nominal,330.0,1
7860,nominal,291.9,1
7861,nominal,320.1,1
7862,nominal,320.1,1
7863,nominal,320.1,1
7864,nominal,308.0,1
7865,nominal,282.5,1
7866,nominal,311.5,1
7867,nominal,282.5,1
7868,nominal,325.1,1
7869,nominal,306.3,1
7870,nominal,323.4,1
7871,nominal,331.6,1
7872,nominal,412.8,1
7873,nominal,373.0,1
7874,nominal,394.1,1
7875,nominal,403.5,1
7876,missing,0.0,0
7877,missing,0.0,0
7878,missing,0.0,0
7879,missing,0.0,0
7880,nominal,368.6,1
7881,nominal,361.2,1
7882,nominal,293.7,1
7883,nominal,278.6,1
7884,nominal,371.5,1
7885,nominal,291.9,1
7886,nominal,349.1,1
7887,nominal,318.4,1
7888,nominal,295.5,1
7889,nominal,315.0,1
7890,nominal,320.1,1
7891,nominal,325.1,1
7892,nominal,288.2,1
7893,nominal,280.6,1
7894,nominal,308.0,1
7895,nominal,282.5,1
7896,nominal,318.4,1
7897,nominal,325.1,1
7898,nominal,321.7,1
7899,nominal,323.4,1
7900,nominal,380.1,1
7901,nominal,389.9,1
7902,nominal,394.1,1
7903,nominal,371.5,1
7904,missing,0.0,0
7905,missing,0.0,0
7906,missing,0.0,0
7907,missing,0.0,0
7908,nominal,355.2,1
7909,nominal,371.5,1
7910,nominal,304.5,1
7911,nominal,272.8,1
7912,nominal,389.9,1
7913,nominal,290.0,1
7914,nominal,350.6,1
7915,nominal,331.6,1
7916,nominal,284.4,1
7917,nominal,316.7,1
7918,nominal,318.4,1
7919,nominal,325.1,1
7920,nominal,282.5,1
7921,nominal,280.6,1
7922,nominal,301.0,1
7923,nominal,293.7,1
7924,nominal,330.0,1
7925,nominal,318.4,1
7926,nominal,306.3,1
7927,nominal,323.4,1
7928,nominal,411.5,1
7929,nominal,389.9,1
7930,nominal,398.1,1
7931,nominal,381.5,1
7932,missing,0.0,0
7933,missing,0.0,0
7934,missing,0.0,0
7935,missing,0.0,0
7936,nominal,368.6,1
7937,nominal,370.1,1
7938,nominal,278.6,1
7939,nominal,270.8,1
7940,nominal,407.5,1
7941,nominal,284.4,1
7942,nominal,374.4,1
7943,nominal,333.3,1
7944,nominal,272.8,1
7945,nominal,323.4,1
7946,nominal,309.8,1
7947,nominal,315.0,1
7948,nominal,280.6,1
7949,nominal,290.0,1
7950,nominal,290.0,1
7951,nominal,290.0,1
7952,nominal,315.0,1
7953,nominal,320.1,1
7954,nominal,308.0,1
7955,nominal,318.4,1
7956,nominal,377.3,1
7957,nominal,375.8,1
7958,nominal,358.2,1
7959,nominal,404.9,1
7960,missing,0.0,0
7961,missing,0.0,0
7962,missing,0.0,0
7963,missing,0.0,0
7964,nominal,362.7,1
7965,nominal,387.2,1
7966,nominal,276.7,1
7967,nominal,276.7,1
7968,nominal,381.5,1
7969,nominal,311.5,1
7970,nominal,396.8,1
7971,nominal,336.5,1
7972,nominal,290.0,1
7973,nominal,323.4,1
7974,nominal,320.1,1
7975,nominal,315.0,1
7976,nominal,286.3,1
7977,nominal,306.3,1
7978,nominal,308.0,1
7979,nominal,304.5,1
7980,nominal,318.4,1
7981,nominal,330.0,1
7982,nominal,315.0,1
7983,nominal,323.4,1
7984,nominal,361.2,1
7985,nominal,375.8,1
7986,nominal,336.5,1
7987,nominal,368.6,1
7988,missing,0.0,0
7989,missing,0.0,0
7990,missing,0.0,0
7991,missing,0.0,0
7992,nominal,364.2,1
7993,nominal,365.7,1
7994,nominal,295.5,1
7995,nominal,295.5,1
7996,nominal,368.6,1
7997,broken,295.5,1
7998,nominal,375.8,1
7999,nominal,325.1,1
8000,thin,256.5,1
8001,nominal,323.4,1
8002,nominal,318.4,1
8003,nominal,318.4,1
8004,nominal,286.3,1
8005,nominal,293.7,1
8006,nominal,297.4,1
8007,nominal,315.0,1
8008,nominal,334.9,1
8009,nominal,328.4,1
8010,nominal,320.1,1
8011,nominal,330.0,1
8012,nominal,389.9,1
8013,nominal,346.0,1
8014,nominal,338.1,1
8015,nominal,408.8,1
8016,missing,0.0,0
8017,missing,0.0,0
8018,missing,0.0,0
8019,missing,0.0,0
8020,nominal,339.7,1
8021,nominal,370.1,1
8022,nominal,280.6,1
8023,nominal,291.9,1
8024,nominal,412.8,1
8025,nominal,299.2,1
8026,nominal,392.7,1
8027,nominal,336.5,1
8028,nominal,280.6,1
8029,nominal,328.4,1
8030,nominal,334.9,1
8031,nominal,320.1,1
8032,nominal,270.8,1
8033,nominal,311.5,1
8034,nominal,291.9,1
8035,nominal,306.3,1
8036,nominal,323.4,1
8037,nominal,321.7,1
8038,nominal,318.4,1
8039,nominal,326.7,1
8040,nominal,290.0,0
8041,nominal,295.5,0
8042,nominal,291.9,0
8043,nominal,278.6,0
8044,nominal,383.0,1
8045,nominal,338.1,1
8046,nominal,346.0,1
8047,nominal,394.1,1
8048,missing,0.0,0
8049,missing,0.0,0
8050,missing,0.0,0
8051,missing,0.0,0
8052,nominal,350.6,1
8053,nominal,396.8,1
8054,nominal,278.6,1
8055,nominal,302.8,1
8056,nominal,400.8,1
8057,nominal,304.5,1
8058,nominal,368.6,1
8059,nominal,328.4,1
8060,nominal,278.6,1
8061,nominal,325.1,1
8062,nominal,331.6,1
8063,nominal,318.4,1
8064,nominal,306.3,1
8065,nominal,318.4,1
8066,nominal,288.2,1
8067,nominal,308.0,1
8068,nominal,302.8,1
8069,nominal,308.0,1
8070,nominal,293.7,1
8071,broken,293.7,1
8072,nominal,350.6,1
8073,nominal,286.3,1
8074,nominal,344.4,1
8075,nominal,378.7,1
8076,nominal,374.4,1
8077,nominal,365.7,1
8078,thin,258.6,1
8079,nominal,299.2,1
8080,nominal,406.2,1
8081,nominal,278.6,1
8082,nominal,353.7,1
8083,nominal,313.3,1
8084,nominal,262.7,1
8085,nominal,320.1,1
8086,nominal,333.3,1
8087,nominal,325.1,1
8088,nominal,280.6,1
8089,nominal,311.5,1
8090,nominal,272.8,1
8091,nominal,295.5,1
8092,nominal,320.1,1
8093,nominal,315.0,1
8094,nominal,315.0,1
8095,nominal,306.3,1
8096,nominal,341.3,1
8097,nominal,371.5,1
8098,nominal,330.0,1
8099,necked,347.5,1
8100,nominal,388.5,1
8101,nominal,359.7,1
8102,thin,236.8,1
8103,nominal,286.3,1
8104,nominal,371.5,1
8105,nominal,266.8,1
8106,nominal,352.1,1
8107,nominal,338.1,1
8108,nominal,266.8,1
8109,nominal,316.7,1
8110,nominal,328.4,1
8111,nominal,313.3,1
8112,nominal,293.7,1
8113,nominal,304.5,1
8114,missing,0.0,1
8115,nominal,280.6,1
8116,nominal,325.1,1
8117,nominal,323.4,1
8118,nominal,295.5,1
8119,nominal,331.6,1
8120,nominal,378.7,1
8121,broken,334.9,1
8122,nominal,331.6,1
8123,broken,313.3,1
8124,nominal,380.1,1
8125,nominal,359.7,1
8126,thin,256.5,1
8127,nominal,280.6,1
8128,nominal,374.4,1
8129,nominal,278.6,1
8130,nominal,352.1,1
8131,nominal,315.0,1
8132,thin,260.6,1
8133,nominal,313.3,1
8134,nominal,320.1,1
8135,nominal,316.7,1
8136,broken,0.0,1
8137,broken,278.6,1
8138,nominal,280.6,1
8139,nominal,280.6,1
8140,broken,309.8,1
8141,nominal,320.1,1
8142,nominal,308.0,1
8143,nominal,315.0,1
8144,nominal,361.2,1
8145,nominal,338.1,1
8146,broken,299.1,0
8147,broken,331.6,1
8148,nominal,387.2,1
8149,nominal,320.1,1
8150,nominal,262.7,1
8151,broken,291.9,1
8152,nominal,362.7,1
8153,nominal,288.2,1
8154,nominal,371.5,1
8155,nominal,297.4,1
8156,broken,266.8,1
8157,broken,306.3,1
8158,nominal,313.3,1
8159,nominal,311.5,1
8160,broken,274.7,1
8161,nominal,288.2,1
8162,nominal,274.7,1
8163,nominal,288.2,1
8164,broken,0.0,1
8165,nominal,302.8,1
8166,nominal,308.0,1
8167,nominal,295.5,1
8168,nominal,367.1,1
8169,nominal,381.5,1
8170,broken,320.4,1
8171,nominal,365.7,1
8172,nominal,385.8,1
8173,broken,377.3,1
8174,nominal,272.8,1
8175,broken,272.8,1
8176,nominal,418.0,1
8177,nominal,268.8,1
8178,nominal,364.2,1
8179,nominal,299.2,1
8180,nominal,274.7,1
8181,broken,286.3,1
8182,nominal,297.4,1
8183,nominal,306.3,1
8184,nominal,284.4,1
8185,nominal,274.7,1
8186,nominal,272.8,1
8187,nominal,270.8,1
8188,nominal,295.5,1
8189,nominal,304.5,1
8190,nominal,301.0,1
8191,nominal,301.0,1
8192,nominal,362.7,1
8193,nominal,370.1,1
8194,nominal,370.1,1
8195,nominal,384.4,1
8196,nominal,361.2,1
8197,nominal,331.6,1
8198,thin,260.6,1
8199,nominal,284.4,1
8200,nominal,377.3,1
8201,nominal,270.8,1
8202,nominal,400.8,1
8203,nominal,313.3,1
8204,nominal,284.4,1
8205,nominal,315.0,1
8206,nominal,302.8,1
8207,nominal,306.3,1
8208,nominal,306.3,1
8209,nominal,268.8,1
8210,nominal,290.0,1
8211,nominal,280.6,1
8212,nominal,311.5,1
8213,nominal,315.0,1
8214,nominal,309.8,1
8215,nominal,302.8,1
8216,nominal,358.2,1
8217,nominal,350.6,1
8218,nominal,325.1,1
8219,nominal,359.7,1
8220,nominal,367.1,1
8221,nominal,383.0,1
8222,nominal,264.7,1
8223,nominal,272.8,1
8224,nominal,383.0,1
8225,thin,225.1,1
8226,nominal,380.1,1
8227,nominal,301.0,1
8228,nominal,278.6,1
8229,nominal,306.3,1
8230,nominal,313.3,1
8231,nominal,308.0,1
8232,nominal,311.5,1
8233,nominal,276.7,1
8234,nominal,302.8,1
8235,nominal,274.7,1
8236,nominal,309.8,1
8237,nominal,318.4,1
8238,nominal,311.5,1
8239,nominal,304.5,1
8240,nominal,380.1,1
8241,nominal,356.7,1
8242,nominal,318.4,1
8243,nominal,365.7,1
8244,nominal,365.7,1
8245,nominal,358.2,1
8246,nominal,266.8,1
8247,thin,250.1,1
8248,nominal,403.5,1
8249,thin,232.2,1
8250,nominal,383.0,1
8251,nominal,308.0,1
8252,nominal,272.8,1
8253,nominal,311.5,1
8254,nominal,328.4,1
8255,nominal,320.1,1
8256,nominal,316.7,1
8257,nominal,286.3,1
8258,broken,327.5,1
8259,nominal,274.7,1
8260,nominal,318.4,1
8261,nominal,299.2,1
8262,nominal,304.5,1
8263,nominal,313.3,1
8264,nominal,288.2,0
8265,broken,308.0,0
8266,nominal,309.8,0
8267,nominal,299.2,0
8268,nominal,359.7,1
8269,nominal,262.7,1
8270,nominal,352.1,1
8271,nominal,347.5,1
8272,nominal,419.2,1
8273,nominal,309.8,1
8274,nominal,262.7,1
8275,thin,254.4,1
8276,nominal,394.1,1
8277,thin,254.4,1
8278,nominal,378.7,1
8279,nominal,320.1,1
8280,nominal,288.2,1
8281,nominal,318.4,1
8282,nominal,333.3,1
8283,nominal,330.0,1
8284,nominal,291.9,1
8285,nominal,288.2,1
8286,nominal,284.4,1
8287,nominal,311.5,1
8288,nominal,291.9,1
8289,nominal,301.0,1
8290,nominal,286.3,1
8291,nominal,302.8,1
8292,nominal,364.2,1
8293,nominal,368.6,1
8294,nominal,330.0,1
8295,nominal,346.0,1
8296,nominal,342.8,1
8297,nominal,371.5,1
8298,nominal,262.7,1
8299,nominal,272.8,1
8300,nominal,395.4,1
8301,nominal,288.2,1
8302,nominal,368.6,1
8303,nominal,330.0,1
8304,thin,243.5,1
8305,nominal,313.3,1
8306,nominal,321.7,1
8307,nominal,331.6,1
8308,nominal,268.8,1
8309,nominal,290.0,1
8310,nominal,272.8,1
8311,nominal,290.0,1
8312,nominal,316.7,1
8313,nominal,320.1,1
8314,nominal,321.7,1
8315,nominal,313.3,1
8316,nominal,365.7,1
8317,nominal,381.5,1
8318,nominal,375.8,1
8319,nominal,334.9,1
8320,nominal,424.4,1
8321,nominal,375.8,1
8322,thin,210.3,1
8323,nominal,270.8,1
8324,nominal,392.7,1
8325,nominal,262.7,1
8326,nominal,389.9,1
8327,nominal,323.4,1
8328,thin,234.5,1
8329,nominal,318.4,1
8330,nominal,321.7,1
8331,nominal,320.1,1
8332,nominal,262.7,1
8333,nominal,272.8,1
8334,nominal,262.7,1
8335,nominal,284.4,1
8336,nominal,306.3,1
8337,nominal,334.9,1
8338,nominal,315.0,1
8339,nominal,320.1,1
8340,nominal,378.7,1
8341,nominal,358.2,1
8342,nominal,402.2,1
8343,nominal,383.0,1
8344,nominal,403.5,1
8345,nominal,396.8,1
8346,thin,232.2,1
8347,nominal,272.8,1
8348,nominal,380.1,1
8349,nominal,270.8,1
8350,nominal,359.7,1
8351,nominal,320.1,1
8352,thin,225.1,1
8353,nominal,302.8,1
8354,nominal,320.1,1
8355,nominal,313.3,1
8356,nominal,272.8,1
8357,nominal,270.8,1
8358,nominal,264.7,1
8359,nominal,272.8,1
8360,nominal,311.5,1
8361,nominal,321.7,1
8362,nominal,318.4,1
8363,nominal,315.0,1
8364,nominal,356.7,1
8365,nominal,394.1,1
8366,nominal,402.2,1
8367,nominal,412.8,1
8368,nominal,361.2,1
8369,nominal,403.5,1
8370,thin,210.3,1
8371,nominal,286.3,1
8372,nominal,378.7,1
8373,nominal,272.8,1
8374,nominal,353.7,1
8375,nominal,316.7,1
8376,thin,258.6,1
8377,nominal,315.0,1
8378,nominal,318.4,1
8379,nominal,315.0,1
8380,nominal,268.8,1
8381,thin,260.6,1
8382,thin,258.6,1
8383,nominal,266.8,1
8384,nominal,315.0,1
8385,nominal,316.7,1
8386,nominal,320.1,1
8387,nominal,320.1,1
8388,nominal,388.5,1
8389,broken,278.6,0
8390,nominal,389.9,1
8391,thick,447.9,1
8392,nominal,395.4,1
8393,nominal,380.1,1
8394,thin,241.3,1
8395,nominal,266.8,1
8396,nominal,385.8,1
8397,thin,250.1,1
8398,nominal,368.6,1
8399,nominal,323.4,1
8400,nominal,262.7,1
8401,nominal,309.8,1
8402,nominal,309.8,1
8403,nominal,295.5,1
8404,nominal,280.6,1
8405,thin,252.2,1
8406,nominal,274.7,1
8407,nominal,270.8,1
8408,nominal,318.4,1
8409,nominal,313.3,1
8410,nominal,315.0,1
8411,nominal,320.1,1
8412,nominal,402.2,1
8413,nominal,380.1,1
8414,nominal,336.5,1
8415,nominal,394.1,1
8416,nominal,374.4,1
8417,nominal,342.8,1
8418,thin,241.3,1
8419,nominal,264.7,1
8420,nominal,403.5,1
8421,thin,250.1,1
8422,nominal,381.5,1
8423,nominal,309.8,1
8424,nominal,270.8,1
8425,nominal,316.7,1
8426,nominal,316.7,1
8427,nominal,313.3,1
8428,nominal,270.8,1
8429,nominal,276.7,1
8430,nominal,276.7,1
8431,nominal,268.8,1
8432,nominal,318.4,1
8433,nominal,323.4,1
8434,nominal,313.3,1
8435,nominal,326.7,1
8436,nominal,414.1,1
8437,nominal,400.8,1
8438,nominal,359.7,1
8439,nominal,353.7,1
8440,nominal,398.1,1
8441,nominal,391.3,1
8442,missing,0.0,1
8443,thin,252.2,1
8444,nominal,361.2,1
8445,thin,236.8,1
8446,nominal,392.7,1
8447,nominal,315.0,1
8448,nominal,270.8,1
8449,nominal,315.0,1
8450,nominal,321.7,1
8451,nominal,316.7,1
8452,nominal,276.7,1
8453,nominal,266.8,1
8454,nominal,282.5,1
8455,nominal,268.8,1
8456,nominal,315.0,1
8457,nominal,331.6,1
8458,nominal,304.5,1
8459,nominal,325.1,1
8460,nominal,383.0,1
8461,nominal,342.8,1
8462,nominal,367.1,1
8463,nominal,398.1,1
8464,nominal,395.4,1
8465,nominal,394.1,1
8466,thin,254.4,1
8467,thin,256.5,1
8468,nominal,408.8,1
8469,thin,241.3,1
8470,nominal,359.7,1
8471,nominal,328.4,1
8472,nominal,270.8,1
8473,nominal,323.4,1
8474,nominal,318.4,1
8475,nominal,318.4,1
8476,nominal,301.0,1
8477,broken,266.8,1
8478,nominal,286.3,1
8479,nominal,272.8,1
8480,nominal,311.5,1
8481,nominal,321.7,1
8482,nominal,308.0,1
8483,nominal,313.3,1
8484,broken,270.8,0
8485,nominal,288.2,0
8486,nominal,311.5,0
8487,nominal,291.9,0
8488,nominal,356.7,1
8489,nominal,316.7,1
8490,nominal,342.8,1
8491,nominal,374.4,1
8492,nominal,353.7,1
8493,nominal,380.1,1
8494,nominal,264.7,1
8495,thin,252.2,1
8496,nominal,353.7,1
8497,nominal,268.8,1
8498,nominal,336.5,1
8499,nominal,328.4,1
8500,nominal,268.8,1
8501,nominal,316.7,1
8502,nominal,320.1,1
8503,nominal,330.0,1
8504,nominal,284.4,1
8505,nominal,295.5,1
8506,nominal,272.8,1
8507,nominal,301.0,1
8508,nominal,306.3,1
8509,nominal,297.4,1
8510,nominal,299.2,1
8511,nominal,293.7,1
8512,nominal,388.5,1
8513,nominal,358.2,1
8514,nominal,383.0,1
8515,nominal,374.4,1
8516,nominal,418.0,1
8517,nominal,361.2,1
8518,nominal,270.8,1
8519,nominal,288.2,1
8520,nominal,415.4,1
8521,nominal,286.3,1
8522,nominal,378.7,1
8523,nominal,325.1,1
8524,thin,241.3,1
8525,nominal,311.5,1
8526,nominal,325.1,1
8527,nominal,320.1,1
8528,nominal,284.4,1
8529,nominal,274.7,1
8530,nominal,268.8,1
8531,nominal,282.5,1
8532,nominal,316.7,1
8533,nominal,333.3,1
8534,nominal,320.1,1
8535,nominal,323.4,1
8536,nominal,415.4,1
8537,nominal,370.1,1
8538,nominal,377.3,1
8539,nominal,395.4,1
8540,nominal,406.2,1
8541,nominal,392.7,1
8542,thin,241.3,1
8543,nominal,288.2,1
8544,nominal,407.5,1
8545,nominal,278.6,1
8546,necked,297.4,1
8547,nominal,330.0,1
8548,thin,236.8,1
8549,nominal,331.6,1
8550,nominal,341.3,1
8551,nominal,321.7,1
8552,nominal,270.8,1
8553,nominal,284.4,1
8554,nominal,266.8,1
8555,nominal,276.7,1
8556,nominal,309.8,1
8557,nominal,321.7,1
8558,nominal,320.1,1
8559,nominal,316.7,1
8560,thick,443.0,1
8561,nominal,339.7,1
8562,nominal,385.8,1
8563,nominal,419.2,1
8564,nominal,423.1,1
8565,nominal,334.9,1
8566,thin,225.1,1
8567,nominal,274.7,1
8568,nominal,371.5,1
8569,nominal,280.6,1
8570,nominal,374.4,1
8571,nominal,309.8,1
8572,thin,220.3,1
8573,nominal,313.3,1
8574,nominal,326.7,1
8575,nominal,328.4,1
8576,nominal,266.8,1
8577,nominal,282.5,1
8578,nominal,268.8,1
8579,nominal,272.8,1
8580,nominal,333.3,1
8581,nominal,326.7,1
8582,nominal,321.7,1
8583,nominal,318.4,1
8584,nominal,415.4,1
8585,nominal,396.8,1
8586,nominal,361.2,1
8587,thick,470.2,1
8588,nominal,384.4,1
8589,nominal,414.1,1
8590,thin,217.8,1
8591,nominal,274.7,1
8592,nominal,373.0,1
8593,thin,260.6,1
8594,nominal,364.2,1
8595,nominal,321.7,1
8596,thin,232.2,1
8597,nominal,318.4,1
8598,nominal,293.7,1
8599,nominal,306.3,1
8600,nominal,262.7,1
8601,nominal,274.7,1
8602,thin,260.6,1
8603,nominal,266.8,1
8604,nominal,325.1,1
8605,nominal,295.5,1
8606,nominal,325.1,1
8607,nominal,313.3,1
8608,nominal,407.5,1
8609,nominal,411.5,1
8610,nominal,362.7,1
8611,nominal,406.2,1
8612,nominal,408.8,1
8613,nominal,371.5,1
8614,thin,227.5,1
8615,nominal,272.8,1
8616,nominal,344.4,1
8617,thin,250.1,1
8618,nominal,353.7,1
8619,nominal,306.3,1
8620,thin,245.7,1
8621,nominal,311.5,1
8622,nominal,290.0,1
8623,nominal,295.5,1
8624,nominal,274.7,1
8625,nominal,268.8,1
8626,nominal,276.7,1
8627,nominal,284.4,1
8628,nominal,323.4,1
8629,nominal,308.0,1
8630,nominal,299.2,1
8631,nominal,311.5,1
8632,nominal,430.7,1
8633,nominal,398.1,1
8634,nominal,411.5,1
8635,nominal,411.5,1
8636,nominal,394.1,1
8637,nominal,378.7,1
8638,thin,232.2,1
8639,nominal,264.7,1
8640,nominal,398.1,1
8641,thin,243.5,1
8642,nominal,380.1,1
8643,nominal,330.0,1
8644,thin,256.5,1
8645,nominal,320.1,1
8646,nominal,301.0,1
8647,nominal,309.8,1
8648,nominal,278.6,1
8649,nominal,266.8,1
8650,nominal,280.6,1
8651,nominal,278.6,1
8652,nominal,325.1,1
8653,nominal,323.4,1
8654,nominal,315.0,1
8655,nominal,323.4,1
8656,nominal,387.2,1
8657,broken,330.0,1
8658,nominal,406.2,1
8659,nominal,361.2,1
8660,nominal,408.8,1
8661,nominal,391.3,1
8662,nominal,266.8,1
8663,thin,247.9,1
8664,nominal,389.9,1
8665,thin,232.2,1
8666,nominal,398.1,1
8667,nominal,323.4,1
8668,nominal,268.8,1
8669,nominal,311.5,1
8670,nominal,331.6,1
8671,nominal,318.4,1
8672,nominal,276.7,1
8673,nominal,280.6,1
8674,nominal,276.7,1
8675,nominal,272.8,1
8676,nominal,316.7,1
8677,nominal,320.1,1
8678,nominal,313.3,1
8679,nominal,325.1,1
8680,nominal,391.3,1
8681,nominal,358.2,1
8682,nominal,356.7,1
8683,nominal,373.0,1
8684,nominal,384.4,1
8685,nominal,361.2,1
8686,thin,260.6,1
8687,thin,236.8,1
8688,nominal,398.1,1
8689,thin,243.5,1
8690,nominal,350.6,1
8691,nominal,321.7,1
8692,nominal,268.8,1
8693,nominal,326.7,1
8694,nominal,315.0,1
8695,nominal,326.7,1
8696,nominal,293.7,1
8697,nominal,286.3,1
8698,nominal,274.7,1
8699,nominal,274.7,1
8700,nominal,316.7,1
8701,nominal,318.4,1
8702,nominal,316.7,1
8703,nominal,313.3,1
8704,nominal,288.2,0
8705,nominal,295.5,0
8706,nominal,301.0,0
8707,nominal,308.0,0
8708,nominal,411.5,1
8709,nominal,383.0,1
8710,nominal,323.4,1
8711,nominal,384.4,1
8712,nominal,356.7,1
8713,nominal,374.4,1
8714,thin,260.6,1
8715,thin,250.1,1
8716,nominal,377.3,1
8717,nominal,268.8,1
8718,nominal,392.7,1
8719,nominal,321.7,1
8720,nominal,282.5,1
8721,nominal,321.7,1
8722,nominal,316.7,1
8723,nominal,330.0,1
8724,nominal,288.2,1
8725,nominal,301.0,1
8726,nominal,286.3,1
8727,nominal,302.8,1
8728,nominal,309.8,1
8729,nominal,320.1,1
8730,nominal,309.8,1
8731,nominal,304.5,1
8732,nominal,394.1,1
8733,nominal,362.7,1
8734,broken,321.7,0
8735,nominal,416.7,1
8736,nominal,365.7,1
8737,nominal,415.4,1
8738,nominal,297.4,1
8739,nominal,299.2,1
8740,nominal,426.9,1
8741,nominal,284.4,1
8742,nominal,361.2,1
8743,nominal,328.4,1
8744,thin,254.4,1
8745,nominal,330.0,1
8746,nominal,320.1,1
8747,nominal,326.7,1
8748,nominal,276.7,1
8749,nominal,284.4,1
8750,nominal,280.6,1
8751,nominal,286.3,1
8752,nominal,323.4,1
8753,nominal,318.4,1
8754,nominal,331.6,1
8755,nominal,318.4,1
8756,nominal,414.1,1
8757,nominal,370.1,1
8758,nominal,406.2,1
8759,nominal,385.8,1
8760,nominal,426.9,1
8761,nominal,398.1,1
8762,thin,245.7,1
8763,nominal,288.2,1
8764,missing,0.0,1
8765,thin,254.4,1
8766,nominal,385.8,1
8767,nominal,341.3,1
8768,thin,245.7,1
8769,nominal,323.4,1
8770,nominal,328.4,1
8771,nominal,328.4,1
8772,nominal,278.6,1
8773,nominal,270.8,1
8774,nominal,270.8,1
8775,nominal,288.2,1
8776,nominal,323.4,1
8777,nominal,331.6,1
8778,nominal,320.1,1
8779,nominal,338.1,1
8780,nominal,436.9,1
8781,nominal,384.4,1
8782,nominal,407.5,1
8783,nominal,414.1,1
8784,nominal,400.8,1
8785,nominal,414.1,0
8786,thin,236.8,1
8787,nominal,280.6,1
8788,nominal,373.0,1
8789,thin,254.4,1
8790,nominal,377.3,1
8791,nominal,323.4,1
8792,thin,220.3,1
8793,nominal,315.0,1
8794,nominal,323.4,1
8795,nominal,326.7,1
8796,nominal,270.8,1
8797,nominal,278.6,1
8798,nominal,276.7,1
8799,nominal,274.7,1
8800,nominal,326.7,1
8801,nominal,321.7,1
8802,nominal,325.1,1
8803,nominal,321.7,1
8804,nominal,392.7,1
8805,nominal,391.3,1
8806,nominal,367.1,1
8807,nominal,400.8,1
8808,nominal,373.0,1
8809,nominal,398.1,1
8810,thin,220.3,1
8811,nominal,262.7,1
8812,nominal,385.8,1
8813,thin,256.5,1
8814,nominal,373.0,1
8815,nominal,308.0,1
8816,thin,229.9,1
8817,nominal,304.5,1
8818,nominal,313.3,1
8819,nominal,315.0,1
8820,nominal,262.7,1
8821,nominal,284.4,1
8822,nominal,270.8,1
8823,missing,0.0,1
8824,nominal,321.7,1
8825,nominal,328.4,1
8826,nominal,318.4,1
8827,nominal,323.4,1
8828,nominal,407.5,1
8829,nominal,347.5,1
8830,nominal,394.1,1
8831,nominal,370.1,1
8832,nominal,398.1,1
8833,nominal,402.2,1
8834,thin,229.9,1
8835,thin,256.5,1
8836,nominal,394.1,1
8837,thin,241.3,1
8838,nominal,330.0,1
8839,nominal,299.2,1
8840,thin,229.9,1
8841,nominal,293.7,1
8842,nominal,274.7,1
8843,nominal,295.5,1
8844,nominal,262.7,1
8845,nominal,266.8,1
8846,thin,258.6,1
8847,nominal,276.7,1
8848,nominal,316.7,1
8849,nominal,318.4,1
8850,nominal,316.7,1
8851,nominal,313.3,1
8852,nominal,381.5,1
8853,nominal,394.1,1
8854,nominal,400.8,1
8855,nominal,419.2,1
8856,nominal,346.0,1
8857,nominal,367.1,1
8858,thin,210.3,1
8859,thin,247.9,1
8860,nominal,399.5,1
8861,thin,252.2,1
8862,nominal,400.8,1
8863,nominal,309.8,1
8864,thin,258.6,1
8865,nominal,311.5,1
8866,nominal,308.0,1
8867,nominal,313.3,1
8868,nominal,272.8,1
8869,nominal,266.8,1
8870,nominal,276.7,1
8871,nominal,280.6,1
8872,nominal,318.4,1
8873,nominal,321.7,1
8874,nominal,328.4,1
8875,nominal,311.5,1
8876,nominal,371.5,1
8877,nominal,384.4,1
8878,nominal,373.0,1
8879,nominal,375.8,1
8880,nominal,402.2,1
8881,nominal,346.0,1
8882,thin,254.4,1
8883,thin,260.6,1
8884,nominal,403.5,1
8885,nominal,264.7,1
8886,nominal,374.4,1
8887,nominal,333.3,1
8888,thin,260.6,1
8889,nominal,325.1,1
8890,nominal,315.0,1
8891,nominal,321.7,1
8892,nominal,272.8,1
8893,nominal,274.7,1
8894,nominal,280.6,1
8895,nominal,280.6,1
8896,nominal,316.7,1
8897,nominal,328.4,1
8898,nominal,318.4,1
8899,nominal,333.3,1
8900,nominal,380.1,1
8901,nominal,387.2,1
8902,nominal,398.1,1
8903,nominal,400.8,1
8904,nominal,373.0,1
8905,nominal,361.2,1
8906,thin,260.6,1
8907,thin,258.6,1
8908,nominal,394.1,1
8909,nominal,274.7,1
8910,nominal,349.1,1
8911,nominal,331.6,1
8912,nominal,264.7,1
8913,nominal,323.4,1
8914,nominal,320.1,1
8915,nominal,323.4,1
8916,nominal,284.4,1
8917,nominal,282.5,1
8918,nominal,295.5,1
8919,nominal,278.6,1
8920,nominal,308.0,1
8921,nominal,321.7,1
8922,nominal,315.0,1
8923,nominal,309.8,1
8924,nominal,311.5,0
8925,nominal,315.0,0
8926,nominal,297.4,0
8927,nominal,304.5,0
8928,nominal,371.5,1
8929,nominal,355.2,1
8930,nominal,377.3,1
8931,nominal,384.4,1
8932,nominal,387.2,1
8933,nominal,368.6,1
8934,nominal,272.8,1
8935,nominal,264.7,1
8936,broken,288.2,0
8937,nominal,276.7,1
8938,nominal,385.8,1
8939,nominal,330.0,1
8940,nominal,278.6,1
8941,nominal,323.4,1
8942,nominal,318.4,1
8943,nominal,323.4,1
8944,nominal,288.2,1
8945,nominal,284.4,1
8946,nominal,301.0,1
8947,nominal,297.4,1
8948,nominal,318.4,1
8949,nominal,325.1,1
8950,nominal,328.4,1
8951,nominal,321.7,1
8952,nominal,391.3,1
8953,nominal,355.2,1
8954,nominal,407.5,1
8955,nominal,375.8,1
8956,broken,310.7,1
8957,nominal,347.5,1
8958,nominal,301.0,1
8959,nominal,309.8,1
8960,nominal,389.9,1
8961,nominal,282.5,1
8962,nominal,378.7,1
8963,nominal,331.6,1
8964,nominal,274.7,1
8965,nominal,323.4,1
8966,nominal,316.7,1
8967,nominal,318.4,1
8968,nominal,278.6,1
8969,nominal,286.3,1
8970,nominal,268.8,1
8971,nominal,284.4,1
8972,nominal,326.7,1
8973,nominal,325.1,1
8974,nominal,328.4,1
8975,nominal,316.7,1
8976,broken,320.9,1
8977,nominal,404.9,1
8978,nominal,378.7,1
8979,nominal,377.3,1
8980,nominal,421.8,1
8981,nominal,399.5,1
8982,nominal,268.8,1
8983,nominal,288.2,1
8984,nominal,378.7,1
8985,thin,258.6,1
8986,nominal,416.7,1
8987,nominal,333.3,1
8988,nominal,264.7,1
8989,nominal,325.1,1
8990,nominal,320.1,1
8991,nominal,325.1,1
8992,nominal,266.8,1
8993,nominal,266.8,1
8994,nominal,266.8,1
8995,nominal,268.8,1
8996,nominal,318.4,1
8997,nominal,330.0,1
8998,nominal,328.4,1
8999,nominal,299.2,1
9000,nominal,385.8,1
9001,nominal,370.1,1
9002,nominal,402.2,1
9003,nominal,394.1,1
9004,nominal,396.8,1
9005,nominal,411.5,1
9006,thin,258.6,1
9007,nominal,270.8,1
9008,nominal,410.1,1
9009,thin,247.9,1
9010,nominal,377.3,1
9011,nominal,308.0,1
9012,thin,241.3,1
9013,nominal,316.7,1
9014,nominal,323.4,1
9015,nominal,326.7,1
9016,nominal,266.8,1
9017,nominal,274.7,1
9018,nominal,278.6,1
9019,nominal,280.6,1
9020,nominal,323.4,1
9021,nominal,339.7,1
9022,nominal,326.7,1
9023,nominal,311.5,1
9024,nominal,408.8,1
9025,nominal,333.3,1
9026,nominal,395.4,1
9027,nominal,371.5,1
9028,nominal,407.5,1
9029,nominal,389.9,1
9030,thin,245.7,1
9031,thin,258.6,1
9032,nominal,353.7,1
9033,thin,256.5,1
9034,nominal,302.8,1
9035,nominal,316.7,1
9036,thin,239.1,1
9037,nominal,308.0,1
9038,nominal,313.3,1
9039,nominal,315.0,1
9040,nominal,276.7,1
9041,nominal,278.6,1
9042,nominal,268.8,1
9043,nominal,280.6,1
9044,nominal,316.7,1
9045,nominal,313.3,1
9046,nominal,338.1,1
9047,nominal,325.1,1
9048,nominal,403.5,1
9049,nominal,371.5,1
9050,nominal,411.5,1
9051,nominal,410.1,1
9052,nominal,385.8,1
9053,nominal,358.2,1
9054,thin,215.3,1
9055,thin,250.1,1
9056,nominal,383.0,1
9057,thin,250.1,1
9058,nominal,353.7,1
9059,nominal,286.3,1
9060,thin,217.8,1
9061,nominal,293.7,1
9062,nominal,293.7,1
9063,nominal,301.0,1
9064,nominal,262.7,1
9065,nominal,278.6,1
9066,thin,258.6,1
9067,nominal,278.6,1
9068,nominal,328.4,1
9069,nominal,330.0,1
9070,nominal,323.4,1
9071,nominal,326.7,1
9072,nominal,402.2,1
9073,nominal,395.4,1
9074,nominal,396.8,1
9075,nominal,426.9,1
9076,nominal,380.1,1
9077,nominal,341.3,1
9078,thin,222.7,1
9079,thin,252.2,1
9080,nominal,330.0,1
9081,thin,260.6,1
9082,nominal,346.0,1
9083,nominal,311.5,1
9084,thin,243.5,1
9085,nominal,302.8,1
9086,nominal,308.0,1
9087,nominal,325.1,1
9088,nominal,268.8,1
9089,nominal,278.6,1
9090,nominal,264.7,1
9091,nominal,264.7,1
9092,nominal,320.1,1
9093,nominal,321.7,1
9094,nominal,325.1,1
9095,nominal,326.7,1
9096,nominal,381.5,1
9097,nominal,371.5,1
9098,nominal,408.8,1
9099,nominal,421.8,1
9100,nominal,385.8,1
9101,nominal,377.3,1
9102,thin,229.9,1
9103,nominal,266.8,1
9104,nominal,378.7,1
9105,nominal,280.6,1
9106,nominal,389.9,1
9107,nominal,316.7,1
9108,thin,243.5,1
9109,nominal,331.6,1
9110,nominal,320.1,1
9111,nominal,318.4,1
9112,thin,258.6,1
9113,nominal,276.7,1
9114,nominal,272.8,1
9115,nominal,282.5,1
9116,nominal,321.7,1
9117,nominal,328.4,1
9118,nominal,323.4,1
9119,nominal,318.4,1
9120,nominal,424.4,1
9121,nominal,346.0,1
9122,nominal,358.2,1
9123,nominal,384.4,1
9124,nominal,407.5,1
9125,nominal,378.7,1
9126,thin,229.9,1
9127,nominal,268.8,1
9128,nominal,377.3,1
9129,nominal,286.3,1
9130,nominal,367.1,1
9131,nominal,323.4,1
9132,nominal,266.8,1
9133,nominal,323.4,1
9134,nominal,308.0,1
9135,nominal,320.1,1
9136,nominal,282.5,1
9137,nominal,286.3,1
9138,nominal,280.6,1
9139,nominal,293.7,1
9140,nominal,318.4,1
9141,nominal,330.0,1
9142,nominal,308.0,1
9143,nominal,320.1,1
9144,nominal,313.3,0
9145,nominal,304.5,0
9146,nominal,302.8,0
9147,nominal,311.5,0
9148,nominal,388.5,1
9149,nominal,375.8,1
9150,nominal,396.8,1
9151,nominal,415.4,1
9152,nominal,404.9,1
9153,nominal,408.8,1
9154,nominal,266.8,1
9155,nominal,288.2,1
9156,nominal,361.2,1
9157,nominal,295.5,1
9158,nominal,362.7,1
9159,nominal,321.7,1
9160,nominal,282.5,1
9161,nominal,323.4,1
9162,nominal,318.4,1
9163,nominal,323.4,1
9164,nominal,301.0,1
9165,nominal,290.0,1
9166,nominal,291.9,1
9167,nominal,293.7,1
9168,nominal,318.4,1
9169,nominal,315.0,1
9170,nominal,311.5,1
9171,nominal,321.7,1
9172,nominal,387.2,1
9173,nominal,420.5,1
9174,nominal,416.7,1
9175,nominal,403.5,1
9176,nominal,383.0,1
9177,nominal,392.7,1
9178,nominal,308.0,1
9179,nominal,302.8,1
9180,nominal,368.6,1
9181,nominal,270.8,1
9182,thick,439.3,1
9183,nominal,325.1,1
9184,nominal,276.7,1
9185,nominal,320.1,1
9186,nominal,325.1,1
9187,nominal,325.1,1
9188,nominal,293.7,1
9189,nominal,278.6,1
9190,nominal,282.5,1
9191,nominal,268.8,1
9192,nominal,323.4,1
9193,nominal,328.4,1
9194,nominal,321.7,1
9195,nominal,325.1,1
9196,nominal,381.5,1
9197,nominal,418.0,1
9198,nominal,407.5,1
9199,nominal,365.7,1
9200,nominal,403.5,1
9201,nominal,435.6,1
9202,nominal,278.6,1
9203,nominal,262.7,1
9204,nominal,385.8,1
9205,thin,241.3,1
9206,nominal,425.6,1
9207,nominal,330.0,1
9208,nominal,266.8,1
9209,nominal,326.7,1
9210,nominal,339.7,1
9211,nominal,334.9,1
9212,nominal,274.7,1
9213,nominal,270.8,1
9214,nominal,274.7,1
9215,nominal,270.8,1
9216,nominal,331.6,1
9217,nominal,336.5,1
9218,nominal,320.1,1
9219,nominal,313.3,1
9220,nominal,410.1,1
9221,nominal,375.8,1
9222,nominal,394.1,1
9223,nominal,374.4,1
9224,nominal,375.8,1
9225,nominal,377.3,1
9226,nominal,276.7,1
9227,thin,260.6,1
9228,nominal,394.1,1
9229,thin,245.7,1
9230,nominal,396.8,1
9231,nominal,328.4,1
9232,thin,258.6,1
9233,nominal,328.4,1
9234,nominal,330.0,1
9235,nominal,328.4,1
9236,nominal,270.8,1
9237,nominal,282.5,1
9238,nominal,268.8,1
9239,nominal,272.8,1
9240,nominal,330.0,1
9241,nominal,330.0,1
9242,nominal,328.4,1
9243,nominal,330.0,1
9244,nominal,395.4,1
9245,nominal,364.2,1
9246,nominal,399.5,1
9247,nominal,373.0,1
9248,nominal,404.9,1
9249,nominal,395.4,1
9250,thin,256.5,1
9251,thin,256.5,1
9252,nominal,375.8,1
9253,thin,260.6,1
9254,nominal,371.5,1
9255,nominal,315.0,1
9256,thin,241.3,1
9257,nominal,313.3,1
9258,nominal,316.7,1
9259,nominal,326.7,1
9260,nominal,270.8,1
9261,nominal,295.5,1
9262,nominal,272.8,1
9263,nominal,282.5,1
9264,nominal,326.7,1
9265,nominal,328.4,1
9266,nominal,325.1,1
9267,nominal,309.8,1
9268,nominal,411.5,1
9269,nominal,387.2,1
9270,nominal,383.0,1
9271,nominal,415.4,1
9272,nominal,377.3,1
9273,missing,0.0,1
9274,thin,227.5,1
9275,thin,258.6,1
9276,nominal,402.2,1
9277,nominal,264.7,1
9278,nominal,349.1,1
9279,nominal,295.5,1
9280,thin,212.8,1
9281,nominal,297.4,1
9282,nominal,306.3,1
9283,nominal,302.8,1
9284,thin,256.5,1
9285,nominal,270.8,1
9286,nominal,270.8,1
9287,nominal,291.9,1
9288,nominal,331.6,1
9289,nominal,326.7,1
9290,nominal,328.4,1
9291,nominal,321.7,1
9292,nominal,398.1,1
9293,nominal,375.8,1
9294,nominal,355.2,1
9295,nominal,420.5,1
9296,nominal,373.0,1
9297,nominal,359.7,1
9298,thin,236.8,1
9299,thin,260.6,1
9300,nominal,358.2,1
9301,nominal,274.7,1
9302,nominal,391.3,1
9303,missing,0.0,1
9304,thin,236.8,1
9305,nominal,321.7,1
9306,nominal,320.1,1
9307,nominal,321.7,1
9308,nominal,268.8,1
9309,nominal,282.5,1
9310,nominal,288.2,1
9311,nominal,286.3,1
9312,nominal,333.3,1
9313,nominal,339.7,1
9314,nominal,328.4,1
9315,nominal,325.1,1
9316,nominal,359.7,1
9317,nominal,378.7,1
9318,nominal,371.5,1
9319,nominal,402.2,1
9320,nominal,334.9,1
9321,nominal,362.7,1
9322,thin,210.3,1
9323,nominal,268.8,1
9324,nominal,425.6,1
9325,nominal,291.9,1
9326,nominal,410.1,1
9327,nominal,326.7,1
9328,thin,229.9,1
9329,missing,0.0,1
9330,nominal,320.1,1
9331,nominal,331.6,1
9332,thin,256.5,1
9333,nominal,291.9,1
9334,nominal,264.7,1
9335,nominal,291.9,1
9336,nominal,323.4,1
9337,nominal,326.7,1
9338,nominal,328.4,1
9339,nominal,320.1,1
9340,nominal,374.4,1
9341,nominal,411.5,1
9342,nominal,387.2,1
9343,nominal,389.9,1
9344,nominal,392.7,1
9345,nominal,391.3,1
9346,thin,232.2,1
9347,nominal,274.7,1
9348,nominal,389.9,1
9349,nominal,306.3,1
9350,nominal,411.5,1
9351,nominal,330.0,1
9352,thin,256.5,1
9353,nominal,315.0,1
9354,nominal,328.4,1
9355,nominal,321.7,1
9356,nominal,278.6,1
9357,nominal,304.5,1
9358,nominal,282.5,1
9359,nominal,299.2,1
9360,nominal,315.0,1
9361,nominal,315.0,1
9362,nominal,318.4,1
9363,nominal,306.3,1
9364,nominal,297.4,0
9365,nominal,321.7,0
9366,nominal,318.4,0
9367,nominal,302.8,0
9368,nominal,408.8,1
9369,nominal,398.1,1
9370,nominal,377.3,1
9371,nominal,328.4,1
9372,nominal,380.1,1
9373,nominal,374.4,1
9374,thin,254.4,1
9375,nominal,290.0,1
9376,nominal,377.3,1
9377,nominal,295.5,1
9378,nominal,368.6,1
9379,nominal,316.7,1
9380,nominal,272.8,1
9381,nominal,320.1,1
9382,nominal,318.4,1
9383,nominal,330.0,1
9384,nominal,320.1,1
9385,nominal,278.6,1
9386,nominal,311.5,1
9387,nominal,290.0,1
9388,nominal,318.4,1
9389,nominal,297.4,1
9390,nominal,309.8,1
9391,nominal,297.4,1
9392,nominal,431.9,1
9393,nominal,388.5,1
9394,nominal,394.1,1
9395,nominal,362.7,1
9396,nominal,399.5,1
9397,nominal,396.8,1
9398,nominal,301.0,1
9399,nominal,282.5,1
9400,nominal,424.4,1
9401,thin,256.5,1
9402,nominal,392.7,1
9403,nominal,331.6,1
9404,nominal,288.2,1
9405,nominal,323.4,1
9406,nominal,346.0,1
9407,nominal,334.9,1
9408,nominal,293.7,1
9409,nominal,290.0,1
9410,nominal,284.4,1
9411,nominal,282.5,1
9412,nominal,333.3,1
9413,nominal,320.1,1
9414,nominal,320.1,1
9415,nominal,321.7,1
9416,nominal,398.1,1
9417,nominal,375.8,1
9418,nominal,388.5,1
9419,nominal,371.5,1
9420,nominal,412.8,1
9421,nominal,384.4,1
9422,nominal,276.7,1
9423,thin,252.2,1
9424,nominal,408.8,1
9425,thin,258.6,1
9426,nominal,377.3,1
9427,nominal,336.5,1
9428,nominal,274.7,1
9429,nominal,326.7,1
9430,nominal,336.5,1
9431,nominal,341.3,1
9432,nominal,278.6,1
9433,nominal,272.8,1
9434,nominal,286.3,1
9435,nominal,270.8,1
9436,nominal,326.7,1
9437,nominal,326.7,1
9438,nominal,318.4,1
9439,nominal,328.4,1
9440,nominal,395.4,1
9441,nominal,399.5,1
9442,nominal,392.7,1
9443,nominal,398.1,1
9444,nominal,365.7,1
9445,nominal,398.1,1
9446,nominal,264.7,1
9447,thin,245.7,1
9448,nominal,420.5,1
9449,thin,258.6,1
9450,nominal,336.5,1
9451,nominal,326.7,1
9452,nominal,272.8,1
9453,nominal,316.7,1
9454,nominal,323.4,1
9455,nominal,315.0,1
9456,nominal,284.4,1
9457,nominal,284.4,1
9458,nominal,282.5,1
9459,nominal,274.7,1
9460,nominal,338.1,1
9461,nominal,339.7,1
9462,nominal,330.0,1
9463,nominal,328.4,1
9464,nominal,412.8,1
9465,nominal,385.8,1
9466,nominal,394.1,1
9467,nominal,404.9,1
9468,nominal,418.0,1
9469,nominal,395.4,1
9470,nominal,276.7,1
9471,thin,254.4,1
9472,nominal,423.1,1
9473,nominal,262.7,1
9474,nominal,375.8,1
9475,nominal,318.4,1
9476,thin,243.5,1
9477,nominal,313.3,1
9478,nominal,323.4,1
9479,nominal,321.7,1
9480,nominal,266.8,1
9481,nominal,282.5,1
9482,nominal,266.8,1
9483,nominal,278.6,1
9484,nominal,318.4,1
9485,nominal,326.7,1
9486,nominal,326.7,1
9487,nominal,313.3,1
9488,nominal,399.5,1
9489,nominal,408.8,1
9490,nominal,391.3,1
9491,nominal,399.5,1
9492,nominal,423.1,1
9493,nominal,367.1,1
9494,thin,258.6,1
9495,nominal,264.7,1
9496,nominal,398.1,1
9497,nominal,284.4,1
9498,nominal,380.1,1
9499,nominal,308.0,1
9500,thin,234.5,1
9501,nominal,304.5,1
9502,nominal,321.7,1
9503,nominal,321.7,1
9504,nominal,280.6,1
9505,nominal,284.4,1
9506,nominal,280.6,1
9507,nominal,286.3,1
9508,nominal,325.1,1
9509,nominal,323.4,1
9510,nominal,333.3,1
9511,nominal,328.4,1
9512,nominal,396.8,1
9513,nominal,424.4,1
9514,nominal,370.1,1
9515,nominal,436.9,1
9516,thick,445.4,1
9517,nominal,380.1,1
9518,thin,239.1,1
9519,nominal,288.2,1
9520,nominal,395.4,1
9521,nominal,290.0,1
9522,nominal,378.7,1
9523,nominal,306.3,1
9524,thin,243.5,1
9525,nominal,323.4,1
9526,nominal,330.0,1
9527,nominal,326.7,1
9528,thin,258.6,1
9529,nominal,280.6,1
9530,thin,260.6,1
9531,nominal,295.5,1
9532,nominal,346.0,1
9533,nominal,330.0,1
9534,nominal,325.1,1
9535,nominal,323.4,1
9536,nominal,396.8,1
9537,nominal,400.8,1
9538,nominal,378.7,1
9539,nominal,402.2,1
9540,nominal,391.3,1
9541,nominal,381.5,1
9542,thin,229.9,1
9543,nominal,276.7,1
9544,nominal,435.6,1
9545,nominal,288.2,1
9546,nominal,373.0,1
9547,nominal,330.0,1
9548,thin,217.8,1
9549,nominal,344.4,1
9550,nominal,326.7,1
9551,nominal,325.1,1
9552,nominal,270.8,1
9553,nominal,288.2,1
9554,nominal,264.7,1
9555,nominal,282.5,1
9556,nominal,333.3,1
9557,nominal,334.9,1
9558,nominal,323.4,1
9559,nominal,323.4,1
9560,nominal,406.2,1
9561,nominal,361.2,1
9562,nominal,391.3,1
9563,nominal,403.5,1
9564,nominal,398.1,1
9565,nominal,408.8,1
9566,thin,210.3,1
9567,nominal,288.2,1
9568,nominal,411.5,1
9569,nominal,301.0,1
9570,nominal,421.8,1
9571,nominal,334.9,1
9572,thin,241.3,1
9573,nominal,331.6,1
9574,nominal,326.7,1
9575,nominal,315.0,1
9576,nominal,282.5,1
9577,nominal,315.0,1
9578,nominal,286.3,1
9579,nominal,306.3,1
9580,nominal,323.4,1
9581,nominal,311.5,1
9582,nominal,315.0,1
9583,nominal,315.0,1
9584,nominal,302.8,0
9585,nominal,306.3,0
9586,nominal,313.3,0
9587,nominal,302.8,0
9588,nominal,368.6,1
9589,nominal,403.5,1
9590,nominal,395.4,1
9591,nominal,400.8,1
9592,nominal,403.5,1
9593,nominal,403.5,1
9594,thin,256.5,1
9595,nominal,280.6,1
9596,nominal,400.8,1
9597,missing,0.0,1
9598,nominal,388.5,1
9599,nominal,330.0,1
9600,nominal,268.8,1
9601,nominal,323.4,1
9602,nominal,328.4,1
9603,nominal,320.1,1
9604,nominal,321.7,1
9605,nominal,297.4,1
9606,nominal,308.0,1
9607,nominal,284.4,1
9608,nominal,311.5,1
9609,nominal,297.4,1
9610,nominal,301.0,1
9611,nominal,311.5,1
9612,nominal,356.7,1
9613,nominal,400.8,1
9614,nominal,370.1,1
9615,nominal,373.0,1
9616,broken,320.9,1
9617,nominal,399.5,1
9618,nominal,301.0,1
9619,nominal,262.7,1
9620,nominal,418.0,1
9621,thin,241.3,1
9622,nominal,387.2,1
9623,nominal,323.4,1
9624,nominal,282.5,1
9625,nominal,328.4,1
9626,nominal,325.1,1
9627,nominal,323.4,1
9628,nominal,308.0,1
9629,nominal,274.7,1
9630,nominal,299.2,1
9631,nominal,276.7,1
9632,nominal,315.0,1
9633,nominal,325.1,1
9634,nominal,304.5,1
9635,nominal,308.0,1
9636,nominal,381.5,1
9637,nominal,396.8,1
9638,nominal,400.8,1
9639,nominal,385.8,1
9640,nominal,425.6,1
9641,nominal,383.0,1
9642,nominal,278.6,1
9643,thin,241.3,1
9644,nominal,419.2,1
9645,thin,256.5,1
9646,nominal,398.1,1
9647,nominal,330.0,1
9648,nominal,272.8,1
9649,nominal,328.4,1
9650,nominal,334.9,1
9651,nominal,328.4,1
9652,nominal,274.7,1
9653,nominal,282.5,1
9654,nominal,280.6,1
9655,nominal,268.8,1
9656,nominal,334.9,1
9657,nominal,333.3,1
9658,nominal,331.6,1
9659,nominal,330.0,1
9660,nominal,421.8,1
9661,nominal,383.0,1
9662,nominal,398.1,1
9663,broken,320.1,1
9664,nominal,406.2,1
9665,nominal,391.3,1
9666,nominal,286.3,1
9667,thin,260.6,1
9668,nominal,395.4,1
9669,nominal,264.7,1
9670,nominal,371.5,1
9671,nominal,318.4,1
9672,nominal,276.7,1
9673,nominal,321.7,1
9674,nominal,330.0,1
9675,nominal,321.7,1
9676,nominal,264.7,1
9677,nominal,274.7,1
9678,nominal,268.8,1
9679,nominal,274.7,1
9680,nominal,328.4,1
9681,nominal,336.5,1
9682,nominal,321.7,1
9683,nominal,326.7,1
9684,nominal,415.4,1
9685,nominal,398.1,1
9686,nominal,410.1,1
9687,nominal,398.1,1
9688,nominal,406.2,1
9689,nominal,392.7,1
9690,nominal,274.7,1
9691,thin,252.2,1
9692,nominal,387.2,1
9693,nominal,270.8,1
9694,nominal,371.5,1
9695,nominal,333.3,1
9696,nominal,262.7,1
9697,nominal,328.4,1
9698,nominal,315.0,1
9699,nominal,318.4,1
9700,nominal,274.7,1
9701,nominal,288.2,1
9702,nominal,272.8,1
9703,nominal,272.8,1
9704,nominal,315.0,1
9705,nominal,326.7,1
9706,nominal,321.7,1
9707,nominal,316.7,1
9708,nominal,412.8,1
9709,broken,322.6,1
9710,nominal,399.5,1
9711,nominal,359.7,1
9712,broken,333.3,1
9713,nominal,378.7,1
9714,nominal,266.8,1
9715,nominal,282.5,1
9716,nominal,398.1,1
9717,nominal,280.6,1
9718,nominal,384.4,1
9719,nominal,315.0,1
9720,thin,250.1,1
9721,nominal,320.1,1
9722,nominal,330.0,1
9723,nominal,321.7,1
9724,nominal,280.6,1
9725,nominal,297.4,1
9726,nominal,266.8,1
9727,nominal,284.4,1
9728,nominal,320.1,1
9729,nominal,325.1,1
9730,nominal,321.7,1
9731,nominal,318.4,1
9732,nominal,426.9,1
9733,nominal,421.8,1
9734,nominal,426.9,1
9735,broken,301.0,1
9736,nominal,404.9,1
9737,nominal,380.1,1
9738,thin,250.1,1
9739,nominal,290.0,1
9740,nominal,428.2,1
9741,nominal,293.7,1
9742,nominal,380.1,1
9743,nominal,338.1,1
9744,thin,239.1,1
9745,nominal,330.0,1
9746,nominal,318.4,1
9747,nominal,325.1,1
9748,nominal,280.6,1
9749,nominal,288.2,1
9750,nominal,262.7,1
9751,nominal,286.3,1
9752,nominal,331.6,1
9753,nominal,330.0,1
9754,nominal,338.1,1
9755,nominal,331.6,1
9756,nominal,420.5,1
9757,nominal,402.2,1
9758,nominal,403.5,1
9759,nominal,355.2,1
9760,nominal,362.7,1
9761,nominal,394.1,1
9762,thin,239.1,1
9763,nominal,290.0,1
9764,nominal,421.8,1
9765,nominal,290.0,1
9766,nominal,399.5,1
9767,nominal,331.6,1
9768,thin,215.3,1
9769,nominal,323.4,1
9770,nominal,334.9,1
9771,nominal,334.9,1
9772,nominal,266.8,1
9773,nominal,306.3,1
9774,nominal,280.6,1
9775,nominal,297.4,1
9776,nominal,336.5,1
9777,nominal,334.9,1
9778,missing,0.0,1
9779,nominal,336.5,1
9780,nominal,378.7,1
9781,nominal,358.2,1
9782,nominal,368.6,1
9783,nominal,399.5,1
9784,nominal,418.0,1
9785,nominal,396.8,1
9786,thin,220.3,1
9787,nominal,295.5,1
9788,thick,441.8,1
9789,nominal,288.2,1
9790,nominal,396.8,1
9791,nominal,333.3,1
9792,thin,227.5,1
9793,nominal,323.4,1
9794,nominal,341.3,1
9795,nominal,334.9,1
9796,nominal,270.8,1
9797,nominal,320.1,1
9798,nominal,291.9,1
9799,nominal,309.8,1
9800,nominal,318.4,1
9801,nominal,318.4,1
9802,nominal,323.4,1
9803,nominal,325.1,1
9804,nominal,301.0,0
9805,nominal,302.8,0
9806,nominal,293.7,0
9807,nominal,304.5,0
9808,nominal,389.9,1
9809,nominal,368.6,1
9810,nominal,383.0,1
9811,nominal,353.7,1
9812,nominal,396.8,1
9813,nominal,378.7,1
9814,thin,236.8,1
9815,nominal,291.9,1
9816,nominal,377.3,1
9817,nominal,274.7,1
9818,nominal,371.5,1
9819,nominal,323.4,1
9820,thin,256.5,1
9821,nominal,325.1,1
9822,nominal,331.6,1
9823,nominal,325.1,1
9824,nominal,328.4,1
9825,nominal,282.5,1
9826,nominal,320.1,1
9827,nominal,280.6,1
9828,nominal,315.0,1
9829,nominal,304.5,1
9830,nominal,304.5,1
9831,nominal,297.4,1
9832,nominal,395.4,1
9833,nominal,368.6,1
9834,nominal,331.6,1
9835,nominal,338.1,1
9836,missing,0.0,0
9837,missing,0.0,0
9838,missing,0.0,0
9839,missing,0.0,0
9840,nominal,402.2,1
9841,nominal,358.2,1
9842,nominal,313.3,1
9843,nominal,266.8,1
9844,nominal,395.4,1
9845,thin,256.5,1
9846,nominal,371.5,1
9847,nominal,320.1,1
9848,nominal,286.3,1
9849,nominal,328.4,1
9850,nominal,328.4,1
9851,nominal,311.5,1
9852,nominal,311.5,1
9853,nominal,276.7,1
9854,nominal,311.5,1
9855,nominal,288.2,1
9856,nominal,320.1,1
9857,nominal,321.7,1
9858,nominal,304.5,1
9859,nominal,316.7,1
9860,nominal,384.4,1
9861,nominal,346.0,1
9862,nominal,364.2,1
9863,nominal,377.3,1
9864,missing,0.0,0
9865,missing,0.0,0
9866,missing,0.0,0
9867,missing,0.0,0
9868,nominal,358.2,1
9869,nominal,347.5,1
9870,nominal,291.9,1
9871,thin,252.2,1
9872,nominal,383.0,1
9873,thin,250.1,1
9874,nominal,353.7,1
9875,nominal,331.6,1
9876,nominal,272.8,1
9877,nominal,325.1,1
9878,nominal,326.7,1
9879,nominal,315.0,1
9880,nominal,286.3,1
9881,nominal,276.7,1
9882,nominal,309.8,1
9883,nominal,282.5,1
9884,nominal,323.4,1
9885,nominal,315.0,1
9886,nominal,313.3,1
9887,nominal,325.1,1
9888,nominal,358.2,1
9889,nominal,388.5,1
9890,nominal,396.8,1
9891,nominal,375.8,1
9892,missing,0.0,0
9893,missing,0.0,0
9894,missing,0.0,0
9895,missing,0.0,0
9896,nominal,380.1,1
9897,nominal,328.4,1
9898,nominal,290.0,1
9899,thin,245.7,1
9900,nominal,341.3,1
9901,nominal,272.8,1
9902,nominal,380.1,1
9903,nominal,336.5,1
9904,nominal,290.0,1
9905,nominal,315.0,1
9906,nominal,313.3,1
9907,nominal,320.1,1
9908,nominal,288.2,1
9909,nominal,284.4,1
9910,nominal,284.4,1
9911,nominal,284.4,1
9912,nominal,321.7,1
9913,nominal,311.5,1
9914,nominal,318.4,1
9915,nominal,315.0,1
9916,nominal,380.1,1
9917,nominal,368.6,1
9918,nominal,387.2,1
9919,nominal,403.5,1
9920,missing,0.0,0
9921,missing,0.0,0
9922,missing,0.0,0
9923,missing,0.0,0
9924,nominal,375.8,1
9925,nominal,387.2,1
9926,nominal,282.5,1
9927,nominal,288.2,1
9928,nominal,399.5,1
9929,nominal,288.2,1
9930,nominal,338.1,1
9931,nominal,315.0,1
9932,nominal,276.7,1
9933,nominal,316.7,1
9934,nominal,311.5,1
9935,nominal,313.3,1
9936,nominal,268.8,1
9937,nominal,290.0,1
9938,nominal,282.5,1
9939,nominal,266.8,1
9940,nominal,304.5,1
9941,nominal,316.7,1
9942,nominal,311.5,1
9943,nominal,321.7,1
9944,nominal,400.8,1
9945,nominal,400.8,1
9946,nominal,392.7,1
9947,nominal,388.5,1
9948,missing,0.0,0
9949,missing,0.0,0
9950,missing,0.0,0
9951,missing,0.0,0
9952,nominal,394.1,1
9953,nominal,355.2,1
9954,nominal,293.7,1
9955,nominal,272.8,1
9956,nominal,334.9,1
9957,nominal,299.2,1
9958,nominal,394.1,1
9959,nominal,320.1,1
9960,nominal,262.7,1
9961,nominal,311.5,1
9962,nominal,301.0,1
9963,nominal,318.4,1
9964,nominal,282.5,1
9965,nominal,293.7,1
9966,nominal,291.9,1
9967,nominal,290.0,1
9968,nominal,315.0,1
9969,nominal,309.8,1
9970,nominal,313.3,1
9971,nominal,304.5,1
9972,nominal,394.1,1
9973,nominal,400.8,1
9974,nominal,415.4,1
9975,nominal,378.7,1
9976,missing,0.0,0
9977,missing,0.0,0
9978,missing,0.0,0
9979,missing,0.0,0
9980,nominal,364.2,1
9981,nominal,381.5,1
9982,nominal,274.7,1
9983,nominal,290.0,1
9984,nominal,412.8,1
9985,nominal,286.3,1
9986,nominal,400.8,1
9987,nominal,320.1,1
9988,nominal,262.7,1
9989,nominal,316.7,1
9990,nominal,309.8,1
9991,nominal,308.0,1
9992,thin,260.6,1
9993,nominal,301.0,1
9994,nominal,272.8,1
9995,nominal,304.5,1
9996,nominal,311.5,1
9997,nominal,304.5,1
9998,nominal,320.1,1
9999,nominal,308.0,1
10000,nominal,421.8,1
10001,nominal,380.1,1
10002,nominal,339.7,1
10003,missing,0.0,1
10004,missing,0.0,0
10005,missing,0.0,0
10006,missing,0.0,0
10007,missing,0.0,0
10008,nominal,377.3,1
10009,nominal,364.2,1
10010,nominal,276.7,1
10011,nominal,278.6,1
10012,nominal,388.5,1
10013,nominal,282.5,1
10014,nominal,375.8,1
10015,nominal,326.7,1
10016,thin,245.7,1
10017,nominal,320.1,1
10018,nominal,309.8,1
10019,nominal,323.4,1
10020,nominal,270.8,1
10021,nominal,306.3,1
10022,nominal,284.4,1
10023,nominal,316.7,1
10024,nominal,311.5,1
10025,nominal,323.4,1
10026,nominal,316.7,1
10027,missing,0.0,1
10028,nominal,370.1,1
10029,nominal,387.2,1
10030,missing,0.0,1
10031,nominal,370.1,1
10032,missing,0.0,0
10033,missing,0.0,0
10034,missing,0.0,0
10035,missing,0.0,0
10036,nominal,373.0,1
10037,nominal,374.4,1
10038,thin,258.6,1
10039,nominal,280.6,1
10040,nominal,362.7,1
10041,nominal,290.0,1
10042,nominal,400.8,1
10043,nominal,328.4,1
10044,thin,232.2,1
10045,nominal,328.4,1
10046,nominal,326.7,1
10047,nominal,320.1,1
10048,nominal,274.7,1
10049,nominal,323.4,1
10050,nominal,293.7,1
10051,nominal,323.4,1
10052,nominal,309.8,1
10053,nominal,320.1,1
10054,nominal,313.3,1
10055,nominal,311.5,1
10056,nominal,282.5,0
10057,nominal,283.4,0
10058,nominal,304.5,0
10059,nominal,282.5,0
10060,nominal,391.3,1
10061,nominal,364.2,1
10062,nominal,353.7,1
10063,nominal,378.7,1
10064,missing,0.0,0
10065,missing,0.0,0
10066,missing,0.0,0
10067,missing,0.0,0
10068,nominal,392.7,1
10069,nominal,399.5,1
10070,nominal,264.7,1
10071,nominal,284.4,1
10072,nominal,406.2,1
10073,nominal,309.8,1
10074,nominal,385.8,1
10075,nominal,321.7,1
10076,thin,250.1,1
10077,nominal,320.1,1
10078,nominal,336.5,1
10079,nominal,321.7,1
10080,nominal,274.7,1
10081,nominal,318.4,1
10082,thin,258.6,1
10083,nominal,302.8,1
10084,nominal,304.5,1
10085,nominal,293.7,1
10086,nominal,291.9,1
10087,nominal,286.3,1
10088,nominal,308.0,1
10089,nominal,323.4,1
10090,nominal,336.5,1
10091,nominal,355.2,1
10092,nominal,378.7,1
10093,nominal,370.1,1
10094,thin,247.9,1
10095,nominal,318.4,1
10096,nominal,339.7,1
10097,nominal,276.7,1
10098,nominal,355.2,1
10099,nominal,321.7,1
10100,thin,250.1,1
10101,nominal,315.0,1
10102,nominal,320.1,1
10103,nominal,321.7,1
10104,nominal,262.7,1
10105,nominal,316.7,1
10106,thin,241.3,1
10107,nominal,290.0,1
10108,nominal,304.5,1
10109,nominal,309.8,1
10110,nominal,299.2,1
10111,nominal,299.2,1
10112,broken,330.8,1
10113,nominal,385.8,1
10114,nominal,355.2,1
10115,nominal,356.7,1
10116,nominal,383.0,1
10117,nominal,356.7,1
10118,thin,234.5,1
10119,nominal,308.0,1
10120,broken,299.1,1
10121,nominal,288.2,1
10122,nominal,375.8,1
10123,nominal,308.0,1
10124,thin,252.2,1
10125,nominal,308.0,1
10126,nominal,323.4,1
10127,nominal,316.7,1
10128,nominal,278.6,1
10129,nominal,311.5,1
10130,thin,243.5,1
10131,nominal,286.3,1
10132,nominal,315.0,1
10133,nominal,311.5,1
10134,nominal,304.5,1
10135,nominal,308.0,1
10136,nominal,349.1,1
10137,nominal,359.7,1
10138,nominal,325.1,1
10139,nominal,385.8,1
10140,nominal,373.0,1
10141,nominal,380.1,1
10142,thin,247.9,1
10143,nominal,291.9,1
10144,nominal,378.7,1
10145,nominal,268.8,1
10146,nominal,350.6,1
10147,nominal,316.7,1
10148,nominal,262.7,1
10149,nominal,302.8,1
10150,nominal,302.8,1
10151,nominal,313.3,1
10152,nominal,266.8,1
10153,nominal,282.5,1
10154,thin,245.7,1
10155,nominal,282.5,1
10156,nominal,309.8,1
10157,nominal,326.7,1
10158,nominal,299.2,1
10159,nominal,320.1,1
10160,nominal,368.6,1
10161,nominal,378.7,1
10162,nominal,389.9,1
10163,nominal,368.6,1
10164,nominal,391.3,1
10165,nominal,408.8,1
10166,nominal,268.8,1
10167,nominal,286.3,1
10168,nominal,367.1,1
10169,nominal,270.8,1
10170,nominal,368.6,1
10171,nominal,295.5,1
10172,nominal,264.7,1
10173,nominal,306.3,1
10174,nominal,309.8,1
10175,nominal,313.3,1
10176,thin,256.5,1
10177,broken,284.4,1
10178,thin,250.1,1
10179,nominal,272.8,1
10180,nominal,313.3,1
10181,nominal,301.0,1
10182,nominal,304.5,1
10183,nominal,308.0,1
10184,nominal,358.2,1
10185,nominal,353.7,1
10186,nominal,308.0,1
10187,nominal,378.7,1
10188,nominal,388.5,1
10189,nominal,375.8,1
10190,thin,234.5,1
10191,nominal,282.5,1
10192,nominal,342.8,1
10193,nominal,268.8,1
10194,nominal,309.8,1
10195,nominal,282.5,1
10196,thin,258.6,1
10197,nominal,302.8,1
10198,nominal,290.0,1
10199,nominal,318.4,1
10200,nominal,272.8,1
10201,nominal,276.7,1
10202,thin,247.9,1
10203,nominal,278.6,1
10204,nominal,297.4,1
10205,nominal,304.5,1
10206,nominal,301.0,1
10207,nominal,308.0,1
10208,nominal,346.0,1
10209,nominal,315.0,1
10210,nominal,311.5,1
10211,nominal,388.5,1
10212,nominal,375.8,1
10213,nominal,362.7,1
10214,thin,260.6,1
10215,broken,264.7,1
10216,nominal,395.4,1
10217,nominal,264.7,1
10218,nominal,361.2,1
10219,nominal,301.0,1
10220,nominal,270.8,1
10221,nominal,297.4,1
10222,nominal,321.7,1
10223,nominal,302.8,1
10224,nominal,295.5,1
10225,nominal,288.2,1
10226,nominal,262.7,1
10227,nominal,282.5,1
10228,nominal,315.0,1
10229,nominal,302.8,1
10230,nominal,297.4,1
10231,nominal,311.5,1
10232,nominal,371.5,1
10233,nominal,346.0,1
10234,nominal,272.8,1
10235,nominal,385.8,1
10236,nominal,392.7,1
10237,nominal,361.2,1
10238,nominal,268.8,1
10239,nominal,286.3,1
10240,nominal,396.8,1
10241,nominal,268.8,1
10242,nominal,381.5,1
10243,nominal,313.3,1
10244,nominal,274.7,1
10245,nominal,323.4,1
10246,nominal,311.5,1
10247,nominal,316.7,1
10248,nominal,284.4,1
10249,nominal,276.7,1
10250,nominal,299.2,1
10251,nominal,272.8,1
10252,nominal,318.4,1
10253,nominal,318.4,1
10254,nominal,318.4,1
10255,nominal,309.8,1
10256,nominal,344.4,1
10257,necked,278.6,1
10258,nominal,330.0,1
10259,nominal,325.1,1
10260,broken,341.3,1
10261,nominal,381.5,1
10262,nominal,270.8,1
10263,nominal,268.8,1
10264,nominal,408.8,1
10265,thin,247.9,1
10266,nominal,375.8,1
10267,nominal,313.3,1
10268,nominal,284.4,1
10269,nominal,315.0,1
10270,nominal,320.1,1
10271,nominal,320.1,1
10272,nominal,311.5,1
10273,nominal,274.7,1
10274,nominal,311.5,1
10275,nominal,272.8,1
10276,nominal,306.3,1
10277,nominal,295.5,1
10278,nominal,301.0,1
10279,nominal,306.3,1
10280,nominal,290.0,0
10281,nominal,284.4,0
10282,nominal,306.3,0
10283,nominal,280.6,0
10284,nominal,365.7,1
10285,nominal,316.7,1
10286,nominal,328.4,1
10287,nominal,321.7,1
10288,nominal,392.7,1
10289,nominal,328.4,1
10290,nominal,282.5,1
10291,nominal,270.8,1
10292,nominal,380.1,1
10293,nominal,268.8,1
10294,nominal,336.5,1
10295,nominal,321.7,1
10296,nominal,308.0,1
10297,nominal,325.1,1
10298,missing,0.0,1
10299,nominal,326.7,1
10300,nominal,282.5,1
10301,nominal,295.5,1
10302,thin,247.9,1
10303,nominal,299.2,1
10304,nominal,306.3,1
10305,nominal,291.9,1
10306,nominal,290.0,1
10307,nominal,291.9,1
10308,nominal,377.3,1
10309,nominal,375.8,1
10310,nominal,342.8,1
10311,nominal,377.3,1
10312,nominal,370.1,1
10313,nominal,381.5,1
10314,thin,241.3,1
10315,nominal,304.5,1
10316,nominal,403.5,1
10317,nominal,276.7,1
10318,nominal,370.1,1
10319,nominal,313.3,1
10320,thin,227.5,1
10321,nominal,315.0,1
10322,nominal,291.9,1
10323,nominal,331.6,1
10324,thin,252.2,1
10325,nominal,306.3,1
10326,thin,239.1,1
10327,nominal,293.7,1
10328,nominal,308.0,1
10329,nominal,320.1,1
10330,nominal,315.0,1
10331,nominal,309.8,1
10332,nominal,391.3,1
10333,nominal,398.1,1
10334,nominal,392.7,1
10335,nominal,353.7,1
10336,nominal,396.8,1
10337,nominal,368.6,1
10338,thin,217.8,1
10339,nominal,282.5,1
10340,broken,286.3,1
10341,nominal,276.7,1
10342,nominal,391.3,1
10343,nominal,328.4,1
10344,thin,225.1,1
10345,nominal,323.4,1
10346,nominal,326.7,1
10347,nominal,321.7,1
10348,thin,247.9,1
10349,nominal,291.9,1
10350,thin,222.7,1
10351,nominal,274.7,1
10352,nominal,315.0,1
10353,nominal,321.7,1
10354,nominal,311.5,1
10355,nominal,311.5,1
10356,nominal,377.3,1
10357,nominal,378.7,1
10358,nominal,367.1,1
10359,nominal,392.7,1
10360,nominal,375.8,1
10361,nominal,395.4,1
10362,thin,202.4,1
10363,nominal,291.9,1
10364,nominal,406.2,1
10365,nominal,264.7,1
10366,nominal,388.5,1
10367,nominal,309.8,1
10368,thin,243.5,1
10369,nominal,320.1,1
10370,nominal,325.1,1
10371,nominal,318.4,1
10372,thin,207.7,1
10373,nominal,276.7,1
10374,thin,207.7,1
10375,nominal,284.4,1
10376,nominal,304.5,1
10377,nominal,318.4,1
10378,nominal,304.5,1
10379,nominal,321.7,1
10380,nominal,403.5,1
10381,nominal,389.9,1
10382,nominal,399.5,1
10383,nominal,398.1,1
10384,nominal,416.7,1
10385,nominal,380.1,1
10386,thin,207.7,1
10387,nominal,274.7,1
10388,nominal,380.1,1
10389,thin,258.6,1
10390,nominal,367.1,1
10391,nominal,299.2,1
10392,thin,225.1,1
10393,nominal,309.8,1
10394,nominal,293.7,1
10395,nominal,309.8,1
10396,thin,241.3,1
10397,nominal,278.6,1
10398,thin,217.8,1
10399,nominal,276.7,1
10400,nominal,313.3,1
10401,nominal,308.0,1
10402,nominal,320.1,1
10403,nominal,309.8,1
10404,nominal,407.5,1
10405,nominal,424.4,1
10406,nominal,380.1,1
10407,nominal,400.8,1
10408,broken,324.2,1
10409,nominal,377.3,1
10410,thin,232.2,1
10411,nominal,266.8,1
10412,nominal,362.7,1
10413,nominal,266.8,1
10414,nominal,383.0,1
10415,nominal,302.8,1
10416,thin,245.7,1
10417,nominal,308.0,1
10418,nominal,288.2,1
10419,nominal,304.5,1
10420,thin,241.3,1
10421,thin,256.5,1
10422,thin,236.8,1
10423,nominal,270.8,1
10424,nominal,306.3,1
10425,nominal,302.8,1
10426,nominal,304.5,1
10427,nominal,304.5,1
10428,nominal,395.4,1
10429,nominal,355.2,1
10430,nominal,374.4,1
10431,nominal,416.7,1
10432,nominal,387.2,1
10433,necked,344.4,1
10434,thin,202.4,1
10435,nominal,280.6,1
10436,nominal,381.5,1
10437,thin,250.1,1
10438,nominal,346.0,1
10439,nominal,320.1,1
10440,thin,252.2,1
10441,nominal,311.5,1
10442,nominal,316.7,1
10443,nominal,302.8,1
10444,thin,243.5,1
10445,nominal,272.8,1
10446,thin,250.1,1
10447,nominal,266.8,1
10448,nominal,311.5,1
10449,nominal,311.5,1
10450,nominal,302.8,1
10451,nominal,323.4,1
10452,nominal,411.5,1
10453,nominal,362.7,1
10454,nominal,328.4,1
10455,nominal,423.1,1
10456,nominal,395.4,1
10457,nominal,364.2,1
10458,thin,236.8,1
10459,thin,256.5,1
10460,nominal,395.4,1
10461,thin,252.2,1
10462,nominal,364.2,1
10463,nominal,328.4,1
10464,thin,258.6,1
10465,nominal,316.7,1
10466,nominal,311.5,1
10467,nominal,308.0,1
10468,nominal,262.7,1
10469,thin,260.6,1
10470,thin,258.6,1
10471,nominal,274.7,1
10472,nominal,315.0,1
10473,nominal,318.4,1
10474,nominal,311.5,1
10475,nominal,320.1,1
10476,nominal,389.9,1
10477,nominal,347.5,1
10478,nominal,381.5,1
10479,nominal,408.8,1
10480,nominal,394.1,1
10481,nominal,362.7,1
10482,thin,258.6,1
10483,thin,256.5,1
10484,nominal,407.5,1
10485,thin,247.9,1
10486,nominal,398.1,1
10487,nominal,331.6,1
10488,nominal,278.6,1
10489,nominal,318.4,1
10490,nominal,309.8,1
10491,nominal,320.1,1
10492,nominal,291.9,1
10493,nominal,286.3,1
10494,nominal,309.8,1
10495,nominal,270.8,1
10496,nominal,309.8,1
10497,nominal,318.4,1
10498,nominal,302.8,1
10499,nominal,311.5,1
10500,nominal,297.4,0
10501,nominal,309.8,0
10502,nominal,304.5,0
10503,nominal,301.0,0
10504,nominal,375.8,1
10505,nominal,320.1,1
10506,nominal,361.2,1
10507,nominal,331.6,1
10508,nominal,402.2,1
10509,nominal,356.7,1
10510,nominal,264.7,1
10511,nominal,274.7,1
10512,nominal,356.7,1
10513,nominal,268.8,1
10514,nominal,374.4,1
10515,nominal,321.7,1
10516,nominal,284.4,1
10517,nominal,326.7,1
10518,nominal,315.0,1
10519,nominal,315.0,1
10520,nominal,270.8,1
10521,nominal,288.2,1
10522,thin,245.7,1
10523,nominal,295.5,1
10524,nominal,302.8,1
10525,nominal,302.8,1
10526,nominal,278.6,1
10527,nominal,306.3,1
10528,nominal,384.4,1
10529,nominal,333.3,1
10530,nominal,395.4,1
10531,nominal,394.1,1
10532,nominal,378.7,1
10533,nominal,365.7,1
10534,nominal,264.7,1
10535,nominal,286.3,1
10536,nominal,394.1,1
10537,nominal,276.7,1
10538,nominal,328.4,1
10539,nominal,328.4,1
10540,thin,227.5,1
10541,nominal,321.7,1
10542,nominal,309.8,1
10543,nominal,341.3,1
10544,thin,239.1,1
10545,nominal,291.9,1
10546,thin,241.3,1
10547,nominal,270.8,1
10548,nominal,306.3,1
10549,nominal,304.5,1
10550,nominal,299.2,1
10551,nominal,323.4,1
10552,nominal,398.1,1
10553,nominal,326.7,1
10554,nominal,403.5,1
10555,nominal,392.7,1
10556,nominal,406.2,1
10557,nominal,400.8,1
10558,thin,229.9,1
10559,nominal,272.8,1
10560,nominal,347.5,1
10561,nominal,270.8,1
10562,nominal,334.9,1
10563,nominal,326.7,1
10564,thin,210.3,1
10565,nominal,316.7,1
10566,nominal,315.0,1
10567,nominal,328.4,1
10568,thin,222.7,1
10569,nominal,282.5,1
10570,thin,229.9,1
10571,nominal,278.6,1
10572,nominal,326.7,1
10573,nominal,328.4,1
10574,nominal,318.4,1
10575,nominal,318.4,1
10576,nominal,431.9,1
10577,nominal,333.3,1
10578,nominal,381.5,1
10579,nominal,404.9,1
10580,nominal,396.8,1
10581,nominal,394.1,1
10582,thin,188.6,1
10583,nominal,282.5,1
10584,nominal,388.5,1
10585,nominal,264.7,1
10586,nominal,377.3,1
10587,nominal,321.7,1
10588,thin,205.1,1
10589,nominal,316.7,1
10590,nominal,311.5,1
10591,nominal,304.5,1
10592,thin,220.3,1
10593,nominal,280.6,1
10594,thin,210.3,1
10595,nominal,288.2,1
10596,nominal,318.4,1
10597,nominal,313.3,1
10598,nominal,308.0,1
10599,nominal,331.6,1
10600,nominal,402.2,1
10601,nominal,373.0,1
10602,nominal,392.7,1
10603,nominal,433.2,1
10604,nominal,411.5,1
10605,nominal,389.9,1
10606,thin,182.8,1
10607,nominal,274.7,1
10608,nominal,389.9,1
10609,nominal,280.6,1
10610,nominal,353.7,1
10611,nominal,309.8,1
10612,thin,215.3,1
10613,nominal,304.5,1
10614,nominal,301.0,1
10615,nominal,323.4,1
10616,thin,205.1,1
10617,nominal,274.7,1
10618,thin,215.3,1
10619,nominal,270.8,1
10620,nominal,313.3,1
10621,nominal,308.0,1
10622,nominal,299.2,1
10623,nominal,315.0,1
10624,nominal,434.4,1
10625,nominal,407.5,1
10626,nominal,399.5,1
10627,thick,439.3,1
10628,nominal,418.0,1
10629,nominal,375.8,1
10630,thin,199.7,1
10631,nominal,278.6,1
10632,nominal,368.6,1
10633,nominal,266.8,1
10634,nominal,341.3,1
10635,nominal,301.0,1
10636,thin,217.8,1
10637,nominal,320.1,1
10638,nominal,278.6,1
10639,nominal,301.0,1
10640,thin,227.5,1
10641,nominal,278.6,1
10642,thin,220.3,1
10643,nominal,272.8,1
10644,nominal,293.7,1
10645,nominal,309.8,1
10646,nominal,308.0,1
10647,nominal,323.4,1
10648,nominal,434.4,1
10649,nominal,410.1,1
10650,nominal,394.1,1
10651,nominal,380.1,1
10652,nominal,380.1,1
10653,nominal,359.7,1
10654,thin,229.9,1
10655,nominal,272.8,1
10656,nominal,380.1,1
10657,thin,252.2,1
10658,nominal,380.1,1
10659,nominal,302.8,1
10660,thin,217.8,1
10661,nominal,309.8,1
10662,nominal,301.0,1
10663,nominal,320.1,1
10664,thin,232.2,1
10665,thin,254.4,1
10666,thin,236.8,1
10667,nominal,282.5,1
10668,nominal,325.1,1
10669,nominal,315.0,1
10670,nominal,320.1,1
10671,nominal,328.4,1
10672,nominal,406.2,1
10673,nominal,364.2,1
10674,nominal,349.1,1
10675,nominal,402.2,1
10676,nominal,391.3,1
10677,nominal,359.7,1
10678,thin,227.5,1
10679,nominal,276.7,1
10680,nominal,403.5,1
10681,nominal,262.7,1
10682,nominal,384.4,1
10683,nominal,320.1,1
10684,thin,245.7,1
10685,nominal,316.7,1
10686,nominal,318.4,1
10687,nominal,313.3,1
10688,thin,254.4,1
10689,nominal,264.7,1
10690,thin,254.4,1
10691,nominal,266.8,1
10692,nominal,321.7,1
10693,nominal,320.1,1
10694,nominal,313.3,1
10695,nominal,315.0,1
10696,nominal,374.4,1
10697,nominal,346.0,1
10698,nominal,364.2,1
10699,nominal,374.4,1
10700,nominal,415.4,1
10701,nominal,352.1,1
10702,thin,229.9,1
10703,nominal,264.7,1
10704,nominal,396.8,1
10705,thin,260.6,1
10706,nominal,375.8,1
10707,nominal,325.1,1
10708,nominal,264.7,1
10709,nominal,333.3,1
10710,nominal,315.0,1
10711,nominal,313.3,1
10712,thin,258.6,1
10713,nominal,290.0,1
10714,nominal,288.2,1
10715,nominal,274.7,1
10716,nominal,309.8,1
10717,nominal,297.4,1
10718,nominal,308.0,1
10719,nominal,318.4,1
10720,nominal,291.9,0
10721,nominal,302.8,0
10722,nominal,308.0,0
10723,nominal,293.7,0
10724,nominal,373.0,1
10725,nominal,304.5,1
10726,nominal,407.5,1
10727,nominal,383.0,1
10728,nominal,414.1,1
10729,nominal,362.7,1
10730,thin,258.6,1
10731,nominal,274.7,1
10732,nominal,347.5,1
10733,nominal,291.9,1
10734,nominal,342.8,1
10735,nominal,315.0,1
10736,nominal,301.0,1
10737,nominal,302.8,1
10738,nominal,313.3,1
10739,nominal,313.3,1
10740,nominal,270.8,1
10741,nominal,278.6,1
10742,thin,247.9,1
10743,nominal,301.0,1
10744,nominal,302.8,1
10745,nominal,316.7,1
10746,nominal,301.0,1
10747,nominal,321.7,1
10748,nominal,355.2,1
10749,nominal,311.5,1
10750,nominal,350.6,1
10751,nominal,378.7,1
10752,thick,445.4,1
10753,nominal,389.9,1
10754,nominal,268.8,1
10755,nominal,293.7,1
10756,nominal,380.1,1
10757,nominal,272.8,1
10758,nominal,355.2,1
10759,nominal,318.4,1
10760,thin,241.3,1
10761,nominal,318.4,1
10762,nominal,320.1,1
10763,nominal,325.1,1
10764,thin,245.7,1
10765,nominal,284.4,1
10766,thin,247.9,1
10767,nominal,280.6,1
10768,nominal,316.7,1
10769,nominal,328.4,1
10770,nominal,318.4,1
10771,nominal,318.4,1
10772,nominal,396.8,1
10773,nominal,368.6,1
10774,nominal,365.7,1
10775,nominal,436.9,1
10776,nominal,339.7,1
10777,nominal,367.1,1
10778,thin,232.2,1
10779,nominal,268.8,1
10780,nominal,416.7,1
10781,nominal,268.8,1
10782,nominal,373.0,1
10783,nominal,318.4,1
10784,thin,212.8,1
10785,nominal,323.4,1
10786,nominal,316.7,1
10787,nominal,321.7,1
10788,thin,252.2,1
10789,nominal,268.8,1
10790,thin,250.1,1
10791,nominal,268.8,1
10792,nominal,325.1,1
10793,nominal,325.1,1
10794,nominal,315.0,1
10795,nominal,311.5,1
10796,nominal,412.8,1
10797,nominal,364.2,1
10798,nominal,368.6,1
10799,nominal,429.4,1
10800,nominal,407.5,1
10801,nominal,355.2,1
10802,thin,217.8,1
10803,nominal,266.8,1
10804,nominal,404.9,1
10805,nominal,262.7,1
10806,nominal,344.4,1
10807,nominal,315.0,1
10808,thin,210.3,1
10809,nominal,304.5,1
10810,nominal,326.7,1
10811,nominal,315.0,1
10812,thin,210.3,1
10813,nominal,282.5,1
10814,thin,212.8,1
10815,nominal,274.7,1
10816,nominal,313.3,1
10817,nominal,325.1,1
10818,nominal,321.7,1
10819,nominal,320.1,1
10820,nominal,421.8,1
10821,nominal,362.7,1
10822,nominal,418.0,1
10823,nominal,419.2,1
10824,thick,444.2,1
10825,nominal,349.1,1
10826,thin,202.4,1
10827,nominal,286.3,1
10828,nominal,365.7,1
10829,nominal,276.7,1
10830,nominal,395.4,1
10831,nominal,299.2,1
10832,thin,199.7,1
10833,nominal,306.3,1
10834,nominal,301.0,1
10835,nominal,320.1,1
10836,thin,220.3,1
10837,nominal,274.7,1
10838,thin,215.3,1
10839,nominal,278.6,1
10840,nominal,309.8,1
10841,nominal,318.4,1
10842,nominal,315.0,1
10843,nominal,321.7,1
10844,nominal,389.9,1
10845,nominal,342.8,1
10846,nominal,389.9,1
10847,nominal,404.9,1
10848,nominal,375.8,1
10849,nominal,364.2,1
10850,thin,197.0,1
10851,nominal,272.8,1
10852,nominal,370.1,1
10853,thin,258.6,1
10854,nominal,373.0,1
10855,nominal,278.6,1
10856,thin,210.3,1
10857,nominal,293.7,1
10858,nominal,280.6,1
10859,nominal,297.4,1
10860,thin,212.8,1
10861,nominal,278.6,1
10862,thin,207.7,1
10863,nominal,280.6,1
10864,nominal,301.0,1
10865,nominal,316.7,1
10866,nominal,311.5,1
10867,nominal,320.1,1
10868,nominal,378.7,1
10869,nominal,416.7,1
10870,nominal,368.6,1
10871,nominal,362.7,1
10872,nominal,387.2,1
10873,nominal,362.7,1
10874,thin,215.3,1
10875,nominal,268.8,1
10876,nominal,385.8,1
10877,thin,258.6,1
10878,nominal,394.1,1
10879,nominal,302.8,1
10880,thin,210.3,1
10881,nominal,323.4,1
10882,nominal,302.8,1
10883,nominal,304.5,1
10884,thin,220.3,1
10885,nominal,284.4,1
10886,thin,220.3,1
10887,nominal,280.6,1
10888,nominal,325.1,1
10889,nominal,320.1,1
10890,nominal,316.7,1
10891,nominal,318.4,1
10892,nominal,374.4,1
10893,nominal,385.8,1
10894,nominal,375.8,1
10895,nominal,412.8,1
10896,nominal,344.4,1
10897,nominal,350.6,1
10898,thin,212.8,1
10899,nominal,278.6,1
10900,nominal,400.8,1
10901,nominal,272.8,1
10902,nominal,383.0,1
10903,nominal,325.1,1
10904,thin,212.8,1
10905,nominal,316.7,1
10906,nominal,315.0,1
10907,nominal,321.7,1
10908,thin,252.2,1
10909,nominal,274.7,1
10910,thin,243.5,1
10911,nominal,266.8,1
10912,nominal,313.3,1
10913,nominal,304.5,1
10914,nominal,309.8,1
10915,nominal,315.0,1
10916,nominal,367.1,1
10917,nominal,361.2,1
10918,nominal,377.3,1
10919,nominal,402.2,1
10920,nominal,408.8,1
10921,nominal,346.0,1
10922,thin,234.5,1
10923,nominal,264.7,1
10924,nominal,391.3,1
10925,nominal,272.8,1
10926,nominal,400.8,1
10927,nominal,313.3,1
10928,thin,252.2,1
10929,nominal,323.4,1
10930,nominal,320.1,1
10931,nominal,320.1,1
10932,thin,250.1,1
10933,nominal,290.0,1
10934,thin,260.6,1
10935,nominal,280.6,1
10936,nominal,308.0,1
10937,nominal,308.0,1
10938,nominal,301.0,1
10939,nominal,316.7,1
10940,nominal,304.5,0
10941,nominal,328.4,0
10942,nominal,304.5,0
10943,nominal,301.0,0
10944,broken,316.7,1
10945,nominal,356.7,1
10946,nominal,381.5,1
10947,nominal,323.4,1
10948,missing,0.0,1
10949,nominal,378.7,1
10950,thin,247.9,1
10951,nominal,288.2,1
10952,nominal,394.1,1
10953,nominal,286.3,1
10954,nominal,368.6,1
10955,nominal,311.5,1
10956,nominal,272.8,1
10957,nominal,318.4,1
10958,nominal,308.0,1
10959,nominal,318.4,1
10960,nominal,270.8,1
10961,nominal,266.8,1
10962,nominal,264.7,1
10963,nominal,299.2,1
10964,nominal,318.4,1
10965,nominal,309.8,1
10966,nominal,318.4,1
10967,nominal,316.7,1
10968,nominal,365.7,1
10969,nominal,323.4,0
10970,nominal,380.1,1
10971,nominal,407.5,1
10972,nominal,375.8,1
10973,nominal,367.1,1
10974,nominal,262.7,1
10975,nominal,295.5,1
10976,nominal,367.1,1
10977,nominal,270.8,1
10978,nominal,385.8,1
10979,nominal,316.7,1
10980,thin,252.2,1
10981,nominal,328.4,1
10982,nominal,320.1,1
10983,nominal,325.1,1
10984,thin,254.4,1
10985,nominal,272.8,1
10986,thin,256.5,1
10987,nominal,282.5,1
10988,nominal,318.4,1
10989,nominal,321.7,1
10990,nominal,331.6,1
10991,nominal,313.3,1
10992,nominal,404.9,1
10993,nominal,381.5,1
10994,nominal,412.8,1
10995,nominal,384.4,1
10996,nominal,344.4,1
10997,nominal,374.4,1
10998,thin,234.5,1
10999,nominal,272.8,1
11000,nominal,356.7,1
11001,nominal,282.5,1
11002,nominal,384.4,1
11003,nominal,331.6,1
11004,thin,236.8,1
11005,nominal,328.4,1
11006,nominal,323.4,1
11007,nominal,321.7,1
11008,thin,241.3,1
11009,nominal,270.8,1
11010,thin,234.5,1
11011,nominal,276.7,1
11012,nominal,316.7,1
11013,nominal,321.7,1
11014,nominal,333.3,1
11015,nominal,318.4,1
11016,nominal,411.5,1
11017,nominal,356.7,1
11018,nominal,394.1,1
11019,nominal,375.8,1
11020,thick,441.8,1
11021,nominal,361.2,1
11022,thin,215.3,1
11023,nominal,262.7,1
11024,nominal,387.2,1
11025,nominal,262.7,1
11026,nominal,371.5,1
11027,nominal,320.1,1
11028,thin,210.3,1
11029,nominal,328.4,1
11030,nominal,315.0,1
11031,nominal,315.0,1
11032,thin,243.5,1
11033,nominal,284.4,1
11034,thin,239.1,1
11035,nominal,284.4,1
11036,nominal,330.0,1
11037,nominal,313.3,1
11038,nominal,321.7,1
11039,nominal,323.4,1
11040,nominal,430.7,1
11041,nominal,330.0,1
11042,nominal,375.8,1
11043,nominal,415.4,1
11044,nominal,407.5,1
11045,nominal,309.8,1
11046,thin,202.4,1
11047,nominal,262.7,1
11048,nominal,400.8,1
11049,thin,260.6,1
11050,nominal,342.8,1
11051,nominal,318.4,1
11052,thin,199.7,1
11053,nominal,306.3,1
11054,nominal,302.8,1
11055,nominal,326.7,1
11056,thin,212.8,1
11057,nominal,274.7,1
11058,thin,227.5,1
11059,nominal,266.8,1
11060,nominal,316.7,1
11061,nominal,339.7,1
11062,nominal,330.0,1
11063,nominal,320.1,1
11064,nominal,373.0,1
11065,nominal,384.4,1
11066,nominal,398.1,1
11067,nominal,402.2,1
11068,nominal,367.1,1
11069,nominal,352.1,1
11070,thin,185.8,1
11071,nominal,264.7,1
11072,nominal,377.3,1
11073,nominal,266.8,1
11074,nominal,350.6,1
11075,nominal,268.8,1
11076,thin,188.6,1
11077,nominal,293.7,1
11078,nominal,297.4,1
11079,nominal,280.6,1
11080,thin,215.3,1
11081,nominal,276.7,1
11082,thin,205.1,1
11083,nominal,282.5,1
11084,nominal,331.6,1
11085,nominal,320.1,1
11086,nominal,316.7,1
11087,nominal,316.7,1
11088,nominal,373.0,1
11089,nominal,402.2,1
11090,nominal,399.5,1
11091,broken,321.7,1
11092,nominal,370.1,1
11093,nominal,391.3,1
11094,thin,199.7,1
11095,nominal,262.7,1
11096,nominal,368.6,1
11097,nominal,264.7,1
11098,nominal,392.7,1
11099,nominal,309.8,1
11100,thin,210.3,1
11101,nominal,313.3,1
11102,nominal,318.4,1
11103,nominal,315.0,1
11104,thin,225.1,1
11105,nominal,272.8,1
11106,thin,217.8,1
11107,nominal,288.2,1
11108,nominal,321.7,1
11109,nominal,328.4,1
11110,nominal,320.1,1
11111,nominal,321.7,1
11112,nominal,367.1,1
11113,nominal,378.7,1
11114,nominal,400.8,1
11115,nominal,406.2,1
11116,nominal,359.7,1
11117,nominal,408.8,1
11118,thin,202.4,1
11119,nominal,272.8,1
11120,nominal,406.2,1
11121,nominal,295.5,1
11122,nominal,408.8,1
11123,nominal,323.4,1
11124,thin,232.2,1
11125,nominal,309.8,1
11126,nominal,318.4,1
11127,nominal,323.4,1
11128,thin,239.1,1
11129,nominal,284.4,1
11130,thin,239.1,1
11131,nominal,286.3,1
11132,nominal,320.1,1
11133,nominal,304.5,1
11134,nominal,313.3,1
11135,nominal,316.7,1
11136,nominal,362.7,1
11137,nominal,387.2,1
11138,nominal,373.0,1
11139,nominal,377.3,1
11140,nominal,368.6,1
11141,nominal,407.5,1
11142,thin,239.1,1
11143,nominal,264.7,1
11144,nominal,358.2,1
11145,nominal,274.7,1
11146,nominal,362.7,1
11147,nominal,323.4,1
11148,thin,222.7,1
11149,nominal,321.7,1
11150,nominal,315.0,1
11151,nominal,321.7,1
11152,thin,243.5,1
11153,nominal,288.2,1
11154,thin,260.6,1
11155,nominal,280.6,1
11156,nominal,330.0,1
11157,nominal,308.0,1
11158,nominal,313.3,1
11159,nominal,304.5,1
11160,nominal,309.8,0
11161,nominal,293.7,0
11162,nominal,309.8,0
11163,nominal,291.9,0
11164,nominal,391.3,1
11165,nominal,341.3,1
11166,nominal,370.1,1
11167,nominal,404.9,1
11168,nominal,396.8,1
11169,nominal,358.2,1
11170,thin,241.3,1
11171,nominal,266.8,1
11172,nominal,381.5,1
11173,nominal,293.7,1
11174,nominal,392.7,1
11175,nominal,315.0,1
11176,thin,252.2,1
11177,nominal,315.0,1
11178,nominal,320.1,1
11179,nominal,316.7,1
11180,nominal,284.4,1
11181,nominal,278.6,1
11182,nominal,268.8,1
11183,nominal,299.2,1
11184,nominal,333.3,1
11185,nominal,306.3,1
11186,nominal,320.1,1
11187,nominal,306.3,1
11188,nominal,342.8,1
11189,nominal,377.3,1
11190,nominal,373.0,1
11191,nominal,377.3,1
11192,nominal,367.1,1
11193,nominal,428.2,1
11194,nominal,274.7,1
11195,nominal,280.6,1
11196,nominal,389.9,1
11197,nominal,270.8,1
11198,nominal,389.9,1
11199,nominal,318.4,1
11200,thin,254.4,1
11201,nominal,316.7,1
11202,nominal,328.4,1
11203,nominal,321.7,1
11204,nominal,264.7,1
11205,nominal,264.7,1
11206,thin,260.6,1
11207,nominal,270.8,1
11208,nominal,326.7,1
11209,nominal,315.0,1
11210,nominal,325.1,1
11211,nominal,318.4,1
11212,nominal,395.4,1
11213,nominal,364.2,1
11214,nominal,391.3,1
11215,nominal,374.4,1
11216,nominal,361.2,1
11217,nominal,392.7,1
11218,thin,232.2,1
11219,nominal,270.8,1
11220,nominal,388.5,1
11221,nominal,278.6,1
11222,nominal,395.4,1
11223,nominal,321.7,1
11224,thin,236.8,1
11225,nominal,318.4,1
11226,nominal,321.7,1
11227,nominal,323.4,1
11228,thin,260.6,1
11229,nominal,288.2,1
11230,thin,245.7,1
11231,nominal,288.2,1
11232,nominal,326.7,1
11233,nominal,331.6,1
11234,nominal,326.7,1
11235,nominal,326.7,1
11236,nominal,392.7,1
11237,nominal,352.1,1
11238,nominal,377.3,1
11239,nominal,416.7,1
11240,nominal,411.5,1
11241,nominal,368.6,1
11242,thin,239.1,1
11243,nominal,276.7,1
11244,nominal,387.2,1
11245,thin,260.6,1
11246,nominal,389.9,1
11247,nominal,330.0,1
11248,thin,232.2,1
11249,nominal,326.7,1
11250,nominal,304.5,1
11251,nominal,323.4,1
11252,thin,227.5,1
11253,nominal,268.8,1
11254,thin,241.3,1
11255,nominal,276.7,1
11256,nominal,334.9,1
11257,nominal,323.4,1
11258,nominal,333.3,1
11259,nominal,325.1,1
11260,nominal,388.5,1
11261,nominal,325.1,1
11262,nominal,387.2,1
11263,nominal,377.3,1
11264,nominal,377.3,1
11265,nominal,385.8,1
11266,thin,243.5,1
11267,nominal,280.6,1
11268,nominal,388.5,1
11269,nominal,274.7,1
11270,nominal,375.8,1
11271,nominal,302.8,1
11272,thin,222.7,1
11273,nominal,323.4,1
11274,nominal,330.0,1
11275,nominal,318.4,1
11276,thin,229.9,1
11277,nominal,288.2,1
11278,thin,234.5,1
11279,nominal,282.5,1
11280,nominal,316.7,1
11281,nominal,316.7,1
11282,nominal,318.4,1
11283,nominal,313.3,1
11284,nominal,399.5,1
11285,nominal,383.0,1
11286,nominal,394.1,1
11287,nominal,385.8,1
11288,nominal,398.1,1
11289,nominal,368.6,1
11290,thin,212.8,1
11291,nominal,266.8,1
11292,nominal,411.5,1
11293,nominal,274.7,1
11294,nominal,301.0,1
11295,nominal,299.2,1
11296,thin,191.5,1
11297,nominal,290.0,1
11298,nominal,297.4,1
11299,nominal,316.7,1
11300,thin,210.3,1
11301,nominal,276.7,1
11302,thin,210.3,1
11303,nominal,270.8,1
11304,nominal,326.7,1
11305,nominal,323.4,1
11306,nominal,318.4,1
11307,nominal,302.8,1
11308,nominal,364.2,1
11309,nominal,346.0,1
11310,nominal,378.7,1
11311,nominal,425.6,1
11312,nominal,418.0,1
11313,nominal,398.1,1
11314,thin,182.8,1
11315,nominal,262.7,1
11316,nominal,389.9,1
11317,nominal,302.8,1
11318,nominal,364.2,1
11319,nominal,318.4,1
11320,thin,182.8,1
11321,nominal,308.0,1
11322,nominal,321.7,1
11323,nominal,311.5,1
11324,thin,217.8,1
11325,nominal,286.3,1
11326,thin,227.5,1
11327,nominal,295.5,1
11328,nominal,328.4,1
11329,nominal,323.4,1
11330,nominal,320.1,1
11331,nominal,321.7,1
11332,nominal,420.5,1
11333,nominal,406.2,1
11334,nominal,385.8,1
11335,nominal,419.2,1
11336,nominal,378.7,1
11337,nominal,377.3,1
11338,thin,185.8,1
11339,nominal,302.8,1
11340,nominal,394.1,1
11341,nominal,274.7,1
11342,nominal,375.8,1
11343,nominal,326.7,1
11344,thin,207.7,1
11345,nominal,323.4,1
11346,nominal,323.4,1
11347,nominal,321.7,1
11348,thin,217.8,1
11349,nominal,295.5,1
11350,thin,239.1,1
11351,nominal,295.5,1
11352,nominal,318.4,1
11353,nominal,325.1,1
11354,nominal,309.8,1
11355,nominal,325.1,1
11356,nominal,358.2,1
11357,nominal,362.7,1
11358,nominal,395.4,1
11359,nominal,388.5,1
11360,nominal,353.7,1
11361,nominal,373.0,1
11362,thin,222.7,1
11363,nominal,270.8,1
11364,nominal,389.9,1
11365,nominal,276.7,1
11366,nominal,398.1,1
11367,nominal,326.7,1
11368,thin,225.1,1
11369,nominal,318.4,1
11370,nominal,315.0,1
11371,nominal,328.4,1
11372,thin,252.2,1
11373,nominal,286.3,1
11374,thin,258.6,1
11375,nominal,280.6,1
11376,nominal,311.5,1
11377,nominal,316.7,1
11378,nominal,311.5,1
11379,nominal,302.8,1
11380,nominal,318.4,0
11381,nominal,293.7,0
11382,nominal,288.2,0
11383,nominal,304.5,0
11384,nominal,404.9,1
11385,nominal,350.6,1
11386,nominal,364.2,1
11387,nominal,373.0,1
11388,nominal,404.9,1
11389,nominal,378.7,1
11390,thin,243.5,1
11391,nominal,284.4,1
11392,nominal,381.5,1
11393,nominal,299.2,1
11394,nominal,349.1,1
11395,nominal,323.4,1
11396,thin,243.5,1
11397,nominal,316.7,1
11398,nominal,318.4,1
11399,nominal,313.3,1
11400,nominal,306.3,1
11401,nominal,270.8,1
11402,nominal,278.6,1
11403,nominal,286.3,1
11404,nominal,313.3,1
11405,nominal,290.0,1
11406,nominal,308.0,1
11407,nominal,290.0,1
11408,nominal,380.1,1
11409,nominal,375.8,1
11410,nominal,377.3,1
11411,nominal,375.8,1
11412,nominal,378.7,1
11413,nominal,398.1,1
11414,nominal,290.0,1
11415,nominal,295.5,1
11416,nominal,421.8,1
11417,nominal,270.8,1
11418,nominal,412.8,1
11419,nominal,318.4,1
11420,nominal,270.8,1
11421,nominal,320.1,1
11422,nominal,328.4,1
11423,nominal,318.4,1
11424,nominal,262.7,1
11425,nominal,280.6,1
11426,nominal,262.7,1
11427,nominal,276.7,1
11428,nominal,318.4,1
11429,nominal,325.1,1
11430,nominal,325.1,1
11431,nominal,316.7,1
11432,nominal,412.8,1
11433,nominal,378.7,1
11434,nominal,395.4,1
11435,nominal,380.1,1
11436,nominal,428.2,1
11437,nominal,338.1,1
11438,thin,254.4,1
11439,nominal,266.8,1
11440,nominal,433.2,1
11441,thin,256.5,1
11442,nominal,373.0,1
11443,nominal,326.7,1
11444,thin,229.9,1
11445,nominal,318.4,1
11446,nominal,328.4,1
11447,nominal,330.0,1
11448,thin,243.5,1
11449,nominal,282.5,1
11450,thin,245.7,1
11451,nominal,272.8,1
11452,nominal,320.1,1
11453,nominal,338.1,1
11454,nominal,328.4,1
11455,nominal,320.1,1
11456,nominal,421.8,1
11457,nominal,368.6,1
11458,nominal,367.1,1
11459,nominal,395.4,1
11460,nominal,402.2,1
11461,nominal,396.8,1
11462,thin,245.7,1
11463,nominal,266.8,1
11464,nominal,394.1,1
11465,nominal,274.7,1
11466,nominal,388.5,1
11467,nominal,309.8,1
11468,thin,227.5,1
11469,nominal,323.4,1
11470,nominal,336.5,1
11471,nominal,336.5,1
11472,thin,247.9,1
11473,nominal,284.4,1
11474,thin,252.2,1
11475,nominal,288.2,1
11476,nominal,325.1,1
11477,nominal,318.4,1
11478,nominal,320.1,1
11479,nominal,320.1,1
11480,nominal,414.1,1
11481,nominal,383.0,1
11482,nominal,392.7,1
11483,nominal,370.1,1
11484,nominal,402.2,1
11485,nominal,367.1,1
11486,thin,236.8,1
11487,nominal,286.3,1
11488,nominal,407.5,1
11489,nominal,268.8,1
11490,nominal,336.5,1
11491,nominal,320.1,1
11492,thin,236.8,1
11493,nominal,311.5,1
11494,nominal,321.7,1
11495,nominal,321.7,1
11496,thin,234.5,1
11497,nominal,282.5,1
11498,thin,236.8,1
11499,nominal,290.0,1
11500,nominal,331.6,1
11501,nominal,316.7,1
11502,nominal,331.6,1
11503,nominal,321.7,1
11504,nominal,375.8,1
11505,nominal,381.5,1
11506,nominal,394.1,1
11507,nominal,431.9,1
11508,nominal,411.5,1
11509,nominal,371.5,1
11510,thin,239.1,1
11511,nominal,262.7,1
11512,nominal,370.1,1
11513,nominal,278.6,1
11514,nominal,396.8,1
11515,nominal,316.7,1
11516,thin,207.7,1
11517,nominal,291.9,1
11518,nominal,308.0,1
11519,nominal,297.4,1
11520,thin,254.4,1
11521,nominal,290.0,1
11522,thin,254.4,1
11523,nominal,288.2,1
11524,nominal,328.4,1
11525,nominal,325.1,1
11526,nominal,325.1,1
11527,nominal,306.3,1
11528,nominal,355.2,1
11529,nominal,436.9,1
11530,nominal,404.9,1
11531,nominal,420.5,1
11532,nominal,430.7,1
11533,nominal,380.1,1
11534,thin,215.3,1
11535,nominal,288.2,1
11536,nominal,399.5,1
11537,nominal,295.5,1
11538,nominal,433.2,1
11539,nominal,318.4,1
11540,thin,182.8,1
11541,nominal,318.4,1
11542,nominal,309.8,1
11543,nominal,328.4,1
11544,thin,234.5,1
11545,nominal,301.0,1
11546,thin,222.7,1
11547,nominal,295.5,1
11548,nominal,338.1,1
11549,nominal,334.9,1
11550,nominal,331.6,1
11551,nominal,306.3,1
11552,nominal,347.5,1
11553,nominal,396.8,1
11554,nominal,416.7,1
11555,broken,316.7,1
11556,nominal,367.1,1
11557,nominal,387.2,1
11558,thin,185.8,1
11559,nominal,282.5,1
11560,nominal,406.2,1
11561,nominal,297.4,1
11562,nominal,350.6,1
11563,nominal,328.4,1
11564,thin,205.1,1
11565,nominal,316.7,1
11566,nominal,316.7,1
11567,nominal,326.7,1
11568,thin,229.9,1
11569,nominal,278.6,1
11570,thin,241.3,1
11571,nominal,306.3,1
11572,nominal,333.3,1
11573,nominal,330.0,1
11574,nominal,333.3,1
11575,nominal,321.7,1
11576,nominal,368.6,1
11577,nominal,385.8,1
11578,nominal,399.5,1
11579,nominal,375.8,1
11580,nominal,385.8,1
11581,nominal,389.9,1
11582,thin,194.3,1
11583,nominal,282.5,1
11584,nominal,407.5,1
11585,nominal,286.3,1
11586,nominal,404.9,1
11587,nominal,316.7,1
11588,thin,220.3,1
11589,nominal,336.5,1
11590,nominal,320.1,1
11591,nominal,325.1,1
11592,thin,245.7,1
11593,nominal,321.7,1
11594,nominal,262.7,1
11595,nominal,297.4,1
11596,nominal,318.4,1
11597,nominal,315.0,1
11598,nominal,315.0,1
11599,nominal,311.5,1
11600,nominal,306.3,0
11601,nominal,290.0,0
11602,nominal,293.7,0
11603,nominal,306.3,0
11604,nominal,394.1,1
11605,nominal,355.2,1
11606,nominal,353.7,1
11607,nominal,375.8,1
11608,nominal,395.4,1
11609,nominal,371.5,1
11610,thin,234.5,1
11611,nominal,295.5,1
11612,nominal,392.7,1
11613,nominal,291.9,1
11614,nominal,383.0,1
11615,nominal,325.1,1
11616,thin,254.4,1
11617,nominal,316.7,1
11618,nominal,333.3,1
11619,nominal,323.4,1
11620,nominal,306.3,1
11621,nominal,284.4,1
11622,nominal,301.0,1
11623,nominal,280.6,1
11624,nominal,301.0,1
11625,nominal,301.0,1
11626,nominal,302.8,1
11627,nominal,299.2,1
11628,nominal,370.1,1
11629,nominal,308.0,1
11630,nominal,383.0,1
11631,nominal,403.5,1
11632,nominal,407.5,1
11633,nominal,358.2,1
11634,nominal,301.0,1
11635,nominal,280.6,1
11636,nominal,407.5,1
11637,thin,260.6,1
11638,nominal,381.5,1
11639,nominal,336.5,1
11640,nominal,268.8,1
11641,nominal,323.4,1
11642,nominal,326.7,1
11643,nominal,326.7,1
11644,nominal,284.4,1
11645,nominal,274.7,1
11646,nominal,278.6,1
11647,nominal,270.8,1
11648,nominal,341.3,1
11649,nominal,323.4,1
11650,missing,0.0,1
11651,nominal,315.0,1
11652,nominal,394.1,1
11653,nominal,404.9,1
11654,nominal,377.3,1
11655,nominal,395.4,1
11656,nominal,426.9,1
11657,nominal,400.8,1
11658,nominal,270.8,1
11659,nominal,268.8,1
11660,nominal,385.8,1
11661,nominal,264.7,1
11662,nominal,404.9,1
11663,nominal,323.4,1
11664,thin,260.6,1
11665,nominal,326.7,1
11666,nominal,323.4,1
11667,nominal,334.9,1
11668,nominal,266.8,1
11669,nominal,270.8,1
11670,thin,260.6,1
11671,nominal,270.8,1
11672,nominal,336.5,1
11673,nominal,311.5,1
11674,nominal,318.4,1
11675,nominal,321.7,1
11676,nominal,406.2,1
11677,nominal,365.7,1
11678,nominal,374.4,1
11679,nominal,408.8,1
11680,nominal,410.1,1
11681,broken,347.5,1
11682,nominal,268.8,1
11683,nominal,270.8,1
11684,nominal,419.2,1
11685,nominal,268.8,1
11686,nominal,404.9,1
11687,nominal,326.7,1
11688,thin,250.1,1
11689,nominal,318.4,1
11690,nominal,304.5,1
11691,nominal,304.5,1
11692,thin,260.6,1
11693,nominal,268.8,1
11694,thin,260.6,1
11695,nominal,272.8,1
11696,nominal,346.0,1
11697,nominal,333.3,1
11698,nominal,321.7,1
11699,nominal,315.0,1
11700,nominal,400.8,1
11701,nominal,396.8,1
11702,nominal,384.4,1
11703,nominal,403.5,1
11704,nominal,403.5,1
11705,nominal,344.4,1
11706,thin,243.5,1
11707,nominal,264.7,1
11708,broken,338.1,1
11709,nominal,278.6,1
11710,nominal,399.5,1
11711,nominal,311.5,1
11712,thin,239.1,1
11713,nominal,321.7,1
11714,nominal,311.5,1
11715,nominal,320.1,1
11716,thin,256.5,1
11717,nominal,291.9,1
11718,thin,254.4,1
11719,nominal,286.3,1
11720,nominal,326.7,1
11721,nominal,313.3,1
11722,nominal,316.7,1
11723,nominal,304.5,1
11724,nominal,431.9,1
11725,nominal,395.4,1
11726,nominal,384.4,1
11727,nominal,402.2,1
11728,nominal,411.5,1
11729,nominal,358.2,1
11730,thin,232.2,1
11731,nominal,282.5,1
11732,nominal,380.1,1
11733,nominal,270.8,1
11734,nominal,403.5,1
11735,nominal,306.3,1
11736,thin,215.3,1
11737,nominal,304.5,1
11738,nominal,328.4,1
11739,nominal,304.5,1
11740,thin,241.3,1
11741,nominal,288.2,1
11742,thin,241.3,1
11743,nominal,278.6,1
11744,nominal,316.7,1
11745,nominal,318.4,1
11746,nominal,313.3,1
11747,nominal,318.4,1
11748,nominal,398.1,1
11749,nominal,400.8,1
11750,nominal,415.4,1
11751,nominal,398.1,1
11752,nominal,416.7,1
11753,nominal,342.8,1
11754,thin,232.2,1
11755,nominal,291.9,1
11756,nominal,425.6,1
11757,nominal,297.4,1
11758,nominal,396.8,1
11759,nominal,325.1,1
11760,thin,210.3,1
11761,nominal,313.3,1
11762,nominal,316.7,1
11763,nominal,326.7,1
11764,thin,260.6,1
11765,nominal,308.0,1
11766,missing,0.0,1
11767,nominal,290.0,1
11768,nominal,320.1,1
11769,nominal,311.5,1
11770,nominal,330.0,1
11771,nominal,311.5,1
11772,nominal,368.6,1
11773,nominal,420.5,1
11774,nominal,387.2,1
11775,nominal,385.8,1
11776,nominal,392.7,1
11777,nominal,344.4,1
11778,thin,217.8,1
11779,nominal,295.5,1
11780,nominal,398.1,1
11781,nominal,293.7,1
11782,nominal,404.9,1
11783,nominal,321.7,1
11784,thin,202.4,1
11785,nominal,325.1,1
11786,nominal,323.4,1
11787,nominal,338.1,1
11788,thin,239.1,1
11789,nominal,321.7,1
11790,thin,250.1,1
11791,missing,0.0,1
11792,nominal,320.1,1
11793,missing,0.0,1
11794,nominal,318.4,1
11795,nominal,320.1,1
11796,nominal,394.1,1
11797,nominal,403.5,1
11798,nominal,407.5,1
11799,nominal,403.5,1
11800,nominal,384.4,1
11801,broken,350.6,1
11802,thin,210.3,1
11803,nominal,301.0,1
11804,nominal,433.2,1
11805,nominal,301.0,1
11806,nominal,398.1,1
11807,nominal,328.4,1
11808,thin,202.4,1
11809,nominal,330.0,1
11810,nominal,321.7,1
11811,nominal,334.9,1
11812,thin,250.1,1
11813,nominal,309.8,1
11814,nominal,264.7,1
11815,nominal,302.8,1
11816,nominal,316.7,1
11817,nominal,316.7,1
11818,nominal,313.3,1
11819,nominal,323.4,1
11820,nominal,301.0,0
11821,nominal,282.5,0
11822,nominal,290.0,0
11823,nominal,299.2,0
11824,nominal,350.6,1
11825,nominal,385.8,1
11826,nominal,370.1,1
11827,nominal,361.2,1
11828,nominal,392.7,1
11829,nominal,356.7,1
11830,thin,229.9,1
11831,nominal,299.2,1
11832,nominal,365.7,1
11833,nominal,299.2,1
11834,nominal,378.7,1
11835,nominal,336.5,1
11836,thin,252.2,1
11837,nominal,320.1,1
11838,nominal,316.7,1
11839,nominal,320.1,1
11840,nominal,321.7,1
11841,nominal,282.5,1
11842,nominal,315.0,1
11843,nominal,288.2,1
11844,nominal,306.3,1
11845,nominal,302.8,1
11846,nominal,293.7,1
11847,nominal,299.2,1
11848,nominal,373.0,1
11849,nominal,383.0,1
11850,nominal,362.7,1
11851,missing,0.0,1
11852,missing,0.0,0
11853,missing,0.0,0
11854,missing,0.0,0
11855,missing,0.0,0
11856,nominal,388.5,1
11857,nominal,352.1,1
11858,nominal,320.1,1
11859,nominal,266.8,1
11860,nominal,359.7,1
11861,nominal,266.8,1
11862,nominal,362.7,1
11863,nominal,325.1,1
11864,nominal,286.3,1
11865,nominal,331.6,1
11866,nominal,304.5,1
11867,nominal,326.7,1
11868,nominal,297.4,1
11869,nominal,272.8,1
11870,nominal,308.0,1
11871,nominal,274.7,1
11872,nominal,311.5,1
11873,nominal,311.5,1
11874,nominal,301.0,1
11875,missing,0.0,1
11876,nominal,370.1,1
11877,nominal,396.8,1
11878,missing,0.0,1
11879,nominal,362.7,1
11880,missing,0.0,0
11881,missing,0.0,0
11882,missing,0.0,0
11883,missing,0.0,0
11884,nominal,395.4,1
11885,nominal,361.2,1
11886,broken,301.0,1
11887,thin,260.6,1
11888,nominal,373.0,1
11889,nominal,264.7,1
11890,nominal,371.5,1
11891,nominal,321.7,1
11892,nominal,280.6,1
11893,nominal,325.1,1
11894,nominal,316.7,1
11895,nominal,311.5,1
11896,nominal,274.7,1
11897,nominal,278.6,1
11898,nominal,286.3,1
11899,nominal,286.3,1
11900,nominal,318.4,1
11901,nominal,315.0,1
11902,nominal,316.7,1
11903,nominal,316.7,1
11904,nominal,339.7,1
11905,nominal,415.4,1
11906,nominal,398.1,1
11907,nominal,370.1,1
11908,missing,0.0,0
11909,missing,0.0,0
11910,missing,0.0,0
11911,missing,0.0,0
11912,nominal,370.1,1
11913,nominal,368.6,1
11914,nominal,290.0,1
11915,nominal,264.7,1
11916,nominal,362.7,1
11917,nominal,286.3,1
11918,nominal,355.2,1
11919,nominal,318.4,1
11920,nominal,264.7,1
11921,nominal,306.3,1
11922,nominal,306.3,1
11923,nominal,316.7,1
11924,nominal,270.8,1
11925,nominal,284.4,1
11926,nominal,291.9,1
11927,nominal,286.3,1
11928,nominal,321.7,1
11929,nominal,313.3,1
11930,nominal,306.3,1
11931,nominal,304.5,1
11932,nominal,387.2,1
11933,nominal,383.0,1
11934,nominal,368.6,1
11935,nominal,406.2,1
11936,missing,0.0,0
11937,missing,0.0,0
11938,missing,0.0,0
11939,missing,0.0,0
11940,nominal,402.2,1
11941,nominal,400.8,1
11942,nominal,274.7,1
11943,nominal,280.6,1
11944,nominal,344.4,1
11945,nominal,270.8,1
11946,nominal,358.2,1
11947,nominal,320.1,1
11948,thin,245.7,1
11949,nominal,318.4,1
11950,nominal,316.7,1
11951,nominal,302.8,1
11952,nominal,268.8,1
11953,nominal,290.0,1
11954,nominal,268.8,1
11955,nominal,278.6,1
11956,nominal,320.1,1
11957,nominal,315.0,1
11958,nominal,315.0,1
11959,nominal,316.7,1
11960,nominal,338.1,1
11961,nominal,365.7,1
11962,nominal,368.6,1
11963,missing,0.0,1
11964,missing,0.0,0
11965,missing,0.0,0
11966,missing,0.0,0
11967,missing,0.0,0
11968,nominal,385.8,1
11969,nominal,330.0,1
11970,thin,252.2,1
11971,nominal,272.8,1
11972,nominal,368.6,1
11973,nominal,286.3,1
11974,nominal,365.7,1
11975,nominal,316.7,1
11976,thin,241.3,1
11977,nominal,309.8,1
11978,nominal,297.4,1
11979,nominal,316.7,1
11980,thin,250.1,1
11981,nominal,290.0,1
11982,nominal,270.8,1
11983,nominal,288.2,1
11984,missing,0.0,1
11985,nominal,302.8,1
11986,nominal,297.4,1
11987,nominal,313.3,1
11988,nominal,388.5,1
11989,nominal,406.2,1
11990,nominal,377.3,1
11991,broken,325.1,1
11992,missing,0.0,0
11993,missing,0.0,0
11994,missing,0.0,0
11995,missing,0.0,0
11996,nominal,402.2,1
11997,nominal,352.1,1
11998,nominal,264.7,1
11999,nominal,280.6,1
12000,nominal,371.5,1
12001,nominal,301.0,1
12002,nominal,338.1,1
12003,nominal,313.3,1
12004,thin,232.2,1
12005,nominal,323.4,1
12006,nominal,295.5,1
12007,nominal,309.8,1
12008,thin,252.2,1
12009,missing,0.0,1
12010,thin,260.6,1
12011,nominal,311.5,1
12012,nominal,320.1,1
12013,nominal,301.0,1
12014,nominal,321.7,1
12015,nominal,318.4,1
12016,nominal,400.8,1
12017,missing,0.0,1
12018,nominal,378.7,1
12019,nominal,388.5,1
12020,missing,0.0,0
12021,missing,0.0,0
12022,missing,0.0,0
12023,missing,0.0,0
12024,nominal,402.2,1
12025,nominal,339.7,1
12026,thin,258.6,1
12027,nominal,290.0,1
12028,nominal,326.7,1
12029,nominal,297.4,1
12030,nominal,374.4,1
12031,nominal,323.4,1
12032,thin,227.5,1
12033,nominal,323.4,1
12034,nominal,315.0,1
12035,nominal,309.8,1
12036,missing,0.0,1
12037,nominal,315.0,1
12038,nominal,276.7,1
12039,nominal,316.7,1
12040,missing,0.0,1
12041,nominal,318.4,1
12042,nominal,316.7,1
12043,nominal,323.4,1
12044,missing,0.0,1
12045,nominal,349.1,1
12046,nominal,326.7,1
12047,nominal,425.6,1
12048,missing,0.0,0
12049,missing,0.0,0
12050,missing,0.0,0
12051,missing,0.0,0
12052,nominal,383.0,1
12053,nominal,326.7,1
12054,nominal,262.7,1
12055,nominal,284.4,1
12056,nominal,402.2,1
12057,nominal,309.8,1
12058,nominal,371.5,1
12059,nominal,315.0,1
12060,thin,227.5,1
12061,nominal,328.4,1
12062,nominal,323.4,1
12063,nominal,323.4,1
12064,thin,250.1,1
12065,nominal,316.7,1
12066,nominal,262.7,1
12067,nominal,330.0,1
12068,nominal,309.8,1
12069,nominal,304.5,1
12070,nominal,304.5,1
12071,nominal,306.3,1
12072,nominal,297.4,0
12073,nominal,282.5,0
12074,nominal,297.4,0
12075,nominal,288.2,0
12076,nominal,374.4,1
12077,nominal,341.3,1
12078,nominal,381.5,1
12079,nominal,344.4,1
12080,missing,0.0,0
12081,missing,0.0,0
12082,missing,0.0,0
12083,missing,0.0,0
12084,nominal,398.1,1
12085,nominal,338.1,1
12086,thin,258.6,1
12087,nominal,308.0,1
12088,nominal,347.5,1
12089,nominal,320.1,1
12090,nominal,365.7,1
12091,nominal,328.4,1
12092,thin,241.3,1
12093,nominal,311.5,1
12094,nominal,299.2,1
12095,nominal,318.4,1
12096,nominal,280.6,1
12097,nominal,318.4,1
12098,thin,258.6,1
12099,nominal,306.3,1
12100,nominal,282.5,1
12101,nominal,291.9,1
12102,nominal,291.9,1
12103,nominal,290.0,1
12104,nominal,381.5,1
12105,nominal,395.4,1
12106,nominal,336.5,1
12107,nominal,358.2,1
12108,nominal,380.1,1
12109,nominal,342.8,1
12110,nominal,282.5,1
12111,nominal,316.7,1
12112,nominal,367.1,1
12113,nominal,291.9,1
12114,nominal,356.7,1
12115,nominal,320.1,1
12116,nominal,272.8,1
12117,nominal,302.8,1
12118,nominal,295.5,1
12119,nominal,304.5,1
12120,nominal,274.7,1
12121,nominal,304.5,1
12122,nominal,266.8,1
12123,nominal,284.4,1
12124,nominal,302.8,1
12125,nominal,311.5,1
12126,nominal,284.4,1
12127,nominal,290.0,1
12128,nominal,331.6,1
12129,nominal,342.8,1
12130,nominal,341.3,1
12131,nominal,331.6,1
12132,nominal,399.5,1
12133,nominal,302.8,1
12134,nominal,264.7,1
12135,nominal,306.3,1
12136,nominal,347.5,1
12137,nominal,278.6,1
12138,nominal,365.7,1
12139,nominal,313.3,1
12140,nominal,282.5,1
12141,nominal,313.3,1
12142,nominal,308.0,1
12143,nominal,311.5,1
12144,nominal,274.7,1
12145,nominal,295.5,1
12146,thin,260.6,1
12147,nominal,282.5,1
12148,nominal,315.0,1
12149,nominal,308.0,1
12150,nominal,304.5,1
12151,nominal,315.0,1
12152,nominal,342.8,1
12153,nominal,377.3,1
12154,nominal,352.1,1
12155,nominal,311.5,1
12156,broken,322.6,1
12157,nominal,359.7,1
12158,nominal,264.7,1
12159,nominal,284.4,1
12160,nominal,361.2,1
12161,nominal,286.3,1
12162,nominal,361.2,1
12163,nominal,304.5,1
12164,nominal,280.6,1
12165,nominal,306.3,1
12166,nominal,311.5,1
12167,nominal,295.5,1
12168,nominal,282.5,1
12169,nominal,290.0,1
12170,thin,258.6,1
12171,nominal,272.8,1
12172,nominal,315.0,1
12173,nominal,323.4,1
12174,nominal,311.5,1
12175,nominal,318.4,1
12176,nominal,342.8,1
12177,nominal,346.0,1
12178,nominal,313.3,1
12179,nominal,370.1,1
12180,nominal,377.3,1
12181,nominal,374.4,1
12182,nominal,262.7,1
12183,nominal,288.2,1
12184,nominal,370.1,1
12185,thin,252.2,1
12186,nominal,380.1,1
12187,nominal,320.1,1
12188,nominal,293.7,1
12189,nominal,301.0,1
12190,nominal,284.4,1
12191,nominal,299.2,1
12192,nominal,280.6,1
12193,nominal,274.7,1
12194,nominal,274.7,1
12195,nominal,268.8,1
12196,nominal,309.8,1
12197,nominal,309.8,1
12198,nominal,304.5,1
12199,nominal,311.5,1
12200,nominal,385.8,1
12201,nominal,336.5,1
12202,nominal,347.5,1
12203,nominal,371.5,1
12204,nominal,392.7,1
12205,nominal,367.1,1
12206,nominal,264.7,1
12207,nominal,272.8,1
12208,nominal,334.9,1
12209,nominal,270.8,1
12210,nominal,370.1,1
12211,nominal,301.0,1
12212,nominal,286.3,1
12213,nominal,288.2,1
12214,nominal,282.5,1
12215,nominal,299.2,1
12216,nominal,276.7,1
12217,nominal,268.8,1
12218,nominal,276.7,1
12219,nominal,268.8,1
12220,nominal,299.2,1
12221,nominal,295.5,1
12222,nominal,309.8,1
12223,nominal,297.4,1
12224,nominal,365.7,1
12225,nominal,339.7,1
12226,nominal,315.0,1
12227,nominal,350.6,1
12228,nominal,387.2,1
12229,nominal,362.7,1
12230,nominal,268.8,1
12231,nominal,288.2,1
12232,nominal,388.5,1
12233,thin,245.7,1
12234,nominal,380.1,1
12235,nominal,308.0,1
12236,nominal,264.7,1
12237,nominal,286.3,1
12238,nominal,282.5,1
12239,nominal,315.0,1
12240,nominal,286.3,1
12241,nominal,284.4,1
12242,nominal,276.7,1
12243,nominal,284.4,1
12244,nominal,299.2,1
12245,nominal,315.0,1
12246,nominal,308.0,1
12247,nominal,306.3,1
12248,nominal,381.5,1
12249,nominal,328.4,1
12250,nominal,333.3,1
12251,nominal,370.1,1
12252,nominal,385.8,1
12253,nominal,359.7,1
12254,nominal,262.7,1
12255,nominal,268.8,1
12256,nominal,406.2,1
12257,thin,258.6,1
12258,nominal,377.3,1
12259,nominal,304.5,1
12260,nominal,297.4,1
12261,nominal,297.4,1
12262,nominal,302.8,1
12263,nominal,321.7,1
12264,nominal,293.7,1
12265,nominal,276.7,1
12266,nominal,280.6,1
12267,nominal,264.7,1
12268,nominal,316.7,1
12269,nominal,320.1,1
12270,nominal,308.0,1
12271,nominal,308.0,1
12272,nominal,389.9,1
12273,nominal,339.7,1
12274,nominal,356.7,1
12275,nominal,364.2,1
12276,nominal,365.7,1
12277,nominal,367.1,1
12278,nominal,264.7,1
12279,nominal,270.8,1
12280,nominal,344.4,1
12281,missing,0.0,1
12282,nominal,367.1,1
12283,nominal,308.0,1
12284,nominal,293.7,1
12285,nominal,323.4,1
12286,missing,0.0,1
12287,nominal,315.0,1
12288,nominal,320.1,1
12289,nominal,272.8,1
12290,nominal,302.8,1
12291,thin,256.5,1
12292,nominal,290.0,1
12293,nominal,306.3,1
12294,nominal,308.0,1
12295,nominal,302.8,1
12296,nominal,291.9,0
12297,nominal,297.4,0
12298,nominal,293.7,0
12299,nominal,288.2,0
12300,nominal,349.1,1
12301,nominal,320.1,1
12302,nominal,347.5,1
12303,nominal,338.1,1
12304,nominal,394.1,1
12305,nominal,361.2,1
12306,nominal,295.5,1
12307,nominal,280.6,1
12308,nominal,370.1,1
12309,nominal,278.6,1
12310,nominal,356.7,1
12311,nominal,309.8,1
12312,nominal,304.5,1
12313,nominal,290.0,1
12314,nominal,302.8,1
12315,nominal,318.4,1
12316,nominal,272.8,1
12317,nominal,304.5,1
12318,thin,243.5,1
12319,nominal,291.9,1
12320,nominal,293.7,1
12321,nominal,302.8,1
12322,nominal,299.2,1
12323,nominal,290.0,1
12324,nominal,367.1,1
12325,nominal,316.7,1
12326,nominal,374.4,1
12327,nominal,346.0,1
12328,nominal,306.3,1
12329,nominal,347.5,1
12330,nominal,284.4,1
12331,nominal,295.5,1
12332,nominal,359.7,1
12333,nominal,274.7,1
12334,nominal,355.2,1
12335,nominal,313.3,1
12336,nominal,262.7,1
12337,nominal,308.0,1
12338,nominal,309.8,1
12339,nominal,308.0,1
12340,thin,256.5,1
12341,nominal,282.5,1
12342,thin,234.5,1
12343,nominal,284.4,1
12344,nominal,313.3,1
12345,nominal,309.8,1
12346,nominal,302.8,1
12347,nominal,313.3,1
12348,nominal,362.7,1
12349,nominal,395.4,1
12350,nominal,370.1,1
12351,nominal,371.5,1
12352,broken,305.4,1
12353,nominal,359.7,1
12354,thin,241.3,1
12355,nominal,274.7,1
12356,nominal,362.7,1
12357,nominal,270.8,1
12358,nominal,367.1,1
12359,nominal,315.0,1
12360,nominal,262.7,1
12361,nominal,313.3,1
12362,nominal,315.0,1
12363,nominal,321.7,1
12364,thin,256.5,1
12365,nominal,284.4,1
12366,thin,254.4,1
12367,nominal,268.8,1
12368,nominal,321.7,1
12369,nominal,315.0,1
12370,nominal,313.3,1
12371,nominal,297.4,1
12372,nominal,396.8,1
12373,nominal,361.2,1
12374,nominal,352.1,1
12375,nominal,365.7,1
12376,nominal,392.7,1
12377,nominal,358.2,1
12378,thin,256.5,1
12379,nominal,272.8,1
12380,nominal,374.4,1
12381,nominal,270.8,1
12382,nominal,374.4,1
12383,nominal,313.3,1
12384,nominal,262.7,1
12385,nominal,293.7,1
12386,nominal,315.0,1
12387,nominal,316.7,1
12388,thin,258.6,1
12389,nominal,272.8,1
12390,thin,247.9,1
12391,nominal,268.8,1
12392,nominal,313.3,1
12393,nominal,315.0,1
12394,nominal,309.8,1
12395,nominal,304.5,1
12396,nominal,342.8,1
12397,nominal,358.2,1
12398,nominal,356.7,1
12399,broken,304.5,1
12400,nominal,389.9,1
12401,nominal,331.6,1
12402,thin,258.6,1
12403,thin,260.6,1
12404,nominal,391.3,1
12405,thin,239.1,1
12406,nominal,353.7,1
12407,nominal,301.0,1
12408,nominal,264.7,1
12409,nominal,301.0,1
12410,nominal,299.2,1
12411,nominal,301.0,1
12412,thin,247.9,1
12413,nominal,278.6,1
12414,thin,256.5,1
12415,nominal,274.7,1
12416,nominal,297.4,1
12417,nominal,315.0,1
12418,nominal,309.8,1
12419,nominal,297.4,1
12420,nominal,373.0,1
12421,nominal,365.7,1
12422,nominal,394.1,1
12423,nominal,344.4,1
12424,nominal,403.5,1
12425,nominal,344.4,1
12426,nominal,262.7,1
12427,thin,258.6,1
12428,nominal,371.5,1
12429,thin,232.2,1
12430,nominal,349.1,1
12431,nominal,291.9,1
12432,nominal,262.7,1
12433,nominal,293.7,1
12434,nominal,286.3,1
12435,nominal,304.5,1
12436,thin,252.2,1
12437,nominal,266.8,1
12438,thin,250.1,1
12439,nominal,264.7,1
12440,nominal,311.5,1
12441,nominal,309.8,1
12442,nominal,316.7,1
12443,nominal,308.0,1
12444,nominal,385.8,1
12445,nominal,358.2,1
12446,nominal,383.0,1
12447,nominal,396.8,1
12448,nominal,410.1,1
12449,nominal,353.7,1
12450,thin,256.5,1
12451,thin,250.1,1
12452,nominal,383.0,1
12453,thin,245.7,1
12454,nominal,364.2,1
12455,nominal,308.0,1
12456,nominal,272.8,1
12457,nominal,309.8,1
12458,nominal,290.0,1
12459,nominal,304.5,1
12460,thin,258.6,1
12461,nominal,270.8,1
12462,thin,241.3,1
12463,nominal,266.8,1
12464,nominal,301.0,1
12465,nominal,313.3,1
12466,nominal,308.0,1
12467,nominal,309.8,1
12468,nominal,378.7,1
12469,nominal,346.0,1
12470,nominal,299.2,1
12471,nominal,399.5,1
12472,nominal,381.5,1
12473,nominal,347.5,1
12474,thin,260.6,1
12475,thin,250.1,1
12476,nominal,392.7,1
12477,thin,241.3,1
12478,nominal,398.1,1
12479,nominal,315.0,1
12480,thin,254.4,1
12481,nominal,311.5,1
12482,nominal,311.5,1
12483,nominal,304.5,1
12484,nominal,274.7,1
12485,thin,252.2,1
12486,nominal,288.2,1
12487,nominal,266.8,1
12488,missing,0.0,1
12489,nominal,309.8,1
12490,nominal,311.5,1
12491,nominal,306.3,1
12492,nominal,398.1,1
12493,nominal,368.6,1
12494,nominal,359.7,1
12495,nominal,398.1,1
12496,nominal,362.7,1
12497,broken,318.3,1
12498,thin,260.6,1
12499,thin,256.5,1
12500,nominal,387.2,1
12501,thin,241.3,1
12502,nominal,318.4,1
12503,nominal,304.5,1
12504,nominal,278.6,1
12505,nominal,320.1,1
12506,nominal,302.8,1
12507,nominal,309.8,1
12508,nominal,286.3,1
12509,nominal,276.7,1
12510,nominal,301.0,1
12511,thin,252.2,1
12512,nominal,304.5,1
12513,nominal,309.8,1
12514,nominal,306.3,1
12515,nominal,299.2,1
12516,nominal,290.0,0
12517,necked,297.4,0
12518,nominal,301.0,0
12519,nominal,278.6,0
12520,nominal,362.7,1
12521,nominal,301.0,1
12522,nominal,377.3,1
12523,nominal,380.1,1
12524,nominal,394.1,1
12525,nominal,374.4,1
12526,nominal,266.8,1
12527,nominal,268.8,1
12528,nominal,394.1,1
12529,nominal,272.8,1
12530,nominal,325.1,1
12531,nominal,316.7,1
12532,nominal,306.3,1
12533,nominal,313.3,1
12534,nominal,304.5,1
12535,nominal,316.7,1
12536,nominal,284.4,1
12537,nominal,301.0,1
12538,thin,258.6,1
12539,nominal,288.2,1
12540,nominal,297.4,1
12541,nominal,302.8,1
12542,nominal,284.4,1
12543,nominal,311.5,1
12544,nominal,362.7,1
12545,nominal,365.7,1
12546,nominal,388.5,1
12547,nominal,375.8,1
12548,nominal,373.0,1
12549,nominal,282.5,1
12550,nominal,266.8,1
12551,nominal,311.5,1
12552,nominal,377.3,1
12553,nominal,278.6,1
12554,nominal,358.2,1
12555,nominal,316.7,1
12556,nominal,262.7,1
12557,nominal,321.7,1
12558,nominal,308.0,1
12559,nominal,316.7,1
12560,nominal,264.7,1
12561,nominal,288.2,1
12562,thin,239.1,1
12563,nominal,286.3,1
12564,nominal,325.1,1
12565,nominal,306.3,1
12566,nominal,299.2,1
12567,nominal,308.0,1
12568,nominal,410.1,1
12569,nominal,356.7,1
12570,nominal,387.2,1
12571,nominal,388.5,1
12572,nominal,408.8,1
12573,nominal,399.5,1
12574,thin,258.6,1
12575,nominal,274.7,1
12576,nominal,358.2,1
12577,nominal,266.8,1
12578,broken,375.8,1
12579,nominal,320.1,1
12580,thin,258.6,1
12581,nominal,320.1,1
12582,nominal,309.8,1
12583,nominal,326.7,1
12584,thin,236.8,1
12585,nominal,280.6,1
12586,thin,245.7,1
12587,nominal,272.8,1
12588,nominal,309.8,1
12589,nominal,302.8,1
12590,nominal,315.0,1
12591,nominal,318.4,1
12592,nominal,361.2,1
12593,nominal,371.5,1
12594,nominal,411.5,1
12595,nominal,384.4,1
12596,nominal,404.9,1
12597,nominal,375.8,1
12598,thin,245.7,1
12599,thin,260.6,1
12600,nominal,396.8,1
12601,thin,260.6,1
12602,nominal,383.0,1
12603,nominal,318.4,1
12604,thin,250.1,1
12605,nominal,315.0,1
12606,nominal,304.5,1
12607,nominal,302.8,1
12608,thin,245.7,1
12609,nominal,264.7,1
12610,thin,250.1,1
12611,thin,256.5,1
12612,nominal,323.4,1
12613,nominal,315.0,1
12614,nominal,318.4,1
12615,nominal,302.8,1
12616,nominal,388.5,1
12617,nominal,344.4,1
12618,nominal,368.6,1
12619,missing,0.0,1
12620,nominal,362.7,1
12621,nominal,389.9,1
12622,thin,252.2,1
12623,thin,243.5,1
12624,nominal,414.1,1
12625,thin,225.1,1
12626,nominal,349.1,1
12627,nominal,301.0,1
12628,thin,252.2,1
12629,nominal,301.0,1
12630,nominal,299.2,1
12631,nominal,293.7,1
12632,thin,258.6,1
12633,nominal,264.7,1
12634,thin,225.1,1
12635,nominal,272.8,1
12636,nominal,316.7,1
12637,nominal,315.0,1
12638,nominal,313.3,1
12639,missing,0.0,1
12640,nominal,430.7,1
12641,nominal,318.4,1
12642,nominal,403.5,1
12643,nominal,399.5,1
12644,nominal,318.4,1
12645,nominal,347.5,1
12646,thin,241.3,1
12647,thin,254.4,1
12648,nominal,373.0,1
12649,thin,245.7,1
12650,nominal,361.2,1
12651,nominal,284.4,1
12652,nominal,264.7,1
12653,nominal,304.5,1
12654,nominal,274.7,1
12655,nominal,306.3,1
12656,thin,245.7,1
12657,thin,250.1,1
12658,thin,239.1,1
12659,nominal,272.8,1
12660,nominal,316.7,1
12661,nominal,309.8,1
12662,nominal,315.0,1
12663,nominal,311.5,1
12664,thick,438.1,1
12665,nominal,367.1,1
12666,nominal,353.7,1
12667,nominal,418.0,1
12668,nominal,400.8,1
12669,nominal,323.4,1
12670,thin,245.7,1
12671,thin,245.7,1
12672,nominal,358.2,1
12673,thin,234.5,1
12674,nominal,353.7,1
12675,nominal,306.3,1
12676,nominal,262.7,1
12677,nominal,313.3,1
12678,nominal,302.8,1
12679,nominal,291.9,1
12680,thin,256.5,1
12681,thin,256.5,1
12682,thin,245.7,1
12683,nominal,266.8,1
12684,nominal,311.5,1
12685,nominal,313.3,1
12686,nominal,309.8,1
12687,nominal,315.0,1
12688,nominal,415.4,1
12689,nominal,359.7,1
12690,nominal,383.0,1
12691,nominal,414.1,1
12692,nominal,398.1,1
12693,nominal,328.4,1
12694,thin,258.6,1
12695,thin,250.1,1
12696,nominal,391.3,1
12697,thin,247.9,1
12698,nominal,353.7,1
12699,nominal,309.8,1
12700,nominal,262.7,1
12701,nominal,311.5,1
12702,nominal,306.3,1
12703,nominal,309.8,1
12704,nominal,268.8,1
12705,nominal,280.6,1
12706,thin,254.4,1
12707,nominal,264.7,1
12708,nominal,315.0,1
12709,missing,0.0,1
12710,nominal,313.3,1
12711,nominal,315.0,1
12712,nominal,362.7,1
12713,nominal,380.1,1
12714,nominal,355.2,1
12715,nominal,410.1,1
12716,nominal,383.0,1
12717,nominal,383.0,1
12718,thin,247.9,1
12719,thin,256.5,1
12720,nominal,403.5,1
12721,thin,236.8,1
12722,nominal,358.2,1
12723,nominal,309.8,1
12724,thin,252.2,1
12725,nominal,313.3,1
12726,nominal,309.8,1
12727,nominal,316.7,1
12728,nominal,268.8,1
12729,nominal,282.5,1
12730,nominal,293.7,1
12731,nominal,274.7,1
12732,nominal,308.0,1
12733,nominal,297.4,1
12734,nominal,301.0,1
12735,nominal,308.0,1
12736,nominal,302.8,0
12737,nominal,311.5,0
12738,nominal,315.0,0
12739,nominal,288.2,0
12740,nominal,367.1,1
12741,nominal,355.2,1
12742,broken,338.9,1
12743,nominal,358.2,1
12744,nominal,395.4,1
12745,nominal,308.0,1
12746,thin,254.4,1
12747,nominal,262.7,1
12748,nominal,367.1,1
12749,nominal,274.7,1
12750,nominal,370.1,1
12751,nominal,320.1,1
12752,nominal,291.9,1
12753,nominal,308.0,1
12754,nominal,306.3,1
12755,nominal,323.4,1
12756,nominal,278.6,1
12757,nominal,274.7,1
12758,nominal,262.7,1
12759,nominal,288.2,1
12760,nominal,293.7,1
12761,nominal,301.0,1
12762,nominal,291.9,1
12763,nominal,306.3,1
12764,nominal,374.4,1
12765,nominal,309.8,1
12766,nominal,353.7,1
12767,nominal,399.5,1
12768,nominal,347.5,1
12769,nominal,367.1,1
12770,nominal,290.0,1
12771,nominal,288.2,1
12772,nominal,395.4,1
12773,nominal,270.8,1
12774,nominal,373.0,1
12775,nominal,304.5,1
12776,thin,245.7,1
12777,nominal,326.7,1
12778,nominal,306.3,1
12779,nominal,325.1,1
12780,thin,252.2,1
12781,nominal,278.6,1
12782,thin,250.1,1
12783,nominal,268.8,1
12784,nominal,309.8,1
12785,nominal,306.3,1
12786,nominal,311.5,1
12787,nominal,315.0,1
12788,nominal,410.1,1
12789,nominal,353.7,1
12790,nominal,378.7,1
12791,nominal,403.5,1
12792,nominal,387.2,1
12793,nominal,396.8,1
12794,thin,243.5,1
12795,nominal,274.7,1
12796,nominal,358.2,1
12797,thin,245.7,1
12798,nominal,361.2,1
12799,nominal,311.5,1
12800,thin,260.6,1
12801,nominal,318.4,1
12802,nominal,309.8,1
12803,nominal,325.1,1
12804,thin,234.5,1
12805,nominal,274.7,1
12806,thin,232.2,1
12807,nominal,278.6,1
12808,nominal,328.4,1
12809,nominal,313.3,1
12810,nominal,325.1,1
12811,nominal,311.5,1
12812,nominal,421.8,1
12813,nominal,346.0,1
12814,nominal,362.7,1
12815,nominal,375.8,1
12816,nominal,344.4,1
12817,nominal,350.6,1
12818,thin,241.3,1
12819,thin,250.1,1
12820,nominal,398.1,1
12821,nominal,262.7,1
12822,nominal,356.7,1
12823,nominal,320.1,1
12824,thin,252.2,1
12825,nominal,302.8,1
12826,nominal,308.0,1
12827,nominal,302.8,1
12828,thin,241.3,1
12829,nominal,270.8,1
12830,thin,229.9,1
12831,nominal,270.8,1
12832,nominal,316.7,1
12833,nominal,308.0,1
12834,nominal,316.7,1
12835,nominal,304.5,1
12836,nominal,399.5,1
12837,nominal,338.1,1
12838,nominal,389.9,1
12839,nominal,385.8,1
12840,nominal,426.9,1
12841,nominal,353.7,1
12842,thin,254.4,1
12843,thin,247.9,1
12844,nominal,394.1,1
12845,thin,247.9,1
12846,nominal,334.9,1
12847,nominal,299.2,1
12848,nominal,262.7,1
12849,nominal,290.0,1
12850,nominal,288.2,1
12851,nominal,304.5,1
12852,thin,234.5,1
12853,thin,256.5,1
12854,thin,241.3,1
12855,nominal,266.8,1
12856,nominal,318.4,1
12857,nominal,323.4,1
12858,nominal,293.7,1
12859,nominal,309.8,1
12860,nominal,364.2,1
12861,nominal,350.6,1
12862,nominal,396.8,1
12863,nominal,415.4,1
12864,nominal,403.5,1
12865,nominal,384.4,1
12866,thin,243.5,1
12867,thin,232.2,1
12868,nominal,387.2,1
12869,thin,247.9,1
12870,nominal,367.1,1
12871,nominal,288.2,1
12872,nominal,262.7,1
12873,nominal,302.8,1
12874,nominal,293.7,1
12875,nominal,313.3,1
12876,thin,239.1,1
12877,thin,250.1,1
12878,thin,236.8,1
12879,thin,252.2,1
12880,nominal,288.2,1
12881,nominal,306.3,1
12882,nominal,304.5,1
12883,nominal,304.5,1
12884,nominal,394.1,1
12885,nominal,377.3,1
12886,nominal,403.5,1
12887,nominal,395.4,1
12888,nominal,385.8,1
12889,nominal,392.7,1
12890,thin,258.6,1
12891,thin,232.2,1
12892,nominal,400.8,1
12893,thin,229.9,1
12894,nominal,350.6,1
12895,nominal,295.5,1
12896,thin,260.6,1
12897,nominal,293.7,1
12898,nominal,313.3,1
12899,nominal,316.7,1
12900,thin,239.1,1
12901,nominal,264.7,1
12902,thin,252.2,1
12903,nominal,268.8,1
12904,nominal,325.1,1
12905,nominal,308.0,1
12906,nominal,316.7,1
12907,nominal,325.1,1
12908,nominal,359.7,1
12909,nominal,342.8,1
12910,nominal,385.8,1
12911,nominal,389.9,1
12912,nominal,364.2,1
12913,nominal,387.2,1
12914,thin,252.2,1
12915,thin,232.2,1
12916,nominal,426.9,1
12917,nominal,262.7,1
12918,nominal,373.0,1
12919,nominal,309.8,1
12920,nominal,270.8,1
12921,nominal,318.4,1
12922,nominal,308.0,1
12923,nominal,316.7,1
12924,thin,252.2,1
12925,nominal,270.8,1
12926,thin,252.2,1
12927,nominal,272.8,1
12928,nominal,323.4,1
12929,nominal,311.5,1
12930,nominal,309.8,1
12931,nominal,309.8,1
12932,nominal,385.8,1
12933,nominal,374.4,1
12934,nominal,377.3,1
12935,nominal,394.1,1
12936,nominal,361.2,1
12937,nominal,344.4,1
12938,thin,225.1,1
12939,thin,247.9,1
12940,nominal,353.7,1
12941,thin,254.4,1
12942,nominal,374.4,1
12943,nominal,313.3,1
12944,thin,252.2,1
12945,nominal,325.1,1
12946,nominal,306.3,1
12947,nominal,318.4,1
12948,nominal,264.7,1
12949,nominal,297.4,1
12950,nominal,286.3,1
12951,thin,256.5,1
12952,nominal,295.5,1
12953,nominal,295.5,1
12954,nominal,306.3,1
12955,nominal,306.3,1
12956,nominal,284.4,0
12957,nominal,309.8,0
12958,nominal,302.8,0
12959,nominal,295.5,0
12960,broken,298.3,1
12961,nominal,381.5,1
12962,nominal,367.1,1
12963,nominal,367.1,1
12964,nominal,404.9,1
12965,nominal,365.7,1
12966,nominal,276.7,1
12967,thin,260.6,1
12968,nominal,384.4,1
12969,nominal,282.5,1
12970,nominal,370.1,1
12971,nominal,306.3,1
12972,thin,254.4,1
12973,nominal,321.7,1
12974,nominal,313.3,1
12975,nominal,311.5,1
12976,nominal,282.5,1
12977,nominal,288.2,1
12978,nominal,262.7,1
12979,nominal,291.9,1
12980,nominal,293.7,1
12981,nominal,299.2,1
12982,nominal,290.0,1
12983,nominal,293.7,1
12984,broken,333.3,1
12985,nominal,388.5,1
12986,nominal,353.7,1
12987,nominal,373.0,1
12988,nominal,381.5,1
12989,nominal,381.5,1
12990,nominal,284.4,1
12991,nominal,282.5,1
12992,nominal,408.8,1
12993,nominal,270.8,1
12994,nominal,346.0,1
12995,nominal,318.4,1
12996,nominal,288.2,1
12997,nominal,318.4,1
12998,nominal,325.1,1
12999,nominal,316.7,1
13000,thin,256.5,1
13001,nominal,270.8,1
13002,thin,245.7,1
13003,nominal,274.7,1
13004,nominal,316.7,1
13005,nominal,318.4,1
13006,nominal,321.7,1
13007,nominal,318.4,1
13008,nominal,383.0,1
13009,nominal,373.0,1
13010,nominal,377.3,1
13011,nominal,402.2,1
13012,nominal,404.9,1
13013,nominal,359.7,1
13014,thin,247.9,1
13015,thin,260.6,1
13016,broken,307.2,1
13017,thin,250.1,1
13018,nominal,338.1,1
13019,nominal,313.3,1
13020,thin,236.8,1
13021,nominal,323.4,1
13022,nominal,320.1,1
13023,nominal,326.7,1
13024,thin,229.9,1
13025,nominal,268.8,1
13026,thin,236.8,1
13027,nominal,270.8,1
13028,nominal,321.7,1
13029,nominal,333.3,1
13030,nominal,316.7,1
13031,nominal,316.7,1
13032,nominal,394.1,1
13033,nominal,342.8,1
13034,nominal,350.6,1
13035,nominal,381.5,1
13036,nominal,368.6,1
13037,nominal,325.1,1
13038,thin,260.6,1
13039,thin,241.3,1
13040,nominal,403.5,1
13041,thin,256.5,1
13042,nominal,362.7,1
13043,nominal,315.0,1
13044,thin,260.6,1
13045,nominal,304.5,1
13046,nominal,295.5,1
13047,nominal,328.4,1
13048,thin,245.7,1
13049,thin,258.6,1
13050,thin,234.5,1
13051,thin,260.6,1
13052,nominal,318.4,1
13053,nominal,315.0,1
13054,nominal,320.1,1
13055,nominal,325.1,1
13056,nominal,426.9,1
13057,nominal,347.5,1
13058,nominal,359.7,1
13059,nominal,410.1,1
13060,nominal,421.8,1
13061,missing,0.0,1
13062,thin,241.3,1
13063,thin,236.8,1
13064,nominal,394.1,1
13065,thin,241.3,1
13066,nominal,364.2,1
13067,nominal,301.0,1
13068,nominal,262.7,1
13069,nominal,311.5,1
13070,nominal,315.0,1
13071,nominal,304.5,1
13072,thin,247.9,1
13073,nominal,262.7,1
13074,thin,239.1,1
13075,thin,256.5,1
13076,nominal,320.1,1
13077,nominal,316.7,1
13078,nominal,302.8,1
13079,nominal,315.0,1
13080,nominal,396.8,1
13081,nominal,378.7,1
13082,nominal,362.7,1
13083,nominal,400.8,1
13084,nominal,420.5,1
13085,nominal,347.5,1
13086,thin,256.5,1
13087,thin,243.5,1
13088,nominal,385.8,1
13089,thin,245.7,1
13090,nominal,383.0,1
13091,nominal,282.5,1
13092,thin,252.2,1
13093,nominal,299.2,1
13094,nominal,291.9,1
13095,nominal,291.9,1
13096,thin,252.2,1
13097,nominal,276.7,1
13098,thin,239.1,1
13099,nominal,272.8,1
13100,nominal,313.3,1
13101,nominal,293.7,1
13102,nominal,302.8,1
13103,nominal,293.7,1
13104,nominal,362.7,1
13105,nominal,361.2,1
13106,nominal,384.4,1
13107,broken,284.4,1
13108,nominal,375.8,1
13109,nominal,344.4,1
13110,thin,239.1,1
13111,thin,247.9,1
13112,nominal,391.3,1
13113,thin,250.1,1
13114,nominal,378.7,1
13115,nominal,309.8,1
13116,thin,260.6,1
13117,nominal,311.5,1
13118,nominal,304.5,1
13119,nominal,315.0,1
13120,thin,250.1,1
13121,nominal,276.7,1
13122,thin,227.5,1
13123,nominal,284.4,1
13124,nominal,325.1,1
13125,nominal,321.7,1
13126,nominal,309.8,1
13127,nominal,301.0,1
13128,nominal,365.7,1
13129,nominal,353.7,1
13130,nominal,394.1,1
13131,nominal,394.1,1
13132,nominal,361.2,1
13133,nominal,388.5,1
13134,nominal,264.7,1
13135,thin,252.2,1
13136,nominal,371.5,1
13137,nominal,266.8,1
13138,nominal,394.1,1
13139,nominal,318.4,1
13140,thin,254.4,1
13141,nominal,302.8,1
13142,nominal,301.0,1
13143,nominal,323.4,1
13144,thin,247.9,1
13145,nominal,278.6,1
13146,thin,258.6,1
13147,nominal,266.8,1
13148,nominal,313.3,1
13149,nominal,318.4,1
13150,nominal,323.4,1
13151,nominal,309.8,1
13152,nominal,377.3,1
13153,nominal,341.3,1
13154,nominal,361.2,1
13155,nominal,392.7,1
13156,nominal,355.2,1
13157,nominal,374.4,1
13158,thin,258.6,1
13159,nominal,272.8,1
13160,nominal,381.5,1
13161,nominal,276.7,1
13162,nominal,398.1,1
13163,nominal,318.4,1
13164,thin,258.6,1
13165,nominal,311.5,1
13166,nominal,316.7,1
13167,nominal,321.7,1
13168,thin,250.1,1
13169,nominal,288.2,1
13170,thin,260.6,1
13171,nominal,268.8,1
13172,nominal,306.3,1
13173,nominal,295.5,1
13174,nominal,293.7,1
13175,nominal,304.5,1
13176,nominal,293.7,0
13177,nominal,295.5,0
13178,nominal,297.4,0
13179,nominal,284.4,0
13180,nominal,389.9,1
13181,nominal,367.1,1
13182,nominal,368.6,1
13183,nominal,387.2,1
13184,nominal,352.1,1
13185,nominal,392.7,1
13186,thin,247.9,1
13187,nominal,262.7,1
13188,nominal,333.3,1
13189,nominal,290.0,1
13190,nominal,352.1,1
13191,nominal,311.5,1
13192,nominal,302.8,1
13193,nominal,323.4,1
13194,nominal,308.0,1
13195,nominal,316.7,1
13196,nominal,282.5,1
13197,nominal,266.8,1
13198,thin,260.6,1
13199,nominal,282.5,1
13200,nominal,309.8,1
13201,nominal,291.9,1
13202,nominal,302.8,1
13203,nominal,282.5,1
13204,nominal,336.5,1
13205,nominal,355.2,1
13206,nominal,387.2,1
13207,nominal,387.2,1
13208,nominal,388.5,1
13209,broken,333.3,1
13210,nominal,290.0,1
13211,nominal,290.0,1
13212,nominal,380.1,1
13213,nominal,266.8,1
13214,nominal,339.7,1
13215,nominal,320.1,1
13216,nominal,293.7,1
13217,nominal,311.5,1
13218,nominal,321.7,1
13219,nominal,313.3,1
13220,thin,254.4,1
13221,nominal,270.8,1
13222,nominal,266.8,1
13223,nominal,278.6,1
13224,nominal,315.0,1
13225,nominal,316.7,1
13226,nominal,309.8,1
13227,nominal,301.0,1
13228,nominal,406.2,1
13229,nominal,358.2,1
13230,nominal,389.9,1
13231,nominal,395.4,1
13232,missing,0.0,1
13233,nominal,362.7,1
13234,nominal,282.5,1
13235,thin,256.5,1
13236,nominal,318.4,1
13237,thin,260.6,1
13238,nominal,362.7,1
13239,nominal,316.7,1
13240,thin,258.6,1
13241,nominal,309.8,1
13242,nominal,309.8,1
13243,nominal,318.4,1
13244,thin,243.5,1
13245,nominal,280.6,1
13246,thin,256.5,1
13247,nominal,266.8,1
13248,nominal,316.7,1
13249,nominal,316.7,1
13250,nominal,323.4,1
13251,nominal,315.0,1
13252,nominal,362.7,1
13253,nominal,342.8,1
13254,nominal,385.8,1
13255,nominal,416.7,1
13256,nominal,408.8,1
13257,nominal,359.7,1
13258,nominal,272.8,1
13259,thin,260.6,1
13260,nominal,378.7,1
13261,thin,260.6,1
13262,nominal,396.8,1
13263,nominal,301.0,1
13264,thin,252.2,1
13265,nominal,318.4,1
13266,nominal,313.3,1
13267,nominal,328.4,1
13268,thin,243.5,1
13269,thin,258.6,1
13270,thin,245.7,1
13271,nominal,270.8,1
13272,nominal,323.4,1
13273,nominal,315.0,1
13274,nominal,309.8,1
13275,nominal,321.7,1
13276,nominal,400.8,1
13277,nominal,339.7,1
13278,nominal,384.4,1
13279,nominal,392.7,1
13280,nominal,403.5,1
13281,nominal,371.5,1
13282,thin,245.7,1
13283,thin,245.7,1
13284,nominal,392.7,1
13285,thin,239.1,1
13286,nominal,368.6,1
13287,nominal,308.0,1
13288,thin,258.6,1
13289,nominal,304.5,1
13290,nominal,301.0,1
13291,nominal,309.8,1
13292,thin,250.1,1
13293,thin,256.5,1
13294,thin,229.9,1
13295,nominal,274.7,1
13296,nominal,315.0,1
13297,nominal,318.4,1
13298,nominal,325.1,1
13299,nominal,318.4,1
13300,nominal,325.1,1
13301,nominal,352.1,1
13302,nominal,384.4,1
13303,nominal,385.8,1
13304,nominal,344.4,1
13305,nominal,358.2,1
13306,nominal,268.8,1
13307,thin,245.7,1
13308,nominal,355.2,1
13309,thin,234.5,1
13310,nominal,388.5,1
13311,nominal,299.2,1
13312,thin,232.2,1
13313,nominal,290.0,1
13314,nominal,309.8,1
13315,nominal,293.7,1
13316,thin,234.5,1
13317,nominal,264.7,1
13318,thin,241.3,1
13319,nominal,288.2,1
13320,nominal,313.3,1
13321,nominal,311.5,1
13322,nominal,320.1,1
13323,nominal,301.0,1
13324,nominal,383.0,1
13325,nominal,389.9,1
13326,nominal,367.1,1
13327,nominal,412.8,1
13328,nominal,381.5,1
13329,nominal,400.8,1
13330,thin,250.1,1
13331,thin,254.4,1
13332,nominal,380.1,1
13333,thin,258.6,1
13334,nominal,411.5,1
13335,nominal,315.0,1
13336,thin,250.1,1
13337,nominal,309.8,1
13338,nominal,308.0,1
13339,nominal,313.3,1
13340,thin,232.2,1
13341,nominal,284.4,1
13342,thin,236.8,1
13343,nominal,272.8,1
13344,nominal,326.7,1
13345,missing,0.0,1
13346,nominal,326.7,1
13347,nominal,308.0,1
13348,nominal,368.6,1
13349,nominal,368.6,1
13350,nominal,331.6,1
13351,nominal,412.8,1
13352,nominal,394.1,1
13353,nominal,367.1,1
13354,thin,254.4,1
13355,thin,260.6,1
13356,nominal,338.1,1
13357,thin,256.5,1
13358,nominal,396.8,1
13359,nominal,308.0,1
13360,thin,247.9,1
13361,nominal,311.5,1
13362,nominal,315.0,1
13363,nominal,320.1,1
13364,thin,250.1,1
13365,nominal,264.7,1
13366,thin,241.3,1
13367,nominal,270.8,1
13368,nominal,316.7,1
13369,nominal,313.3,1
13370,nominal,315.0,1
13371,nominal,315.0,1
13372,nominal,403.5,1
13373,nominal,388.5,1
13374,nominal,384.4,1
13375,nominal,395.4,1
13376,nominal,378.7,1
13377,nominal,365.7,1
13378,thin,252.2,1
13379,nominal,268.8,1
13380,nominal,395.4,1
13381,nominal,274.7,1
13382,nominal,362.7,1
13383,nominal,316.7,1
13384,thin,252.2,1
13385,nominal,318.4,1
13386,nominal,323.4,1
13387,nominal,308.0,1
13388,thin,258.6,1
13389,nominal,304.5,1
13390,nominal,268.8,1
13391,nominal,284.4,1
13392,nominal,308.0,1
13393,nominal,297.4,1
13394,nominal,315.0,1
13395,nominal,291.9,1
13396,nominal,295.5,0
13397,nominal,280.6,0
13398,nominal,290.0,0
13399,nominal,304.5,0
13400,nominal,364.2,1
13401,nominal,358.2,1
13402,nominal,381.5,1
13403,nominal,383.0,1
13404,nominal,383.0,1
13405,nominal,407.5,1
13406,nominal,262.7,1
13407,nominal,282.5,1
13408,nominal,377.3,1
13409,nominal,278.6,1
13410,nominal,365.7,1
13411,nominal,321.7,1
13412,nominal,276.7,1
13413,nominal,304.5,1
13414,nominal,306.3,1
13415,nominal,311.5,1
13416,nominal,288.2,1
13417,nominal,284.4,1
13418,nominal,291.9,1
13419,nominal,288.2,1
13420,nominal,318.4,1
13421,nominal,301.0,1
13422,nominal,309.8,1
13423,nominal,302.8,1
13424,nominal,373.0,1
13425,nominal,339.7,1
13426,nominal,352.1,1
13427,nominal,362.7,1
13428,nominal,371.5,1
13429,nominal,399.5,1
13430,nominal,311.5,1
13431,nominal,286.3,1
13432,nominal,402.2,1
13433,nominal,270.8,1
13434,nominal,339.7,1
13435,nominal,325.1,1
13436,nominal,284.4,1
13437,nominal,323.4,1
13438,nominal,320.1,1
13439,nominal,315.0,1
13440,thin,260.6,1
13441,nominal,280.6,1
13442,thin,241.3,1
13443,nominal,262.7,1
13444,nominal,316.7,1
13445,nominal,311.5,1
13446,nominal,316.7,1
13447,nominal,309.8,1
13448,nominal,383.0,1
13449,necked,334.9,1
13450,nominal,385.8,1
13451,nominal,389.9,1
13452,missing,0.0,1
13453,nominal,375.8,1
13454,nominal,291.9,1
13455,thin,258.6,1
13456,nominal,396.8,1
13457,thin,245.7,1
13458,nominal,411.5,1
13459,nominal,323.4,1
13460,nominal,262.7,1
13461,nominal,315.0,1
13462,nominal,316.7,1
13463,nominal,315.0,1
13464,thin,250.1,1
13465,nominal,274.7,1
13466,thin,254.4,1
13467,nominal,268.8,1
13468,nominal,321.7,1
13469,nominal,318.4,1
13470,nominal,308.0,1
13471,nominal,311.5,1
13472,nominal,383.0,1
13473,nominal,339.7,1
13474,nominal,394.1,1
13475,nominal,404.9,1
13476,nominal,426.9,1
13477,nominal,411.5,1
13478,nominal,274.7,1
13479,thin,252.2,1
13480,nominal,392.7,1
13481,thin,258.6,1
13482,nominal,387.2,1
13483,nominal,315.0,1
13484,nominal,266.8,1
13485,nominal,320.1,1
13486,nominal,316.7,1
13487,nominal,321.7,1
13488,thin,243.5,1
13489,thin,258.6,1
13490,thin,239.1,1
13491,nominal,274.7,1
13492,nominal,320.1,1
13493,nominal,330.0,1
13494,nominal,318.4,1
13495,nominal,313.3,1
13496,nominal,403.5,1
13497,nominal,352.1,1
13498,nominal,392.7,1
13499,nominal,341.3,1
13500,nominal,415.4,1
13501,nominal,373.0,1
13502,nominal,274.7,1
13503,nominal,274.7,1
13504,nominal,426.9,1
13505,thin,254.4,1
13506,nominal,374.4,1
13507,nominal,309.8,1
13508,thin,254.4,1
13509,nominal,313.3,1
13510,nominal,316.7,1
13511,nominal,313.3,1
13512,thin,250.1,1
13513,nominal,272.8,1
13514,thin,252.2,1
13515,nominal,276.7,1
13516,nominal,318.4,1
13517,nominal,320.1,1
13518,nominal,323.4,1
13519,nominal,308.0,1
13520,nominal,421.8,1
13521,nominal,395.4,1
13522,nominal,403.5,1
13523,nominal,402.2,1
13524,nominal,428.2,1
13525,nominal,377.3,1
13526,thin,245.7,1
13527,nominal,262.7,1
13528,nominal,414.1,1
13529,nominal,264.7,1
13530,nominal,380.1,1
13531,nominal,315.0,1
13532,thin,256.5,1
13533,nominal,302.8,1
13534,nominal,318.4,1
13535,nominal,284.4,1
13536,thin,234.5,1
13537,nominal,270.8,1
13538,thin,232.2,1
13539,nominal,284.4,1
13540,nominal,320.1,1
13541,nominal,316.7,1
13542,nominal,318.4,1
13543,nominal,320.1,1
13544,nominal,402.2,1
13545,nominal,383.0,1
13546,nominal,392.7,1
13547,nominal,408.8,1
13548,nominal,406.2,1
13549,nominal,391.3,1
13550,nominal,276.7,1
13551,nominal,264.7,1
13552,nominal,421.8,1
13553,nominal,280.6,1
13554,nominal,385.8,1
13555,nominal,295.5,1
13556,thin,245.7,1
13557,nominal,316.7,1
13558,nominal,302.8,1
13559,nominal,323.4,1
13560,thin,236.8,1
13561,nominal,286.3,1
13562,thin,234.5,1
13563,nominal,284.4,1
13564,nominal,311.5,1
13565,nominal,318.4,1
13566,nominal,323.4,1
13567,nominal,302.8,1
13568,nominal,370.1,1
13569,nominal,395.4,1
13570,nominal,392.7,1
13571,nominal,395.4,1
13572,nominal,399.5,1
13573,nominal,355.2,1
13574,thin,256.5,1
13575,nominal,264.7,1
13576,nominal,404.9,1
13577,nominal,274.7,1
13578,nominal,371.5,1
13579,nominal,325.1,1
13580,thin,241.3,1
13581,nominal,308.0,1
13582,nominal,302.8,1
13583,nominal,315.0,1
13584,thin,239.1,1
13585,nominal,278.6,1
13586,thin,241.3,1
13587,nominal,286.3,1
13588,nominal,330.0,1
13589,nominal,309.8,1
13590,nominal,318.4,1
13591,nominal,321.7,1
13592,nominal,378.7,1
13593,nominal,353.7,1
13594,nominal,370.1,1
13595,nominal,400.8,1
13596,nominal,385.8,1
13597,nominal,361.2,1
13598,thin,247.9,1
13599,nominal,286.3,1
13600,nominal,396.8,1
13601,thin,254.4,1
13602,nominal,385.8,1
13603,nominal,326.7,1
13604,thin,254.4,1
13605,nominal,318.4,1
13606,nominal,301.0,1
13607,nominal,326.7,1
13608,thin,247.9,1
13609,nominal,311.5,1
13610,nominal,262.7,1
13611,nominal,288.2,1
13612,nominal,323.4,1
13613,nominal,316.7,1
13614,nominal,308.0,1
13615,nominal,291.9,1
13616,nominal,309.8,0
13617,nominal,284.4,0
13618,nominal,282.5,0
13619,nominal,309.8,0
13620,nominal,333.3,1
13621,nominal,396.8,1
13622,nominal,378.7,1
13623,nominal,361.2,1
13624,nominal,365.7,1
13625,nominal,377.3,1
13626,thin,252.2,1
13627,thin,256.5,1
13628,nominal,395.4,1
13629,nominal,304.5,1
13630,nominal,367.1,1
13631,nominal,325.1,1
13632,nominal,270.8,1
13633,nominal,304.5,1
13634,nominal,320.1,1
13635,nominal,320.1,1
13636,nominal,315.0,1
13637,nominal,270.8,1
13638,missing,0.0,1
13639,nominal,290.0,1
13640,nominal,304.5,1
13641,nominal,301.0,1
13642,nominal,315.0,1
13643,nominal,288.2,1
13644,broken,319.2,1
13645,nominal,356.7,1
13646,nominal,394.1,1
13647,nominal,398.1,1
13648,nominal,383.0,1
13649,nominal,364.2,1
13650,nominal,311.5,1
13651,nominal,278.6,1
13652,nominal,395.4,1
13653,thin,258.6,1
13654,nominal,380.1,1
13655,nominal,323.4,1
13656,nominal,293.7,1
13657,nominal,320.1,1
13658,nominal,315.0,1
13659,nominal,313.3,1
13660,nominal,288.2,1
13661,nominal,284.4,1
13662,nominal,276.7,1
13663,missing,0.0,1
13664,nominal,318.4,1
13665,missing,0.0,1
13666,nominal,309.8,1
13667,nominal,304.5,1
13668,nominal,391.3,1
13669,nominal,362.7,1
13670,nominal,388.5,1
13671,nominal,410.1,1
13672,nominal,395.4,1
13673,nominal,373.0,1
13674,nominal,282.5,1
13675,nominal,262.7,1
13676,nominal,368.6,1
13677,nominal,264.7,1
13678,nominal,399.5,1
13679,nominal,333.3,1
13680,nominal,264.7,1
13681,nominal,321.7,1
13682,nominal,316.7,1
13683,nominal,316.7,1
13684,thin,260.6,1
13685,nominal,274.7,1
13686,thin,258.6,1
13687,nominal,270.8,1
13688,nominal,321.7,1
13689,nominal,318.4,1
13690,nominal,323.4,1
13691,nominal,321.7,1
13692,nominal,378.7,1
13693,nominal,380.1,1
13694,nominal,381.5,1
13695,nominal,391.3,1
13696,nominal,385.8,1
13697,nominal,398.1,1
13698,nominal,268.8,1
13699,thin,260.6,1
13700,nominal,371.5,1
13701,nominal,262.7,1
13702,nominal,361.2,1
13703,nominal,320.1,1
13704,nominal,264.7,1
13705,nominal,325.1,1
13706,nominal,313.3,1
13707,nominal,323.4,1
13708,thin,252.2,1
13709,nominal,270.8,1
13710,thin,260.6,1
13711,nominal,280.6,1
13712,nominal,339.7,1
13713,nominal,311.5,1
13714,nominal,323.4,1
13715,nominal,316.7,1
13716,nominal,374.4,1
13717,nominal,385.8,1
13718,nominal,361.2,1
13719,nominal,400.8,1
13720,nominal,399.5,1
13721,nominal,398.1,1
13722,nominal,272.8,1
13723,thin,260.6,1
13724,nominal,392.7,1
13725,nominal,270.8,1
13726,nominal,370.1,1
13727,nominal,320.1,1
13728,nominal,264.7,1
13729,nominal,318.4,1
13730,nominal,311.5,1
13731,nominal,320.1,1
13732,thin,254.4,1
13733,nominal,268.8,1
13734,nominal,268.8,1
13735,nominal,270.8,1
13736,nominal,331.6,1
13737,nominal,315.0,1
13738,nominal,308.0,1
13739,nominal,309.8,1
13740,nominal,361.2,1
13741,nominal,396.8,1
13742,nominal,387.2,1
13743,nominal,416.7,1
13744,nominal,421.8,1
13745,nominal,365.7,1
13746,nominal,268.8,1
13747,nominal,272.8,1
13748,nominal,407.5,1
13749,nominal,272.8,1
13750,nominal,380.1,1
13751,nominal,301.0,1
13752,thin,250.1,1
13753,nominal,306.3,1
13754,nominal,301.0,1
13755,nominal,293.7,1
13756,thin,247.9,1
13757,nominal,286.3,1
13758,thin,236.8,1
13759,nominal,276.7,1
13760,nominal,318.4,1
13761,nominal,323.4,1
13762,nominal,325.1,1
13763,nominal,308.0,1
13764,nominal,391.3,1
13765,nominal,403.5,1
13766,nominal,396.8,1
13767,nominal,419.2,1
13768,nominal,414.1,1
13769,nominal,383.0,1
13770,thin,222.7,1
13771,nominal,276.7,1
13772,nominal,394.1,1
13773,nominal,270.8,1
13774,nominal,387.2,1
13775,nominal,311.5,1
13776,thin,254.4,1
13777,nominal,316.7,1
13778,nominal,308.0,1
13779,nominal,311.5,1
13780,thin,241.3,1
13781,nominal,286.3,1
13782,thin,241.3,1
13783,nominal,280.6,1
13784,nominal,325.1,1
13785,nominal,320.1,1
13786,nominal,321.7,1
13787,nominal,320.1,1
13788,nominal,391.3,1
13789,nominal,374.4,1
13790,nominal,383.0,1
13791,nominal,406.2,1
13792,nominal,384.4,1
13793,nominal,326.7,1
13794,nominal,266.8,1
13795,nominal,270.8,1
13796,nominal,429.4,1
13797,nominal,272.8,1
13798,nominal,391.3,1
13799,nominal,318.4,1
13800,thin,252.2,1
13801,nominal,318.4,1
13802,nominal,323.4,1
13803,nominal,325.1,1
13804,thin,234.5,1
13805,nominal,286.3,1
13806,thin,236.8,1
13807,nominal,295.5,1
13808,nominal,318.4,1
13809,nominal,318.4,1
13810,nominal,316.7,1
13811,nominal,316.7,1
13812,nominal,383.0,1
13813,nominal,371.5,1
13814,nominal,396.8,1
13815,nominal,402.2,1
13816,nominal,384.4,1
13817,nominal,361.2,1
13818,thin,252.2,1
13819,thin,258.6,1
13820,nominal,395.4,1
13821,nominal,299.2,1
13822,nominal,373.0,1
13823,nominal,320.1,1
13824,thin,254.4,1
13825,nominal,320.1,1
13826,nominal,321.7,1
13827,nominal,325.1,1
13828,thin,256.5,1
13829,nominal,311.5,1
13830,nominal,268.8,1
13831,nominal,304.5,1
13832,nominal,311.5,1
13833,nominal,315.0,1
13834,nominal,297.4,1
13835,nominal,308.0,1
13836,nominal,286.3,0
13837,nominal,290.0,0
13838,nominal,284.4,0
13839,nominal,301.0,0
13840,nominal,396.8,1
13841,nominal,361.2,1
13842,nominal,364.2,1
13843,nominal,371.5,1
13844,nominal,398.1,1
13845,nominal,353.7,1
13846,thin,250.1,1
13847,nominal,295.5,1
13848,nominal,387.2,1
13849,nominal,315.0,1
13850,nominal,358.2,1
13851,nominal,318.4,1
13852,nominal,274.7,1
13853,nominal,308.0,1
13854,nominal,316.7,1
13855,nominal,325.1,1
13856,nominal,311.5,1
13857,missing,0.0,1
13858,nominal,304.5,1
13859,nominal,291.9,1
13860,nominal,306.3,1
13861,nominal,276.7,1
13862,nominal,295.5,1
13863,nominal,291.9,1
13864,nominal,350.6,1
13865,missing,0.0,1
13866,nominal,374.4,1
13867,nominal,374.4,1
13868,missing,0.0,0
13869,missing,0.0,0
13870,missing,0.0,0
13871,missing,0.0,0
13872,nominal,352.1,1
13873,nominal,368.6,1
13874,nominal,320.1,1
13875,nominal,282.5,1
13876,nominal,367.1,1
13877,nominal,268.8,1
13878,nominal,350.6,1
13879,nominal,311.5,1
13880,nominal,308.0,1
13881,nominal,315.0,1
13882,nominal,291.9,1
13883,nominal,323.4,1
13884,missing,0.0,1
13885,nominal,278.6,1
13886,nominal,308.0,1
13887,nominal,272.8,1
13888,missing,0.0,1
13889,nominal,291.9,1
13890,nominal,301.0,1
13891,nominal,293.7,1
13892,missing,0.0,1
13893,nominal,370.1,1
13894,nominal,367.1,1
13895,nominal,350.6,1
13896,missing,0.0,0
13897,missing,0.0,0
13898,missing,0.0,0
13899,missing,0.0,0
13900,nominal,388.5,1
13901,nominal,359.7,1
13902,nominal,301.0,1
13903,thin,258.6,1
13904,nominal,341.3,1
13905,nominal,268.8,1
13906,nominal,365.7,1
13907,nominal,321.7,1
13908,nominal,288.2,1
13909,nominal,323.4,1
13910,nominal,301.0,1
13911,nominal,318.4,1
13912,nominal,286.3,1
13913,nominal,272.8,1
13914,nominal,297.4,1
13915,nominal,280.6,1
13916,nominal,318.4,1
13917,nominal,302.8,1
13918,nominal,302.8,1
13919,nominal,316.7,1
13920,nominal,358.2,1
13921,broken,325.1,1
13922,nominal,381.5,1
13923,nominal,362.7,1
13924,missing,0.0,0
13925,missing,0.0,0
13926,missing,0.0,0
13927,missing,0.0,0
13928,nominal,389.9,1
13929,nominal,374.4,1
13930,nominal,290.0,1
13931,nominal,268.8,1
13932,nominal,355.2,1
13933,nominal,276.7,1
13934,nominal,388.5,1
13935,nominal,308.0,1
13936,nominal,262.7,1
13937,nominal,321.7,1
13938,nominal,304.5,1
13939,nominal,313.3,1
13940,nominal,270.8,1
13941,nominal,276.7,1
13942,nominal,290.0,1
13943,nominal,284.4,1
13944,nominal,321.7,1
13945,nominal,321.7,1
13946,nominal,309.8,1
13947,nominal,330.0,1
13948,nominal,368.6,1
13949,nominal,368.6,1
13950,nominal,358.2,1
13951,nominal,353.7,1
13952,missing,0.0,0
13953,missing,0.0,0
13954,missing,0.0,0
13955,missing,0.0,0
13956,nominal,349.1,1
13957,nominal,333.3,1
13958,nominal,286.3,1
13959,nominal,284.4,1
13960,nominal,352.1,1
13961,nominal,286.3,1
13962,nominal,350.6,1
13963,nominal,313.3,1
13964,nominal,268.8,1
13965,nominal,315.0,1
13966,nominal,284.4,1
13967,nominal,306.3,1
13968,nominal,262.7,1
13969,nominal,282.5,1
13970,nominal,276.7,1
13971,nominal,276.7,1
13972,nominal,320.1,1
13973,nominal,315.0,1
13974,nominal,304.5,1
13975,nominal,328.4,1
13976,nominal,411.5,1
13977,nominal,403.5,1
13978,nominal,378.7,1
13979,nominal,373.0,1
13980,missing,0.0,0
13981,missing,0.0,0
13982,missing,0.0,0
13983,missing,0.0,0
13984,nominal,381.5,1
13985,nominal,339.7,1
13986,nominal,286.3,1
13987,nominal,278.6,1
13988,nominal,371.5,1
13989,nominal,272.8,1
13990,nominal,383.0,1
13991,nominal,306.3,1
13992,nominal,272.8,1
13993,nominal,299.2,1
13994,nominal,297.4,1
13995,nominal,304.5,1
13996,nominal,270.8,1
13997,nominal,288.2,1
13998,nominal,290.0,1
13999,nominal,280.6,1
14000,nominal,318.4,1
14001,nominal,301.0,1
14002,nominal,299.2,1
14003,nominal,304.5,1
14004,nominal,391.3,1
14005,nominal,349.1,1
14006,nominal,308.0,1
14007,nominal,374.4,1
14008,missing,0.0,0
14009,missing,0.0,0
14010,missing,0.0,0
14011,missing,0.0,0
14012,nominal,375.8,1
14013,nominal,362.7,1
14014,nominal,276.7,1
14015,nominal,274.7,1
14016,nominal,385.8,1
14017,nominal,278.6,1
14018,nominal,318.4,1
14019,nominal,318.4,1
14020,thin,254.4,1
14021,nominal,306.3,1
14022,nominal,290.0,1
14023,nominal,320.1,1
14024,thin,258.6,1
14025,nominal,295.5,1
14026,nominal,278.6,1
14027,nominal,306.3,1
14028,nominal,328.4,1
14029,nominal,306.3,1
14030,nominal,313.3,1
14031,nominal,308.0,1
14032,nominal,389.9,1
14033,nominal,334.9,1
14034,nominal,367.1,1
14035,nominal,399.5,1
14036,missing,0.0,0
14037,missing,0.0,0
14038,missing,0.0,0
14039,missing,0.0,0
14040,nominal,398.1,1
14041,nominal,361.2,1
14042,nominal,266.8,1
14043,nominal,266.8,1
14044,nominal,336.5,1
14045,nominal,295.5,1
14046,nominal,370.1,1
14047,nominal,308.0,1
14048,thin,260.6,1
14049,nominal,323.4,1
14050,nominal,302.8,1
14051,nominal,320.1,1
14052,thin,258.6,1
14053,nominal,295.5,1
14054,nominal,282.5,1
14055,nominal,297.4,1
14056,nominal,318.4,1
14057,nominal,309.8,1
14058,nominal,304.5,1
14059,nominal,306.3,1
14060,nominal,402.2,1
14061,nominal,336.5,1
14062,nominal,368.6,1
14063,nominal,400.8,1
14064,missing,0.0,0
14065,missing,0.0,0
14066,missing,0.0,0
14067,missing,0.0,0
14068,nominal,368.6,1
14069,nominal,346.0,1
14070,nominal,280.6,1
14071,nominal,293.7,1
14072,nominal,411.5,1
14073,nominal,301.0,1
14074,nominal,308.0,1
14075,nominal,325.1,1
14076,thin,260.6,1
14077,nominal,311.5,1
14078,nominal,309.8,1
14079,nominal,308.0,1
14080,thin,254.4,1
14081,nominal,326.7,1
14082,broken,260.6,1
14083,nominal,309.8,1
14084,nominal,308.0,1
14085,nominal,299.2,1
14086,nominal,301.0,1
14087,nominal,301.0,1
14088,nominal,299.2,0
14089,nominal,293.7,0
14090,nominal,301.0,0
14091,nominal,284.4,0
14092,nominal,389.9,1
14093,nominal,353.7,1
14094,nominal,388.5,1
14095,nominal,403.5,1
14096,missing,0.0,0
14097,missing,0.0,0
14098,missing,0.0,0
14099,missing,0.0,0
14100,nominal,385.8,1
14101,nominal,330.0,1
14102,nominal,274.7,1
14103,nominal,304.5,1
14104,nominal,318.4,1
14105,nominal,323.4,1
14106,nominal,364.2,1
14107,nominal,325.1,1
14108,nominal,276.7,1
14109,nominal,309.8,1
14110,nominal,293.7,1
14111,nominal,318.4,1
14112,thin,256.5,1
14113,nominal,290.0,1
14114,thin,256.5,1
14115,nominal,288.2,1
14116,nominal,284.4,1
14117,nominal,288.2,1
14118,nominal,290.0,1
14119,missing,0.0,1
14120,nominal,362.7,1
14121,nominal,365.7,1
14122,nominal,293.7,1
14123,nominal,315.0,1
14124,nominal,344.4,1
14125,nominal,330.0,1
14126,nominal,264.7,1
14127,nominal,288.2,1
14128,nominal,358.2,1
14129,nominal,293.7,1
14130,nominal,318.4,1
14131,nominal,297.4,1
14132,thin,256.5,1
14133,nominal,295.5,1
14134,nominal,286.3,1
14135,nominal,301.0,1
14136,nominal,266.8,1
14137,nominal,278.6,1
14138,thin,247.9,1
14139,nominal,270.8,1
14140,nominal,291.9,1
14141,nominal,290.0,1
14142,nominal,297.4,1
14143,nominal,286.3,1
14144,nominal,338.1,1
14145,nominal,359.7,1
14146,nominal,331.6,1
14147,nominal,350.6,1
14148,nominal,365.7,1
14149,nominal,353.7,1
14150,thin,250.1,1
14151,nominal,293.7,1
14152,nominal,387.2,1
14153,nominal,276.7,1
14154,nominal,370.1,1
14155,nominal,308.0,1
14156,nominal,262.7,1
14157,nominal,301.0,1
14158,nominal,282.5,1
14159,nominal,316.7,1
14160,nominal,274.7,1
14161,nominal,272.8,1
14162,nominal,262.7,1
14163,thin,258.6,1
14164,nominal,306.3,1
14165,nominal,313.3,1
14166,nominal,295.5,1
14167,nominal,288.2,1
14168,nominal,341.3,1
14169,nominal,368.6,1
14170,nominal,358.2,1
14171,nominal,371.5,1
14172,nominal,381.5,1
14173,nominal,367.1,1
14174,thin,252.2,1
14175,nominal,284.4,1
14176,nominal,364.2,1
14177,nominal,262.7,1
14178,nominal,375.8,1
14179,nominal,309.8,1
14180,nominal,288.2,1
14181,nominal,309.8,1
14182,nominal,297.4,1
14183,nominal,308.0,1
14184,nominal,280.6,1
14185,nominal,268.8,1
14186,nominal,262.7,1
14187,nominal,276.7,1
14188,nominal,304.5,1
14189,nominal,301.0,1
14190,nominal,309.8,1
14191,nominal,299.2,1
14192,nominal,384.4,1
14193,nominal,377.3,1
14194,nominal,344.4,1
14195,nominal,349.1,1
14196,nominal,392.7,1
14197,nominal,359.7,1
14198,nominal,262.7,1
14199,nominal,284.4,1
14200,nominal,367.1,1
14201,thin,256.5,1
14202,nominal,373.0,1
14203,nominal,282.5,1
14204,nominal,278.6,1
14205,nominal,295.5,1
14206,nominal,299.2,1
14207,nominal,316.7,1
14208,nominal,302.8,1
14209,nominal,266.8,1
14210,missing,0.0,1
14211,thin,252.2,1
14212,nominal,306.3,1
14213,nominal,302.8,1
14214,nominal,304.5,1
14215,nominal,309.8,1
14216,nominal,356.7,1
14217,nominal,330.0,1
14218,nominal,284.4,1
14219,nominal,361.2,1
14220,nominal,402.2,1
14221,nominal,318.4,1
14222,nominal,262.7,1
14223,nominal,276.7,1
14224,nominal,374.4,1
14225,thin,232.2,1
14226,nominal,374.4,1
14227,nominal,288.2,1
14228,nominal,286.3,1
14229,nominal,278.6,1
14230,nominal,268.8,1
14231,nominal,282.5,1
14232,nominal,278.6,1
14233,nominal,268.8,1
14234,nominal,272.8,1
14235,thin,250.1,1
14236,nominal,302.8,1
14237,nominal,315.0,1
14238,nominal,293.7,1
14239,nominal,309.8,1
14240,nominal,383.0,1
14241,nominal,318.4,1
14242,nominal,316.7,1
14243,nominal,358.2,1
14244,nominal,402.2,1
14245,nominal,301.0,1
14246,nominal,270.8,1
14247,nominal,266.8,1
14248,nominal,389.9,1
14249,thin,247.9,1
14250,nominal,373.0,1
14251,nominal,299.2,1
14252,nominal,299.2,1
14253,nominal,274.7,1
14254,nominal,286.3,1
14255,nominal,290.0,1
14256,nominal,272.8,1
14257,thin,232.2,1
14258,nominal,280.6,1
14259,thin,250.1,1
14260,nominal,306.3,1
14261,nominal,306.3,1
14262,nominal,318.4,1
14263,nominal,308.0,1
14264,nominal,383.0,1
14265,nominal,333.3,1
14266,nominal,311.5,1
14267,nominal,373.0,1
14268,nominal,395.4,1
14269,nominal,330.0,1
14270,nominal,278.6,1
14271,thin,245.7,1
14272,nominal,350.6,1
14273,thin,217.8,1
14274,nominal,350.6,1
14275,nominal,306.3,1
14276,nominal,290.0,1
14277,nominal,297.4,1
14278,nominal,288.2,1
14279,nominal,299.2,1
14280,nominal,293.7,1
14281,nominal,266.8,1
14282,nominal,278.6,1
14283,thin,241.3,1
14284,nominal,293.7,1
14285,nominal,302.8,1
14286,nominal,306.3,1
14287,nominal,311.5,1
14288,nominal,374.4,1
14289,nominal,346.0,1
14290,nominal,370.1,1
14291,nominal,367.1,1
14292,broken,290.9,1
14293,nominal,334.9,1
14294,nominal,288.2,1
14295,broken,234.5,1
14296,missing,0.0,1
14297,missing,0.0,1
14298,nominal,371.5,1
14299,nominal,293.7,1
14300,nominal,295.5,1
14301,nominal,299.2,1
14302,nominal,301.0,1
14303,nominal,299.2,1
14304,nominal,290.0,1
14305,thin,254.4,1
14306,nominal,299.2,1
14307,thin,252.2,1
14308,nominal,299.2,1
14309,nominal,299.2,1
14310,nominal,299.2,1
14311,nominal,311.5,1
14312,nominal,288.2,0
14313,nominal,304.5,0
14314,nominal,308.0,0
14315,nominal,301.0,0
14316,nominal,356.7,1
14317,nominal,346.0,1
14318,nominal,385.8,1
14319,nominal,358.2,1
14320,nominal,398.1,1
14321,nominal,339.7,1
14322,nominal,295.5,1
14323,thin,247.9,1
14324,nominal,364.2,1
14325,thin,254.4,1
14326,nominal,370.1,1
14327,nominal,297.4,1
14328,nominal,323.4,1
14329,nominal,311.5,1
14330,nominal,311.5,1
14331,nominal,304.5,1
14332,nominal,272.8,1
14333,nominal,262.7,1
14334,nominal,262.7,1
14335,nominal,280.6,1
14336,nominal,282.5,1
14337,nominal,301.0,1
14338,nominal,288.2,1
14339,nominal,293.7,1
14340,nominal,371.5,1
14341,nominal,373.0,1
14342,nominal,364.2,1
14343,nominal,371.5,1
14344,nominal,381.5,1
14345,nominal,325.1,1
14346,nominal,262.7,1
14347,nominal,278.6,1
14348,nominal,367.1,1
14349,nominal,282.5,1
14350,nominal,370.1,1
14351,nominal,302.8,1
14352,thin,256.5,1
14353,nominal,304.5,1
14354,nominal,302.8,1
14355,nominal,304.5,1
14356,thin,247.9,1
14357,nominal,262.7,1
14358,thin,260.6,1
14359,nominal,262.7,1
14360,nominal,301.0,1
14361,nominal,308.0,1
14362,nominal,293.7,1
14363,nominal,295.5,1
14364,nominal,374.4,1
14365,nominal,377.3,1
14366,nominal,377.3,1
14367,nominal,373.0,1
14368,nominal,367.1,1
14369,nominal,344.4,1
14370,thin,247.9,1
14371,nominal,276.7,1
14372,nominal,353.7,1
14373,thin,258.6,1
14374,nominal,350.6,1
14375,nominal,293.7,1
14376,thin,247.9,1
14377,nominal,318.4,1
14378,nominal,299.2,1
14379,nominal,313.3,1
14380,thin,256.5,1
14381,thin,254.4,1
14382,thin,258.6,1
14383,thin,254.4,1
14384,nominal,304.5,1
14385,nominal,304.5,1
14386,nominal,306.3,1
14387,nominal,295.5,1
14388,nominal,358.2,1
14389,nominal,388.5,1
14390,nominal,398.1,1
14391,nominal,359.7,1
14392,nominal,368.6,1
14393,nominal,346.0,1
14394,thin,254.4,1
14395,nominal,268.8,1
14396,nominal,375.8,1
14397,thin,225.1,1
14398,nominal,373.0,1
14399,nominal,299.2,1
14400,thin,254.4,1
14401,nominal,321.7,1
14402,nominal,308.0,1
14403,nominal,299.2,1
14404,thin,258.6,1
14405,thin,239.1,1
14406,thin,247.9,1
14407,thin,225.1,1
14408,nominal,315.0,1
14409,nominal,306.3,1
14410,nominal,318.4,1
14411,nominal,297.4,1
14412,nominal,350.6,1
14413,nominal,346.0,1
14414,nominal,361.2,1
14415,nominal,346.0,1
14416,nominal,383.0,1
14417,nominal,346.0,1
14418,nominal,262.7,1
14419,thin,245.7,1
14420,nominal,334.9,1
14421,thin,245.7,1
14422,nominal,336.5,1
14423,nominal,288.2,1
14424,thin,254.4,1
14425,nominal,295.5,1
14426,nominal,290.0,1
14427,nominal,315.0,1
14428,nominal,272.8,1
14429,thin,243.5,1
14430,nominal,264.7,1
14431,thin,222.7,1
14432,nominal,313.3,1
14433,nominal,301.0,1
14434,nominal,306.3,1
14435,nominal,306.3,1
14436,nominal,355.2,1
14437,nominal,350.6,1
14438,nominal,375.8,1
14439,nominal,375.8,1
14440,nominal,387.2,1
14441,nominal,356.7,1
14442,thin,256.5,1
14443,thin,227.5,1
14444,nominal,375.8,1
14445,thin,210.3,1
14446,nominal,370.1,1
14447,nominal,276.7,1
14448,nominal,274.7,1
14449,nominal,291.9,1
14450,thin,260.6,1
14451,nominal,306.3,1
14452,nominal,278.6,1
14453,thin,229.9,1
14454,nominal,264.7,1
14455,thin,239.1,1
14456,nominal,293.7,1
14457,nominal,315.0,1
14458,nominal,309.8,1
14459,nominal,304.5,1
14460,nominal,333.3,1
14461,nominal,346.0,1
14462,nominal,371.5,1
14463,nominal,380.1,1
14464,nominal,388.5,1
14465,nominal,368.6,1
14466,nominal,266.8,1
14467,thin,202.4,1
14468,nominal,367.1,1
14469,thin,194.3,1
14470,nominal,364.2,1
14471,nominal,286.3,1
14472,nominal,262.7,1
14473,nominal,288.2,1
14474,nominal,291.9,1
14475,nominal,293.7,1
14476,nominal,268.8,1
14477,thin,212.8,1
14478,nominal,282.5,1
14479,thin,197.0,1
14480,nominal,308.0,1
14481,nominal,299.2,1
14482,nominal,320.1,1
14483,nominal,311.5,1
14484,nominal,387.2,1
14485,nominal,349.1,1
14486,nominal,362.7,1
14487,broken,321.7,1
14488,broken,352.9,1
14489,nominal,347.5,1
14490,nominal,268.8,1
14491,thin,205.1,1
14492,nominal,381.5,1
14493,thin,188.6,1
14494,nominal,336.5,1
14495,nominal,301.0,1
14496,nominal,276.7,1
14497,nominal,297.4,1
14498,nominal,291.9,1
14499,nominal,309.8,1
14500,nominal,274.7,1
14501,thin,250.1,1
14502,nominal,266.8,1
14503,thin,210.3,1
14504,nominal,313.3,1
14505,nominal,306.3,1
14506,nominal,313.3,1
14507,nominal,302.8,1
14508,nominal,387.2,1
14509,nominal,362.7,1
14510,nominal,352.1,1
14511,nominal,371.5,1
14512,nominal,406.2,1
14513,nominal,328.4,1
14514,nominal,278.6,1
14515,thin,210.3,1
14516,nominal,368.6,1
14517,thin,210.3,1
14518,nominal,344.4,1
14519,nominal,301.0,1
14520,nominal,293.7,1
14521,nominal,315.0,1
14522,nominal,297.4,1
14523,nominal,306.3,1
14524,nominal,288.2,1
14525,nominal,268.8,1
14526,nominal,301.0,1
14527,thin,258.6,1
14528,nominal,301.0,1
14529,nominal,295.5,1
14530,nominal,308.0,1
14531,nominal,316.7,1
14532,nominal,280.6,0
14533,nominal,290.0,0
14534,nominal,315.0,0
14535,nominal,278.6,0
14536,nominal,374.4,1
14537,nominal,347.5,1
14538,nominal,388.5,1
14539,nominal,392.7,1
14540,nominal,408.8,1
14541,nominal,350.6,1
14542,nominal,293.7,1
14543,thin,232.2,1
14544,nominal,385.8,1
14545,thin,258.6,1
14546,nominal,334.9,1
14547,nominal,302.8,1
14548,nominal,295.5,1
14549,nominal,323.4,1
14550,nominal,308.0,1
14551,nominal,316.7,1
14552,nominal,270.8,1
14553,nominal,278.6,1
14554,nominal,270.8,1
14555,nominal,288.2,1
14556,nominal,276.7,1
14557,nominal,286.3,1
14558,nominal,286.3,1
14559,nominal,288.2,1
14560,nominal,377.3,1
14561,nominal,388.5,1
14562,nominal,333.3,1
14563,nominal,399.5,1
14564,nominal,388.5,1
14565,nominal,375.8,1
14566,nominal,280.6,1
14567,nominal,276.7,1
14568,nominal,388.5,1
14569,nominal,274.7,1
14570,nominal,371.5,1
14571,nominal,308.0,1
14572,nominal,262.7,1
14573,nominal,304.5,1
14574,nominal,304.5,1
14575,nominal,316.7,1
14576,missing,0.0,1
14577,nominal,276.7,1
14578,nominal,270.8,1
14579,thin,252.2,1
14580,nominal,308.0,1
14581,nominal,304.5,1
14582,nominal,297.4,1
14583,nominal,299.2,1
14584,nominal,404.9,1
14585,nominal,378.7,1
14586,nominal,367.1,1
14587,nominal,415.4,1
14588,nominal,368.6,1
14589,nominal,350.6,1
14590,thin,258.6,1
14591,nominal,268.8,1
14592,nominal,380.1,1
14593,thin,250.1,1
14594,nominal,316.7,1
14595,nominal,315.0,1
14596,thin,256.5,1
14597,nominal,318.4,1
14598,nominal,306.3,1
14599,nominal,306.3,1
14600,nominal,264.7,1
14601,thin,232.2,1
14602,thin,258.6,1
14603,thin,227.5,1
14604,nominal,309.8,1
14605,nominal,311.5,1
14606,nominal,304.5,1
14607,nominal,315.0,1
14608,nominal,371.5,1
14609,nominal,339.7,1
14610,nominal,384.4,1
14611,nominal,368.6,1
14612,nominal,384.4,1
14613,nominal,331.6,1
14614,thin,254.4,1
14615,nominal,264.7,1
14616,nominal,365.7,1
14617,thin,220.3,1
14618,nominal,350.6,1
14619,nominal,313.3,1
14620,thin,254.4,1
14621,nominal,297.4,1
14622,nominal,313.3,1
14623,nominal,311.5,1
14624,nominal,266.8,1
14625,missing,0.0,1
14626,nominal,262.7,1
14627,thin,234.5,1
14628,nominal,306.3,1
14629,nominal,306.3,1
14630,nominal,295.5,1
14631,nominal,311.5,1
14632,nominal,359.7,1
14633,nominal,341.3,1
14634,broken,331.6,1
14635,nominal,381.5,1
14636,nominal,378.7,1
14637,missing,0.0,1
14638,thin,260.6,1
14639,thin,222.7,1
14640,nominal,342.8,1
14641,thin,217.8,1
14642,nominal,328.4,1
14643,nominal,290.0,1
14644,thin,250.1,1
14645,nominal,299.2,1
14646,nominal,299.2,1
14647,nominal,306.3,1
14648,nominal,270.8,1
14649,thin,215.3,1
14650,nominal,264.7,1
14651,thin,210.3,1
14652,nominal,302.8,1
14653,nominal,297.4,1
14654,nominal,306.3,1
14655,nominal,306.3,1
14656,nominal,398.1,1
14657,nominal,321.7,1
14658,nominal,385.8,1
14659,nominal,403.5,1
14660,nominal,378.7,1
14661,nominal,370.1,1
14662,thin,245.7,1
14663,thin,215.3,1
14664,nominal,352.1,1
14665,thin,194.3,1
14666,nominal,328.4,1
14667,nominal,284.4,1
14668,nominal,272.8,1
14669,nominal,301.0,1
14670,nominal,293.7,1
14671,nominal,293.7,1
14672,nominal,266.8,1
14673,thin,225.1,1
14674,nominal,266.8,1
14675,thin,222.7,1
14676,nominal,306.3,1
14677,nominal,313.3,1
14678,nominal,302.8,1
14679,nominal,313.3,1
14680,nominal,388.5,1
14681,nominal,364.2,1
14682,nominal,356.7,1
14683,nominal,434.4,1
14684,nominal,399.5,1
14685,nominal,344.4,1
14686,nominal,270.8,1
14687,thin,182.8,1
14688,nominal,391.3,1
14689,thin,197.0,1
14690,nominal,381.5,1
14691,nominal,308.0,1
14692,thin,256.5,1
14693,nominal,297.4,1
14694,nominal,293.7,1
14695,nominal,309.8,1
14696,nominal,274.7,1
14697,thin,207.7,1
14698,nominal,266.8,1
14699,thin,197.0,1
14700,nominal,308.0,1
14701,nominal,315.0,1
14702,nominal,301.0,1
14703,nominal,309.8,1
14704,nominal,404.9,1
14705,nominal,349.1,1
14706,nominal,346.0,1
14707,nominal,414.1,1
14708,nominal,371.5,1
14709,nominal,350.6,1
14710,nominal,282.5,1
14711,thin,210.3,1
14712,nominal,407.5,1
14713,thin,173.8,1
14714,nominal,365.7,1
14715,nominal,309.8,1
14716,nominal,276.7,1
14717,nominal,309.8,1
14718,nominal,315.0,1
14719,nominal,304.5,1
14720,nominal,276.7,1
14721,thin,236.8,1
14722,nominal,272.8,1
14723,thin,232.2,1
14724,nominal,306.3,1
14725,nominal,299.2,1
14726,nominal,311.5,1
14727,nominal,293.7,1
14728,nominal,383.0,1
14729,nominal,389.9,1
14730,nominal,381.5,1
14731,nominal,403.5,1
14732,nominal,384.4,1
14733,nominal,341.3,1
14734,nominal,272.8,1
14735,thin,229.9,1
14736,nominal,400.8,1
14737,thin,220.3,1
14738,nominal,378.7,1
14739,nominal,309.8,1
14740,nominal,270.8,1
14741,nominal,316.7,1
14742,nominal,316.7,1
14743,nominal,316.7,1
14744,nominal,276.7,1
14745,nominal,272.8,1
14746,nominal,278.6,1
14747,thin,256.5,1
14748,nominal,304.5,1
14749,nominal,313.3,1
14750,nominal,295.5,1
14751,nominal,315.0,1
14752,nominal,274.7,0
14753,nominal,291.9,0
14754,nominal,313.3,0
14755,nominal,291.9,0
14756,nominal,396.8,1
14757,nominal,336.5,1
14758,nominal,352.1,1
14759,nominal,394.1,1
14760,nominal,392.7,1
14761,nominal,346.0,1
14762,nominal,278.6,1
14763,thin,247.9,1
14764,nominal,373.0,1
14765,nominal,272.8,1
14766,nominal,352.1,1
14767,nominal,309.8,1
14768,nominal,301.0,1
14769,nominal,323.4,1
14770,nominal,316.7,1
14771,nominal,308.0,1
14772,nominal,290.0,1
14773,nominal,272.8,1
14774,nominal,272.8,1
14775,nominal,280.6,1
14776,nominal,302.8,1
14777,nominal,290.0,1
14778,nominal,282.5,1
14779,nominal,280.6,1
14780,nominal,375.8,1
14781,nominal,371.5,1
14782,nominal,381.5,1
14783,nominal,416.7,1
14784,nominal,367.1,1
14785,nominal,355.2,1
14786,nominal,290.0,1
14787,nominal,276.7,1
14788,nominal,411.5,1
14789,nominal,268.8,1
14790,nominal,353.7,1
14791,nominal,302.8,1
14792,nominal,272.8,1
14793,nominal,308.0,1
14794,nominal,311.5,1
14795,nominal,316.7,1
14796,nominal,268.8,1
14797,thin,245.7,1
14798,thin,254.4,1
14799,thin,258.6,1
14800,nominal,309.8,1
14801,nominal,316.7,1
14802,nominal,311.5,1
14803,nominal,297.4,1
14804,nominal,387.2,1
14805,nominal,347.5,1
14806,nominal,350.6,1
14807,nominal,367.1,1
14808,nominal,388.5,1
14809,nominal,352.1,1
14810,nominal,262.7,1
14811,thin,252.2,1
14812,nominal,377.3,1
14813,thin,252.2,1
14814,nominal,356.7,1
14815,nominal,308.0,1
14816,thin,256.5,1
14817,nominal,301.0,1
14818,nominal,316.7,1
14819,nominal,321.7,1
14820,thin,258.6,1
14821,thin,254.4,1
14822,nominal,264.7,1
14823,thin,232.2,1
14824,nominal,315.0,1
14825,nominal,315.0,1
14826,nominal,308.0,1
14827,nominal,311.5,1
14828,nominal,381.5,1
14829,nominal,304.5,1
14830,nominal,370.1,1
14831,nominal,364.2,1
14832,nominal,420.5,1
14833,nominal,368.6,1
14834,nominal,266.8,1
14835,thin,245.7,1
14836,nominal,377.3,1
14837,thin,215.3,1
14838,nominal,364.2,1
14839,nominal,299.2,1
14840,thin,256.5,1
14841,nominal,295.5,1
14842,nominal,293.7,1
14843,nominal,315.0,1
14844,thin,258.6,1
14845,thin,205.1,1
14846,nominal,276.7,1
14847,thin,229.9,1
14848,nominal,297.4,1
14849,nominal,302.8,1
14850,nominal,309.8,1
14851,nominal,304.5,1
14852,nominal,371.5,1
14853,nominal,347.5,1
14854,nominal,282.5,1
14855,nominal,404.9,1
14856,nominal,377.3,1
14857,nominal,365.7,1
14858,nominal,266.8,1
14859,thin,212.8,1
14860,nominal,377.3,1
14861,thin,210.3,1
14862,nominal,367.1,1
14863,nominal,286.3,1
14864,thin,258.6,1
14865,nominal,290.0,1
14866,nominal,291.9,1
14867,nominal,304.5,1
14868,nominal,272.8,1
14869,thin,207.7,1
14870,thin,239.1,1
14871,thin,185.8,1
14872,nominal,309.8,1
14873,nominal,308.0,1
14874,nominal,304.5,1
14875,nominal,291.9,1
14876,nominal,367.1,1
14877,nominal,352.1,1
14878,nominal,377.3,1
14879,nominal,391.3,1
14880,nominal,419.2,1
14881,nominal,350.6,1
14882,thin,258.6,1
14883,thin,210.3,1
14884,nominal,414.1,1
14885,thin,173.8,1
14886,nominal,358.2,1
14887,nominal,282.5,1
14888,nominal,274.7,1
14889,nominal,295.5,1
14890,nominal,290.0,1
14891,nominal,301.0,1
14892,nominal,274.7,1
14893,thin,205.1,1
14894,nominal,262.7,1
14895,thin,215.3,1
14896,nominal,309.8,1
14897,nominal,301.0,1
14898,nominal,295.5,1
14899,nominal,291.9,1
14900,nominal,396.8,1
14901,nominal,344.4,1
14902,nominal,326.7,1
14903,nominal,387.2,1
14904,nominal,371.5,1
14905,nominal,381.5,1
14906,nominal,272.8,1
14907,thin,197.0,1
14908,nominal,365.7,1
14909,thin,212.8,1
14910,nominal,414.1,1
14911,nominal,282.5,1
14912,nominal,276.7,1
14913,nominal,282.5,1
14914,nominal,316.7,1
14915,nominal,311.5,1
14916,thin,260.6,1
14917,thin,210.3,1
14918,nominal,272.8,1
14919,thin,212.8,1
14920,nominal,315.0,1
14921,nominal,306.3,1
14922,nominal,306.3,1
14923,nominal,315.0,1
14924,nominal,370.1,1
14925,nominal,407.5,1
14926,nominal,349.1,1
14927,broken,315.8,1
14928,nominal,383.0,1
14929,nominal,349.1,1
14930,nominal,272.8,1
14931,thin,197.0,1
14932,nominal,367.1,1
14933,thin,212.8,1
14934,nominal,388.5,1
14935,nominal,306.3,1
14936,nominal,270.8,1
14937,nominal,302.8,1
14938,nominal,293.7,1
14939,nominal,311.5,1
14940,nominal,276.7,1
14941,nominal,264.7,1
14942,nominal,276.7,1
14943,thin,241.3,1
14944,nominal,306.3,1
14945,nominal,308.0,1
14946,nominal,309.8,1
14947,nominal,302.8,1
14948,nominal,350.6,1
14949,nominal,353.7,1
14950,nominal,387.2,1
14951,nominal,403.5,1
14952,nominal,364.2,1
14953,nominal,358.2,1
14954,nominal,268.8,1
14955,thin,225.1,1
14956,nominal,380.1,1
14957,thin,247.9,1
14958,nominal,353.7,1
14959,nominal,308.0,1
14960,nominal,276.7,1
14961,nominal,321.7,1
14962,nominal,309.8,1
14963,nominal,318.4,1
14964,nominal,274.7,1
14965,nominal,270.8,1
14966,nominal,280.6,1
14967,nominal,272.8,1
14968,nominal,306.3,1
14969,nominal,308.0,1
14970,nominal,309.8,1
14971,nominal,304.5,1
14972,nominal,297.4,0
14973,nominal,272.8,0
14974,nominal,302.8,0
14975,nominal,308.0,0
14976,nominal,346.0,1
14977,nominal,355.2,1
14978,nominal,364.2,1
14979,nominal,418.0,1
14980,nominal,368.6,1
14981,nominal,339.7,1
14982,nominal,266.8,1
14983,thin,247.9,1
14984,nominal,356.7,1
14985,nominal,291.9,1
14986,nominal,355.2,1
14987,nominal,308.0,1
14988,nominal,301.0,1
14989,nominal,320.1,1
14990,nominal,320.1,1
14991,nominal,320.1,1
14992,nominal,297.4,1
14993,thin,258.6,1
14994,nominal,291.9,1
14995,nominal,276.7,1
14996,nominal,276.7,1
14997,nominal,280.6,1
14998,nominal,270.8,1
14999,nominal,272.8,1
15000,nominal,365.7,1
15001,nominal,311.5,1
15002,nominal,346.0,1
15003,nominal,375.8,1
15004,nominal,325.1,1
15005,nominal,344.4,1
15006,nominal,295.5,1
15007,thin,252.2,1
15008,nominal,373.0,1
15009,thin,260.6,1
15010,nominal,330.0,1
15011,nominal,316.7,1
15012,nominal,274.7,1
15013,nominal,301.0,1
15014,nominal,313.3,1
15015,nominal,321.7,1
15016,nominal,280.6,1
15017,thin,241.3,1
15018,nominal,268.8,1
15019,thin,245.7,1
15020,nominal,302.8,1
15021,nominal,304.5,1
15022,nominal,306.3,1
15023,nominal,306.3,1
15024,nominal,404.9,1
15025,nominal,339.7,1
15026,nominal,414.1,1
15027,nominal,378.7,1
15028,nominal,373.0,1
15029,nominal,355.2,1
15030,nominal,274.7,1
15031,thin,258.6,1
15032,nominal,370.1,1
15033,thin,234.5,1
15034,nominal,325.1,1
15035,nominal,318.4,1
15036,nominal,268.8,1
15037,nominal,315.0,1
15038,nominal,323.4,1
15039,nominal,325.1,1
15040,thin,245.7,1
15041,thin,207.7,1
15042,nominal,280.6,1
15043,thin,217.8,1
15044,nominal,321.7,1
15045,nominal,311.5,1
15046,nominal,309.8,1
15047,nominal,315.0,1
15048,nominal,362.7,1
15049,nominal,356.7,1
15050,nominal,338.1,1
15051,nominal,361.2,1
15052,nominal,371.5,1
15053,nominal,334.9,1
15054,nominal,270.8,1
15055,thin,232.2,1
15056,nominal,408.8,1
15057,thin,194.3,1
15058,nominal,339.7,1
15059,nominal,316.7,1
15060,nominal,270.8,1
15061,nominal,295.5,1
15062,nominal,309.8,1
15063,nominal,316.7,1
15064,thin,258.6,1
15065,thin,207.7,1
15066,nominal,266.8,1
15067,thin,207.7,1
15068,nominal,313.3,1
15069,nominal,308.0,1
15070,nominal,309.8,1
15071,nominal,302.8,1
15072,nominal,385.8,1
15073,nominal,347.5,1
15074,nominal,304.5,1
15075,nominal,375.8,1
15076,nominal,377.3,1
15077,nominal,356.7,1
15078,nominal,268.8,1
15079,broken,172.2,1
15080,nominal,362.7,1
15081,thin,197.0,1
15082,nominal,388.5,1
15083,nominal,320.1,1
15084,nominal,268.8,1
15085,nominal,299.2,1
15086,nominal,304.5,1
15087,nominal,315.0,1
15088,thin,256.5,1
15089,thin,194.3,1
15090,thin,254.4,1
15091,thin,188.6,1
15092,nominal,295.5,1
15093,nominal,308.0,1
15094,nominal,309.8,1
15095,nominal,293.7,1
15096,nominal,396.8,1
15097,nominal,384.4,1
15098,nominal,380.1,1
15099,nominal,378.7,1
15100,nominal,373.0,1
15101,nominal,371.5,1
15102,nominal,268.8,1
15103,thin,194.3,1
15104,nominal,406.2,1
15105,thin,194.3,1
15106,nominal,394.1,1
15107,nominal,284.4,1
15108,nominal,270.8,1
15109,nominal,291.9,1
15110,nominal,297.4,1
15111,nominal,286.3,1
15112,thin,256.5,1
15113,thin,210.3,1
15114,nominal,262.7,1
15115,thin,225.1,1
15116,nominal,295.5,1
15117,nominal,297.4,1
15118,nominal,297.4,1
15119,nominal,304.5,1
15120,nominal,378.7,1
15121,nominal,370.1,1
15122,broken,309.8,1
15123,nominal,375.8,1
15124,nominal,371.5,1
15125,nominal,347.5,1
15126,thin,250.1,1
15127,thin,167.4,1
15128,nominal,411.5,1
15129,thin,227.5,1
15130,nominal,361.2,1
15131,nominal,325.1,1
15132,nominal,264.7,1
15133,nominal,297.4,1
15134,nominal,278.6,1
15135,nominal,313.3,1
15136,nominal,270.8,1
15137,thin,236.8,1
15138,nominal,264.7,1
15139,thin,239.1,1
15140,nominal,304.5,1
15141,nominal,311.5,1
15142,nominal,320.1,1
15143,nominal,306.3,1
15144,nominal,350.6,1
15145,nominal,377.3,1
15146,nominal,364.2,1
15147,nominal,399.5,1
15148,nominal,392.7,1
15149,nominal,309.8,1
15150,nominal,268.8,1
15151,thin,217.8,1
15152,nominal,383.0,1
15153,thin,227.5,1
15154,nominal,391.3,1
15155,nominal,306.3,1
15156,nominal,262.7,1
15157,nominal,311.5,1
15158,nominal,301.0,1
15159,nominal,313.3,1
15160,nominal,268.8,1
15161,nominal,266.8,1
15162,nominal,264.7,1
15163,thin,254.4,1
15164,nominal,304.5,1
15165,nominal,311.5,1
15166,nominal,318.4,1
15167,nominal,315.0,1
15168,nominal,352.1,1
15169,nominal,374.4,1
15170,nominal,344.4,1
15171,nominal,391.3,1
15172,nominal,365.7,1
15173,nominal,380.1,1
15174,nominal,278.6,1
15175,thin,229.9,1
15176,nominal,344.4,1
15177,thin,245.7,1
15178,nominal,358.2,1
15179,nominal,315.0,1
15180,nominal,274.7,1
15181,nominal,311.5,1
15182,nominal,313.3,1
15183,nominal,320.1,1
15184,nominal,268.8,1
15185,nominal,276.7,1
15186,nominal,295.5,1
15187,nominal,270.8,1
15188,nominal,301.0,1
15189,nominal,297.4,1
15190,nominal,313.3,1
15191,nominal,316.7,1
15192,nominal,280.6,0
15193,nominal,284.4,0
15194,nominal,290.0,0
15195,nominal,290.0,0
15196,nominal,364.2,1
15197,nominal,349.1,1
15198,nominal,374.4,1
15199,nominal,403.5,1
15200,nominal,333.3,1
15201,nominal,342.8,1
15202,nominal,268.8,1
15203,nominal,264.7,1
15204,nominal,347.5,1
15205,nominal,268.8,1
15206,nominal,353.7,1
15207,nominal,311.5,1
15208,nominal,288.2,1
15209,nominal,321.7,1
15210,nominal,313.3,1
15211,nominal,304.5,1
15212,nominal,288.2,1
15213,thin,258.6,1
15214,nominal,286.3,1
15215,nominal,270.8,1
15216,nominal,302.8,1
15217,nominal,297.4,1
15218,nominal,297.4,1
15219,nominal,291.9,1
15220,nominal,384.4,1
15221,nominal,341.3,1
15222,nominal,370.1,1
15223,nominal,389.9,1
15224,nominal,374.4,1
15225,nominal,353.7,1
15226,nominal,302.8,1
15227,nominal,280.6,1
15228,nominal,406.2,1
15229,thin,258.6,1
15230,nominal,356.7,1
15231,nominal,316.7,1
15232,nominal,286.3,1
15233,nominal,311.5,1
15234,nominal,311.5,1
15235,nominal,316.7,1
15236,nominal,270.8,1
15237,thin,239.1,1
15238,nominal,272.8,1
15239,thin,245.7,1
15240,nominal,302.8,1
15241,nominal,311.5,1
15242,nominal,309.8,1
15243,nominal,306.3,1
15244,nominal,352.1,1
15245,nominal,370.1,1
15246,nominal,395.4,1
15247,nominal,387.2,1
15248,nominal,365.7,1
15249,nominal,339.7,1
15250,nominal,270.8,1
15251,thin,258.6,1
15252,nominal,385.8,1
15253,thin,227.5,1
15254,nominal,350.6,1
15255,nominal,313.3,1
15256,nominal,276.7,1
15257,nominal,306.3,1
15258,nominal,313.3,1
15259,nominal,325.1,1
15260,nominal,262.7,1
15261,thin,229.9,1
15262,nominal,270.8,1
15263,thin,220.3,1
15264,nominal,315.0,1
15265,nominal,321.7,1
15266,nominal,318.4,1
15267,nominal,309.8,1
15268,nominal,367.1,1
15269,nominal,367.1,1
15270,nominal,367.1,1
15271,nominal,383.0,1
15272,nominal,385.8,1
15273,nominal,365.7,1
15274,nominal,282.5,1
15275,thin,225.1,1
15276,nominal,359.7,1
15277,thin,217.8,1
15278,nominal,358.2,1
15279,nominal,315.0,1
15280,nominal,268.8,1
15281,nominal,297.4,1
15282,nominal,306.3,1
15283,nominal,325.1,1
15284,nominal,262.7,1
15285,thin,179.9,1
15286,nominal,264.7,1
15287,thin,217.8,1
15288,nominal,326.7,1
15289,nominal,309.8,1
15290,nominal,313.3,1
15291,nominal,318.4,1
15292,nominal,396.8,1
15293,nominal,350.6,1
15294,necked,318.4,1
15295,nominal,375.8,1
15296,nominal,408.8,1
15297,nominal,375.8,1
15298,nominal,262.7,1
15299,thin,199.7,1
15300,nominal,412.8,1
15301,thin,202.4,1
15302,nominal,371.5,1
15303,nominal,308.0,1
15304,nominal,272.8,1
15305,nominal,302.8,1
15306,nominal,302.8,1
15307,nominal,306.3,1
15308,nominal,272.8,1
15309,thin,207.7,1
15310,nominal,268.8,1
15311,thin,217.8,1
15312,nominal,302.8,1
15313,nominal,299.2,1
15314,nominal,304.5,1
15315,nominal,301.0,1
15316,nominal,352.1,1
15317,nominal,349.1,1
15318,nominal,394.1,1
15319,nominal,396.8,1
15320,nominal,406.2,1
15321,nominal,389.9,1
15322,thin,258.6,1
15323,thin,215.3,1
15324,nominal,370.1,1
15325,thin,227.5,1
15326,nominal,394.1,1
15327,nominal,293.7,1
15328,nominal,264.7,1
15329,nominal,286.3,1
15330,nominal,295.5,1
15331,nominal,291.9,1
15332,thin,258.6,1
15333,thin,220.3,1
15334,thin,250.1,1
15335,thin,227.5,1
15336,nominal,309.8,1
15337,nominal,304.5,1
15338,nominal,297.4,1
15339,nominal,286.3,1
15340,nominal,364.2,1
15341,nominal,361.2,1
15342,nominal,373.0,1
15343,nominal,381.5,1
15344,nominal,367.1,1
15345,nominal,389.9,1
15346,thin,258.6,1
15347,thin,217.8,1
15348,nominal,349.1,1
15349,thin,245.7,1
15350,nominal,358.2,1
15351,nominal,280.6,1
15352,thin,252.2,1
15353,nominal,304.5,1
15354,nominal,308.0,1
15355,nominal,308.0,1
15356,nominal,266.8,1
15357,thin,241.3,1
15358,nominal,262.7,1
15359,nominal,264.7,1
15360,nominal,311.5,1
15361,nominal,302.8,1
15362,nominal,309.8,1
15363,nominal,304.5,1
15364,nominal,373.0,1
15365,nominal,407.5,1
15366,nominal,364.2,1
15367,nominal,425.6,1
15368,nominal,328.4,1
15369,nominal,383.0,1
15370,thin,254.4,1
15371,thin,245.7,1
15372,nominal,383.0,1
15373,thin,243.5,1
15374,nominal,378.7,1
15375,nominal,302.8,1
15376,thin,258.6,1
15377,nominal,320.1,1
15378,nominal,306.3,1
15379,nominal,316.7,1
15380,thin,260.6,1
15381,nominal,266.8,1
15382,thin,243.5,1
15383,thin,258.6,1
15384,nominal,304.5,1
15385,nominal,313.3,1
15386,missing,0.0,1
15387,nominal,326.7,1
15388,nominal,358.2,1
15389,nominal,367.1,1
15390,nominal,378.7,1
15391,nominal,380.1,1
15392,nominal,349.1,1
15393,nominal,352.1,1
15394,thin,254.4,1
15395,thin,252.2,1
15396,nominal,359.7,1
15397,nominal,266.8,1
15398,nominal,352.1,1
15399,nominal,313.3,1
15400,nominal,264.7,1
15401,nominal,318.4,1
15402,nominal,315.0,1
15403,nominal,316.7,1
15404,nominal,268.8,1
15405,nominal,284.4,1
15406,nominal,274.7,1
15407,nominal,272.8,1
15408,nominal,311.5,1
15409,nominal,301.0,1
15410,nominal,309.8,1
15411,nominal,311.5,1
15412,nominal,290.0,0
15413,nominal,272.8,0
15414,nominal,278.6,0
15415,nominal,290.0,0
15416,nominal,374.4,1
15417,nominal,325.1,1
15418,nominal,381.5,1
15419,nominal,415.4,1
15420,nominal,394.1,1
15421,nominal,334.9,1
15422,thin,260.6,1
15423,nominal,274.7,1
15424,nominal,365.7,1
15425,nominal,286.3,1
15426,nominal,358.2,1
15427,nominal,293.7,1
15428,nominal,274.7,1
15429,nominal,316.7,1
15430,nominal,320.1,1
15431,nominal,311.5,1
15432,nominal,311.5,1
15433,thin,258.6,1
15434,nominal,302.8,1
15435,nominal,276.7,1
15436,nominal,304.5,1
15437,nominal,286.3,1
15438,nominal,299.2,1
15439,nominal,274.7,1
15440,nominal,375.8,1
15441,nominal,330.0,1
15442,nominal,378.7,1
15443,nominal,402.2,1
15444,nominal,356.7,1
15445,nominal,350.6,1
15446,nominal,301.0,1
15447,nominal,274.7,1
15448,nominal,384.4,1
15449,thin,254.4,1
15450,nominal,350.6,1
15451,nominal,308.0,1
15452,nominal,284.4,1
15453,nominal,304.5,1
15454,nominal,315.0,1
15455,nominal,306.3,1
15456,nominal,272.8,1
15457,thin,236.8,1
15458,nominal,276.7,1
15459,thin,239.1,1
15460,nominal,306.3,1
15461,nominal,308.0,1
15462,nominal,316.7,1
15463,nominal,302.8,1
15464,nominal,404.9,1
15465,nominal,350.6,1
15466,nominal,385.8,1
15467,nominal,402.2,1
15468,nominal,406.2,1
15469,nominal,344.4,1
15470,nominal,282.5,1
15471,thin,260.6,1
15472,nominal,404.9,1
15473,thin,215.3,1
15474,nominal,352.1,1
15475,nominal,308.0,1
15476,nominal,278.6,1
15477,nominal,301.0,1
15478,nominal,320.1,1
15479,nominal,309.8,1
15480,nominal,278.6,1
15481,thin,212.8,1
15482,nominal,276.7,1
15483,thin,229.9,1
15484,nominal,323.4,1
15485,nominal,323.4,1
15486,nominal,318.4,1
15487,nominal,306.3,1
15488,nominal,391.3,1
15489,nominal,356.7,1
15490,nominal,374.4,1
15491,nominal,395.4,1
15492,nominal,394.1,1
15493,nominal,402.2,1
15494,nominal,282.5,1
15495,thin,194.3,1
15496,nominal,358.2,1
15497,thin,212.8,1
15498,nominal,378.7,1
15499,nominal,313.3,1
15500,nominal,270.8,1
15501,nominal,318.4,1
15502,nominal,304.5,1
15503,nominal,315.0,1
15504,nominal,266.8,1
15505,thin,215.3,1
15506,nominal,278.6,1
15507,thin,217.8,1
15508,nominal,320.1,1
15509,nominal,316.7,1
15510,nominal,323.4,1
15511,nominal,309.8,1
15512,nominal,389.9,1
15513,nominal,339.7,1
15514,nominal,384.4,1
15515,nominal,384.4,1
15516,nominal,395.4,1
15517,nominal,419.2,1
15518,nominal,278.6,1
15519,thin,202.4,1
15520,nominal,421.8,1
15521,thin,212.8,1
15522,nominal,344.4,1
15523,nominal,316.7,1
15524,nominal,280.6,1
15525,nominal,308.0,1
15526,nominal,306.3,1
15527,nominal,308.0,1
15528,nominal,270.8,1
15529,thin,241.3,1
15530,nominal,264.7,1
15531,thin,227.5,1
15532,nominal,325.1,1
15533,nominal,325.1,1
15534,nominal,311.5,1
15535,nominal,299.2,1
15536,nominal,378.7,1
15537,nominal,355.2,1
15538,nominal,384.4,1
15539,nominal,388.5,1
15540,nominal,408.8,1
15541,nominal,364.2,1
15542,nominal,278.6,1
15543,thin,220.3,1
15544,nominal,400.8,1
15545,thin,229.9,1
15546,nominal,385.8,1
15547,nominal,302.8,1
15548,nominal,274.7,1
15549,nominal,286.3,1
15550,nominal,320.1,1
15551,nominal,288.2,1
15552,nominal,264.7,1
15553,thin,250.1,1
15554,thin,250.1,1
15555,thin,245.7,1
15556,nominal,308.0,1
15557,nominal,313.3,1
15558,nominal,316.7,1
15559,nominal,299.2,1
15560,nominal,378.7,1
15561,nominal,350.6,1
15562,nominal,333.3,1
15563,nominal,383.0,1
15564,nominal,400.8,1
15565,nominal,353.7,1
15566,thin,258.6,1
15567,thin,236.8,1
15568,thick,460.9,1
15569,thin,250.1,1
15570,nominal,334.9,1
15571,nominal,308.0,1
15572,thin,245.7,1
15573,nominal,308.0,1
15574,nominal,309.8,1
15575,nominal,311.5,1
15576,nominal,262.7,1
15577,nominal,262.7,1
15578,nominal,264.7,1
15579,nominal,262.7,1
15580,nominal,321.7,1
15581,nominal,320.1,1
15582,nominal,313.3,1
15583,nominal,309.8,1
15584,nominal,378.7,1
15585,nominal,380.1,1
15586,nominal,378.7,1
15587,nominal,375.8,1
15588,nominal,388.5,1
15589,nominal,383.0,1
15590,thin,250.1,1
15591,thin,256.5,1
15592,nominal,419.2,1
15593,thin,254.4,1
15594,nominal,367.1,1
15595,nominal,311.5,1
15596,thin,243.5,1
15597,nominal,318.4,1
15598,nominal,315.0,1
15599,nominal,325.1,1
15600,thin,254.4,1
15601,nominal,266.8,1
15602,nominal,264.7,1
15603,nominal,266.8,1
15604,nominal,306.3,1
15605,nominal,311.5,1
15606,nominal,313.3,1
15607,nominal,316.7,1
15608,nominal,388.5,1
15609,nominal,339.7,1
15610,nominal,377.3,1
15611,nominal,398.1,1
15612,nominal,394.1,1
15613,nominal,384.4,1
15614,thin,256.5,1
15615,nominal,268.8,1
15616,nominal,394.1,1
15617,nominal,278.6,1
15618,nominal,400.8,1
15619,nominal,308.0,1
15620,nominal,262.7,1
15621,nominal,302.8,1
15622,nominal,328.4,1
15623,nominal,309.8,1
15624,thin,260.6,1
15625,nominal,291.9,1
15626,nominal,270.8,1
15627,nominal,272.8,1
15628,nominal,308.0,1
15629,missing,0.0,1
15630,nominal,308.0,1
15631,nominal,311.5,1
15632,nominal,293.7,0
15633,nominal,295.5,0
15634,nominal,278.6,0
15635,nominal,299.2,0
15636,nominal,380.1,1
15637,nominal,338.1,1
15638,nominal,367.1,1
15639,nominal,406.2,1
15640,nominal,398.1,1
15641,nominal,349.1,1
15642,thin,247.9,1
15643,nominal,282.5,1
15644,nominal,371.5,1
15645,nominal,302.8,1
15646,nominal,316.7,1
15647,nominal,316.7,1
15648,nominal,280.6,1
15649,nominal,316.7,1
15650,nominal,325.1,1
15651,nominal,309.8,1
15652,nominal,311.5,1
15653,thin,243.5,1
15654,nominal,299.2,1
15655,nominal,264.7,1
15656,nominal,315.0,1
15657,nominal,280.6,1
15658,nominal,297.4,1
15659,nominal,282.5,1
15660,broken,291.9,1
15661,nominal,389.9,1
15662,nominal,346.0,1
15663,nominal,423.1,1
15664,nominal,392.7,1
15665,nominal,361.2,1
15666,nominal,313.3,1
15667,thin,252.2,1
15668,nominal,364.2,1
15669,thin,236.8,1
15670,nominal,356.7,1
15671,nominal,313.3,1
15672,nominal,290.0,1
15673,nominal,311.5,1
15674,nominal,301.0,1
15675,nominal,315.0,1
15676,nominal,276.7,1
15677,thin,229.9,1
15678,nominal,276.7,1
15679,thin,239.1,1
15680,nominal,316.7,1
15681,nominal,304.5,1
15682,nominal,299.2,1
15683,nominal,297.4,1
15684,nominal,377.3,1
15685,nominal,352.1,1
15686,nominal,350.6,1
15687,nominal,412.8,1
15688,nominal,391.3,1
15689,nominal,308.0,1
15690,nominal,288.2,1
15691,thin,239.1,1
15692,nominal,371.5,1
15693,thin,245.7,1
15694,nominal,384.4,1
15695,nominal,323.4,1
15696,nominal,286.3,1
15697,nominal,311.5,1
15698,nominal,304.5,1
15699,nominal,321.7,1
15700,nominal,280.6,1
15701,thin,212.8,1
15702,nominal,272.8,1
15703,thin,229.9,1
15704,nominal,315.0,1
15705,nominal,321.7,1
15706,nominal,304.5,1
15707,nominal,311.5,1
15708,nominal,358.2,1
15709,nominal,365.7,1
15710,nominal,375.8,1
15711,nominal,383.0,1
15712,missing,0.0,1
15713,nominal,411.5,1
15714,nominal,291.9,1
15715,thin,222.7,1
15716,nominal,378.7,1
15717,thin,236.8,1
15718,nominal,383.0,1
15719,nominal,299.2,1
15720,nominal,276.7,1
15721,nominal,311.5,1
15722,nominal,318.4,1
15723,nominal,313.3,1
15724,nominal,274.7,1
15725,thin,258.6,1
15726,nominal,280.6,1
15727,thin,245.7,1
15728,nominal,320.1,1
15729,nominal,315.0,1
15730,nominal,308.0,1
15731,nominal,326.7,1
15732,nominal,398.1,1
15733,nominal,374.4,1
15734,nominal,370.1,1
15735,nominal,403.5,1
15736,nominal,398.1,1
15737,nominal,362.7,1
15738,nominal,278.6,1
15739,thin,227.5,1
15740,nominal,383.0,1
15741,thin,236.8,1
15742,nominal,402.2,1
15743,nominal,313.3,1
15744,nominal,270.8,1
15745,nominal,308.0,1
15746,nominal,306.3,1
15747,nominal,306.3,1
15748,nominal,268.8,1
15749,nominal,264.7,1
15750,nominal,268.8,1
15751,thin,260.6,1
15752,nominal,309.8,1
15753,nominal,321.7,1
15754,nominal,316.7,1
15755,nominal,321.7,1
15756,nominal,395.4,1
15757,nominal,377.3,1
15758,nominal,378.7,1
15759,broken,339.7,1
15760,nominal,423.1,1
15761,nominal,373.0,1
15762,nominal,274.7,1
15763,thin,232.2,1
15764,nominal,375.8,1
15765,nominal,266.8,1
15766,nominal,380.1,1
15767,nominal,306.3,1
15768,nominal,274.7,1
15769,nominal,274.7,1
15770,nominal,293.7,1
15771,nominal,284.4,1
15772,nominal,274.7,1
15773,nominal,264.7,1
15774,nominal,272.8,1
15775,thin,258.6,1
15776,nominal,320.1,1
15777,nominal,313.3,1
15778,nominal,321.7,1
15779,nominal,306.3,1
15780,nominal,399.5,1
15781,nominal,396.8,1
15782,nominal,361.2,1
15783,nominal,398.1,1
15784,nominal,402.2,1
15785,nominal,358.2,1
15786,nominal,270.8,1
15787,thin,254.4,1
15788,nominal,414.1,1
15789,nominal,264.7,1
15790,nominal,408.8,1
15791,nominal,316.7,1
15792,nominal,268.8,1
15793,nominal,302.8,1
15794,nominal,297.4,1
15795,nominal,311.5,1
15796,thin,256.5,1
15797,nominal,266.8,1
15798,thin,258.6,1
15799,nominal,274.7,1
15800,nominal,315.0,1
15801,nominal,316.7,1
15802,nominal,306.3,1
15803,nominal,309.8,1
15804,nominal,387.2,1
15805,nominal,355.2,1
15806,nominal,352.1,1
15807,nominal,411.5,1
15808,nominal,388.5,1
15809,nominal,370.1,1
15810,nominal,264.7,1
15811,nominal,266.8,1
15812,nominal,416.7,1
15813,nominal,290.0,1
15814,nominal,398.1,1
15815,nominal,309.8,1
15816,nominal,264.7,1
15817,nominal,311.5,1
15818,nominal,313.3,1
15819,nominal,315.0,1
15820,thin,258.6,1
15821,nominal,284.4,1
15822,thin,243.5,1
15823,nominal,282.5,1
15824,nominal,313.3,1
15825,nominal,315.0,1
15826,nominal,318.4,1
15827,nominal,315.0,1
15828,nominal,368.6,1
15829,nominal,375.8,1
15830,nominal,349.1,1
15831,nominal,375.8,1
15832,nominal,375.8,1
15833,nominal,362.7,1
15834,thin,256.5,1
15835,nominal,286.3,1
15836,nominal,383.0,1
15837,nominal,299.2,1
15838,nominal,361.2,1
15839,nominal,326.7,1
15840,thin,241.3,1
15841,nominal,309.8,1
15842,nominal,316.7,1
15843,nominal,297.4,1
15844,thin,245.7,1
15845,nominal,293.7,1
15846,nominal,266.8,1
15847,nominal,288.2,1
15848,nominal,302.8,1
15849,nominal,313.3,1
15850,nominal,308.0,1
15851,nominal,309.8,1
15852,nominal,302.8,0
15853,nominal,284.4,0
15854,nominal,278.6,0
15855,nominal,304.5,0
15856,nominal,359.7,1
15857,nominal,341.3,1
15858,nominal,400.8,1
15859,nominal,358.2,1
15860,nominal,433.2,1
15861,nominal,370.1,1
15862,thin,256.5,1
15863,nominal,290.0,1
15864,nominal,349.1,1
15865,nominal,313.3,1
15866,nominal,374.4,1
15867,nominal,318.4,1
15868,thin,258.6,1
15869,nominal,316.7,1
15870,nominal,315.0,1
15871,nominal,311.5,1
15872,nominal,318.4,1
15873,thin,252.2,1
15874,nominal,315.0,1
15875,nominal,274.7,1
15876,nominal,299.2,1
15877,nominal,293.7,1
15878,nominal,297.4,1
15879,nominal,291.9,1
15880,nominal,364.2,1
15881,nominal,365.7,1
15882,nominal,364.2,1
15883,nominal,385.8,1
15884,missing,0.0,0
15885,missing,0.0,0
15886,missing,0.0,0
15887,missing,0.0,0
15888,nominal,394.1,1
15889,nominal,364.2,1
15890,nominal,316.7,1
15891,thin,243.5,1
15892,nominal,365.7,1
15893,thin,252.2,1
15894,nominal,338.1,1
15895,nominal,311.5,1
15896,nominal,302.8,1
15897,nominal,302.8,1
15898,nominal,297.4,1
15899,nominal,311.5,1
15900,nominal,286.3,1
15901,nominal,264.7,1
15902,nominal,295.5,1
15903,thin,260.6,1
15904,nominal,297.4,1
15905,nominal,295.5,1
15906,nominal,309.8,1
15907,nominal,284.4,1
15908,nominal,384.4,1
15909,nominal,361.2,1
15910,nominal,353.7,1
15911,nominal,374.4,1
15912,missing,0.0,0
15913,missing,0.0,0
15914,missing,0.0,0
15915,missing,0.0,0
15916,nominal,396.8,1
15917,nominal,387.2,1
15918,nominal,309.8,1
15919,thin,245.7,1
15920,nominal,358.2,1
15921,nominal,262.7,1
15922,nominal,368.6,1
15923,nominal,316.7,1
15924,nominal,286.3,1
15925,nominal,304.5,1
15926,nominal,282.5,1
15927,nominal,315.0,1
15928,nominal,286.3,1
15929,nominal,266.8,1
15930,nominal,290.0,1
15931,nominal,264.7,1
15932,nominal,313.3,1
15933,nominal,311.5,1
15934,nominal,297.4,1
15935,nominal,311.5,1
15936,nominal,344.4,1
15937,nominal,380.1,1
15938,nominal,373.0,1
15939,missing,0.0,1
15940,missing,0.0,0
15941,missing,0.0,0
15942,missing,0.0,0
15943,missing,0.0,0
15944,nominal,389.9,1
15945,nominal,302.8,1
15946,nominal,301.0,1
15947,thin,258.6,1
15948,nominal,364.2,1
15949,nominal,262.7,1
15950,nominal,358.2,1
15951,nominal,311.5,1
15952,nominal,286.3,1
15953,nominal,309.8,1
15954,nominal,291.9,1
15955,nominal,286.3,1
15956,nominal,282.5,1
15957,nominal,262.7,1
15958,nominal,295.5,1
15959,nominal,274.7,1
15960,nominal,313.3,1
15961,nominal,304.5,1
15962,nominal,311.5,1
15963,nominal,309.8,1
15964,nominal,375.8,1
15965,nominal,377.3,1
15966,nominal,389.9,1
15967,nominal,364.2,1
15968,missing,0.0,0
15969,missing,0.0,0
15970,missing,0.0,0
15971,missing,0.0,0
15972,nominal,378.7,1
15973,nominal,384.4,1
15974,nominal,302.8,1
15975,thin,260.6,1
15976,nominal,359.7,1
15977,thin,254.4,1
15978,nominal,330.0,1
15979,nominal,290.0,1
15980,nominal,282.5,1
15981,nominal,302.8,1
15982,nominal,295.5,1
15983,nominal,306.3,1
15984,nominal,278.6,1
15985,nominal,276.7,1
15986,nominal,272.8,1
15987,nominal,278.6,1
15988,nominal,309.8,1
15989,nominal,309.8,1
15990,nominal,304.5,1
15991,nominal,308.0,1
15992,broken,310.7,1
15993,nominal,362.7,1
15994,nominal,356.7,1
15995,nominal,375.8,1
15996,missing,0.0,0
15997,missing,0.0,0
15998,missing,0.0,0
15999,missing,0.0,0
16000,nominal,383.0,1
16001,nominal,326.7,1
16002,nominal,286.3,1
16003,nominal,270.8,1
16004,nominal,353.7,1
16005,nominal,272.8,1
16006,nominal,350.6,1
16007,nominal,295.5,1
16008,nominal,284.4,1
16009,nominal,280.6,1
16010,nominal,278.6,1
16011,nominal,295.5,1
16012,nominal,270.8,1
16013,nominal,266.8,1
16014,nominal,276.7,1
16015,nominal,276.7,1
16016,nominal,306.3,1
16017,nominal,306.3,1
16018,nominal,299.2,1
16019,nominal,313.3,1
16020,nominal,398.1,1
16021,nominal,358.2,1
16022,nominal,377.3,1
16023,nominal,373.0,1
16024,missing,0.0,0
16025,missing,0.0,0
16026,missing,0.0,0
16027,missing,0.0,0
16028,nominal,380.1,1
16029,nominal,326.7,1
16030,nominal,280.6,1
16031,nominal,262.7,1
16032,nominal,389.9,1
16033,nominal,278.6,1
16034,nominal,347.5,1
16035,nominal,295.5,1
16036,nominal,264.7,1
16037,nominal,304.5,1
16038,nominal,302.8,1
16039,nominal,297.4,1
16040,thin,260.6,1
16041,nominal,272.8,1
16042,nominal,268.8,1
16043,nominal,272.8,1
16044,nominal,308.0,1
16045,nominal,302.8,1
16046,nominal,318.4,1
16047,nominal,309.8,1
16048,nominal,391.3,1
16049,nominal,353.7,1
16050,nominal,353.7,1
16051,nominal,355.2,1
16052,missing,0.0,0
16053,missing,0.0,0
16054,missing,0.0,0
16055,missing,0.0,0
16056,nominal,395.4,1
16057,nominal,328.4,1
16058,nominal,293.7,1
16059,nominal,284.4,1
16060,nominal,384.4,1
16061,nominal,299.2,1
16062,nominal,349.1,1
16063,nominal,316.7,1
16064,thin,254.4,1
16065,nominal,301.0,1
16066,nominal,306.3,1
16067,nominal,316.7,1
16068,nominal,262.7,1
16069,nominal,291.9,1
16070,thin,254.4,1
16071,nominal,282.5,1
16072,nominal,325.1,1
16073,nominal,301.0,1
16074,nominal,311.5,1
16075,nominal,313.3,1
16076,nominal,373.0,1
16077,nominal,355.2,1
16078,nominal,361.2,1
16079,nominal,378.7,1
16080,missing,0.0,0
16081,missing,0.0,0
16082,missing,0.0,0
16083,missing,0.0,0
16084,nominal,394.1,1
16085,nominal,352.1,1
16086,nominal,278.6,1
16087,nominal,293.7,1
16088,nominal,358.2,1
16089,nominal,293.7,1
16090,nominal,374.4,1
16091,nominal,315.0,1
16092,nominal,262.7,1
16093,nominal,313.3,1
16094,nominal,293.7,1
16095,nominal,313.3,1
16096,thin,256.5,1
16097,nominal,308.0,1
16098,thin,254.4,1
16099,nominal,306.3,1
16100,nominal,313.3,1
16101,nominal,290.0,1
16102,nominal,301.0,1
16103,nominal,293.7,1
16104,nominal,302.8,0
16105,nominal,284.4,0
16106,nominal,290.0,0
16107,nominal,302.8,0
16108,nominal,370.1,1
16109,nominal,359.7,1
16110,nominal,367.1,1
16111,nominal,407.5,1
16112,missing,0.0,0
16113,missing,0.0,0
16114,missing,0.0,0
16115,missing,0.0,0
16116,nominal,368.6,1
16117,nominal,316.7,1
16118,nominal,266.8,1
16119,nominal,304.5,1
16120,nominal,381.5,1
16121,broken,311.5,1
16122,nominal,377.3,1
16123,nominal,309.8,1
16124,thin,254.4,1
16125,nominal,315.0,1
16126,nominal,299.2,1
16127,nominal,309.8,1
16128,thin,250.1,1
16129,nominal,286.3,1
16130,thin,243.5,1
16131,nominal,288.2,1
16132,thick,824.9,0
16133,thick,755.3,0
16134,thick,757.4,0
16135,thick,797.6,0
16136,nominal,276.7,1
16137,nominal,290.0,1
16138,nominal,304.5,1
16139,nominal,284.4,1
16140,nominal,381.5,1
16141,nominal,316.7,1
16142,nominal,342.8,1
16143,nominal,385.8,1
16144,nominal,389.9,1
16145,nominal,353.7,1
16146,thin,173.8,1
16147,nominal,341.3,1
16148,nominal,383.0,1
16149,nominal,339.7,1
16150,nominal,402.2,1
16151,nominal,297.4,1
16152,thin,176.8,1
16153,nominal,304.5,1
16154,nominal,334.9,1
16155,nominal,293.7,1
16156,thin,258.6,1
16157,nominal,286.3,1
16158,thin,250.1,1
16159,thin,260.6,1
16160,thick,823.6,0
16161,thick,732.8,0
16162,thick,763.1,0
16163,thick,783.3,0
16164,nominal,286.3,1
16165,nominal,293.7,1
16166,nominal,334.9,1
16167,nominal,321.7,1
16168,nominal,356.7,1
16169,nominal,364.2,1
16170,nominal,373.0,1
16171,nominal,383.0,1
16172,nominal,430.7,1
16173,nominal,344.4,1
16174,thin,176.8,1
16175,nominal,346.0,1
16176,nominal,342.8,1
16177,nominal,333.3,1
16178,nominal,399.5,1
16179,nominal,291.9,1
16180,thin,202.4,1
16181,nominal,336.5,1
16182,nominal,338.1,1
16183,nominal,302.8,1
16184,nominal,264.7,1
16185,nominal,291.9,1
16186,thin,250.1,1
16187,nominal,274.7,1
16188,thick,811.7,0
16189,thick,740.1,0
16190,thick,763.1,0
16191,thick,767.3,0
16192,nominal,295.5,1
16193,nominal,290.0,1
16194,nominal,353.7,1
16195,nominal,333.3,1
16196,nominal,365.7,1
16197,nominal,342.8,1
16198,nominal,380.1,1
16199,nominal,396.8,1
16200,thick,439.3,1
16201,nominal,362.7,1
16202,thin,205.1,1
16203,nominal,347.5,1
16204,nominal,365.7,1
16205,nominal,333.3,1
16206,nominal,412.8,1
16207,nominal,309.8,1
16208,thin,258.6,1
16209,nominal,346.0,1
16210,nominal,359.7,1
16211,nominal,297.4,1
16212,nominal,268.8,1
16213,nominal,282.5,1
16214,thin,250.1,1
16215,nominal,266.8,1
16216,thick,794.9,0
16217,thick,740.9,0
16218,thick,750.3,0
16219,thick,767.3,0
16220,nominal,309.8,1
16221,nominal,308.0,1
16222,nominal,344.4,1
16223,nominal,373.0,1
16224,nominal,353.7,1
16225,nominal,356.7,1
16226,nominal,403.5,1
16227,nominal,406.2,1
16228,thick,449.1,1
16229,nominal,398.1,1
16230,thin,245.7,1
16231,nominal,353.7,1
16232,nominal,383.0,1
16233,nominal,325.1,1
16234,nominal,414.1,1
16235,nominal,304.5,1
16236,nominal,270.8,1
16237,nominal,341.3,1
16238,nominal,362.7,1
16239,nominal,306.3,1
16240,thin,258.6,1
16241,nominal,286.3,1
16242,thin,243.5,1
16243,thin,254.4,1
16244,thick,772.9,0
16245,thick,735.0,0
16246,thick,757.4,0
16247,thick,765.9,0
16248,nominal,313.3,1
16249,nominal,320.1,1
16250,nominal,355.2,1
16251,nominal,364.2,1
16252,nominal,346.0,1
16253,nominal,278.6,1
16254,nominal,356.7,1
16255,nominal,384.4,1
16256,thick,441.8,1
16257,nominal,356.7,1
16258,nominal,282.5,1
16259,nominal,341.3,1
16260,nominal,392.7,1
16261,nominal,311.5,1
16262,nominal,404.9,1
16263,nominal,272.8,1
16264,nominal,284.4,1
16265,nominal,308.0,1
16266,nominal,342.8,1
16267,nominal,284.4,1
16268,nominal,286.3,1
16269,nominal,286.3,1
16270,nominal,268.8,1
16271,thin,232.2,1
16272,thick,753.8,0
16273,thick,732.8,0
16274,thick,726.9,0
16275,thick,746.7,0
16276,nominal,316.7,1
16277,nominal,318.4,1
16278,nominal,342.8,1
16279,nominal,364.2,1
16280,nominal,356.7,1
16281,nominal,347.5,1
16282,nominal,385.8,1
16283,nominal,364.2,1
16284,thick,446.6,1
16285,nominal,321.7,1
16286,nominal,280.6,1
16287,nominal,318.4,1
16288,nominal,415.4,1
16289,nominal,284.4,1
16290,nominal,403.5,1
16291,nominal,311.5,1
16292,nominal,286.3,1
16293,nominal,334.9,1
16294,nominal,338.1,1
16295,nominal,311.5,1
16296,nominal,274.7,1
16297,nominal,284.4,1
16298,thin,260.6,1
16299,nominal,266.8,1
16300,thick,743.0,0
16301,thick,726.2,0
16302,thick,714.2,0
16303,thick,729.1,0
16304,nominal,311.5,1
16305,nominal,341.3,1
16306,nominal,339.7,1
16307,nominal,352.1,1
16308,nominal,394.1,1
16309,nominal,365.7,1
16310,nominal,334.9,1
16311,nominal,362.7,1
16312,nominal,408.8,1
16313,nominal,355.2,1
16314,nominal,299.2,1
16315,nominal,316.7,1
16316,nominal,403.5,1
16317,nominal,282.5,1
16318,nominal,415.4,1
16319,nominal,318.4,1
16320,nominal,295.5,1
16321,nominal,313.3,1
16322,nominal,342.8,1
16323,nominal,330.0,1
16324,nominal,276.7,1
16325,nominal,274.7,1
16326,nominal,288.2,1
16327,thin,236.8,1
16328,thick,723.2,0
16329,thick,698.1,0
16330,thick,705.1,0
16331,thick,713.4,0
16332,nominal,301.0,1
16333,nominal,328.4,1
16334,nominal,330.0,1
16335,nominal,334.9,1
16336,nominal,377.3,1
16337,nominal,355.2,1
16338,nominal,364.2,1
16339,nominal,400.8,1
16340,nominal,419.2,1
16341,nominal,373.0,1
16342,nominal,282.5,1
16343,nominal,288.2,1
16344,nominal,412.8,1
16345,nominal,272.8,1
16346,nominal,384.4,1
16347,nominal,313.3,1
16348,nominal,270.8,1
16349,nominal,320.1,1
16350,nominal,342.8,1
16351,nominal,315.0,1
16352,nominal,299.2,1
16353,nominal,282.5,1
16354,nominal,286.3,1
16355,nominal,262.7,1
16356,thick,698.1,0
16357,thick,691.2,0
16358,thick,651.8,0
16359,thick,655.9,0
16360,nominal,295.5,1
16361,nominal,325.1,1
16362,nominal,316.7,1
16363,nominal,308.0,1
16364,nominal,299.2,0
16365,nominal,325.1,0
16366,nominal,282.5,0
16367,nominal,295.5,0
16368,nominal,364.2,1
16369,nominal,385.8,1
16370,nominal,361.2,1
16371,nominal,333.3,1
16372,nominal,368.6,1
16373,nominal,353.7,1
16374,nominal,284.4,1
16375,thin,254.4,1
16376,nominal,356.7,1
16377,nominal,272.8,1
16378,nominal,384.4,1
16379,nominal,315.0,1
16380,nominal,295.5,1
16381,nominal,290.0,1
16382,nominal,315.0,1
16383,nominal,313.3,1
16384,thin,258.6,1
16385,thin,256.5,1
16386,thin,234.5,1
16387,nominal,278.6,1
16388,thick,886.6,0
16389,thick,836.6,0
16390,thick,893.9,0
16391,thick,876.8,0
16392,nominal,288.2,1
16393,nominal,282.5,1
16394,nominal,321.7,1
16395,nominal,306.3,1
16396,nominal,356.7,1
16397,nominal,373.0,1
16398,nominal,423.1,1
16399,nominal,429.4,1
16400,nominal,396.8,1
16401,nominal,323.4,1
16402,thin,205.1,1
16403,nominal,331.6,1
16404,nominal,355.2,1
16405,nominal,331.6,1
16406,nominal,404.9,1
16407,nominal,288.2,1
16408,thin,154.0,1
16409,nominal,341.3,1
16410,nominal,338.1,1
16411,nominal,293.7,1
16412,thin,227.5,1
16413,nominal,274.7,1
16414,thin,234.5,1
16415,nominal,272.8,1
16416,thick,920.1,0
16417,thick,832.0,0
16418,thick,876.8,0
16419,thick,863.8,0
16420,nominal,293.7,1
16421,nominal,308.0,1
16422,nominal,367.1,1
16423,nominal,338.1,1
16424,nominal,325.1,1
16425,nominal,334.9,1
16426,thick,453.8,1
16427,nominal,384.4,1
16428,nominal,436.9,1
16429,nominal,367.1,1
16430,thin,160.9,1
16431,nominal,331.6,1
16432,nominal,368.6,1
16433,nominal,325.1,1
16434,nominal,411.5,1
16435,nominal,291.9,1
16436,thin,146.9,1
16437,nominal,365.7,1
16438,nominal,383.0,1
16439,nominal,313.3,1
16440,thin,220.3,1
16441,thin,250.1,1
16442,thin,220.3,1
16443,thin,252.2,1
16444,thick,902.9,0
16445,thick,812.4,0
16446,thick,836.6,0
16447,thick,839.8,0
16448,nominal,295.5,1
16449,nominal,304.5,1
16450,nominal,373.0,1
16451,nominal,365.7,1
16452,nominal,406.2,1
16453,nominal,346.0,1
16454,thick,470.2,1
16455,thick,456.2,1
16456,thick,458.6,1
16457,nominal,402.2,1
16458,thin,143.1,1
16459,nominal,330.0,1
16460,nominal,371.5,1
16461,nominal,330.0,1
16462,nominal,387.2,1
16463,nominal,297.4,1
16464,thin,210.3,1
16465,nominal,350.6,1
16466,nominal,373.0,1
16467,nominal,301.0,1
16468,thin,241.3,1
16469,thin,258.6,1
16470,thin,225.1,1
16471,thin,236.8,1
16472,thick,862.0,0
16473,thick,799.0,0
16474,thick,818.3,0
16475,thick,822.3,0
16476,nominal,318.4,1
16477,nominal,304.5,1
16478,nominal,375.8,1
16479,nominal,381.5,1
16480,nominal,388.5,1
16481,nominal,347.5,1
16482,thick,446.6,1
16483,nominal,433.2,1
16484,thick,458.6,1
16485,nominal,378.7,1
16486,thin,202.4,1
16487,nominal,336.5,1
16488,nominal,355.2,1
16489,nominal,316.7,1
16490,nominal,420.5,1
16491,nominal,286.3,1
16492,nominal,268.8,1
16493,nominal,355.2,1
16494,nominal,375.8,1
16495,nominal,301.0,1
16496,thin,229.9,1
16497,thin,254.4,1
16498,thin,234.5,1
16499,thin,232.2,1
16500,thick,817.7,0
16501,thick,788.1,0
16502,thick,794.2,0
16503,thick,812.4,0
16504,nominal,304.5,1
16505,nominal,313.3,1
16506,nominal,365.7,1
16507,nominal,361.2,1
16508,nominal,330.0,1
16509,nominal,352.1,1
16510,nominal,425.6,1
16511,nominal,436.9,1
16512,thick,488.2,1
16513,nominal,374.4,1
16514,thin,243.5,1
16515,nominal,311.5,1
16516,nominal,400.8,1
16517,nominal,304.5,1
16518,nominal,412.8,1
16519,nominal,266.8,1
16520,nominal,276.7,1
16521,nominal,334.9,1
16522,nominal,339.7,1
16523,nominal,295.5,1
16524,thin,250.1,1
16525,thin,241.3,1
16526,nominal,268.8,1
16527,thin,210.3,1
16528,thick,801.7,0
16529,thick,782.6,0
16530,thick,768.0,0
16531,thick,796.3,0
16532,nominal,320.1,1
16533,nominal,311.5,1
16534,nominal,346.0,1
16535,nominal,367.1,1
16536,nominal,368.6,1
16537,nominal,342.8,1
16538,nominal,394.1,1
16539,nominal,411.5,1
16540,thick,447.9,1
16541,nominal,371.5,1
16542,nominal,264.7,1
16543,nominal,288.2,1
16544,nominal,419.2,1
16545,nominal,291.9,1
16546,nominal,392.7,1
16547,nominal,316.7,1
16548,nominal,282.5,1
16549,nominal,349.1,1
16550,nominal,353.7,1
16551,nominal,297.4,1
16552,nominal,268.8,1
16553,thin,234.5,1
16554,thin,258.6,1
16555,thin,227.5,1
16556,thick,777.8,0
16557,thick,763.8,0
16558,thick,751.0,0
16559,thick,779.2,0
16560,nominal,316.7,1
16561,nominal,320.1,1
16562,nominal,347.5,1
16563,nominal,361.2,1
16564,nominal,404.9,1
16565,nominal,389.9,1
16566,nominal,361.2,1
16567,nominal,391.3,1
16568,thick,449.1,1
16569,nominal,371.5,1
16570,nominal,264.7,1
16571,nominal,280.6,1
16572,nominal,418.0,1
16573,nominal,272.8,1
16574,nominal,408.8,1
16575,nominal,328.4,1
16576,nominal,270.8,1
16577,nominal,341.3,1
16578,nominal,359.7,1
16579,nominal,321.7,1
16580,thin,258.6,1
16581,thin,243.5,1
16582,nominal,272.8,1
16583,thin,250.1,1
16584,thick,763.8,0
16585,thick,740.9,0
16586,thick,726.2,0
16587,thick,749.5,0
16588,nominal,318.4,1
16589,nominal,311.5,1
16590,nominal,341.3,1
16591,nominal,347.5,1
16592,nominal,402.2,1
16593,nominal,355.2,1
16594,thick,443.0,1
16595,nominal,428.2,1
16596,nominal,404.9,1
16597,nominal,381.5,1
16598,nominal,276.7,1
16599,nominal,276.7,1
16600,nominal,402.2,1
16601,nominal,272.8,1
16602,nominal,399.5,1
16603,nominal,325.1,1
16604,nominal,286.3,1
16605,nominal,347.5,1
16606,nominal,347.5,1
16607,nominal,325.1,1
16608,nominal,272.8,1
16609,nominal,280.6,1
16610,nominal,280.6,1
16611,thin,258.6,1
16612,thick,729.1,0
16613,thick,659.2,0
16614,thick,650.2,0
16615,thick,685.7,0
16616,nominal,311.5,1
16617,nominal,325.1,1
16618,nominal,328.4,1
16619,nominal,333.3,1
16620,nominal,308.0,0
16621,nominal,313.3,0
16622,nominal,297.4,0
16623,nominal,291.9,0
16624,necked,347.5,1
16625,nominal,356.7,1
16626,nominal,400.8,1
16627,nominal,338.1,1
16628,nominal,374.4,1
16629,nominal,341.3,1
16630,nominal,280.6,1
16631,thin,256.5,1
16632,nominal,374.4,1
16633,nominal,291.9,1
16634,nominal,371.5,1
16635,nominal,318.4,1
16636,nominal,286.3,1
16637,nominal,318.4,1
16638,nominal,333.3,1
16639,nominal,326.7,1
16640,thin,258.6,1
16641,nominal,268.8,1
16642,thin,245.7,1
16643,nominal,278.6,1
16644,thick,928.8,0
16645,thick,896.3,0
16646,thick,952.3,0
16647,thick,948.3,0
16648,nominal,270.8,1
16649,nominal,276.7,1
16650,nominal,320.1,1
16651,nominal,316.7,1
16652,nominal,368.6,1
16653,nominal,359.7,1
16654,nominal,362.7,1
16655,thick,453.8,1
16656,nominal,414.1,1
16657,nominal,349.1,1
16658,thin,232.2,1
16659,nominal,323.4,1
16660,nominal,359.7,1
16661,nominal,320.1,1
16662,thick,441.8,1
16663,nominal,301.0,1
16664,thin,167.4,1
16665,nominal,356.7,1
16666,nominal,381.5,1
16667,nominal,304.5,1
16668,thin,236.8,1
16669,thin,254.4,1
16670,thin,222.7,1
16671,thin,260.6,1
16672,thick,947.2,0
16673,thick,901.1,0
16674,thick,925.3,0
16675,thick,922.4,0
16676,nominal,297.4,1
16677,nominal,299.2,1
16678,nominal,365.7,1
16679,nominal,352.1,1
16680,nominal,420.5,1
16681,nominal,402.2,1
16682,nominal,430.7,1
16683,thick,504.5,1
16684,thick,470.2,1
16685,nominal,365.7,1
16686,thin,182.8,1
16687,nominal,321.7,1
16688,nominal,365.7,1
16689,nominal,318.4,1
16690,nominal,407.5,1
16691,nominal,302.8,1
16692,thin,164.2,1
16693,nominal,373.0,1
16694,nominal,377.3,1
16695,nominal,306.3,1
16696,thin,232.2,1
16697,thin,234.5,1
16698,thin,215.3,1
16699,thin,256.5,1
16700,thick,914.8,0
16701,thick,877.5,0
16702,thick,845.5,0
16703,thick,886.6,0
16704,nominal,306.3,1
16705,nominal,306.3,1
16706,nominal,371.5,1
16707,nominal,381.5,1
16708,nominal,362.7,1
16709,nominal,356.7,1
16710,thick,458.6,1
16711,thick,458.6,1
16712,nominal,425.6,1
16713,nominal,384.4,1
16714,thin,146.9,1
16715,nominal,325.1,1
16716,nominal,364.2,1
16717,nominal,313.3,1
16718,thick,440.6,1
16719,nominal,320.1,1
16720,thin,191.5,1
16721,nominal,380.1,1
16722,nominal,368.6,1
16723,nominal,290.0,1
16724,thin,229.9,1
16725,thin,247.9,1
16726,thin,215.3,1
16727,thin,234.5,1
16728,thick,875.6,0
16729,thick,860.7,0
16730,thick,853.2,0
16731,thick,866.9,0
16732,nominal,302.8,1
16733,nominal,302.8,1
16734,nominal,349.1,1
16735,nominal,394.1,1
16736,nominal,406.2,1
16737,nominal,313.3,1
16738,thick,438.1,1
16739,thick,491.5,1
16740,thick,480.4,1
16741,nominal,364.2,1
16742,thin,194.3,1
16743,nominal,334.9,1
16744,nominal,328.4,1
16745,nominal,309.8,1
16746,nominal,433.2,1
16747,nominal,313.3,1
16748,thin,215.3,1
16749,nominal,359.7,1
16750,nominal,383.0,1
16751,nominal,295.5,1
16752,thin,225.1,1
16753,thin,227.5,1
16754,thin,227.5,1
16755,thin,229.9,1
16756,thick,842.3,0
16757,thick,826.8,0
16758,thick,815.7,0
16759,thick,836.6,0
16760,nominal,288.2,1
16761,nominal,299.2,1
16762,nominal,353.7,1
16763,nominal,368.6,1
16764,nominal,396.8,1
16765,nominal,383.0,1
16766,thick,446.6,1
16767,thick,498.0,1
16768,thick,480.4,1
16769,nominal,387.2,1
16770,thin,227.5,1
16771,nominal,316.7,1
16772,nominal,399.5,1
16773,nominal,299.2,1
16774,nominal,404.9,1
16775,nominal,288.2,1
16776,thin,250.1,1
16777,nominal,346.0,1
16778,nominal,361.2,1
16779,nominal,309.8,1
16780,thin,243.5,1
16781,thin,217.8,1
16782,thin,232.2,1
16783,thin,202.4,1
16784,thick,826.2,0
16785,thick,821.0,0
16786,thick,794.2,0
16787,thick,828.1,0
16788,nominal,318.4,1
16789,nominal,315.0,1
16790,nominal,342.8,1
16791,nominal,356.7,1
16792,nominal,395.4,1
16793,nominal,362.7,1
16794,nominal,423.1,1
16795,thick,451.4,1
16796,nominal,402.2,1
16797,nominal,396.8,1
16798,thin,258.6,1
16799,nominal,304.5,1
16800,nominal,403.5,1
16801,nominal,278.6,1
16802,nominal,430.7,1
16803,nominal,311.5,1
16804,nominal,262.7,1
16805,nominal,338.1,1
16806,nominal,359.7,1
16807,nominal,308.0,1
16808,thin,245.7,1
16809,thin,229.9,1
16810,thin,250.1,1
16811,thin,241.3,1
16812,thick,796.3,0
16813,thick,789.5,0
16814,thick,774.3,0
16815,thick,808.4,0
16816,nominal,318.4,1
16817,nominal,333.3,1
16818,nominal,353.7,1
16819,nominal,365.7,1
16820,missing,0.0,1
16821,nominal,392.7,1
16822,nominal,396.8,1
16823,thick,465.6,1
16824,nominal,426.9,1
16825,nominal,346.0,1
16826,nominal,264.7,1
16827,nominal,280.6,1
16828,nominal,400.8,1
16829,nominal,272.8,1
16830,nominal,425.6,1
16831,nominal,333.3,1
16832,nominal,266.8,1
16833,nominal,350.6,1
16834,nominal,356.7,1
16835,nominal,316.7,1
16836,nominal,266.8,1
16837,thin,241.3,1
16838,nominal,266.8,1
16839,thin,247.9,1
16840,thick,780.6,0
16841,thick,770.1,0
16842,thick,749.5,0
16843,thick,766.6,0
16844,nominal,330.0,1
16845,nominal,315.0,1
16846,nominal,352.1,1
16847,nominal,349.1,1
16848,nominal,410.1,1
16849,nominal,394.1,1
16850,nominal,419.2,1
16851,thick,462.1,1
16852,nominal,400.8,1
16853,nominal,352.1,1
16854,thin,247.9,1
16855,nominal,293.7,1
16856,nominal,424.4,1
16857,nominal,284.4,1
16858,nominal,385.8,1
16859,nominal,325.1,1
16860,nominal,276.7,1
16861,nominal,347.5,1
16862,nominal,355.2,1
16863,nominal,318.4,1
16864,nominal,266.8,1
16865,nominal,288.2,1
16866,nominal,270.8,1
16867,nominal,280.6,1
16868,thick,743.0,0
16869,thick,733.5,0
16870,thick,680.9,0
16871,thick,677.0,0
16872,nominal,306.3,1
16873,nominal,320.1,1
16874,nominal,321.7,1
16875,nominal,328.4,1
16876,nominal,293.7,0
16877,nominal,308.0,0
16878,nominal,308.0,0
16879,nominal,280.6,0
16880,nominal,355.2,1
16881,nominal,400.8,1
16882,nominal,377.3,1
16883,nominal,403.5,1
16884,nominal,412.8,1
16885,nominal,371.5,1
16886,nominal,268.8,1
16887,nominal,290.0,1
16888,nominal,355.2,1
16889,nominal,304.5,1
16890,nominal,353.7,1
16891,nominal,331.6,1
16892,nominal,274.7,1
16893,nominal,333.3,1
16894,nominal,338.1,1
16895,nominal,321.7,1
16896,thin,236.8,1
16897,nominal,268.8,1
16898,thin,245.7,1
16899,nominal,280.6,1
16900,thick,953.4,0
16901,thick,944.9,0
16902,thick,969.7,0
16903,thick,991.7,0
16904,nominal,284.4,1
16905,thin,260.6,1
16906,nominal,362.7,1
16907,nominal,321.7,1
16908,nominal,368.6,1
16909,nominal,373.0,1
16910,nominal,387.2,1
16911,thick,479.3,1
16912,nominal,436.9,1
16913,nominal,355.2,1
16914,thin,250.1,1
16915,nominal,323.4,1
16916,nominal,381.5,1
16917,nominal,304.5,1
16918,nominal,392.7,0
16919,nominal,304.5,1
16920,thin,234.5,1
16921,nominal,415.4,1
16922,nominal,400.8,1
16923,nominal,318.4,1
16924,thin,232.2,1
16925,nominal,268.8,1
16926,thin,245.7,1
16927,thin,252.2,1
16928,thick,964.1,0
16929,thick,958.5,0
16930,thick,942.1,0
16931,thick,968.6,0
16932,nominal,293.7,1
16933,nominal,299.2,1
16934,nominal,402.2,1
16935,nominal,350.6,1
16936,nominal,383.0,1
16937,nominal,350.6,1
16938,nominal,433.2,0
16939,thick,464.4,1
16940,thick,504.5,0
16941,nominal,350.6,1
16942,thin,202.4,1
16943,nominal,308.0,1
16944,nominal,368.6,1
16945,nominal,297.4,1
16946,thick,458.6,1
16947,nominal,302.8,1
16948,thin,179.9,1
16949,nominal,424.4,1
16950,nominal,424.4,1
16951,nominal,311.5,1
16952,thin,215.3,1
16953,thin,252.2,1
16954,thin,227.5,1
16955,thin,258.6,1
16956,thick,940.9,0
16957,thick,939.2,0
16958,thick,909.4,0
16959,thick,935.2,0
16960,nominal,299.2,1
16961,nominal,309.8,1
16962,nominal,426.9,1
16963,nominal,398.1,1
16964,nominal,375.8,1
16965,nominal,342.8,1
16966,thick,474.7,1
16967,thick,450.3,1
16968,thick,514.0,1
16969,nominal,326.7,1
16970,thin,188.6,1
16971,nominal,301.0,1
16972,nominal,381.5,1
16973,nominal,299.2,1
16974,thick,471.3,1
16975,nominal,288.2,1
16976,thin,173.8,1
16977,nominal,374.4,1
16978,nominal,414.1,1
16979,nominal,311.5,1
16980,thin,225.1,1
16981,thin,225.1,1
16982,thin,222.7,1
16983,thin,252.2,1
16984,thick,879.9,0
16985,thick,908.3,0
16986,thick,876.8,0
16987,thick,914.8,0
16988,nominal,299.2,1
16989,nominal,318.4,1
16990,nominal,406.2,1
16991,nominal,394.1,1
16992,nominal,381.5,1
16993,nominal,371.5,1
16994,nominal,430.7,1
16995,thick,478.1,1
16996,nominal,418.0,1
16997,nominal,403.5,1
16998,thin,188.6,1
16999,nominal,320.1,1
17000,nominal,394.1,1
17001,nominal,302.8,1
17002,nominal,428.2,1
17003,nominal,301.0,1
17004,thin,207.7,1
17005,nominal,371.5,1
17006,nominal,358.2,1
17007,missing,0.0,1
17008,thin,227.5,1
17009,thin,236.8,1
17010,thin,220.3,1
17011,thin,234.5,1
17012,thick,875.6,0
17013,thick,876.8,0
17014,thick,846.2,0
17015,thick,883.6,0
17016,nominal,291.9,1
17017,nominal,302.8,1
17018,nominal,346.0,1
17019,nominal,377.3,1
17020,nominal,404.9,1
17021,nominal,341.3,1
17022,nominal,426.9,1
17023,thick,447.9,1
17024,nominal,431.9,1
17025,nominal,371.5,1
17026,thin,202.4,1
17027,nominal,309.8,1
17028,nominal,403.5,1
17029,nominal,295.5,1
17030,thick,451.4,1
17031,nominal,288.2,1
17032,thin,239.1,1
17033,nominal,353.7,1
17034,nominal,365.7,1
17035,nominal,306.3,1
17036,thin,243.5,1
17037,thin,222.7,1
17038,thin,250.1,1
17039,thin,222.7,1
17040,thick,863.2,0
17041,thick,863.8,0
17042,thick,832.0,0
17043,thick,857.6,0
17044,nominal,301.0,1
17045,nominal,304.5,1
17046,nominal,353.7,1
17047,nominal,364.2,1
17048,nominal,400.8,1
17049,nominal,391.3,1
17050,nominal,420.5,1
17051,thick,455.0,1
17052,thick,467.9,1
17053,nominal,353.7,1
17054,thin,217.8,1
17055,nominal,297.4,1
17056,nominal,433.2,1
17057,nominal,280.6,1
17058,nominal,384.4,1
17059,nominal,326.7,1
17060,thin,258.6,1
17061,nominal,367.1,1
17062,nominal,350.6,1
17063,nominal,301.0,1
17064,thin,260.6,1
17065,thin,247.9,1
17066,thin,252.2,1
17067,nominal,264.7,1
17068,thick,839.8,0
17069,thick,832.0,0
17070,thick,819.6,0
17071,thick,839.8,0
17072,nominal,309.8,1
17073,nominal,321.7,1
17074,nominal,339.7,1
17075,nominal,381.5,1
17076,nominal,392.7,1
17077,nominal,344.4,1
17078,nominal,410.1,1
17079,thick,462.1,1
17080,thick,440.6,1
17081,nominal,402.2,1
17082,thin,252.2,1
17083,nominal,274.7,1
17084,nominal,373.0,1
17085,nominal,297.4,1
17086,thick,459.7,1
17087,nominal,334.9,1
17088,thin,252.2,1
17089,nominal,347.5,1
17090,nominal,367.1,1
17091,nominal,309.8,1
17092,thin,258.6,1
17093,nominal,264.7,1
17094,nominal,268.8,1
17095,thin,254.4,1
17096,thick,813.0,0
17097,thick,805.0,0
17098,thick,775.7,0
17099,thick,777.8,0
17100,nominal,321.7,1
17101,nominal,320.1,1
17102,nominal,352.1,1
17103,nominal,355.2,1
17104,nominal,400.8,1
17105,nominal,389.9,1
17106,nominal,431.9,1
17107,broken,356.7,1
17108,broken,371.5,1
17109,nominal,344.4,1
17110,thin,247.9,1
17111,nominal,290.0,1
17112,nominal,406.2,1
17113,nominal,290.0,1
17114,nominal,359.7,1
17115,nominal,328.4,1
17116,nominal,270.8,1
17117,nominal,353.7,1
17118,nominal,352.1,1
17119,nominal,315.0,1
17120,nominal,268.8,1
17121,nominal,286.3,1
17122,nominal,272.8,1
17123,nominal,278.6,1
17124,thick,756.0,0
17125,thick,749.5,0
17126,thick,713.4,0
17127,thick,684.9,0
17128,nominal,311.5,1
17129,nominal,304.5,1
17130,nominal,334.9,1
17131,nominal,339.7,1
17132,nominal,291.9,0
17133,nominal,278.6,0
17134,nominal,274.7,0
17135,nominal,288.2,0
17136,nominal,367.1,1
17137,nominal,391.3,1
17138,nominal,388.5,1
17139,nominal,326.7,0
17140,nominal,375.8,1
17141,nominal,356.7,1
17142,nominal,264.7,1
17143,nominal,297.4,1
17144,nominal,358.2,1
17145,nominal,315.0,1
17146,nominal,349.1,1
17147,nominal,323.4,1
17148,nominal,284.4,1
17149,nominal,323.4,1
17150,nominal,334.9,1
17151,nominal,323.4,1
17152,nominal,262.7,1
17153,nominal,266.8,1
17154,nominal,264.7,1
17155,nominal,276.7,1
17156,thick,963.0,0
17157,thick,985.7,0
17158,thick,986.8,0
17159,thick,1015.9,0
17160,nominal,274.7,1
17161,nominal,286.3,1
17162,nominal,365.7,1
17163,nominal,361.2,1
17164,nominal,359.7,1
17165,nominal,353.7,1
17166,nominal,424.4,0
17167,nominal,430.7,1
17168,nominal,374.4,0
17169,nominal,330.0,1
17170,thin,234.5,1
17171,nominal,291.9,1
17172,nominal,388.5,1
17173,nominal,290.0,1
17174,nominal,396.8,1
17175,nominal,306.3,1
17176,thin,232.2,1
17177,nominal,415.4,1
17178,nominal,402.2,1
17179,nominal,311.5,1
17180,thin,229.9,1
17181,nominal,280.6,1
17182,thin,227.5,1
17183,nominal,262.7,1
17184,thick,986.8,0
17185,thick,1005.2,0
17186,thick,958.5,0
17187,thick,1009.5,0
17188,nominal,299.2,1
17189,nominal,308.0,1
17190,nominal,400.8,0
17191,nominal,410.1,1
17192,nominal,383.0,1
17193,nominal,326.7,1
17194,nominal,433.2,0
17195,thick,534.6,1
17196,thick,460.9,1
17197,nominal,342.8,1
17198,thin,207.7,1
17199,nominal,288.2,1
17200,nominal,318.4,1
17201,nominal,288.2,1
17202,thick,503.4,1
17203,nominal,308.0,1
17204,thin,220.3,1
17205,nominal,416.7,1
17206,nominal,426.9,0
17207,nominal,306.3,1
17208,thin,241.3,1
17209,thin,254.4,1
17210,thin,236.8,1
17211,thin,258.6,1
17212,thick,956.3,0
17213,thick,984.6,0
17214,thick,924.1,0
17215,thick,983.5,0
17216,nominal,306.3,1
17217,nominal,313.3,1
17218,nominal,396.8,1
17219,nominal,423.1,1
17220,nominal,373.0,1
17221,nominal,336.5,1
17222,nominal,394.1,1
17223,thick,458.6,1
17224,thick,479.3,1
17225,nominal,344.4,1
17226,thin,210.3,1
17227,nominal,304.5,1
17228,nominal,364.2,1
17229,nominal,288.2,1
17230,thick,463.2,1
17231,nominal,315.0,1
17232,thin,191.5,1
17233,nominal,391.3,1
17234,nominal,407.5,1
17235,nominal,302.8,1
17236,thin,225.1,1
17237,thin,247.9,1
17238,thin,236.8,1
17239,thin,245.7,1
17240,thick,921.2,0
17241,thick,939.8,0
17242,thick,904.7,0
17243,thick,960.8,0
17244,nominal,297.4,1
17245,nominal,306.3,1
17246,nominal,383.0,1
17247,nominal,400.8,1
17248,broken,291.8,1
17249,nominal,342.8,1
17250,thick,449.1,1
17251,nominal,431.9,1
17252,thick,508.7,1
17253,nominal,399.5,1
17254,thin,185.8,1
17255,nominal,290.0,1
17256,nominal,374.4,1
17257,nominal,293.7,1
17258,thick,477.0,1
17259,nominal,286.3,1
17260,thin,207.7,1
17261,nominal,370.1,1
17262,nominal,383.0,1
17263,nominal,295.5,1
17264,thin,232.2,1
17265,thin,234.5,1
17266,thin,227.5,1
17267,thin,236.8,1
17268,thick,901.7,0
17269,thick,918.3,0
17270,thick,875.6,0
17271,thick,913.6,0
17272,nominal,308.0,1
17273,nominal,308.0,1
17274,nominal,381.5,1
17275,nominal,365.7,1
17276,nominal,406.2,1
17277,nominal,391.3,1
17278,thick,486.0,0
17279,thick,470.2,1
17280,nominal,436.9,1
17281,nominal,371.5,1
17282,thin,170.6,1
17283,nominal,282.5,1
17284,nominal,412.8,1
17285,nominal,286.3,1
17286,thick,473.6,1
17287,nominal,316.7,1
17288,thin,179.9,1
17289,nominal,359.7,1
17290,nominal,362.7,1
17291,nominal,301.0,1
17292,thin,234.5,1
17293,thin,232.2,1
17294,thin,222.7,1
17295,thin,236.8,1
17296,thick,893.3,0
17297,thick,899.9,0
17298,thick,864.5,0
17299,thick,890.9,0
17300,nominal,318.4,1
17301,nominal,315.0,1
17302,nominal,353.7,1
17303,nominal,352.1,1
17304,nominal,394.1,1
17305,nominal,365.7,1
17306,thick,496.9,1
17307,thick,489.3,1
17308,thick,474.7,1
17309,nominal,395.4,1
17310,thin,199.7,1
17311,nominal,295.5,1
17312,nominal,398.1,1
17313,nominal,295.5,1
17314,thick,438.1,1
17315,nominal,313.3,1
17316,thin,205.1,1
17317,nominal,349.1,1
17318,nominal,349.1,1
17319,nominal,301.0,1
17320,thin,260.6,1
17321,nominal,268.8,1
17322,thin,250.1,1
17323,nominal,284.4,1
17324,thick,866.9,0
17325,thick,854.4,0
17326,thick,850.0,0
17327,thick,860.1,0
17328,nominal,304.5,1
17329,nominal,325.1,1
17330,nominal,355.2,1
17331,nominal,368.6,1
17332,nominal,375.8,1
17333,nominal,371.5,1
17334,nominal,433.2,1
17335,thick,460.9,1
17336,thick,459.7,1
17337,nominal,385.8,1
17338,thin,205.1,1
17339,nominal,301.0,1
17340,nominal,407.5,1
17341,nominal,316.7,1
17342,nominal,429.4,1
17343,nominal,325.1,1
17344,thin,245.7,1
17345,nominal,355.2,1
17346,nominal,362.7,1
17347,nominal,320.1,1
17348,thin,236.8,1
17349,nominal,270.8,1
17350,nominal,262.7,1
17351,nominal,278.6,1
17352,thick,839.8,0
17353,thick,821.6,0
17354,thick,802.4,0
17355,thick,794.2,0
17356,nominal,311.5,1
17357,nominal,321.7,1
17358,nominal,339.7,1
17359,nominal,353.7,1
17360,nominal,373.0,1
17361,nominal,359.7,1
17362,nominal,389.9,1
17363,thick,449.1,1
17364,nominal,371.5,1
17365,nominal,367.1,1
17366,thin,232.2,1
17367,nominal,306.3,1
17368,nominal,364.2,1
17369,nominal,308.0,1
17370,nominal,370.1,1
17371,nominal,320.1,1
17372,thin,254.4,1
17373,nominal,336.5,1
17374,nominal,341.3,1
17375,nominal,321.7,1
17376,thin,260.6,1
17377,nominal,301.0,1
17378,nominal,266.8,1
17379,nominal,297.4,1
17380,thick,770.1,0
17381,thick,761.7,0
17382,thick,713.4,0
17383,thick,670.6,0
17384,nominal,301.0,1
17385,nominal,320.1,1
17386,nominal,316.7,1
17387,nominal,328.4,1
17388,nominal,295.5,0
17389,nominal,297.4,0
17390,nominal,270.8,0
17391,nominal,266.8,0
17392,nominal,344.4,1
17393,nominal,365.7,1
17394,nominal,365.7,1
17395,nominal,333.3,1
17396,nominal,368.6,1
17397,nominal,297.4,1
17398,thin,256.5,1
17399,nominal,309.8,1
17400,nominal,358.2,1
17401,nominal,321.7,1
17402,nominal,316.7,1
17403,nominal,321.7,1
17404,nominal,262.7,1
17405,nominal,330.0,1
17406,nominal,330.0,1
17407,nominal,315.0,1
17408,nominal,266.8,1
17409,nominal,276.7,1
17410,thin,254.4,1
17411,nominal,276.7,1
17412,thick,952.3,0
17413,thick,1009.5,0
17414,thick,993.3,0
17415,thick,1018.0,0
17416,nominal,284.4,1
17417,nominal,282.5,1
17418,nominal,353.7,0
17419,nominal,349.1,1
17420,nominal,385.8,1
17421,nominal,350.6,1
17422,nominal,398.1,0
17423,thick,447.9,0
17424,nominal,411.5,1
17425,nominal,346.0,1
17426,thin,258.6,1
17427,nominal,293.7,1
17428,nominal,396.8,1
17429,nominal,290.0,1
17430,nominal,407.5,0
17431,nominal,315.0,1
17432,thin,234.5,1
17433,nominal,402.2,1
17434,nominal,404.9,1
17435,nominal,315.0,1
17436,thin,252.2,1
17437,nominal,278.6,1
17438,thin,252.2,1
17439,nominal,268.8,1
17440,thick,987.9,0
17441,thick,1017.4,0
17442,thick,972.5,0
17443,thick,1018.0,0
17444,nominal,297.4,1
17445,nominal,304.5,1
17446,nominal,383.0,0
17447,nominal,378.7,1
17448,nominal,419.2,1
17449,nominal,362.7,1
17450,thick,465.6,1
17451,thick,459.7,1
17452,thick,447.9,0
17453,nominal,309.8,1
17454,thin,225.1,1
17455,nominal,288.2,1
17456,nominal,402.2,1
17457,nominal,284.4,1
17458,thick,475.9,1
17459,nominal,316.7,1
17460,thin,227.5,1
17461,nominal,415.4,0
17462,nominal,400.8,1
17463,nominal,323.4,1
17464,thin,241.3,1
17465,thin,254.4,1
17466,thin,243.5,1
17467,nominal,262.7,1
17468,thick,966.9,0
17469,thick,1016.9,0
17470,thick,947.8,0
17471,thick,1015.9,0
17472,nominal,306.3,1
17473,nominal,308.0,1
17474,nominal,387.2,0
17475,nominal,400.8,1
17476,nominal,408.8,1
17477,nominal,353.7,1
17478,thick,472.5,1
17479,thick,452.6,1
17480,thick,464.4,1
17481,nominal,374.4,1
17482,thin,197.0,1
17483,nominal,288.2,1
17484,nominal,365.7,1
17485,nominal,282.5,1
17486,thick,443.0,1
17487,nominal,318.4,1
17488,thin,199.7,1
17489,nominal,394.1,1
17490,nominal,387.2,1
17491,nominal,297.4,1
17492,thin,245.7,1
17493,thin,252.2,1
17494,thin,225.1,1
17495,thin,252.2,1
17496,thick,938.0,0
17497,thick,983.5,0
17498,thick,928.2,0
17499,thick,989.5,0
17500,nominal,315.0,1
17501,nominal,299.2,1
17502,nominal,365.7,1
17503,nominal,389.9,1
17504,nominal,385.8,1
17505,nominal,325.1,1
17506,thick,472.5,1
17507,thick,479.3,1
17508,nominal,423.1,1
17509,nominal,359.7,1
17510,thin,212.8,1
17511,nominal,293.7,1
17512,nominal,400.8,1
17513,nominal,306.3,1
17514,thick,449.1,1
17515,nominal,299.2,1
17516,thin,191.5,1
17517,nominal,358.2,1
17518,nominal,361.2,1
17519,nominal,309.8,1
17520,thin,229.9,1
17521,thin,232.2,1
17522,thin,227.5,1
17523,thin,260.6,1
17524,thick,925.9,0
17525,thick,955.1,0
17526,thick,902.3,0
17527,thick,952.3,0
17528,nominal,311.5,1
17529,nominal,308.0,1
17530,nominal,361.2,1
17531,nominal,368.6,1
17532,nominal,356.7,1
17533,broken,261.6,1
17534,thick,464.4,1
17535,thick,478.1,1
17536,nominal,434.4,1
17537,nominal,394.1,1
17538,thin,191.5,1
17539,nominal,301.0,1
17540,nominal,399.5,1
17541,nominal,297.4,1
17542,nominal,430.7,1
17543,nominal,318.4,1
17544,thin,194.3,1
17545,nominal,356.7,1
17546,nominal,350.6,1
17547,nominal,309.8,1
17548,thin,239.1,1
17549,nominal,272.8,1
17550,thin,227.5,1
17551,nominal,282.5,1
17552,thick,914.8,0
17553,thick,916.5,0
17554,thick,897.5,0
17555,thick,902.9,0
17556,nominal,318.4,1
17557,nominal,325.1,1
17558,nominal,365.7,1
17559,nominal,364.2,1
17560,nominal,391.3,1
17561,nominal,391.3,1
17562,broken,431.6,1
17563,thick,463.2,1
17564,thick,464.4,1
17565,nominal,380.1,1
17566,thin,167.4,1
17567,nominal,304.5,1
17568,nominal,418.0,1
17569,nominal,299.2,1
17570,thick,446.6,1
17571,nominal,306.3,1
17572,thin,205.1,1
17573,nominal,349.1,1
17574,nominal,364.2,1
17575,nominal,315.0,1
17576,thin,247.9,1
17577,nominal,278.6,1
17578,thin,234.5,1
17579,nominal,278.6,1
17580,thick,881.7,0
17581,thick,875.6,0
17582,thick,872.5,0
17583,thick,853.8,0
17584,nominal,321.7,1
17585,nominal,304.5,1
17586,nominal,353.7,1
17587,nominal,358.2,1
17588,nominal,347.5,1
17589,nominal,378.7,1
17590,nominal,426.9,1
17591,nominal,433.2,1
17592,nominal,431.9,1
17593,nominal,373.0,1
17594,thin,170.6,1
17595,nominal,318.4,1
17596,nominal,355.2,1
17597,nominal,323.4,1
17598,nominal,425.6,1
17599,nominal,323.4,1
17600,thin,199.7,1
17601,nominal,331.6,1
17602,nominal,350.6,1
17603,nominal,326.7,1
17604,thin,260.6,1
17605,nominal,297.4,1
17606,thin,243.5,1
17607,missing,0.0,1
17608,thick,839.8,0
17609,thick,824.2,0
17610,thick,795.6,0
17611,thick,768.0,0
17612,nominal,311.5,1
17613,nominal,323.4,1
17614,nominal,330.0,1
17615,nominal,347.5,1
17616,nominal,394.1,1
17617,nominal,402.2,1
17618,nominal,359.7,1
17619,nominal,407.5,1
17620,nominal,381.5,1
17621,nominal,396.8,1
17622,thin,215.3,1
17623,nominal,309.8,1
17624,nominal,396.8,1
17625,nominal,325.1,1
17626,nominal,370.1,1
17627,nominal,320.1,1
17628,thin,232.2,1
17629,nominal,339.7,1
17630,nominal,333.3,1
17631,nominal,320.1,1
17632,thin,254.4,1
17633,nominal,299.2,1
17634,thin,243.5,1
17635,nominal,290.0,1
17636,thick,766.6,0
17637,thick,745.9,0
17638,thick,713.4,0
17639,thick,627.4,0
17640,nominal,318.4,1
17641,nominal,309.8,1
17642,nominal,323.4,1
17643,nominal,323.4,1
17644,nominal,291.9,0
17645,nominal,278.6,0
17646,nominal,268.8,0
17647,thin,245.7,0
17648,nominal,350.6,1
17649,nominal,346.0,1
17650,nominal,385.8,1
17651,nominal,403.5,1
17652,nominal,377.3,1
17653,nominal,331.6,1
17654,thin,236.8,1
17655,nominal,316.7,1
17656,nominal,383.0,1
17657,nominal,315.0,1
17658,nominal,316.7,1
17659,nominal,325.1,1
17660,thin,241.3,1
17661,nominal,325.1,1
17662,nominal,325.1,1
17663,nominal,316.7,1
17664,thin,260.6,1
17665,nominal,284.4,1
17666,nominal,266.8,1
17667,nominal,270.8,1
17668,thick,917.1,0
17669,thick,1012.7,0
17670,thick,996.6,0
17671,thick,1018.0,0
17672,nominal,291.9,1
17673,nominal,291.9,1
17674,nominal,353.7,1
17675,nominal,334.9,1
17676,nominal,384.4,1
17677,nominal,355.2,1
17678,nominal,375.8,0
17679,thick,438.1,0
17680,nominal,407.5,0
17681,nominal,352.1,1
17682,nominal,266.8,1
17683,nominal,284.4,1
17684,nominal,378.7,1
17685,nominal,262.7,1
17686,nominal,404.9,0
17687,nominal,313.3,1
17688,thin,252.2,1
17689,nominal,388.5,0
17690,nominal,339.7,1
17691,nominal,309.8,1
17692,thin,252.2,1
17693,nominal,264.7,1
17694,thin,247.9,1
17695,thin,252.2,1
17696,thick,988.4,0
17697,thick,1018.0,0
17698,thick,986.8,0
17699,thick,1018.0,0
17700,nominal,304.5,1
17701,nominal,276.7,1
17702,nominal,358.2,0
17703,nominal,352.1,1
17704,nominal,399.5,1
17705,nominal,371.5,1
17706,thick,447.9,0
17707,nominal,420.5,0
17708,nominal,388.5,0
17709,nominal,383.0,1
17710,thin,247.9,1
17711,nominal,276.7,1
17712,nominal,395.4,1
17713,thin,258.6,1
17714,nominal,426.9,0
17715,nominal,306.3,1
17716,thin,239.1,1
17717,nominal,377.3,0
17718,nominal,383.0,1
17719,nominal,304.5,1
17720,thin,227.5,1
17721,nominal,262.7,1
17722,thin,236.8,1
17723,thin,250.1,1
17724,thick,981.3,0
17725,thick,1018.0,0
17726,thick,958.5,0
17727,thick,1018.0,0
17728,nominal,306.3,1
17729,nominal,311.5,1
17730,nominal,350.6,1
17731,nominal,375.8,0
17732,nominal,378.7,1
17733,nominal,378.7,1
17734,thick,445.4,1
17735,nominal,431.9,1
17736,thick,482.6,0
17737,nominal,391.3,1
17738,thin,220.3,1
17739,nominal,274.7,1
17740,nominal,387.2,1
17741,nominal,268.8,1
17742,thick,439.3,1
17743,nominal,297.4,1
17744,thin,202.4,1
17745,nominal,342.8,1
17746,nominal,361.2,1
17747,nominal,316.7,1
17748,thin,229.9,1
17749,thin,243.5,1
17750,thin,215.3,1
17751,thin,260.6,1
17752,thick,952.3,0
17753,thick,1013.7,0
17754,thick,949.5,0
17755,thick,1010.5,0
17756,nominal,304.5,1
17757,nominal,321.7,1
17758,nominal,339.7,1
17759,nominal,362.7,1
17760,nominal,425.6,1
17761,nominal,368.6,1
17762,nominal,419.2,1
17763,thick,464.4,1
17764,thick,439.3,1
17765,nominal,406.2,1
17766,thin,227.5,1
17767,nominal,288.2,1
17768,nominal,408.8,1
17769,nominal,304.5,1
17770,nominal,429.4,1
17771,nominal,306.3,1
17772,thin,215.3,1
17773,nominal,353.7,1
17774,nominal,346.0,1
17775,nominal,304.5,1
17776,thin,234.5,1
17777,thin,260.6,1
17778,thin,227.5,1
17779,thin,252.2,1
17780,thick,943.8,0
17781,thick,989.5,0
17782,thick,922.4,0
17783,thick,978.0,0
17784,nominal,297.4,1
17785,nominal,318.4,1
17786,nominal,333.3,1
17787,nominal,370.1,1
17788,nominal,391.3,1
17789,nominal,381.5,1
17790,thick,439.3,1
17791,nominal,421.8,1
17792,thick,462.1,1
17793,nominal,383.0,1
17794,thin,205.1,1
17795,nominal,299.2,1
17796,nominal,391.3,1
17797,nominal,304.5,1
17798,nominal,421.8,1
17799,nominal,295.5,1
17800,thin,188.6,1
17801,nominal,346.0,1
17802,nominal,328.4,1
17803,nominal,295.5,1
17804,thin,234.5,1
17805,nominal,276.7,1
17806,thin,232.2,1
17807,nominal,272.8,1
17808,thick,933.4,0
17809,thick,950.0,0
17810,thick,914.2,0
17811,thick,926.5,0
17812,nominal,302.8,1
17813,nominal,316.7,1
17814,nominal,334.9,1
17815,nominal,342.8,1
17816,nominal,394.1,1
17817,nominal,398.1,1
17818,nominal,424.4,1
17819,thick,478.1,1
17820,nominal,402.2,1
17821,nominal,365.7,1
17822,thin,197.0,1
17823,nominal,302.8,1
17824,nominal,424.4,1
17825,nominal,308.0,1
17826,nominal,391.3,1
17827,nominal,315.0,1
17828,thin,188.6,1
17829,nominal,353.7,1
17830,nominal,328.4,1
17831,nominal,304.5,1
17832,thin,247.9,1
17833,nominal,295.5,1
17834,thin,236.8,1
17835,nominal,291.9,1
17836,thick,898.1,0
17837,thick,878.1,0
17838,thick,879.3,0
17839,thick,855.1,0
17840,nominal,326.7,1
17841,nominal,328.4,1
17842,nominal,334.9,1
17843,nominal,346.0,1
17844,nominal,384.4,1
17845,nominal,389.9,1
17846,nominal,411.5,1
17847,nominal,429.4,1
17848,nominal,415.4,1
17849,nominal,398.1,1
17850,thin,176.8,1
17851,nominal,330.0,1
17852,nominal,380.1,1
17853,nominal,325.1,1
17854,nominal,384.4,1
17855,missing,0.0,1
17856,thin,188.6,1
17857,nominal,341.3,1
17858,nominal,330.0,1
17859,nominal,326.7,1
17860,thin,247.9,1
17861,nominal,288.2,1
17862,thin,254.4,1
17863,nominal,302.8,1
17864,thick,851.3,0
17865,thick,813.0,0
17866,thick,803.7,0
17867,thick,770.8,0
17868,nominal,311.5,1
17869,nominal,315.0,1
17870,nominal,320.1,1
17871,nominal,328.4,1
17872,nominal,391.3,1
17873,nominal,367.1,1
17874,nominal,404.9,1
17875,nominal,400.8,1
17876,nominal,349.1,1
17877,nominal,365.7,1
17878,thin,185.8,1
17879,nominal,325.1,1
17880,nominal,416.7,1
17881,nominal,316.7,1
17882,nominal,388.5,1
17883,nominal,325.1,1
17884,thin,222.7,1
17885,nominal,325.1,1
17886,nominal,334.9,1
17887,nominal,330.0,1
17888,thin,258.6,1
17889,nominal,318.4,1
17890,thin,241.3,1
17891,nominal,304.5,1
17892,thick,757.4,0
17893,thick,709.6,0
17894,thick,691.2,0
17895,thick,625.6,0
17896,nominal,308.0,1
17897,nominal,308.0,1
17898,nominal,309.8,1
17899,nominal,318.4,1
17900,nominal,286.3,0
17901,nominal,297.4,0
17902,broken,272.8,0
17903,nominal,272.8,0
17904,nominal,381.5,1
17905,nominal,359.7,1
17906,nominal,336.5,1
17907,nominal,364.2,1
17908,nominal,323.4,1
17909,nominal,358.2,1
17910,thin,217.8,1
17911,nominal,316.7,1
17912,nominal,325.1,1
17913,nominal,321.7,1
17914,nominal,309.8,1
17915,nominal,323.4,1
17916,thin,243.5,1
17917,nominal,309.8,1
17918,nominal,301.0,1
17919,nominal,311.5,1
17920,nominal,280.6,1
17921,nominal,270.8,1
17922,thin,252.2,1
17923,nominal,270.8,1
17924,thick,863.2,0
17925,thick,1008.9,0
17926,thick,952.9,0
17927,thick,1015.3,0
17928,nominal,282.5,1
17929,nominal,293.7,1
17930,nominal,334.9,1
17931,nominal,320.1,1
17932,nominal,381.5,1
17933,nominal,378.7,1
17934,nominal,426.9,1
17935,thick,467.9,0
17936,nominal,385.8,1
17937,nominal,368.6,1
17938,nominal,282.5,1
17939,nominal,272.8,1
17940,nominal,365.7,1
17941,thin,256.5,1
17942,nominal,396.8,0
17943,nominal,302.8,1
17944,thin,260.6,1
17945,nominal,336.5,0
17946,nominal,334.9,1
17947,nominal,301.0,1
17948,thin,254.4,1
17949,thin,258.6,1
17950,thin,256.5,1
17951,thin,258.6,1
17952,thick,931.7,0
17953,thick,1018.0,0
17954,thick,957.4,0
17955,thick,1015.9,0
17956,nominal,304.5,1
17957,nominal,297.4,1
17958,nominal,318.4,1
17959,nominal,328.4,0
17960,nominal,381.5,1
17961,nominal,375.8,1
17962,nominal,378.7,0
17963,nominal,403.5,0
17964,nominal,419.2,0
17965,nominal,388.5,1
17966,thin,247.9,1
17967,thin,260.6,1
17968,nominal,353.7,1
17969,thin,256.5,1
17970,nominal,389.9,0
17971,nominal,315.0,1
17972,thin,243.5,1
17973,nominal,349.1,1
17974,nominal,330.0,1
17975,nominal,301.0,1
17976,thin,254.4,1
17977,thin,245.7,1
17978,thin,260.6,1
17979,thin,247.9,1
17980,thick,930.5,0
17981,thick,1018.0,0
17982,thick,949.5,0
17983,thick,1013.2,0
17984,nominal,315.0,1
17985,nominal,315.0,1
17986,nominal,336.5,1
17987,nominal,350.6,0
17988,nominal,346.0,1
17989,nominal,370.1,1
17990,nominal,410.1,0
17991,nominal,381.5,1
17992,nominal,394.1,0
17993,nominal,342.8,1
17994,thin,245.7,1
17995,nominal,270.8,1
17996,nominal,380.1,1
17997,nominal,291.9,1
17998,nominal,406.2,0
17999,nominal,311.5,1
18000,thin,241.3,1
18001,nominal,349.1,1
18002,nominal,320.1,1
18003,nominal,313.3,1
18004,thin,241.3,1
18005,nominal,272.8,1
18006,thin,243.5,1
18007,thin,245.7,1
18008,thick,921.2,0
18009,thick,1016.9,0
18010,thick,946.1,0
18011,thick,999.8,0
18012,nominal,306.3,1
18013,nominal,318.4,1
18014,nominal,330.0,1
18015,nominal,339.7,1
18016,nominal,392.7,1
18017,nominal,356.7,1
18018,nominal,408.8,0
18019,nominal,410.1,1
18020,nominal,426.9,1
18021,nominal,391.3,1
18022,thin,241.3,1
18023,nominal,288.2,1
18024,nominal,381.5,1
18025,nominal,293.7,1
18026,nominal,391.3,1
18027,nominal,311.5,1
18028,thin,225.1,1
18029,nominal,326.7,1
18030,nominal,315.0,1
18031,nominal,306.3,1
18032,thin,222.7,1
18033,nominal,270.8,1
18034,thin,225.1,1
18035,nominal,272.8,1
18036,thick,921.2,0
18037,thick,1001.4,0
18038,thick,933.4,0
18039,thick,963.6,0
18040,nominal,316.7,1
18041,nominal,313.3,1
18042,nominal,338.1,1
18043,nominal,333.3,1
18044,nominal,381.5,1
18045,nominal,375.8,1
18046,nominal,433.2,1
18047,nominal,402.2,1
18048,nominal,426.9,1
18049,nominal,388.5,1
18050,thin,236.8,1
18051,nominal,318.4,1
18052,nominal,402.2,1
18053,nominal,306.3,1
18054,nominal,398.1,1
18055,nominal,295.5,1
18056,thin,215.3,1
18057,nominal,318.4,1
18058,nominal,293.7,1
18059,nominal,284.4,1
18060,thin,258.6,1
18061,nominal,274.7,1
18062,thin,252.2,1
18063,nominal,276.7,1
18064,thick,903.5,0
18065,thick,957.9,0
18066,thick,914.8,0
18067,thick,910.6,0
18068,nominal,323.4,1
18069,nominal,309.8,1
18070,nominal,326.7,1
18071,nominal,333.3,1
18072,nominal,403.5,1
18073,nominal,392.7,1
18074,nominal,370.1,1
18075,nominal,428.2,1
18076,nominal,398.1,1
18077,nominal,361.2,1
18078,thin,217.8,1
18079,nominal,325.1,1
18080,nominal,399.5,1
18081,nominal,315.0,1
18082,nominal,396.8,1
18083,nominal,301.0,1
18084,thin,197.0,1
18085,nominal,328.4,1
18086,nominal,306.3,1
18087,nominal,306.3,1
18088,thin,243.5,1
18089,nominal,290.0,1
18090,thin,229.9,1
18091,nominal,293.7,1
18092,thick,885.4,0
18093,thick,880.5,0
18094,thick,883.6,0
18095,thick,830.7,0
18096,nominal,311.5,1
18097,nominal,313.3,1
18098,nominal,321.7,1
18099,nominal,318.4,1
18100,nominal,389.9,1
18101,nominal,391.3,1
18102,nominal,365.7,1
18103,nominal,416.7,1
18104,nominal,407.5,1
18105,nominal,362.7,1
18106,thin,222.7,1
18107,nominal,325.1,1
18108,nominal,415.4,1
18109,nominal,320.1,1
18110,nominal,387.2,1
18111,nominal,313.3,1
18112,thin,197.0,1
18113,nominal,328.4,1
18114,nominal,316.7,1
18115,nominal,304.5,1
18116,thin,241.3,1
18117,nominal,299.2,1
18118,thin,241.3,1
18119,nominal,291.9,1
18120,thick,834.6,0
18121,thick,812.4,0
18122,thick,809.0,0
18123,thick,750.3,0
18124,nominal,316.7,1
18125,nominal,315.0,1
18126,nominal,311.5,1
18127,nominal,331.6,1
18128,nominal,394.1,1
18129,nominal,385.8,1
18130,nominal,380.1,1
18131,nominal,394.1,1
18132,nominal,359.7,1
18133,nominal,344.4,1
18134,thin,199.7,1
18135,nominal,323.4,1
18136,nominal,395.4,1
18137,nominal,302.8,1
18138,nominal,374.4,1
18139,nominal,309.8,1
18140,thin,188.6,1
18141,nominal,315.0,1
18142,nominal,316.7,1
18143,nominal,309.8,1
18144,thin,260.6,1
18145,nominal,315.0,1
18146,thin,239.1,1
18147,nominal,302.8,1
18148,thick,746.7,0
18149,thick,708.1,0
18150,thick,698.1,0
18151,thick,614.3,0
18152,nominal,311.5,1
18153,nominal,302.8,1
18154,nominal,290.0,1
18155,nominal,278.6,1
18156,nominal,293.7,0
18157,nominal,276.7,0
18158,broken,245.7,0
18159,thin,250.1,0
18160,nominal,334.9,1
18161,nominal,342.8,1
18162,nominal,375.8,1
18163,nominal,344.4,1
18164,nominal,365.7,1
18165,nominal,370.1,1
18166,thin,188.6,1
18167,nominal,318.4,1
18168,nominal,356.7,1
18169,nominal,308.0,1
18170,nominal,321.7,1
18171,nominal,301.0,1
18172,thin,207.7,1
18173,nominal,293.7,1
18174,nominal,301.0,1
18175,nominal,308.0,1
18176,nominal,299.2,1
18177,nominal,270.8,1
18178,nominal,291.9,1
18179,thin,260.6,1
18180,thick,720.2,0
18181,thick,907.1,0
18182,thick,868.8,0
18183,thick,807.7,0
18184,nominal,299.2,1
18185,nominal,290.0,1
18186,nominal,318.4,1
18187,nominal,315.0,1
18188,nominal,373.0,1
18189,nominal,375.8,1
18190,nominal,424.4,1
18191,nominal,389.9,1
18192,missing,0.0,0
18193,missing,0.0,0
18194,missing,0.0,0
18195,missing,0.0,0
18196,nominal,392.7,1
18197,nominal,368.6,1
18198,nominal,291.9,1
18199,thin,254.4,1
18200,missing,0.0,1
18201,thin,256.5,1
18202,nominal,377.3,1
18203,nominal,288.2,1
18204,nominal,286.3,1
18205,nominal,320.1,1
18206,nominal,328.4,1
18207,nominal,297.4,1
18208,nominal,262.7,1
18209,nominal,270.8,1
18210,nominal,274.7,1
18211,thin,260.6,1
18212,thick,785.4,0
18213,thick,987.9,0
18214,thick,878.7,0
18215,thick,813.7,0
18216,nominal,301.0,1
18217,nominal,284.4,1
18218,nominal,315.0,1
18219,nominal,328.4,1
18220,nominal,407.5,1
18221,nominal,341.3,1
18222,nominal,383.0,0
18223,nominal,399.5,1
18224,missing,0.0,0
18225,missing,0.0,0
18226,missing,0.0,0
18227,missing,0.0,0
18228,nominal,381.5,1
18229,nominal,336.5,1
18230,nominal,274.7,1
18231,thin,256.5,1
18232,nominal,338.1,1
18233,nominal,270.8,1
18234,nominal,375.8,1
18235,nominal,297.4,1
18236,nominal,262.7,1
18237,nominal,321.7,1
18238,nominal,407.5,0
18239,nominal,301.0,1
18240,nominal,268.8,1
18241,nominal,276.7,1
18242,nominal,268.8,1
18243,nominal,274.7,1
18244,thick,804.4,0
18245,thick,984.0,0
18246,thick,883.6,0
18247,thick,841.7,0
18248,nominal,297.4,1
18249,nominal,288.8,1
18250,broken,308.0,1
18251,nominal,321.7,1
18252,broken,334.1,1
18253,nominal,380.1,1
18254,nominal,387.2,1
18255,nominal,377.3,1
18256,missing,0.0,0
18257,missing,0.0,0
18258,broken,232.2,0
18259,missing,0.0,0
18260,nominal,384.4,1
18261,nominal,334.9,1
18262,nominal,274.7,1
18263,nominal,268.8,1
18264,nominal,349.1,1
18265,nominal,291.9,1
18266,nominal,387.2,1
18267,nominal,295.5,1
18268,nominal,262.7,1
18269,nominal,323.4,1
18270,nominal,362.0,0
18271,broken,288.2,1
18272,nominal,268.8,1
18273,nominal,276.7,1
18274,thin,0.0,1
18275,nominal,272.8,1
18276,thick,809.0,0
18277,thick,956.3,0
18278,thick,878.1,0
18279,thick,830.7,0
18280,nominal,306.3,1
18281,nominal,306.3,1
18282,broken,338.1,1
18283,nominal,318.4,1
18284,nominal,364.2,1
18285,nominal,330.0,1
18286,nominal,352.1,1
18287,nominal,355.2,1
18288,missing,0.0,0
18289,missing,0.0,0
18290,missing,0.0,0
18291,missing,0.0,0
18292,nominal,433.2,1
18293,nominal,352.1,1
18294,nominal,270.8,1
18295,nominal,291.9,1
18296,nominal,342.8,1
18297,nominal,293.7,1
18298,nominal,377.3,1
18299,nominal,297.4,1
18300,thin,260.6,1
18301,nominal,315.0,1
18302,nominal,291.9,1
18303,broken,295.5,1
18304,thin,245.7,1
18305,nominal,276.7,1
18306,nominal,276.7,1
18307,nominal,274.7,1
18308,thick,825.5,0
18309,thick,929.4,0
18310,thick,868.2,0
18311,thick,830.1,0
18312,nominal,308.0,1
18313,nominal,295.5,1
18314,broken,318.4,1
18315,nominal,315.0,1
18316,nominal,367.1,1
18317,nominal,342.8,1
18318,nominal,362.7,1
18319,nominal,394.1,1
18320,missing,0.0,0
18321,missing,0.0,0
18322,missing,0.0,0
18323,missing,0.0,0
18324,nominal,402.2,1
18325,nominal,352.1,1
18326,nominal,266.8,1
18327,nominal,309.8,1
18328,nominal,368.6,1
18329,nominal,291.9,1
18330,nominal,346.0,1
18331,nominal,284.4,1
18332,thin,241.3,1
18333,nominal,301.0,1
18334,nominal,280.6,1
18335,nominal,284.4,1
18336,thin,245.7,1
18337,nominal,293.7,1
18338,nominal,262.7,1
18339,nominal,291.9,1
18340,thick,821.6,0
18341,thick,888.4,0
18342,thick,860.1,0
18343,thick,816.3,0
18344,nominal,306.3,1
18345,nominal,306.3,1
18346,broken,308.0,1
18347,nominal,311.5,1
18348,nominal,344.4,1
18349,nominal,320.1,1
18350,nominal,373.0,1
18351,nominal,377.3,1
18352,missing,0.0,0
18353,missing,0.0,0
18354,missing,0.0,0
18355,missing,0.0,0
18356,nominal,383.0,1
18357,nominal,328.4,1
18358,thin,260.6,1
18359,nominal,325.1,1
18360,nominal,336.5,1
18361,nominal,299.2,1
18362,nominal,325.1,1
18363,nominal,301.0,1
18364,thin,220.3,1
18365,nominal,304.5,1
18366,nominal,299.2,1
18367,nominal,301.0,1
18368,nominal,266.8,1
18369,nominal,299.2,1
18370,nominal,266.8,1
18371,nominal,306.3,1
18372,thick,811.0,0
18373,thick,832.0,0
18374,thick,835.9,0
18375,thick,781.9,0
18376,nominal,311.5,1
18377,nominal,299.2,1
18378,broken,301.0,1
18379,nominal,311.5,1
18380,nominal,378.7,1
18381,nominal,355.2,1
18382,nominal,364.2,1
18383,nominal,371.5,1
18384,missing,0.0,0
18385,missing,0.0,0
18386,missing,0.0,0
18387,missing,0.0,0
18388,nominal,392.7,1
18389,nominal,325.1,1
18390,thin,245.7,1
18391,nominal,325.1,1
18392,nominal,392.7,1
18393,nominal,311.5,1
18394,nominal,330.0,1
18395,nominal,311.5,1
18396,thin,212.8,1
18397,nominal,308.0,1
18398,nominal,293.7,1
18399,nominal,301.0,1
18400,thin,236.8,1
18401,nominal,299.2,1
18402,thin,260.6,1
18403,nominal,299.2,1
18404,thick,794.9,0
18405,thick,778.5,0
18406,thick,786.1,0
18407,thick,751.7,0
18408,nominal,316.7,1
18409,nominal,306.3,1
18410,broken,295.5,1
18411,nominal,309.8,1
18412,nominal,370.1,1
18413,nominal,349.1,1
18414,nominal,321.7,1
18415,nominal,364.2,1
18416,missing,0.0,0
18417,missing,0.0,0
18418,missing,0.0,0
18419,missing,0.0,0
18420,nominal,389.9,1
18421,nominal,352.1,1
18422,thin,220.3,1
18423,nominal,308.0,1
18424,nominal,368.6,1
18425,nominal,304.5,1
18426,nominal,350.6,1
18427,nominal,306.3,1
18428,thin,197.0,1
18429,nominal,301.0,1
18430,nominal,278.6,1
18431,nominal,318.4,1
18432,thin,239.1,1
18433,nominal,320.1,1
18434,broken,250.1,1
18435,nominal,299.2,1
18436,thick,735.7,0
18437,thick,698.1,0
18438,thick,677.0,0
18439,thick,657.2,0
18440,nominal,299.2,1
18441,nominal,291.9,1
18442,broken,272.8,1
18443,nominal,286.3,1
18444,nominal,304.5,0
18445,nominal,280.6,0
18446,broken,241.3,0
18447,thin,243.5,0
18448,nominal,353.7,1
18449,nominal,385.8,1
18450,necked,311.5,1
18451,nominal,362.7,1
18452,missing,0.0,0
18453,missing,0.0,0
18454,missing,0.0,0
18455,missing,0.0,0
18456,nominal,358.2,1
18457,nominal,364.2,1
18458,thin,215.3,1
18459,nominal,320.1,1
18460,nominal,339.7,1
18461,nominal,299.2,1
18462,nominal,325.1,1
18463,nominal,293.7,1
18464,thin,182.8,1
18465,nominal,280.6,1
18466,thin,260.6,1
18467,nominal,295.5,1
