node_id,z,y,x,degree,is_interior,embedded,iou,fill,inscribed_radius_vox,diameter_um,radius_fill_vox,diameter_fill_um,box_material_frac,saturated
0,24.56078,762.56796,141.93211,5,0,0,0.00000,0.00000,0.00000,0.00000,0.00000,0.00000,0.10605,0
1,24.49533,762.96955,62.95554,3,0,0,0.00000,0.00000,0.00000,0.00000,0.00000,0.00000,0.01683,0
2,24.85579,644.30431,101.84117,8,0,0,0.24387,1.00000,10.34408,1194.49048,12.00000,1385.70898,0.68762,0
3,24.84471,683.19007,220.50691,8,0,0,0.23778,1.00000,11.35782,1311.55249,12.00000,1385.70898,0.71373,1
4,24.77926,683.59166,141.53034,8,0,0,0.24138,1.00000,10.72381,1238.33948,12.00000,1385.70898,0.69402,0
5,24.71382,683.99325,62.55377,5,0,0,0.13478,0.30769,0.00000,0.00000,0.00000,0.00000,0.31853,0
6,24.83363,722.07583,339.17265,8,0,0,0.25134,1.00000,10.63015,1227.52417,12.00000,1385.70898,0.69043,0
7,24.76819,722.47742,260.19608,8,0,0,0.23939,1.00000,10.63015,1227.52417,12.00000,1385.70898,0.69389,0
8,24.70274,722.87901,181.21951,8,0,0,0.24552,1.00000,9.21954,1064.63379,12.00000,1385.70898,0.67021,0
9,24.63730,723.28060,102.24294,8,0,0,0.24518,1.00000,8.36660,966.13947,12.00000,1385.70898,0.64147,0
10,24.82255,760.96159,457.83840,5,0,0,0.00000,0.00000,0.00000,0.00000,0.00000,0.00000,0.16288,0
11,24.75711,761.36318,378.86182,5,0,0,0.00000,0.00000,0.00000,0.00000,0.00000,0.00000,0.16237,0
12,24.69166,761.76477,299.88525,5,0,0,0.00000,0.00000,0.00000,0.00000,0.00000,0.00000,0.13824,0
13,24.62622,762.16636,220.90868,5,0,0,0.00000,0.00000,0.00000,0.00000,0.00000,0.00000,0.13536,0
14,25.07428,565.32801,101.43940,8,0,0,0.23882,1.00000,10.44031,1205.60229,12.00000,1385.70898,0.70771,0
15,25.06320,604.21377,220.10514,8,0,0,0.25167,1.00000,12.00000,1385.70898,12.00000,1385.70898,0.76013,1
16,24.99775,604.61537,141.12857,8,0,0,0.24601,1.00000,11.04536,1275.47131,12.00000,1385.70898,0.72890,1
17,24.93231,605.01696,62.15200,5,0,0,0.14455,0.32708,0.00000,0.00000,0.00000,0.00000,0.31418,0
18,25.11757,642.69794,417.74745,8,0,0,0.24371,1.00000,12.00000,1385.70898,12.00000,1385.70898,0.75469,1
19,25.05212,643.09954,338.77088,8,0,0,0.25000,1.00000,12.00000,1385.70898,12.00000,1385.70898,0.75104,1
20,24.98668,643.50113,259.79431,8,0,0,0.24339,1.00000,12.00000,1385.70898,12.00000,1385.70898,0.74387,1
21,24.92123,643.90272,180.81774,8,0,0,0.25285,1.00000,11.57584,1336.72852,12.00000,1385.70898,0.72966,1
22,25.10649,681.58371,536.41320,8,0,0,0.24308,1.00000,11.35782,1311.55249,12.00000,1385.70898,0.73626,1
23,25.04104,681.98530,457.43662,8,0,0,0.24600,1.00000,11.44552,1321.68042,12.00000,1385.70898,0.73037,1
24,24.97560,682.38689,378.46005,8,0,0,0.24240,1.00000,11.78983,1361.43909,12.00000,1385.70898,0.72461,1
25,24.91015,682.78848,299.48348,8,0,0,0.24140,1.00000,11.35782,1311.55249,12.00000,1385.70898,0.71802,1
26,25.09541,720.46947,655.07894,8,0,0,0.24186,1.00000,9.89950,1143.15161,12.00000,1385.70898,0.71910,0
27,25.02997,720.87106,576.10237,8,0,0,0.25168,1.00000,9.89950,1143.15161,12.00000,1385.70898,0.71424,0
28,24.96452,721.27265,497.12580,8,0,0,0.25033,1.00000,9.27362,1070.87805,12.00000,1385.70898,0.70118,0
29,24.89908,721.67424,418.14922,8,0,0,0.24602,1.00000,10.00000,1154.75757,12.00000,1385.70898,0.69715,0
30,25.08433,759.35523,773.74468,3,0,0,0.00000,0.00000,0.00000,0.00000,0.00000,0.00000,0.01235,0
31,25.01889,759.75682,694.76811,5,0,0,0.00000,0.00000,0.00000,0.00000,0.00000,0.00000,0.12902,0
32,24.95344,760.15841,615.79154,5,0,0,0.00000,0.00000,0.00000,0.00000,0.00000,0.00000,0.16269,0
33,24.88800,760.56000,536.81497,5,0,0,0.00000,0.00000,0.00000,0.00000,0.00000,0.00000,0.15520,0
34,25.36929,447.06437,61.34846,5,0,0,0.13033,0.29155,0.00000,0.00000,0.00000,0.00000,0.31482,0
35,25.35821,485.95013,180.01420,8,0,0,0.24533,1.00000,12.00000,1385.70898,12.00000,1385.70898,0.77779,1
36,25.29276,486.35172,101.03763,8,0,0,0.24373,1.00000,10.48809,1211.12000,12.00000,1385.70898,0.72070,0
37,25.34713,524.83589,298.67994,8,0,0,0.24437,1.00000,12.00000,1385.70898,12.00000,1385.70898,0.77869,1
38,25.28169,525.23748,219.70337,8,0,0,0.24486,1.00000,12.00000,1385.70898,12.00000,1385.70898,0.77869,1
39,25.21624,525.63907,140.72680,8,0,0,0.24403,1.00000,12.00000,1385.70898,12.00000,1385.70898,0.75898,1
40,25.15080,526.04066,61.75023,5,0,0,0.15348,0.34043,0.00000,0.00000,0.00000,0.00000,0.33293,0
41,25.33605,563.72165,417.34568,8,0,0,0.24567,1.00000,12.00000,1385.70898,12.00000,1385.70898,0.77869,1
42,25.27061,564.12324,338.36911,8,0,0,0.24323,1.00000,12.00000,1385.70898,12.00000,1385.70898,0.77837,1
43,25.20517,564.52483,259.39254,8,0,0,0.24056,1.00000,12.00000,1385.70898,12.00000,1385.70898,0.77741,1
44,25.13972,564.92642,180.41597,8,0,0,0.24321,1.00000,12.00000,1385.70898,12.00000,1385.70898,0.76781,1
45,25.32498,602.60741,536.01142,8,0,0,0.24061,1.00000,12.00000,1385.70898,12.00000,1385.70898,0.77414,1
46,25.25953,603.00900,457.03485,8,0,0,0.24585,1.00000,12.00000,1385.70898,12.00000,1385.70898,0.77318,1
47,25.19409,603.41059,378.05828,8,0,0,0.24256,1.00000,12.00000,1385.70898,12.00000,1385.70898,0.77165,1
48,25.12864,603.81218,299.08171,8,0,0,0.25117,1.00000,12.00000,1385.70898,12.00000,1385.70898,0.76717,1
49,25.31390,641.49317,654.67717,8,0,0,0.23942,1.00000,12.00000,1385.70898,12.00000,1385.70898,0.76576,1
50,25.24845,641.89476,575.70060,8,0,0,0.24602,1.00000,12.00000,1385.70898,12.00000,1385.70898,0.76314,1
51,25.18301,642.29635,496.72402,8,0,0,0.24421,1.00000,12.00000,1385.70898,12.00000,1385.70898,0.75949,1
52,25.30282,680.37893,773.34291,5,0,0,0.15056,0.32520,0.00000,0.00000,0.00000,0.00000,0.32755,0
53,25.23738,680.78052,694.36634,8,0,0,0.24618,1.00000,10.48809,1211.12000,12.00000,1385.70898,0.74541,0
54,25.17193,681.18211,615.38977,8,0,0,0.24190,1.00000,11.48913,1326.71545,12.00000,1385.70898,0.74413,1
55,25.16086,720.06787,734.05551,8,0,0,0.25084,1.00000,9.43398,1089.39612,12.00000,1385.70898,0.70918,0
56,25.58778,368.08807,60.94669,5,0,0,0.12732,0.27838,0.00000,0.00000,0.00000,0.00000,0.31136,0
57,25.57670,406.97383,179.61243,8,0,0,0.24406,1.00000,12.00000,1385.70898,12.00000,1385.70898,0.77677,1
58,25.51125,407.37542,100.63586,8,0,0,0.24305,1.00000,10.67708,1232.94360,12.00000,1385.70898,0.70899,0
59,25.56562,445.85959,298.27817,8,0,0,0.24156,1.00000,12.00000,1385.70898,12.00000,1385.70898,0.77869,1
60,25.50018,446.26119,219.30160,8,0,0,0.23876,1.00000,12.00000,1385.70898,12.00000,1385.70898,0.77869,1
61,25.43473,446.66278,140.32503,8,0,0,0.24056,1.00000,12.00000,1385.70898,12.00000,1385.70898,0.76358,1
62,25.61999,484.34376,495.92048,8,0,0,0.24339,1.00000,12.00000,1385.70898,12.00000,1385.70898,0.77869,1
63,25.55454,484.74535,416.94391,8,0,0,0.24142,1.00000,12.00000,1385.70898,12.00000,1385.70898,0.77869,1
64,25.48910,485.14695,337.96734,8,0,0,0.24567,1.00000,12.00000,1385.70898,12.00000,1385.70898,0.77869,1
65,25.42365,485.54854,258.99077,8,0,0,0.24158,1.00000,12.00000,1385.70898,12.00000,1385.70898,0.77869,1
66,25.60891,523.22952,614.58622,8,0,0,0.24303,1.00000,12.00000,1385.70898,12.00000,1385.70898,0.77869,1
67,25.54347,523.63112,535.60965,8,0,0,0.24206,1.00000,12.00000,1385.70898,12.00000,1385.70898,0.77869,1
68,25.47802,524.03271,456.63308,8,0,0,0.24127,1.00000,12.00000,1385.70898,12.00000,1385.70898,0.77869,1
69,25.41258,524.43430,377.65651,8,0,0,0.24008,1.00000,12.00000,1385.70898,12.00000,1385.70898,0.77869,1
70,25.59783,562.11528,733.25197,8,0,0,0.24172,1.00000,12.00000,1385.70898,12.00000,1385.70898,0.76390,1
71,25.53239,562.51688,654.27540,8,0,0,0.23825,1.00000,12.00000,1385.70898,12.00000,1385.70898,0.77869,1
72,25.46694,562.91847,575.29882,8,0,0,0.24077,1.00000,12.00000,1385.70898,12.00000,1385.70898,0.77869,1
73,25.40150,563.32006,496.32225,8,0,0,0.24403,1.00000,12.00000,1385.70898,12.00000,1385.70898,0.77869,1
74,25.52131,601.40264,772.94114,5,0,0,0.14091,0.30978,0.00000,0.00000,0.00000,0.00000,0.31514,0
75,25.45587,601.80423,693.96457,8,0,0,0.24355,1.00000,12.00000,1385.70898,12.00000,1385.70898,0.77766,1
76,25.39042,602.20582,614.98800,8,0,0,0.24505,1.00000,12.00000,1385.70898,12.00000,1385.70898,0.77594,1
77,25.37934,641.09158,733.65374,8,0,0,0.24158,1.00000,11.00000,1270.23328,12.00000,1385.70898,0.74963,1
78,25.87171,288.71019,139.52149,8,0,0,0.24140,1.00000,11.18034,1291.05823,12.00000,1385.70898,0.75226,1
79,25.80626,289.11178,60.54492,5,0,0,0.11631,0.26648,0.00000,0.00000,0.00000,0.00000,0.32461,0
80,25.86063,327.59595,258.18723,8,0,0,0.24254,1.00000,12.00000,1385.70898,12.00000,1385.70898,0.77869,1
81,25.79519,327.99754,179.21066,8,0,0,0.24668,1.00000,12.00000,1385.70898,12.00000,1385.70898,0.77440,1
82,25.72974,328.39913,100.23409,8,0,0,0.24436,1.00000,9.94987,1148.96924,12.00000,1385.70898,0.70566,0
83,25.84955,366.48171,376.85297,8,0,0,0.24222,1.00000,12.00000,1385.70898,12.00000,1385.70898,0.77869,1
84,25.78411,366.88330,297.87640,8,0,0,0.25100,1.00000,12.00000,1385.70898,12.00000,1385.70898,0.77869,1
85,25.71867,367.28489,218.89983,8,0,0,0.24419,1.00000,12.00000,1385.70898,12.00000,1385.70898,0.77869,1
86,25.65322,367.68648,139.92326,8,0,0,0.24140,1.00000,11.44552,1321.68042,12.00000,1385.70898,0.75526,1
87,25.83848,405.36747,495.51871,8,0,0,0.24272,1.00000,12.00000,1385.70898,12.00000,1385.70898,0.77869,1
88,25.77303,405.76906,416.54214,8,0,0,0.24238,1.00000,12.00000,1385.70898,12.00000,1385.70898,0.77869,1
89,25.70759,406.17065,337.56557,8,0,0,0.24040,1.00000,12.00000,1385.70898,12.00000,1385.70898,0.77869,1
90,25.64214,406.57224,258.58900,8,0,0,0.24008,1.00000,12.00000,1385.70898,12.00000,1385.70898,0.77869,1
91,25.82740,444.25323,614.18445,8,0,0,0.24867,1.00000,12.00000,1385.70898,12.00000,1385.70898,0.77869,1
92,25.76195,444.65482,535.20788,8,0,0,0.24503,1.00000,12.00000,1385.70898,12.00000,1385.70898,0.77869,1
93,25.69651,445.05641,456.23131,8,0,0,0.24835,1.00000,12.00000,1385.70898,12.00000,1385.70898,0.77869,1
94,25.63107,445.45800,377.25474,8,0,0,0.24074,1.00000,12.00000,1385.70898,12.00000,1385.70898,0.77869,1
95,25.81632,483.13899,732.85020,8,0,0,0.25367,1.00000,12.00000,1385.70898,12.00000,1385.70898,0.77709,1
96,25.75088,483.54058,653.87362,8,0,0,0.24140,1.00000,12.00000,1385.70898,12.00000,1385.70898,0.77869,1
97,25.68543,483.94217,574.89705,8,0,0,0.24900,1.00000,12.00000,1385.70898,12.00000,1385.70898,0.77869,1
98,25.73980,522.42634,772.53937,5,0,0,0.13125,0.28926,0.00000,0.00000,0.00000,0.00000,0.30989,0
99,25.67436,522.82793,693.56280,8,0,0,0.24140,1.00000,12.00000,1385.70898,12.00000,1385.70898,0.77869,1
100,26.09020,209.73389,139.11972,8,0,0,0.24917,1.00000,10.67708,1232.94360,12.00000,1385.70898,0.75059,0
101,26.02475,210.13548,60.14315,5,0,0,0.13285,0.29101,0.00000,0.00000,0.00000,0.00000,0.30624,0
102,26.07912,248.61965,257.78546,8,0,0,0.24108,1.00000,12.00000,1385.70898,12.00000,1385.70898,0.77869,1
103,26.01368,249.02124,178.80889,8,0,0,0.25000,1.00000,12.00000,1385.70898,12.00000,1385.70898,0.77299,1
104,25.94823,249.42283,99.83232,8,0,0,0.24371,1.00000,8.77496,1013.29559,12.00000,1385.70898,0.70483,0
105,26.06804,287.50541,376.45120,8,0,0,0.24274,1.00000,12.00000,1385.70898,12.00000,1385.70898,0.77869,1
106,26.00260,287.90700,297.47463,8,0,0,0.24617,1.00000,12.00000,1385.70898,12.00000,1385.70898,0.77869,1
107,25.93715,288.30860,218.49806,8,0,0,0.24142,1.00000,12.00000,1385.70898,12.00000,1385.70898,0.77869,1
108,26.12241,325.98958,574.09351,8,0,0,0.25151,1.00000,12.00000,1385.70898,12.00000,1385.70898,0.77869,1
109,26.05697,326.39117,495.11694,8,0,0,0.24651,1.00000,12.00000,1385.70898,12.00000,1385.70898,0.77869,1
110,25.99152,326.79277,416.14037,8,0,0,0.25184,1.00000,12.00000,1385.70898,12.00000,1385.70898,0.77869,1
111,25.92608,327.19436,337.16380,8,0,0,0.25050,1.00000,12.00000,1385.70898,12.00000,1385.70898,0.77869,1
112,26.11133,364.87534,692.75925,8,0,0,0.25067,1.00000,12.00000,1385.70898,12.00000,1385.70898,0.77869,1
113,26.04589,365.27693,613.78268,8,0,0,0.24851,1.00000,12.00000,1385.70898,12.00000,1385.70898,0.77869,1
114,25.98044,365.67853,534.80611,8,0,0,0.24719,1.00000,12.00000,1385.70898,12.00000,1385.70898,0.77869,1
115,25.91500,366.08012,455.82954,8,0,0,0.25369,1.00000,12.00000,1385.70898,12.00000,1385.70898,0.77869,1
116,26.03481,404.16270,732.44843,8,0,0,0.24403,1.00000,12.00000,1385.70898,12.00000,1385.70898,0.77683,1
117,25.96937,404.56429,653.47185,8,0,0,0.24240,1.00000,12.00000,1385.70898,12.00000,1385.70898,0.77869,1
118,25.90392,404.96588,574.49528,8,0,0,0.24600,1.00000,12.00000,1385.70898,12.00000,1385.70898,0.77869,1
119,25.95829,443.45005,772.13760,5,0,0,0.12067,0.25543,0.00000,0.00000,0.00000,0.00000,0.33005,0
120,25.89284,443.85164,693.16103,8,0,0,0.25184,1.00000,12.00000,1385.70898,12.00000,1385.70898,0.77869,1
121,26.37413,130.35601,217.69452,8,0,0,0.24369,1.00000,12.00000,1385.70898,12.00000,1385.70898,0.77683,1
122,26.30869,130.75760,138.71795,8,0,0,0.24486,1.00000,9.27362,1070.87805,12.00000,1385.70898,0.73888,0
123,26.24324,131.15919,59.74137,5,0,0,0.12225,0.26882,0.00000,0.00000,0.00000,0.00000,0.30208,0
124,26.36305,169.24177,336.36026,8,0,0,0.24152,1.00000,12.00000,1385.70898,12.00000,1385.70898,0.77869,1
125,26.29761,169.64336,257.38369,8,0,0,0.24301,1.00000,12.00000,1385.70898,12.00000,1385.70898,0.77869,1
126,26.23217,170.04495,178.40712,8,0,0,0.24142,1.00000,12.00000,1385.70898,12.00000,1385.70898,0.77018,1
127,26.16672,170.44654,99.43055,8,0,0,0.23974,1.00000,8.77496,1013.29559,12.00000,1385.70898,0.69638,0
128,26.35198,208.12753,455.02600,8,0,0,0.24750,1.00000,12.00000,1385.70898,12.00000,1385.70898,0.77869,1
129,26.28653,208.52912,376.04943,8,0,0,0.24208,1.00000,12.00000,1385.70898,12.00000,1385.70898,0.77869,1
130,26.22109,208.93071,297.07286,8,0,0,0.25151,1.00000,12.00000,1385.70898,12.00000,1385.70898,0.77869,1
131,26.15564,209.33230,218.09629,8,0,0,0.24487,1.00000,12.00000,1385.70898,12.00000,1385.70898,0.77843,1
132,26.34090,247.01329,573.69174,8,0,0,0.24453,1.00000,12.00000,1385.70898,12.00000,1385.70898,0.77869,1
133,26.27546,247.41488,494.71517,8,0,0,0.24190,1.00000,12.00000,1385.70898,12.00000,1385.70898,0.77869,1
134,26.21001,247.81647,415.73860,8,0,0,0.24834,1.00000,12.00000,1385.70898,12.00000,1385.70898,0.77869,1
135,26.14457,248.21806,336.76203,8,0,0,0.24750,1.00000,12.00000,1385.70898,12.00000,1385.70898,0.77869,1
136,26.32982,285.89905,692.35748,8,0,0,0.24256,1.00000,12.00000,1385.70898,12.00000,1385.70898,0.77869,1
137,26.26438,286.30064,613.38091,8,0,0,0.24436,1.00000,12.00000,1385.70898,12.00000,1385.70898,0.77869,1
138,26.19893,286.70223,534.40434,8,0,0,0.24188,1.00000,12.00000,1385.70898,12.00000,1385.70898,0.77869,1
139,26.13349,287.10382,455.42777,8,0,0,0.24303,1.00000,12.00000,1385.70898,12.00000,1385.70898,0.77869,1
140,26.25330,325.18640,732.04665,8,0,0,0.25050,1.00000,12.00000,1385.70898,12.00000,1385.70898,0.77523,1
141,26.18786,325.58799,653.07008,8,0,0,0.24256,1.00000,12.00000,1385.70898,12.00000,1385.70898,0.77869,1
142,26.17678,364.47375,771.73583,5,0,0,0.10533,0.22438,0.00000,0.00000,0.00000,0.00000,0.31642,0
143,26.59262,51.37971,217.29275,5,0,0,0.28087,0.95604,4.12311,476.11871,5.41140,624.88593,0.45485,0
144,26.52718,51.78130,138.31618,5,0,0,0.27384,0.86226,3.16228,365.16641,3.92825,453.61725,0.41075,0
145,26.46173,52.18289,59.33960,3,0,0,0.00000,0.00000,0.00000,0.00000,0.00000,0.00000,0.07443,0
146,26.58154,90.26547,335.95849,8,0,0,0.24161,1.00000,12.00000,1385.70898,12.00000,1385.70898,0.77728,1
147,26.51610,90.66706,256.98192,8,0,0,0.23995,1.00000,11.57584,1336.72852,12.00000,1385.70898,0.76582,1
148,26.45065,91.06865,178.00535,8,0,0,0.24634,1.00000,10.19804,1177.62622,12.00000,1385.70898,0.74387,0
149,26.38521,91.47025,99.02878,8,0,0,0.24206,1.00000,7.54983,871.82281,12.00000,1385.70898,0.66138,0
150,26.57047,129.15123,454.62423,8,0,0,0.24238,1.00000,12.00000,1385.70898,12.00000,1385.70898,0.77869,1
151,26.50502,129.55282,375.64766,8,0,0,0.24021,1.00000,12.00000,1385.70898,12.00000,1385.70898,0.77869,1
152,26.43958,129.95441,296.67109,8,0,0,0.24011,1.00000,12.00000,1385.70898,12.00000,1385.70898,0.77856,1
153,26.62483,167.63540,652.26654,8,0,0,0.24250,1.00000,12.00000,1385.70898,12.00000,1385.70898,0.77869,1
154,26.55939,168.03699,573.28997,8,0,0,0.24045,1.00000,12.00000,1385.70898,12.00000,1385.70898,0.77869,1
155,26.49394,168.43858,494.31340,8,0,0,0.23958,1.00000,12.00000,1385.70898,12.00000,1385.70898,0.77869,1
156,26.42850,168.84018,415.33683,8,0,0,0.24172,1.00000,12.00000,1385.70898,12.00000,1385.70898,0.77869,1
157,26.61376,206.52116,770.93228,5,0,0,0.08857,0.16848,0.00000,0.00000,0.00000,0.00000,0.27520,0
158,26.54831,206.92275,691.95571,8,0,0,0.24550,1.00000,12.00000,1385.70898,12.00000,1385.70898,0.77805,1
159,26.48287,207.32435,612.97914,8,0,0,0.23945,1.00000,12.00000,1385.70898,12.00000,1385.70898,0.77869,1
160,26.41742,207.72594,534.00257,8,0,0,0.24061,1.00000,12.00000,1385.70898,12.00000,1385.70898,0.77869,1
161,26.47179,246.21011,731.64488,8,0,0,0.24106,1.00000,12.00000,1385.70898,12.00000,1385.70898,0.77165,1
162,26.40634,246.61170,652.66831,8,0,0,0.24172,1.00000,12.00000,1385.70898,12.00000,1385.70898,0.77869,1
163,26.39527,285.49746,771.33405,5,0,0,0.11007,0.22343,0.00000,0.00000,0.00000,0.00000,0.32269,0
164,26.85440,49.77335,533.19903,5,0,0,0.25882,1.00000,6.16441,711.84033,8.87141,1024.43298,0.57645,0
165,26.78896,50.17494,454.22246,5,0,0,0.25918,1.00000,6.40312,739.40558,8.80569,1016.84314,0.55686,0
166,26.72351,50.57653,375.24589,5,0,0,0.24596,1.00000,7.07107,816.53687,9.67997,1117.80151,0.58746,0
167,26.65807,50.97812,296.26932,5,0,0,0.27074,1.00000,5.00000,577.37878,7.22703,834.54694,0.51584,0
168,26.84332,88.65911,651.86477,8,0,0,0.24339,1.00000,11.35782,1311.55249,12.00000,1385.70898,0.76928,1
169,26.77788,89.06070,572.88820,8,0,0,0.25084,1.00000,12.00000,1385.70898,12.00000,1385.70898,0.77549,1
170,26.71243,89.46229,493.91163,8,0,0,0.23960,1.00000,12.00000,1385.70898,12.00000,1385.70898,0.77741,1
171,26.64699,89.86388,414.93506,8,0,0,0.24602,1.00000,12.00000,1385.70898,12.00000,1385.70898,0.77747,1
172,26.83224,127.54487,770.53051,5,0,0,0.03060,0.05191,0.00000,0.00000,0.00000,0.00000,0.23398,0
173,26.76680,127.94646,691.55394,8,0,0,0.24158,1.00000,12.00000,1385.70898,12.00000,1385.70898,0.77523,1
174,26.70136,128.34805,612.57737,8,0,0,0.24287,1.00000,12.00000,1385.70898,12.00000,1385.70898,0.77862,1
175,26.63591,128.74964,533.60080,8,0,0,0.24053,1.00000,12.00000,1385.70898,12.00000,1385.70898,0.77869,1
176,26.69028,167.23381,731.24311,8,0,0,0.24403,1.00000,11.22497,1296.21204,12.00000,1385.70898,0.76326,1
177,27.05073,48.56857,770.12874,3,0,0,0.00000,0.00000,0.00000,0.00000,0.00000,0.00000,0.07264,0
178,26.98529,48.97016,691.15217,5,0,0,0.26542,1.00000,5.83095,673.33356,7.91191,913.63397,0.52685,0
179,26.91984,49.37176,612.17560,5,0,0,0.24713,1.00000,6.40312,739.40558,9.11812,1052.92139,0.55283,0
180,26.90877,88.25752,730.84134,8,0,0,0.24934,1.00000,9.64365,1113.60791,12.00000,1385.70898,0.73811,0
181,64.09322,723.59081,62.72249,8,0,0,0.11255,0.21311,0.00000,0.00000,0.00000,0.00000,0.15418,0
182,64.08214,762.47657,181.38823,8,0,0,0.00000,0.00000,0.00000,0.00000,0.00000,0.00000,0.02048,0
183,64.01670,762.87816,102.41166,8,0,0,0.00000,0.00000,0.00000,0.00000,0.00000,0.00000,0.01453,0
184,64.31171,644.61451,62.32072,8,0,0,0.11270,0.21409,0.00000,0.00000,0.00000,0.00000,0.15552,0
185,64.36608,683.09868,259.96303,12,1,0,0.27287,0.93261,3.60555,416.35376,4.87958,563.47314,0.31526,0
186,64.30063,683.50027,180.98646,12,1,0,0.27077,0.97238,4.24264,489.92212,6.29131,726.49384,0.30989,0
187,64.23519,683.90187,102.00989,12,1,0,0.30572,0.98663,4.12311,476.11871,5.53814,639.52130,0.30368,0
188,64.35500,721.98444,378.62877,12,1,0,0.26713,0.93973,4.00000,461.90302,5.10512,589.51782,0.32474,0
189,64.28955,722.38604,299.65220,12,1,0,0.26303,0.90984,3.00000,346.42725,4.66803,539.04425,0.31789,0
190,64.22411,722.78763,220.67563,12,1,0,0.26761,0.92432,4.00000,461.90302,5.09738,588.62421,0.30899,0
191,64.15866,723.18922,141.69906,12,1,0,0.28595,0.94595,4.00000,461.90302,5.39337,622.80353,0.29370,0
192,64.34392,760.87021,497.29451,8,0,0,0.00000,0.00000,0.00000,0.00000,0.00000,0.00000,0.01952,0
193,64.27848,761.27180,418.31794,8,0,0,0.00000,0.00000,0.00000,0.00000,0.00000,0.00000,0.01990,0
194,64.21303,761.67339,339.34137,8,0,0,0.00000,0.00000,0.00000,0.00000,0.00000,0.00000,0.02074,0
195,64.14759,762.07498,260.36480,8,0,0,0.00000,0.00000,0.00000,0.00000,0.00000,0.00000,0.01888,0
196,64.59564,565.23663,140.89552,12,1,0,0.27432,0.98904,4.58258,529.17639,6.66586,769.74530,0.34368,0
197,64.53020,565.63822,61.91895,8,0,0,0.12086,0.22888,0.00000,0.00000,0.00000,0.00000,0.17216,0
198,64.58457,604.12239,259.56126,12,1,0,0.26444,0.97275,4.12311,476.11871,6.66318,769.43610,0.36013,0
199,64.51912,604.52398,180.58469,12,1,0,0.25733,1.00000,5.00000,577.37878,7.62983,881.06049,0.36288,0
200,64.45368,604.92557,101.60812,12,1,0,0.28254,1.00000,5.09902,588.81311,6.48824,749.23389,0.33459,0
201,64.57349,643.00815,378.22700,12,1,0,0.25681,0.95095,4.00000,461.90302,6.40331,739.42645,0.36755,0
202,64.50804,643.40974,299.25043,12,1,0,0.26269,0.96175,4.00000,461.90302,6.51617,752.45959,0.36602,0
203,64.44260,643.81133,220.27386,12,1,0,0.26168,0.97245,4.00000,461.90302,6.60960,763.24805,0.33235,0
204,64.37715,644.21292,141.29729,12,1,0,0.27634,0.98638,4.47214,516.42328,6.52246,753.18628,0.31744,0
205,64.56241,681.89391,496.89274,12,1,0,0.26468,0.90385,3.16228,365.16641,4.56527,527.17749,0.33069,0
206,64.49697,682.29550,417.91617,12,1,0,0.25908,0.89617,3.16228,365.16641,3.97110,458.56573,0.30886,0
207,64.43152,682.69709,338.93960,12,1,0,0.26500,0.92896,3.31662,382.98975,4.81707,556.25519,0.31962,0
208,64.61678,720.37808,694.53506,12,1,0,0.27434,0.67760,2.00000,230.95151,0.00000,0.00000,0.26874,0
209,64.55133,720.77967,615.55849,12,1,0,0.26541,0.86111,2.44949,282.85669,3.54286,409.11411,0.30778,0
210,64.48589,721.18126,536.58191,12,1,0,0.25698,0.86226,3.00000,346.42725,3.76976,435.31635,0.31014,0
211,64.42044,721.58285,457.60534,12,1,0,0.25667,0.91854,3.31662,382.98975,4.67341,539.66589,0.31597,0
212,64.54026,759.66543,734.22423,8,0,0,0.00000,0.00000,0.00000,0.00000,0.00000,0.00000,0.01190,0
213,64.47481,760.06702,655.24766,8,0,0,0.00000,0.00000,0.00000,0.00000,0.00000,0.00000,0.01626,0
214,64.40937,760.46861,576.27109,8,0,0,0.00000,0.00000,0.00000,0.00000,0.00000,0.00000,0.02022,0
215,64.81413,486.26033,140.49375,12,1,0,0.26606,0.98050,4.12311,476.11871,6.64806,767.68933,0.33990,0
216,64.74869,486.66192,61.51718,8,0,0,0.11143,0.21547,0.00000,0.00000,0.00000,0.00000,0.17562,0
217,64.86850,524.74450,338.13606,12,1,0,0.26820,0.96267,4.00000,461.90302,6.75992,780.60651,0.36826,0
218,64.80305,525.14609,259.15949,12,1,0,0.27428,0.97368,4.00000,461.90302,6.89146,795.79620,0.36115,0
219,64.73761,525.54769,180.18292,12,1,0,0.26172,1.00000,5.00000,577.37878,7.55707,872.65808,0.38234,0
220,64.67217,525.94928,101.20635,12,1,0,0.28213,1.00000,4.58258,529.17639,6.63207,765.84326,0.35104,0
221,64.85742,563.63026,456.80180,12,1,0,0.26328,0.94809,3.16228,365.16641,5.84872,675.38556,0.35072,0
222,64.79198,564.03185,377.82523,12,1,0,0.26444,0.95200,4.00000,461.90302,6.80470,785.77753,0.37555,0
223,64.72653,564.43345,298.84866,12,1,0,0.25716,0.96419,4.00000,461.90302,6.77567,782.42523,0.37350,0
224,64.66109,564.83504,219.87209,12,1,0,0.26347,0.97275,4.12311,476.11871,6.92253,799.38440,0.35814,0
225,64.84634,602.51602,575.46754,12,1,0,0.28069,0.93207,3.16228,365.16641,5.09122,587.91254,0.33024,0
226,64.78090,602.91762,496.49097,12,1,0,0.26754,0.95068,3.31662,382.98975,5.87185,678.05670,0.34893,0
227,64.71545,603.31921,417.51440,12,1,0,0.25901,0.95568,4.00000,461.90302,6.10406,704.87091,0.35123,0
228,64.65001,603.72080,338.53783,12,1,0,0.25964,0.96154,4.00000,461.90302,6.36880,735.44214,0.37632,0
229,64.83527,641.40178,694.13329,12,1,0,0.29720,0.87123,3.16228,365.16641,4.02782,465.11584,0.27558,0
230,64.76982,641.80338,615.15671,12,1,0,0.29106,0.91200,3.16228,365.16641,4.72918,546.10614,0.30989,0
231,64.70438,642.20497,536.18014,12,1,0,0.26634,0.87027,3.00000,346.42725,3.84507,444.01239,0.33280,0
232,64.63893,642.60656,457.20357,12,1,0,0.26218,0.92623,3.31662,382.98975,5.11890,591.10846,0.33830,0
233,64.75874,680.68914,733.82246,12,1,0,0.27130,0.74865,2.44949,282.85669,2.82921,326.70465,0.27533,0
234,64.69330,681.09073,654.84589,12,1,0,0.28455,0.84140,3.00000,346.42725,3.66029,422.67520,0.29722,0
235,64.62786,681.49232,575.86931,12,1,0,0.27320,0.87363,3.00000,346.42725,3.98159,459.77734,0.31014,0
236,64.68222,719.97649,773.51163,8,0,0,0.02473,0.03846,0.00000,0.00000,0.00000,0.00000,0.12390,0
237,65.10914,367.99669,100.40281,12,1,0,0.27468,1.00000,5.09902,588.81311,6.96776,804.60693,0.34790,0
238,65.09807,406.88245,219.06855,12,1,0,0.26686,0.99732,5.19615,600.02960,7.90678,913.04095,0.36749,0
239,65.03262,407.28404,140.09198,12,1,0,0.27226,1.00000,4.47214,516.42328,7.20889,832.45209,0.35405,0
240,64.96718,407.68563,61.11541,8,0,0,0.13110,0.25134,0.00000,0.00000,0.00000,0.00000,0.17261,0
241,65.08699,445.76821,337.73429,12,1,0,0.26754,0.97861,5.00000,577.37878,7.08468,818.10822,0.36019,0
242,65.02154,446.16980,258.75772,12,1,0,0.26845,0.98148,4.00000,461.90302,7.44207,859.37921,0.36403,0
243,64.95610,446.57139,179.78115,12,1,0,0.26146,0.99455,4.47214,516.42328,7.48529,864.36908,0.36909,0
244,64.89065,446.97298,100.80458,12,1,0,0.28528,1.00000,5.09902,588.81311,6.81504,786.97156,0.34714,0
245,65.07591,484.65397,456.40003,12,1,0,0.25991,0.96458,3.31662,382.98975,6.64020,766.78253,0.35379,0
246,65.01047,485.05556,377.42346,12,1,0,0.26185,0.97554,4.00000,461.90302,7.38069,852.29059,0.37722,0
247,64.94502,485.45715,298.44689,12,1,0,0.25811,0.97548,4.00000,461.90302,7.51509,867.81024,0.37485,0
248,64.87958,485.85874,219.47032,12,1,0,0.25866,0.96694,4.00000,461.90302,6.88375,794.90674,0.35046,0
249,65.06483,523.53973,575.06577,12,1,0,0.28950,0.95109,3.16228,365.16641,5.39492,622.98193,0.30515,0
250,64.99939,523.94132,496.08920,12,1,0,0.27365,0.94086,3.31662,382.98975,5.36933,620.02777,0.33370,0
251,64.93394,524.34291,417.11263,12,1,0,0.27786,0.96247,4.00000,461.90302,5.78046,667.50275,0.34880,0
252,65.11920,562.02390,772.70809,8,0,0,0.02909,0.04267,0.00000,0.00000,0.00000,0.00000,0.11930,0
253,65.05376,562.42549,693.73151,12,1,0,0.30019,0.86721,3.00000,346.42725,4.20056,485.06229,0.28237,0
254,64.98831,562.82708,614.75494,12,1,0,0.29302,0.91247,3.00000,346.42725,4.63363,535.07202,0.30707,0
255,64.92287,563.22867,535.77837,12,1,0,0.27448,0.94681,3.31662,382.98975,5.96798,689.15741,0.33869,0
256,64.97723,601.71284,733.42069,12,1,0,0.24631,0.68306,2.23607,258.21164,2.32500,268.48114,0.28019,0
257,64.91179,602.11443,654.44411,12,1,0,0.27694,0.75342,2.23607,258.21164,3.15195,363.97330,0.27130,0
258,64.90071,641.00019,773.10986,8,0,0,0.04278,0.06434,0.00000,0.00000,0.00000,0.00000,0.13280,0
259,65.32763,289.02039,100.00104,12,1,0,0.26084,1.00000,5.09902,588.81311,7.64332,882.61835,0.36602,0
260,65.31655,327.90615,218.66678,12,1,0,0.25843,1.00000,5.38516,621.85596,8.11081,936.60217,0.37293,0
261,65.25111,328.30774,139.69021,12,1,0,0.26223,1.00000,6.00000,692.85449,7.66869,885.54791,0.35738,0
262,65.18567,328.70933,60.71364,8,0,0,0.12242,0.24054,0.00000,0.00000,0.00000,0.00000,0.18182,0
263,65.37092,366.39032,416.30909,12,1,0,0.26477,0.99180,5.00000,577.37878,7.38802,853.13776,0.34445,0
264,65.30548,366.79191,337.33252,12,1,0,0.26187,0.98913,5.00000,577.37878,7.71049,890.37506,0.37056,0
265,65.24003,367.19350,258.35595,12,1,0,0.26133,0.99461,5.09902,588.81311,8.02922,927.18030,0.38054,0
266,65.17459,367.59510,179.37938,12,1,0,0.25295,1.00000,6.00000,692.85449,8.22461,949.74353,0.37568,0
267,65.35984,405.27608,534.97483,12,1,0,0.27878,0.95957,4.00000,461.90302,5.94307,686.28064,0.32678,0
268,65.29440,405.67767,455.99826,12,1,0,0.26898,0.98916,5.00000,577.37878,7.04925,814.01764,0.35354,0
269,65.22895,406.07927,377.02169,12,1,0,0.27239,0.98383,5.00000,577.37878,6.80357,785.64709,0.35904,0
270,65.16351,406.48086,298.04512,12,1,0,0.26312,0.97832,5.00000,577.37878,7.30706,843.78821,0.33338,0
271,65.34877,444.16184,653.64057,12,1,0,0.30481,0.92432,4.00000,461.90302,4.67063,539.34399,0.30163,0
272,65.28332,444.56343,574.66400,12,1,0,0.28885,0.97796,4.58258,529.17639,5.76339,665.53217,0.31866,0
273,65.21788,444.96503,495.68743,12,1,0,0.26813,0.94667,4.12311,476.11871,5.81253,671.20587,0.34496,0
274,65.15243,445.36662,416.71086,12,1,0,0.26189,0.97814,5.00000,577.37878,7.06291,815.59528,0.36224,0
275,65.33769,483.04760,772.30631,8,0,0,0.01147,0.01630,0.00000,0.00000,0.00000,0.00000,0.12218,0
276,65.27224,483.44920,693.32974,12,1,0,0.29840,0.76860,3.00000,346.42725,3.38594,390.99368,0.24998,0
277,65.20680,483.85079,614.35317,12,1,0,0.29375,0.89160,3.16228,365.16641,4.37174,504.83008,0.30899,0
278,65.14136,484.25238,535.37660,12,1,0,0.27484,0.93460,4.00000,461.90302,5.33250,615.77460,0.32378,0
279,65.19572,522.73655,733.01891,12,1,0,0.28924,0.77719,3.00000,346.42725,3.38808,391.24097,0.26528,0
280,65.13028,523.13814,654.04234,12,1,0,0.31031,0.95174,4.12311,476.11871,5.14075,593.63159,0.32013,0
281,65.62264,170.75675,59.91009,8,0,0,0.15434,0.33151,0.00000,0.00000,0.00000,0.00000,0.19290,0
282,65.61157,209.64251,178.57584,12,1,0,0.26209,1.00000,5.38516,621.85596,7.41474,856.22229,0.37222,0
283,65.54612,210.04410,99.59926,12,1,0,0.26099,1.00000,5.19615,600.02960,7.66427,885.03741,0.36230,0
284,65.60049,248.52827,297.24158,12,1,0,0.25686,1.00000,5.00000,577.37878,8.27643,955.72687,0.38387,0
285,65.53504,248.92986,218.26501,12,1,0,0.25797,1.00000,5.00000,577.37878,7.87834,909.75757,0.37101,0
286,65.46960,249.33145,139.28844,12,1,0,0.26037,1.00000,5.19615,600.02960,7.54732,871.53290,0.34957,0
287,65.40415,249.73304,60.31186,8,0,0,0.14044,0.29589,0.00000,0.00000,0.00000,0.00000,0.18298,0
288,65.58941,287.41403,415.90732,12,1,0,0.26647,1.00000,5.00000,577.37878,7.28107,840.78711,0.36064,0
289,65.52397,287.81562,336.93075,12,1,0,0.26638,1.00000,5.00000,577.37878,7.55772,872.73309,0.36787,0
290,65.45852,288.21721,257.95418,12,1,0,0.25259,1.00000,6.00000,692.85449,8.27153,955.16174,0.36698,0
291,65.39308,288.61880,178.97761,12,1,0,0.25291,1.00000,6.08276,702.41162,8.21780,948.95667,0.37818,0
292,65.57833,326.29979,534.57306,12,1,0,0.27473,1.00000,5.09902,588.81311,6.79219,784.33301,0.33210,0
293,65.51289,326.70138,455.59649,12,1,0,0.26218,1.00000,5.38516,621.85596,7.55573,872.50354,0.36698,0
294,65.44744,327.10297,376.61992,12,1,0,0.26570,1.00000,5.00000,577.37878,7.40969,855.63977,0.35603,0
295,65.38200,327.50456,297.64335,12,1,0,0.26143,0.99457,5.00000,577.37878,7.87976,909.92108,0.35597,0
296,65.56726,365.18555,653.23880,12,1,0,0.31378,0.96448,4.12311,476.11871,5.21952,602.72791,0.31629,0
297,65.50181,365.58714,574.26223,12,1,0,0.30152,0.98077,4.24264,489.92212,5.70662,658.97626,0.32819,0
298,65.43637,365.98873,495.28566,12,1,0,0.26937,0.99727,5.00000,577.37878,6.99678,807.95886,0.34861,0
299,65.55618,404.07131,771.90454,8,0,0,0.01782,0.02459,0.00000,0.00000,0.00000,0.00000,0.12768,0
300,65.49073,404.47290,692.92797,12,1,0,0.30593,0.86721,3.31662,382.98975,4.16594,481.06476,0.27546,0
301,65.42529,404.87449,613.95140,12,1,0,0.29941,0.95405,3.60555,416.35376,5.41612,625.43036,0.30496,0
302,65.41421,443.76025,732.61714,12,1,0,0.29785,0.84254,3.31662,382.98975,4.16802,481.30527,0.27590,0
303,65.84113,91.78045,59.50832,8,0,0,0.14820,0.31944,0.00000,0.00000,0.00000,0.00000,0.16640,0
304,65.83005,130.66621,178.17406,12,1,0,0.26507,1.00000,5.00000,577.37878,7.29754,842.68848,0.35072,0
305,65.76461,131.06780,99.19749,12,1,0,0.27558,1.00000,5.91608,683.16382,7.22964,834.84790,0.34086,0
306,65.81898,169.55197,296.83981,12,1,0,0.25765,1.00000,5.00000,577.37878,7.82422,903.50781,0.36410,0
307,65.75353,169.95356,217.86324,12,1,0,0.26915,1.00000,5.09902,588.81311,7.66779,885.44403,0.35616,0
308,65.68809,170.35515,138.88666,12,1,0,0.26158,1.00000,5.47723,632.48676,7.67854,886.68542,0.35219,0
309,65.87334,208.03614,494.48212,12,1,0,0.28080,0.99728,4.58258,529.17639,6.70659,774.44867,0.35104,0
310,65.80790,208.43773,415.50555,12,1,0,0.26232,0.99451,4.47214,516.42328,7.39454,853.89032,0.35699,0
311,65.74246,208.83932,336.52898,12,1,0,0.26146,1.00000,5.00000,577.37878,7.78448,898.91907,0.36045,0
312,65.67701,209.24091,257.55241,12,1,0,0.25889,1.00000,5.00000,577.37878,7.88415,910.42841,0.36256,0
313,65.86227,246.92190,613.14786,12,1,0,0.34045,0.97347,4.24264,489.92212,5.21161,601.81500,0.29331,0
314,65.79682,247.32349,534.17129,12,1,0,0.29751,1.00000,5.00000,577.37878,6.18962,714.75116,0.33619,0
315,65.73138,247.72508,455.19472,12,1,0,0.28737,1.00000,5.00000,577.37878,6.53075,754.14276,0.34630,0
316,65.66593,248.12668,376.21815,12,1,0,0.26391,1.00000,5.00000,577.37878,7.82997,904.17114,0.37242,0
317,65.85119,285.80766,731.81360,12,1,0,0.29505,0.78421,2.82843,326.61475,3.39857,392.45261,0.27866,0
318,65.78574,286.20925,652.83703,12,1,0,0.33153,0.97867,4.12311,476.11871,5.31919,614.23694,0.29472,0
319,65.72030,286.61084,573.86046,12,1,0,0.27650,0.81967,3.00000,346.42725,3.59739,415.41089,0.29389,0
320,65.65486,287.01244,494.88389,12,1,0,0.27952,1.00000,5.09902,588.81311,6.95626,803.27991,0.35014,0
321,65.77467,325.09501,771.50277,8,0,0,0.00000,0.00000,0.00000,0.00000,0.00000,0.00000,0.11123,0
322,65.70922,325.49661,692.52620,12,1,0,0.31454,0.88333,3.31662,382.98975,4.22168,487.50153,0.27014,0
323,65.64378,325.89820,613.54963,12,1,0,0.30251,0.95890,3.74166,432.07071,5.31875,614.18652,0.31334,0
324,65.63270,364.78396,732.21537,12,1,0,0.25994,0.71850,2.23607,258.21164,2.39219,276.23965,0.28717,0
325,66.11399,51.28833,256.74887,8,0,0,0.28837,0.79515,2.82843,326.61475,3.22121,371.97189,0.23526,0
326,66.04854,51.68992,177.77229,8,0,0,0.29615,0.79787,3.00000,346.42725,3.47997,401.85242,0.24013,0
327,65.98310,52.09151,98.79572,8,0,0,0.30132,0.73190,3.00000,346.42725,3.23792,373.90076,0.19354,0
328,66.10291,90.17409,375.41461,12,1,0,0.25759,1.00000,5.00000,577.37878,7.76489,896.65674,0.35610,0
329,66.03747,90.57568,296.43804,12,1,0,0.25591,1.00000,5.09902,588.81311,8.09499,934.77460,0.36461,0
330,65.97202,90.97727,217.46146,12,1,0,0.25556,1.00000,5.09902,588.81311,8.11304,936.85895,0.35616,0
331,65.90658,91.37886,138.48489,12,1,0,0.25827,1.00000,5.19615,600.02960,7.72300,891.81891,0.33408,0
332,66.09183,129.05985,494.08035,12,1,0,0.28831,0.98383,4.47214,516.42328,6.18386,714.08582,0.33101,0
333,66.02639,129.46144,415.10378,12,1,0,0.27184,0.98378,4.12311,476.11871,6.92804,800.02032,0.33677,0
334,65.96094,129.86303,336.12721,12,1,0,0.26550,0.97326,4.00000,461.90302,7.41446,856.19031,0.34464,0
335,65.89550,130.26462,257.15064,12,1,0,0.26521,1.00000,5.00000,577.37878,7.95222,918.28857,0.36186,0
336,66.08076,167.94561,612.74609,12,1,0,0.32581,0.96783,3.60555,416.35376,5.21869,602.63208,0.28819,0
337,66.01531,168.34720,533.76952,12,1,0,0.28168,0.99461,4.58258,529.17639,6.58827,760.78552,0.33536,0
338,65.94987,168.74879,454.79295,12,1,0,0.27690,0.97354,4.00000,461.90302,6.53304,754.40808,0.33920,0
339,65.88442,169.15038,375.81638,12,1,0,0.27444,1.00000,5.00000,577.37878,7.75414,895.41486,0.36672,0
340,66.06968,206.83137,731.41183,12,1,0,0.28484,0.75956,2.82843,326.61475,3.01188,347.79926,0.26726,0
341,66.00423,207.23296,652.43526,12,1,0,0.33786,0.94823,3.60555,416.35376,4.82869,557.59662,0.27968,0
342,65.93879,207.63455,573.45869,12,1,0,0.31266,0.98910,4.47214,516.42328,5.60182,646.87421,0.32480,0
343,65.99316,246.11872,771.10100,8,0,0,0.00000,0.00000,0.00000,0.00000,0.00000,0.00000,0.11795,0
344,65.92771,246.52031,692.12443,12,1,0,0.30715,0.83106,2.82843,326.61475,3.77322,435.71484,0.26886,0
345,66.31032,50.08355,493.67858,8,0,0,0.30840,0.82016,3.00000,346.42725,3.75470,433.57727,0.21830,0
346,66.24488,50.48514,414.70201,8,0,0,0.29400,0.83978,3.31662,382.98975,3.71770,429.30417,0.21677,0
347,66.17943,50.88673,335.72544,8,0,0,0.30822,0.84677,3.00000,346.42725,4.01999,464.21191,0.22938,0
348,66.36469,88.56772,691.32089,12,1,0,0.31011,0.87052,3.00000,346.42725,3.93623,454.53915,0.27290,0
349,66.29924,88.96931,612.34432,12,1,0,0.31421,0.96477,4.12311,476.11871,5.17027,597.04114,0.30285,0
350,66.23380,89.37090,533.36775,12,1,0,0.28006,1.00000,4.47214,516.42328,6.48114,748.41431,0.34061,0
351,66.16836,89.77249,454.39118,12,1,0,0.26681,1.00000,6.00000,692.85449,7.16477,827.35748,0.34368,0
352,66.28817,127.85507,731.01006,12,1,0,0.32147,0.82086,2.82843,326.61475,3.80667,439.57785,0.26157,0
353,66.22272,128.25666,652.03349,12,1,0,0.33529,0.90741,3.60555,416.35376,4.54082,524.35437,0.27674,0
354,66.15728,128.65826,573.05692,12,1,0,0.31662,0.96774,3.74166,432.07071,5.37012,620.11823,0.30458,0
355,66.21165,167.14242,770.69923,8,0,0,0.00000,0.00000,0.00000,0.00000,0.00000,0.00000,0.11603,0
356,66.14620,167.54402,691.72266,12,1,0,0.28866,0.69421,2.82843,326.61475,2.85470,329.64832,0.21126,0
357,66.50666,48.87878,730.60829,8,0,0,0.32503,0.75068,2.82843,326.61475,2.82632,326.37097,0.18419,0
358,66.44121,49.28037,651.63172,8,0,0,0.30917,0.79452,3.00000,346.42725,3.40975,393.74356,0.20250,0
359,66.37577,49.68196,572.65515,8,0,0,0.31444,0.79459,3.16228,365.16641,3.81649,440.71182,0.21613,0
360,66.43013,88.16613,770.29746,8,0,0,0.00805,0.01096,0.00000,0.00000,0.00000,0.00000,0.10842,0
361,103.61459,723.49942,102.17861,12,1,0,0.30685,0.99180,4.47214,516.42328,5.69006,657.06433,0.27955,0
362,103.60351,762.38518,220.84435,8,0,0,0.00000,0.00000,0.00000,0.00000,0.00000,0.00000,0.01997,0
363,103.53807,762.78677,141.86778,8,0,0,0.00000,0.00000,0.00000,0.00000,0.00000,0.00000,0.01862,0
364,103.47262,763.18837,62.89121,5,0,0,0.00000,0.00000,0.00000,0.00000,0.00000,0.00000,0.00000,0
365,103.83308,644.52313,101.77684,12,1,0,0.28882,0.99722,4.47214,516.42328,5.95519,687.68030,0.29766,0
366,103.82200,683.40889,220.44258,12,1,0,0.26863,0.95055,3.31662,382.98975,5.90277,681.62720,0.29299,0
367,103.75655,683.81048,141.46601,12,1,0,0.28100,0.98352,4.12311,476.11871,6.17759,713.36206,0.29530,0
368,103.69111,684.21207,62.48944,8,0,0,0.12291,0.24309,0.00000,0.00000,0.00000,0.00000,0.15616,0
369,103.81092,722.29465,339.10832,12,1,0,0.26651,0.89459,3.00000,346.42725,4.34780,502.06595,0.28403,0
370,103.74548,722.69624,260.13175,12,1,0,0.26406,0.91599,3.16228,365.16641,5.03766,581.72711,0.29286,0
371,103.68003,723.09783,181.15518,12,1,0,0.28663,0.96496,4.00000,461.90302,5.91619,683.17700,0.28653,0
372,103.86529,760.77882,536.75063,8,0,0,0.00000,0.00000,0.00000,0.00000,0.00000,0.00000,0.01440,0
373,103.79984,761.18041,457.77406,8,0,0,0.00000,0.00000,0.00000,0.00000,0.00000,0.00000,0.01683,0
374,103.73440,761.58200,378.79749,8,0,0,0.00000,0.00000,0.00000,0.00000,0.00000,0.00000,0.01498,0
375,103.66895,761.98359,299.82092,8,0,0,0.00000,0.00000,0.00000,0.00000,0.00000,0.00000,0.01978,0
376,104.11701,565.14524,180.35164,12,1,0,0.27932,0.98103,5.00000,577.37878,6.35423,733.75946,0.29709,0
377,104.05157,565.54683,101.37507,12,1,0,0.29511,1.00000,4.58258,529.17639,6.10007,704.41040,0.29702,0
378,104.10593,604.03100,299.01738,12,1,0,0.26733,0.94609,4.00000,461.90302,6.02705,695.97784,0.30150,0
379,104.04049,604.43259,220.04081,12,1,0,0.27842,0.97561,4.00000,461.90302,6.38222,736.99219,0.29011,0
380,103.97504,604.83419,141.06424,12,1,0,0.28714,0.99733,4.47214,516.42328,6.59222,761.24188,0.29728,0
381,103.90960,605.23578,62.08767,8,0,0,0.12067,0.23016,0.00000,0.00000,0.00000,0.00000,0.16506,0
382,104.09486,642.91676,417.68312,12,1,0,0.26880,0.89840,3.60555,416.35376,4.46811,515.95825,0.27981,0
383,104.02941,643.31835,338.70655,12,1,0,0.26444,0.94309,3.31662,382.98975,5.84983,675.51379,0.29421,0
384,103.96397,643.71995,259.72998,12,1,0,0.27224,0.95979,3.74166,432.07071,6.03011,696.33130,0.30938,0
385,103.89852,644.12154,180.75341,12,1,0,0.28616,0.97884,4.12311,476.11871,6.32631,730.53601,0.31098,0
386,104.08378,681.80252,536.34886,12,1,0,0.27067,0.84741,2.00000,230.95151,3.57375,412.68204,0.27136,0
387,104.01833,682.20412,457.37229,12,1,0,0.27208,0.83019,2.44949,282.85669,3.31800,383.14886,0.24960,0
388,103.95289,682.60571,378.39572,12,1,0,0.26173,0.89160,3.00000,346.42725,4.22620,488.02402,0.28032,0
389,103.88744,683.00730,299.41915,12,1,0,0.25794,0.90244,3.00000,346.42725,4.85382,560.49792,0.29094,0
390,104.07270,720.68828,655.01460,12,1,0,0.27729,0.77358,3.00000,346.42725,2.59457,299.60938,0.25670,0
391,104.00726,721.08988,576.03803,12,1,0,0.28880,0.78820,3.00000,346.42725,3.13248,361.72540,0.25741,0
392,103.94181,721.49147,497.06146,12,1,0,0.27096,0.87193,3.00000,346.42725,3.88146,448.21469,0.27770,0
393,103.87637,721.89306,418.08489,12,1,0,0.28511,0.89333,3.00000,346.42725,4.26357,492.33856,0.26643,0
394,104.06162,759.57405,773.68035,5,0,0,0.00000,0.00000,0.00000,0.00000,0.00000,0.00000,0.00461,0
395,103.99618,759.97564,694.70378,8,0,0,0.00000,0.00000,0.00000,0.00000,0.00000,0.00000,0.01043,0
396,103.93073,760.37723,615.72720,8,0,0,0.00000,0.00000,0.00000,0.00000,0.00000,0.00000,0.01395,0
397,104.34658,447.28319,61.28413,8,0,0,0.10669,0.20325,0.00000,0.00000,0.00000,0.00000,0.14534,0
398,104.33550,486.16895,179.94987,12,1,0,0.28516,0.99194,5.00000,577.37878,6.49393,749.89093,0.29158,0
399,104.27005,486.57054,100.97330,12,1,0,0.27825,0.89041,3.16228,365.16641,4.33642,500.75098,0.28026,0
400,104.32442,525.05471,298.61561,12,1,0,0.26272,0.94022,4.00000,461.90302,5.59848,646.48901,0.27456,0
401,104.25898,525.45630,219.63904,12,1,0,0.27005,0.98619,4.24264,489.92212,6.44550,744.29889,0.29050,0
402,104.19353,525.85789,140.66247,12,1,0,0.29521,0.98645,5.00000,577.37878,5.79480,669.15887,0.29414,0
403,104.12809,526.25948,61.68590,8,0,0,0.14088,0.27642,0.00000,0.00000,0.00000,0.00000,0.16941,0
404,104.31334,563.94047,417.28135,12,1,0,0.27635,0.90489,3.31662,382.98975,4.43684,512.34790,0.27366,0
405,104.24790,564.34206,338.30478,12,1,0,0.27090,0.94851,4.00000,461.90302,5.55744,641.74982,0.28902,0
406,104.18245,564.74365,259.32821,12,1,0,0.26615,0.94278,4.12311,476.11871,5.53863,639.57751,0.29005,0
407,104.36771,602.42464,614.92366,12,1,0,0.29209,0.85326,3.16228,365.16641,3.91360,451.92639,0.26541,0
408,104.30227,602.82623,535.94709,12,1,0,0.29086,0.93280,4.00000,461.90302,5.01492,579.10181,0.27571,0
409,104.23682,603.22782,456.97052,12,1,0,0.27760,0.94444,4.00000,461.90302,5.66874,654.60205,0.29299,0
410,104.17138,603.62941,377.99395,12,1,0,0.26687,0.93548,4.00000,461.90302,5.50000,635.11664,0.30042,0
411,104.35663,641.31040,733.58940,12,1,0,0.27103,0.71507,2.44949,282.85669,2.91362,336.45221,0.24256,0
412,104.29119,641.71199,654.61283,12,1,0,0.28680,0.82289,3.16228,365.16641,3.62153,418.19925,0.26131,0
413,104.22574,642.11358,575.63626,12,1,0,0.28498,0.91008,3.74166,432.07071,4.64764,536.68921,0.27750,0
414,104.16030,642.51517,496.65969,12,1,0,0.26459,0.88219,2.44949,282.85669,4.17878,482.54800,0.27955,0
415,104.28011,680.59775,773.27858,8,0,0,0.03757,0.05722,0.00000,0.00000,0.00000,0.00000,0.12582,0
416,104.21467,680.99934,694.30200,12,1,0,0.31769,0.86207,3.31662,382.98975,4.12783,476.66467,0.26355,0
417,104.14922,681.40093,615.32543,12,1,0,0.28546,0.86885,3.00000,346.42725,3.92478,453.21732,0.26688,0
418,104.13814,720.28669,733.99118,12,1,0,0.29069,0.75733,2.82843,326.61475,2.98497,344.69122,0.24768,0
419,104.56507,368.30689,60.88235,8,0,0,0.11782,0.22466,0.00000,0.00000,0.00000,0.00000,0.15616,0
420,104.61943,406.79106,258.52467,12,1,0,0.29092,0.94490,4.12311,476.11871,5.01498,579.10852,0.25997,0
421,104.55399,407.19265,179.54810,12,1,0,0.27321,1.00000,5.00000,577.37878,6.73884,778.17249,0.30182,0
422,104.48854,407.59424,100.57153,12,1,0,0.28222,0.95845,4.12311,476.11871,5.53767,639.46625,0.28512,0
423,104.60836,445.67682,377.19041,12,1,0,0.27158,0.94231,4.00000,461.90302,5.29213,611.11279,0.27859,0
424,104.54291,446.07841,298.21384,12,1,0,0.26515,0.95890,4.00000,461.90302,5.98539,691.16718,0.29107,0
425,104.47747,446.48000,219.23727,12,1,0,0.26758,0.97222,4.12311,476.11871,6.38065,736.80981,0.28486,0
426,104.41202,446.88160,140.26070,12,1,0,0.28774,1.00000,5.00000,577.37878,6.34217,732.36664,0.27667,0
427,104.59728,484.56258,495.85615,12,1,0,0.27651,0.89560,3.00000,346.42725,4.27760,493.95923,0.27648,0
428,104.53183,484.96417,416.87958,12,1,0,0.27632,0.91057,3.16228,365.16641,4.57094,527.83246,0.28218,0
429,104.46639,485.36577,337.90301,12,1,0,0.26605,0.93733,4.00000,461.90302,5.37443,620.61682,0.27699,0
430,104.40094,485.76736,258.92644,12,1,0,0.27104,0.96164,4.00000,461.90302,5.80803,670.68634,0.27942,0
431,104.58620,523.44834,614.52189,12,1,0,0.27866,0.83056,3.00000,346.42725,3.60882,416.73080,0.25158,0
432,104.52076,523.84993,535.54532,12,1,0,0.28183,0.89973,3.16228,365.16641,4.48701,518.14142,0.28179,0
433,104.45531,524.25153,456.56875,12,1,0,0.27427,0.93646,4.00000,461.90302,5.17747,597.87256,0.27443,0
434,104.38987,524.65312,377.59218,12,1,0,0.26551,0.92857,4.00000,461.90302,5.18106,598.28699,0.27661,0
435,104.57512,562.33410,733.18763,12,1,0,0.25424,0.65574,2.00000,230.95151,0.00000,0.00000,0.25030,0
436,104.50968,562.73570,654.21106,12,1,0,0.28381,0.82094,3.00000,346.42725,3.53150,407.80310,0.26278,0
437,104.44423,563.13729,575.23449,12,1,0,0.30000,0.91484,3.60555,416.35376,4.64315,536.17151,0.26285,0
438,104.37879,563.53888,496.25792,12,1,0,0.27476,0.94247,4.00000,461.90302,5.55409,641.36304,0.29261,0
439,104.49860,601.62146,772.87680,8,0,0,0.02952,0.04396,0.00000,0.00000,0.00000,0.00000,0.11475,0
440,104.43316,602.02305,693.90023,12,1,0,0.30050,0.81402,2.82843,326.61475,3.54205,409.02036,0.25395,0
441,104.84900,288.92901,139.45715,12,1,0,0.28738,1.00000,5.00000,577.37878,6.55339,756.75726,0.29632,0
442,104.78355,289.33060,60.48058,8,0,0,0.13324,0.27348,0.00000,0.00000,0.00000,0.00000,0.15917,0
443,104.83792,327.81477,258.12290,12,1,0,0.27803,0.96834,4.00000,461.90302,6.62233,764.71869,0.28653,0
444,104.77248,328.21636,179.14633,12,1,0,0.28160,1.00000,5.00000,577.37878,6.81170,786.58643,0.28928,0
445,104.70703,328.61795,100.16975,12,1,0,0.28719,0.98634,5.00000,577.37878,6.03517,696.91534,0.29299,0
446,104.82684,366.70053,376.78864,12,1,0,0.27294,0.95676,4.00000,461.90302,5.80090,669.86365,0.28333,0
447,104.76140,367.10212,297.81207,12,1,0,0.27218,0.97333,4.12311,476.11871,6.89770,796.51752,0.28685,0
448,104.69595,367.50371,218.83550,12,1,0,0.26983,1.00000,5.00000,577.37878,6.97602,805.56146,0.30157,0
449,104.63051,367.90530,139.85893,12,1,0,0.29163,1.00000,5.00000,577.37878,6.19724,715.63080,0.29190,0
450,104.81577,405.58629,495.45438,12,1,0,0.28378,0.93075,3.31662,382.98975,5.09542,588.39783,0.28064,0
451,104.75032,405.98788,416.47781,12,1,0,0.27429,0.95628,4.00000,461.90302,5.42438,626.38416,0.28224,0
452,104.68488,406.38947,337.50124,12,1,0,0.26606,0.95082,4.00000,461.90302,5.81528,671.52417,0.27994,0
453,104.87013,444.07046,693.09669,12,1,0,0.27412,0.66845,2.23607,258.21164,2.39408,276.45807,0.23955,0
454,104.80469,444.47205,614.12012,12,1,0,0.29301,0.85873,3.00000,346.42725,3.93349,454.22311,0.26413,0
455,104.73924,444.87364,535.14355,12,1,0,0.29551,0.89600,3.16228,365.16641,4.34193,501.38763,0.27712,0
456,104.67380,445.27523,456.16698,12,1,0,0.28122,0.94837,4.00000,461.90302,5.64780,652.18408,0.27808,0
457,104.79361,483.35781,732.78586,12,1,0,0.26461,0.66756,2.23607,258.21164,2.55183,294.67441,0.24019,0
458,104.72817,483.75940,653.80929,12,1,0,0.27680,0.76139,2.82843,326.61475,2.96293,342.14667,0.26170,0
459,104.66272,484.16099,574.83272,12,1,0,0.29174,0.89286,3.16228,365.16641,4.23350,488.86633,0.27840,0
460,104.71709,522.64516,772.47503,8,0,0,0.00783,0.01096,0.00000,0.00000,0.00000,0.00000,0.11552,0
461,104.65164,523.04675,693.49846,12,1,0,0.25696,0.65395,2.23607,258.21164,2.25000,259.82043,0.24576,0
462,105.06749,209.95271,139.05538,12,1,0,0.28160,1.00000,5.00000,577.37878,6.86151,792.33759,0.29990,0
463,105.00204,210.35430,60.07881,8,0,0,0.13342,0.27371,0.00000,0.00000,0.00000,0.00000,0.16736,0
464,105.12186,248.43688,336.69770,12,1,0,0.27113,0.97534,4.00000,461.90302,6.35087,733.37158,0.27552,0
465,105.05641,248.83847,257.72113,12,1,0,0.26912,0.97600,5.00000,577.37878,7.05163,814.29218,0.28710,0
466,104.99097,249.24006,178.74455,12,1,0,0.28508,1.00000,5.00000,577.37878,7.02950,811.73712,0.29702,0
467,104.92552,249.64165,99.76798,12,1,0,0.27841,0.99185,4.47214,516.42328,6.66539,769.69080,0.29613,0
468,105.11078,287.32264,455.36344,12,1,0,0.28076,0.97268,3.74166,432.07071,6.06025,699.81207,0.27981,0
469,105.04533,287.72423,376.38687,12,1,0,0.27224,0.96730,4.00000,461.90302,6.18106,713.76263,0.27411,0
470,104.97989,288.12582,297.41030,12,1,0,0.26751,0.96766,4.00000,461.90302,6.83817,789.64276,0.27814,0
471,104.91444,288.52741,218.43373,12,1,0,0.27454,0.97283,4.00000,461.90302,6.32849,730.78711,0.29094,0
472,105.09970,326.20840,574.02918,12,1,0,0.33019,0.93583,3.60555,416.35376,4.88543,564.14880,0.26522,0
473,105.03426,326.60999,495.05261,12,1,0,0.29188,0.92098,3.00000,346.42725,5.03927,581.91302,0.27040,0
474,104.96881,327.01158,416.07604,12,1,0,0.28571,0.95699,3.31662,382.98975,5.65717,653.26617,0.27738,0
475,104.90337,327.41318,337.09947,12,1,0,0.26829,0.96175,4.00000,461.90302,6.08714,702.91687,0.28928,0
476,105.08862,365.09416,692.69492,12,1,0,0.31429,0.78780,3.16228,365.16641,3.65713,422.31000,0.22982,0
477,105.02318,365.49575,613.71835,12,1,0,0.31623,0.92623,3.60555,416.35376,4.77823,551.76917,0.25574,0
478,104.95773,365.89734,534.74178,12,1,0,0.30253,0.93280,3.16228,365.16641,5.08968,587.73444,0.27078,0
479,104.89229,366.29894,455.76521,12,1,0,0.28710,0.95418,3.00000,346.42725,5.63888,651.15381,0.28320,0
480,105.01210,404.38151,732.38409,12,1,0,0.24947,0.63957,2.23607,258.21164,0.00000,0.00000,0.23802,0
481,104.94666,404.78311,653.40752,12,1,0,0.29848,0.80328,3.16228,365.16641,3.60266,416.01947,0.25274,0
482,104.88121,405.18470,574.43095,12,1,0,0.31358,0.93733,3.60555,416.35376,5.00949,578.47461,0.26240,0
483,104.93558,443.66887,772.07326,8,0,0,0.01198,0.01609,0.00000,0.00000,0.00000,0.00000,0.11168,0
484,105.36250,91.68906,98.96444,12,1,0,0.27594,1.00000,5.38516,621.85596,6.85169,791.20404,0.27802,0
485,105.35142,130.57483,217.63018,12,1,0,0.26642,0.99724,5.09902,588.81311,7.04075,813.03607,0.29626,0
486,105.28598,130.97642,138.65361,12,1,0,0.27468,1.00000,5.83095,673.33356,6.95729,803.39886,0.28762,0
487,105.22053,131.37801,59.67704,8,0,0,0.16206,0.35440,0.00000,0.00000,0.00000,0.00000,0.17318,0
488,105.34034,169.46059,336.29593,12,1,0,0.26940,0.98904,5.00000,577.37878,6.89887,796.65228,0.28256,0
489,105.27490,169.86218,257.31935,12,1,0,0.27571,1.00000,5.19615,600.02960,6.98478,806.57263,0.26586,0
490,105.20946,170.26377,178.34278,12,1,0,0.27093,1.00000,5.00000,577.37878,7.12265,822.49298,0.29242,0
491,105.14401,170.66536,99.36621,12,1,0,0.27545,0.99729,5.09902,588.81311,6.79139,784.24078,0.29638,0
492,105.32927,208.34635,454.96167,12,1,0,0.30446,0.95342,4.00000,461.90302,5.04658,582.75806,0.25600,0
493,105.26382,208.74794,375.98510,12,1,0,0.28968,0.95550,4.00000,461.90302,5.77023,666.32178,0.27302,0
494,105.19838,209.14953,297.00853,12,1,0,0.27139,0.98133,5.00000,577.37878,7.07726,817.25140,0.28896,0
495,105.13293,209.55112,218.03195,12,1,0,0.28298,1.00000,5.91608,683.16382,6.71555,775.48279,0.25811,0
496,105.31819,247.23211,573.62741,12,1,0,0.31688,0.96712,4.12311,476.11871,5.33514,616.07892,0.26477,0
497,105.25274,247.63370,494.65084,12,1,0,0.29992,0.97268,4.35890,503.34717,5.47638,632.38867,0.26637,0
498,105.18730,248.03529,415.67427,12,1,0,0.27545,0.93566,4.00000,461.90302,5.46916,631.55566,0.27027,0
499,105.37256,285.71628,771.26972,8,0,0,0.00616,0.00813,0.00000,0.00000,0.00000,0.00000,0.11053,0
500,105.30711,286.11787,692.29315,12,1,0,0.30098,0.75000,2.82843,326.61475,3.27441,378.11493,0.23174,0
501,105.24167,286.51946,613.31658,12,1,0,0.31868,0.88122,3.16228,365.16641,4.29479,495.94403,0.25453,0
502,105.17622,286.92105,534.34001,12,1,0,0.31476,0.91622,4.00000,461.90302,4.58439,529.38550,0.26112,0
503,105.23059,325.40522,731.98232,12,1,0,0.27660,0.70652,2.23607,258.21164,3.04859,352.03842,0.22624,0
504,105.16515,325.80681,653.00575,12,1,0,0.32373,0.87399,3.60555,416.35376,4.31010,497.71243,0.24858,0
505,105.15407,364.69257,771.67149,8,0,0,0.00000,0.00000,0.00000,0.00000,0.00000,0.00000,0.09997,0
506,105.56991,51.59853,217.22841,8,0,0,0.28822,0.76648,3.00000,346.42725,3.11870,360.13412,0.20269,0
507,105.50447,52.00012,138.25184,8,0,0,0.28220,0.79282,2.44949,282.85669,3.25000,375.29620,0.20723,0
508,105.43902,52.40171,59.27527,5,0,0,0.15764,0.27273,0.00000,0.00000,0.00000,0.00000,0.08256,0
509,105.62428,90.08270,414.87073,12,1,0,0.28741,0.98374,4.00000,461.90302,6.19838,715.76257,0.27923,0
510,105.55883,90.48429,335.89415,12,1,0,0.27517,1.00000,5.00000,577.37878,6.89128,795.77582,0.29184,0
511,105.49339,90.88588,256.91758,12,1,0,0.26940,1.00000,5.19615,600.02960,7.16476,827.35565,0.29312,0
512,105.42794,91.28747,177.94101,12,1,0,0.26441,1.00000,6.00000,692.85449,7.32327,845.66046,0.28749,0
513,105.61320,128.96846,533.53647,12,1,0,0.30337,0.95640,4.00000,461.90302,5.06884,585.32764,0.26758,0
514,105.54776,129.37005,454.55990,12,1,0,0.29077,0.97245,4.12311,476.11871,5.54993,640.88208,0.26669,0
515,105.48231,129.77164,375.58333,12,1,0,0.27731,1.00000,5.00000,577.37878,6.62618,765.16327,0.27648,0
516,105.41687,130.17323,296.60675,12,1,0,0.26991,0.99728,5.00000,577.37878,7.06632,815.98883,0.28858,0
517,105.60212,167.85422,652.20221,12,1,0,0.31837,0.85479,3.16228,365.16641,3.93278,454.14081,0.25190,0
518,105.53668,168.25581,573.22564,12,1,0,0.31053,0.95041,3.60555,416.35376,5.06720,585.13824,0.27194,0
519,105.47123,168.65740,494.24907,12,1,0,0.29691,0.98072,4.24264,489.92212,5.65256,652.73364,0.24448,0
520,105.40579,169.05899,415.27250,12,1,0,0.27965,0.96477,4.12311,476.11871,5.98847,691.52362,0.26624,0
521,105.59105,206.73998,770.86795,8,0,0,0.00000,0.00000,0.00000,0.00000,0.00000,0.00000,0.11027,0
522,105.52560,207.14157,691.89138,12,1,0,0.31075,0.79396,2.44949,282.85669,3.36442,388.50928,0.24109,0
523,105.46016,207.54316,612.91481,12,1,0,0.33627,0.93207,3.60555,416.35376,4.71862,544.88599,0.26253,0
524,105.39471,207.94476,533.93824,12,1,0,0.31565,0.98374,4.12311,476.11871,5.43759,627.90961,0.27373,0
525,105.44908,246.42892,731.58055,12,1,0,0.28602,0.72727,2.82843,326.61475,2.79583,322.85095,0.23034,0
526,105.38363,246.83052,652.60398,12,1,0,0.33400,0.90489,3.46410,400.01974,4.51986,521.93433,0.24243,0
527,105.83169,49.99217,533.13470,8,0,0,0.33370,0.79576,3.00000,346.42725,3.71121,428.55441,0.18707,0
528,105.76624,50.39376,454.15813,8,0,0,0.30927,0.78846,3.00000,346.42725,3.44891,398.26584,0.18234,0
529,105.70080,50.79535,375.18155,8,0,0,0.28527,0.74526,2.44949,282.85669,3.02858,349.72769,0.19731,0
530,105.63536,51.19694,296.20498,8,0,0,0.29660,0.77628,3.00000,346.42725,3.20519,370.12146,0.20211,0
531,105.82061,88.87793,651.80044,12,1,0,0.32178,0.86436,3.16228,365.16641,3.86297,446.07904,0.24813,0
532,105.75517,89.27952,572.82387,12,1,0,0.31757,0.95442,4.12311,476.11871,5.27423,609.04614,0.26566,0
533,105.68972,89.68111,493.84730,12,1,0,0.30384,0.98645,4.24264,489.92212,5.47268,631.96234,0.27136,0
534,105.80953,127.76369,770.46618,8,0,0,0.00000,0.00000,0.00000,0.00000,0.00000,0.00000,0.11789,0
535,105.74409,128.16528,691.48961,12,1,0,0.31366,0.83242,3.16228,365.16641,3.53094,407.73825,0.24544,0
536,105.67865,128.56687,612.51304,12,1,0,0.31962,0.92265,3.60555,416.35376,4.70075,542.82208,0.25478,0
537,105.66757,167.45263,731.17878,12,1,0,0.27442,0.64481,2.23607,258.21164,0.00000,0.00000,0.22893,0
538,106.02802,48.78739,770.06441,5,0,0,0.00206,0.00267,0.00000,0.00000,0.00000,0.00000,0.07558,0
539,105.96258,49.18898,691.08784,8,0,0,0.32572,0.72460,2.82843,326.61475,2.91500,336.61182,0.17670,0
540,105.89713,49.59057,612.11127,8,0,0,0.36597,0.81471,3.00000,346.42725,3.77506,435.92831,0.17754,0
541,105.88606,88.47634,730.77701,12,1,0,0.09859,0.21154,0.00000,0.00000,0.00000,0.00000,0.20122,0
542,143.07051,723.80963,62.65816,8,0,0,0.13462,0.26486,0.00000,0.00000,0.00000,0.00000,0.14259,0
543,143.12488,762.29380,260.30047,8,0,0,0.00000,0.00000,0.00000,0.00000,0.00000,0.00000,0.01709,0
544,143.05943,762.69539,181.32390,8,0,0,0.00000,0.00000,0.00000,0.00000,0.00000,0.00000,0.01427,0
545,142.99399,763.09698,102.34733,8,0,0,0.00000,0.00000,0.00000,0.00000,0.00000,0.00000,0.01632,0
546,143.35444,644.43174,141.23296,12,1,0,0.28747,0.97230,4.12311,476.11871,5.72349,660.92456,0.26246,0
547,143.28900,644.83333,62.25639,8,0,0,0.13025,0.24324,0.00000,0.00000,0.00000,0.00000,0.14438,0
548,143.34337,683.31750,259.89870,12,1,0,0.27778,0.94262,4.00000,461.90302,5.25265,606.55334,0.26202,0
549,143.27792,683.71909,180.92213,12,1,0,0.27991,0.97283,4.24264,489.92212,6.22062,718.33044,0.26944,0
550,143.21248,684.12069,101.94556,12,1,0,0.30534,0.95745,4.12311,476.11871,5.35268,618.10504,0.26016,0
551,143.33229,722.20326,378.56444,12,1,0,0.26982,0.92329,4.00000,461.90302,4.90636,566.56580,0.26854,0
552,143.26684,722.60485,299.58787,12,1,0,0.25975,0.91989,4.00000,461.90302,4.99442,576.73419,0.27290,0
553,143.20140,723.00645,220.61130,12,1,0,0.27755,0.92992,4.00000,461.90302,5.27291,608.89374,0.26854,0
554,143.13595,723.40804,141.63473,12,1,0,0.28273,0.96438,3.74166,432.07071,5.83707,674.03992,0.26682,0
555,143.32121,761.08902,497.23018,8,0,0,0.00000,0.00000,0.00000,0.00000,0.00000,0.00000,0.01261,0
556,143.25577,761.49062,418.25361,8,0,0,0.00000,0.00000,0.00000,0.00000,0.00000,0.00000,0.01504,0
557,143.19032,761.89221,339.27704,8,0,0,0.00000,0.00000,0.00000,0.00000,0.00000,0.00000,0.01363,0
558,143.57293,565.45545,140.83119,12,1,0,0.29241,0.99725,4.58258,529.17639,5.97635,690.12347,0.28218,0
559,143.50749,565.85704,61.85462,8,0,0,0.10917,0.20492,0.00000,0.00000,0.00000,0.00000,0.14957,0
560,143.56186,604.34121,259.49693,12,1,0,0.27148,0.99167,4.58258,529.17639,6.64755,767.63110,0.28794,0
561,143.49641,604.74280,180.52036,12,1,0,0.27994,1.00000,4.89898,565.71338,6.42854,742.34045,0.27565,0
562,143.43097,605.14439,101.54379,12,1,0,0.29123,0.98907,4.24264,489.92212,5.88717,679.82544,0.28621,0
563,143.61622,642.82538,457.13924,12,1,0,0.27179,0.93716,3.31662,382.98975,5.50000,635.11664,0.29587,0
564,143.55078,643.22697,378.16267,12,1,0,0.27052,0.95580,4.00000,461.90302,5.72466,661.05969,0.29414,0
565,143.48533,643.62856,299.18610,12,1,0,0.26276,0.94521,4.00000,461.90302,5.65764,653.32043,0.28800,0
566,143.41989,644.03015,220.20953,12,1,0,0.27882,0.97019,4.00000,461.90302,6.11542,706.18268,0.26899,0
567,143.60514,681.71114,575.80498,12,1,0,0.27802,0.86301,3.00000,346.42725,3.88367,448.46976,0.26662,0
568,143.53970,682.11273,496.82841,12,1,0,0.28147,0.88705,3.00000,346.42725,4.14322,478.44144,0.26157,0
569,143.47426,682.51432,417.85184,12,1,0,0.26930,0.87228,3.00000,346.42725,3.85492,445.15005,0.25421,0
570,143.40881,682.91591,338.87527,12,1,0,0.26895,0.91576,3.16228,365.16641,4.62129,533.64740,0.26278,0
571,143.59407,720.59690,694.47072,12,1,0,0.29586,0.83102,3.16228,365.16641,3.69505,426.68900,0.25830,0
572,143.52862,720.99849,615.49415,12,1,0,0.29198,0.84140,3.00000,346.42725,3.65833,422.44879,0.26387,0
573,143.46318,721.40008,536.51758,12,1,0,0.27548,0.90833,3.16228,365.16641,4.55879,526.42999,0.27072,0
574,143.39773,721.80167,457.54101,12,1,0,0.26751,0.87088,3.00000,346.42725,3.68189,425.16901,0.26227,0
575,143.51755,759.88425,734.15989,8,0,0,0.00000,0.00000,0.00000,0.00000,0.00000,0.00000,0.01082,0
576,143.45210,760.28584,655.18332,8,0,0,0.00000,0.00000,0.00000,0.00000,0.00000,0.00000,0.01235,0
577,143.38666,760.68743,576.20675,8,0,0,0.00000,0.00000,0.00000,0.00000,0.00000,0.00000,0.01222,0
578,143.86794,447.19180,100.74024,12,1,0,0.29701,0.98925,4.47214,516.42328,5.94940,687.01093,0.28966,0
579,143.85687,486.07756,219.40599,12,1,0,0.26783,0.95924,4.00000,461.90302,6.33031,730.99774,0.28474,0
580,143.79142,486.47915,140.42942,12,1,0,0.28753,1.00000,4.69042,541.62933,6.11503,706.13782,0.27526,0
581,143.72598,486.88074,61.45284,8,0,0,0.09286,0.17857,0.00000,0.00000,0.00000,0.00000,0.14086,0
582,143.84579,524.96332,338.07173,12,1,0,0.27670,0.95174,3.74166,432.07071,5.98377,690.98065,0.27475,0
583,143.78034,525.36491,259.09516,12,1,0,0.27330,0.95355,3.74166,432.07071,5.81326,671.29077,0.28691,0
584,143.71490,525.76650,180.11859,12,1,0,0.28593,1.00000,5.00000,577.37878,6.52771,753.79181,0.29018,0
585,143.64945,526.16810,101.14202,12,1,0,0.29392,0.95924,4.35890,503.34717,5.35614,618.50403,0.29101,0
586,143.83471,563.84908,456.73747,12,1,0,0.27418,0.91711,3.00000,346.42725,5.15892,595.72974,0.28032,0
587,143.76927,564.25067,377.76090,12,1,0,0.27230,0.94102,3.00000,346.42725,5.64529,651.89386,0.29133,0
588,143.70382,564.65226,298.78433,12,1,0,0.26707,0.95652,4.00000,461.90302,6.15718,711.00470,0.27891,0
589,143.63838,565.05386,219.80776,12,1,0,0.27315,0.95935,4.00000,461.90302,5.99182,691.90997,0.28384,0
590,143.82363,602.73484,575.40321,12,1,0,0.28817,0.87158,3.16228,365.16641,4.05677,468.45868,0.26682,0
591,143.75819,603.13643,496.42664,12,1,0,0.28151,0.91781,3.16228,365.16641,4.89509,565.26428,0.28378,0
592,143.69274,603.53803,417.45007,12,1,0,0.27119,0.92818,3.16228,365.16641,4.75000,548.50983,0.27597,0
593,143.62730,603.93962,338.47350,12,1,0,0.27129,0.93478,3.16228,365.16641,5.33005,615.49152,0.27667,0
594,143.81256,641.62060,694.06895,12,1,0,0.30141,0.81694,3.16228,365.16641,3.69554,426.74475,0.24915,0
595,143.74711,642.02220,615.09238,12,1,0,0.29171,0.84140,3.00000,346.42725,3.71128,428.56299,0.26208,0
596,143.68167,642.42379,536.11581,12,1,0,0.28384,0.88556,3.00000,346.42725,4.23111,488.59030,0.27603,0
597,143.73603,680.90796,733.75812,12,1,0,0.27072,0.69355,2.82843,326.61475,2.56953,296.71857,0.24448,0
598,143.67059,681.30955,654.78155,12,1,0,0.28736,0.81301,2.82843,326.61475,3.50000,404.16513,0.25754,0
599,143.65951,720.19531,773.44729,8,0,0,0.02364,0.03562,0.00000,0.00000,0.00000,0.00000,0.12954,0
600,144.08643,368.21551,100.33847,12,1,0,0.28318,0.99458,5.00000,577.37878,6.46065,746.04865,0.28147,0
601,144.07536,407.10127,219.00422,12,1,0,0.28638,0.98123,5.00000,577.37878,6.36836,735.39111,0.26637,0
602,144.00991,407.50286,140.02764,12,1,0,0.29910,0.99728,4.47214,516.42328,6.02148,695.33539,0.26714,0
603,143.94447,407.90445,61.05107,8,0,0,0.11615,0.22283,0.00000,0.00000,0.00000,0.00000,0.14496,0
604,144.06428,445.98703,337.66996,12,1,0,0.27568,0.96486,4.00000,461.90302,6.02522,695.76691,0.26483,0
605,143.99883,446.38862,258.69339,12,1,0,0.26771,0.97554,4.00000,461.90302,6.67440,770.73193,0.28141,0
606,143.93339,446.79021,179.71682,12,1,0,0.28299,0.99464,4.47214,516.42328,6.68390,771.82806,0.29472,0
607,144.11864,484.47120,535.31227,12,1,0,0.29029,0.91530,3.00000,346.42725,4.65427,537.45490,0.24794,0
608,144.05320,484.87279,456.33570,12,1,0,0.27827,0.93029,3.00000,346.42725,5.38321,621.62976,0.27782,0
609,143.98776,485.27438,377.35913,12,1,0,0.26374,0.90811,3.00000,346.42725,4.91875,567.99579,0.27398,0
610,143.92231,485.67597,298.38256,12,1,0,0.27099,0.96206,4.00000,461.90302,6.01752,694.87708,0.27923,0
611,144.10757,523.35696,653.97801,12,1,0,0.28134,0.76408,3.00000,346.42725,2.95597,341.34305,0.23693,0
612,144.04212,523.75855,575.00144,12,1,0,0.30483,0.88410,3.74166,432.07071,4.25000,490.77194,0.26099,0
613,143.97668,524.16014,496.02487,12,1,0,0.28731,0.90296,3.00000,346.42725,4.43315,511.92114,0.27469,0
614,143.91123,524.56173,417.04830,12,1,0,0.26358,0.87601,3.00000,346.42725,4.10287,473.78156,0.27744,0
615,144.09649,562.24272,772.64375,8,0,0,0.01149,0.01626,0.00000,0.00000,0.00000,0.00000,0.11002,0
616,144.03105,562.64431,693.66718,12,1,0,0.27134,0.73352,2.44949,282.85669,2.41552,278.93369,0.23232,0
617,143.96560,563.04590,614.69061,12,1,0,0.30261,0.87601,3.16228,365.16641,4.20102,485.11594,0.25523,0
618,143.90016,563.44749,535.71404,12,1,0,0.28448,0.90110,3.00000,346.42725,4.47147,516.34589,0.27315,0
619,143.95452,601.93166,733.35635,12,1,0,0.25026,0.64595,2.23607,258.21164,0.00000,0.00000,0.24819,0
620,143.88908,602.33325,654.37978,12,1,0,0.29698,0.83333,3.00000,346.42725,3.80037,438.85065,0.26080,0
621,143.87800,641.21901,773.04552,8,0,0,0.02836,0.04000,0.00000,0.00000,0.00000,0.00000,0.11878,0
622,144.37037,288.83762,178.91327,12,1,0,0.26813,1.00000,5.09902,588.81311,7.17766,828.84595,0.29459,0
623,144.30492,289.23921,99.93670,12,1,0,0.28825,0.99467,4.47214,516.42328,6.49096,749.54828,0.28915,0
624,144.35929,327.72338,297.57902,12,1,0,0.26912,0.98356,4.24264,489.92212,6.74414,778.78510,0.28070,0
625,144.29384,328.12497,218.60244,12,1,0,0.27466,0.98907,5.00000,577.37878,6.64574,767.42163,0.28013,0
626,144.22840,328.52656,139.62587,12,1,0,0.27618,1.00000,5.09902,588.81311,6.72213,776.24280,0.28890,0
627,144.16295,328.92815,60.64930,8,0,0,0.11035,0.21951,0.00000,0.00000,0.00000,0.00000,0.15302,0
628,144.34821,366.60914,416.24476,12,1,0,0.27002,0.94505,4.00000,461.90302,5.75487,664.54828,0.27360,0
629,144.28277,367.01073,337.26819,12,1,0,0.27786,0.98928,5.00000,577.37878,6.58445,760.34430,0.27520,0
630,144.21732,367.41232,258.29162,12,1,0,0.26840,0.98634,5.00000,577.37878,6.86119,792.30090,0.29018,0
631,144.15188,367.81391,179.31504,12,1,0,0.27707,1.00000,5.09902,588.81311,6.90335,797.16931,0.27699,0
632,144.33713,405.49490,534.91050,12,1,0,0.29086,0.94809,4.00000,461.90302,5.25661,607.01117,0.26310,0
633,144.27169,405.89649,455.93393,12,1,0,0.29642,0.97067,4.12311,476.11871,5.81719,671.74408,0.26829,0
634,144.20624,406.29808,376.95736,12,1,0,0.27357,0.94149,4.00000,461.90302,5.73726,662.51440,0.27091,0
635,144.14080,406.69968,297.98079,12,1,0,0.27613,0.97312,4.47214,516.42328,6.39769,738.77759,0.27200,0
636,144.32606,444.38066,653.57624,12,1,0,0.30784,0.89560,4.12311,476.11871,4.44000,512.71234,0.26214,0
637,144.26061,444.78225,574.59967,12,1,0,0.30124,0.93425,4.12311,476.11871,5.06379,584.74542,0.26906,0
638,144.19517,445.18384,495.62310,12,1,0,0.31170,0.92412,4.00000,461.90302,4.73969,547.31891,0.23219,0
639,144.12972,445.58544,416.64653,12,1,0,0.26970,0.90959,3.00000,346.42725,4.86868,562.21405,0.25869,0
640,144.31498,483.26642,772.24198,8,0,0,0.01014,0.01355,0.00000,0.00000,0.00000,0.00000,0.11021,0
641,144.24953,483.66801,693.26541,12,1,0,0.27668,0.72752,2.44949,282.85669,3.11583,359.80319,0.24077,0
642,144.18409,484.06961,614.28884,12,1,0,0.30010,0.83914,3.16228,365.16641,3.64645,421.07663,0.25600,0
643,144.17301,522.95537,732.95458,12,1,0,0.27263,0.70856,2.44949,282.85669,2.61687,302.18561,0.24691,0
644,144.59993,170.97556,59.84576,8,0,0,0.15851,0.33154,0.00000,0.00000,0.00000,0.00000,0.13894,0
645,144.58886,209.86132,178.51150,12,1,0,0.27435,1.00000,5.09902,588.81311,6.92443,799.60364,0.29920,0
646,144.52341,210.26292,99.53493,12,1,0,0.27082,1.00000,5.09902,588.81311,6.85134,791.16376,0.30566,0
647,144.57778,248.74709,297.17724,12,1,0,0.26582,0.98077,4.00000,461.90302,6.84165,790.04468,0.28486,0
648,144.51233,249.14868,218.20067,12,1,0,0.26277,1.00000,5.00000,577.37878,7.25839,838.16791,0.29357,0
649,144.44689,249.55027,139.22410,12,1,0,0.27021,1.00000,5.00000,577.37878,6.86412,792.63965,0.28275,0
650,144.38144,249.95186,60.24753,8,0,0,0.13243,0.26703,0.00000,0.00000,0.00000,0.00000,0.14662,0
651,144.56670,287.63285,415.84299,12,1,0,0.27581,0.95890,4.00000,461.90302,5.77048,666.35083,0.27168,0
652,144.50126,288.03444,336.86642,12,1,0,0.27985,1.00000,4.89898,565.71338,6.71881,775.85950,0.27878,0
653,144.43581,288.43603,257.88984,12,1,0,0.27273,1.00000,5.00000,577.37878,6.96142,803.87549,0.28262,0
654,144.62107,326.11702,613.48530,12,1,0,0.31512,0.88736,3.60555,416.35376,4.22685,488.09857,0.25696,0
655,144.55562,326.51861,534.50873,12,1,0,0.30087,0.96111,4.12311,476.11871,5.29925,611.93524,0.26790,0
656,144.49018,326.92020,455.53216,12,1,0,0.29022,0.97027,4.12311,476.11871,5.85851,676.51593,0.25856,0
657,144.42473,327.32179,376.55559,12,1,0,0.27521,0.99725,4.58258,529.17639,6.75000,779.46136,0.27558,0
658,144.60999,365.00278,732.15104,12,1,0,0.26386,0.69086,2.23607,258.21164,2.54522,293.91159,0.25197,0
659,144.54455,365.40437,653.17447,12,1,0,0.32143,0.93956,3.60555,416.35376,4.79158,553.31110,0.27456,0
660,144.47910,365.80596,574.19790,12,1,0,0.30531,0.95833,4.12311,476.11871,5.10659,589.68713,0.26163,0
661,144.41366,366.20755,495.22133,12,1,0,0.29358,0.95913,4.12311,476.11871,5.56146,642.21326,0.26554,0
662,144.53347,404.29013,771.84021,8,0,0,0.00416,0.00549,0.00000,0.00000,0.00000,0.00000,0.10374,0
663,144.46802,404.69172,692.86364,12,1,0,0.27907,0.75410,2.82843,326.61475,3.06016,353.37387,0.24000,0
664,144.40258,405.09331,613.88707,12,1,0,0.33202,0.91553,3.60555,416.35376,4.50644,520.38483,0.24557,0
665,144.39150,443.97907,732.55281,12,1,0,0.25678,0.66848,2.23607,258.21164,2.51864,290.84232,0.23974,0
666,144.81842,91.99927,59.44399,8,0,0,0.17402,0.38482,0.00000,0.00000,0.00000,0.00000,0.15642,0
667,144.87279,130.48344,257.08630,12,1,0,0.27936,0.99183,4.24264,489.92212,6.64125,766.90338,0.26726,0
668,144.80734,130.88503,178.10973,12,1,0,0.27558,1.00000,5.00000,577.37878,7.26854,839.34027,0.29299,0
669,144.74190,131.28662,99.13316,12,1,0,0.28740,0.98383,4.58258,529.17639,6.26483,723.43549,0.27405,0
670,144.86171,169.36920,375.75204,12,1,0,0.26701,0.98098,4.00000,461.90302,6.91324,798.31122,0.29914,0
671,144.79627,169.77079,296.77547,12,1,0,0.27220,1.00000,5.00000,577.37878,7.27575,840.17242,0.30080,0
672,144.73082,170.17238,217.79890,12,1,0,0.28750,0.98660,4.58258,529.17639,6.37696,736.38391,0.26656,0
673,144.66538,170.57397,138.82233,12,1,0,0.27097,1.00000,5.09902,588.81311,6.97931,805.94128,0.28301,0
674,144.85063,208.25496,494.41779,12,1,0,0.29849,0.98347,4.12311,476.11871,5.66782,654.49603,0.27814,0
675,144.78519,208.65655,415.44122,12,1,0,0.27782,0.98077,4.24264,489.92212,6.35100,733.38599,0.27379,0
676,144.71974,209.05814,336.46464,12,1,0,0.26792,0.96467,4.00000,461.90302,6.55879,757.38068,0.29011,0
677,144.65430,209.45973,257.48807,12,1,0,0.27069,1.00000,5.00000,577.37878,6.97295,805.20660,0.29741,0
678,144.83956,247.14072,613.08353,12,1,0,0.32050,0.88800,3.16228,365.16641,4.28147,494.40573,0.26470,0
679,144.77411,247.54231,534.10696,12,1,0,0.29238,0.89560,3.00000,346.42725,4.14199,478.29944,0.26048,0
680,144.70867,247.94390,455.13039,12,1,0,0.29397,0.96267,4.12311,476.11871,5.94286,686.25592,0.27808,0
681,144.64322,248.34549,376.15382,12,1,0,0.27724,1.00000,5.00000,577.37878,6.86934,793.24249,0.29478,0
682,144.82848,286.02648,731.74927,12,1,0,0.28236,0.73280,2.23607,258.21164,2.42542,280.07761,0.25190,0
683,144.76303,286.42807,652.77270,12,1,0,0.31625,0.89835,3.16228,365.16641,4.46545,515.65088,0.24806,0
684,144.69759,286.82966,573.79613,12,1,0,0.32619,0.94595,4.12311,476.11871,4.83368,558.17310,0.26202,0
685,144.63215,287.23126,494.81956,12,1,0,0.30042,0.97290,4.12311,476.11871,5.64405,651.75116,0.26630,0
686,144.75196,325.31383,771.43844,8,0,0,0.00000,0.00000,0.00000,0.00000,0.00000,0.00000,0.11578,0
687,144.68651,325.71542,692.46187,12,1,0,0.29622,0.79890,3.16228,365.16641,3.58397,413.86157,0.25382,0
688,145.09128,51.50714,256.68453,8,0,0,0.28343,0.77596,2.82843,326.61475,3.13125,361.58344,0.20922,0
689,145.02583,51.90874,177.70796,8,0,0,0.30569,0.82038,3.00000,346.42725,3.79500,438.23013,0.19834,0
690,144.96039,52.31033,98.73139,8,0,0,0.30948,0.86253,3.60555,416.35376,3.86931,446.81183,0.19590,0
691,145.08020,90.39290,375.35027,12,1,0,0.26858,0.99455,4.24264,489.92212,7.07816,817.35529,0.29107,0
692,145.01476,90.79450,296.37370,12,1,0,0.26552,1.00000,5.09902,588.81311,7.48178,863.96405,0.30502,0
693,144.94931,91.19609,217.39713,12,1,0,0.26380,1.00000,5.09902,588.81311,7.40982,855.65497,0.29491,0
694,144.88387,91.59768,138.42056,12,1,0,0.28305,0.98913,4.24264,489.92212,6.47062,747.19995,0.25536,0
695,145.06912,129.27867,494.01602,12,1,0,0.31201,0.97305,4.00000,461.90302,5.39358,622.82782,0.26842,0
696,145.00368,129.68026,415.03944,12,1,0,0.29187,0.98087,4.00000,461.90302,6.08099,702.20648,0.27328,0
697,144.93823,130.08185,336.06287,12,1,0,0.27884,0.98383,4.00000,461.90302,6.70882,774.70642,0.28454,0
698,145.12349,167.76284,691.65833,12,1,0,0.31634,0.82162,2.82843,326.61475,3.42596,395.61548,0.22963,0
699,145.05805,168.16443,612.68176,12,1,0,0.32095,0.90591,3.31662,382.98975,4.45378,514.30377,0.24826,0
700,144.99260,168.56602,533.70519,12,1,0,0.30239,0.96995,4.00000,461.90302,5.37572,620.76538,0.26739,0
701,144.92716,168.96761,454.72862,12,1,0,0.28729,0.98113,4.12311,476.11871,6.30065,727.57288,0.28275,0
702,145.04697,207.05019,731.34750,12,1,0,0.27568,0.69672,2.23607,258.21164,2.22609,257.05905,0.24525,0
703,144.98152,207.45178,652.37093,12,1,0,0.29809,0.80874,2.82843,326.61475,3.61025,416.89648,0.25203,0
704,144.91608,207.85337,573.39436,12,1,0,0.32676,0.95082,4.12311,476.11871,4.96831,573.71967,0.26106,0
705,144.97045,246.33754,771.03667,8,0,0,0.00000,0.00000,0.00000,0.00000,0.00000,0.00000,0.10688,0
706,144.90500,246.73913,692.06010,12,1,0,0.30352,0.80749,2.82843,326.61475,3.23274,373.30273,0.24685,0
707,145.35306,49.90078,572.59082,8,0,0,0.31940,0.81421,3.00000,346.42725,3.22564,372.48334,0.18483,0
708,145.28761,50.30237,493.61424,8,0,0,0.30475,0.80381,3.31662,382.98975,3.60978,416.84210,0.18906,0
709,145.22217,50.70396,414.63767,8,0,0,0.29749,0.77446,3.00000,346.42725,3.46690,400.34305,0.18368,0
710,145.15672,51.10555,335.66110,8,0,0,0.29755,0.78649,3.00000,346.42725,3.31316,382.58939,0.18349,0
711,145.34198,88.78654,691.25656,12,1,0,0.27695,0.75881,2.23607,258.21164,2.22857,257.34598,0.24570,0
712,145.27653,89.18813,612.27999,12,1,0,0.32879,0.91351,3.60555,416.35376,4.53332,523.48840,0.25638,0
713,145.21109,89.58972,533.30342,12,1,0,0.30095,0.96154,4.00000,461.90302,5.32855,615.31781,0.27680,0
714,145.14565,89.99131,454.32684,12,1,0,0.29449,1.00000,5.00000,577.37878,6.49224,749.69604,0.28486,0
715,145.26546,128.07389,730.94573,12,1,0,0.29310,0.77273,2.82843,326.61475,2.93743,339.20239,0.23994,0
716,145.20001,128.47548,651.96916,12,1,0,0.30418,0.85286,2.82843,326.61475,3.87000,446.89114,0.25018,0
717,145.13457,128.87707,572.99259,12,1,0,0.32018,0.92328,3.16228,365.16641,4.87529,562.97803,0.25696,0
718,145.18893,167.36124,770.63490,8,0,0,0.00000,0.00000,0.00000,0.00000,0.00000,0.00000,0.10566,0
719,145.48395,49.09760,730.54396,8,0,0,0.29074,0.67027,2.23607,258.21164,0.00000,0.00000,0.17037,0
720,145.41850,49.49919,651.56739,8,0,0,0.31840,0.75000,2.82843,326.61475,2.73158,315.43115,0.17523,0
721,145.40742,88.38495,770.23313,8,0,0,0.00792,0.01108,0.00000,0.00000,0.00000,0.00000,0.12346,0
722,182.59188,723.71824,102.11428,12,1,0,0.29756,1.00000,4.47214,516.42328,5.98065,690.62018,0.27296,0
723,182.58080,762.60400,220.78002,8,0,0,0.00000,0.00000,0.00000,0.00000,0.00000,0.00000,0.01395,0
724,182.51535,763.00559,141.80345,8,0,0,0.00000,0.00000,0.00000,0.00000,0.00000,0.00000,0.01286,0
725,182.44991,763.40718,62.82688,5,0,0,0.00000,0.00000,0.00000,0.00000,0.00000,0.00000,0.00333,0
726,182.81037,644.74195,101.71251,12,1,0,0.29967,0.98383,4.24264,489.92212,5.76291,665.47668,0.27981,0
727,182.86473,683.22612,299.35482,12,1,0,0.27160,0.94580,3.16228,365.16641,5.78030,667.48401,0.26656,0
728,182.79929,683.62771,220.37825,12,1,0,0.28170,0.95902,4.00000,461.90302,5.76604,665.83722,0.25728,0
729,182.73384,684.02930,141.40168,12,1,0,0.29120,0.99454,4.47214,516.42328,6.05952,699.72754,0.26886,0
730,182.66840,684.43089,62.42511,8,0,0,0.12709,0.25000,0.00000,0.00000,0.00000,0.00000,0.14170,0
731,182.85366,722.11188,418.02056,12,1,0,0.29003,0.91777,3.31662,382.98975,4.94367,570.87433,0.25933,0
732,182.78821,722.51347,339.04399,12,1,0,0.27750,0.91484,3.16228,365.16641,4.87755,563.23914,0.25158,0
733,182.72277,722.91506,260.06742,12,1,0,0.28009,0.96286,4.00000,461.90302,6.14936,710.10181,0.27603,0
734,182.65732,723.31665,181.09085,12,1,0,0.30059,0.97548,4.12311,476.11871,5.53430,639.07782,0.26035,0
735,182.84258,760.99764,536.68630,8,0,0,0.00000,0.00000,0.00000,0.00000,0.00000,0.00000,0.01293,0
736,182.77713,761.39923,457.70973,8,0,0,0.00000,0.00000,0.00000,0.00000,0.00000,0.00000,0.01581,0
737,182.71169,761.80082,378.73316,8,0,0,0.00000,0.00000,0.00000,0.00000,0.00000,0.00000,0.01280,0
738,182.64624,762.20241,299.75659,8,0,0,0.00000,0.00000,0.00000,0.00000,0.00000,0.00000,0.01709,0
739,183.10538,526.47830,61.62156,8,0,0,0.11938,0.23161,0.00000,0.00000,0.00000,0.00000,0.15322,0
740,183.09430,565.36406,180.28731,12,1,0,0.27791,0.98365,4.00000,461.90302,6.39302,738.23920,0.28102,0
741,183.02886,565.76565,101.31073,12,1,0,0.31006,0.99202,4.24264,489.92212,5.59109,645.63489,0.26778,0
742,183.08322,604.24982,298.95305,12,1,0,0.29527,0.97312,4.12311,476.11871,5.82940,673.15454,0.24800,0
743,183.01778,604.65141,219.97648,12,1,0,0.27280,0.98343,4.00000,461.90302,6.42930,742.42767,0.28115,0
744,182.95233,605.05300,140.99991,12,1,0,0.29943,0.99191,4.12311,476.11871,5.92845,684.59192,0.27475,0
745,182.88689,605.45460,62.02333,8,0,0,0.14071,0.27913,0.00000,0.00000,0.00000,0.00000,0.15213,0
746,183.07214,643.13558,417.61879,12,1,0,0.27730,0.95664,3.16228,365.16641,5.84460,674.90997,0.27827,0
747,183.00670,643.53717,338.64222,12,1,0,0.26900,0.96721,3.74166,432.07071,6.19757,715.66913,0.27757,0
748,182.94126,643.93876,259.66565,12,1,0,0.27294,0.96226,3.74166,432.07071,6.39019,737.91174,0.26944,0
749,182.87581,644.34036,180.68908,12,1,0,0.29140,0.99457,4.35890,503.34717,6.01955,695.11151,0.26976,0
750,183.06107,682.02134,536.28453,12,1,0,0.30046,0.87871,3.31662,382.98975,4.18869,483.69189,0.24928,0
751,182.99562,682.42293,457.30796,12,1,0,0.28138,0.93716,3.31662,382.98975,5.27509,609.14459,0.26816,0
752,182.93018,682.82453,378.33139,12,1,0,0.27352,0.93261,3.16228,365.16641,5.52100,637.54132,0.26963,0
753,183.11543,720.50551,733.92684,12,1,0,0.31328,0.82065,3.00000,346.42725,3.82593,441.80231,0.23776,0
754,183.04999,720.90710,654.95027,12,1,0,0.30508,0.87805,3.74166,432.07071,4.23839,489.43143,0.25402,0
755,182.98455,721.30870,575.97370,12,1,0,0.28722,0.81694,2.44949,282.85669,3.45795,399.30991,0.24518,0
756,182.91910,721.71029,496.99713,12,1,0,0.29260,0.91892,3.00000,346.42725,4.86274,561.52905,0.25446,0
757,183.03891,759.79286,773.61601,5,0,0,0.00000,0.00000,0.00000,0.00000,0.00000,0.00000,0.00326,0
758,182.97347,760.19446,694.63944,8,0,0,0.00000,0.00000,0.00000,0.00000,0.00000,0.00000,0.00973,0
759,182.90802,760.59605,615.66287,8,0,0,0.00000,0.00000,0.00000,0.00000,0.00000,0.00000,0.00902,0
760,183.32387,447.50201,61.21979,8,0,0,0.12411,0.24167,0.00000,0.00000,0.00000,0.00000,0.13472,0
761,183.31279,486.38777,179.88553,12,1,0,0.28384,0.99728,5.00000,577.37878,6.35561,733.91852,0.28454,0
762,183.24734,486.78936,100.90896,12,1,0,0.30610,0.95187,4.12311,476.11871,5.20977,601.60205,0.26022,0
763,183.36716,524.87194,377.52785,12,1,0,0.27358,0.95604,4.00000,461.90302,5.87999,678.99573,0.26739,0
764,183.30171,525.27353,298.55128,12,1,0,0.26693,0.94490,4.00000,461.90302,5.62433,649.47424,0.27341,0
765,183.23627,525.67512,219.57471,12,1,0,0.27920,0.98904,5.00000,577.37878,6.32921,730.86987,0.28173,0
766,183.17082,526.07671,140.59813,12,1,0,0.29223,0.99727,5.09902,588.81311,5.89327,680.53009,0.29350,0
767,183.35608,563.75770,496.19359,12,1,0,0.28956,0.95687,4.00000,461.90302,5.53094,638.68921,0.26362,0
768,183.29063,564.15929,417.21702,12,1,0,0.29407,0.94624,4.00000,461.90302,5.31098,613.28931,0.25434,0
769,183.22519,564.56088,338.24045,12,1,0,0.26344,0.94231,4.00000,461.90302,5.73834,662.63953,0.27526,0
770,183.15974,564.96247,259.26388,12,1,0,0.27896,0.97340,4.58258,529.17639,6.52049,752.95844,0.27187,0
771,183.34500,602.64346,614.85933,12,1,0,0.30245,0.90489,3.60555,416.35376,4.50000,519.64087,0.25171,0
772,183.27956,603.04505,535.88276,12,1,0,0.30711,0.97059,4.12311,476.11871,5.34351,617.04614,0.27238,0
773,183.21411,603.44664,456.90619,12,1,0,0.28630,0.95879,4.12311,476.11871,5.58048,644.41064,0.27238,0
774,183.14867,603.84823,377.92962,12,1,0,0.27576,0.95187,4.12311,476.11871,6.16284,711.65802,0.28282,0
775,183.33392,641.52922,733.52507,12,1,0,0.26119,0.68056,2.23607,258.21164,2.14388,247.56587,0.22150,0
776,183.26848,641.93081,654.54850,12,1,0,0.30000,0.87466,3.31662,382.98975,4.26302,492.27557,0.26368,0
777,183.20303,642.33240,575.57193,12,1,0,0.29730,0.90164,4.00000,461.90302,4.47463,516.71112,0.25958,0
778,183.13759,642.73399,496.59536,12,1,0,0.28083,0.92329,4.00000,461.90302,4.90349,566.23431,0.26074,0
779,183.25740,680.81657,773.21424,8,0,0,0.01487,0.02139,0.00000,0.00000,0.00000,0.00000,0.11539,0
780,183.19196,681.21816,694.23767,12,1,0,0.29919,0.78877,3.16228,365.16641,3.33582,385.20654,0.23866,0
781,183.12651,681.61975,615.26110,12,1,0,0.28453,0.83967,3.00000,346.42725,3.64316,420.69641,0.24461,0
782,183.60780,368.12412,139.79459,12,1,0,0.28899,1.00000,5.00000,577.37878,6.14139,709.18188,0.26490,0
783,183.54236,368.52571,60.81802,8,0,0,0.10873,0.20937,0.00000,0.00000,0.00000,0.00000,0.14477,0
784,183.59672,407.00988,258.46033,12,1,0,0.27690,1.00000,5.00000,577.37878,6.83898,789.73669,0.26163,0
785,183.53128,407.41147,179.48376,12,1,0,0.28103,1.00000,5.00000,577.37878,6.40053,739.10596,0.27814,0
786,183.46583,407.81306,100.50719,12,1,0,0.28905,0.98898,4.24264,489.92212,5.88978,680.12726,0.25734,0
787,183.58564,445.89564,377.12608,12,1,0,0.26998,0.95342,4.00000,461.90302,5.82229,672.33380,0.27917,0
788,183.52020,446.29723,298.14951,12,1,0,0.27023,0.99726,4.58258,529.17639,6.93159,800.43073,0.28723,0
789,183.45476,446.69882,219.17293,12,1,0,0.27744,0.99726,4.24264,489.92212,6.49690,750.23492,0.27046,0
790,183.38931,447.10041,140.19636,12,1,0,0.29143,0.99726,4.12311,476.11871,6.07515,701.53217,0.27155,0
791,183.57457,484.78140,495.79182,12,1,0,0.27573,0.77808,3.00000,346.42725,3.13750,362.30518,0.24602,0
792,183.50912,485.18299,416.81525,12,1,0,0.27939,0.95330,4.00000,461.90302,5.51389,636.72028,0.26822,0
793,183.44368,485.58458,337.83868,12,1,0,0.26543,0.98077,4.00000,461.90302,6.63682,766.39215,0.24717,0
794,183.37823,485.98618,258.86211,12,1,0,0.27854,0.98387,4.00000,461.90302,6.57804,759.60388,0.26867,0
795,183.56349,523.66716,614.45756,12,1,0,0.29560,0.86813,3.31662,382.98975,4.00692,462.70215,0.26163,0
796,183.49805,524.06875,535.48099,12,1,0,0.29983,0.93261,4.00000,461.90302,4.77317,551.18500,0.25677,0
797,183.43260,524.47034,456.50442,12,1,0,0.27679,0.94722,4.00000,461.90302,5.26183,607.61401,0.25798,0
798,183.55241,562.55292,733.12330,12,1,0,0.25855,0.65583,2.23607,258.21164,2.37692,274.47699,0.22918,0
799,183.48697,562.95451,654.14673,12,1,0,0.30838,0.83967,3.00000,346.42725,3.97455,458.96414,0.24333,0
800,183.42152,563.35611,575.17016,12,1,0,0.29799,0.89560,3.74166,432.07071,4.34018,501.18567,0.25818,0
801,183.47589,601.84027,772.81247,8,0,0,0.03226,0.04683,0.00000,0.00000,0.00000,0.00000,0.11213,0
802,183.41045,602.24187,693.83590,12,1,0,0.25586,0.68956,2.23607,258.21164,2.15541,248.89708,0.22560,0
803,183.82629,289.14782,139.39282,12,1,0,0.27736,1.00000,5.00000,577.37878,6.72130,776.14777,0.27002,0
804,183.76084,289.54942,60.41625,8,0,0,0.11127,0.22039,0.00000,0.00000,0.00000,0.00000,0.14451,0
805,183.81521,328.03359,258.05856,12,1,0,0.27548,0.99467,4.47214,516.42328,7.26316,838.71918,0.27891,0
806,183.74977,328.43518,179.08199,12,1,0,0.27354,1.00000,5.00000,577.37878,6.91851,798.92059,0.28685,0
807,183.68432,328.83677,100.10542,12,1,0,0.28685,0.97838,5.00000,577.37878,6.04798,698.39502,0.27904,0
808,183.86958,366.51776,455.70088,12,1,0,0.28698,0.97260,4.00000,461.90302,6.03464,696.85468,0.26291,0
809,183.80413,366.91935,376.72431,12,1,0,0.27824,0.97867,4.12311,476.11871,6.58320,760.19977,0.26554,0
810,183.73869,367.32094,297.74773,12,1,0,0.26444,0.97541,4.00000,461.90302,6.92179,799.29846,0.28186,0
811,183.67324,367.72253,218.77116,12,1,0,0.27563,0.98641,4.12311,476.11871,6.78508,783.51166,0.26822,0
812,183.85850,405.40352,574.36662,12,1,0,0.31076,0.91781,3.74166,432.07071,4.62578,534.16498,0.25747,0
813,183.79306,405.80511,495.39005,12,1,0,0.30498,0.96206,4.00000,461.90302,5.54001,639.73639,0.26304,0
814,183.72761,406.20670,416.41348,12,1,0,0.27429,0.95109,4.00000,461.90302,6.14274,709.33807,0.27354,0
815,183.66217,406.60829,337.43691,12,1,0,0.27115,0.98626,4.12311,476.11871,6.61005,763.30042,0.26650,0
816,183.84742,444.28928,693.03236,12,1,0,0.26553,0.70667,2.23607,258.21164,2.81557,325.13065,0.24666,0
817,183.78198,444.69087,614.05579,12,1,0,0.31232,0.88770,3.31662,382.98975,4.28396,494.69299,0.26336,0
818,183.71653,445.09246,535.07922,12,1,0,0.30969,0.94960,4.00000,461.90302,5.07153,585.63867,0.26707,0
819,183.65109,445.49405,456.10265,12,1,0,0.27394,0.95879,4.00000,461.90302,5.96122,688.37677,0.27770,0
820,183.77090,483.57663,732.72153,12,1,0,0.21916,0.54372,1.41421,163.30737,0.00000,0.00000,0.22707,0
821,183.70546,483.97822,653.74496,12,1,0,0.30338,0.84409,3.31662,382.98975,3.99122,460.88934,0.25133,0
822,183.64001,484.37981,574.76839,12,1,0,0.30286,0.90358,3.74166,432.07071,4.45351,514.27228,0.25274,0
823,183.69438,522.86398,772.41070,8,0,0,0.00197,0.00272,0.00000,0.00000,0.00000,0.00000,0.11693,0
824,183.62893,523.26557,693.43413,12,1,0,0.26017,0.66758,2.23607,258.21164,0.00000,0.00000,0.22912,0
825,184.12130,170.88418,99.30188,12,1,0,0.27571,0.99462,5.09902,588.81311,6.85673,791.78583,0.27936,0
826,184.11022,209.76994,217.96762,12,1,0,0.27312,1.00000,6.00000,692.85449,7.33092,846.54401,0.28397,0
827,184.04478,210.17153,138.99105,12,1,0,0.27707,0.99731,4.24264,489.92212,7.09700,819.53101,0.28454,0
828,183.97933,210.57312,60.01448,8,0,0,0.15045,0.31351,0.00000,0.00000,0.00000,0.00000,0.15571,0
829,184.09915,248.65570,336.63336,12,1,0,0.26932,0.97820,4.00000,461.90302,6.70274,774.00366,0.26797,0
830,184.03370,249.05729,257.65679,12,1,0,0.26144,0.97826,4.00000,461.90302,7.27846,840.48566,0.28365,0
831,183.96826,249.45888,178.68022,12,1,0,0.27069,1.00000,5.00000,577.37878,6.85969,792.12817,0.27475,0
832,183.90281,249.86047,99.70365,12,1,0,0.28077,0.97855,4.24264,489.92212,6.63211,765.84833,0.26899,0
833,184.08807,287.54146,455.29911,12,1,0,0.27307,0.98082,4.12311,476.11871,6.54997,756.36249,0.27808,0
834,184.02262,287.94305,376.32253,12,1,0,0.27710,0.97844,4.00000,461.90302,6.57785,759.58203,0.27610,0
835,183.95718,288.34464,297.34596,12,1,0,0.26449,1.00000,5.00000,577.37878,7.24507,836.62946,0.28403,0
836,183.89173,288.74623,218.36939,12,1,0,0.26788,1.00000,5.00000,577.37878,7.14758,825.37170,0.28538,0
837,184.07699,326.42722,573.96485,12,1,0,0.32815,0.96766,4.12311,476.11871,5.19852,600.30341,0.25632,0
838,184.01155,326.82881,494.98828,12,1,0,0.31011,0.97855,4.00000,461.90302,5.74376,663.26514,0.25792,0
839,183.94610,327.23040,416.01171,12,1,0,0.28305,0.97326,4.00000,461.90302,6.42017,741.37433,0.26707,0
840,183.88066,327.63199,337.03513,12,1,0,0.27286,0.96783,4.00000,461.90302,6.56344,757.91760,0.26931,0
841,184.06591,365.31298,692.63059,12,1,0,0.28702,0.76902,3.00000,346.42725,3.36024,388.02652,0.23027,0
842,184.00047,365.71457,613.65402,12,1,0,0.30755,0.89189,3.31662,382.98975,4.35386,502.76477,0.25523,0
843,183.93502,366.11616,534.67745,12,1,0,0.31136,0.95989,3.74166,432.07071,5.28567,610.36633,0.25971,0
844,183.98939,404.60033,732.31976,12,1,0,0.24655,0.63562,2.23607,258.21164,0.00000,0.00000,0.23955,0
845,183.92395,405.00192,653.34319,12,1,0,0.30878,0.82703,3.16228,365.16641,3.91573,452.17142,0.24416,0
846,183.91287,443.88769,772.00893,8,0,0,0.00612,0.00806,0.00000,0.00000,0.00000,0.00000,0.10714,0
847,184.33979,91.90788,98.90011,12,1,0,0.27187,1.00000,5.00000,577.37878,7.23948,835.98499,0.27763,0
848,184.32871,130.79364,217.56585,12,1,0,0.26112,1.00000,6.00000,692.85449,7.45586,860.97076,0.27814,0
849,184.26327,131.19524,138.58928,12,1,0,0.26808,1.00000,5.09902,588.81311,7.21388,833.02869,0.27930,0
850,184.19782,131.59683,59.61271,8,0,0,0.18773,0.41918,1.00000,115.47575,0.00000,0.00000,0.15834,0
851,184.31763,169.67940,336.23159,12,1,0,0.27442,0.98925,5.00000,577.37878,6.94801,802.32617,0.26867,0
852,184.25219,170.08100,257.25502,12,1,0,0.26429,0.99462,5.09902,588.81311,7.51649,867.97198,0.28198,0
853,184.18674,170.48259,178.27845,12,1,0,0.25878,1.00000,5.09902,588.81311,7.42803,857.75769,0.28474,0
854,184.37200,208.16357,533.87391,12,1,0,0.30146,0.95628,3.60555,416.35376,5.14002,593.54785,0.26931,0
855,184.30656,208.56517,454.89733,12,1,0,0.28594,0.98907,5.00000,577.37878,6.27155,724.21173,0.27405,0
856,184.24111,208.96676,375.92076,12,1,0,0.28340,0.98391,5.00000,577.37878,6.41693,741.00043,0.27475,0
857,184.17567,209.36835,296.94419,12,1,0,0.26304,0.98374,5.00000,577.37878,7.21875,833.59076,0.28083,0
858,184.36092,247.04933,652.53965,12,1,0,0.32527,0.91803,3.60555,416.35376,4.54613,524.96759,0.24461,0
859,184.29548,247.45093,573.56308,12,1,0,0.30306,0.93094,4.12311,476.11871,4.87406,562.83539,0.25491,0
860,184.23003,247.85252,494.58651,12,1,0,0.31938,0.96429,4.24264,489.92212,5.14132,593.69806,0.23507,0
861,184.16459,248.25411,415.60993,12,1,0,0.28905,0.98356,5.00000,577.37878,5.93279,685.09308,0.26458,0
862,184.34985,285.93510,771.20539,8,0,0,0.00210,0.00273,0.00000,0.00000,0.00000,0.00000,0.10752,0
863,184.28440,286.33669,692.22882,12,1,0,0.30801,0.81301,2.82843,326.61475,3.62429,418.51807,0.23283,0
864,184.21896,286.73828,613.25225,12,1,0,0.32323,0.94879,3.60555,416.35376,4.86561,561.85986,0.25856,0
865,184.15351,287.13987,534.27568,12,1,0,0.31272,0.96247,4.12311,476.11871,5.31449,613.69415,0.25491,0
866,184.20788,325.62404,731.91799,12,1,0,0.19284,0.45753,1.00000,115.47575,0.00000,0.00000,0.21562,0
867,184.14243,326.02563,652.94142,12,1,0,0.30230,0.81183,3.16228,365.16641,3.58701,414.21271,0.24301,0
868,184.13136,364.91139,771.60716,8,0,0,0.00000,0.00000,0.00000,0.00000,0.00000,0.00000,0.10234,0
869,184.61265,51.41576,296.14065,8,0,0,0.28917,0.75137,3.00000,346.42725,2.85469,329.64792,0.19379,0
870,184.54720,51.81735,217.16408,8,0,0,0.29819,0.82044,3.00000,346.42725,3.59057,414.62329,0.19379,0
871,184.48176,52.21894,138.18751,8,0,0,0.29709,0.85000,3.16228,365.16641,3.75000,433.03409,0.19578,0
872,184.41631,52.62053,59.21094,5,0,0,0.16498,0.31319,1.00000,115.47575,0.00000,0.00000,0.10189,0
873,184.60157,90.30152,414.80639,12,1,0,0.28283,0.99726,5.00000,577.37878,6.36940,735.51099,0.27693,0
874,184.53612,90.70311,335.82982,12,1,0,0.26963,1.00000,5.00000,577.37878,7.01699,810.29224,0.28954,0
875,184.47068,91.10470,256.85325,12,1,0,0.25887,1.00000,6.00000,692.85449,7.52587,869.05603,0.27584,0
876,184.40523,91.50629,177.87668,12,1,0,0.28639,0.98638,4.12311,476.11871,6.15362,710.59357,0.24608,0
877,184.59049,129.18728,533.47213,12,1,0,0.29957,0.95055,4.00000,461.90302,5.09405,588.23889,0.27667,0
878,184.52505,129.58887,454.49556,12,1,0,0.29316,1.00000,5.00000,577.37878,5.89176,680.35529,0.28045,0
879,184.45960,129.99046,375.51899,12,1,0,0.28049,1.00000,5.00000,577.37878,6.69562,773.18213,0.27174,0
880,184.39416,130.39205,296.54242,12,1,0,0.26593,0.99452,5.00000,577.37878,7.10903,820.92084,0.27469,0
881,184.57941,168.07304,652.13788,12,1,0,0.28162,0.77657,2.23607,258.21164,3.00553,347.06534,0.24698,0
882,184.51397,168.47463,573.16131,12,1,0,0.32655,0.96448,4.00000,461.90302,5.06328,584.68573,0.25504,0
883,184.44852,168.87622,494.18473,12,1,0,0.29808,0.98352,4.12311,476.11871,5.75696,664.78967,0.26381,0
884,184.38308,169.27781,415.20816,12,1,0,0.28015,0.99728,5.00000,577.37878,6.62360,764.86523,0.27398,0
885,184.56834,206.95880,770.80362,8,0,0,0.00000,0.00000,0.00000,0.00000,0.00000,0.00000,0.10861,0
886,184.50289,207.36039,691.82705,12,1,0,0.27541,0.74451,2.23607,258.21164,2.43235,280.87781,0.24026,0
887,184.43745,207.76198,612.85048,12,1,0,0.30009,0.89041,3.60555,416.35376,4.29038,495.43542,0.25459,0
888,184.42637,246.64774,731.51622,12,1,0,0.24505,0.64738,2.23607,258.21164,0.00000,0.00000,0.22534,0
889,184.87442,49.80939,612.04693,8,0,0,0.33559,0.79467,2.82843,326.61475,3.17635,366.79156,0.17696,0
890,184.80898,50.21098,533.07036,8,0,0,0.31237,0.79255,3.00000,346.42725,3.56270,411.40588,0.19066,0
891,184.74353,50.61258,454.09379,8,0,0,0.30136,0.78747,3.16228,365.16641,3.58740,414.25775,0.19392,0
892,184.67809,51.01417,375.11722,8,0,0,0.30698,0.79521,2.82843,326.61475,3.59739,415.41089,0.19514,0
893,184.86335,88.69515,730.71268,12,1,0,0.26402,0.73984,2.23607,258.21164,2.53413,292.63022,0.24474,0
894,184.79790,89.09675,651.73611,12,1,0,0.29586,0.87968,3.00000,346.42725,3.90147,450.52484,0.25664,0
895,184.73246,89.49834,572.75953,12,1,0,0.29069,0.92521,4.00000,461.90302,4.80621,555.00073,0.26022,0
896,184.66701,89.89993,493.78296,12,1,0,0.29043,0.97305,4.12311,476.11871,5.98791,691.45850,0.27245,0
897,184.78682,127.98251,770.40185,8,0,0,0.00000,0.00000,0.00000,0.00000,0.00000,0.00000,0.11942,0
898,184.72138,128.38410,691.42528,12,1,0,0.27390,0.75758,2.44949,282.85669,2.40726,277.97995,0.24294,0
899,184.65593,128.78569,612.44871,12,1,0,0.31244,0.89011,3.46410,400.01974,4.31271,498.01331,0.25299,0
900,184.64486,167.67145,731.11445,12,1,0,0.25099,0.68750,1.73205,200.00987,0.00000,0.00000,0.23795,0
901,185.00531,49.00621,770.00008,5,0,0,0.00616,0.00822,0.00000,0.00000,0.00000,0.00000,0.07578,0
902,184.93987,49.40780,691.02351,8,0,0,0.29066,0.68293,1.41421,163.30737,2.14049,247.17459,0.17792,0
903,222.11324,723.62686,141.57040,12,1,0,0.27756,0.97527,4.00000,461.90302,6.09383,703.68982,0.26803,0
904,222.04780,724.02845,62.59382,8,0,0,0.14054,0.28184,0.00000,0.00000,0.00000,0.00000,0.15232,0
905,222.10217,762.51262,260.23614,8,0,0,0.00000,0.00000,0.00000,0.00000,0.00000,0.00000,0.01338,0
906,222.03672,762.91421,181.25957,8,0,0,0.00000,0.00000,0.00000,0.00000,0.00000,0.00000,0.01658,0
907,221.97128,763.31580,102.28300,8,0,0,0.00000,0.00000,0.00000,0.00000,0.00000,0.00000,0.01715,0
908,222.33173,644.65056,141.16862,12,1,0,0.28527,1.00000,5.09902,588.81311,6.39278,738.21143,0.27642,0
909,222.26629,645.05215,62.19205,8,0,0,0.13225,0.25926,0.00000,0.00000,0.00000,0.00000,0.15098,0
910,222.32066,683.53632,259.83437,12,1,0,0.27044,0.96986,4.12311,476.11871,6.22486,718.82068,0.27334,0
911,222.25521,683.93791,180.85780,12,1,0,0.29009,0.98400,5.00000,577.37878,6.13987,709.00616,0.26752,0
912,222.18977,684.33950,101.88122,12,1,0,0.29440,0.98641,4.24264,489.92212,5.85311,675.89240,0.27552,0
913,222.30958,722.42208,378.50011,12,1,0,0.26651,0.90934,3.00000,346.42725,4.87288,562.69965,0.26483,0
914,222.24413,722.82367,299.52354,12,1,0,0.26625,0.93923,4.00000,461.90302,5.64763,652.16467,0.26470,0
915,222.17869,723.22526,220.54697,12,1,0,0.26926,0.97245,4.12311,476.11871,6.40082,739.13904,0.26630,0
916,222.36395,760.90625,576.14242,8,0,0,0.00000,0.00000,0.00000,0.00000,0.00000,0.00000,0.01101,0
917,222.29850,761.30784,497.16585,8,0,0,0.00000,0.00000,0.00000,0.00000,0.00000,0.00000,0.01363,0
918,222.23306,761.70943,418.18928,8,0,0,0.00000,0.00000,0.00000,0.00000,0.00000,0.00000,0.01197,0
919,222.16761,762.11103,339.21271,8,0,0,0.00000,0.00000,0.00000,0.00000,0.00000,0.00000,0.01587,0
920,222.61567,565.27268,219.74342,12,1,0,0.27820,0.99727,4.58258,529.17639,6.69653,773.28735,0.28032,0
921,222.55022,565.67427,140.76685,12,1,0,0.28616,1.00000,5.00000,577.37878,6.31754,729.52307,0.28365,0
922,222.48478,566.07586,61.79028,8,0,0,0.14344,0.28767,0.00000,0.00000,0.00000,0.00000,0.15110,0
923,222.60459,604.15844,338.40917,12,1,0,0.26888,0.97003,4.00000,461.90302,6.55879,757.38135,0.27750,0
924,222.53914,604.56003,259.43260,12,1,0,0.26888,0.98889,4.12311,476.11871,6.65666,768.68243,0.28307,0
925,222.47370,604.96162,180.45602,12,1,0,0.27942,1.00000,5.00000,577.37878,6.62871,765.45581,0.27936,0
926,222.40826,605.36321,101.47945,12,1,0,0.29810,0.98634,4.58258,529.17639,5.72239,660.79730,0.26867,0
927,222.59351,643.04420,457.07491,12,1,0,0.29121,0.93548,3.60555,416.35376,5.07919,586.52368,0.27693,0
928,222.52807,643.44579,378.09834,12,1,0,0.26865,0.95924,4.00000,461.90302,6.29682,727.13025,0.28890,0
929,222.46262,643.84738,299.12177,12,1,0,0.27133,0.97245,4.00000,461.90302,6.25000,721.72345,0.27763,0
930,222.39718,644.24897,220.14520,12,1,0,0.27821,0.98361,4.58258,529.17639,6.43115,742.64240,0.27213,0
931,222.58243,681.92996,575.74065,12,1,0,0.29928,0.89946,3.31662,382.98975,4.47429,516.67175,0.25805,0
932,222.51699,682.33155,496.76408,12,1,0,0.28743,0.93075,3.74166,432.07071,4.88998,564.67413,0.26163,0
933,222.45155,682.73314,417.78751,12,1,0,0.27868,0.95304,4.00000,461.90302,5.49601,634.65552,0.25792,0
934,222.38610,683.13473,338.81094,12,1,0,0.28261,0.95902,4.00000,461.90302,5.60747,647.52716,0.25696,0
935,222.57136,720.81572,694.40639,12,1,0,0.28889,0.78571,2.82843,326.61475,3.53500,408.20679,0.24262,0
936,222.50591,721.21731,615.42982,12,1,0,0.29357,0.86538,3.16228,365.16641,4.04056,466.58725,0.26406,0
937,222.44047,721.61890,536.45325,12,1,0,0.29021,0.94199,4.00000,461.90302,5.06146,584.47565,0.25965,0
938,222.37502,722.02049,457.47668,12,1,0,0.28607,0.93716,4.00000,461.90302,5.16540,596.47852,0.25453,0
939,222.49483,760.10307,734.09556,8,0,0,0.00000,0.00000,0.00000,0.00000,0.00000,0.00000,0.00934,0
940,222.42939,760.50466,655.11899,8,0,0,0.00000,0.00000,0.00000,0.00000,0.00000,0.00000,0.00947,0
941,222.84523,447.41062,100.67591,12,1,0,0.29796,0.99455,4.47214,516.42328,5.83580,673.89355,0.27514,0
942,222.83416,486.29638,219.34165,12,1,0,0.27182,0.96467,4.00000,461.90302,6.21235,717.37628,0.28550,0
943,222.76871,486.69797,140.36508,12,1,0,0.28943,0.99728,4.69042,541.62933,6.19020,714.81793,0.26938,0
944,222.70327,487.09956,61.38851,8,0,0,0.13693,0.26975,0.00000,0.00000,0.00000,0.00000,0.14778,0
945,222.82308,525.18214,338.00740,12,1,0,0.27019,0.96237,4.00000,461.90302,6.48338,748.67346,0.28454,0
946,222.75763,525.58373,259.03082,12,1,0,0.26593,0.98087,4.12311,476.11871,6.83552,789.33630,0.28531,0
947,222.69219,525.98532,180.05425,12,1,0,0.28089,0.98919,4.24264,489.92212,6.46225,746.23328,0.29043,0
948,222.62674,526.38691,101.07768,12,1,0,0.29859,0.98365,4.12311,476.11871,5.78396,667.90662,0.27539,0
949,222.81200,564.06790,456.67314,12,1,0,0.29001,0.96226,4.00000,461.90302,5.59552,646.14746,0.28186,0
950,222.74656,564.46949,377.69657,12,1,0,0.26768,0.97507,4.00000,461.90302,6.45180,745.02655,0.27462,0
951,222.68111,564.87108,298.72000,12,1,0,0.26860,0.97832,4.12311,476.11871,6.81089,786.49298,0.29171,0
952,222.86637,602.55207,654.31545,12,1,0,0.29602,0.85479,3.31662,382.98975,3.85117,444.71619,0.25715,0
953,222.80092,602.95366,575.33888,12,1,0,0.30504,0.93496,3.60555,416.35376,4.92321,568.51166,0.26880,0
954,222.73548,603.35525,496.36231,12,1,0,0.28790,0.92603,3.31662,382.98975,4.94237,570.72351,0.27059,0
955,222.67003,603.75684,417.38574,12,1,0,0.27589,0.95616,4.00000,461.90302,5.77865,667.29358,0.26848,0
956,222.85529,641.43783,772.98119,8,0,0,0.02602,0.03774,0.00000,0.00000,0.00000,0.00000,0.11418,0
957,222.78985,641.83942,694.00462,12,1,0,0.31451,0.86133,3.60555,416.35376,4.14483,478.62738,0.26214,0
958,222.72440,642.24101,615.02805,12,1,0,0.30443,0.89867,3.16228,365.16641,4.49507,519.07129,0.27149,0
959,222.65896,642.64261,536.05148,12,1,0,0.28797,0.95068,3.74166,432.07071,5.43631,627.76147,0.27718,0
960,222.71332,681.12677,733.69379,12,1,0,0.28224,0.72358,2.44949,282.85669,2.82991,326.78580,0.23974,0
961,222.64788,681.52837,654.71722,12,1,0,0.28529,0.79945,3.00000,346.42725,3.21577,371.34390,0.25075,0
962,222.63680,720.41413,773.38296,8,0,0,0.01825,0.02755,0.00000,0.00000,0.00000,0.00000,0.12883,0
963,223.06372,368.43432,100.27414,12,1,0,0.31063,0.92935,3.74166,432.07071,4.68452,540.94794,0.24909,0
964,223.11809,406.91849,297.91645,12,1,0,0.27124,0.97587,5.00000,577.37878,7.00439,808.83759,0.27782,0
965,223.05264,407.32009,218.93988,12,1,0,0.28173,0.98113,4.12311,476.11871,6.34078,732.20648,0.26074,0
966,222.98720,407.72168,139.96331,12,1,0,0.28660,1.00000,5.00000,577.37878,6.40261,739.34644,0.26592,0
967,222.92176,408.12327,60.98674,8,0,0,0.12921,0.25806,0.00000,0.00000,0.00000,0.00000,0.15091,0
968,223.10701,445.80425,416.58220,12,1,0,0.27546,0.97541,3.74166,432.07071,6.41904,741.24396,0.25773,0
969,223.04157,446.20585,337.60562,12,1,0,0.25995,0.86721,2.44949,282.85669,4.10711,474.27136,0.25094,0
970,222.97612,446.60744,258.62905,12,1,0,0.26339,0.98913,4.24264,489.92212,7.19817,831.21356,0.28262,0
971,222.91068,447.00903,179.65248,12,1,0,0.28463,1.00000,5.00000,577.37878,6.72481,776.55261,0.29171,0
972,223.09593,484.69002,535.24794,12,1,0,0.30337,0.94609,4.12311,476.11871,5.12834,592.19849,0.26432,0
973,223.03049,485.09161,456.27137,12,1,0,0.29180,0.97581,4.00000,461.90302,6.01133,694.16254,0.27853,0
974,222.96505,485.49320,377.29480,12,1,0,0.26947,0.96712,4.00000,461.90302,6.24721,721.40088,0.27949,0
975,222.89960,485.89479,298.31822,12,1,0,0.27057,0.97855,4.00000,461.90302,6.91856,798.92596,0.28179,0
976,223.08486,523.57578,653.91368,12,1,0,0.28856,0.78804,2.82843,326.61475,3.30947,382.16360,0.24883,0
977,223.01941,523.97737,574.93711,12,1,0,0.31961,0.95710,4.12311,476.11871,5.05994,584.30054,0.26957,0
978,222.95397,524.37896,495.96054,12,1,0,0.28352,0.90463,3.00000,346.42725,4.55015,525.43176,0.25741,0
979,222.88852,524.78055,416.98397,12,1,0,0.28481,0.95467,3.74166,432.07071,5.68482,656.45923,0.27098,0
980,223.07378,562.46154,772.57942,8,0,0,0.00936,0.01359,0.00000,0.00000,0.00000,0.00000,0.11187,0
981,223.00833,562.86313,693.60285,12,1,0,0.28913,0.77957,2.44949,282.85669,3.00000,346.42725,0.24333,0
982,222.94289,563.26472,614.62628,12,1,0,0.30620,0.89702,3.31662,382.98975,4.43187,511.77374,0.25312,0
983,222.87745,563.66631,535.64971,12,1,0,0.30128,0.95935,4.00000,461.90302,5.39594,623.09998,0.26432,0
984,222.93181,602.15048,733.29202,12,1,0,0.25265,0.63298,1.41421,163.30737,0.00000,0.00000,0.23680,0
985,223.35873,250.17068,60.18320,8,0,0,0.14962,0.31793,0.00000,0.00000,0.00000,0.00000,0.15168,0
986,223.34766,289.05644,178.84894,12,1,0,0.26826,1.00000,6.00000,692.85449,7.40144,854.68707,0.29056,0
987,223.28221,289.45803,99.87237,12,1,0,0.29402,1.00000,4.58258,529.17639,6.25082,721.81805,0.25766,0
988,223.33658,327.94220,297.51468,12,1,0,0.25670,0.99454,5.00000,577.37878,7.60353,878.02338,0.28013,0
989,223.27113,328.34379,218.53811,12,1,0,0.26863,1.00000,5.38516,621.85596,7.04950,814.04614,0.23782,0
990,223.20569,328.74538,139.56154,12,1,0,0.27681,1.00000,5.00000,577.37878,6.65526,768.52136,0.26458,0
991,223.14024,329.14697,60.58497,8,0,0,0.13193,0.27322,0.00000,0.00000,0.00000,0.00000,0.15494,0
992,223.32550,366.82796,416.18042,12,1,0,0.27893,0.98378,4.12311,476.11871,6.48806,749.21411,0.26278,0
993,223.26006,367.22955,337.20385,12,1,0,0.26881,0.98660,5.00000,577.37878,7.29723,842.65369,0.28218,0
994,223.19461,367.63114,258.22728,12,1,0,0.26418,0.99459,5.09902,588.81311,7.37793,851.97260,0.27501,0
995,223.12917,368.03273,179.25071,12,1,0,0.28027,1.00000,5.00000,577.37878,6.85875,792.01965,0.27290,0
996,223.31442,405.71372,534.84617,12,1,0,0.30450,0.95652,4.12311,476.11871,5.10525,589.53314,0.25894,0
997,223.24898,406.11531,455.86960,12,1,0,0.29379,0.98400,5.00000,577.37878,6.19683,715.58325,0.26515,0
998,223.18353,406.51690,376.89302,12,1,0,0.27120,0.98066,5.00000,577.37878,6.50957,751.69733,0.26368,0
999,223.36879,444.19789,732.48848,12,1,0,0.23579,0.61370,1.73205,200.00987,0.00000,0.00000,0.23872,0
1000,223.30335,444.59948,653.51191,12,1,0,0.31624,0.90984,3.74166,432.07071,4.50000,519.64087,0.25197,0
1001,223.23790,445.00107,574.53534,12,1,0,0.30917,0.96196,4.35890,503.34717,5.11139,590.24121,0.25894,0
1002,223.17246,445.40266,495.55877,12,1,0,0.29512,0.99180,4.12311,476.11871,6.04513,698.06628,0.26003,0
1003,223.29227,483.48524,772.17765,8,0,0,0.01394,0.01923,0.00000,0.00000,0.00000,0.00000,0.11405,0
1004,223.22682,483.88683,693.20108,12,1,0,0.29418,0.76800,3.16228,365.16641,3.35000,386.84375,0.23206,0
1005,223.16138,484.28842,614.22451,12,1,0,0.31978,0.93011,4.12311,476.11871,4.79211,553.37286,0.25517,0
1006,223.15030,523.17419,732.89025,12,1,0,0.26362,0.64191,2.23607,258.21164,2.35143,271.53299,0.22189,0
1007,223.57722,171.19438,59.78143,8,0,0,0.16244,0.34877,0.00000,0.00000,0.00000,0.00000,0.15462,0
1008,223.56615,210.08014,178.44717,12,1,0,0.26044,1.00000,6.00000,692.85449,7.65421,883.87616,0.30381,0
1009,223.50070,210.48174,99.47060,12,1,0,0.26706,1.00000,5.00000,577.37878,6.93678,801.03009,0.28954,0
1010,223.62051,248.56431,376.08948,12,1,0,0.27320,1.00000,5.00000,577.37878,6.93341,800.64075,0.28282,0
1011,223.55507,248.96590,297.11291,12,1,0,0.26759,1.00000,5.00000,577.37878,7.38727,853.05023,0.28704,0
1012,223.48962,249.36750,218.13634,12,1,0,0.25763,1.00000,6.00000,692.85449,7.61667,879.54016,0.27866,0
1013,223.42418,249.76909,139.15977,12,1,0,0.26838,1.00000,5.09902,588.81311,7.09830,819.68146,0.27827,0
1014,223.60943,287.45007,494.75522,12,1,0,0.29359,0.99451,4.47214,516.42328,5.97085,689.48834,0.26694,0
1015,223.54399,287.85167,415.77865,12,1,0,0.27860,0.98623,4.12311,476.11871,6.37524,736.18518,0.27386,0
1016,223.47855,288.25326,336.80208,12,1,0,0.26755,1.00000,5.00000,577.37878,7.01856,810.47339,0.26746,0
1017,223.41310,288.65485,257.82551,12,1,0,0.25902,1.00000,5.09902,588.81311,7.65116,883.52374,0.28774,0
1018,223.59836,326.33583,613.42097,12,1,0,0.32027,0.89589,3.31662,382.98975,4.35100,502.43488,0.25261,0
1019,223.53291,326.73743,534.44440,12,1,0,0.29576,0.96143,4.00000,461.90302,5.50955,636.21991,0.27334,0
1020,223.46747,327.13902,455.46782,12,1,0,0.29176,1.00000,5.00000,577.37878,6.33227,731.22314,0.26592,0
1021,223.40202,327.54061,376.49125,12,1,0,0.27314,1.00000,5.00000,577.37878,6.63466,766.14264,0.26912,0
1022,223.58728,365.22160,732.08671,12,1,0,0.25434,0.68219,1.41421,163.30737,0.00000,0.00000,0.24602,0
1023,223.52184,365.62319,653.11014,12,1,0,0.29526,0.83333,3.16228,365.16641,3.85340,444.97372,0.25005,0
1024,223.45639,366.02478,574.13357,12,1,0,0.32149,0.97838,4.12311,476.11871,5.40762,624.44940,0.24000,0
1025,223.39095,366.42637,495.15700,12,1,0,0.29763,0.99183,5.00000,577.37878,6.04183,697.68463,0.27155,0
1026,223.51076,404.50895,771.77588,8,0,0,0.00000,0.00000,0.00000,0.00000,0.00000,0.00000,0.10541,0
1027,223.44531,404.91054,692.79931,12,1,0,0.29352,0.79670,3.31662,382.98975,3.45383,398.83356,0.23040,0
1028,223.37987,405.31213,613.82274,12,1,0,0.30323,0.90137,3.31662,382.98975,4.43480,512.11169,0.24928,0
1029,223.86116,91.81650,138.35623,12,1,0,0.26308,1.00000,6.00000,692.85449,7.46452,861.97156,0.28019,0
1030,223.79571,92.21809,59.37966,8,0,0,0.20237,0.46341,1.00000,115.47575,0.00000,0.00000,0.16314,0
1031,223.85008,130.70226,257.02197,12,1,0,0.26849,1.00000,5.00000,577.37878,7.41447,856.19165,0.27680,0
1032,223.78463,131.10385,178.04540,12,1,0,0.27141,1.00000,5.47723,632.48676,7.41353,856.08246,0.29395,0
1033,223.71919,131.50544,99.06883,12,1,0,0.26760,0.99185,4.24264,489.92212,7.10277,820.19739,0.28736,0
1034,223.83900,169.58802,375.68771,12,1,0,0.27313,1.00000,5.00000,577.37878,6.97451,805.38708,0.27731,0
1035,223.77356,169.98961,296.71114,12,1,0,0.27753,1.00000,5.00000,577.37878,7.12841,823.15833,0.28589,0
1036,223.70811,170.39120,217.73457,12,1,0,0.26121,1.00000,5.09902,588.81311,7.53127,869.67944,0.28045,0
1037,223.64267,170.79279,138.75800,12,1,0,0.26633,1.00000,5.19615,600.02960,7.57854,875.13770,0.29331,0
1038,223.82792,208.47378,494.35345,12,1,0,0.29627,0.99727,4.58258,529.17639,6.08739,702.94550,0.27354,0
1039,223.76248,208.87537,415.37688,12,1,0,0.28868,0.98370,4.24264,489.92212,6.03510,696.90808,0.26912,0
1040,223.69703,209.27696,336.40031,12,1,0,0.26618,1.00000,5.00000,577.37878,7.32184,845.49524,0.27955,0
1041,223.63159,209.67855,257.42374,12,1,0,0.26134,1.00000,5.09902,588.81311,7.50423,866.55676,0.29094,0
1042,223.81685,247.35954,613.01920,12,1,0,0.23589,0.62903,1.41421,163.30737,0.00000,0.00000,0.23808,0
1043,223.75140,247.76113,534.04262,12,1,0,0.31182,0.98936,4.12311,476.11871,5.79847,669.58234,0.27302,0
1044,223.68596,248.16272,455.06605,12,1,0,0.29547,1.00000,5.00000,577.37878,6.31198,728.88049,0.27386,0
1045,223.80577,286.24530,731.68494,12,1,0,0.26203,0.69565,2.00000,230.95151,0.00000,0.00000,0.22522,0
1046,223.74032,286.64689,652.70837,12,1,0,0.29855,0.83740,3.16228,365.16641,3.64865,421.33047,0.25210,0
1047,223.67488,287.04848,573.73180,12,1,0,0.31727,0.97838,4.24264,489.92212,5.37771,620.99506,0.26925,0
1048,223.72925,325.53265,771.37411,8,0,0,0.00410,0.00548,0.00000,0.00000,0.00000,0.00000,0.11238,0
1049,223.66380,325.93424,692.39754,12,1,0,0.27255,0.77808,2.23607,258.21164,2.94709,340.31778,0.24602,0
1050,224.06857,51.72596,256.62020,8,0,0,0.31594,0.86992,3.16228,365.16641,4.07103,470.10522,0.17408,0
1051,224.00312,52.12755,177.64363,8,0,0,0.31102,0.85175,3.60555,416.35376,4.04215,466.76978,0.19718,0
1052,223.93768,52.52915,98.66706,8,0,0,0.32067,0.94795,4.12311,476.11871,4.83605,558.44702,0.20691,0
1053,224.12293,90.21013,454.26251,12,1,0,0.28299,0.99464,4.47214,516.42328,6.59358,761.39862,0.28083,0
1054,224.05749,90.61172,375.28594,12,1,0,0.27139,1.00000,5.00000,577.37878,7.06792,816.17303,0.28781,0
1055,223.99205,91.01332,296.30937,12,1,0,0.26652,1.00000,5.00000,577.37878,7.33999,847.59094,0.28749,0
1056,223.92660,91.41491,217.33280,12,1,0,0.26799,0.99727,5.00000,577.37878,7.05513,814.69604,0.27622,0
1057,224.11186,129.09589,572.92825,12,1,0,0.31233,0.93029,3.60555,416.35376,5.03524,581.44800,0.25376,0
1058,224.04641,129.49748,493.95168,12,1,0,0.30140,0.97594,4.12311,476.11871,5.59633,646.24066,0.25856,0
1059,223.98097,129.89908,414.97511,12,1,0,0.29259,0.99731,4.58258,529.17639,6.26013,722.89374,0.27488,0
1060,223.91552,130.30067,335.99854,12,1,0,0.27728,1.00000,5.00000,577.37878,7.04514,813.54327,0.27955,0
1061,224.10078,167.98165,691.59400,12,1,0,0.28642,0.78649,2.23607,258.21164,2.68456,310.00204,0.23930,0
1062,224.03534,168.38325,612.61742,12,1,0,0.31175,0.91826,4.00000,461.90302,4.63095,534.76251,0.24640,0
1063,223.96989,168.78484,533.64085,12,1,0,0.31325,0.98378,4.24264,489.92212,5.49768,634.84863,0.25792,0
1064,223.90445,169.18643,454.66428,12,1,0,0.28537,0.97554,4.12311,476.11871,6.05262,698.93134,0.27424,0
1065,224.02426,207.26901,731.28317,12,1,0,0.25488,0.66488,2.00000,230.95151,2.00000,230.95151,0.24454,0
1066,223.95881,207.67060,652.30660,12,1,0,0.30047,0.87772,3.00000,346.42725,4.17747,482.39679,0.23930,0
1067,223.89337,208.07219,573.33002,12,1,0,0.30938,0.94638,3.60555,416.35376,5.02215,579.93640,0.27437,0
1068,223.94774,246.55636,770.97234,8,0,0,0.00000,0.00000,0.00000,0.00000,0.00000,0.00000,0.10867,0
1069,223.88229,246.95795,691.99577,12,1,0,0.27755,0.72162,2.23607,258.21164,2.59130,299.23282,0.23251,0
1070,224.33035,50.11960,572.52648,8,0,0,0.29807,0.80055,2.44949,282.85669,2.74475,316.95209,0.18432,0
1071,224.26490,50.52119,493.54991,8,0,0,0.31622,0.85083,3.60555,416.35376,3.89638,449.93689,0.18797,0
1072,224.19946,50.92278,414.57334,8,0,0,0.30707,0.83060,3.16228,365.16641,3.83987,443.41159,0.19354,0
1073,224.13401,51.32437,335.59677,8,0,0,0.30558,0.82016,3.60555,416.35376,3.71757,429.28958,0.19219,0
1074,224.31927,89.00536,691.19222,12,1,0,0.28403,0.83467,2.23607,258.21164,3.36909,389.04807,0.24966,0
1075,224.25382,89.40695,612.21565,12,1,0,0.29903,0.92643,3.16228,365.16641,4.91895,568.01978,0.25837,0
1076,224.18838,89.80854,533.23908,12,1,0,0.30906,0.97333,4.12311,476.11871,5.52690,638.22278,0.26445,0
1077,224.24275,128.29271,730.88140,12,1,0,0.24338,0.64420,2.23607,258.21164,0.00000,0.00000,0.23347,0
1078,224.17730,128.69430,651.90482,12,1,0,0.28762,0.81183,3.00000,346.42725,3.12698,361.09070,0.24301,0
1079,224.16622,167.58006,770.57057,8,0,0,0.00000,0.00000,0.00000,0.00000,0.00000,0.00000,0.10643,0
1080,224.46124,49.31642,730.47962,8,0,0,0.25711,0.65097,1.73205,200.00987,0.00000,0.00000,0.18387,0
1081,224.39579,49.71801,651.50305,8,0,0,0.29307,0.76860,2.44949,282.85669,2.68846,310.45212,0.17370,0
1082,224.38471,88.60377,770.16880,8,0,0,0.01504,0.02174,0.00000,0.00000,0.00000,0.00000,0.12083,0
1083,261.56917,723.93706,102.04994,12,1,0,0.29295,1.00000,4.58258,529.17639,6.24547,721.20026,0.28928,0
1084,261.62353,762.42123,299.69226,8,0,0,0.00000,0.00000,0.00000,0.00000,0.00000,0.00000,0.01990,0
1085,261.55809,762.82282,220.71569,8,0,0,0.00000,0.00000,0.00000,0.00000,0.00000,0.00000,0.01670,0
1086,261.49264,763.22441,141.73911,8,0,0,0.00000,0.00000,0.00000,0.00000,0.00000,0.00000,0.01664,0
1087,261.42720,763.62600,62.76254,5,0,0,0.00000,0.00000,0.00000,0.00000,0.00000,0.00000,0.00186,0
1088,261.86418,605.67341,61.95900,8,0,0,0.12619,0.25000,0.00000,0.00000,0.00000,0.00000,0.15398,0
1089,261.85310,644.55918,180.62474,12,1,0,0.27500,0.99180,4.58258,529.17639,6.75287,779.79266,0.29549,0
1090,261.78766,644.96077,101.64817,12,1,0,0.28649,0.98922,4.58258,529.17639,6.16154,711.50897,0.29779,0
1091,261.84202,683.44494,299.29049,12,1,0,0.27851,0.98898,4.24264,489.92212,6.46920,747.03625,0.26586,0
1092,261.77658,683.84653,220.31391,12,1,0,0.28538,0.98383,4.12311,476.11871,6.18106,713.76276,0.26522,0
1093,261.71113,684.24812,141.33734,12,1,0,0.29379,1.00000,4.58258,529.17639,6.23775,720.30908,0.27507,0
1094,261.64569,684.64971,62.36077,8,0,0,0.13667,0.27371,0.00000,0.00000,0.00000,0.00000,0.14861,0
1095,261.83095,722.33070,417.95623,12,1,0,0.28947,0.94624,3.60555,416.35376,5.22482,603.34039,0.26963,0
1096,261.76550,722.73229,338.97966,12,1,0,0.28924,0.95778,3.60555,416.35376,5.84203,674.61285,0.26592,0
1097,261.70006,723.13388,260.00309,12,1,0,0.28223,0.96247,4.12311,476.11871,6.11755,706.42822,0.27238,0
1098,261.63461,723.53547,181.02651,12,1,0,0.27143,0.98634,4.24264,489.92212,6.71612,775.54871,0.28730,0
1099,261.81987,761.21646,536.62197,8,0,0,0.00000,0.00000,0.00000,0.00000,0.00000,0.00000,0.01286,0
1100,261.75442,761.61805,457.64540,8,0,0,0.00000,0.00000,0.00000,0.00000,0.00000,0.00000,0.01267,0
1101,261.68898,762.01964,378.66883,8,0,0,0.00000,0.00000,0.00000,0.00000,0.00000,0.00000,0.01446,0
1102,262.08267,526.69712,61.55723,8,0,0,0.13477,0.27322,0.00000,0.00000,0.00000,0.00000,0.15494,0
1103,262.07159,565.58288,180.22297,12,1,0,0.27685,1.00000,5.00000,577.37878,6.72126,776.14258,0.27930,0
1104,262.00614,565.98447,101.24640,12,1,0,0.28901,0.98374,4.35890,503.34717,6.13865,708.86505,0.27917,0
1105,262.06051,604.46864,298.88871,12,1,0,0.27080,0.97814,4.00000,461.90302,6.61934,764.37274,0.27629,0
1106,261.99507,604.87023,219.91214,12,1,0,0.28793,1.00000,4.58258,529.17639,6.61672,764.07019,0.28141,0
1107,261.92962,605.27182,140.93557,12,1,0,0.29703,0.96257,4.00000,461.90302,5.23332,604.32135,0.27078,0
1108,262.11488,642.95281,496.53103,12,1,0,0.30101,0.97275,3.74166,432.07071,5.43118,627.16974,0.26202,0
1109,262.04943,643.35440,417.55446,12,1,0,0.26982,0.96986,4.00000,461.90302,6.37117,735.71576,0.27699,0
1110,261.98399,643.75599,338.57789,12,1,0,0.26767,0.97268,4.00000,461.90302,6.43349,742.91266,0.27731,0
1111,261.91854,644.15758,259.60131,12,1,0,0.27246,0.99454,4.47214,516.42328,6.89016,795.64594,0.28403,0
1112,262.10380,681.83857,615.19677,12,1,0,0.31852,0.91247,3.74166,432.07071,4.61300,532.69000,0.25696,0
1113,262.03836,682.24016,536.22020,12,1,0,0.30268,0.95767,3.74166,432.07071,5.34000,616.64056,0.26931,0
1114,261.97291,682.64175,457.24363,12,1,0,0.28367,0.96477,4.00000,461.90302,5.93571,685.43115,0.27373,0
1115,261.90747,683.04334,378.26706,12,1,0,0.28901,0.97319,4.12311,476.11871,5.91154,682.63934,0.27366,0
1116,262.09272,720.72433,733.86251,12,1,0,0.30400,0.81067,3.16228,365.16641,3.56127,411.23993,0.24774,0
1117,262.02728,721.12592,654.88594,12,1,0,0.30095,0.84043,3.46410,400.01974,3.73454,431.24826,0.26208,0
1118,261.96183,721.52751,575.90937,12,1,0,0.29701,0.91848,3.16228,365.16641,4.84627,559.62628,0.25696,0
1119,261.89639,721.92911,496.93280,12,1,0,0.29704,0.92162,3.16228,365.16641,4.83211,557.99176,0.25741,0
1120,262.01620,760.01168,773.55168,5,0,0,0.00000,0.00000,0.00000,0.00000,0.00000,0.00000,0.00576,0
1121,261.95076,760.41327,694.57511,8,0,0,0.00000,0.00000,0.00000,0.00000,0.00000,0.00000,0.01408,0
1122,261.88531,760.81487,615.59854,8,0,0,0.00000,0.00000,0.00000,0.00000,0.00000,0.00000,0.00941,0
1123,262.36660,447.31923,140.13203,12,1,0,0.26985,1.00000,5.00000,577.37878,7.09182,818.93335,0.28461,0
1124,262.30116,447.72082,61.15546,8,0,0,0.12851,0.25946,0.00000,0.00000,0.00000,0.00000,0.14835,0
1125,262.35552,486.20499,258.79777,12,1,0,0.28116,0.99196,5.00000,577.37878,6.51894,752.77979,0.27174,0
1126,262.29008,486.60659,179.82120,12,1,0,0.27902,0.99452,5.00000,577.37878,6.62805,765.37933,0.27680,0
1127,262.22463,487.00818,100.84463,12,1,0,0.30298,1.00000,4.58258,529.17639,6.09630,703.97449,0.27840,0
1128,262.34445,525.09075,377.46351,12,1,0,0.27458,0.99452,5.00000,577.37878,6.67166,770.41492,0.28410,0
1129,262.27900,525.49235,298.48694,12,1,0,0.26215,0.99441,5.00000,577.37878,7.02807,811.57172,0.26611,0
1130,262.21356,525.89394,219.51037,12,1,0,0.27029,0.99725,5.09902,588.81311,6.93770,801.13654,0.26195,0
1131,262.14811,526.29553,140.53380,12,1,0,0.28583,0.98898,4.12311,476.11871,5.97181,689.59924,0.28128,0
1132,262.33337,563.97652,496.12926,12,1,0,0.29233,0.98123,4.24264,489.92212,6.00155,693.03320,0.26854,0
1133,262.26792,564.37811,417.15269,12,1,0,0.28191,0.97826,4.58258,529.17639,6.27852,725.01642,0.27309,0
1134,262.20248,564.77970,338.17611,12,1,0,0.28450,0.98400,5.00000,577.37878,6.47205,747.36523,0.26509,0
1135,262.13703,565.18129,259.19954,12,1,0,0.28463,0.99471,5.09902,588.81311,6.76426,781.10809,0.28512,0
1136,262.32229,602.86228,614.79500,12,1,0,0.29797,0.87534,3.16228,365.16641,4.15699,480.03134,0.25466,0
1137,262.25685,603.26387,535.81843,12,1,0,0.30176,0.96774,4.47214,516.42328,5.48661,633.57007,0.26797,0
1138,262.19140,603.66546,456.84186,12,1,0,0.28638,0.98919,4.69042,541.62933,6.28349,725.59076,0.27840,0
1139,262.12596,604.06705,377.86529,12,1,0,0.28571,0.98143,5.00000,577.37878,6.58989,760.97241,0.27366,0
1140,262.31121,641.74804,733.46074,12,1,0,0.28151,0.73829,2.82843,326.61475,3.05697,353.00613,0.24736,0
1141,262.24577,642.14963,654.48417,12,1,0,0.29345,0.85124,3.46410,400.01974,3.89118,449.33655,0.25856,0
1142,262.18032,642.55122,575.50760,12,1,0,0.30144,0.97802,4.00000,461.90302,5.47380,632.09088,0.27014,0
1143,262.23469,681.03539,773.14991,8,0,0,0.01413,0.02116,0.00000,0.00000,0.00000,0.00000,0.11917,0
1144,262.16925,681.43698,694.17334,12,1,0,0.26660,0.69697,2.82843,326.61475,2.53007,292.16147,0.23699,0
1145,262.58509,368.34294,139.73026,12,1,0,0.28819,1.00000,5.00000,577.37878,6.32916,730.86469,0.26995,0
1146,262.51964,368.74453,60.75369,8,0,0,0.15567,0.32687,0.00000,0.00000,0.00000,0.00000,0.15571,0
1147,262.57401,407.22870,258.39600,12,1,0,0.26725,1.00000,5.09902,588.81311,7.19309,830.62762,0.28070,0
1148,262.50857,407.63029,179.41943,12,1,0,0.26496,1.00000,6.00000,692.85449,7.26451,838.87439,0.28781,0
1149,262.44312,408.03188,100.44286,12,1,0,0.28382,0.98641,4.35890,503.34717,6.17682,713.27295,0.27046,0
1150,262.56293,446.11446,377.06174,12,1,0,0.27620,1.00000,5.00000,577.37878,6.89258,795.92548,0.27680,0
1151,262.49749,446.51605,298.08517,12,1,0,0.26395,1.00000,5.00000,577.37878,7.52219,868.63049,0.28506,0
1152,262.43205,446.91764,219.10860,12,1,0,0.26623,0.99727,5.00000,577.37878,7.26431,838.85126,0.28096,0
1153,262.61730,484.59863,574.70406,12,1,0,0.31437,0.92582,3.74166,432.07071,4.69626,542.30408,0.25312,0
1154,262.55186,485.00022,495.72749,12,1,0,0.29109,0.97534,4.12311,476.11871,5.70631,658.94086,0.27552,0
1155,262.48641,485.40181,416.75091,12,1,0,0.29187,1.00000,5.00000,577.37878,6.21834,718.06708,0.26150,0
1156,262.42097,485.80340,337.77434,12,1,0,0.28120,0.99455,4.58258,529.17639,6.40623,739.76392,0.25843,0
1157,262.60622,523.48439,693.36980,12,1,0,0.26321,0.68835,2.44949,282.85669,2.55274,294.77954,0.23936,0
1158,262.54078,523.88598,614.39323,12,1,0,0.27256,0.81471,2.82843,326.61475,3.52984,407.61148,0.26541,0
1159,262.47533,524.28757,535.41666,12,1,0,0.29486,0.96419,4.12311,476.11871,5.33692,616.28522,0.27091,0
1160,262.40989,524.68916,456.44009,12,1,0,0.27911,0.96154,4.00000,461.90302,5.73483,662.23425,0.27379,0
1161,262.52970,562.77174,733.05897,12,1,0,0.26343,0.69863,2.23607,258.21164,2.37209,273.91870,0.23699,0
1162,262.46426,563.17333,654.08240,12,1,0,0.30221,0.86027,3.16228,365.16641,4.06556,469.47305,0.25293,0
1163,262.39881,563.57492,575.10583,12,1,0,0.30824,0.93801,4.12311,476.11871,4.79801,554.05347,0.26541,0
1164,262.45318,602.05909,772.74814,8,0,0,0.01326,0.01913,0.00000,0.00000,0.00000,0.00000,0.11571,0
1165,262.38774,602.46069,693.77157,12,1,0,0.27071,0.73626,2.23607,258.21164,2.78439,321.52969,0.23533,0
1166,262.86902,288.96505,218.30506,12,1,0,0.27938,0.95989,3.60555,416.35376,6.11690,706.35309,0.25677,0
1167,262.80358,289.36664,139.32849,12,1,0,0.27466,0.99451,5.00000,577.37878,6.72440,776.50519,0.27834,0
1168,262.73813,289.76824,60.35192,8,0,0,0.16894,0.37057,0.00000,0.00000,0.00000,0.00000,0.15488,0
1169,262.85795,327.85081,336.97080,12,1,0,0.28018,1.00000,5.00000,577.37878,7.11778,821.93097,0.28019,0
1170,262.79250,328.25240,257.99423,12,1,0,0.28115,0.90741,3.00000,346.42725,4.84111,559.03143,0.24838,0
1171,262.72706,328.65400,179.01766,12,1,0,0.26768,1.00000,5.00000,577.37878,7.30111,843.10107,0.28614,0
1172,262.66161,329.05559,100.04109,12,1,0,0.28762,0.99458,4.35890,503.34717,6.30216,727.74670,0.28525,0
1173,262.84687,366.73657,455.63654,12,1,0,0.27942,1.00000,5.00000,577.37878,6.68518,771.97675,0.27834,0
1174,262.78142,367.13817,376.65997,12,1,0,0.26993,1.00000,5.00000,577.37878,7.13184,823.55414,0.29587,0
1175,262.71598,367.53976,297.68340,12,1,0,0.25672,1.00000,5.00000,577.37878,7.70674,889.94110,0.29082,0
1176,262.65053,367.94135,218.70683,12,1,0,0.26305,1.00000,5.09902,588.81311,7.40465,855.05750,0.27955,0
1177,262.83579,405.62233,574.30229,12,1,0,0.29347,0.87158,3.16228,365.16641,4.14671,478.84500,0.25440,0
1178,262.77035,406.02393,495.32571,12,1,0,0.30834,0.97861,4.00000,461.90302,5.44908,629.23627,0.26963,0
1179,262.70490,406.42552,416.34914,12,1,0,0.28022,0.99726,4.89898,565.71338,6.55120,756.50507,0.26861,0
1180,262.63946,406.82711,337.37257,12,1,0,0.26861,1.00000,5.00000,577.37878,7.25000,837.19922,0.28378,0
1181,262.82471,444.50810,692.96803,12,1,0,0.27357,0.72358,2.23607,258.21164,2.55882,295.48209,0.24576,0
1182,262.75927,444.90969,613.99146,12,1,0,0.29539,0.84865,3.16228,365.16641,4.05166,467.86856,0.25549,0
1183,262.69382,445.31128,535.01489,12,1,0,0.29841,0.96216,4.00000,461.90302,5.37069,620.18445,0.27872,0
1184,262.62838,445.71287,456.03831,12,1,0,0.27748,0.99457,4.24264,489.92212,6.67803,771.15027,0.28915,0
1185,262.74819,483.79545,732.65720,12,1,0,0.25185,0.64499,1.73205,200.00987,0.00000,0.00000,0.22483,0
1186,262.68275,484.19704,653.68063,12,1,0,0.29980,0.82162,3.16228,365.16641,3.50000,404.16513,0.24787,0
1187,262.67167,523.08280,772.34637,8,0,0,0.00403,0.00548,0.00000,0.00000,0.00000,0.00000,0.11264,0
1188,263.09859,171.10300,99.23755,12,1,0,0.26998,0.99734,5.09902,588.81311,7.49417,865.39471,0.29734,0
1189,263.08751,209.98876,217.90329,12,1,0,0.26120,1.00000,6.00000,692.85449,7.90625,912.97980,0.28986,0
1190,263.02207,210.39035,138.92672,12,1,0,0.27021,1.00000,5.00000,577.37878,7.31452,844.64996,0.28634,0
1191,262.95662,210.79194,59.95015,8,0,0,0.18450,0.40000,0.00000,0.00000,0.00000,0.00000,0.16013,0
1192,263.07643,248.87452,336.56903,12,1,0,0.26691,1.00000,5.00000,577.37878,7.33192,846.65863,0.27501,0
1193,263.01099,249.27611,257.59246,12,1,0,0.25347,1.00000,5.00000,577.37878,7.80453,901.23456,0.28813,0
1194,262.94555,249.67770,178.61589,12,1,0,0.26513,1.00000,5.00000,577.37878,7.31781,845.02979,0.28096,0
1195,262.88010,250.07929,99.63932,12,1,0,0.27502,1.00000,5.00000,577.37878,7.07090,816.51770,0.29075,0
1196,263.06536,287.76028,455.23477,12,1,0,0.28848,0.98677,5.00000,577.37878,6.32822,730.75543,0.27955,0
1197,262.99991,288.16187,376.25820,12,1,0,0.27558,1.00000,5.00000,577.37878,7.25931,838.27399,0.29939,0
1198,262.93447,288.56346,297.28163,12,1,0,0.25609,1.00000,5.00000,577.37878,7.84738,906.18225,0.29050,0
1199,263.11972,326.24445,652.87709,12,1,0,0.31367,0.89333,3.60555,416.35376,4.39485,507.49860,0.25235,0
1200,263.05428,326.64604,573.90051,12,1,0,0.30321,0.94070,4.12311,476.11871,4.93275,569.61292,0.26150,0
1201,262.98884,327.04763,494.92394,12,1,0,0.31085,0.97587,4.12311,476.11871,5.43836,627.99902,0.25741,0
1202,262.92339,327.44922,415.94737,12,1,0,0.28941,1.00000,5.00000,577.37878,6.35739,734.12421,0.26797,0
1203,263.10865,365.13021,771.54283,8,0,0,0.00000,0.00000,0.00000,0.00000,0.00000,0.00000,0.10438,0
1204,263.04320,365.53180,692.56626,12,1,0,0.28300,0.77112,2.82843,326.61475,3.13163,361.62781,0.23059,0
1205,262.97776,365.93339,613.58969,12,1,0,0.31913,0.91081,3.74166,432.07071,4.56822,527.51880,0.24986,0
1206,262.91231,366.33498,534.61311,12,1,0,0.19941,0.55014,1.00000,115.47575,0.00000,0.00000,0.22803,0
1207,262.96668,404.81915,732.25543,12,1,0,0.26327,0.67109,2.00000,230.95151,0.00000,0.00000,0.24774,0
1208,262.90124,405.22074,653.27886,12,1,0,0.26091,0.72118,2.23607,258.21164,0.00000,0.00000,0.24518,0
1209,262.89016,444.10650,771.94460,8,0,0,0.00000,0.00000,0.00000,0.00000,0.00000,0.00000,0.11539,0
1210,263.31708,92.12670,98.83578,12,1,0,0.25682,1.00000,5.09902,588.81311,7.72680,892.25854,0.29837,0
1211,263.37145,130.61087,296.47809,12,1,0,0.26136,1.00000,6.00000,692.85449,7.66203,884.77899,0.28966,0
1212,263.30600,131.01246,217.50152,12,1,0,0.25765,1.00000,6.00000,692.85449,7.47313,862.96558,0.27296,0
1213,263.24056,131.41405,138.52495,12,1,0,0.26003,1.00000,6.00000,692.85449,7.50176,866.27106,0.28730,0
1214,263.17511,131.81565,59.54838,8,0,0,0.19231,0.45580,1.00000,115.47575,0.00000,0.00000,0.16557,0
1215,263.36037,169.49663,415.14383,12,1,0,0.28022,1.00000,5.00000,577.37878,6.62688,765.24365,0.26170,0
1216,263.29492,169.89822,336.16726,12,1,0,0.27366,1.00000,6.00000,692.85449,7.22617,834.44702,0.27021,0
1217,263.22948,170.29981,257.19069,12,1,0,0.25983,1.00000,6.00000,692.85449,7.73287,892.95862,0.28410,0
1218,263.16403,170.70141,178.21412,12,1,0,0.26406,1.00000,5.09902,588.81311,7.54422,871.17505,0.28096,0
1219,263.34929,208.38239,533.80957,12,1,0,0.30626,0.98638,4.12311,476.11871,5.68405,656.37036,0.26240,0
1220,263.28385,208.78398,454.83300,12,1,0,0.28397,1.00000,5.00000,577.37878,6.61864,764.29254,0.27661,0
1221,263.21840,209.18558,375.85643,12,1,0,0.28083,1.00000,5.00000,577.37878,7.02238,810.91467,0.27757,0
1222,263.15296,209.58717,296.87986,12,1,0,0.25544,1.00000,6.00000,692.85449,7.68900,887.89270,0.28320,0
1223,263.33821,247.26815,652.47531,12,1,0,0.30470,0.81868,3.16228,365.16641,3.51856,406.30859,0.22086,0
1224,263.27277,247.66975,573.49874,12,1,0,0.30501,0.94199,4.12311,476.11871,4.83123,557.88959,0.26227,0
1225,263.20732,248.07134,494.52217,12,1,0,0.29663,0.99176,4.24264,489.92212,5.76039,665.18512,0.25299,0
1226,263.14188,248.47293,415.54560,12,1,0,0.28168,0.99730,4.47214,516.42328,6.60873,763.14838,0.26880,0
1227,263.32714,286.15391,771.14106,8,0,0,0.00000,0.00000,0.00000,0.00000,0.00000,0.00000,0.10765,0
1228,263.26169,286.55551,692.16449,12,1,0,0.26997,0.73554,2.23607,258.21164,2.54780,294.20938,0.23136,0
1229,263.19625,286.95710,613.18791,12,1,0,0.31031,0.89628,3.16228,365.16641,4.38379,506.22168,0.25498,0
1230,263.13080,287.35869,534.21134,12,1,0,0.30075,0.98093,4.12311,476.11871,5.73226,661.93671,0.27206,0
1231,263.18517,325.84286,731.85366,12,1,0,0.24296,0.61316,1.41421,163.30737,0.00000,0.00000,0.23334,0
1232,263.58993,51.63458,296.07632,8,0,0,0.30203,0.85246,3.31662,382.98975,3.99711,461.56961,0.21139,0
1233,263.52449,52.03617,217.09975,8,0,0,0.30694,0.85326,3.00000,346.42725,3.98146,459.76205,0.19123,0
1234,263.45905,52.43776,138.12318,8,0,0,0.31198,0.91057,4.00000,461.90302,4.57801,528.64923,0.19770,0
1235,263.39360,52.83935,59.14661,5,0,0,0.15781,0.27671,0.00000,0.00000,0.00000,0.00000,0.09683,0
1236,263.57886,90.52034,414.74206,12,1,0,0.27211,0.99725,5.09902,588.81311,6.83395,789.15570,0.27302,0
1237,263.51341,90.92193,335.76549,12,1,0,0.25907,1.00000,6.00000,692.85449,7.54140,870.84833,0.28890,0
1238,263.44797,91.32352,256.78892,12,1,0,0.27096,0.87912,3.16228,365.16641,3.86964,446.84995,0.22822,0
1239,263.38252,91.72511,177.81235,12,1,0,0.25523,1.00000,6.00000,692.85449,7.80491,901.27814,0.28768,0
1240,263.56778,129.40610,533.40780,12,1,0,0.29223,0.96648,4.12311,476.11871,5.60597,647.35400,0.26970,0
1241,263.50234,129.80769,454.43123,12,1,0,0.28093,0.99724,4.47214,516.42328,6.36601,735.11938,0.28474,0
1242,263.43689,130.20928,375.45466,12,1,0,0.26428,1.00000,6.00000,692.85449,7.25575,837.86298,0.29338,0
1243,263.62215,167.89027,731.05011,12,1,0,0.25813,0.70241,1.41421,163.30737,0.00000,0.00000,0.24371,0
1244,263.55670,168.29186,652.07354,12,1,0,0.29612,0.85519,2.82843,326.61475,3.83888,443.29782,0.25459,0
1245,263.49126,168.69345,573.09697,12,1,0,0.30551,0.93989,3.60555,416.35376,5.00000,577.37878,0.25632,0
1246,263.42581,169.09504,494.12040,12,1,0,0.30565,0.97275,4.00000,461.90302,5.46612,631.20477,0.25978,0
1247,263.54562,207.17762,770.73929,8,0,0,0.00000,0.00000,0.00000,0.00000,0.00000,0.00000,0.10509,0
1248,263.48018,207.57921,691.76271,12,1,0,0.26061,0.71074,2.00000,230.95151,0.00000,0.00000,0.21978,0
1249,263.41474,207.98080,612.78614,12,1,0,0.30336,0.90515,3.60555,416.35376,4.58901,529.91949,0.24742,0
1250,263.40366,246.86656,731.45189,12,1,0,0.24747,0.66757,2.00000,230.95151,0.00000,0.00000,0.23994,0
1251,263.85171,50.02821,611.98260,8,0,0,0.29167,0.73585,2.23607,258.21164,2.19828,253.84755,0.17933,0
1252,263.78627,50.42980,533.00603,8,0,0,0.30569,0.82927,3.00000,346.42725,3.65745,422.34723,0.19078,0
1253,263.72082,50.83139,454.02946,8,0,0,0.31006,0.88564,3.31662,382.98975,4.24783,490.52170,0.18778,0
1254,263.65538,51.23299,375.05289,8,0,0,0.31034,0.84906,3.31662,382.98975,3.92800,453.58875,0.19610,0
1255,263.84064,88.91397,730.64834,12,1,0,0.26135,0.76423,2.00000,230.95151,0.00000,0.00000,0.24192,0
1256,263.77519,89.31556,651.67177,12,1,0,0.28479,0.83740,3.00000,346.42725,3.32566,384.03275,0.23782,0
1257,263.70975,89.71716,572.69520,12,1,0,0.29340,0.91351,3.31662,382.98975,4.64546,536.43842,0.26234,0
1258,263.64430,90.11875,493.71863,12,1,0,0.27911,0.98638,5.00000,577.37878,6.51149,751.91882,0.26963,0
1259,263.76411,128.20133,770.33751,8,0,0,0.00575,0.00813,0.00000,0.00000,0.00000,0.00000,0.11942,0
1260,263.69867,128.60292,691.36094,12,1,0,0.26685,0.78082,2.23607,258.21164,2.21860,256.19504,0.25242,0
1261,263.63322,129.00451,612.38437,12,1,0,0.29359,0.88556,3.16228,365.16641,4.32387,499.30215,0.25677,0
1262,263.98260,49.22503,769.93574,5,0,0,0.00000,0.00000,0.00000,0.00000,0.00000,0.00000,0.07142,0
1263,263.91716,49.62662,690.95917,8,0,0,0.27503,0.70541,1.73205,200.00987,0.00000,0.00000,0.17344,0
1264,301.09053,723.84567,141.50606,12,1,0,0.27693,0.99727,4.58258,529.17639,6.74728,779.14771,0.26483,0
1265,301.02509,724.24727,62.52949,8,0,0,0.16732,0.34877,0.00000,0.00000,0.00000,0.00000,0.16218,0
1266,301.07946,762.73144,260.17180,8,0,0,0.00000,0.00000,0.00000,0.00000,0.00000,0.00000,0.01536,0
1267,301.01401,763.13303,181.19523,8,0,0,0.00000,0.00000,0.00000,0.00000,0.00000,0.00000,0.01824,0
1268,300.94857,763.53462,102.21866,8,0,0,0.00000,0.00000,0.00000,0.00000,0.00000,0.00000,0.01478,0
1269,301.37447,644.46779,220.08086,12,1,0,0.27395,0.99457,5.00000,577.37878,6.69749,773.39777,0.27808,0
1270,301.30902,644.86938,141.10429,12,1,0,0.28030,1.00000,5.09902,588.81311,6.69622,773.25134,0.27494,0
1271,301.24358,645.27097,62.12772,8,0,0,0.13881,0.27688,0.00000,0.00000,0.00000,0.00000,0.14413,0
1272,301.36339,683.35355,338.74660,12,1,0,0.28053,0.99180,5.00000,577.37878,6.50834,751.55493,0.27117,0
1273,301.29795,683.75514,259.77003,12,1,0,0.27790,0.98919,5.00000,577.37878,6.68440,771.88568,0.26445,0
1274,301.23250,684.15673,180.79346,12,1,0,0.27674,0.99196,5.00000,577.37878,6.90802,797.70929,0.27398,0
1275,301.16706,684.55832,101.81689,12,1,0,0.28916,0.99448,4.69042,541.62933,6.05388,699.07599,0.26829,0
1276,301.35231,722.23931,457.41235,12,1,0,0.28769,0.97245,4.24264,489.92212,5.76659,665.90179,0.25632,0
1277,301.28687,722.64090,378.43578,12,1,0,0.27941,0.99176,5.00000,577.37878,6.55822,757.31555,0.26330,0
1278,301.22142,723.04249,299.45920,12,1,0,0.27769,0.98634,5.00000,577.37878,6.44090,743.76776,0.26592,0
1279,301.15598,723.44408,220.48263,12,1,0,0.26840,0.98365,4.12311,476.11871,6.71868,775.84485,0.27456,0
1280,301.34123,761.12507,576.07809,8,0,0,0.00000,0.00000,0.00000,0.00000,0.00000,0.00000,0.01178,0
1281,301.27579,761.52666,497.10152,8,0,0,0.00000,0.00000,0.00000,0.00000,0.00000,0.00000,0.01005,0
1282,301.21035,761.92825,418.12495,8,0,0,0.00000,0.00000,0.00000,0.00000,0.00000,0.00000,0.01325,0
1283,301.14490,762.32984,339.14838,8,0,0,0.00000,0.00000,0.00000,0.00000,0.00000,0.00000,0.01683,0
1284,301.60403,526.60573,101.01335,12,1,0,0.30008,0.97568,4.12311,476.11871,5.65741,653.29376,0.27149,0
1285,301.59296,565.49149,219.67909,12,1,0,0.28207,1.00000,5.00000,577.37878,6.59639,761.72308,0.27008,0
1286,301.52751,565.89309,140.70252,12,1,0,0.27939,1.00000,5.38516,621.85596,6.67691,771.02118,0.28314,0
1287,301.46207,566.29468,61.72595,8,0,0,0.14479,0.29640,0.00000,0.00000,0.00000,0.00000,0.15264,0
1288,301.58188,604.37725,338.34483,12,1,0,0.27293,1.00000,5.09902,588.81311,6.87003,793.32227,0.28634,0
1289,301.51643,604.77885,259.36826,12,1,0,0.26608,1.00000,5.09902,588.81311,7.21680,833.36572,0.28634,0
1290,301.45099,605.18044,180.39169,12,1,0,0.27286,1.00000,5.83095,673.33356,6.93240,800.52362,0.28109,0
1291,301.38554,605.58203,101.41512,12,1,0,0.28664,0.98883,4.69042,541.62933,5.90930,682.38135,0.27898,0
1292,301.57080,643.26302,457.01058,12,1,0,0.27578,0.98634,4.24264,489.92212,6.49401,749.90125,0.28294,0
1293,301.50536,643.66461,378.03400,12,1,0,0.28305,0.99726,4.58258,529.17639,6.47204,747.36371,0.26752,0
1294,301.43991,644.06620,299.05743,12,1,0,0.27550,0.99730,5.00000,577.37878,7.04016,812.96729,0.27034,0
1295,301.55972,682.14878,575.67632,12,1,0,0.29982,0.91826,4.00000,461.90302,4.60633,531.91974,0.25082,0
1296,301.49428,682.55037,496.69975,12,1,0,0.29608,0.96122,4.12311,476.11871,5.25000,606.24768,0.25056,0
1297,301.42883,682.95196,417.72318,12,1,0,0.28616,0.98913,4.47214,516.42328,6.18609,714.34363,0.24640,0
1298,301.61409,720.63295,773.31863,8,0,0,0.03009,0.04645,0.00000,0.00000,0.00000,0.00000,0.12838,0
1299,301.54865,721.03454,694.34206,12,1,0,0.29412,0.84932,3.31662,382.98975,4.13641,477.65454,0.25856,0
1300,301.48320,721.43613,615.36549,12,1,0,0.29111,0.89011,3.60555,416.35376,4.10233,473.71985,0.24986,0
1301,301.41776,721.83772,536.38892,12,1,0,0.29900,0.98093,4.24264,489.92212,5.57596,643.88782,0.25869,0
1302,301.47212,760.32189,734.03123,8,0,0,0.00000,0.00000,0.00000,0.00000,0.00000,0.00000,0.01094,0
1303,301.40668,760.72348,655.05466,8,0,0,0.00000,0.00000,0.00000,0.00000,0.00000,0.00000,0.00922,0
1304,301.82252,447.62944,100.61158,12,1,0,0.28866,0.99454,4.89898,565.71338,6.21618,717.81781,0.28928,0
1305,301.81145,486.51520,219.27732,12,1,0,0.26906,1.00000,5.00000,577.37878,6.85044,791.05927,0.27328,0
1306,301.74600,486.91679,140.30075,12,1,0,0.28749,1.00000,5.19615,600.02960,6.48194,748.50708,0.27418,0
1307,301.68056,487.31838,61.32418,8,0,0,0.14921,0.30811,0.00000,0.00000,0.00000,0.00000,0.14976,0
1308,301.86581,524.99937,416.91963,12,1,0,0.28916,0.96774,4.00000,461.90302,5.84021,674.40277,0.26496,0
1309,301.80037,525.40096,337.94306,12,1,0,0.27866,1.00000,5.00000,577.37878,6.73880,778.16760,0.27526,0
1310,301.73492,525.80255,258.96649,12,1,0,0.27733,1.00000,5.00000,577.37878,7.19798,831.19214,0.27910,0
1311,301.66948,526.20414,179.98992,12,1,0,0.28109,1.00000,5.09902,588.81311,6.77423,782.25946,0.28525,0
1312,301.85474,563.88513,535.58538,12,1,0,0.30101,0.97808,4.12311,476.11871,5.56184,642.25812,0.26451,0
1313,301.78929,564.28672,456.60880,12,1,0,0.28205,0.98910,4.24264,489.92212,6.38068,736.81354,0.27296,0
1314,301.72385,564.68831,377.63223,12,1,0,0.28383,0.98649,4.12311,476.11871,6.36440,734.93390,0.26752,0
1315,301.65840,565.08990,298.65566,12,1,0,0.26985,1.00000,5.00000,577.37878,7.13090,823.44586,0.29280,0
1316,301.84366,602.77089,654.25112,12,1,0,0.29167,0.82796,3.16228,365.16641,3.70531,427.87375,0.25728,0
1317,301.77821,603.17248,575.27455,12,1,0,0.30590,0.91935,3.74166,432.07071,4.80612,554.98987,0.26067,0
1318,301.71277,603.57407,496.29798,12,1,0,0.27984,0.96458,4.12311,476.11871,5.85268,675.84222,0.27501,0
1319,301.64732,603.97566,417.32140,12,1,0,0.29369,0.99180,4.12311,476.11871,6.03488,696.88275,0.26976,0
1320,301.83258,641.65665,772.91686,8,0,0,0.02247,0.03243,0.00000,0.00000,0.00000,0.00000,0.11194,0
1321,301.76714,642.05824,693.94029,12,1,0,0.30264,0.83065,3.00000,346.42725,3.89688,449.99484,0.25005,0
1322,301.70169,642.45983,614.96372,12,1,0,0.30072,0.91530,3.74166,432.07071,4.59716,530.86102,0.26234,0
1323,301.63625,642.86142,535.98715,12,1,0,0.29958,0.95946,4.35890,503.34717,5.24200,605.32391,0.26829,0
1324,301.69061,681.34559,733.62946,12,1,0,0.24298,0.60811,1.73205,200.00987,0.00000,0.00000,0.22701,0
1325,301.62517,681.74719,654.65289,12,1,0,0.28935,0.84341,3.31662,382.98975,3.85228,444.84509,0.24685,0
1326,302.11753,329.36579,60.52064,8,0,0,0.13758,0.29670,0.00000,0.00000,0.00000,0.00000,0.15917,0
1327,302.10646,368.25155,179.18638,12,1,0,0.27419,1.00000,5.09902,588.81311,7.17826,828.91510,0.27712,0
1328,302.04101,368.65314,100.20981,12,1,0,0.28371,0.98113,4.69042,541.62933,6.20756,716.82275,0.26528,0
1329,302.09538,407.13731,297.85212,12,1,0,0.27312,1.00000,6.00000,692.85449,7.51231,867.48926,0.27981,0
1330,302.02993,407.53890,218.87555,12,1,0,0.26547,1.00000,5.09902,588.81311,7.48496,864.33148,0.27885,0
1331,301.96449,407.94050,139.89898,12,1,0,0.27799,1.00000,5.00000,577.37878,6.97615,805.57568,0.27430,0
1332,301.89905,408.34209,60.92241,8,0,0,0.14733,0.30295,0.00000,0.00000,0.00000,0.00000,0.15878,0
1333,302.08430,446.02307,416.51786,12,1,0,0.27778,0.98383,4.00000,461.90302,6.67317,770.58893,0.25690,0
1334,302.01886,446.42467,337.54129,12,1,0,0.25955,0.98361,4.12311,476.11871,7.29153,841.99542,0.27738,0
1335,301.95341,446.82626,258.56472,12,1,0,0.26214,1.00000,5.00000,577.37878,7.50574,866.73138,0.28013,0
1336,301.88797,447.22785,179.58815,12,1,0,0.26511,1.00000,5.47723,632.48676,7.23149,835.06201,0.27782,0
1337,302.07322,484.90883,535.18360,12,1,0,0.31431,0.92042,4.00000,461.90302,4.69684,542.37164,0.25370,0
1338,302.00778,485.31043,456.20703,12,1,0,0.29125,0.99735,4.58258,529.17639,6.46454,746.49774,0.27411,0
1339,301.94233,485.71202,377.23046,12,1,0,0.27786,1.00000,5.00000,577.37878,6.96723,804.54596,0.27590,0
1340,301.87689,486.11361,298.25389,12,1,0,0.28368,0.89920,3.00000,346.42725,4.40837,509.05997,0.24890,0
1341,302.06215,523.79460,653.84935,12,1,0,0.29904,0.82713,3.16228,365.16641,3.69075,426.19247,0.24864,0
1342,301.99670,524.19619,574.87278,12,1,0,0.32069,0.94667,4.00000,461.90302,5.02257,579.98462,0.25286,0
1343,301.93126,524.59778,495.89620,12,1,0,0.29342,0.93801,4.00000,461.90302,5.07056,585.52673,0.26406,0
1344,302.05107,562.68036,772.51509,8,0,0,0.00000,0.00000,0.00000,0.00000,0.00000,0.00000,0.10490,0
1345,301.98562,563.08195,693.53852,12,1,0,0.28530,0.80270,2.44949,282.85669,3.40847,393.59579,0.24486,0
1346,301.92018,563.48354,614.56195,12,1,0,0.31426,0.94022,4.00000,461.90302,4.78213,552.21954,0.25478,0
1347,301.90910,602.36930,733.22769,12,1,0,0.25783,0.67302,2.23607,258.21164,2.05000,236.72530,0.23731,0
1348,302.33602,250.38950,60.11887,8,0,0,0.18428,0.40872,0.00000,0.00000,0.00000,0.00000,0.15456,0
1349,302.32495,289.27526,178.78461,12,1,0,0.26233,1.00000,6.00000,692.85449,7.64128,882.38257,0.28493,0
1350,302.25950,289.67685,99.80804,12,1,0,0.28243,1.00000,5.00000,577.37878,6.56799,758.44318,0.27578,0
1351,302.31387,328.16102,297.45035,12,1,0,0.25384,1.00000,6.00000,692.85449,7.86430,908.13641,0.27699,0
1352,302.24842,328.56261,218.47378,12,1,0,0.26153,1.00000,5.00000,577.37878,7.39938,854.44849,0.26784,0
1353,302.18298,328.96420,139.49721,12,1,0,0.28113,1.00000,5.00000,577.37878,6.56974,758.64539,0.26739,0
1354,302.36824,366.64519,495.09266,12,1,0,0.28694,1.00000,4.47214,516.42328,6.41347,740.60028,0.26106,0
1355,302.30279,367.04678,416.11609,12,1,0,0.28165,1.00000,5.19615,600.02960,6.94981,802.53436,0.28006,0
1356,302.23735,367.44837,337.13952,12,1,0,0.25603,0.99176,5.09902,588.81311,7.54012,870.70068,0.26976,0
1357,302.17190,367.84996,258.16295,12,1,0,0.26444,1.00000,6.00000,692.85449,7.82687,903.81409,0.27584,0
1358,302.35716,405.53095,613.75840,12,1,0,0.31801,0.91460,3.60555,416.35376,4.54217,524.51074,0.24326,0
1359,302.29171,405.93254,534.78183,12,1,0,0.30122,0.93029,3.74166,432.07071,4.73932,547.27692,0.26234,0
1360,302.22627,406.33413,455.80526,12,1,0,0.28840,0.99191,4.12311,476.11871,6.34043,732.16602,0.26240,0
1361,302.16082,406.73572,376.82869,12,1,0,0.27426,1.00000,5.74456,663.35773,7.15824,826.60260,0.26701,0
1362,302.34608,444.41671,732.42415,12,1,0,0.23938,0.63636,1.73205,200.00987,0.00000,0.00000,0.23866,0
1363,302.28064,444.81830,653.44758,12,1,0,0.28255,0.80716,3.16228,365.16641,3.22090,371.93533,0.24358,0
1364,302.21519,445.21989,574.47100,12,1,0,0.30843,0.98066,4.12311,476.11871,5.33712,616.30804,0.25747,0
1365,302.14975,445.62148,495.49443,12,1,0,0.28889,1.00000,4.24264,489.92212,6.19060,714.86426,0.26970,0
1366,302.26956,483.70406,772.11332,8,0,0,0.01370,0.01897,0.00000,0.00000,0.00000,0.00000,0.11347,0
1367,302.20411,484.10565,693.13675,12,1,0,0.27143,0.70745,2.44949,282.85669,2.50000,288.68939,0.24288,0
1368,302.13867,484.50724,614.16018,12,1,0,0.30256,0.90934,3.60555,416.35376,4.54569,524.91663,0.25798,0
1369,302.12759,523.39300,732.82592,12,1,0,0.23944,0.60548,2.00000,230.95151,0.00000,0.00000,0.23046,0
1370,302.61996,171.01161,138.69367,12,1,0,0.26380,1.00000,5.00000,577.37878,7.40194,854.74493,0.28032,0
1371,302.55451,171.41320,59.71710,8,0,0,0.20221,0.45706,1.00000,115.47575,0.00000,0.00000,0.15974,0
1372,302.60888,209.89737,257.35941,12,1,0,0.25452,1.00000,6.00000,692.85449,7.87612,909.50104,0.29152,0
1373,302.54343,210.29896,178.38284,12,1,0,0.25688,1.00000,6.00000,692.85449,7.81063,901.93860,0.30016,0
1374,302.47799,210.70055,99.40627,12,1,0,0.26844,0.99726,5.00000,577.37878,7.16196,827.03320,0.27834,0
1375,302.59780,248.78313,376.02515,12,1,0,0.26974,1.00000,5.09902,588.81311,7.17331,828.34357,0.27782,0
1376,302.53236,249.18472,297.04858,12,1,0,0.25992,1.00000,6.00000,692.85449,7.64336,882.62280,0.27872,0
1377,302.46691,249.58631,218.07201,12,1,0,0.25698,1.00000,6.00000,692.85449,7.65566,884.04279,0.27424,0
1378,302.40147,249.98791,139.09544,12,1,0,0.27299,1.00000,5.00000,577.37878,7.19772,831.16241,0.27520,0
1379,302.58672,287.66889,494.69089,12,1,0,0.28889,0.99454,5.00000,577.37878,6.28907,726.23486,0.26310,0
1380,302.52128,288.07048,415.71432,12,1,0,0.27232,1.00000,5.00000,577.37878,6.90567,797.43750,0.28710,0
1381,302.45584,288.47208,336.73775,12,1,0,0.26134,1.00000,5.09902,588.81311,7.38984,853.34698,0.26419,0
1382,302.39039,288.87367,257.76118,12,1,0,0.25757,1.00000,6.00000,692.85449,7.59373,876.89221,0.26816,0
1383,302.57565,326.55465,613.35663,12,1,0,0.29017,0.86813,3.31662,382.98975,4.03062,465.43890,0.26432,0
1384,302.51020,326.95625,534.38006,12,1,0,0.30050,0.98361,4.12311,476.11871,5.63734,650.97583,0.26918,0
1385,302.44476,327.35784,455.40349,12,1,0,0.27613,1.00000,5.00000,577.37878,6.68819,772.32343,0.27002,0
1386,302.37931,327.75943,376.42692,12,1,0,0.26554,1.00000,6.00000,692.85449,7.23681,835.67578,0.27136,0
1387,302.56457,365.44041,732.02238,12,1,0,0.23765,0.62772,1.41421,163.30737,0.00000,0.00000,0.23674,0
1388,302.49912,365.84201,653.04580,12,1,0,0.28879,0.83967,3.16228,365.16641,3.93714,454.64453,0.24384,0
1389,302.43368,366.24360,574.06923,12,1,0,0.31056,0.95628,3.60555,416.35376,5.08623,587.33624,0.25683,0
1390,302.48805,404.72777,771.71155,8,0,0,0.00000,0.00000,0.00000,0.00000,0.00000,0.00000,0.10650,0
1391,302.42260,405.12936,692.73498,12,1,0,0.28430,0.78904,3.00000,346.42725,2.98045,344.17023,0.23846,0
1392,302.83845,92.03532,138.29190,12,1,0,0.25970,1.00000,6.00000,692.85449,7.82724,903.85693,0.28083,0
1393,302.77300,92.43691,59.31533,8,0,0,0.21010,0.50413,1.00000,115.47575,0.00000,0.00000,0.16096,0
1394,302.82737,130.92108,256.95764,12,1,0,0.26786,1.00000,6.00000,692.85449,7.63140,881.24182,0.28992,0
1395,302.76192,131.32267,177.98107,12,1,0,0.25811,1.00000,6.00000,692.85449,7.92637,915.30402,0.29722,0
1396,302.69648,131.72426,99.00450,12,1,0,0.27080,1.00000,5.00000,577.37878,7.16522,827.40930,0.27968,0
1397,302.81629,169.80684,375.62338,12,1,0,0.26662,1.00000,5.09902,588.81311,7.30650,843.72302,0.27053,0
1398,302.75085,170.20843,296.64681,12,1,0,0.25856,1.00000,6.00000,692.85449,7.77096,897.35797,0.28256,0
1399,302.68540,170.61002,217.67024,12,1,0,0.25804,1.00000,6.00000,692.85449,7.83086,904.27441,0.28250,0
1400,302.87066,208.29101,573.26569,12,1,0,0.32601,0.95957,4.12311,476.11871,5.25921,607.31146,0.25056,0
1401,302.80521,208.69260,494.28912,12,1,0,0.30017,0.97290,4.12311,476.11871,5.70762,659.09143,0.26566,0
1402,302.73977,209.09419,415.31255,12,1,0,0.28104,1.00000,5.09902,588.81311,6.74870,779.31134,0.26816,0
1403,302.67432,209.49578,336.33598,12,1,0,0.25855,1.00000,5.09902,588.81311,7.50630,866.79535,0.27597,0
1404,302.85958,247.17677,691.93143,12,1,0,0.28713,0.77333,2.23607,258.21164,2.00000,230.95151,0.22912,0
1405,302.79414,247.57836,612.95486,12,1,0,0.25708,0.64130,2.23607,258.21164,2.25000,259.82043,0.22112,0
1406,302.72869,247.97995,533.97829,12,1,0,0.30227,0.98361,4.12311,476.11871,5.70710,659.03174,0.27360,0
1407,302.66325,248.38154,455.00172,12,1,0,0.28241,1.00000,4.58258,529.17639,6.43367,742.93292,0.27405,0
1408,302.78306,286.46412,731.62060,12,1,0,0.24617,0.61983,1.73205,200.00987,0.00000,0.00000,0.21990,0
1409,302.71761,286.86571,652.64403,12,1,0,0.30587,0.88011,3.31662,382.98975,4.12695,476.56302,0.23514,0
1410,302.65217,287.26730,573.66746,12,1,0,0.30513,0.96748,4.12311,476.11871,5.50937,636.19885,0.25811,0
1411,302.70654,325.75147,771.30978,8,0,0,0.00210,0.00271,0.00000,0.00000,0.00000,0.00000,0.11155,0
1412,302.64109,326.15306,692.33320,12,1,0,0.27453,0.75068,2.44949,282.85669,2.85770,329.99545,0.24134,0
1413,303.11130,51.54319,335.53244,8,0,0,0.30648,0.88978,3.31662,382.98975,4.38736,506.63327,0.17914,0
1414,303.04586,51.94478,256.55587,8,0,0,0.29297,0.81081,2.44949,282.85669,3.52004,406.47882,0.18797,0
1415,302.98041,52.34637,177.57930,8,0,0,0.31775,0.90984,4.00000,461.90302,4.53887,524.12915,0.19923,0
1416,302.91497,52.74796,98.60273,8,0,0,0.29196,0.78415,2.82843,326.61475,3.32541,384.00421,0.18925,0
1417,303.10022,90.42895,454.19818,12,1,0,0.26983,0.99454,4.47214,516.42328,7.06425,815.74933,0.27667,0
1418,303.03478,90.83054,375.22161,12,1,0,0.26671,1.00000,5.19615,600.02960,7.76642,896.83295,0.28320,0
1419,302.96934,91.23213,296.24504,12,1,0,0.28637,0.98153,5.00000,577.37878,6.36244,734.70715,0.24090,0
1420,302.90389,91.63373,217.26847,12,1,0,0.25433,1.00000,6.00000,692.85449,7.87563,909.44446,0.28723,0
1421,303.08915,129.31471,572.86392,12,1,0,0.29427,0.91129,3.74166,432.07071,4.61727,533.18311,0.24838,0
1422,303.02370,129.71630,493.88735,12,1,0,0.29773,0.98660,5.00000,577.37878,5.87738,678.69446,0.26214,0
1423,302.95826,130.11789,414.91078,12,1,0,0.28033,1.00000,5.00000,577.37878,6.96389,804.16003,0.27309,0
1424,302.89281,130.51949,335.93421,12,1,0,0.26901,1.00000,5.00000,577.37878,7.23082,834.98444,0.28422,0
1425,303.07807,168.20047,691.52966,12,1,0,0.29879,0.81593,2.82843,326.61475,3.51721,406.15271,0.21120,0
1426,303.01262,168.60206,612.55309,12,1,0,0.31560,0.95109,4.12311,476.11871,5.03672,581.61914,0.25306,0
1427,302.94718,169.00366,533.57652,12,1,0,0.29663,0.98098,4.12311,476.11871,5.82055,672.13232,0.27091,0
1428,302.88174,169.40525,454.59995,12,1,0,0.28092,1.00000,5.00000,577.37878,6.66968,770.18579,0.27232,0
1429,303.00155,207.48782,731.21883,12,1,0,0.24820,0.65312,1.41421,163.30737,0.00000,0.00000,0.23571,0
1430,302.93610,207.88942,652.24226,12,1,0,0.28625,0.81600,2.82843,326.61475,3.32034,383.41840,0.25843,0
1431,302.92503,246.77518,770.90800,8,0,0,0.00000,0.00000,0.00000,0.00000,0.00000,0.00000,0.10304,0
1432,303.37308,49.93683,651.43872,8,0,0,0.30118,0.69755,2.44949,282.85669,2.89852,334.70926,0.17114,0
1433,303.30764,50.33842,572.46215,8,0,0,0.31804,0.81644,3.16228,365.16641,3.47890,401.72879,0.17594,0
1434,303.24219,50.74001,493.48558,8,0,0,0.29871,0.83889,3.00000,346.42725,3.75000,433.03409,0.18374,0
1435,303.17675,51.14160,414.50901,8,0,0,0.30224,0.85675,3.00000,346.42725,3.98103,459.71295,0.17990,0
1436,303.36200,88.82259,770.10446,8,0,0,0.00000,0.00000,0.00000,0.00000,0.00000,0.00000,0.10202,0
1437,303.29656,89.22418,691.12789,12,1,0,0.23793,0.55946,1.41421,163.30737,0.00000,0.00000,0.16282,0
1438,303.23111,89.62577,612.15132,12,1,0,0.31204,0.93443,3.16228,365.16641,4.81553,556.07733,0.24698,0
1439,303.16567,90.02736,533.17475,12,1,0,0.29329,0.94652,3.16228,365.16641,5.55501,641.46942,0.26451,0
1440,303.22004,128.51153,730.81706,12,1,0,0.25049,0.70914,2.44949,282.85669,2.21645,255.94592,0.22298,0
1441,303.15459,128.91312,651.84049,12,1,0,0.28676,0.84182,3.16228,365.16641,3.45094,398.49997,0.25555,0
1442,303.14351,167.79888,770.50623,8,0,0,0.00000,0.00000,0.00000,0.00000,0.00000,0.00000,0.09101,0
1443,303.43853,49.53524,730.41529,8,0,0,0.22352,0.58449,1.41421,163.30737,0.00000,0.00000,0.15987,0
1444,340.62298,684.86853,62.29644,8,0,0,0.14191,0.29076,0.00000,0.00000,0.00000,0.00000,0.14477,0
1445,340.61190,723.75429,180.96218,12,1,0,0.26794,1.00000,5.00000,577.37878,7.17683,828.74994,0.28813,0
1446,340.54646,724.15588,101.98561,12,1,0,0.28660,0.99459,4.47214,516.42328,6.33085,731.05939,0.28794,0
1447,340.60082,762.64005,299.62792,8,0,0,0.00000,0.00000,0.00000,0.00000,0.00000,0.00000,0.01414,0
1448,340.53538,763.04164,220.65135,8,0,0,0.00000,0.00000,0.00000,0.00000,0.00000,0.00000,0.01728,0
1449,340.46993,763.44323,141.67478,8,0,0,0.00000,0.00000,0.00000,0.00000,0.00000,0.00000,0.02054,0
1450,340.40449,763.84482,62.69821,5,0,0,0.00000,0.00000,0.00000,0.00000,0.00000,0.00000,0.00960,0
1451,340.84147,605.89223,61.89467,8,0,0,0.15054,0.29630,0.00000,0.00000,0.00000,0.00000,0.14707,0
1452,340.83039,644.77799,180.56041,12,1,0,0.26096,1.00000,5.09902,588.81311,7.45132,860.44684,0.30118,0
1453,340.76495,645.17959,101.58384,12,1,0,0.28472,1.00000,5.00000,577.37878,6.56141,757.68323,0.29600,0
1454,340.81931,683.66375,299.22615,12,1,0,0.27502,1.00000,5.00000,577.37878,7.03396,812.25183,0.28186,0
1455,340.75387,684.06535,220.24958,12,1,0,0.28271,1.00000,5.09902,588.81311,6.94199,801.63165,0.27168,0
1456,340.68842,684.46694,141.27301,12,1,0,0.28685,1.00000,5.00000,577.37878,6.29887,727.36639,0.26502,0
1457,340.87368,722.14792,496.86847,12,1,0,0.30967,0.95013,4.00000,461.90302,5.33994,616.63312,0.25786,0
1458,340.80823,722.54952,417.89189,12,1,0,0.28758,0.96703,4.12311,476.11871,5.86734,677.53497,0.24909,0
1459,340.74279,722.95111,338.91532,12,1,0,0.28482,0.97849,4.12311,476.11871,6.37670,736.35461,0.27213,0
1460,340.67735,723.35270,259.93875,12,1,0,0.27395,1.00000,5.00000,577.37878,6.85521,791.61017,0.27392,0
1461,340.86260,761.03368,615.53421,8,0,0,0.00000,0.00000,0.00000,0.00000,0.00000,0.00000,0.01133,0
1462,340.79716,761.43528,536.55764,8,0,0,0.00000,0.00000,0.00000,0.00000,0.00000,0.00000,0.01542,0
1463,340.73171,761.83687,457.58107,8,0,0,0.00000,0.00000,0.00000,0.00000,0.00000,0.00000,0.01114,0
1464,340.66627,762.23846,378.60449,8,0,0,0.00000,0.00000,0.00000,0.00000,0.00000,0.00000,0.01549,0
1465,341.05996,526.91594,61.49290,8,0,0,0.13834,0.28689,0.00000,0.00000,0.00000,0.00000,0.14669,0
1466,341.11432,565.40011,259.13521,12,1,0,0.26715,1.00000,6.00000,692.85449,7.19953,831.37170,0.29005,0
1467,341.04888,565.80170,180.15864,12,1,0,0.27187,1.00000,5.74456,663.35773,7.35339,849.13824,0.28672,0
1468,340.98343,566.20329,101.18207,12,1,0,0.29547,0.99465,4.89898,565.71338,6.29933,727.42035,0.28915,0
1469,341.10325,604.28587,377.80095,12,1,0,0.27681,0.98113,5.00000,577.37878,6.48344,748.68024,0.27571,0
1470,341.03780,604.68746,298.82438,12,1,0,0.26628,1.00000,5.00000,577.37878,7.37742,851.91296,0.27693,0
1471,340.97236,605.08905,219.84781,12,1,0,0.27533,1.00000,5.19615,600.02960,7.32094,845.39099,0.29658,0
1472,340.90691,605.49064,140.87124,12,1,0,0.28784,1.00000,5.00000,577.37878,6.27621,724.74976,0.28134,0
1473,341.09217,643.17163,496.46669,12,1,0,0.29048,0.97808,4.00000,461.90302,5.79667,669.37488,0.27878,0
1474,341.02672,643.57322,417.49012,12,1,0,0.27041,0.84384,2.82843,326.61475,3.39256,391.75821,0.24416,0
1475,340.96128,643.97481,338.51355,12,1,0,0.28199,1.00000,4.47214,516.42328,6.65466,768.45166,0.26803,0
1476,340.89583,644.37640,259.53698,12,1,0,0.26881,1.00000,5.09902,588.81311,7.15651,826.40363,0.29018,0
1477,341.08109,682.05739,615.13244,12,1,0,0.29543,0.84987,3.00000,346.42725,3.59135,414.71341,0.24314,0
1478,341.01565,682.45898,536.15587,12,1,0,0.28559,0.89702,3.00000,346.42725,4.40693,508.89404,0.25920,0
1479,340.95020,682.86057,457.17929,12,1,0,0.30525,0.97340,4.00000,461.90302,5.82907,673.11621,0.26976,0
1480,340.88476,683.26216,378.20272,12,1,0,0.28527,0.98660,4.24264,489.92212,6.53110,754.18353,0.27258,0
1481,341.07001,720.94315,733.79818,12,1,0,0.31417,0.84759,3.60555,416.35376,3.98120,459.73230,0.24774,0
1482,341.00457,721.34474,654.82161,12,1,0,0.31250,0.91153,3.60555,416.35376,4.57383,528.16687,0.25958,0
1483,340.93912,721.74633,575.84504,12,1,0,0.30590,0.91444,3.74166,432.07071,4.62878,534.51190,0.25568,0
1484,340.99349,760.23050,773.48735,5,0,0,0.00000,0.00000,0.00000,0.00000,0.00000,0.00000,0.00288,0
1485,340.92805,760.63209,694.51078,8,0,0,0.00000,0.00000,0.00000,0.00000,0.00000,0.00000,0.00941,0
1486,341.34389,447.53805,140.06770,12,1,0,0.27037,1.00000,4.89898,565.71338,6.99024,807.20319,0.28096,0
1487,341.27845,447.93964,61.09113,8,0,0,0.14394,0.30319,0.00000,0.00000,0.00000,0.00000,0.15642,0
1488,341.33281,486.42381,258.73344,12,1,0,0.25868,1.00000,6.00000,692.85449,7.62180,880.13367,0.28390,0
1489,341.26737,486.82540,179.75687,12,1,0,0.26859,1.00000,6.00000,692.85449,7.35466,849.28485,0.28954,0
1490,341.20192,487.22700,100.78030,12,1,0,0.29627,0.99733,4.58258,529.17639,6.27857,725.02301,0.28531,0
1491,341.32174,525.30957,377.39918,12,1,0,0.27429,1.00000,5.09902,588.81311,6.92332,799.47583,0.29024,0
1492,341.25629,525.71117,298.42261,12,1,0,0.26441,1.00000,6.00000,692.85449,7.37322,851.42792,0.28410,0
1493,341.19085,526.11276,219.44604,12,1,0,0.26898,1.00000,6.00000,692.85449,7.18158,829.29779,0.27648,0
1494,341.12540,526.51435,140.46947,12,1,0,0.29500,1.00000,5.00000,577.37878,6.11330,705.93842,0.26829,0
1495,341.31066,564.19533,496.06492,12,1,0,0.29384,0.99732,5.00000,577.37878,6.29882,727.36047,0.27130,0
1496,341.24521,564.59693,417.08835,12,1,0,0.28731,0.98361,5.00000,577.37878,6.10411,704.87683,0.25722,0
1497,341.17977,564.99852,338.11178,12,1,0,0.27925,0.99196,5.09902,588.81311,6.88426,794.96484,0.27725,0
1498,341.36502,602.67950,693.70724,12,1,0,0.27984,0.77297,2.44949,282.85669,2.96972,342.93045,0.24320,0
1499,341.29958,603.08110,614.73067,12,1,0,0.30592,0.93514,3.74166,432.07071,4.79375,553.56189,0.25920,0
1500,341.23414,603.48269,535.75409,12,1,0,0.29450,0.99171,4.35890,503.34717,5.82722,672.90277,0.28134,0
1501,341.16869,603.88428,456.77752,12,1,0,0.28009,1.00000,5.19615,600.02960,7.01581,810.15552,0.28013,0
1502,341.28850,641.96686,733.39641,12,1,0,0.27507,0.76099,2.82843,326.61475,3.08333,356.05023,0.25197,0
1503,341.22306,642.36845,654.41984,12,1,0,0.29368,0.87293,3.74166,432.07071,4.03933,466.44516,0.26592,0
1504,341.15761,642.77004,575.44327,12,1,0,0.29218,0.90385,3.74166,432.07071,4.54942,525.34723,0.25805,0
1505,341.21198,681.25421,773.08558,8,0,0,0.01642,0.02400,0.00000,0.00000,0.00000,0.00000,0.11718,0
1506,341.14654,681.65580,694.10901,12,1,0,0.28200,0.79189,2.82843,326.61475,3.25945,376.38693,0.24710,0
1507,341.56238,368.56176,139.66593,12,1,0,0.28187,1.00000,5.00000,577.37878,6.65687,768.70673,0.26899,0
1508,341.49693,368.96335,60.68936,8,0,0,0.15513,0.33060,0.00000,0.00000,0.00000,0.00000,0.16134,0
1509,341.61675,407.04593,337.30824,12,1,0,0.25900,1.00000,5.09902,588.81311,7.62868,880.92725,0.26906,0
1510,341.55130,407.44752,258.33167,12,1,0,0.26084,1.00000,5.47723,632.48676,7.64547,882.86646,0.28666,0
1511,341.48586,407.84911,179.35510,12,1,0,0.26819,1.00000,6.00000,692.85449,7.10400,820.34015,0.27718,0
1512,341.42041,408.25070,100.37853,12,1,0,0.28504,0.99448,5.00000,577.37878,6.30768,728.38373,0.27494,0
1513,341.60567,445.93169,455.97398,12,1,0,0.28649,1.00000,5.00000,577.37878,6.50337,750.98181,0.28403,0
1514,341.54022,446.33328,376.99741,12,1,0,0.26343,1.00000,5.09902,588.81311,7.22113,833.86560,0.28928,0
1515,341.47478,446.73487,298.02084,12,1,0,0.25577,1.00000,6.00000,692.85449,7.78814,899.34131,0.28717,0
1516,341.40933,447.13646,219.04427,12,1,0,0.25983,1.00000,6.00000,692.85449,7.72800,892.39722,0.28986,0
1517,341.59459,484.81745,574.63972,12,1,0,0.30858,0.95616,4.12311,476.11871,4.92239,568.41650,0.26458,0
1518,341.52915,485.21904,495.66315,12,1,0,0.30390,0.98352,4.24264,489.92212,5.42412,626.35437,0.24000,0
1519,341.46370,485.62063,416.68658,12,1,0,0.28261,1.00000,5.00000,577.37878,6.52046,752.95490,0.22099,0
1520,341.39826,486.02222,337.71001,12,1,0,0.26131,1.00000,6.00000,692.85449,7.40468,855.06085,0.28032,0
1521,341.58351,523.70321,693.30547,12,1,0,0.29036,0.78356,3.16228,365.16641,3.47404,401.16736,0.24013,0
1522,341.51807,524.10480,614.32889,12,1,0,0.31151,0.91233,3.74166,432.07071,4.61246,532.62689,0.25670,0
1523,341.45262,524.50639,535.35232,12,1,0,0.29412,0.98066,4.24264,489.92212,5.52456,637.95264,0.28026,0
1524,341.38718,524.90798,456.37575,12,1,0,0.28219,0.99457,5.00000,577.37878,6.36837,735.39282,0.27680,0
1525,341.50699,562.99056,732.99464,12,1,0,0.25496,0.66304,1.73205,200.00987,2.20625,254.76837,0.23834,0
1526,341.44155,563.39215,654.01807,12,1,0,0.30103,0.86957,3.16228,365.16641,4.11895,475.63885,0.24992,0
1527,341.37610,563.79374,575.04149,12,1,0,0.30621,0.94340,4.00000,461.90302,4.95205,571.84192,0.25760,0
1528,341.43047,602.27791,772.68381,8,0,0,0.00000,0.00000,0.00000,0.00000,0.00000,0.00000,0.10995,0
1529,341.85739,250.29811,99.57499,12,1,0,0.26946,1.00000,5.00000,577.37878,7.15428,826.14618,0.28480,0
1530,341.84631,289.18387,218.24073,12,1,0,0.26169,1.00000,6.00000,692.85449,7.95117,918.16711,0.28819,0
1531,341.78087,289.58546,139.26416,12,1,0,0.26464,1.00000,6.00000,692.85449,7.37770,851.94598,0.28051,0
1532,341.71542,289.98705,60.28759,8,0,0,0.15709,0.33243,0.00000,0.00000,0.00000,0.00000,0.14886,0
1533,341.83524,328.06963,336.90647,12,1,0,0.26998,1.00000,5.00000,577.37878,7.57853,875.13617,0.27584,0
1534,341.76979,328.47122,257.92990,12,1,0,0.25172,1.00000,6.00000,692.85449,7.88772,910.84033,0.28186,0
1535,341.70435,328.87281,178.95333,12,1,0,0.27840,1.00000,5.09902,588.81311,7.06997,816.41010,0.26048,0
1536,341.63890,329.27441,99.97676,12,1,0,0.28096,0.98108,4.12311,476.11871,6.49653,750.19135,0.28122,0
1537,341.82416,366.95539,455.57221,12,1,0,0.27973,0.99728,5.00000,577.37878,6.61615,764.00476,0.27430,0
1538,341.75871,367.35698,376.59564,12,1,0,0.27812,0.99724,5.00000,577.37878,6.45153,744.99487,0.24979,0
1539,341.69327,367.75858,297.61907,12,1,0,0.25242,1.00000,6.00000,692.85449,7.93084,915.81970,0.28813,0
1540,341.62782,368.16017,218.64250,12,1,0,0.26456,1.00000,6.00000,692.85449,7.53813,870.47119,0.28544,0
1541,341.81308,405.84115,574.23795,12,1,0,0.31207,0.96277,4.12311,476.11871,5.34900,617.67981,0.26413,0
1542,341.74764,406.24274,495.26138,12,1,0,0.31203,0.99464,4.58258,529.17639,5.79480,669.15918,0.24627,0
1543,341.68219,406.64434,416.28481,12,1,0,0.28571,1.00000,5.00000,577.37878,6.63152,765.77966,0.25658,0
1544,341.86745,444.32532,771.88027,8,0,0,0.00000,0.00000,0.00000,0.00000,0.00000,0.00000,0.11622,0
1545,341.80200,444.72691,692.90369,12,1,0,0.30409,0.81551,3.16228,365.16641,3.71064,428.48874,0.23693,0
1546,341.73656,445.12851,613.92712,12,1,0,0.30298,0.89840,4.00000,461.90302,4.39710,507.75854,0.25773,0
1547,341.67111,445.53010,534.95055,12,1,0,0.29596,0.98356,4.00000,461.90302,5.74569,663.48785,0.27328,0
1548,341.72548,484.01427,732.59287,12,1,0,0.24333,0.64932,1.73205,200.00987,0.00000,0.00000,0.23629,0
1549,341.66004,484.41586,653.61629,12,1,0,0.30468,0.87397,3.31662,382.98975,4.10822,474.39969,0.25107,0
1550,341.64896,523.30162,772.28204,8,0,0,0.00818,0.01081,0.00000,0.00000,0.00000,0.00000,0.11309,0
1551,342.07588,171.32182,99.17322,12,1,0,0.25934,0.98925,5.00000,577.37878,7.75833,895.89935,0.29171,0
1552,342.06480,210.20758,217.83896,12,1,0,0.26021,1.00000,6.00000,692.85449,8.09674,934.97736,0.29197,0
1553,341.99936,210.60917,138.86239,12,1,0,0.26056,1.00000,5.00000,577.37878,7.80675,901.49030,0.28154,0
1554,341.93391,211.01076,59.88582,8,0,0,0.18149,0.40054,0.00000,0.00000,0.00000,0.00000,0.16237,0
1555,342.11917,248.69175,415.48127,12,1,0,0.27375,1.00000,5.00000,577.37878,6.77928,782.84302,0.27213,0
1556,342.05372,249.09334,336.50470,12,1,0,0.26099,1.00000,5.00000,577.37878,7.65469,883.93109,0.27661,0
1557,341.98828,249.49493,257.52813,12,1,0,0.25602,1.00000,6.00000,692.85449,8.04084,928.52228,0.29613,0
1558,341.92284,249.89652,178.55156,12,1,0,0.25419,1.00000,6.00000,692.85449,8.01889,925.98688,0.29222,0
1559,342.10809,287.57751,534.14701,12,1,0,0.28445,0.96448,3.60555,416.35376,5.91254,682.75543,0.27776,0
1560,342.04265,287.97910,455.17044,12,1,0,0.27982,1.00000,5.09902,588.81311,7.05218,814.35522,0.28819,0
1561,341.97720,288.38069,376.19387,12,1,0,0.25910,1.00000,5.09902,588.81311,7.80436,901.21460,0.29357,0
1562,341.91176,288.78228,297.21730,12,1,0,0.25916,1.00000,6.00000,692.85449,8.00904,924.85034,0.29024,0
1563,342.09701,326.46327,652.81275,12,1,0,0.27885,0.79670,3.00000,346.42725,3.07500,355.08795,0.24019,0
1564,342.03157,326.86486,573.83618,12,1,0,0.30156,0.92308,4.00000,461.90302,4.81726,556.27722,0.26490,0
1565,341.96612,327.26645,494.85961,12,1,0,0.30114,0.99198,5.00000,577.37878,6.08482,702.64868,0.25862,0
1566,341.90068,327.66804,415.88304,12,1,0,0.29154,1.00000,5.00000,577.37878,6.45311,745.17749,0.24422,0
1567,342.08594,365.34903,771.47849,8,0,0,0.00000,0.00000,0.00000,0.00000,0.00000,0.00000,0.12032,0
1568,342.02049,365.75062,692.50192,12,1,0,0.27309,0.75137,3.00000,346.42725,2.80283,323.65894,0.22522,0
1569,341.95505,366.15221,613.52535,12,1,0,0.30990,0.96748,3.74166,432.07071,5.39834,623.37732,0.25843,0
1570,341.88960,366.55380,534.54878,12,1,0,0.29693,0.99458,4.58258,529.17639,6.05350,699.03235,0.26611,0
1571,341.94397,405.03797,732.19109,12,1,0,0.24524,0.62032,1.41421,163.30737,0.00000,0.00000,0.22938,0
1572,341.87853,405.43956,653.21452,12,1,0,0.28490,0.82418,3.00000,346.42725,3.80357,439.22028,0.24525,0
1573,342.37089,53.05817,59.08227,5,0,0,0.21972,0.42162,1.41421,163.30737,0.00000,0.00000,0.10637,0
1574,342.35981,91.94393,177.74802,12,1,0,0.24949,1.00000,6.08276,702.41162,8.28253,956.43127,0.30208,0
1575,342.29437,92.34552,98.77144,12,1,0,0.25557,1.00000,5.09902,588.81311,7.87547,909.42590,0.30016,0
1576,342.34874,130.82969,296.41376,12,1,0,0.27023,1.00000,5.00000,577.37878,7.02363,811.05841,0.26682,0
1577,342.28329,131.23128,217.43719,12,1,0,0.24931,1.00000,6.00000,692.85449,8.08943,934.13287,0.28832,0
1578,342.21785,131.63287,138.46062,12,1,0,0.25800,1.00000,6.00000,692.85449,7.52368,868.80322,0.26253,0
1579,342.15240,132.03446,59.48404,8,0,0,0.21247,0.49864,1.00000,115.47575,0.00000,0.00000,0.15238,0
1580,342.33766,169.71545,415.07950,12,1,0,0.27212,1.00000,5.00000,577.37878,7.06348,815.66040,0.27834,0
1581,342.27221,170.11704,336.10293,12,1,0,0.27716,1.00000,6.00000,692.85449,7.09366,819.14594,0.26144,0
1582,342.20677,170.51863,257.12636,12,1,0,0.25035,1.00000,6.00000,692.85449,7.75985,896.07428,0.27418,0
1583,342.14132,170.92023,178.14979,12,1,0,0.26367,1.00000,5.09902,588.81311,8.13938,939.90118,0.30048,0
1584,342.32658,208.60121,533.74524,12,1,0,0.29101,0.96978,4.47214,516.42328,5.68442,656.41254,0.26477,0
1585,342.26114,209.00280,454.76867,12,1,0,0.29205,1.00000,5.00000,577.37878,6.66516,769.66492,0.27405,0
1586,342.19569,209.40439,375.79210,12,1,0,0.25931,1.00000,5.00000,577.37878,7.58537,875.92670,0.28390,0
1587,342.13025,209.80599,296.81553,12,1,0,0.26268,1.00000,6.00000,692.85449,8.04493,928.99487,0.29197,0
1588,342.31550,247.48697,652.41098,12,1,0,0.28373,0.84110,3.00000,346.42725,3.31818,383.16953,0.25165,0
1589,342.25006,247.88856,573.43441,12,1,0,0.28828,0.92077,3.16228,365.16641,4.94203,570.68451,0.26086,0
1590,342.18461,248.29016,494.45784,12,1,0,0.28470,0.99449,4.58258,529.17639,6.31811,729.58868,0.26893,0
1591,342.30443,286.37273,771.07672,8,0,0,0.00000,0.00000,0.00000,0.00000,0.00000,0.00000,0.10976,0
1592,342.23898,286.77432,692.10015,12,1,0,0.28469,0.75000,2.00000,230.95151,2.56143,295.78290,0.23168,0
1593,342.17354,287.17592,613.12358,12,1,0,0.30306,0.86280,3.00000,346.42725,4.15048,479.27933,0.24678,0
1594,342.16246,326.06168,731.78932,12,1,0,0.23395,0.60106,1.73205,200.00987,0.00000,0.00000,0.23091,0
1595,342.56722,51.85340,296.01199,8,0,0,0.30729,0.95418,4.00000,461.90302,5.30987,613.16083,0.19290,0
1596,342.50178,52.25499,217.03542,8,0,0,0.31579,0.91803,4.00000,461.90302,4.62732,534.34381,0.19981,0
1597,342.43634,52.65658,138.05884,8,0,0,0.29124,0.78142,3.00000,346.42725,3.27701,378.41544,0.18637,0
1598,342.62159,90.33757,493.65430,12,1,0,0.27757,0.98916,5.00000,577.37878,6.63307,765.95886,0.26445,0
1599,342.55615,90.73916,414.67773,12,1,0,0.27542,1.00000,5.38516,621.85596,6.71917,775.90082,0.22483,0
1600,342.49070,91.14075,335.70116,12,1,0,0.27618,0.99726,4.47214,516.42328,6.72265,776.30341,0.23795,0
1601,342.42526,91.54234,256.72459,12,1,0,0.26259,1.00000,5.47723,632.48676,7.48273,864.07416,0.25920,0
1602,342.61051,129.22333,612.32004,12,1,0,0.28242,0.87363,3.00000,346.42725,4.02733,465.05862,0.25683,0
1603,342.54507,129.62492,533.34347,12,1,0,0.28385,0.95604,3.74166,432.07071,5.68979,657.03229,0.26458,0
1604,342.47962,130.02651,454.36690,12,1,0,0.27063,0.99454,4.47214,516.42328,6.86408,792.63483,0.26381,0
1605,342.41418,130.42810,375.39033,12,1,0,0.26523,1.00000,5.09902,588.81311,6.99654,807.93127,0.27622,0
1606,342.59944,168.10909,730.98578,12,1,0,0.25902,0.66125,1.41421,163.30737,0.00000,0.00000,0.21139,0
1607,342.53399,168.51068,652.00921,12,1,0,0.28444,0.85946,2.44949,282.85669,3.43000,396.08185,0.25978,0
1608,342.46855,168.91227,573.03264,12,1,0,0.28571,0.89973,3.00000,346.42725,4.52828,522.90619,0.25965,0
1609,342.40310,169.31386,494.05607,12,1,0,0.27953,0.97527,4.00000,461.90302,6.14849,710.00153,0.26509,0
1610,342.52291,207.39644,770.67495,8,0,0,0.00000,0.00000,0.00000,0.00000,0.00000,0.00000,0.10566,0
1611,342.45747,207.79803,691.69838,12,1,0,0.26014,0.72253,2.23607,258.21164,2.30603,266.29108,0.22989,0
1612,342.39203,208.19962,612.72181,12,1,0,0.29004,0.91530,3.74166,432.07071,4.69015,541.59900,0.25760,0
1613,342.38095,247.08538,731.38755,12,1,0,0.23984,0.65940,1.73205,200.00987,0.00000,0.00000,0.24166,0
1614,342.82900,50.24703,611.91827,8,0,0,0.34388,0.86702,3.00000,346.42725,4.09633,473.02682,0.17446,0
1615,342.76356,50.64862,532.94170,8,0,0,0.30309,0.82609,2.82843,326.61475,3.54091,408.88913,0.19130,0
1616,342.69811,51.05021,453.96513,8,0,0,0.31927,0.93801,3.74166,432.07071,5.04629,582.72430,0.19757,0
1617,342.63267,51.45181,374.98856,8,0,0,0.31602,0.99727,4.89898,565.71338,5.73084,661.77264,0.17210,0
1618,342.81793,89.13279,730.58401,12,1,0,0.26300,0.73224,2.00000,230.95151,0.00000,0.00000,0.23610,0
1619,342.75248,89.53438,651.60744,12,1,0,0.19078,0.48767,1.00000,115.47575,0.00000,0.00000,0.22227,0
1620,342.68704,89.93597,572.63087,12,1,0,0.28559,0.91576,3.31662,382.98975,4.61757,533.21735,0.26010,0
1621,342.74140,128.42014,770.27318,8,0,0,0.00000,0.00000,0.00000,0.00000,0.00000,0.00000,0.10093,0
1622,342.67596,128.82174,691.29661,12,1,0,0.27679,0.75610,2.00000,230.95151,2.07986,240.17354,0.23802,0
1623,342.95989,49.44385,769.87141,5,0,0,0.00000,0.00000,0.00000,0.00000,0.00000,0.00000,0.07014,0
1624,342.89445,49.84544,690.89484,8,0,0,0.31422,0.75597,2.44949,282.85669,2.95385,341.09763,0.17312,0
1625,380.06782,724.06449,141.44173,12,1,0,0.27988,1.00000,5.00000,577.37878,6.85217,791.25946,0.26278,0
1626,380.00238,724.46609,62.46516,8,0,0,0.15533,0.32880,0.00000,0.00000,0.00000,0.00000,0.14771,0
1627,380.12219,762.54866,339.08404,8,0,0,0.00000,0.00000,0.00000,0.00000,0.00000,0.00000,0.01242,0
1628,380.05675,762.95025,260.10747,8,0,0,0.00000,0.00000,0.00000,0.00000,0.00000,0.00000,0.01446,0
1629,379.99130,763.35185,181.13090,8,0,0,0.00000,0.00000,0.00000,0.00000,0.00000,0.00000,0.01613,0
1630,379.92586,763.75344,102.15433,8,0,0,0.00000,0.00000,0.00000,0.00000,0.00000,0.00000,0.01658,0
1631,380.36283,605.80085,101.35079,12,1,0,0.29605,0.98630,4.89898,565.71338,5.81168,671.10864,0.26170,0
1632,380.35176,644.68661,220.01653,12,1,0,0.26361,1.00000,6.00000,692.85449,7.39197,853.59338,0.27923,0
1633,380.28631,645.08820,141.03996,12,1,0,0.28045,1.00000,5.00000,577.37878,6.75000,779.46136,0.27667,0
1634,380.22087,645.48979,62.06339,8,0,0,0.14477,0.29589,0.00000,0.00000,0.00000,0.00000,0.14733,0
1635,380.34068,683.57237,338.68227,12,1,0,0.28009,0.99725,5.00000,577.37878,6.60400,762.60223,0.26426,0
1636,380.27523,683.97396,259.70570,12,1,0,0.27380,0.99731,5.09902,588.81311,7.03452,812.31647,0.26323,0
1637,380.20979,684.37555,180.72913,12,1,0,0.27799,1.00000,6.00000,692.85449,6.93640,800.98578,0.26880,0
1638,380.14435,684.77714,101.75256,12,1,0,0.29370,1.00000,4.69042,541.62933,6.28802,726.11389,0.26650,0
1639,380.32960,722.45813,457.34801,12,1,0,0.30365,0.98623,5.00000,577.37878,5.66496,654.16577,0.24826,0
1640,380.26416,722.85972,378.37144,12,1,0,0.28831,0.99455,4.69042,541.62933,6.30468,728.03790,0.25888,0
1641,380.19871,723.26131,299.39487,12,1,0,0.27602,0.99457,5.09902,588.81311,6.83907,789.74731,0.26170,0
1642,380.13327,723.66290,220.41830,12,1,0,0.27547,0.99455,4.12311,476.11871,6.70886,774.71106,0.27014,0
1643,380.31852,761.34389,576.01376,8,0,0,0.00000,0.00000,0.00000,0.00000,0.00000,0.00000,0.01248,0
1644,380.25308,761.74548,497.03718,8,0,0,0.00000,0.00000,0.00000,0.00000,0.00000,0.00000,0.01222,0
1645,380.18764,762.14707,418.06061,8,0,0,0.00000,0.00000,0.00000,0.00000,0.00000,0.00000,0.01466,0
1646,380.58132,526.82455,100.94902,12,1,0,0.28855,0.98641,4.12311,476.11871,6.14288,709.35394,0.27648,0
1647,380.57025,565.71031,219.61476,12,1,0,0.26511,1.00000,6.00000,692.85449,7.22871,834.74097,0.27821,0
1648,380.50480,566.11190,140.63819,12,1,0,0.27184,1.00000,5.09902,588.81311,6.91298,798.28198,0.29318,0
1649,380.43936,566.51350,61.66162,8,0,0,0.15942,0.33425,0.00000,0.00000,0.00000,0.00000,0.15206,0
1650,380.62461,604.19448,417.25707,12,1,0,0.29520,1.00000,5.00000,577.37878,6.19693,715.59485,0.26746,0
1651,380.55917,604.59607,338.28050,12,1,0,0.27245,1.00000,5.09902,588.81311,6.78900,783.96442,0.27475,0
1652,380.49372,604.99767,259.30393,12,1,0,0.25657,1.00000,6.00000,692.85449,7.45822,861.24316,0.26566,0
1653,380.42828,605.39926,180.32736,12,1,0,0.26434,1.00000,6.00000,692.85449,7.32310,845.64081,0.27514,0
1654,380.61354,643.08024,535.92281,12,1,0,0.30895,0.97027,4.12311,476.11871,5.19128,599.46710,0.26394,0
1655,380.54809,643.48183,456.94624,12,1,0,0.29445,0.99457,4.58258,529.17639,6.07824,701.88983,0.27712,0
1656,380.48265,643.88343,377.96967,12,1,0,0.27099,1.00000,5.38516,621.85596,7.18470,829.65918,0.26144,0
1657,380.41720,644.28502,298.99310,12,1,0,0.26932,1.00000,5.47723,632.48676,7.07984,817.54987,0.27027,0
1658,380.60246,681.96600,654.58856,12,1,0,0.31008,0.88679,3.31662,382.98975,4.25865,491.77063,0.22963,0
1659,380.53701,682.36760,575.61198,12,1,0,0.31221,0.93151,4.12311,476.11871,4.71755,544.76306,0.22419,0
1660,380.47157,682.76919,496.63541,12,1,0,0.30000,0.98901,4.12311,476.11871,5.59340,645.90265,0.25760,0
1661,380.40612,683.17078,417.65884,12,1,0,0.29402,0.99454,5.00000,577.37878,5.91455,682.98676,0.26067,0
1662,380.59138,720.85176,773.25430,8,0,0,0.01111,0.01648,0.00000,0.00000,0.00000,0.00000,0.11706,0
1663,380.52594,721.25336,694.27773,12,1,0,0.29637,0.85873,3.60555,416.35376,3.96610,457.98895,0.24915,0
1664,380.46049,721.65495,615.30116,12,1,0,0.30904,0.91781,4.00000,461.90302,4.59116,530.16760,0.22579,0
1665,380.39505,722.05654,536.32458,12,1,0,0.30756,0.98082,4.24264,489.92212,5.45254,629.63617,0.25082,0
1666,380.44941,760.54071,733.96690,8,0,0,0.00000,0.00000,0.00000,0.00000,0.00000,0.00000,0.00723,0
1667,380.38397,760.94230,654.99033,8,0,0,0.00000,0.00000,0.00000,0.00000,0.00000,0.00000,0.01088,0
1668,380.86526,447.44667,179.52382,12,1,0,0.26806,1.00000,5.38516,621.85596,7.30186,843.18817,0.27885,0
1669,380.79981,447.84826,100.54725,12,1,0,0.27978,0.98892,4.24264,489.92212,6.30048,727.55286,0.27610,0
1670,380.85418,486.33243,298.18956,12,1,0,0.26278,1.00000,5.19615,600.02960,7.50161,866.25452,0.28134,0
1671,380.78874,486.73402,219.21299,12,1,0,0.26319,1.00000,6.00000,692.85449,7.66771,885.43500,0.27763,0
1672,380.72329,487.13561,140.23642,12,1,0,0.28870,1.00000,5.38516,621.85596,6.65931,768.98938,0.27654,0
1673,380.65785,487.53720,61.25985,8,0,0,0.14583,0.30769,0.00000,0.00000,0.00000,0.00000,0.14573,0
1674,380.84310,525.21819,416.85530,12,1,0,0.30288,1.00000,5.00000,577.37878,6.17955,713.58868,0.26042,0
1675,380.77766,525.61978,337.87873,12,1,0,0.28101,1.00000,5.09902,588.81311,6.70913,774.74146,0.26061,0
1676,380.71221,526.02137,258.90216,12,1,0,0.26758,1.00000,5.19615,600.02960,7.46849,862.42902,0.28672,0
1677,380.64677,526.42296,179.92559,12,1,0,0.26580,1.00000,5.19615,600.02960,7.21503,833.16052,0.28474,0
1678,380.83202,564.10395,535.52104,12,1,0,0.30377,1.00000,5.00000,577.37878,5.89024,680.18024,0.25875,0
1679,380.76658,564.50554,456.54447,12,1,0,0.27833,1.00000,5.09902,588.81311,6.55204,756.60175,0.27046,0
1680,380.70114,564.90713,377.56790,12,1,0,0.27375,1.00000,5.09902,588.81311,6.81545,787.01880,0.28218,0
1681,380.63569,565.30872,298.59133,12,1,0,0.26392,1.00000,6.00000,692.85449,7.30479,843.52661,0.27776,0
1682,380.82095,602.98971,654.18678,12,1,0,0.28338,0.79301,2.23607,258.21164,2.99578,345.94046,0.25011,0
1683,380.75550,603.39130,575.21021,12,1,0,0.30742,0.95913,4.12311,476.11871,5.01648,579.28223,0.25894,0
1684,380.69006,603.79289,496.23364,12,1,0,0.30388,0.99729,4.58258,529.17639,5.87354,678.25159,0.25427,0
1685,380.80987,641.87547,772.85253,8,0,0,0.00000,0.00000,0.00000,0.00000,0.00000,0.00000,0.10848,0
1686,380.74443,642.27706,693.87596,12,1,0,0.29400,0.79032,3.31662,382.98975,3.38736,391.15845,0.23622,0
1687,380.67898,642.67865,614.89938,12,1,0,0.33042,0.91892,3.60555,416.35376,4.60706,532.00336,0.23584,0
1688,380.66790,681.56441,733.56513,12,1,0,0.27897,0.74114,2.82843,326.61475,2.78494,321.59302,0.22861,0
1689,381.09482,329.58461,60.45631,8,0,0,0.15589,0.33333,0.00000,0.00000,0.00000,0.00000,0.14598,0
1690,381.08375,368.47037,179.12205,12,1,0,0.26050,1.00000,6.00000,692.85449,7.57542,874.77783,0.27027,0
1691,381.01830,368.87196,100.14548,12,1,0,0.29379,0.98942,5.00000,577.37878,6.38341,737.12927,0.26048,0
1692,381.07267,407.35613,297.78779,12,1,0,0.25364,1.00000,5.09902,588.81311,7.78909,899.45074,0.27846,0
1693,381.00722,407.75772,218.81122,12,1,0,0.26516,1.00000,6.00000,692.85449,7.65397,883.84778,0.28237,0
1694,380.94178,408.15931,139.83465,12,1,0,0.27379,1.00000,5.09902,588.81311,7.23516,835.48566,0.28794,0
1695,380.87633,408.56091,60.85808,8,0,0,0.16625,0.36813,0.00000,0.00000,0.00000,0.00000,0.15565,0
1696,381.06159,446.24189,416.45353,12,1,0,0.27239,1.00000,5.00000,577.37878,6.89214,795.87469,0.26720,0
1697,380.99615,446.64348,337.47696,12,1,0,0.26162,1.00000,5.00000,577.37878,7.45623,861.01331,0.27507,0
1698,380.93070,447.04508,258.50039,12,1,0,0.25770,1.00000,6.00000,692.85449,7.75243,895.21729,0.28154,0
1699,381.11596,484.72606,614.09584,12,1,0,0.31261,0.90957,3.31662,382.98975,4.63491,535.21979,0.25293,0
1700,381.05051,485.12765,535.11927,12,1,0,0.31516,0.98667,4.12311,476.11871,5.59238,645.78418,0.26195,0
1701,380.98507,485.52924,456.14270,12,1,0,0.29009,1.00000,5.00000,577.37878,6.44013,743.67865,0.26662,0
1702,380.91962,485.93084,377.16613,12,1,0,0.27202,0.84225,2.44949,282.85669,3.57336,412.63589,0.23840,0
1703,381.10488,523.61182,732.76158,12,1,0,0.24341,0.63288,2.23607,258.21164,0.00000,0.00000,0.23302,0
1704,381.03944,524.01341,653.78501,12,1,0,0.29389,0.80323,3.00000,346.42725,3.48636,402.58951,0.23750,0
1705,380.97399,524.41501,574.80844,12,1,0,0.31173,0.96216,4.47214,516.42328,5.17915,598.06598,0.26010,0
1706,380.90855,524.81660,495.83187,12,1,0,0.30572,0.97619,4.12311,476.11871,5.48857,633.79730,0.26605,0
1707,381.02836,562.89918,772.45076,8,0,0,0.00000,0.00000,0.00000,0.00000,0.00000,0.00000,0.10413,0
1708,380.96291,563.30077,693.47418,12,1,0,0.29452,0.82466,3.16228,365.16641,3.67416,424.27597,0.24570,0
1709,380.89747,563.70236,614.49761,12,1,0,0.31993,0.97814,4.24264,489.92212,5.27563,609.20752,0.26451,0
1710,380.88639,602.58812,733.16336,12,1,0,0.24427,0.61202,1.41421,163.30737,0.00000,0.00000,0.21395,0
1711,381.31331,250.60832,60.05453,8,0,0,0.18322,0.42234,0.00000,0.00000,0.00000,0.00000,0.15680,0
1712,381.36768,289.09249,257.69685,12,1,0,0.25414,1.00000,6.00000,692.85449,8.06170,930.93085,0.29402,0
1713,381.30224,289.49408,178.72028,12,1,0,0.25262,1.00000,6.00000,692.85449,7.68215,887.10199,0.28224,0
1714,381.23679,289.89567,99.74371,12,1,0,0.27671,1.00000,5.00000,577.37878,7.01876,810.49640,0.27584,0
1715,381.35660,327.97825,376.36259,12,1,0,0.26804,1.00000,5.09902,588.81311,7.06789,816.17035,0.26720,0
1716,381.29116,328.37984,297.38602,12,1,0,0.25121,1.00000,6.00000,692.85449,8.00524,924.41119,0.28525,0
1717,381.22571,328.78143,218.40945,12,1,0,0.26917,0.93733,4.24264,489.92212,5.37915,621.16089,0.24141,0
1718,381.16027,329.18302,139.43288,12,1,0,0.26358,1.00000,5.19615,600.02960,7.31646,844.87341,0.27558,0
1719,381.34553,366.86401,495.02833,12,1,0,0.29331,0.98113,4.12311,476.11871,6.04151,697.64789,0.25222,0
1720,381.28008,367.26560,416.05176,12,1,0,0.27919,1.00000,5.00000,577.37878,6.91538,798.55847,0.26208,0
1721,381.21464,367.66719,337.07519,12,1,0,0.25641,1.00000,6.00000,692.85449,7.86045,907.69110,0.26630,0
1722,381.14919,368.06878,258.09862,12,1,0,0.26003,1.00000,6.08276,702.41162,8.11734,937.35583,0.28333,0
1723,381.33445,405.74977,613.69407,12,1,0,0.29189,0.87805,3.46410,400.01974,4.12121,475.90005,0.24371,0
1724,381.26900,406.15136,534.71750,12,1,0,0.30092,0.96766,4.24264,489.92212,5.47587,632.33044,0.24410,0
1725,381.20356,406.55295,455.74093,12,1,0,0.28040,1.00000,4.89898,565.71338,6.38270,737.04688,0.24877,0
1726,381.13811,406.95454,376.76436,12,1,0,0.27339,1.00000,5.09902,588.81311,7.40243,854.80109,0.26400,0
1727,381.32337,444.63553,732.35981,12,1,0,0.23400,0.57453,1.73205,200.00987,0.00000,0.00000,0.22266,0
1728,381.25793,445.03712,653.38324,12,1,0,0.30451,0.88043,3.16228,365.16641,4.05978,468.80585,0.25395,0
1729,381.19248,445.43871,574.40667,12,1,0,0.30823,0.98343,4.24264,489.92212,5.56670,642.81879,0.23962,0
1730,381.12704,445.84030,495.43010,12,1,0,0.29652,0.93681,3.74166,432.07071,4.96520,573.35968,0.23482,0
1731,381.24685,483.92288,772.04898,8,0,0,0.00000,0.00000,0.00000,0.00000,0.00000,0.00000,0.11027,0
1732,381.18140,484.32447,693.07241,12,1,0,0.26981,0.72507,2.44949,282.85669,2.93144,338.50980,0.23789,0
1733,381.59725,171.23043,138.62933,12,1,0,0.25657,1.00000,5.09902,588.81311,7.61470,879.31378,0.27213,0
1734,381.53180,171.63202,59.65276,8,0,0,0.22743,0.54521,1.00000,115.47575,0.00000,0.00000,0.15571,0
1735,381.58617,210.11619,257.29508,12,1,0,0.25241,1.00000,6.00000,692.85449,7.99707,923.46808,0.28602,0
1736,381.52072,210.51778,178.31851,12,1,0,0.25192,1.00000,6.00000,692.85449,7.86566,908.29309,0.28691,0
1737,381.45528,210.91937,99.34193,12,1,0,0.26672,0.99452,5.00000,577.37878,7.03171,811.99219,0.27034,0
1738,381.57509,249.00195,375.96082,12,1,0,0.26720,1.00000,5.00000,577.37878,7.26414,838.83191,0.27411,0
1739,381.50965,249.40354,296.98425,12,1,0,0.25294,1.00000,6.00000,692.85449,7.91338,913.80353,0.27821,0
1740,381.44420,249.80513,218.00768,12,1,0,0.25274,1.00000,6.00000,692.85449,7.91363,913.83252,0.27251,0
1741,381.37876,250.20673,139.03111,12,1,0,0.25913,1.00000,5.19615,600.02960,7.64257,882.53143,0.27782,0
1742,381.56401,287.88771,494.62656,12,1,0,0.28843,0.99454,5.00000,577.37878,6.22147,718.42889,0.26208,0
1743,381.49857,288.28930,415.64999,12,1,0,0.27568,1.00000,5.00000,577.37878,6.75000,779.46136,0.25222,0
1744,381.43312,288.69089,336.67342,12,1,0,0.25545,1.00000,6.00000,692.85449,7.76051,896.15082,0.27232,0
1745,381.61838,326.37188,692.26887,12,1,0,0.28028,0.77135,2.82843,326.61475,3.08880,356.68149,0.23597,0
1746,381.55294,326.77347,613.29230,12,1,0,0.30656,0.91713,3.16228,365.16641,4.62964,534.61133,0.24525,0
1747,381.48749,327.17506,534.31573,12,1,0,0.29194,0.98907,4.24264,489.92212,5.89860,681.14514,0.26432,0
1748,381.42205,327.57666,455.33916,12,1,0,0.28205,1.00000,5.00000,577.37878,6.56322,757.89307,0.25344,0
1749,381.54186,365.65923,731.95804,12,1,0,0.22912,0.58630,1.00000,115.47575,0.00000,0.00000,0.22502,0
1750,381.47641,366.06082,652.98147,12,1,0,0.29115,0.83152,2.44949,282.85669,3.57175,412.45090,0.24064,0
1751,381.41097,366.46242,574.00490,12,1,0,0.30009,0.94837,3.60555,416.35376,5.22974,603.90820,0.25229,0
1752,381.46534,404.94659,771.64721,8,0,0,0.00000,0.00000,0.00000,0.00000,0.00000,0.00000,0.10701,0
1753,381.39989,405.34818,692.67064,12,1,0,0.27657,0.76359,3.00000,346.42725,3.05984,353.33688,0.23296,0
1754,381.81574,92.25414,138.22756,12,1,0,0.25954,1.00000,6.00000,692.85449,7.82255,903.31506,0.27418,0
1755,381.75029,92.65573,59.25099,8,0,0,0.24327,0.56369,2.00000,230.95151,0.00000,0.00000,0.14874,0
1756,381.87010,130.73830,335.86988,12,1,0,0.27056,1.00000,6.00000,692.85449,7.37560,851.70282,0.27514,0
1757,381.80466,131.13990,256.89331,12,1,0,0.26054,1.00000,6.00000,692.85449,8.07493,932.45886,0.27949,0
1758,381.73921,131.54149,177.91673,12,1,0,0.25596,1.00000,6.00000,692.85449,7.61781,879.67218,0.26707,0
1759,381.67377,131.94308,98.94016,12,1,0,0.26379,1.00000,5.00000,577.37878,7.70304,889.51440,0.26842,0
1760,381.85903,169.62407,454.53562,12,1,0,0.28766,0.98356,4.12311,476.11871,6.01449,694.52722,0.25798,0
1761,381.79358,170.02566,375.55905,12,1,0,0.26429,1.00000,6.00000,692.85449,7.48309,864.11511,0.28051,0
1762,381.72814,170.42725,296.58248,12,1,0,0.25533,1.00000,6.00000,692.85449,7.62657,880.68378,0.27053,0
1763,381.66269,170.82884,217.60591,12,1,0,0.25471,1.00000,6.00000,692.85449,7.91357,913.82562,0.27866,0
1764,381.84795,208.50983,573.20136,12,1,0,0.28495,0.88333,3.00000,346.42725,4.10095,473.55978,0.22746,0
1765,381.78250,208.91142,494.22479,12,1,0,0.29370,0.98133,4.12311,476.11871,6.12221,706.96704,0.27046,0
1766,381.71706,209.31301,415.24822,12,1,0,0.27861,1.00000,5.09902,588.81311,6.85303,791.35828,0.27046,0
1767,381.65161,209.71460,336.27165,12,1,0,0.26152,1.00000,6.00000,692.85449,7.72650,892.22351,0.28781,0
1768,381.83687,247.39559,691.86710,12,1,0,0.24617,0.61644,2.00000,230.95151,0.00000,0.00000,0.21728,0
1769,381.77143,247.79718,612.89053,12,1,0,0.29208,0.85600,3.31662,382.98975,3.85000,444.58163,0.24128,0
1770,381.70598,248.19877,533.91396,12,1,0,0.29456,0.94624,4.00000,461.90302,5.39384,622.85822,0.26406,0
1771,381.64054,248.60036,454.93739,12,1,0,0.27837,0.99180,4.47214,516.42328,6.55545,756.99548,0.26202,0
1772,381.76035,286.68294,731.55627,12,1,0,0.23608,0.63085,1.41421,163.30737,0.00000,0.00000,0.22266,0
1773,381.69490,287.08453,652.57970,12,1,0,0.27794,0.79292,2.82843,326.61475,2.74254,316.69635,0.24230,0
1774,381.62946,287.48612,573.60313,12,1,0,0.29785,0.94293,4.12311,476.11871,5.14374,593.97687,0.25370,0
1775,381.68383,325.97029,771.24544,8,0,0,0.00211,0.00267,0.00000,0.00000,0.00000,0.00000,0.10854,0
1776,382.08859,51.76201,335.46811,8,0,0,0.30215,1.00000,5.09902,588.81311,6.33930,732.03510,0.18266,0
1777,382.02315,52.16360,256.49153,8,0,0,0.31854,0.97290,5.00000,577.37878,5.36054,619.01270,0.19328,0
1778,381.95770,52.56519,177.51496,8,0,0,0.30099,0.83288,3.16228,365.16641,3.65927,422.55685,0.18976,0
1779,381.89226,52.96678,98.53839,8,0,0,0.31835,0.91892,3.60555,416.35376,4.69647,542.32825,0.18202,0
1780,382.07751,90.64777,454.13385,12,1,0,0.27911,0.97312,4.00000,461.90302,6.33049,731.01776,0.26355,0
1781,382.01207,91.04936,375.15728,12,1,0,0.31187,1.00000,5.00000,577.37878,6.07057,701.00403,0.22989,0
1782,381.94662,91.45095,296.18071,12,1,0,0.25664,1.00000,6.00000,692.85449,7.68950,887.95038,0.25453,0
1783,381.88118,91.85254,217.20413,12,1,0,0.25817,1.00000,6.08276,702.41162,8.08739,933.89777,0.28198,0
1784,382.06644,129.53353,572.79959,12,1,0,0.28918,0.91758,4.00000,461.90302,4.69131,541.73309,0.25197,0
1785,382.00099,129.93512,493.82302,12,1,0,0.28869,0.96515,4.24264,489.92212,6.02680,695.94879,0.26458,0
1786,381.93555,130.33671,414.84645,12,1,0,0.28407,1.00000,5.19615,600.02960,6.71429,775.33820,0.25888,0
1787,382.12080,168.01770,770.44190,8,0,0,0.00000,0.00000,0.00000,0.00000,0.00000,0.00000,0.10464,0
1788,382.05536,168.41929,691.46533,12,1,0,0.25677,0.69755,2.00000,230.95151,0.00000,0.00000,0.23725,0
1789,381.98991,168.82088,612.48876,12,1,0,0.30550,0.89516,3.16228,365.16641,4.18277,483.00861,0.24288,0
1790,381.92447,169.22247,533.51219,12,1,0,0.28026,0.82692,2.44949,282.85669,3.09347,357.22031,0.22976,0
1791,381.97884,207.70664,731.15450,12,1,0,0.25200,0.67200,1.73205,200.00987,2.02043,233.31123,0.23366,0
1792,381.91339,208.10824,652.17793,12,1,0,0.27944,0.79521,2.23607,258.21164,2.89434,334.22604,0.23968,0
1793,381.90231,246.99400,770.84367,8,0,0,0.00000,0.00000,0.00000,0.00000,0.00000,0.00000,0.10150,0
1794,382.35037,50.15565,651.37439,8,0,0,0.30644,0.81522,3.00000,346.42725,3.16343,365.29980,0.17434,0
1795,382.28493,50.55724,572.39782,8,0,0,0.28893,0.77473,2.44949,282.85669,2.53804,293.08249,0.18214,0
1796,382.21948,50.95883,493.42125,8,0,0,0.30444,0.82514,3.00000,346.42725,3.61748,417.73074,0.18662,0
1797,382.15404,51.36042,414.44468,8,0,0,0.30835,0.98082,4.58258,529.17639,5.81211,671.15808,0.17510,0
1798,382.33929,89.04141,770.04013,8,0,0,0.00777,0.01087,0.00000,0.00000,0.00000,0.00000,0.09728,0
1799,382.27385,89.44300,691.06356,12,1,0,0.26525,0.74659,2.00000,230.95151,2.18333,252.12207,0.22810,0
1800,382.20840,89.84459,612.08699,12,1,0,0.29381,0.89867,3.00000,346.42725,4.24729,490.45865,0.24243,0
1801,382.14296,90.24618,533.11042,12,1,0,0.28855,0.97059,4.00000,461.90302,6.15395,710.63196,0.26720,0
1802,382.19733,128.73035,730.75273,12,1,0,0.27254,0.71505,2.23607,258.21164,0.00000,0.00000,0.21709,0
1803,382.13188,129.13194,651.77616,12,1,0,0.29174,0.86667,3.16228,365.16641,3.75570,433.69199,0.24774,0
1804,382.41582,49.75405,730.35096,8,0,0,0.28219,0.69421,2.23607,258.21164,0.00000,0.00000,0.16493,0
1805,419.60027,685.08735,62.23211,8,0,0,0.16885,0.35342,1.00000,115.47575,0.00000,0.00000,0.14618,0
1806,419.58919,723.97311,180.89785,12,1,0,0.27637,1.00000,5.74456,663.35773,7.03868,812.79712,0.27443,0
1807,419.52375,724.37470,101.92128,12,1,0,0.27198,0.99455,4.58258,529.17639,6.87039,793.36310,0.28576,0
1808,419.57811,762.85887,299.56359,8,0,0,0.00000,0.00000,0.00000,0.00000,0.00000,0.00000,0.01466,0
1809,419.51267,763.26046,220.58702,8,0,0,0.00000,0.00000,0.00000,0.00000,0.00000,0.00000,0.01984,0
1810,419.44722,763.66205,141.61045,8,0,0,0.00000,0.00000,0.00000,0.00000,0.00000,0.00000,0.01530,0
1811,419.38178,764.06364,62.63388,5,0,0,0.00000,0.00000,0.00000,0.00000,0.00000,0.00000,0.01011,0
1812,419.81876,606.11105,61.83034,8,0,0,0.13761,0.27851,0.00000,0.00000,0.00000,0.00000,0.14816,0
1813,419.87312,644.59522,259.47265,12,1,0,0.26556,1.00000,5.19615,600.02960,7.32398,845.74243,0.27872,0
1814,419.80768,644.99681,180.49608,12,1,0,0.26466,1.00000,6.00000,692.85449,7.55274,872.15839,0.29869,0
1815,419.74223,645.39840,101.51951,12,1,0,0.27991,1.00000,5.09902,588.81311,6.78361,783.34259,0.28941,0
1816,419.86205,683.48098,378.13839,12,1,0,0.28505,1.00000,5.00000,577.37878,6.51644,752.49078,0.27693,0
1817,419.79660,683.88257,299.16182,12,1,0,0.28615,1.00000,5.00000,577.37878,6.85321,791.37927,0.27104,0
1818,419.73116,684.28416,220.18525,12,1,0,0.27166,1.00000,5.09902,588.81311,7.16526,827.41327,0.27878,0
1819,419.66571,684.68576,141.20868,12,1,0,0.27669,1.00000,5.74456,663.35773,6.84599,790.54565,0.26765,0
1820,419.85097,722.36674,496.80413,12,1,0,0.29450,0.99183,4.35890,503.34717,6.00000,692.85449,0.26822,0
1821,419.78552,722.76833,417.82756,12,1,0,0.29944,1.00000,5.00000,577.37878,6.25759,722.60022,0.26438,0
1822,419.72008,723.16993,338.85099,12,1,0,0.28939,1.00000,5.00000,577.37878,6.41295,740.54022,0.27648,0
1823,419.65464,723.57152,259.87442,12,1,0,0.26784,1.00000,5.09902,588.81311,7.08037,817.61102,0.27258,0
1824,419.83989,761.25250,615.46987,8,0,0,0.00000,0.00000,0.00000,0.00000,0.00000,0.00000,0.01242,0
1825,419.77445,761.65410,536.49330,8,0,0,0.00000,0.00000,0.00000,0.00000,0.00000,0.00000,0.01184,0
1826,419.70900,762.05569,457.51673,8,0,0,0.00000,0.00000,0.00000,0.00000,0.00000,0.00000,0.01536,0
1827,419.64356,762.45728,378.54016,8,0,0,0.00000,0.00000,0.00000,0.00000,0.00000,0.00000,0.01690,0
1828,420.10269,526.73317,140.40514,12,1,0,0.27131,1.00000,5.74456,663.35773,6.99180,807.38324,0.26790,0
1829,420.03725,527.13476,61.42857,8,0,0,0.14618,0.30541,0.00000,0.00000,0.00000,0.00000,0.14733,0
1830,420.09161,565.61893,259.07088,12,1,0,0.26856,1.00000,5.74456,663.35773,7.27687,840.30145,0.27354,0
1831,420.02617,566.02052,180.09431,12,1,0,0.26840,1.00000,5.19615,600.02960,7.38917,853.26947,0.28422,0
1832,419.96072,566.42211,101.11774,12,1,0,0.28851,0.99461,5.00000,577.37878,6.44077,743.75232,0.28442,0
1833,420.08054,604.50469,377.73662,12,1,0,0.26760,1.00000,5.09902,588.81311,7.12728,823.02850,0.27706,0
1834,420.01509,604.90628,298.76005,12,1,0,0.26904,1.00000,5.00000,577.37878,7.35647,849.49359,0.27712,0
1835,419.94965,605.30787,219.78348,12,1,0,0.26427,1.00000,6.00000,692.85449,7.63992,882.22565,0.28838,0
1836,419.88420,605.70946,140.80691,12,1,0,0.28582,1.00000,5.00000,577.37878,6.58117,759.96515,0.27283,0
1837,420.06946,643.39045,496.40236,12,1,0,0.29547,0.97554,4.12311,476.11871,5.70564,658.86298,0.25862,0
1838,420.00401,643.79204,417.42579,12,1,0,0.28361,0.98649,4.12311,476.11871,6.44014,743.68005,0.26547,0
1839,419.93857,644.19363,338.44922,12,1,0,0.27652,1.00000,5.09902,588.81311,6.81983,787.52448,0.26445,0
1840,420.12383,681.87462,694.04467,12,1,0,0.28599,0.77867,2.82843,326.61475,3.45944,399.48141,0.24160,0
1841,420.05838,682.27621,615.06810,12,1,0,0.00000,0.00000,0.00000,0.00000,0.00000,0.00000,0.00000,0
1842,419.99294,682.67780,536.09153,12,1,0,0.30750,0.96524,4.00000,461.90302,5.28648,610.46075,0.25478,0
1843,419.92749,683.07939,457.11496,12,1,0,0.31489,0.99462,4.35890,503.34717,5.89379,680.59039,0.25210,0
1844,420.04730,721.16197,733.73385,12,1,0,0.29304,0.81016,3.16228,365.16641,3.44634,397.96887,0.24109,0
1845,419.98186,721.56356,654.75727,12,1,0,0.30614,0.95095,4.12311,476.11871,5.07588,586.14099,0.24730,0
1846,419.91641,721.96515,575.78070,12,1,0,0.32029,0.94370,4.12311,476.11871,4.99144,576.39069,0.23706,0
1847,419.97078,760.44932,773.42302,5,0,0,0.00000,0.00000,0.00000,0.00000,0.00000,0.00000,0.00525,0
1848,419.90534,760.85091,694.44645,8,0,0,0.00000,0.00000,0.00000,0.00000,0.00000,0.00000,0.01146,0
1849,420.32118,447.75687,140.00337,12,1,0,0.27634,1.00000,5.00000,577.37878,7.04950,814.04596,0.28186,0
1850,420.25574,448.15846,61.02680,8,0,0,0.17595,0.36772,0.00000,0.00000,0.00000,0.00000,0.15488,0
1851,420.31010,486.64263,258.66911,12,1,0,0.26241,1.00000,6.00000,692.85449,7.63210,881.32300,0.28422,0
1852,420.24466,487.04422,179.69254,12,1,0,0.27011,1.00000,6.00000,692.85449,7.37052,851.11664,0.28538,0
1853,420.17921,487.44581,100.71597,12,1,0,0.28140,1.00000,5.00000,577.37878,6.50746,751.45374,0.28384,0
1854,420.36447,525.12680,456.31142,12,1,0,0.28450,1.00000,5.00000,577.37878,6.49456,749.96460,0.28256,0
1855,420.29902,525.52839,377.33485,12,1,0,0.26377,1.00000,6.00000,692.85449,7.36291,850.23779,0.28717,0
1856,420.23358,525.92998,298.35828,12,1,0,0.25504,1.00000,6.00000,692.85449,7.68015,886.87085,0.28627,0
1857,420.16814,526.33158,219.38171,12,1,0,0.25612,1.00000,6.00000,692.85449,7.66101,884.66052,0.27904,0
1858,420.35339,564.01256,574.97716,12,1,0,0.29896,0.95041,3.74166,432.07071,5.13668,593.16241,0.25766,0
1859,420.28795,564.41415,496.00059,12,1,0,0.28960,0.99178,4.69042,541.62933,6.11174,705.75793,0.27155,0
1860,420.22250,564.81574,417.02402,12,1,0,0.28978,1.00000,5.19615,600.02960,6.48066,748.35901,0.26291,0
1861,420.15706,565.21734,338.04745,12,1,0,0.27533,1.00000,5.74456,663.35773,7.21169,832.77509,0.27142,0
1862,420.34231,602.89832,693.64290,12,1,0,0.27685,0.76359,3.00000,346.42725,2.75000,317.55832,0.23834,0
1863,420.27687,603.29991,614.66633,12,1,0,0.30089,0.91328,3.74166,432.07071,4.55843,526.38794,0.25402,0
1864,420.21143,603.70151,535.68976,12,1,0,0.30303,0.99730,4.24264,489.92212,5.82626,672.79132,0.25715,0
1865,420.14598,604.10310,456.71319,12,1,0,0.28659,1.00000,4.89898,565.71338,6.50555,751.23334,0.28346,0
1866,420.26579,642.18568,733.33207,12,1,0,0.26224,0.69837,2.23607,258.21164,2.22785,257.26242,0.24973,0
1867,420.20035,642.58727,654.35550,12,1,0,0.29217,0.86849,3.16228,365.16641,3.93366,454.24261,0.24602,0
1868,420.13490,642.98886,575.37893,12,1,0,0.30113,0.86523,3.00000,346.42725,4.03795,466.28555,0.24877,0
1869,420.18927,681.47303,773.02125,8,0,0,0.01727,0.02439,0.00000,0.00000,0.00000,0.00000,0.11699,0
1870,420.61619,329.49322,99.91242,12,1,0,0.26247,0.98641,4.24264,489.92212,7.28066,840.74030,0.28307,0
1871,420.60511,368.37899,218.57817,12,1,0,0.24965,1.00000,6.00000,692.85449,7.89688,911.89795,0.28173,0
1872,420.53967,368.78058,139.60160,12,1,0,0.26706,1.00000,5.00000,577.37878,7.11719,821.86328,0.28218,0
1873,420.47422,369.18217,60.62502,8,0,0,0.15404,0.33425,0.00000,0.00000,0.00000,0.00000,0.16122,0
1874,420.59404,407.26475,337.24391,12,1,0,0.25921,1.00000,6.00000,692.85449,7.64694,883.03638,0.26029,0
1875,420.52859,407.66634,258.26734,12,1,0,0.25472,1.00000,6.00000,692.85449,7.72010,891.48383,0.28083,0
1876,420.46315,408.06793,179.29077,12,1,0,0.25718,1.00000,6.00000,692.85449,7.63184,881.29272,0.27955,0
1877,420.39770,408.46952,100.31420,12,1,0,0.29302,0.99176,5.00000,577.37878,6.01853,694.99408,0.23712,0
1878,420.58296,446.15051,455.90965,12,1,0,0.28516,1.00000,4.89898,565.71338,6.40159,739.22784,0.27494,0
1879,420.51751,446.55210,376.93308,12,1,0,0.27422,1.00000,5.09902,588.81311,6.87264,793.62378,0.27437,0
1880,420.45207,446.95369,297.95651,12,1,0,0.25343,1.00000,6.08276,702.41162,8.09316,934.56384,0.28870,0
1881,420.38662,447.35528,218.97994,12,1,0,0.25417,1.00000,6.00000,692.85449,7.73343,893.02417,0.27667,0
1882,420.57188,485.03627,574.57539,12,1,0,0.31863,0.95935,4.12311,476.11871,4.97474,574.46210,0.24064,0
1883,420.50644,485.43786,495.59882,12,1,0,0.29173,1.00000,5.00000,577.37878,5.96153,688.41199,0.25491,0
1884,420.44099,485.83945,416.62225,12,1,0,0.27723,1.00000,5.19615,600.02960,6.62477,764.99988,0.25990,0
1885,420.37555,486.24104,337.64568,12,1,0,0.25800,1.00000,6.00000,692.85449,7.62700,880.73389,0.27091,0
1886,420.56080,523.92203,693.24113,12,1,0,0.26908,0.73425,2.44949,282.85669,2.89562,334.37393,0.24378,0
1887,420.49536,524.32362,614.26456,12,1,0,0.29765,0.87569,3.31662,382.98975,4.09522,472.89908,0.24832,0
1888,420.42991,524.72521,535.28799,12,1,0,0.29035,0.95616,4.12311,476.11871,5.25737,607.09875,0.27635,0
1889,420.48428,563.20938,732.93030,12,1,0,0.25553,0.69780,1.73205,200.00987,2.06667,238.64989,0.24378,0
1890,420.41884,563.61097,653.95373,12,1,0,0.30489,0.85946,3.00000,346.42725,4.20060,485.06720,0.24954,0
1891,420.40776,602.49673,772.61947,8,0,0,0.00000,0.00000,0.00000,0.00000,0.00000,0.00000,0.10253,0
1892,420.83468,250.51693,99.51065,12,1,0,0.25637,1.00000,5.00000,577.37878,7.60343,878.01190,0.28550,0
1893,420.82360,289.40269,218.17640,12,1,0,0.25120,1.00000,6.00000,692.85449,8.03783,928.17407,0.28877,0
1894,420.75816,289.80428,139.19982,12,1,0,0.26719,1.00000,6.00000,692.85449,7.44130,859.28931,0.28275,0
1895,420.69271,290.20587,60.22325,8,0,0,0.17813,0.39189,1.00000,115.47575,0.00000,0.00000,0.14310,0
1896,420.81253,328.28845,336.84214,12,1,0,0.25728,1.00000,6.00000,692.85449,7.85791,907.39764,0.26528,0
1897,420.74708,328.69004,257.86557,12,1,0,0.25239,1.00000,6.08276,702.41162,7.91513,914.00616,0.28646,0
1898,420.68164,329.09163,178.88900,12,1,0,0.26491,1.00000,5.38516,621.85596,7.69301,888.35559,0.29139,0
1899,420.86689,366.77262,534.48445,12,1,0,0.27887,0.98338,4.12311,476.11871,6.06144,699.94916,0.28051,0
1900,420.80145,367.17421,455.50788,12,1,0,0.26855,1.00000,5.00000,577.37878,7.02555,811.28058,0.27418,0
1901,420.73600,367.57580,376.53131,12,1,0,0.25740,1.00000,6.00000,692.85449,7.68219,887.10626,0.26925,0
1902,420.67056,367.97739,297.55474,12,1,0,0.24711,1.00000,6.00000,692.85449,8.19443,946.25824,0.28499,0
1903,420.85581,405.65838,653.15019,12,1,0,0.27992,0.79235,2.44949,282.85669,3.09595,357.50668,0.23917,0
1904,420.79037,406.05997,574.17362,12,1,0,0.30644,0.94695,3.74166,432.07071,5.14269,593.85583,0.26234,0
1905,420.72493,406.46156,495.19705,12,1,0,0.28172,0.98056,4.12311,476.11871,5.92729,684.45831,0.25216,0
1906,420.65948,406.86316,416.22048,12,1,0,0.27537,1.00000,5.38516,621.85596,6.94472,801.94714,0.25901,0
1907,420.84474,444.54414,771.81593,8,0,0,0.00000,0.00000,0.00000,0.00000,0.00000,0.00000,0.10515,0
1908,420.77929,444.94573,692.83936,12,1,0,0.28658,0.75532,2.44949,282.85669,2.68860,310.46771,0.23155,0
1909,420.71385,445.34732,613.86279,12,1,0,0.31016,0.95082,4.00000,461.90302,4.99166,576.41626,0.25178,0
1910,420.64840,445.74892,534.88622,12,1,0,0.29344,0.97019,4.58258,529.17639,5.42908,626.92761,0.26982,0
1911,420.70277,484.23309,732.52853,12,1,0,0.26606,0.72299,2.44949,282.85669,2.64167,305.04846,0.24128,0
1912,420.63733,484.63468,653.55196,12,1,0,0.29550,0.86066,3.31662,382.98975,3.98793,460.50934,0.25062,0
1913,420.62625,523.52044,772.21770,8,0,0,0.00000,0.00000,0.00000,0.00000,0.00000,0.00000,0.11008,0
1914,421.11861,171.13904,178.08545,12,1,0,0.25681,1.00000,6.00000,692.85449,8.38449,968.20508,0.29549,0
1915,421.05317,171.54064,99.10888,12,1,0,0.26065,1.00000,5.00000,577.37878,7.63761,881.95850,0.28128,0
1916,421.10754,210.02480,296.75120,12,1,0,0.25514,1.00000,6.00000,692.85449,8.23482,950.92175,0.29293,0
1917,421.04209,210.42640,217.77462,12,1,0,0.25103,1.00000,6.00000,692.85449,8.04227,928.68695,0.28806,0
1918,420.97665,210.82799,138.79805,12,1,0,0.26045,1.00000,6.00000,692.85449,8.04887,929.44958,0.28026,0
1919,420.91120,211.22958,59.82148,8,0,0,0.18974,0.42287,1.00000,115.47575,0.00000,0.00000,0.16390,0
1920,421.09646,248.91057,415.41694,12,1,0,0.26853,1.00000,5.00000,577.37878,7.21540,833.20325,0.27309,0
1921,421.03101,249.31216,336.44037,12,1,0,0.25104,1.00000,6.00000,692.85449,7.79710,900.37653,0.27232,0
1922,420.96557,249.71375,257.46380,12,1,0,0.25034,1.00000,6.00000,692.85449,8.10802,936.27924,0.28518,0
1923,420.90012,250.11534,178.48722,12,1,0,0.25559,1.00000,6.00000,692.85449,8.00242,924.08563,0.28422,0
1924,421.08538,287.79633,534.08268,12,1,0,0.29676,0.94695,3.31662,382.98975,5.43913,628.08777,0.27366,0
1925,421.01994,288.19792,455.10611,12,1,0,0.27691,1.00000,5.00000,577.37878,7.14537,825.11719,0.29050,0
1926,420.95449,288.59951,376.12954,12,1,0,0.25782,1.00000,5.19615,600.02960,7.98813,922.43561,0.28659,0
1927,420.88905,289.00110,297.15297,12,1,0,0.25928,1.00000,6.00000,692.85449,8.21071,948.13763,0.29971,0
1928,421.07430,326.68209,652.74842,12,1,0,0.28163,0.82432,3.00000,346.42725,3.38671,391.08328,0.24544,0
1929,421.00886,327.08368,573.77185,12,1,0,0.29547,0.93011,4.00000,461.90302,5.06440,584.81512,0.25696,0
1930,420.94341,327.48527,494.79528,12,1,0,0.28037,0.98901,5.00000,577.37878,6.36210,734.66840,0.26630,0
1931,420.87797,327.88686,415.81871,12,1,0,0.28006,0.99734,5.09902,588.81311,7.03444,812.30713,0.25530,0
1932,421.06323,365.56785,771.41416,8,0,0,0.00000,0.00000,0.00000,0.00000,0.00000,0.00000,0.11130,0
1933,420.99778,365.96944,692.43759,12,1,0,0.24872,0.65499,1.73205,200.00987,0.00000,0.00000,0.24083,0
1934,420.93234,366.37103,613.46102,12,1,0,0.28773,0.88587,3.16228,365.16641,4.31821,498.64911,0.25088,0
1935,420.92126,405.25679,732.12676,12,1,0,0.24733,0.61867,1.41421,163.30737,0.00000,0.00000,0.22566,0
1936,421.34818,53.27699,59.01794,5,0,0,0.20248,0.39516,0.00000,0.00000,0.00000,0.00000,0.09914,0
1937,421.33710,92.16275,177.68368,12,1,0,0.24949,1.00000,6.00000,692.85449,8.37276,966.85065,0.29408,0
1938,421.27166,92.56434,98.70711,12,1,0,0.25507,1.00000,6.00000,692.85449,7.86563,908.28986,0.28275,0
1939,421.32603,131.04851,296.34942,12,1,0,0.25399,1.00000,6.00000,692.85449,7.86654,908.39508,0.28397,0
1940,421.26058,131.45010,217.37285,12,1,0,0.25279,1.00000,6.00000,692.85449,7.74814,894.72180,0.27341,0
1941,421.19514,131.85169,138.39628,12,1,0,0.25138,1.00000,6.00000,692.85449,7.83674,904.95343,0.26426,0
1942,421.12969,132.25328,59.41971,8,0,0,0.20759,0.47945,1.00000,115.47575,0.00000,0.00000,0.14995,0
1943,421.31495,169.93427,415.01517,12,1,0,0.27563,1.00000,5.00000,577.37878,7.06592,815.94214,0.26195,0
1944,421.24950,170.33586,336.03860,12,1,0,0.26219,1.00000,6.00000,692.85449,7.57707,874.96802,0.25818,0
1945,421.18406,170.73745,257.06202,12,1,0,0.26000,1.00000,6.00000,692.85449,7.98075,921.58307,0.27763,0
1946,421.36931,208.41844,612.65748,12,1,0,0.27297,0.85950,3.16228,365.16641,3.67226,424.05716,0.24403,0
1947,421.30387,208.82003,533.68091,12,1,0,0.27981,0.95135,4.00000,461.90302,5.61309,648.17542,0.26560,0
1948,421.23843,209.22162,454.70434,12,1,0,0.27504,0.99729,5.00000,577.37878,6.86982,793.29791,0.27226,0
1949,421.17298,209.62321,375.72777,12,1,0,0.25809,1.00000,6.00000,692.85449,7.64491,882.80194,0.27949,0
1950,421.35824,247.30420,731.32322,12,1,0,0.25172,0.69003,2.00000,230.95151,0.00000,0.00000,0.23936,0
1951,421.29279,247.70579,652.34665,12,1,0,0.28239,0.81671,3.00000,346.42725,3.23030,373.02167,0.24493,0
1952,421.22735,248.10738,573.37008,12,1,0,0.28619,0.93733,3.74166,432.07071,5.31653,613.93005,0.26995,0
1953,421.16190,248.50897,494.39351,12,1,0,0.28197,0.97260,4.12311,476.11871,5.96107,688.35938,0.25626,0
1954,421.28172,286.59155,771.01239,8,0,0,0.00000,0.00000,0.00000,0.00000,0.00000,0.00000,0.10605,0
1955,421.21627,286.99314,692.03582,12,1,0,0.25356,0.66935,1.73205,200.00987,2.18409,252.20953,0.22310,0
1956,421.15083,287.39474,613.05925,12,1,0,0.28305,0.86450,2.44949,282.85669,3.75000,433.03409,0.25370,0
1957,421.13975,326.28050,731.72499,12,1,0,0.23711,0.61995,1.73205,200.00987,0.00000,0.00000,0.22547,0
1958,421.60996,51.67062,374.92422,8,0,0,0.30154,0.85054,3.16228,365.16641,4.02183,464.42392,0.19066,0
1959,421.54451,52.07222,295.94765,8,0,0,0.31157,0.90515,3.16228,365.16641,4.48681,518.11749,0.19238,0
1960,421.47907,52.47381,216.97108,8,0,0,0.28372,0.76757,2.82843,326.61475,3.08284,355.99280,0.18701,0
1961,421.41362,52.87540,137.99451,8,0,0,0.31221,0.90296,3.16228,365.16641,4.56800,527.49371,0.18362,0
1962,421.59888,90.55638,493.58997,12,1,0,0.27134,0.98889,4.47214,516.42328,6.60660,762.90179,0.26464,0
1963,421.53344,90.95798,414.61340,12,1,0,0.29360,0.99728,4.47214,516.42328,6.27823,724.98334,0.23206,0
1964,421.46799,91.35957,335.63682,12,1,0,0.26010,1.00000,6.00000,692.85449,7.59646,877.20691,0.27206,0
1965,421.40255,91.76116,256.66025,12,1,0,0.25384,1.00000,6.00000,692.85449,7.92138,914.72791,0.27411,0
1966,421.58780,129.44215,612.25571,12,1,0,0.28028,0.89011,3.00000,346.42725,4.23070,488.54306,0.25824,0
1967,421.52236,129.84374,533.27914,12,1,0,0.29323,0.96429,4.00000,461.90302,5.46217,630.74866,0.26061,0
1968,421.45691,130.24533,454.30257,12,1,0,0.27855,0.99724,5.00000,577.37878,6.55220,756.62018,0.26336,0
1969,421.39147,130.64692,375.32600,12,1,0,0.26853,1.00000,5.00000,577.37878,7.20219,831.67822,0.27910,0
1970,421.57673,168.32791,730.92145,12,1,0,0.22256,0.59836,1.00000,115.47575,0.00000,0.00000,0.23142,0
1971,421.51128,168.72950,651.94488,12,1,0,0.26316,0.80381,2.23607,258.21164,3.17767,366.94418,0.25574,0
1972,421.44584,169.13109,572.96831,12,1,0,0.28816,0.91057,3.00000,346.42725,4.80601,554.97748,0.25434,0
1973,421.38039,169.53268,493.99174,12,1,0,0.28368,0.97814,4.12311,476.11871,6.10164,704.59198,0.25798,0
1974,421.50020,207.61526,770.61062,8,0,0,0.00000,0.00000,0.00000,0.00000,0.00000,0.00000,0.10170,0
1975,421.43476,208.01685,691.63405,12,1,0,0.27212,0.77929,2.44949,282.85669,2.73535,315.86649,0.22906,0
1976,421.87174,50.06426,690.83051,8,0,0,0.30968,0.73333,2.23607,258.21164,2.39369,276.41324,0.16902,0
1977,421.80629,50.46585,611.85394,8,0,0,0.27340,0.70994,2.23607,258.21164,0.00000,0.00000,0.15834,0
1978,421.74085,50.86744,532.87737,8,0,0,0.30830,0.83200,3.00000,346.42725,3.60032,415.74966,0.19168,0
1979,421.67540,51.26903,453.90080,8,0,0,0.30046,0.89160,3.60555,416.35376,4.35149,502.49155,0.19091,0
1980,421.79522,89.35161,730.51968,12,1,0,0.25249,0.76438,2.00000,230.95151,2.08333,240.57448,0.24346,0
1981,421.72977,89.75320,651.54311,12,1,0,0.27424,0.86981,3.16228,365.16641,3.88878,449.05930,0.25357,0
1982,421.66433,90.15479,572.56654,12,1,0,0.27580,0.89315,3.16228,365.16641,4.00000,461.90302,0.25363,0
1983,421.71869,128.63896,770.20885,8,0,0,0.00000,0.00000,0.00000,0.00000,0.00000,0.00000,0.10758,0
1984,421.65325,129.04055,691.23228,12,1,0,0.27911,0.78378,2.23607,258.21164,3.01047,347.63654,0.22758,0
1985,421.93718,49.66267,769.80708,5,0,0,0.00000,0.00000,0.00000,0.00000,0.00000,0.00000,0.07066,0
1986,459.12164,684.99596,101.68823,12,1,0,0.28241,0.97600,4.00000,461.90302,6.38636,737.46973,0.24064,0
1987,459.11056,723.88172,220.35397,12,1,0,0.27313,1.00000,5.09902,588.81311,7.10050,819.93567,0.26829,0
1988,459.04511,724.28331,141.37740,12,1,0,0.27185,0.99728,5.09902,588.81311,7.03071,811.87634,0.24787,0
1989,458.97967,724.68490,62.40083,8,0,0,0.16137,0.34795,1.00000,115.47575,0.00000,0.00000,0.14368,0
1990,459.09948,762.76748,339.01971,8,0,0,0.00000,0.00000,0.00000,0.00000,0.00000,0.00000,0.01267,0
1991,459.03404,763.16907,260.04314,8,0,0,0.00000,0.00000,0.00000,0.00000,0.00000,0.00000,0.01702,0
1992,458.96859,763.57066,181.06657,8,0,0,0.00000,0.00000,0.00000,0.00000,0.00000,0.00000,0.01485,0
1993,458.90315,763.97226,102.09000,8,0,0,0.00000,0.00000,0.00000,0.00000,0.00000,0.00000,0.01626,0
1994,459.34012,606.01967,101.28646,12,1,0,0.28954,0.99459,5.09902,588.81311,6.34697,732.92126,0.26867,0
1995,459.32905,644.90543,219.95220,12,1,0,0.26810,1.00000,5.38516,621.85596,7.34130,847.74219,0.26650,0
1996,459.26360,645.30702,140.97563,12,1,0,0.29944,1.00000,5.00000,577.37878,6.33275,731.27887,0.25101,0
1997,459.19816,645.70861,61.99906,8,0,0,0.13360,0.26579,0.00000,0.00000,0.00000,0.00000,0.14336,0
1998,459.31797,683.79119,338.61794,12,1,0,0.27568,1.00000,5.38516,621.85596,6.75201,779.69312,0.26189,0
1999,459.25252,684.19278,259.64137,12,1,0,0.27279,1.00000,5.91608,683.16382,7.11359,821.44690,0.26630,0
2000,459.18708,684.59437,180.66480,12,1,0,0.28912,1.00000,5.00000,577.37878,6.39571,738.54993,0.24256,0
2001,459.37234,722.27536,536.26025,12,1,0,0.30303,0.94851,4.12311,476.11871,5.01405,579.00073,0.24230,0
2002,459.30689,722.67695,457.28368,12,1,0,0.29870,0.99191,4.69042,541.62933,6.08930,703.16632,0.24147,0
2003,459.24145,723.07854,378.30711,12,1,0,0.29520,0.99730,4.89898,565.71338,6.30346,727.89728,0.25210,0
2004,459.17600,723.48013,299.33054,12,1,0,0.27375,0.99728,4.58258,529.17639,6.89842,796.60010,0.26861,0
2005,459.36126,761.16112,654.92599,8,0,0,0.00000,0.00000,0.00000,0.00000,0.00000,0.00000,0.01248,0
2006,459.29581,761.56271,575.94942,8,0,0,0.00000,0.00000,0.00000,0.00000,0.00000,0.00000,0.01024,0
2007,459.23037,761.96430,496.97285,8,0,0,0.00000,0.00000,0.00000,0.00000,0.00000,0.00000,0.01312,0
2008,459.16492,762.36589,417.99628,8,0,0,0.00000,0.00000,0.00000,0.00000,0.00000,0.00000,0.01690,0
2009,459.62406,526.64178,179.86126,12,1,0,0.26901,1.00000,5.09902,588.81311,7.23873,835.89801,0.27450,0
2010,459.55861,527.04337,100.88469,12,1,0,0.29739,0.98113,4.12311,476.11871,5.99845,692.67529,0.26733,0
2011,459.61298,565.52754,298.52700,12,1,0,0.25795,1.00000,6.00000,692.85449,7.65547,884.02106,0.27853,0
2012,459.54754,565.92913,219.55043,12,1,0,0.26433,1.00000,6.00000,692.85449,7.41178,855.88068,0.28442,0
2013,459.48209,566.33072,140.57386,12,1,0,0.27634,1.00000,5.38516,621.85596,6.78675,783.70520,0.26982,0
2014,459.41665,566.73231,61.59729,8,0,0,0.15990,0.33795,0.00000,0.00000,0.00000,0.00000,0.15104,0
2015,459.60190,604.41330,417.19274,12,1,0,0.27769,1.00000,5.19615,600.02960,6.83173,788.89917,0.27277,0
2016,459.53646,604.81489,338.21617,12,1,0,0.26190,1.00000,6.00000,692.85449,7.39168,853.55988,0.28006,0
2017,459.47101,605.21648,259.23960,12,1,0,0.25526,1.00000,6.00000,692.85449,7.74571,894.44116,0.27968,0
2018,459.40557,605.61808,180.26303,12,1,0,0.26544,1.00000,5.19615,600.02960,7.19630,830.99854,0.27629,0
2019,459.59083,643.29906,535.85848,12,1,0,0.29845,0.99455,5.00000,577.37878,5.73196,661.90277,0.27123,0
2020,459.52538,643.70065,456.88191,12,1,0,0.28099,1.00000,5.00000,577.37878,6.51417,752.22894,0.27354,0
2021,459.45994,644.10224,377.90534,12,1,0,0.27672,1.00000,5.47723,632.48676,6.83167,788.89185,0.26720,0
2022,459.39449,644.50384,298.92877,12,1,0,0.25770,1.00000,6.00000,692.85449,7.63888,882.10510,0.27885,0
2023,459.57975,682.18482,654.52422,12,1,0,0.30664,0.86501,3.16228,365.16641,4.02692,465.01154,0.21830,0
2024,459.51430,682.58641,575.54765,12,1,0,0.21436,0.58056,1.41421,163.30737,0.00000,0.00000,0.20602,0
2025,459.44886,682.98801,496.57108,12,1,0,0.29388,0.99455,4.69042,541.62933,5.89200,680.38373,0.25434,0
2026,459.38341,683.38960,417.59451,12,1,0,0.29326,1.00000,5.00000,577.37878,6.23110,719.54089,0.23296,0
2027,459.56867,721.07058,773.18996,8,0,0,0.01326,0.01913,0.00000,0.00000,0.00000,0.00000,0.11546,0
2028,459.50323,721.47217,694.21339,12,1,0,0.29695,0.83657,3.16228,365.16641,3.84700,444.23572,0.24058,0
2029,459.43778,721.87377,615.23682,12,1,0,0.29880,0.88493,3.31662,382.98975,4.28629,494.96298,0.23232,0
2030,459.42670,760.75953,733.90256,8,0,0,0.00000,0.00000,0.00000,0.00000,0.00000,0.00000,0.00934,0
2031,459.85362,408.77972,60.79374,8,0,0,0.17128,0.36267,0.00000,0.00000,0.00000,0.00000,0.15373,0
2032,459.84255,447.66549,179.45949,12,1,0,0.26488,1.00000,6.00000,692.85449,7.25450,837.71857,0.27251,0
2033,459.77710,448.06708,100.48291,12,1,0,0.29569,1.00000,4.89898,565.71338,5.89829,681.10986,0.26566,0
2034,459.83147,486.55125,298.12523,12,1,0,0.25438,1.00000,6.00000,692.85449,7.72793,892.38837,0.27635,0
2035,459.76602,486.95284,219.14866,12,1,0,0.27187,1.00000,6.00000,692.85449,7.35258,849.04474,0.27277,0
2036,459.70058,487.35443,140.17209,12,1,0,0.27504,1.00000,6.00000,692.85449,6.95572,803.21692,0.26438,0
2037,459.63514,487.75602,61.19551,8,0,0,0.14177,0.30189,0.00000,0.00000,0.00000,0.00000,0.15008,0
2038,459.82039,525.43701,416.79097,12,1,0,0.27846,0.99725,5.09902,588.81311,6.52750,753.76825,0.26771,0
2039,459.75495,525.83860,337.81440,12,1,0,0.27548,1.00000,5.19615,600.02960,7.10095,819.98724,0.27251,0
2040,459.68950,526.24019,258.83783,12,1,0,0.26433,1.00000,6.00000,692.85449,7.37943,852.14465,0.27475,0
2041,459.87476,563.92118,614.43328,12,1,0,0.29663,0.88828,3.60555,416.35376,4.29849,496.37183,0.25229,0
2042,459.80931,564.32277,535.45671,12,1,0,0.30173,1.00000,5.00000,577.37878,6.00348,693.25623,0.25850,0
2043,459.74387,564.72436,456.48014,12,1,0,0.27769,1.00000,5.09902,588.81311,6.66066,769.14496,0.27866,0
2044,459.67843,565.12595,377.50357,12,1,0,0.27151,1.00000,5.38516,621.85596,7.00184,808.54230,0.27482,0
2045,459.86368,602.80694,733.09902,12,1,0,0.22269,0.56233,1.00000,115.47575,0.00000,0.00000,0.23462,0
2046,459.79824,603.20853,654.12245,12,1,0,0.31394,0.90426,3.60555,416.35376,4.47416,516.65674,0.25254,0
2047,459.73279,603.61012,575.14588,12,1,0,0.29925,0.97541,4.24264,489.92212,5.44146,628.35614,0.25626,0
2048,459.66735,604.01171,496.16931,12,1,0,0.29388,0.99196,4.58258,529.17639,6.24114,720.70007,0.27046,0
2049,459.78716,642.09429,772.78819,8,0,0,0.00000,0.00000,0.00000,0.00000,0.00000,0.00000,0.10554,0
2050,459.72171,642.49588,693.81162,12,1,0,0.28714,0.79558,3.16228,365.16641,3.48539,402.47815,0.23987,0
2051,459.65627,642.89747,614.83505,12,1,0,0.29215,0.75610,2.44949,282.85669,3.21411,371.15186,0.22240,0
2052,459.64519,681.78323,733.50079,12,1,0,0.25755,0.70718,2.23607,258.21164,2.64333,305.24091,0.23405,0
2053,460.07211,329.80343,60.39197,8,0,0,0.16381,0.36712,0.00000,0.00000,0.00000,0.00000,0.15462,0
2054,460.06104,368.68919,179.05771,12,1,0,0.26652,1.00000,6.00000,692.85449,7.59541,877.08551,0.28102,0
2055,459.99559,369.09078,100.08114,12,1,0,0.28648,1.00000,5.38516,621.85596,6.72148,776.16760,0.27085,0
2056,460.11540,407.17336,376.70003,12,1,0,0.26831,1.00000,6.00000,692.85449,7.32510,845.87097,0.25818,0
2057,460.04996,407.57495,297.72346,12,1,0,0.25694,1.00000,6.00000,692.85449,7.76088,896.19336,0.26586,0
2058,459.98451,407.97654,218.74689,12,1,0,0.25970,1.00000,6.00000,692.85449,7.63884,882.10126,0.26989,0
2059,459.91907,408.37813,139.77031,12,1,0,0.26565,1.00000,5.09902,588.81311,7.19002,830.27252,0.26451,0
2060,460.10433,446.05912,495.36577,12,1,0,0.29903,0.99461,4.47214,516.42328,6.07477,701.48883,0.25894,0
2061,460.03888,446.46071,416.38920,12,1,0,0.27816,1.00000,5.00000,577.37878,6.76322,780.98749,0.25875,0
2062,459.97344,446.86230,337.41263,12,1,0,0.26638,1.00000,5.38516,621.85596,7.31617,844.83990,0.25382,0
2063,459.90799,447.26389,258.43606,12,1,0,0.25345,1.00000,6.00000,692.85449,7.92603,915.26483,0.27718,0
2064,460.09325,484.94488,614.03151,12,1,0,0.29513,0.88140,3.00000,346.42725,4.20541,485.62256,0.23744,0
2065,460.02780,485.34647,535.05494,12,1,0,0.29974,0.95640,4.00000,461.90302,5.20474,601.02130,0.25242,0
2066,459.96236,485.74806,456.07837,12,1,0,0.27774,0.99191,4.58258,529.17639,6.92669,799.86469,0.26931,0
2067,459.89691,486.14966,377.10180,12,1,0,0.27378,1.00000,5.09902,588.81311,7.40794,855.43701,0.27008,0
2068,460.08217,523.83064,732.69725,12,1,0,0.26927,0.66310,2.23607,258.21164,2.39123,276.12885,0.22643,0
2069,460.01673,524.23223,653.72068,12,1,0,0.29250,0.81698,3.31662,382.98975,3.67395,424.25189,0.24467,0
2070,459.95128,524.63382,574.74411,12,1,0,0.28843,0.90515,4.00000,461.90302,4.42403,510.86816,0.24390,0
2071,459.88584,525.03542,495.76754,12,1,0,0.30244,0.99465,5.00000,577.37878,6.06852,700.76648,0.26106,0
2072,460.00565,563.11799,772.38642,8,0,0,0.00000,0.00000,0.00000,0.00000,0.00000,0.00000,0.11046,0
2073,459.94020,563.51959,693.40985,12,1,0,0.27163,0.73370,2.44949,282.85669,2.91255,336.32919,0.23450,0
2074,460.35605,250.42554,138.96677,12,1,0,0.25845,1.00000,5.00000,577.37878,7.59785,877.36761,0.27290,0
2075,460.29060,250.82714,59.99020,8,0,0,0.18345,0.40800,0.00000,0.00000,0.00000,0.00000,0.15322,0
2076,460.34497,289.31130,257.63251,12,1,0,0.25377,1.00000,6.00000,692.85449,8.01405,925.42828,0.27680,0
2077,460.27953,289.71290,178.65594,12,1,0,0.25119,1.00000,6.08276,702.41162,8.01354,925.36926,0.28256,0
2078,460.21408,290.11449,99.67937,12,1,0,0.27594,0.99189,4.47214,516.42328,6.74654,779.06140,0.25677,0
2079,460.33389,328.19707,376.29826,12,1,0,0.26248,1.00000,6.00000,692.85449,7.48422,864.24634,0.25926,0
2080,460.26845,328.59866,297.32169,12,1,0,0.24796,1.00000,7.00000,808.33026,7.95957,919.13770,0.27629,0
2081,460.20300,329.00025,218.34511,12,1,0,0.25459,1.00000,6.08276,702.41162,7.92733,915.41479,0.26893,0
2082,460.13756,329.40184,139.36854,12,1,0,0.25926,0.99726,5.09902,588.81311,7.51754,868.09344,0.26272,0
2083,460.32281,367.08283,494.96400,12,1,0,0.28209,0.98391,4.12311,476.11871,6.49149,749.60931,0.26182,0
2084,460.25737,367.48442,415.98743,12,1,0,0.26507,1.00000,5.09902,588.81311,7.19715,831.09613,0.24960,0
2085,460.19193,367.88601,337.01086,12,1,0,0.27548,1.00000,5.47723,632.48676,7.22882,834.75305,0.27040,0
2086,460.12648,368.28760,258.03429,12,1,0,0.25578,1.00000,6.00000,692.85449,8.10195,935.57831,0.27238,0
2087,460.31174,405.96859,613.62974,12,1,0,0.29596,0.90164,3.74166,432.07071,4.46007,515.03040,0.23712,0
2088,460.24629,406.37018,534.65317,12,1,0,0.29426,0.97253,4.58258,529.17639,5.69679,657.84100,0.25286,0
2089,460.18085,406.77177,455.67660,12,1,0,0.26985,0.99189,5.00000,577.37878,7.06345,815.65723,0.26048,0
2090,460.30066,444.85435,732.29548,12,1,0,0.25268,0.63784,2.00000,230.95151,0.00000,0.00000,0.23206,0
2091,460.23522,445.25594,653.31891,12,1,0,0.28585,0.79730,2.82843,326.61475,3.26448,376.96854,0.24173,0
2092,460.16977,445.65753,574.34234,12,1,0,0.29104,0.95380,4.00000,461.90302,5.27878,609.57123,0.26451,0
2093,460.22414,484.14170,771.98465,8,0,0,0.00000,0.00000,0.00000,0.00000,0.00000,0.00000,0.10566,0
2094,460.15869,484.54329,693.00808,12,1,0,0.27892,0.69542,2.00000,230.95151,2.33333,269.44342,0.22234,0
2095,460.57454,171.44925,138.56500,12,1,0,0.25174,1.00000,6.00000,692.85449,7.77886,898.26929,0.27584,0
2096,460.50909,171.85084,59.58843,8,0,0,0.15901,0.34877,0.00000,0.00000,0.00000,0.00000,0.15142,0
2097,460.56346,210.33501,257.23074,12,1,0,0.25086,1.00000,6.08276,702.41162,7.85545,907.11420,0.27776,0
2098,460.49801,210.73660,178.25417,12,1,0,0.24844,1.00000,6.00000,692.85449,7.72465,892.01025,0.26387,0
2099,460.43257,211.13819,99.27760,12,1,0,0.26068,0.98901,5.00000,577.37878,7.31744,844.98706,0.26848,0
2100,460.61783,248.81918,454.87306,12,1,0,0.27204,0.97814,5.00000,577.37878,6.58265,760.13623,0.25971,0
2101,460.55238,249.22077,375.89649,12,1,0,0.25652,1.00000,5.09902,588.81311,7.64809,883.16937,0.27462,0
2102,460.48694,249.62236,296.91991,12,1,0,0.25017,1.00000,6.00000,692.85449,7.90982,913.39221,0.27142,0
2103,460.42149,250.02395,217.94334,12,1,0,0.25485,1.00000,6.00000,692.85449,7.86854,908.62512,0.26778,0
2104,460.60675,287.70494,573.53880,12,1,0,0.27848,0.90659,3.60555,416.35376,4.49648,519.23486,0.25581,0
2105,460.54130,288.10653,494.56223,12,1,0,0.29022,0.99459,4.47214,516.42328,6.34648,732.86499,0.25184,0
2106,460.47586,288.50812,415.58566,12,1,0,0.26182,1.00000,5.38516,621.85596,7.29821,842.76685,0.25485,0
2107,460.41041,288.90971,336.60909,12,1,0,0.25678,1.00000,6.00000,692.85449,7.81932,902.94238,0.27917,0
2108,460.59567,326.59070,692.20454,12,1,0,0.26134,0.66484,2.00000,230.95151,0.00000,0.00000,0.19872,0
2109,460.53023,326.99229,613.22797,12,1,0,0.29211,0.88347,3.00000,346.42725,4.27466,493.61954,0.24832,0
2110,460.46478,327.39388,534.25140,12,1,0,0.29115,0.96438,4.00000,461.90302,5.53207,638.81995,0.24704,0
2111,460.39934,327.79547,455.27483,12,1,0,0.28006,1.00000,5.00000,577.37878,6.74002,778.30865,0.25715,0
2112,460.51915,365.87805,731.89371,12,1,0,0.24160,0.60929,1.41421,163.30737,0.00000,0.00000,0.22234,0
2113,460.45370,366.27964,652.91714,12,1,0,0.27752,0.82192,2.82843,326.61475,3.47321,401.07126,0.24179,0
2114,460.38826,366.68123,573.94057,12,1,0,0.27984,0.92643,3.16228,365.16641,5.29898,611.90350,0.25139,0
2115,460.44263,405.16540,771.58288,8,0,0,0.00000,0.00000,0.00000,0.00000,0.00000,0.00000,0.09709,0
2116,460.37718,405.56700,692.60631,12,1,0,0.27060,0.73278,3.00000,346.42725,2.88179,332.77652,0.22419,0
2117,460.86955,53.18560,98.47406,8,0,0,0.30318,0.87017,4.00000,461.90302,3.98800,460.51706,0.18246,0
2118,460.85847,92.07136,217.13980,12,1,0,0.26126,1.00000,6.00000,692.85449,7.79537,900.17596,0.27386,0
2119,460.79303,92.47295,138.16323,12,1,0,0.25586,1.00000,5.47723,632.48676,7.45561,860.94208,0.26246,0
2120,460.72758,92.87455,59.18666,8,0,0,0.19647,0.44892,1.00000,115.47575,0.00000,0.00000,0.14829,0
2121,460.84739,130.95712,335.80554,12,1,0,0.26516,1.00000,6.00000,692.85449,7.75331,895.31989,0.27206,0
2122,460.78195,131.35872,256.82897,12,1,0,0.25659,1.00000,6.08276,702.41162,7.71481,890.87323,0.27526,0
2123,460.71650,131.76031,177.85240,12,1,0,0.25620,1.00000,6.00000,692.85449,7.95905,919.07703,0.28403,0
2124,460.65106,132.16190,98.87583,12,1,0,0.26901,1.00000,5.00000,577.37878,7.17216,828.21094,0.26234,0
2125,460.83631,169.84288,454.47129,12,1,0,0.28034,1.00000,5.00000,577.37878,6.59426,761.47687,0.26298,0
2126,460.77087,170.24448,375.49471,12,1,0,0.26027,1.00000,6.00000,692.85449,7.39520,853.96667,0.26323,0
2127,460.70543,170.64607,296.51814,12,1,0,0.25051,1.00000,6.00000,692.85449,7.88826,910.90259,0.27219,0
2128,460.63998,171.04766,217.54157,12,1,0,0.24814,1.00000,7.00000,808.33026,8.05989,930.72131,0.27162,0
2129,460.82524,208.72865,573.13703,12,1,0,0.28427,0.90860,3.16228,365.16641,4.68861,541.42053,0.25427,0
2130,460.75979,209.13024,494.16046,12,1,0,0.29280,0.97861,4.12311,476.11871,6.12583,707.38489,0.26246,0
2131,460.69435,209.53183,415.18389,12,1,0,0.27158,1.00000,5.00000,577.37878,6.92703,799.90369,0.27590,0
2132,460.62890,209.93342,336.20731,12,1,0,0.25311,1.00000,6.00000,692.85449,7.99556,923.29279,0.28467,0
2133,460.81416,247.61441,691.80277,12,1,0,0.27891,0.77778,3.00000,346.42725,2.74254,316.69635,0.23014,0
2134,460.74872,248.01600,612.82620,12,1,0,0.28624,0.83069,3.00000,346.42725,3.47733,401.54721,0.24205,0
2135,460.68327,248.41759,533.84963,12,1,0,0.28782,0.95913,4.00000,461.90302,5.51615,636.98212,0.25568,0
2136,460.73764,286.90176,731.49194,12,1,0,0.25328,0.68579,2.00000,230.95151,0.00000,0.00000,0.22611,0
2137,460.67219,287.30335,652.51537,12,1,0,0.25957,0.76374,2.23607,258.21164,2.14375,247.55115,0.24550,0
2138,460.66112,326.18911,771.18111,8,0,0,0.00000,0.00000,0.00000,0.00000,0.00000,0.00000,0.11027,0
2139,461.06588,51.98083,335.40377,8,0,0,0.30917,0.91081,3.16228,365.16641,4.75000,548.50983,0.19430,0
2140,461.00044,52.38242,256.42720,8,0,0,0.28762,0.81843,3.00000,346.42725,3.12273,360.59927,0.18803,0
2141,460.93499,52.78401,177.45063,8,0,0,0.30211,0.90137,3.16228,365.16641,4.45090,513.97144,0.18970,0
2142,461.12025,90.46500,533.04609,12,1,0,0.27208,0.93750,3.16228,365.16641,5.63669,650.90070,0.25990,0
2143,461.05480,90.86659,454.06951,12,1,0,0.28760,1.00000,5.00000,577.37878,6.65562,768.56262,0.24845,0
2144,460.98936,91.26818,375.09294,12,1,0,0.27286,1.00000,5.00000,577.37878,7.27803,840.43640,0.27706,0
2145,460.92391,91.66977,296.11637,12,1,0,0.25900,1.00000,6.00000,692.85449,7.82806,903.95074,0.27674,0
2146,461.10917,129.35076,651.71183,12,1,0,0.27281,0.79019,2.44949,282.85669,2.84828,328.90680,0.23302,0
2147,461.04373,129.75235,572.73526,12,1,0,0.28844,0.88770,3.16228,365.16641,4.31678,498.48355,0.24698,0
2148,460.97828,130.15394,493.75869,12,1,0,0.28951,0.98143,5.00000,577.37878,6.34911,733.16882,0.26310,0
2149,460.91284,130.55553,414.78211,12,1,0,0.26701,1.00000,5.91608,683.16382,7.17345,828.35931,0.26413,0
2150,461.09809,168.23652,770.37757,8,0,0,0.00000,0.00000,0.00000,0.00000,0.00000,0.00000,0.10989,0
2151,461.03265,168.63811,691.40100,12,1,0,0.25172,0.69755,2.00000,230.95151,0.00000,0.00000,0.23680,0
2152,460.96720,169.03970,612.42443,12,1,0,0.28571,0.87871,3.00000,346.42725,4.02032,464.24982,0.25075,0
2153,460.90176,169.44129,533.44786,12,1,0,0.28654,0.94038,4.00000,461.90302,5.29915,611.92303,0.25466,0
2154,460.95613,207.92546,731.09017,12,1,0,0.23604,0.60541,1.00000,115.47575,0.00000,0.00000,0.21069,0
2155,460.89068,208.32705,652.11360,12,1,0,0.27982,0.83871,2.82843,326.61475,3.50939,405.24957,0.23994,0
2156,460.87960,247.21281,770.77934,8,0,0,0.00000,0.00000,0.00000,0.00000,0.00000,0.00000,0.10541,0
2157,461.32766,50.37446,651.31006,8,0,0,0.27443,0.71159,2.23607,258.21164,0.00000,0.00000,0.16525,0
2158,461.26222,50.77606,572.33349,8,0,0,0.30947,0.80109,2.82843,326.61475,3.25730,376.13861,0.18138,0
2159,461.19677,51.17765,493.35691,8,0,0,0.28966,0.79891,3.00000,346.42725,3.11760,360.00708,0.16710,0
2160,461.13133,51.57924,414.38034,8,0,0,0.31096,0.85831,3.16228,365.16641,3.88950,449.14294,0.18534,0
2161,461.31658,89.26023,769.97580,8,0,0,0.00000,0.00000,0.00000,0.00000,0.00000,0.00000,0.10771,0
2162,461.25114,89.66182,690.99923,12,1,0,0.26047,0.76882,1.73205,200.00987,2.24269,258.97617,0.23142,0
2163,461.18569,90.06341,612.02266,12,1,0,0.28571,0.88770,2.44949,282.85669,4.18773,483.58154,0.24979,0
2164,461.17462,128.94917,730.68840,12,1,0,0.25329,0.67204,2.00000,230.95151,0.00000,0.00000,0.19885,0
2165,461.39310,49.97287,730.28663,8,0,0,0.24430,0.61813,1.73205,200.00987,0.00000,0.00000,0.16442,0
2166,498.35907,764.28246,62.56955,5,0,0,0.00000,0.00000,0.00000,0.00000,0.00000,0.00000,0.01062,0
2167,498.57756,685.30617,62.16778,8,0,0,0.13496,0.28767,0.00000,0.00000,0.00000,0.00000,0.14598,0
2168,498.56648,724.19193,180.83352,12,1,0,0.27430,1.00000,5.19615,600.02960,6.92328,799.47095,0.25894,0
2169,498.50104,724.59352,101.85695,12,1,0,0.27347,1.00000,5.00000,577.37878,7.03198,812.02374,0.26003,0
2170,498.62085,762.67610,378.47583,8,0,0,0.00000,0.00000,0.00000,0.00000,0.00000,0.00000,0.01491,0
2171,498.55540,763.07769,299.49926,8,0,0,0.00000,0.00000,0.00000,0.00000,0.00000,0.00000,0.01536,0
2172,498.48996,763.47928,220.52269,8,0,0,0.00000,0.00000,0.00000,0.00000,0.00000,0.00000,0.01901,0
2173,498.42451,763.88087,141.54612,8,0,0,0.00000,0.00000,0.00000,0.00000,0.00000,0.00000,0.01664,0
2174,498.86149,605.92828,140.74258,12,1,0,0.27586,1.00000,5.00000,577.37878,7.18586,829.79224,0.28685,0
2175,498.79605,606.32987,61.76600,8,0,0,0.15112,0.31165,0.00000,0.00000,0.00000,0.00000,0.15213,0
2176,498.85041,644.81404,259.40832,12,1,0,0.26153,1.00000,6.00000,692.85449,7.35884,849.76752,0.27603,0
2177,498.78497,645.21563,180.43175,12,1,0,0.27062,0.96164,4.12311,476.11871,5.85537,676.15289,0.27437,0
2178,498.71952,645.61722,101.45518,12,1,0,0.28958,0.99726,4.58258,529.17639,6.35801,734.19629,0.26259,0
2179,498.83934,683.69980,378.07406,12,1,0,0.27794,1.00000,5.00000,577.37878,6.98181,806.23035,0.26912,0
2180,498.77389,684.10139,299.09749,12,1,0,0.27914,1.00000,5.91608,683.16382,7.11816,821.97485,0.26528,0
2181,498.70845,684.50298,220.12092,12,1,0,0.26483,1.00000,5.38516,621.85596,7.24108,836.16962,0.26707,0
2182,498.64300,684.90458,141.14435,12,1,0,0.00000,0.00000,0.00000,0.00000,0.00000,0.00000,0.00000,0
2183,498.82826,722.58556,496.73980,12,1,0,0.29942,0.99725,5.00000,577.37878,5.82111,672.19720,0.25254,0
2184,498.76281,722.98715,417.76323,12,1,0,0.29344,1.00000,5.09902,588.81311,6.53876,755.06812,0.25830,0
2185,498.69737,723.38874,338.78666,12,1,0,0.27029,1.00000,5.09902,588.81311,7.01777,810.38202,0.26611,0
2186,498.63192,723.79034,259.81009,12,1,0,0.26759,1.00000,6.00000,692.85449,7.26622,839.07245,0.26202,0
2187,498.81718,761.47132,615.40554,8,0,0,0.00000,0.00000,0.00000,0.00000,0.00000,0.00000,0.01370,0
2188,498.75174,761.87291,536.42897,8,0,0,0.00000,0.00000,0.00000,0.00000,0.00000,0.00000,0.01210,0
2189,498.68629,762.27451,457.45240,8,0,0,0.00000,0.00000,0.00000,0.00000,0.00000,0.00000,0.01504,0
2190,499.07998,526.95199,140.34080,12,1,0,0.28331,0.99196,5.00000,577.37878,6.64009,766.76898,0.27008,0
2191,499.01454,527.35358,61.36423,8,0,0,0.12941,0.27198,0.00000,0.00000,0.00000,0.00000,0.14458,0
2192,499.06890,565.83775,259.00655,12,1,0,0.26197,1.00000,6.55744,757.22516,7.65403,883.85431,0.28442,0
2193,499.00346,566.23934,180.02998,12,1,0,0.27212,1.00000,6.00000,692.85449,7.18094,829.22491,0.27430,0
2194,498.93801,566.64093,101.05340,12,1,0,0.29037,0.99185,4.12311,476.11871,6.25752,722.59155,0.28058,0
2195,499.12327,604.32192,456.64886,12,1,0,0.27300,1.00000,5.09902,588.81311,6.98013,806.03552,0.27558,0
2196,499.05783,604.72351,377.67229,12,1,0,0.27491,1.00000,5.09902,588.81311,6.82310,787.90234,0.26637,0
2197,498.99238,605.12510,298.69572,12,1,0,0.26786,1.00000,6.00000,692.85449,7.50000,866.06818,0.27763,0
2198,498.92694,605.52669,219.71915,12,1,0,0.25017,1.00000,6.16441,711.84033,8.03755,928.14270,0.29754,0
2199,499.11219,643.20768,575.31460,12,1,0,0.30285,0.94865,4.00000,461.90302,5.06859,585.29913,0.26054,0
2200,499.04675,643.60927,496.33803,12,1,0,0.28427,0.99727,5.00000,577.37878,6.29985,727.48047,0.26714,0
2201,498.98130,644.01086,417.36146,12,1,0,0.27668,1.00000,5.00000,577.37878,6.75375,779.89423,0.26214,0
2202,498.91586,644.41245,338.38489,12,1,0,0.27483,1.00000,5.09902,588.81311,6.91692,798.73706,0.27718,0
2203,499.10112,682.09344,693.98034,12,1,0,0.30405,0.83019,3.60555,416.35376,3.69797,427.02530,0.24083,0
2204,499.03567,682.49503,615.00377,12,1,0,0.30088,0.92391,3.60555,416.35376,4.69593,542.26575,0.24845,0
2205,498.97023,682.89662,536.02720,12,1,0,0.30968,1.00000,4.47214,516.42328,5.82570,672.72687,0.25882,0
2206,498.90478,683.29821,457.05063,12,1,0,0.31240,0.99202,4.58258,529.17639,5.90420,681.79187,0.24243,0
2207,499.02459,721.38079,733.66951,12,1,0,0.28600,0.77260,3.00000,346.42725,3.50381,404.60455,0.23405,0
2208,498.95915,721.78238,654.69294,12,1,0,0.31222,0.91755,3.74166,432.07071,4.61721,533.17566,0.24717,0
2209,498.89370,722.18397,575.71637,12,1,0,0.30922,0.97027,4.58258,529.17639,5.32682,615.11841,0.25184,0
2210,498.94807,760.66814,773.35868,5,0,0,0.00000,0.00000,0.00000,0.00000,0.00000,0.00000,0.00480,0
2211,498.88263,761.06973,694.38211,8,0,0,0.00000,0.00000,0.00000,0.00000,0.00000,0.00000,0.01274,0
2212,499.37499,408.68834,100.24986,12,1,0,0.28538,0.98904,5.00000,577.37878,6.24100,720.68365,0.26746,0
2213,499.36391,447.57410,218.91560,12,1,0,0.25328,1.00000,6.00000,692.85449,7.82202,903.25360,0.27840,0
2214,499.29847,447.97569,139.93903,12,1,0,0.27041,1.00000,5.00000,577.37878,7.25174,837.40063,0.27898,0
2215,499.23302,448.37728,60.96246,8,0,0,0.15226,0.32153,0.00000,0.00000,0.00000,0.00000,0.14234,0
2216,499.35284,486.45986,337.58135,12,1,0,0.25596,1.00000,6.55744,757.22516,7.71906,891.36462,0.27379,0
2217,499.28739,486.86145,258.60478,12,1,0,0.24932,1.00000,6.08276,702.41162,7.87701,909.60345,0.28685,0
2218,499.22195,487.26304,179.62820,12,1,0,0.26047,1.00000,6.00000,692.85449,7.58185,875.51947,0.27494,0
2219,499.15650,487.66463,100.65163,12,1,0,0.29469,0.98919,4.12311,476.11871,6.05377,699.06372,0.26202,0
2220,499.34176,525.34562,456.24709,12,1,0,0.28286,1.00000,5.09902,588.81311,6.63093,765.71216,0.27693,0
2221,499.27631,525.74721,377.27052,12,1,0,0.26452,1.00000,6.00000,692.85449,7.46020,861.47217,0.28557,0
2222,499.21087,526.14880,298.29395,12,1,0,0.25588,1.00000,6.08276,702.41162,7.91798,914.33435,0.28544,0
2223,499.14543,526.55039,219.31738,12,1,0,0.25759,1.00000,6.00000,692.85449,7.55309,872.19879,0.27283,0
2224,499.33068,564.23138,574.91283,12,1,0,0.30377,0.97844,4.89898,565.71338,5.59376,645.94421,0.25658,0
2225,499.26524,564.63297,495.93626,12,1,0,0.28253,0.99189,4.24264,489.92212,6.43326,742.88599,0.27616,0
2226,499.19979,565.03456,416.95969,12,1,0,0.27447,1.00000,5.47723,632.48676,7.24838,837.01263,0.27584,0
2227,499.13435,565.43616,337.98312,12,1,0,0.26691,1.00000,6.08276,702.41162,7.35757,849.62115,0.26803,0
2228,499.31960,603.11714,693.57857,12,1,0,0.28419,0.80055,3.00000,346.42725,3.50387,404.61206,0.23885,0
2229,499.25416,603.51873,614.60200,12,1,0,0.30009,0.94536,4.12311,476.11871,5.01388,578.98145,0.24557,0
2230,499.18871,603.92032,535.62543,12,1,0,0.28493,1.00000,4.69042,541.62933,6.21377,717.54022,0.26733,0
2231,499.24308,642.40449,733.26774,12,1,0,0.28701,0.77869,2.82843,326.61475,3.32426,383.87112,0.25242,0
2232,499.17764,642.80609,654.29117,12,1,0,0.30667,0.92992,3.74166,432.07071,4.79143,553.29358,0.25978,0
2233,499.16656,681.69185,772.95691,8,0,0,0.00752,0.01072,0.00000,0.00000,0.00000,0.00000,0.11309,0
2234,499.59348,329.71204,99.84809,12,1,0,0.27701,0.98087,4.12311,476.11871,6.45156,744.99829,0.27155,0
2235,499.58240,368.59780,218.51383,12,1,0,0.24675,1.00000,6.08276,702.41162,7.83722,905.00842,0.27494,0
2236,499.51696,368.99940,139.53726,12,1,0,0.26437,1.00000,5.00000,577.37878,7.46114,861.58032,0.26938,0
2237,499.45151,369.40099,60.56069,8,0,0,0.18509,0.41047,1.00000,115.47575,0.00000,0.00000,0.16013,0
2238,499.57133,407.48357,337.17958,12,1,0,0.26492,1.00000,5.19615,600.02960,7.22378,834.17157,0.23827,0
2239,499.50588,407.88516,258.20300,12,1,0,0.24491,1.00000,6.08276,702.41162,8.18495,945.16345,0.28934,0
2240,499.44044,408.28675,179.22643,12,1,0,0.25674,1.00000,6.40312,739.40558,7.51419,867.70642,0.25261,0
2241,499.56025,446.36933,455.84532,12,1,0,0.27293,1.00000,5.00000,577.37878,6.94386,801.84802,0.26918,0
2242,499.49480,446.77092,376.86875,12,1,0,0.25104,1.00000,6.00000,692.85449,7.81096,901.97638,0.28038,0
2243,499.42936,447.17251,297.89218,12,1,0,0.24915,1.00000,6.00000,692.85449,8.18684,945.38123,0.28429,0
2244,499.61462,484.85350,653.48763,12,1,0,0.28437,0.82740,3.00000,346.42725,3.69911,427.15720,0.24442,0
2245,499.54917,485.25509,574.51106,12,1,0,0.29670,0.96961,4.12311,476.11871,5.52451,637.94641,0.25677,0
2246,499.48373,485.65668,495.53449,12,1,0,0.29745,1.00000,5.00000,577.37878,5.94043,685.97614,0.24826,0
2247,499.41828,486.05827,416.55792,12,1,0,0.28964,1.00000,5.09902,588.81311,6.32714,730.63098,0.23898,0
2248,499.60354,523.73926,772.15337,8,0,0,0.00000,0.00000,0.00000,0.00000,0.00000,0.00000,0.10579,0
2249,499.53809,524.14085,693.17680,12,1,0,0.27800,0.75414,2.44949,282.85669,3.05779,353.10068,0.23136,0
2250,499.47265,524.54244,614.20023,12,1,0,0.30000,0.94475,4.00000,461.90302,5.01988,579.67401,0.25498,0
2251,499.40720,524.94403,535.22366,12,1,0,0.29417,0.98082,4.12311,476.11871,5.88058,679.06445,0.24550,0
2252,499.46157,563.42820,732.86597,12,1,0,0.26216,0.67760,2.00000,230.95151,2.21951,256.29907,0.23277,0
2253,499.39613,563.82979,653.88940,12,1,0,0.30009,0.87637,3.31662,382.98975,4.22083,487.40390,0.24698,0
2254,499.38505,602.71555,772.55514,8,0,0,0.00000,0.00000,0.00000,0.00000,0.00000,0.00000,0.10106,0
2255,499.81197,250.73575,99.44632,12,1,0,0.26153,1.00000,5.09902,588.81311,7.38734,853.05920,0.27270,0
2256,499.86634,289.21992,297.08863,12,1,0,0.25789,1.00000,6.00000,692.85449,8.12792,938.57782,0.28326,0
2257,499.80089,289.62151,218.11206,12,1,0,0.24813,1.00000,6.00000,692.85449,8.17304,943.78833,0.29120,0
2258,499.73545,290.02310,139.13549,12,1,0,0.26810,1.00000,6.00000,692.85449,7.46540,862.07263,0.26963,0
2259,499.67000,290.42469,60.15892,8,0,0,0.16885,0.38904,1.00000,115.47575,0.00000,0.00000,0.15802,0
2260,499.85526,328.10568,415.75438,12,1,0,0.27004,1.00000,6.00000,692.85449,7.43325,858.35962,0.26451,0
2261,499.78981,328.50727,336.77780,12,1,0,0.24846,1.00000,7.00000,808.33026,7.98097,921.60852,0.27302,0
2262,499.72437,328.90886,257.80123,12,1,0,0.25407,1.00000,6.08276,702.41162,8.07588,932.56854,0.27021,0
2263,499.65893,329.31045,178.82466,12,1,0,0.25952,1.00000,6.00000,692.85449,7.58081,875.40027,0.27238,0
2264,499.84418,366.99144,534.42012,12,1,0,0.29020,0.99730,4.58258,529.17639,6.33219,731.21411,0.27885,0
2265,499.77874,367.39303,455.44355,12,1,0,0.26804,1.00000,5.09902,588.81311,7.12349,822.59033,0.27411,0
2266,499.71329,367.79462,376.46698,12,1,0,0.24709,1.00000,6.00000,692.85449,8.07290,932.22461,0.28794,0
2267,499.64785,368.19621,297.49040,12,1,0,0.24646,1.00000,7.00000,808.33026,8.23187,950.58160,0.29088,0
2268,499.83310,405.87720,653.08586,12,1,0,0.29379,0.84533,3.00000,346.42725,3.61709,417.68604,0.25050,0
2269,499.76766,406.27879,574.10929,12,1,0,0.29333,0.94624,3.74166,432.07071,5.27073,608.64099,0.25997,0
2270,499.70222,406.68038,495.13272,12,1,0,0.27573,1.00000,5.00000,577.37878,6.86931,793.23859,0.26093,0
2271,499.63677,407.08197,416.15615,12,1,0,0.27159,1.00000,5.09902,588.81311,7.08144,817.73425,0.25555,0
2272,499.82203,444.76296,771.75160,8,0,0,0.00000,0.00000,0.00000,0.00000,0.00000,0.00000,0.10310,0
2273,499.75658,445.16455,692.77503,12,1,0,0.28701,0.76408,2.44949,282.85669,2.69091,310.73477,0.23309,0
2274,499.69114,445.56614,613.79846,12,1,0,0.29072,0.90710,3.74166,432.07071,4.49748,519.35004,0.24992,0
2275,499.62569,445.96773,534.82189,12,1,0,0.28878,0.98108,5.00000,577.37878,6.10415,704.88171,0.27354,0
2276,499.68006,484.45190,732.46420,12,1,0,0.27830,0.73829,2.44949,282.85669,2.65851,306.99307,0.24390,0
2277,500.10698,132.47210,59.35538,8,0,0,0.18291,0.41758,1.00000,115.47575,0.00000,0.00000,0.14739,0
2278,500.09590,171.35786,178.02112,12,1,0,0.25740,1.00000,5.19615,600.02960,8.02365,926.53760,0.28557,0
2279,500.03046,171.75945,99.04455,12,1,0,0.26633,1.00000,6.00000,692.85449,7.46011,861.46167,0.26867,0
2280,500.08483,210.24362,296.68686,12,1,0,0.25255,1.00000,6.08276,702.41162,8.00046,923.85913,0.28250,0
2281,500.01938,210.64522,217.71029,12,1,0,0.24715,1.00000,7.00000,808.33026,8.18021,944.61646,0.27712,0
2282,499.95394,211.04681,138.73372,12,1,0,0.25960,1.00000,5.47723,632.48676,8.00708,924.62329,0.28595,0
2283,499.88849,211.44840,59.75715,8,0,0,0.17497,0.39560,0.00000,0.00000,0.00000,0.00000,0.16096,0
2284,500.07375,249.12938,415.35260,12,1,0,0.27233,1.00000,5.00000,577.37878,7.16471,827.35065,0.26726,0
2285,500.00830,249.53098,336.37603,12,1,0,0.24949,1.00000,6.08276,702.41162,7.91182,913.62335,0.27686,0
2286,499.94286,249.93257,257.39946,12,1,0,0.25102,1.00000,6.00000,692.85449,8.23845,951.34113,0.28077,0
2287,499.87741,250.33416,178.42289,12,1,0,0.25034,1.00000,6.08276,702.41162,7.96617,919.89966,0.28422,0
2288,500.06267,288.01515,534.01835,12,1,0,0.28425,0.97305,4.00000,461.90302,6.13323,708.23956,0.27021,0
2289,499.99723,288.41674,455.04178,12,1,0,0.26957,0.99727,4.58258,529.17639,7.13631,824.07086,0.27629,0
2290,499.93178,288.81833,376.06520,12,1,0,0.26334,1.00000,6.00000,692.85449,8.06146,930.90289,0.29254,0
2291,500.11704,326.49931,731.66066,12,1,0,0.24632,0.63934,2.00000,230.95151,0.00000,0.00000,0.21677,0
2292,500.05159,326.90091,652.68409,12,1,0,0.29390,0.84800,3.16228,365.16641,3.78546,437.12915,0.24166,0
2293,499.98615,327.30250,573.70752,12,1,0,0.29487,0.93243,4.00000,461.90302,4.86189,561.42993,0.25306,0
2294,499.92070,327.70409,494.73095,12,1,0,0.28845,0.97838,4.47214,516.42328,5.90133,681.46094,0.25606,0
2295,500.04052,365.78667,771.34983,8,0,0,0.00000,0.00000,0.00000,0.00000,0.00000,0.00000,0.10854,0
2296,499.97507,366.18826,692.37326,12,1,0,0.27953,0.76550,2.82843,326.61475,2.95320,341.02332,0.23603,0
2297,499.90963,366.58985,613.39669,12,1,0,0.28803,0.91328,3.31662,382.98975,4.87275,562.68427,0.25082,0
2298,499.89855,405.47561,732.06243,12,1,0,0.26824,0.68120,2.00000,230.95151,2.25000,259.82043,0.23149,0
2299,500.32547,53.49581,58.95361,5,0,0,0.19588,0.36438,1.00000,115.47575,0.00000,0.00000,0.09408,0
2300,500.31439,92.38157,177.61935,12,1,0,0.25593,1.00000,6.08276,702.41162,7.74355,894.19183,0.28288,0
2301,500.24895,92.78316,98.64278,12,1,0,0.26093,1.00000,5.09902,588.81311,7.72253,891.76526,0.28122,0
2302,500.36876,130.86574,375.26166,12,1,0,0.26230,1.00000,5.19615,600.02960,7.56597,873.68652,0.27501,0
2303,500.30331,131.26733,296.28509,12,1,0,0.25872,1.00000,6.00000,692.85449,7.77942,898.33392,0.27718,0
2304,500.23787,131.66892,217.30852,12,1,0,0.25432,1.00000,6.00000,692.85449,7.90056,912.32281,0.26880,0
2305,500.17243,132.07051,138.33195,12,1,0,0.25551,1.00000,6.00000,692.85449,7.84632,906.06000,0.27450,0
2306,500.35768,169.75150,493.92740,12,1,0,0.27975,0.96467,3.16228,365.16641,5.91364,682.88232,0.24442,0
2307,500.29224,170.15309,414.95083,12,1,0,0.28027,1.00000,5.00000,577.37878,6.95129,802.70551,0.25600,0
2308,500.22679,170.55468,335.97426,12,1,0,0.25433,1.00000,5.09902,588.81311,7.82223,903.27814,0.27520,0
2309,500.16135,170.95627,256.99769,12,1,0,0.26102,1.00000,6.00000,692.85449,8.09227,934.46088,0.27840,0
2310,500.34660,208.63726,612.59315,12,1,0,0.27057,0.87879,3.16228,365.16641,3.87489,447.45639,0.25075,0
2311,500.28116,209.03885,533.61658,12,1,0,0.27834,0.96739,4.00000,461.90302,6.00552,693.49225,0.25370,0
2312,500.21572,209.44044,454.64000,12,1,0,0.26350,0.99449,5.00000,577.37878,7.28021,840.68762,0.28422,0
2313,500.15027,209.84203,375.66343,12,1,0,0.25542,1.00000,6.00000,692.85449,7.64014,882.25104,0.27680,0
2314,500.33553,247.52302,731.25889,12,1,0,0.23708,0.64110,1.41421,163.30737,0.00000,0.00000,0.22586,0
2315,500.27008,247.92461,652.28232,12,1,0,0.26697,0.78649,2.23607,258.21164,3.01722,348.41586,0.24864,0
2316,500.20464,248.32620,573.30575,12,1,0,0.28654,0.93750,3.74166,432.07071,5.08506,587.20068,0.25651,0
2317,500.13919,248.72779,494.32918,12,1,0,0.27907,0.97826,4.12311,476.11871,6.30689,728.29279,0.25728,0
2318,500.25900,286.81037,770.94806,8,0,0,0.00000,0.00000,0.00000,0.00000,0.00000,0.00000,0.10208,0
2319,500.19356,287.21196,691.97149,12,1,0,0.27869,0.76862,2.00000,230.95151,2.42716,280.27838,0.23238,0
2320,500.12812,287.61355,612.99492,12,1,0,0.28508,0.86757,3.00000,346.42725,3.92353,453.07220,0.23706,0
2321,500.58725,51.88944,374.85989,8,0,0,0.31003,0.92329,3.74166,432.07071,4.69626,542.30389,0.18765,0
2322,500.52180,52.29103,295.88332,8,0,0,0.29364,0.79508,3.00000,346.42725,3.34227,385.95093,0.18342,0
2323,500.45636,52.69263,216.90675,8,0,0,0.31764,0.94247,4.00000,461.90302,4.98197,575.29681,0.18931,0
2324,500.39091,53.09422,137.93018,8,0,0,0.29191,0.80217,3.00000,346.42725,3.34050,385.74677,0.18214,0
2325,500.57617,90.77520,493.52563,12,1,0,0.29560,1.00000,5.00000,577.37878,6.17947,713.57898,0.23635,0
2326,500.51073,91.17679,414.54906,12,1,0,0.26824,1.00000,5.00000,577.37878,7.09480,819.27710,0.25069,0
2327,500.44528,91.57839,335.57249,12,1,0,0.25086,1.00000,6.00000,692.85449,7.86955,908.74200,0.27494,0
2328,500.37984,91.97998,256.59592,12,1,0,0.24983,1.00000,6.00000,692.85449,8.01028,924.99365,0.26989,0
2329,500.56509,129.66096,612.19138,12,1,0,0.28708,0.90685,3.16228,365.16641,4.52364,522.37091,0.22483,0
2330,500.49965,130.06256,533.21480,12,1,0,0.28455,0.95604,4.00000,461.90302,5.77404,666.76221,0.26214,0
2331,500.43420,130.46415,454.23823,12,1,0,0.26796,0.98623,4.12311,476.11871,6.87053,793.37988,0.26771,0
2332,500.55402,168.54673,730.85712,12,1,0,0.25238,0.72207,1.73205,200.00987,0.00000,0.00000,0.24058,0
2333,500.48857,168.94832,651.88055,12,1,0,0.27778,0.87193,2.23607,258.21164,3.52683,407.26328,0.25786,0
2334,500.42313,169.34991,572.90398,12,1,0,0.27011,0.87397,3.00000,346.42725,4.20696,485.80212,0.24582,0
2335,500.47749,207.83408,770.54629,8,0,0,0.00000,0.00000,0.00000,0.00000,0.00000,0.00000,0.09926,0
2336,500.41205,208.23567,691.56972,12,1,0,0.24635,0.74380,2.23607,258.21164,0.00000,0.00000,0.23123,0
2337,500.84903,50.28308,690.76618,8,0,0,0.24686,0.63271,1.41421,163.30737,0.00000,0.00000,0.15891,0
2338,500.78358,50.68467,611.78960,8,0,0,0.27905,0.72703,2.23607,258.21164,2.23864,258.50821,0.17165,0
2339,500.71814,51.08626,532.81303,8,0,0,0.28629,0.75733,2.23607,258.21164,2.46250,284.35907,0.16896,0
2340,500.65269,51.48785,453.83646,8,0,0,0.29612,0.83106,2.82843,326.61475,3.60831,416.67282,0.18195,0
2341,500.77251,89.57043,730.45535,12,1,0,0.23899,0.59945,2.00000,230.95151,0.00000,0.00000,0.20531,0
2342,500.70706,89.97202,651.47878,12,1,0,0.28122,0.87978,3.16228,365.16641,3.96103,457.40329,0.25472,0
2343,500.64162,90.37361,572.50220,12,1,0,0.27110,0.90761,3.16228,365.16641,4.66165,538.30743,0.25357,0
2344,500.69598,128.85778,770.14452,8,0,0,0.00000,0.00000,0.00000,0.00000,0.00000,0.00000,0.10522,0
2345,500.63054,129.25937,691.16795,12,1,0,0.26460,0.76567,2.00000,230.95151,2.34333,270.59818,0.23462,0
2346,500.91447,49.88149,769.74275,5,0,0,0.00409,0.00532,0.00000,0.00000,0.00000,0.00000,0.06995,0
2347,538.09892,685.21478,101.62389,12,1,0,0.29723,1.00000,5.00000,577.37878,6.13002,707.86816,0.24282,0
2348,538.08785,724.10054,220.28964,12,1,0,0.27721,1.00000,6.00000,692.85449,7.15436,826.15503,0.26637,0
2349,538.02240,724.50213,141.31307,12,1,0,0.27761,1.00000,5.09902,588.81311,6.73004,777.15613,0.23910,0
2350,537.95696,724.90372,62.33649,8,0,0,0.18469,0.40642,1.00000,115.47575,0.00000,0.00000,0.14944,0
2351,538.07677,762.98630,338.95538,8,0,0,0.00000,0.00000,0.00000,0.00000,0.00000,0.00000,0.01466,0
2352,538.01133,763.38789,259.97881,8,0,0,0.00000,0.00000,0.00000,0.00000,0.00000,0.00000,0.01619,0
2353,537.94588,763.78948,181.00224,8,0,0,0.00000,0.00000,0.00000,0.00000,0.00000,0.00000,0.01594,0
2354,537.88044,764.19108,102.02567,8,0,0,0.00000,0.00000,0.00000,0.00000,0.00000,0.00000,0.01766,0
2355,538.31741,606.23849,101.22212,12,1,0,0.29299,0.99459,5.09902,588.81311,6.25778,722.62207,0.26957,0
2356,538.37178,644.72265,298.86444,12,1,0,0.25900,1.00000,6.08276,702.41162,7.54559,871.33246,0.27507,0
2357,538.30634,645.12425,219.88787,12,1,0,0.25623,1.00000,6.08276,702.41162,7.85850,907.46613,0.29178,0
2358,538.24089,645.52584,140.91129,12,1,0,0.28559,0.92329,4.12311,476.11871,5.07374,585.89417,0.24614,0
2359,538.17545,645.92743,61.93472,8,0,0,0.15933,0.32888,0.00000,0.00000,0.00000,0.00000,0.15002,0
2360,538.36070,683.60842,417.53018,12,1,0,0.28571,1.00000,5.00000,577.37878,6.59878,761.99878,0.25120,0
2361,538.29526,684.01001,338.55361,12,1,0,0.26377,1.00000,6.08276,702.41162,7.28163,840.85168,0.26432,0
2362,538.22981,684.41160,259.57704,12,1,0,0.27049,1.00000,5.83095,673.33356,6.96569,804.36835,0.26400,0
2363,538.16437,684.81319,180.60047,12,1,0,0.27516,0.92623,3.60555,416.35376,5.04008,582.00702,0.23827,0
2364,538.34963,722.49418,536.19592,12,1,0,0.29378,0.98356,4.89898,565.71338,5.73229,661.94043,0.25600,0
2365,538.28418,722.89577,457.21935,12,1,0,0.29500,1.00000,5.00000,577.37878,6.29379,726.78058,0.25581,0
2366,538.21874,723.29736,378.24278,12,1,0,0.27415,1.00000,6.08276,702.41162,7.00956,809.43445,0.26266,0
2367,538.15329,723.69895,299.26621,12,1,0,0.26504,1.00000,5.83095,673.33356,7.38524,852.81647,0.26323,0
2368,538.33855,761.37994,654.86166,8,0,0,0.00000,0.00000,0.00000,0.00000,0.00000,0.00000,0.01478,0
2369,538.27310,761.78153,575.88509,8,0,0,0.00000,0.00000,0.00000,0.00000,0.00000,0.00000,0.01126,0
2370,538.20766,762.18312,496.90852,8,0,0,0.00000,0.00000,0.00000,0.00000,0.00000,0.00000,0.01190,0
2371,538.14221,762.58471,417.93195,8,0,0,0.00000,0.00000,0.00000,0.00000,0.00000,0.00000,0.01024,0
2372,538.61243,487.97484,61.13118,8,0,0,0.15345,0.32258,0.00000,0.00000,0.00000,0.00000,0.14272,0
2373,538.60135,526.86060,179.79692,12,1,0,0.26109,1.00000,6.00000,692.85449,7.44432,859.63794,0.27782,0
2374,538.53590,527.26219,100.82035,12,1,0,0.29893,1.00000,4.89898,565.71338,5.84006,674.38507,0.26458,0
2375,538.59027,565.74636,298.46267,12,1,0,0.25279,1.00000,7.00000,808.33026,7.66699,885.35168,0.27341,0
2376,538.52483,566.14795,219.48609,12,1,0,0.25714,1.00000,6.00000,692.85449,7.63945,882.17096,0.27661,0
2377,538.45938,566.54954,140.50952,12,1,0,0.27821,1.00000,5.09902,588.81311,6.67481,770.77814,0.23910,0
2378,538.39394,566.95113,61.53295,8,0,0,0.14467,0.30978,0.00000,0.00000,0.00000,0.00000,0.14810,0
2379,538.57919,604.63212,417.12841,12,1,0,0.27636,1.00000,5.38516,621.85596,6.91681,798.72394,0.25626,0
2380,538.51375,605.03371,338.15184,12,1,0,0.26152,1.00000,6.00000,692.85449,7.52039,868.42261,0.27418,0
2381,538.44830,605.43530,259.17527,12,1,0,0.25423,1.00000,6.00000,692.85449,7.60409,878.08826,0.27885,0
2382,538.38286,605.83689,180.19869,12,1,0,0.26155,1.00000,6.00000,692.85449,7.43485,858.54462,0.27488,0
2383,538.56812,643.51788,535.79415,12,1,0,0.29562,0.98895,4.12311,476.11871,5.68252,656.19281,0.25421,0
2384,538.50267,643.91947,456.81758,12,1,0,0.27091,1.00000,6.00000,692.85449,7.00112,808.45953,0.27270,0
2385,538.43723,644.32106,377.84101,12,1,0,0.26449,1.00000,5.83095,673.33356,7.23921,835.95380,0.27424,0
2386,538.62248,682.00205,733.43646,12,1,0,0.26289,0.70652,2.23607,258.21164,2.59016,299.10114,0.24154,0
2387,538.55704,682.40364,654.45989,12,1,0,0.29194,0.84848,3.31662,382.98975,3.93869,454.82275,0.25120,0
2388,538.49159,682.80523,575.48332,12,1,0,0.29485,0.91967,3.74166,432.07071,4.62542,534.12433,0.24250,0
2389,538.42615,683.20682,496.50675,12,1,0,0.28696,0.99724,4.89898,565.71338,6.20180,716.15765,0.25318,0
2390,538.54596,721.28940,773.12563,8,0,0,0.01553,0.02198,0.00000,0.00000,0.00000,0.00000,0.11814,0
2391,538.48052,721.69099,694.14906,12,1,0,0.30332,0.87912,3.16228,365.16641,4.15040,479.27097,0.24026,0
2392,538.41507,722.09259,615.17249,12,1,0,0.30182,0.95342,4.00000,461.90302,5.08761,587.49591,0.24864,0
2393,538.40399,760.97835,733.83823,8,0,0,0.00000,0.00000,0.00000,0.00000,0.00000,0.00000,0.01107,0
2394,538.83091,408.99854,60.72941,8,0,0,0.15287,0.31830,0.00000,0.00000,0.00000,0.00000,0.14592,0
2395,538.81984,447.88430,179.39515,12,1,0,0.25331,1.00000,6.00000,692.85449,7.74490,894.34827,0.27795,0
2396,538.75439,448.28590,100.41858,12,1,0,0.29107,0.99727,5.00000,577.37878,6.12605,707.41016,0.27059,0
2397,538.87420,486.36847,377.03747,12,1,0,0.26990,1.00000,5.47723,632.48676,7.37520,851.65631,0.27213,0
2398,538.80876,486.77007,298.06089,12,1,0,0.25578,1.00000,6.08276,702.41162,8.03536,927.88916,0.27680,0
2399,538.74331,487.17166,219.08432,12,1,0,0.26610,1.00000,6.00000,692.85449,7.53948,870.62695,0.26758,0
2400,538.67787,487.57325,140.10775,12,1,0,0.27560,1.00000,5.09902,588.81311,6.86419,792.64728,0.23110,0
2401,538.86313,525.25423,495.70321,12,1,0,0.29286,0.99730,5.00000,577.37878,6.28818,726.13190,0.25830,0
2402,538.79768,525.65583,416.72664,12,1,0,0.26979,1.00000,6.00000,692.85449,7.20885,832.44727,0.27232,0
2403,538.73224,526.05742,337.75007,12,1,0,0.26026,1.00000,6.16441,711.84033,7.72780,892.37341,0.27693,0
2404,538.66679,526.45901,258.77349,12,1,0,0.25418,1.00000,6.00000,692.85449,7.71672,891.09381,0.28755,0
2405,538.85205,564.14000,614.36895,12,1,0,0.29197,0.87671,3.16228,365.16641,4.17947,482.62708,0.24550,0
2406,538.78660,564.54159,535.39238,12,1,0,0.29260,1.00000,5.00000,577.37878,6.06483,700.34033,0.27488,0
2407,538.72116,564.94318,456.41581,12,1,0,0.27428,1.00000,5.38516,621.85596,6.97058,804.93243,0.28557,0
2408,538.65571,565.34477,377.43924,12,1,0,0.26396,1.00000,6.00000,692.85449,7.26892,839.38361,0.28358,0
2409,538.84097,603.02576,733.03469,12,1,0,0.27371,0.68097,2.00000,230.95151,2.33192,269.28058,0.22560,0
2410,538.77553,603.42735,654.05812,12,1,0,0.27207,0.81694,2.44949,282.85669,3.29081,380.00897,0.24870,0
2411,538.71008,603.82894,575.08155,12,1,0,0.30835,0.96791,4.00000,461.90302,5.42149,626.05115,0.26189,0
2412,538.64464,604.23053,496.10498,12,1,0,0.28527,1.00000,4.89898,565.71338,6.58031,759.86578,0.27942,0
2413,538.76445,642.31311,772.72386,8,0,0,0.00000,0.00000,0.00000,0.00000,0.00000,0.00000,0.10816,0
2414,538.69900,642.71470,693.74729,12,1,0,0.29903,0.83243,3.31662,382.98975,3.67101,423.91217,0.24006,0
2415,538.63356,643.11629,614.77072,12,1,0,0.31785,0.95095,4.12311,476.11871,4.91330,567.36670,0.25408,0
2416,539.11485,329.62066,139.30421,12,1,0,0.26214,1.00000,5.19615,600.02960,7.47915,863.66052,0.27597,0
2417,539.04940,330.02225,60.32764,8,0,0,0.16253,0.35598,0.00000,0.00000,0.00000,0.00000,0.14093,0
2418,539.10377,368.50642,257.96995,12,1,0,0.25085,1.00000,6.00000,692.85449,8.11797,937.42920,0.26989,0
2419,539.03833,368.90801,178.99338,12,1,0,0.25762,1.00000,6.00000,692.85449,7.91911,914.46533,0.28051,0
2420,538.97288,369.30960,100.01681,12,1,0,0.27560,0.97814,4.12311,476.11871,6.53494,754.62701,0.26899,0
2421,539.09269,407.39218,376.63569,12,1,0,0.25414,1.00000,6.00000,692.85449,7.85308,906.83978,0.28525,0
2422,539.02725,407.79377,297.65912,12,1,0,0.27226,0.98922,4.35890,503.34717,6.87008,793.32794,0.24371,0
2423,538.96180,408.19536,218.68255,12,1,0,0.26194,1.00000,6.08276,702.41162,7.46101,861.56543,0.25491,0
2424,538.89636,408.59695,139.70598,12,1,0,0.26255,1.00000,5.09902,588.81311,7.36838,850.86932,0.26963,0
2425,539.08162,446.27794,495.30144,12,1,0,0.28149,1.00000,5.00000,577.37878,6.72833,776.95874,0.26522,0
2426,539.01617,446.67953,416.32487,12,1,0,0.26503,1.00000,6.00000,692.85449,7.30098,843.08588,0.25491,0
2427,538.95073,447.08112,337.34829,12,1,0,0.26175,1.00000,6.00000,692.85449,7.67237,885.97253,0.26464,0
2428,538.88528,447.48271,258.37172,12,1,0,0.25052,1.00000,6.00000,692.85449,7.95777,918.92914,0.28307,0
2429,539.07054,485.16370,613.96718,12,1,0,0.32358,0.94400,4.24264,489.92212,5.01337,578.92285,0.23789,0
2430,539.00509,485.56529,534.99061,12,1,0,0.31740,0.95135,4.00000,461.90302,5.03040,580.88977,0.23443,0
2431,538.93965,485.96688,456.01404,12,1,0,0.27732,1.00000,5.00000,577.37878,7.12236,822.45984,0.26662,0
2432,539.05946,524.04946,732.63292,12,1,0,0.26139,0.65847,2.23607,258.21164,2.37342,274.07217,0.22605,0
2433,538.99402,524.45105,653.65635,12,1,0,0.28610,0.86538,3.31662,382.98975,3.88175,448.24768,0.24941,0
2434,538.92857,524.85264,574.67978,12,1,0,0.30075,0.97581,4.24264,489.92212,5.55315,641.25439,0.26432,0
2435,538.98294,563.33681,772.32209,8,0,0,0.00414,0.00546,0.00000,0.00000,0.00000,0.00000,0.10970,0
2436,538.91749,563.73840,693.34552,12,1,0,0.28912,0.75815,3.00000,346.42725,3.17160,366.24292,0.22874,0
2437,539.33334,250.64436,138.90244,12,1,0,0.25843,1.00000,5.00000,577.37878,7.64659,882.99536,0.27539,0
2438,539.26789,251.04595,59.92587,8,0,0,0.17544,0.37634,0.00000,0.00000,0.00000,0.00000,0.14336,0
2439,539.32226,289.53012,257.56818,12,1,0,0.24394,1.00000,6.00000,692.85449,8.23211,950.60968,0.28026,0
2440,539.25681,289.93171,178.59161,12,1,0,0.25327,1.00000,6.00000,692.85449,7.99674,923.42969,0.28141,0
2441,539.19137,290.33331,99.61504,12,1,0,0.27205,1.00000,5.09902,588.81311,6.97765,805.74939,0.26752,0
2442,539.31118,328.41588,376.23392,12,1,0,0.25542,1.00000,5.19615,600.02960,7.81887,902.89026,0.27648,0
2443,539.24574,328.81748,297.25735,12,1,0,0.25253,1.00000,7.00000,808.33026,8.15332,941.51025,0.27853,0
2444,539.18029,329.21907,218.28078,12,1,0,0.25637,1.00000,6.00000,692.85449,7.82482,903.57733,0.26598,0
2445,539.36555,366.90005,573.87624,12,1,0,0.28629,0.95148,4.00000,461.90302,5.58421,644.84088,0.25696,0
2446,539.30010,367.30165,494.89967,12,1,0,0.27140,0.97778,5.00000,577.37878,6.36859,735.41803,0.24448,0
2447,539.23466,367.70324,415.92309,12,1,0,0.26364,1.00000,6.00000,692.85449,7.56898,874.03369,0.26752,0
2448,539.16921,368.10483,336.94652,12,1,0,0.26364,1.00000,6.00000,692.85449,7.77036,897.28809,0.26381,0
2449,539.35447,405.78581,692.54198,12,1,0,0.25197,0.70523,2.00000,230.95151,0.00000,0.00000,0.21920,0
2450,539.28903,406.18741,613.56541,12,1,0,0.29297,0.90385,3.31662,382.98975,4.43657,512.31604,0.23469,0
2451,539.22358,406.58900,534.58884,12,1,0,0.27457,0.96970,4.12311,476.11871,6.16834,712.29370,0.25741,0
2452,539.15814,406.99059,455.61227,12,1,0,0.27193,1.00000,5.74456,663.35773,7.25000,837.19922,0.26125,0
2453,539.27795,445.07317,732.23115,12,1,0,0.27830,0.71658,2.23607,258.21164,2.60845,301.21280,0.23443,0
2454,539.21250,445.47476,653.25458,12,1,0,0.28103,0.87328,3.00000,346.42725,4.00437,462.40762,0.25664,0
2455,539.14706,445.87635,574.27801,12,1,0,0.29691,0.95187,4.00000,461.90302,5.32381,614.77075,0.25498,0
2456,539.20143,484.36052,771.92032,8,0,0,0.00000,0.00000,0.00000,0.00000,0.00000,0.00000,0.10618,0
2457,539.13598,484.76211,692.94375,12,1,0,0.28282,0.77926,3.00000,346.42725,2.68860,310.46771,0.23046,0
2458,539.61727,171.26648,217.47724,12,1,0,0.25155,1.00000,6.00000,692.85449,7.85950,907.58124,0.27322,0
2459,539.55183,171.66807,138.50067,12,1,0,0.25439,1.00000,6.00000,692.85449,7.71370,890.74487,0.26944,0
2460,539.48638,172.06966,59.52410,8,0,0,0.21014,0.47027,1.00000,115.47575,0.00000,0.00000,0.15552,0
2461,539.60619,210.15224,336.14298,12,1,0,0.28606,0.96448,3.60555,416.35376,5.72093,660.62872,0.22426,0
2462,539.54075,210.55383,257.16641,12,1,0,0.24729,1.00000,6.00000,692.85449,8.02348,926.51733,0.27904,0
2463,539.47530,210.95542,178.18984,12,1,0,0.25293,1.00000,6.00000,692.85449,8.02432,926.61414,0.27661,0
2464,539.40986,211.35701,99.21327,12,1,0,0.25980,0.98623,5.00000,577.37878,7.25780,838.09961,0.27674,0
2465,539.59512,249.03800,454.80872,12,1,0,0.26554,0.98108,5.00000,577.37878,7.04659,813.71045,0.26592,0
2466,539.52967,249.43959,375.83215,12,1,0,0.26735,1.00000,5.00000,577.37878,7.14806,825.42792,0.25030,0
2467,539.46423,249.84118,296.85558,12,1,0,0.24462,1.00000,6.00000,692.85449,8.31586,960.28009,0.28045,0
2468,539.39878,250.24277,217.87901,12,1,0,0.24796,1.00000,6.00000,692.85449,8.19031,945.78174,0.28320,0
2469,539.58404,287.92376,573.47447,12,1,0,0.28476,0.92391,4.00000,461.90302,4.81233,555.70782,0.25926,0
2470,539.51859,288.32535,494.49789,12,1,0,0.27487,1.00000,5.00000,577.37878,6.76706,781.43091,0.26330,0
2471,539.45315,288.72694,415.52132,12,1,0,0.26078,1.00000,5.00000,577.37878,7.55449,872.35986,0.25978,0
2472,539.38770,289.12853,336.54475,12,1,0,0.25207,1.00000,6.00000,692.85449,7.80570,901.36926,0.26790,0
2473,539.57296,326.80952,692.14021,12,1,0,0.26091,0.72055,2.00000,230.95151,2.32784,268.80884,0.23091,0
2474,539.50752,327.21111,613.16364,12,1,0,0.27913,0.85833,2.44949,282.85669,3.75741,433.88968,0.24915,0
2475,539.44207,327.61270,534.18707,12,1,0,0.27484,0.96458,4.00000,461.90302,6.21339,717.49609,0.26624,0
2476,539.37663,328.01429,455.21049,12,1,0,0.27186,1.00000,5.00000,577.37878,7.11033,821.07092,0.26381,0
2477,539.49644,366.09687,731.82938,12,1,0,0.28285,0.77473,3.00000,346.42725,3.05465,352.73816,0.23872,0
2478,539.43099,366.49846,652.85281,12,1,0,0.27511,0.82385,2.44949,282.85669,3.63021,419.20071,0.24736,0
2479,539.41992,405.38422,771.51855,8,0,0,0.00000,0.00000,0.00000,0.00000,0.00000,0.00000,0.10138,0
2480,539.84684,53.40442,98.40973,8,0,0,0.30843,0.87978,3.74166,432.07071,4.30840,497.51627,0.18752,0
2481,539.83576,92.29018,217.07547,12,1,0,0.26261,1.00000,6.00000,692.85449,7.60358,878.02930,0.26515,0
2482,539.77031,92.69177,138.09890,12,1,0,0.26056,1.00000,6.00000,692.85449,7.60810,878.55078,0.26195,0
2483,539.70487,93.09336,59.12233,8,0,0,0.20949,0.48396,1.41421,163.30737,0.00000,0.00000,0.15898,0
2484,539.82468,131.17594,335.74121,12,1,0,0.26709,1.00000,6.08276,702.41162,7.41593,856.35956,0.25357,0
2485,539.75924,131.57753,256.76464,12,1,0,0.25086,1.00000,6.00000,692.85449,7.91216,913.66315,0.27667,0
2486,539.69379,131.97913,177.78807,12,1,0,0.25979,1.00000,6.00000,692.85449,7.76602,896.78705,0.27341,0
2487,539.62835,132.38072,98.81150,12,1,0,0.26710,1.00000,5.00000,577.37878,7.30964,844.08655,0.26714,0
2488,539.81360,170.06170,454.40695,12,1,0,0.26863,0.99183,4.12311,476.11871,7.00800,809.25378,0.26816,0
2489,539.74816,170.46329,375.43038,12,1,0,0.25508,1.00000,6.00000,692.85449,7.62929,880.99860,0.27136,0
2490,539.68272,170.86489,296.45381,12,1,0,0.24898,1.00000,6.00000,692.85449,8.02562,926.76459,0.26957,0
2491,539.86797,208.54587,652.04927,12,1,0,0.26075,0.79076,2.23607,258.21164,3.01471,348.12543,0.23987,0
2492,539.80253,208.94746,573.07269,12,1,0,0.28030,0.90909,3.00000,346.42725,4.67749,540.13617,0.25811,0
2493,539.73708,209.34906,494.09612,12,1,0,0.26839,0.96458,4.00000,461.90302,6.50504,751.17401,0.26611,0
2494,539.67164,209.75065,415.11955,12,1,0,0.26494,1.00000,5.00000,577.37878,7.39478,853.91742,0.26086,0
2495,539.85689,247.43163,770.71501,8,0,0,0.00000,0.00000,0.00000,0.00000,0.00000,0.00000,0.10426,0
2496,539.79145,247.83323,691.73844,12,1,0,0.23875,0.65416,2.00000,230.95151,0.00000,0.00000,0.21760,0
2497,539.72600,248.23482,612.76187,12,1,0,0.29577,0.84906,3.00000,346.42725,3.34247,385.97372,0.22016,0
2498,539.66056,248.63641,533.78529,12,1,0,0.28560,0.95616,4.00000,461.90302,5.61609,648.52167,0.25510,0
2499,539.71493,287.12058,731.42761,12,1,0,0.24698,0.67123,2.00000,230.95151,0.00000,0.00000,0.23411,0
2500,539.64948,287.52217,652.45104,12,1,0,0.25583,0.78082,2.23607,258.21164,2.22500,256.93353,0.24480,0
2501,539.63841,326.40793,771.11678,8,0,0,0.00000,0.00000,0.00000,0.00000,0.00000,0.00000,0.10534,0
2502,540.10862,51.79806,414.31601,8,0,0,0.30727,0.90270,3.60555,416.35376,4.59988,531.17462,0.19085,0
2503,540.04317,52.19965,335.33944,8,0,0,0.30178,0.82703,3.60555,416.35376,3.63500,419.75436,0.18816,0
2504,539.97773,52.60124,256.36287,8,0,0,0.30987,0.92120,3.74166,432.07071,4.68066,540.50305,0.19456,0
2505,539.91228,53.00283,177.38630,8,0,0,0.31563,0.86757,3.00000,346.42725,4.02809,465.14651,0.18733,0
2506,540.09754,90.68382,532.98175,12,1,0,0.30449,0.97861,4.00000,461.90302,5.84356,674.78949,0.24544,0
2507,540.03209,91.08541,454.00518,12,1,0,0.27158,0.97855,4.00000,461.90302,7.06306,815.61273,0.26592,0
2508,539.96665,91.48700,375.02861,12,1,0,0.26025,1.00000,5.00000,577.37878,7.50361,866.48468,0.26950,0
2509,539.90120,91.88859,296.05204,12,1,0,0.25921,1.00000,6.00000,692.85449,7.99102,922.76874,0.28128,0
2510,540.08646,129.56958,651.64749,12,1,0,0.27210,0.75477,2.44949,282.85669,2.54412,293.78391,0.20480,0
2511,540.02102,129.97117,572.67092,12,1,0,0.27581,0.91507,3.74166,432.07071,4.71596,544.57928,0.24979,0
2512,539.95557,130.37276,493.69435,12,1,0,0.28832,0.98641,5.00000,577.37878,6.22858,719.24976,0.24627,0
2513,539.89013,130.77435,414.71778,12,1,0,0.27353,1.00000,6.00000,692.85449,7.12643,822.93024,0.25562,0
2514,540.07538,168.45534,770.31324,8,0,0,0.00000,0.00000,0.00000,0.00000,0.00000,0.00000,0.10394,0
2515,540.00994,168.85693,691.33667,12,1,0,0.26465,0.75269,2.00000,230.95151,0.00000,0.00000,0.23942,0
2516,539.94449,169.25852,612.36009,12,1,0,0.28267,0.86179,3.00000,346.42725,3.80038,438.85159,0.22765,0
2517,539.87905,169.66011,533.38352,12,1,0,0.27534,0.94262,4.00000,461.90302,5.44024,628.21558,0.25382,0
2518,539.93342,208.14428,731.02584,12,1,0,0.23406,0.63172,1.00000,115.47575,0.00000,0.00000,0.23117,0
2519,540.37039,50.19169,730.22229,8,0,0,0.23536,0.57568,1.41421,163.30737,0.00000,0.00000,0.15814,0
2520,540.30495,50.59328,651.24572,8,0,0,0.26322,0.65479,1.73205,200.00987,0.00000,0.00000,0.16915,0
2521,540.23951,50.99487,572.26915,8,0,0,0.27996,0.73158,2.00000,230.95151,2.20735,254.89574,0.17466,0
2522,540.17406,51.39647,493.29258,8,0,0,0.29899,0.80874,2.82843,326.61475,3.31853,383.20950,0.17101,0
2523,540.29387,89.47904,769.91147,8,0,0,0.00000,0.00000,0.00000,0.00000,0.00000,0.00000,0.11014,0
2524,540.22843,89.88064,690.93489,12,1,0,0.25833,0.76738,2.23607,258.21164,2.22373,256.78677,0.22413,0
2525,540.16298,90.28223,611.95832,12,1,0,0.27624,0.87733,2.23607,258.21164,4.02337,464.60156,0.24922,0
2526,540.15191,129.16799,730.62407,12,1,0,0.22188,0.60000,1.00000,115.47575,0.00000,0.00000,0.21645,0
2527,577.33636,764.50128,62.50521,5,0,0,0.00000,0.00000,0.00000,0.00000,0.00000,0.00000,0.00915,0
2528,577.62029,685.12339,141.08001,12,1,0,0.27769,1.00000,4.89898,565.71338,6.91928,799.00867,0.25734,0
2529,577.55485,685.52499,62.10344,8,0,0,0.16995,0.37398,0.00000,0.00000,0.00000,0.00000,0.15034,0
2530,577.60921,724.00915,259.74576,12,1,0,0.26594,1.00000,5.83095,673.33356,7.21651,833.33148,0.26266,0
2531,577.54377,724.41075,180.76918,12,1,0,0.26501,1.00000,6.00000,692.85449,7.20353,831.83337,0.27923,0
2532,577.47833,724.81234,101.79261,12,1,0,0.26875,1.00000,5.00000,577.37878,6.98882,807.03918,0.27206,0
2533,577.59814,762.89492,378.41150,8,0,0,0.00000,0.00000,0.00000,0.00000,0.00000,0.00000,0.01530,0
2534,577.53269,763.29651,299.43493,8,0,0,0.00000,0.00000,0.00000,0.00000,0.00000,0.00000,0.01875,0
2535,577.46725,763.69810,220.45836,8,0,0,0.00000,0.00000,0.00000,0.00000,0.00000,0.00000,0.01408,0
2536,577.40180,764.09969,141.48178,8,0,0,0.00000,0.00000,0.00000,0.00000,0.00000,0.00000,0.01677,0
2537,577.83878,606.14710,140.67824,12,1,0,0.27581,1.00000,5.47723,632.48676,6.89828,796.58447,0.26688,0
2538,577.77334,606.54869,61.70167,8,0,0,0.15364,0.31956,0.00000,0.00000,0.00000,0.00000,0.13741,0
2539,577.82770,645.03286,259.34398,12,1,0,0.25851,1.00000,6.08276,702.41162,7.67504,886.28070,0.27475,0
2540,577.76226,645.43445,180.36741,12,1,0,0.26099,1.00000,6.08276,702.41162,7.35698,849.55249,0.27411,0
2541,577.69681,645.83604,101.39084,12,1,0,0.28922,0.99455,5.00000,577.37878,6.29793,727.25854,0.26733,0
2542,577.81663,683.91862,378.00973,12,1,0,0.27439,1.00000,5.47723,632.48676,7.24568,836.69983,0.26739,0
2543,577.75118,684.32021,299.03316,12,1,0,0.26628,1.00000,5.38516,621.85596,7.31161,844.31409,0.26989,0
2544,577.68574,684.72180,220.05658,12,1,0,0.26532,1.00000,6.00000,692.85449,7.32756,846.15503,0.26502,0
2545,577.87099,722.40279,575.65204,12,1,0,0.30258,0.99726,4.89898,565.71338,5.87931,678.91803,0.25274,0
2546,577.80555,722.80438,496.67547,12,1,0,0.30303,1.00000,4.69042,541.62933,5.98702,691.35553,0.24198,0
2547,577.74010,723.20597,417.69890,12,1,0,0.28287,1.00000,5.83095,673.33356,6.80641,785.97510,0.25818,0
2548,577.67466,723.60756,338.72233,12,1,0,0.27450,1.00000,5.74456,663.35773,6.93714,801.07202,0.26131,0
2549,577.85992,761.28855,694.31778,8,0,0,0.00000,0.00000,0.00000,0.00000,0.00000,0.00000,0.01299,0
2550,577.79447,761.69014,615.34121,8,0,0,0.00000,0.00000,0.00000,0.00000,0.00000,0.00000,0.01037,0
2551,577.72903,762.09173,536.36464,8,0,0,0.00000,0.00000,0.00000,0.00000,0.00000,0.00000,0.01293,0
2552,577.66358,762.49332,457.38807,8,0,0,0.00000,0.00000,0.00000,0.00000,0.00000,0.00000,0.01523,0
2553,578.12271,526.76921,219.25304,12,1,0,0.25795,1.00000,6.08276,702.41162,7.68212,887.09833,0.27270,0
2554,578.05727,527.17080,140.27647,12,1,0,0.27881,1.00000,6.00000,692.85449,7.03726,812.63245,0.26496,0
2555,577.99183,527.57240,61.29990,8,0,0,0.17008,0.36339,0.00000,0.00000,0.00000,0.00000,0.14099,0
2556,578.11164,565.65497,337.91878,12,1,0,0.26026,1.00000,6.00000,692.85449,7.65711,884.21051,0.26733,0
2557,578.04619,566.05657,258.94221,12,1,0,0.25744,1.00000,6.40312,739.40558,7.79010,899.56781,0.26675,0
2558,577.98075,566.45816,179.96564,12,1,0,0.29017,0.98374,4.12311,476.11871,6.10033,704.44006,0.24397,0
2559,577.91530,566.85975,100.98907,12,1,0,0.30283,1.00000,4.89898,565.71338,6.07420,701.42303,0.26554,0
2560,578.10056,604.54073,456.58453,12,1,0,0.27394,1.00000,6.00000,692.85449,6.90958,797.88892,0.26989,0
2561,578.03512,604.94233,377.60796,12,1,0,0.26028,1.00000,6.00000,692.85449,7.57613,874.85889,0.27571,0
2562,577.96967,605.34392,298.63138,12,1,0,0.25668,1.00000,6.00000,692.85449,7.58350,875.70990,0.27904,0
2563,577.90423,605.74551,219.65481,12,1,0,0.25874,1.00000,6.08276,702.41162,7.52392,868.83020,0.27174,0
2564,578.08948,643.42650,575.25027,12,1,0,0.30258,0.99183,4.24264,489.92212,5.85486,676.09454,0.26605,0
2565,578.02404,643.82809,496.27370,12,1,0,0.29779,1.00000,5.09902,588.81311,6.32466,730.34467,0.26470,0
2566,577.95859,644.22968,417.29713,12,1,0,0.27558,1.00000,5.74456,663.35773,7.15814,826.59119,0.26368,0
2567,577.89315,644.63127,338.32056,12,1,0,0.26127,1.00000,6.00000,692.85449,7.35117,848.88226,0.26010,0
2568,578.07840,682.31226,693.91601,12,1,0,0.29384,0.82447,3.31662,382.98975,3.60100,415.82779,0.24147,0
2569,578.01296,682.71385,614.93944,12,1,0,0.30343,0.92992,3.74166,432.07071,4.98859,576.06091,0.24826,0
2570,577.94752,683.11544,535.96287,12,1,0,0.30140,0.98916,4.69042,541.62933,5.81931,671.98889,0.26067,0
2571,577.88207,683.51703,456.98630,12,1,0,0.29117,0.98652,4.58258,529.17639,6.18034,713.67963,0.25082,0
2572,578.00188,721.59961,733.60518,12,1,0,0.28168,0.77688,3.00000,346.42725,2.95417,341.13461,0.23149,0
2573,577.93644,722.00120,654.62861,12,1,0,0.31637,0.85908,3.31662,382.98975,3.98110,459.72107,0.22803,0
2574,577.92536,760.88696,773.29435,5,0,0,0.00000,0.00000,0.00000,0.00000,0.00000,0.00000,0.00282,0
2575,578.35228,408.90716,100.18553,12,1,0,0.27723,0.99183,5.09902,588.81311,6.65250,768.20276,0.26522,0
2576,578.34120,447.79292,218.85127,12,1,0,0.25378,1.00000,6.00000,692.85449,7.81510,902.45483,0.26835,0
2577,578.27576,448.19451,139.87470,12,1,0,0.27637,1.00000,5.09902,588.81311,7.03674,812.57269,0.26010,0
2578,578.21031,448.59610,60.89813,8,0,0,0.14286,0.30055,0.00000,0.00000,0.00000,0.00000,0.14330,0
2579,578.33013,486.67868,337.51701,12,1,0,0.25330,1.00000,6.08276,702.41162,7.73227,892.88983,0.26406,0
2580,578.26468,487.08027,258.54044,12,1,0,0.24730,1.00000,6.00000,692.85449,8.02072,926.19818,0.27213,0
2581,578.19924,487.48186,179.56387,12,1,0,0.27486,0.96694,3.74166,432.07071,6.02100,695.27936,0.24346,0
2582,578.13379,487.88345,100.58730,12,1,0,0.29341,1.00000,5.00000,577.37878,6.04578,698.14062,0.25638,0
2583,578.31905,525.56444,456.18276,12,1,0,0.27820,1.00000,5.00000,577.37878,6.76803,781.54346,0.26138,0
2584,578.25360,525.96603,377.20618,12,1,0,0.26512,1.00000,6.00000,692.85449,7.62298,880.26917,0.26598,0
2585,578.18816,526.36762,298.22961,12,1,0,0.24865,1.00000,6.16441,711.84033,7.92134,914.72217,0.27213,0
2586,578.37342,564.04861,653.82507,12,1,0,0.29504,0.86757,3.74166,432.07071,4.06389,469.28064,0.24384,0
2587,578.30797,564.45020,574.84850,12,1,0,0.29097,0.95604,3.74166,432.07071,5.45180,629.55103,0.25990,0
2588,578.24253,564.85179,495.87193,12,1,0,0.28671,0.98933,5.00000,577.37878,6.46615,746.68384,0.26822,0
2589,578.17708,565.25338,416.89536,12,1,0,0.27507,1.00000,5.83095,673.33356,7.12502,822.76764,0.25664,0
2590,578.36234,602.93437,772.49081,8,0,0,0.00000,0.00000,0.00000,0.00000,0.00000,0.00000,0.11021,0
2591,578.29689,603.33596,693.51424,12,1,0,0.26844,0.71978,2.23607,258.21164,2.66852,308.14920,0.20096,0
2592,578.23145,603.73755,614.53767,12,1,0,0.30088,0.93923,3.74166,432.07071,4.79586,553.80542,0.24806,0
2593,578.16600,604.13914,535.56110,12,1,0,0.28571,0.99725,4.89898,565.71338,6.22868,719.26123,0.26784,0
2594,578.22037,642.62331,733.20341,12,1,0,0.24867,0.62973,2.23607,258.21164,2.33891,270.08755,0.22150,0
2595,578.15493,643.02490,654.22684,12,1,0,0.29732,0.85411,3.00000,346.42725,3.98839,460.56268,0.24845,0
2596,578.14385,681.91066,772.89258,8,0,0,0.00000,0.00000,0.00000,0.00000,0.00000,0.00000,0.11155,0
2597,578.57077,329.93086,99.78376,12,1,0,0.27576,0.97268,4.00000,461.90302,6.33568,731.61755,0.26630,0
2598,578.55969,368.81662,218.44950,12,1,0,0.24674,1.00000,6.00000,692.85449,7.81013,901.88019,0.26400,0
2599,578.49425,369.21821,139.47293,12,1,0,0.26741,1.00000,5.00000,577.37878,6.97803,805.79333,0.25677,0
2600,578.42880,369.61981,60.49636,8,0,0,0.13073,0.26503,0.00000,0.00000,0.00000,0.00000,0.12474,0
2601,578.61406,407.30079,416.09181,12,1,0,0.25973,1.00000,5.00000,577.37878,7.62078,880.01514,0.26394,0
2602,578.54862,407.70238,337.11524,12,1,0,0.24763,1.00000,6.08276,702.41162,7.99461,923.18408,0.26310,0
2603,578.48317,408.10398,258.13867,12,1,0,0.24966,1.00000,6.00000,692.85449,7.89648,911.85168,0.25741,0
2604,578.41773,408.50557,179.16210,12,1,0,0.25684,1.00000,5.00000,577.37878,7.60390,878.06580,0.26739,0
2605,578.60298,446.18655,534.75756,12,1,0,0.27875,0.95095,4.12311,476.11871,5.71717,660.19476,0.24896,0
2606,578.53754,446.58815,455.78098,12,1,0,0.26024,1.00000,6.00000,692.85449,7.44387,859.58667,0.26048,0
2607,578.47209,446.98974,376.80441,12,1,0,0.25430,1.00000,7.00000,808.33026,7.88617,910.66156,0.26624,0
2608,578.40665,447.39133,297.82784,12,1,0,0.24664,1.00000,6.16441,711.84033,8.05434,930.08136,0.28077,0
2609,578.59190,485.07231,653.42330,12,1,0,0.28455,0.84367,3.16228,365.16641,3.76109,434.31500,0.25075,0
2610,578.52646,485.47391,574.44673,12,1,0,0.29226,0.97500,4.24264,489.92212,5.38857,622.24933,0.26067,0
2611,578.46102,485.87550,495.47016,12,1,0,0.28462,1.00000,5.00000,577.37878,6.60478,762.69238,0.25965,0
2612,578.39557,486.27709,416.49358,12,1,0,0.26453,1.00000,6.00000,692.85449,7.34471,848.13617,0.26688,0
2613,578.58083,523.95808,772.08904,8,0,0,0.00000,0.00000,0.00000,0.00000,0.00000,0.00000,0.10362,0
2614,578.51538,524.35967,693.11247,12,1,0,0.28670,0.79945,2.44949,282.85669,3.29030,379.94931,0.23635,0
2615,578.44994,524.76126,614.13590,12,1,0,0.29459,0.89835,3.31662,382.98975,4.34634,501.89658,0.25152,0
2616,578.38449,525.16285,535.15933,12,1,0,0.28765,0.98904,4.12311,476.11871,6.03533,696.93414,0.26566,0
2617,578.43886,563.64702,732.80164,12,1,0,0.27823,0.74656,2.44949,282.85669,3.29623,380.63425,0.22803,0
2618,578.86578,211.66722,59.69282,8,0,0,0.17358,0.37705,0.00000,0.00000,0.00000,0.00000,0.14592,0
2619,578.85470,250.55298,178.35856,12,1,0,0.26274,1.00000,5.91608,683.16382,7.50000,866.06818,0.26336,0
2620,578.78926,250.95457,99.38199,12,1,0,0.27079,0.99729,5.00000,577.37878,7.03673,812.57220,0.25696,0
2621,578.84363,289.43874,297.02430,12,1,0,0.25204,1.00000,6.00000,692.85449,8.09649,934.94861,0.27142,0
2622,578.77818,289.84033,218.04773,12,1,0,0.25703,1.00000,6.00000,692.85449,7.95887,919.05621,0.26304,0
2623,578.71274,290.24192,139.07116,12,1,0,0.26624,1.00000,5.00000,577.37878,7.41898,856.71271,0.26278,0
2624,578.64729,290.64351,60.09459,8,0,0,0.16853,0.37158,0.00000,0.00000,0.00000,0.00000,0.14118,0
2625,578.83255,328.32450,415.69004,12,1,0,0.26130,1.00000,6.00000,692.85449,7.59169,876.65662,0.27046,0
2626,578.76710,328.72609,336.71347,12,1,0,0.25119,1.00000,6.00000,692.85449,8.06008,930.74420,0.26342,0
2627,578.70166,329.12768,257.73690,12,1,0,0.25171,1.00000,6.00000,692.85449,7.84299,905.67548,0.26067,0
2628,578.63621,329.52927,178.76033,12,1,0,0.26115,1.00000,5.00000,577.37878,7.42929,857.90295,0.25824,0
2629,578.82147,367.21026,534.35578,12,1,0,0.28337,0.98108,4.12311,476.11871,6.34267,732.42505,0.24538,0
2630,578.75603,367.61185,455.37921,12,1,0,0.26293,1.00000,5.00000,577.37878,7.29449,842.33636,0.26010,0
2631,578.69058,368.01344,376.40264,12,1,0,0.24898,1.00000,6.00000,692.85449,7.95008,918.04114,0.26829,0
2632,578.62514,368.41503,297.42607,12,1,0,0.24322,1.00000,6.16441,711.84033,8.13223,939.07526,0.27181,0
2633,578.81039,406.09602,653.02153,12,1,0,0.29646,0.87668,3.00000,346.42725,3.96672,458.05957,0.24333,0
2634,578.74495,406.49761,574.04496,12,1,0,0.28653,0.96185,3.74166,432.07071,5.80368,670.18451,0.25434,0
2635,578.67950,406.89920,495.06838,12,1,0,0.27958,0.99198,4.12311,476.11871,6.88261,794.77509,0.25875,0
2636,578.79932,444.98178,771.68727,8,0,0,0.00000,0.00000,0.00000,0.00000,0.00000,0.00000,0.10144,0
2637,578.73387,445.38337,692.71070,12,1,0,0.26923,0.74387,2.82843,326.61475,2.72360,314.50977,0.23744,0
2638,578.66843,445.78496,613.73413,12,1,0,0.29748,0.93460,4.00000,461.90302,4.91176,567.18970,0.24736,0
2639,578.65735,484.67072,732.39987,12,1,0,0.27516,0.69837,2.23607,258.21164,2.55903,295.50565,0.23078,0
2640,579.08427,132.69092,59.29105,8,0,0,0.19976,0.45652,1.00000,115.47575,0.00000,0.00000,0.14496,0
2641,579.07319,171.57668,177.95679,12,1,0,0.26167,1.00000,5.00000,577.37878,7.69858,888.99902,0.25766,0
2642,579.00775,171.97827,98.98022,12,1,0,0.26720,0.99455,4.47214,516.42328,7.26450,838.87415,0.26253,0
2643,579.06212,210.46244,296.62253,12,1,0,0.24815,1.00000,6.08276,702.41162,8.07920,932.95203,0.27552,0
2644,578.99667,210.86403,217.64596,12,1,0,0.25712,1.00000,6.00000,692.85449,7.90796,913.17767,0.27475,0
2645,578.93123,211.26563,138.66939,12,1,0,0.27047,1.00000,5.00000,577.37878,7.15451,826.17285,0.25235,0
2646,579.11648,248.94661,494.26484,12,1,0,0.27546,0.95455,4.00000,461.90302,6.26677,723.66034,0.25427,0
2647,579.05104,249.34820,415.28827,12,1,0,0.27682,1.00000,4.89898,565.71338,6.83822,789.64838,0.24550,0
2648,578.98559,249.74979,336.31170,12,1,0,0.29691,1.00000,4.47214,516.42328,6.26670,723.65234,0.22310,0
2649,578.92015,250.15139,257.33513,12,1,0,0.25152,1.00000,6.00000,692.85449,8.09369,934.62469,0.27533,0
2650,579.10541,287.83237,612.93058,12,1,0,0.27976,0.87037,3.00000,346.42725,3.44674,398.01480,0.24410,0
2651,579.03996,288.23396,533.95401,12,1,0,0.28493,0.97855,5.00000,577.37878,6.36427,734.91895,0.25741,0
2652,578.97452,288.63556,454.97744,12,1,0,0.25735,0.98626,4.00000,461.90302,7.43440,858.49268,0.27283,0
2653,578.90907,289.03715,376.00087,12,1,0,0.26782,1.00000,5.00000,577.37878,7.54995,871.83563,0.26746,0
2654,579.09433,326.71813,731.59633,12,1,0,0.23918,0.63388,1.73205,200.00987,0.00000,0.00000,0.21773,0
2655,579.02888,327.11972,652.61976,12,1,0,0.29217,0.85215,3.00000,346.42725,3.75387,433.48080,0.23418,0
2656,578.96344,327.52132,573.64318,12,1,0,0.28442,0.94005,4.00000,461.90302,5.08901,587.65771,0.24518,0
2657,578.89799,327.92291,494.66661,12,1,0,0.28321,0.99198,5.00000,577.37878,6.56714,758.34497,0.25440,0
2658,579.01781,366.00549,771.28550,8,0,0,0.00211,0.00273,0.00000,0.00000,0.00000,0.00000,0.10899,0
2659,578.95236,366.40708,692.30893,12,1,0,0.25398,0.74451,2.23607,258.21164,2.23769,258.39856,0.23744,0
2660,578.88692,366.80867,613.33236,12,1,0,0.28354,0.91304,3.31662,382.98975,4.91116,567.12024,0.25222,0
2661,578.87584,405.69443,731.99810,12,1,0,0.27476,0.68800,2.00000,230.95151,2.36087,272.62320,0.22234,0
2662,579.36820,53.31304,137.86585,8,0,0,0.30579,0.87500,3.60555,416.35376,4.20859,485.98990,0.18138,0
2663,579.30276,53.71463,58.88928,5,0,0,0.21030,0.39837,1.00000,115.47575,0.00000,0.00000,0.09658,0
2664,579.35713,92.19880,256.53159,12,1,0,0.25436,1.00000,6.00000,692.85449,7.76659,896.85321,0.27251,0
2665,579.29168,92.60039,177.55502,12,1,0,0.25544,1.00000,6.00000,692.85449,7.72325,891.84802,0.27270,0
2666,579.22624,93.00198,98.57845,12,1,0,0.26323,1.00000,5.00000,577.37878,7.48965,864.87280,0.26899,0
2667,579.34605,131.08456,375.19733,12,1,0,0.26551,1.00000,5.38516,621.85596,7.33356,846.84827,0.25530,0
2668,579.28060,131.48615,296.22076,12,1,0,0.24795,1.00000,6.00000,692.85449,7.92276,914.88647,0.27104,0
2669,579.21516,131.88774,217.24419,12,1,0,0.25887,1.00000,6.00000,692.85449,7.67454,886.22314,0.26605,0
2670,579.14972,132.28933,138.26762,12,1,0,0.26001,1.00000,6.00000,692.85449,7.62066,880.00092,0.26483,0
2671,579.33497,169.97032,493.86307,12,1,0,0.28022,0.97849,4.58258,529.17639,6.41277,740.51984,0.25094,0
2672,579.26953,170.37191,414.88650,12,1,0,0.26847,1.00000,5.91608,683.16382,7.14415,824.97559,0.25248,0
2673,579.20408,170.77350,335.90993,12,1,0,0.26042,1.00000,6.00000,692.85449,7.82338,903.41040,0.25318,0
2674,579.13864,171.17509,256.93336,12,1,0,0.25791,1.00000,6.00000,692.85449,7.85301,906.83252,0.26970,0
2675,579.32389,208.85608,612.52881,12,1,0,0.26923,0.82466,3.00000,346.42725,3.13427,361.93246,0.23398,0
2676,579.25845,209.25767,533.55224,12,1,0,0.26719,0.94475,4.00000,461.90302,5.50292,635.45416,0.26534,0
2677,579.19300,209.65926,454.57567,12,1,0,0.26599,0.99728,5.00000,577.37878,7.22965,834.84918,0.26310,0
2678,579.12756,210.06085,375.59910,12,1,0,0.29957,0.95393,4.12311,476.11871,5.32661,615.09418,0.20320,0
2679,579.31282,247.74184,731.19456,12,1,0,0.24149,0.63587,1.00000,115.47575,0.00000,0.00000,0.22150,0
2680,579.24737,248.14343,652.21798,12,1,0,0.26606,0.77748,2.23607,258.21164,2.23769,258.39856,0.24301,0
2681,579.18193,248.54502,573.24141,12,1,0,0.26579,0.89751,3.00000,346.42725,4.19881,484.86108,0.24998,0
2682,579.23629,287.02919,770.88373,8,0,0,0.00000,0.00000,0.00000,0.00000,0.00000,0.00000,0.09786,0
2683,579.17085,287.43078,691.90716,12,1,0,0.24810,0.71311,1.73205,200.00987,2.17045,250.63487,0.22163,0
2684,579.56454,52.10826,374.79556,8,0,0,0.27849,0.76986,2.23607,258.21164,3.12302,360.63306,0.18886,0
2685,579.49909,52.50985,295.81899,8,0,0,0.30624,0.90000,3.60555,416.35376,4.43894,512.59052,0.18227,0
2686,579.43365,52.91144,216.84242,8,0,0,0.30224,0.84511,3.00000,346.42725,3.91216,451.75986,0.18925,0
2687,579.61891,90.59243,572.43787,12,1,0,0.28535,0.93646,4.00000,461.90302,5.08481,587.17188,0.23520,0
2688,579.55346,90.99402,493.46130,12,1,0,0.27155,0.96739,4.00000,461.90302,6.56055,757.58392,0.25722,0
2689,579.48802,91.39561,414.48473,12,1,0,0.27702,0.96111,4.12311,476.11871,5.83113,673.35394,0.24755,0
2690,579.42257,91.79721,335.50816,12,1,0,0.25674,1.00000,6.00000,692.85449,7.64306,882.58850,0.26573,0
2691,579.60783,129.47819,691.10361,12,1,0,0.26591,0.75881,2.00000,230.95151,2.09722,242.17833,0.23501,0
2692,579.54238,129.87978,612.12704,12,1,0,0.26493,0.86777,3.00000,346.42725,3.93750,454.68579,0.24710,0
2693,579.47694,130.28137,533.15047,12,1,0,0.28232,0.94780,3.16228,365.16641,5.38236,621.53186,0.25062,0
2694,579.41149,130.68297,454.17390,12,1,0,0.27190,0.98361,4.12311,476.11871,6.79381,784.51984,0.25357,0
2695,579.53131,168.76554,730.79278,12,1,0,0.24544,0.66484,2.00000,230.95151,0.00000,0.00000,0.22157,0
2696,579.46586,169.16714,651.81621,12,1,0,0.27247,0.79121,2.82843,326.61475,2.44565,282.41354,0.22688,0
2697,579.40042,169.56873,572.83964,12,1,0,0.26738,0.89344,3.00000,346.42725,4.37985,505.76669,0.24723,0
2698,579.45478,208.05290,770.48196,8,0,0,0.00000,0.00000,0.00000,0.00000,0.00000,0.00000,0.10394,0
2699,579.38934,208.45449,691.50538,12,1,0,0.25000,0.72652,2.23607,258.21164,2.03592,235.09886,0.21997,0
2700,579.82632,50.50190,690.70184,8,0,0,0.24444,0.63462,1.73205,200.00987,0.00000,0.00000,0.16557,0
2701,579.76087,50.90349,611.72527,8,0,0,0.26520,0.71505,2.23607,258.21164,0.00000,0.00000,0.17542,0
2702,579.69543,51.30508,532.74870,8,0,0,0.27480,0.74865,2.23607,258.21164,2.47614,285.93439,0.17293,0
2703,579.62998,51.70667,453.77213,8,0,0,0.29328,0.84699,3.00000,346.42725,3.75000,433.03409,0.18445,0
2704,579.74979,89.78925,730.39101,12,1,0,0.24735,0.70027,2.00000,230.95151,0.00000,0.00000,0.23110,0
2705,579.68435,90.19084,651.41444,12,1,0,0.27684,0.71858,2.82843,326.61475,2.52788,291.90939,0.19046,0
2706,579.67327,129.07660,770.08018,8,0,0,0.00000,0.00000,0.00000,0.00000,0.00000,0.00000,0.10720,0
2707,579.89176,50.10031,769.67841,5,0,0,0.00000,0.00000,0.00000,0.00000,0.00000,0.00000,0.06752,0
2708,616.85773,764.40989,101.96133,8,0,0,0.00000,0.00000,0.00000,0.00000,0.00000,0.00000,0.01850,0
2709,617.07621,685.43360,101.55956,12,1,0,0.28080,0.99728,4.89898,565.71338,6.59464,761.52106,0.26221,0
2710,617.06514,724.31936,220.22530,12,1,0,0.26605,1.00000,6.00000,692.85449,7.35945,849.83807,0.26650,0
2711,616.99969,724.72095,141.24873,12,1,0,0.27823,1.00000,5.00000,577.37878,7.01297,809.82776,0.26362,0
2712,616.93425,725.12254,62.27216,8,0,0,0.17284,0.37333,1.00000,115.47575,0.00000,0.00000,0.14995,0
2713,617.11950,762.80353,417.86762,8,0,0,0.00000,0.00000,0.00000,0.00000,0.00000,0.00000,0.01075,0
2714,617.05406,763.20512,338.89105,8,0,0,0.00000,0.00000,0.00000,0.00000,0.00000,0.00000,0.01459,0
2715,616.98861,763.60671,259.91447,8,0,0,0.00000,0.00000,0.00000,0.00000,0.00000,0.00000,0.01446,0
2716,616.92317,764.00830,180.93790,8,0,0,0.00000,0.00000,0.00000,0.00000,0.00000,0.00000,0.01690,0
2717,617.37123,567.16995,61.46862,8,0,0,0.13911,0.28962,0.00000,0.00000,0.00000,0.00000,0.13466,0
2718,617.36015,606.05571,180.13436,12,1,0,0.26595,1.00000,5.91608,683.16382,7.40432,855.01990,0.26054,0
2719,617.29470,606.45730,101.15779,12,1,0,0.28358,0.99449,4.24264,489.92212,6.19954,715.89648,0.25472,0
2720,617.34907,644.94147,298.80010,12,1,0,0.25274,1.00000,6.00000,692.85449,7.83413,904.65222,0.28314,0
2721,617.28363,645.34307,219.82353,12,1,0,0.26856,1.00000,5.38516,621.85596,7.18612,829.82312,0.24621,0
2722,617.21818,645.74466,140.84696,12,1,0,0.27286,1.00000,6.00000,692.85449,7.24765,836.92798,0.26893,0
2723,617.15274,646.14625,61.87039,8,0,0,0.15885,0.32021,0.00000,0.00000,0.00000,0.00000,0.14291,0
2724,617.33799,683.82723,417.46585,12,1,0,0.28055,1.00000,5.00000,577.37878,6.64002,766.76147,0.24378,0
2725,617.27255,684.22883,338.48927,12,1,0,0.26652,1.00000,6.00000,692.85449,7.15005,825.65741,0.25990,0
2726,617.20710,684.63042,259.51270,12,1,0,0.27023,1.00000,5.09902,588.81311,7.03943,812.88324,0.24640,0
2727,617.14166,685.03201,180.53613,12,1,0,0.26570,1.00000,6.00000,692.85449,7.28398,841.12292,0.26394,0
2728,617.32692,722.71300,536.13159,12,1,0,0.29845,0.99185,4.47214,516.42328,5.80637,670.49457,0.26112,0
2729,617.26147,723.11459,457.15502,12,1,0,0.28670,1.00000,5.09902,588.81311,6.57225,758.93591,0.26950,0
2730,617.19603,723.51618,378.17845,12,1,0,0.26423,1.00000,5.09902,588.81311,7.17192,828.18311,0.26739,0
2731,617.13058,723.91777,299.20187,12,1,0,0.26671,1.00000,6.08276,702.41162,7.46799,862.37207,0.27110,0
2732,617.31584,761.59876,654.79733,8,0,0,0.00000,0.00000,0.00000,0.00000,0.00000,0.00000,0.01018,0
2733,617.25039,762.00035,575.82076,8,0,0,0.00000,0.00000,0.00000,0.00000,0.00000,0.00000,0.01216,0
2734,617.18495,762.40194,496.84419,8,0,0,0.00000,0.00000,0.00000,0.00000,0.00000,0.00000,0.01261,0
2735,617.58971,488.19366,61.06685,8,0,0,0.13499,0.28142,0.00000,0.00000,0.00000,0.00000,0.13747,0
2736,617.57864,527.07942,179.73259,12,1,0,0.25772,1.00000,6.00000,692.85449,7.61689,879.56610,0.28000,0
2737,617.51319,527.48101,100.75602,12,1,0,0.28458,1.00000,5.09902,588.81311,6.36568,735.08160,0.27181,0
2738,617.56756,565.96518,298.39833,12,1,0,0.25625,1.00000,6.08276,702.41162,7.66717,885.37238,0.26509,0
2739,617.50212,566.36677,219.42176,12,1,0,0.25350,1.00000,6.32456,730.33282,7.64955,883.33752,0.27110,0
2740,617.43667,566.76836,140.44519,12,1,0,0.26255,1.00000,5.83095,673.33356,7.25343,837.59558,0.26944,0
2741,617.62193,604.44935,496.04065,12,1,0,0.27171,0.99457,4.47214,516.42328,6.93042,800.29492,0.27712,0
2742,617.55648,604.85094,417.06407,12,1,0,0.26985,1.00000,5.19615,600.02960,7.14109,824.62262,0.26579,0
2743,617.49104,605.25253,338.08750,12,1,0,0.25417,1.00000,6.00000,692.85449,7.72105,891.59369,0.27411,0
2744,617.42559,605.65412,259.11093,12,1,0,0.24745,1.00000,6.08276,702.41162,7.93004,915.72791,0.27846,0
2745,617.61085,643.33511,614.70639,12,1,0,0.30120,0.95368,4.00000,461.90302,5.29929,611.93896,0.25562,0
2746,617.54540,643.73670,535.72982,12,1,0,0.27960,0.99171,5.09902,588.81311,6.42256,741.64954,0.27104,0
2747,617.47996,644.13829,456.75325,12,1,0,0.26584,1.00000,6.00000,692.85449,7.25349,837.60193,0.28717,0
2748,617.41452,644.53988,377.77667,12,1,0,0.25279,1.00000,5.83095,673.33356,7.75820,895.88409,0.28275,0
2749,617.59977,682.22087,733.37213,12,1,0,0.25130,0.67036,2.00000,230.95151,0.00000,0.00000,0.24090,0
2750,617.53433,682.62246,654.39556,12,1,0,0.28182,0.84699,3.00000,346.42725,3.63232,419.44467,0.24346,0
2751,617.46888,683.02405,575.41899,12,1,0,0.29343,0.96185,4.12311,476.11871,5.43892,628.06354,0.25517,0
2752,617.40344,683.42564,496.44242,12,1,0,0.29184,0.99449,4.89898,565.71338,5.84742,675.23517,0.26170,0
2753,617.52325,721.50822,773.06130,8,0,0,0.02045,0.02973,0.00000,0.00000,0.00000,0.00000,0.11258,0
2754,617.45781,721.90981,694.08473,12,1,0,0.30096,0.85753,3.00000,346.42725,3.97304,458.78967,0.22406,0
2755,617.39236,722.31140,615.10816,12,1,0,0.30578,0.93733,3.74166,432.07071,4.99406,576.69250,0.24723,0
2756,617.38128,761.19716,733.77390,8,0,0,0.00000,0.00000,0.00000,0.00000,0.00000,0.00000,0.01184,0
2757,617.87365,408.81577,139.64165,12,1,0,0.27782,1.00000,5.00000,577.37878,6.71364,775.26208,0.25606,0
2758,617.80820,409.21736,60.66508,8,0,0,0.15385,0.31806,0.00000,0.00000,0.00000,0.00000,0.13952,0
2759,617.86257,447.70153,258.30739,12,1,0,0.25396,1.00000,6.00000,692.85449,7.84884,906.35077,0.26771,0
2760,617.79713,448.10312,179.33082,12,1,0,0.25589,1.00000,6.00000,692.85449,7.79860,900.54962,0.28051,0
2761,617.73168,448.50471,100.35425,12,1,0,0.28800,0.98630,4.58258,529.17639,6.25872,722.73059,0.25837,0
2762,617.85149,486.58729,376.97313,12,1,0,0.25447,1.00000,6.00000,692.85449,7.90185,912.47186,0.27674,0
2763,617.78605,486.98888,297.99656,12,1,0,0.25272,1.00000,6.08276,702.41162,8.02664,926.88239,0.27142,0
2764,617.72060,487.39048,219.01999,12,1,0,0.25381,1.00000,6.00000,692.85449,7.62659,880.68640,0.25971,0
2765,617.65516,487.79207,140.04342,12,1,0,0.28180,1.00000,5.09902,588.81311,6.64137,766.91699,0.25574,0
2766,617.84042,525.47305,495.63887,12,1,0,0.27313,0.99728,5.09902,588.81311,6.87296,793.65979,0.26304,0
2767,617.77497,525.87465,416.66230,12,1,0,0.26638,1.00000,6.00000,692.85449,7.30441,843.48260,0.25901,0
2768,617.70953,526.27624,337.68573,12,1,0,0.25908,1.00000,6.40312,739.40558,7.70716,889.99048,0.26483,0
2769,617.64408,526.67783,258.70916,12,1,0,0.25710,1.00000,6.08276,702.41162,7.65729,884.23169,0.26240,0
2770,617.82934,564.35881,614.30462,12,1,0,0.29536,0.95368,4.00000,461.90302,5.34966,617.75623,0.26042,0
2771,617.76389,564.76041,535.32805,12,1,0,0.29830,1.00000,5.00000,577.37878,6.14177,709.22559,0.26106,0
2772,617.69845,565.16200,456.35147,12,1,0,0.27011,1.00000,5.38516,621.85596,7.09002,818.72565,0.27744,0
2773,617.63300,565.56359,377.37490,12,1,0,0.25457,1.00000,6.00000,692.85449,7.73069,892.70752,0.28576,0
2774,617.81826,603.24458,732.97036,12,1,0,0.28587,0.71164,2.23607,258.21164,2.73692,316.04825,0.22720,0
2775,617.75282,603.64617,653.99379,12,1,0,0.28470,0.87027,3.00000,346.42725,4.13347,477.31567,0.24672,0
2776,617.68737,604.04776,575.01722,12,1,0,0.29238,0.97011,4.00000,461.90302,5.74452,663.35242,0.26611,0
2777,617.74174,642.53193,772.65953,8,0,0,0.00000,0.00000,0.00000,0.00000,0.00000,0.00000,0.10400,0
2778,617.67629,642.93352,693.68296,12,1,0,0.27633,0.77929,3.00000,346.42725,2.74598,317.09409,0.23578,0
2779,618.09214,329.83948,139.23988,12,1,0,0.27619,1.00000,5.19615,600.02960,7.20272,831.73938,0.25798,0
2780,618.02669,330.24107,60.26331,8,0,0,0.14418,0.28912,0.00000,0.00000,0.00000,0.00000,0.13728,0
2781,618.08106,368.72524,257.90562,12,1,0,0.26000,1.00000,6.00000,692.85449,7.82455,903.54535,0.26010,0
2782,618.01562,369.12683,178.92905,12,1,0,0.26327,1.00000,5.19615,600.02960,7.82998,904.17310,0.27872,0
2783,617.95017,369.52842,99.95248,12,1,0,0.28864,0.98652,4.12311,476.11871,6.39427,738.38263,0.26208,0
2784,618.06998,407.61100,376.57136,12,1,0,0.25431,1.00000,6.00000,692.85449,7.86975,908.76544,0.26688,0
2785,618.00454,408.01259,297.59479,12,1,0,0.25290,1.00000,6.00000,692.85449,8.02916,927.17303,0.25056,0
2786,617.93909,408.41418,218.61822,12,1,0,0.25137,1.00000,6.08276,702.41162,7.73384,893.07104,0.25958,0
2787,618.12435,446.09517,574.21367,12,1,0,0.29830,0.98138,4.12311,476.11871,5.98097,690.65698,0.26355,0
2788,618.05890,446.49676,495.23710,12,1,0,0.27936,1.00000,5.00000,577.37878,6.63508,766.19135,0.25325,0
2789,617.99346,446.89835,416.26053,12,1,0,0.26586,1.00000,5.09902,588.81311,7.57207,874.39050,0.27046,0
2790,617.92802,447.29994,337.28396,12,1,0,0.25519,1.00000,6.00000,692.85449,7.73874,893.63708,0.26080,0
2791,618.11327,484.98093,692.87942,12,1,0,0.31104,0.81649,3.16228,365.16641,3.45553,399.02979,0.22790,0
2792,618.04783,485.38252,613.90285,12,1,0,0.31478,0.88410,4.00000,461.90302,4.30844,497.52026,0.22573,0
2793,617.98238,485.78411,534.92627,12,1,0,0.29081,0.98656,5.00000,577.37878,6.13916,708.92444,0.26112,0
2794,617.91694,486.18570,455.94970,12,1,0,0.27365,1.00000,6.00000,692.85449,7.36570,850.56012,0.27136,0
2795,618.03675,524.26828,732.56859,12,1,0,0.26737,0.69589,2.23607,258.21164,2.50856,289.67761,0.22598,0
2796,617.97131,524.66987,653.59202,12,1,0,0.30142,0.87363,3.46410,400.01974,3.93426,454.31122,0.24384,0
2797,617.90586,525.07146,574.61545,12,1,0,0.29582,0.94038,4.00000,461.90302,4.86607,561.91296,0.25171,0
2798,617.96023,563.55563,772.25776,8,0,0,0.00000,0.00000,0.00000,0.00000,0.00000,0.00000,0.10662,0
2799,617.89478,563.95722,693.28119,12,1,0,0.30361,0.71925,2.44949,282.85669,3.15689,364.54431,0.21498,0
2800,618.31063,250.86318,138.83811,12,1,0,0.26613,1.00000,5.09902,588.81311,7.29590,842.50006,0.26669,0
2801,618.24518,251.26477,59.86154,8,0,0,0.16456,0.34853,0.00000,0.00000,0.00000,0.00000,0.14829,0
2802,618.36499,289.34735,336.48042,12,1,0,0.25380,1.00000,6.08276,702.41162,7.85858,907.47510,0.26246,0
2803,618.29955,289.74894,257.50385,12,1,0,0.25069,1.00000,6.00000,692.85449,7.87988,909.93451,0.25914,0
2804,618.23410,290.15053,178.52728,12,1,0,0.25529,1.00000,6.00000,692.85449,7.75447,895.45367,0.27008,0
2805,618.16866,290.55213,99.55071,12,1,0,0.26875,0.99725,4.58258,529.17639,6.96878,804.72552,0.27846,0
2806,618.35392,328.23311,455.14616,12,1,0,0.26971,0.99187,4.12311,476.11871,7.02875,811.65076,0.26554,0
2807,618.28847,328.63470,376.16959,12,1,0,0.25684,1.00000,6.00000,692.85449,7.83671,904.94971,0.27130,0
2808,618.22303,329.03629,297.19302,12,1,0,0.26054,1.00000,6.00000,692.85449,7.85312,906.84534,0.26106,0
2809,618.15758,329.43789,218.21645,12,1,0,0.25296,1.00000,6.00000,692.85449,7.76393,896.54620,0.26048,0
2810,618.34284,367.11887,573.81190,12,1,0,0.27945,0.93478,4.00000,461.90302,5.12345,591.63373,0.24499,0
2811,618.27739,367.52046,494.83533,12,1,0,0.26250,0.98077,4.00000,461.90302,7.00319,808.69922,0.26054,0
2812,618.21195,367.92206,415.85876,12,1,0,0.26454,1.00000,6.00000,692.85449,7.62240,880.20178,0.25741,0
2813,618.14650,368.32365,336.88219,12,1,0,0.25240,1.00000,6.00000,692.85449,7.89471,911.64740,0.26573,0
2814,618.33176,406.00463,692.47765,12,1,0,0.27856,0.81044,3.00000,346.42725,3.33960,385.64328,0.23757,0
2815,618.26632,406.40622,613.50107,12,1,0,0.27913,0.90984,3.31662,382.98975,4.58956,529.98267,0.24710,0
2816,618.20087,406.80782,534.52450,12,1,0,0.27709,0.99444,4.12311,476.11871,6.48138,748.44202,0.24154,0
2817,618.13543,407.20941,455.54793,12,1,0,0.26672,1.00000,5.09902,588.81311,7.13256,823.63715,0.24800,0
2818,618.25524,445.29199,732.16682,12,1,0,0.26280,0.72162,2.23607,258.21164,2.64333,305.24091,0.24410,0
2819,618.18979,445.69358,653.19025,12,1,0,0.28778,0.86885,3.00000,346.42725,4.05944,468.76746,0.24870,0
2820,618.17872,484.57934,771.85599,8,0,0,0.00000,0.00000,0.00000,0.00000,0.00000,0.00000,0.09408,0
2821,618.60564,132.59954,98.74717,12,1,0,0.26077,0.99167,4.24264,489.92212,7.29995,842.96680,0.26694,0
2822,618.59456,171.48530,217.41291,12,1,0,0.25035,1.00000,6.00000,692.85449,7.80758,901.58606,0.26304,0
2823,618.52912,171.88689,138.43634,12,1,0,0.26566,1.00000,6.00000,692.85449,7.31570,844.78638,0.25523,0
2824,618.46367,172.28848,59.45977,8,0,0,0.16521,0.36364,0.00000,0.00000,0.00000,0.00000,0.14022,0
2825,618.58348,210.37106,336.07865,12,1,0,0.25379,1.00000,6.00000,692.85449,7.85617,907.19684,0.25754,0
2826,618.51804,210.77265,257.10208,12,1,0,0.25069,1.00000,6.00000,692.85449,7.93433,916.22290,0.27072,0
2827,618.45259,211.17424,178.12551,12,1,0,0.25968,1.00000,6.00000,692.85449,7.40648,855.26886,0.26835,0
2828,618.38715,211.57583,99.14894,12,1,0,0.27397,0.98361,4.00000,461.90302,6.63918,766.66431,0.26477,0
2829,618.57241,249.25682,454.74439,12,1,0,0.26490,0.99174,5.00000,577.37878,7.07628,817.13873,0.26093,0
2830,618.50696,249.65841,375.76782,12,1,0,0.25121,1.00000,6.08276,702.41162,7.85215,906.73303,0.26093,0
2831,618.44152,250.06000,296.79125,12,1,0,0.27177,0.99178,5.00000,577.37878,6.80728,786.07532,0.22579,0
2832,618.37607,250.46159,217.81468,12,1,0,0.25436,1.00000,6.00000,692.85449,7.74775,894.67761,0.26458,0
2833,618.56133,288.14258,573.41013,12,1,0,0.27096,0.87912,3.00000,346.42725,4.14332,478.45291,0.23866,0
2834,618.49588,288.54417,494.43356,12,1,0,0.27211,1.00000,5.00000,577.37878,6.79336,784.46881,0.25210,0
2835,618.43044,288.94576,415.45699,12,1,0,0.26532,1.00000,5.19615,600.02960,7.34146,847.76093,0.25715,0
2836,618.61569,326.62675,771.05245,8,0,0,0.00000,0.00000,0.00000,0.00000,0.00000,0.00000,0.10042,0
2837,618.55025,327.02834,692.07587,12,1,0,0.26281,0.76630,2.00000,230.95151,2.24257,258.96295,0.23098,0
2838,618.48481,327.42993,613.09930,12,1,0,0.26733,0.86957,2.23607,258.21164,3.91509,452.09799,0.24467,0
2839,618.41936,327.83152,534.12273,12,1,0,0.26891,0.96175,4.00000,461.90302,6.22361,718.67554,0.25581,0
2840,618.47373,366.31569,731.76505,12,1,0,0.25825,0.73481,2.44949,282.85669,2.67690,309.11688,0.23782,0
2841,618.40828,366.71728,652.78847,12,1,0,0.27408,0.85519,3.31662,382.98975,3.66429,423.13614,0.24352,0
2842,618.39721,405.60304,771.45422,8,0,0,0.00000,0.00000,0.00000,0.00000,0.00000,0.00000,0.10426,0
2843,618.82413,53.62324,98.34540,8,0,0,0.29950,0.80978,3.00000,346.42725,3.54302,409.13330,0.17696,0
2844,618.81305,92.50900,217.01114,12,1,0,0.25500,1.00000,6.08276,702.41162,7.86824,908.59088,0.27315,0
2845,618.74760,92.91059,138.03457,12,1,0,0.27645,1.00000,5.00000,577.37878,7.04520,813.54956,0.25754,0
2846,618.68216,93.31218,59.05800,8,0,0,0.16954,0.34877,0.00000,0.00000,0.00000,0.00000,0.12627,0
2847,618.86742,130.99317,414.65345,12,1,0,0.27933,0.99461,5.00000,577.37878,6.79303,784.43060,0.24819,0
2848,618.80197,131.39476,335.67688,12,1,0,0.25069,1.00000,6.00000,692.85449,7.90761,913.13684,0.25830,0
2849,618.73653,131.79635,256.70031,12,1,0,0.26185,1.00000,6.00000,692.85449,7.65034,883.42877,0.27238,0
2850,618.67108,132.19794,177.72374,12,1,0,0.26136,1.00000,6.00000,692.85449,7.49566,865.56750,0.26547,0
2851,618.85634,169.87893,533.31919,12,1,0,0.27545,0.94324,3.74166,432.07071,5.53852,639.56512,0.25414,0
2852,618.79089,170.28052,454.34262,12,1,0,0.27045,1.00000,5.00000,577.37878,7.13818,824.28723,0.28147,0
2853,618.72545,170.68211,375.36605,12,1,0,0.26093,1.00000,5.38516,621.85596,7.81688,902.66071,0.27162,0
2854,618.66000,171.08371,296.38948,12,1,0,0.25432,1.00000,6.00000,692.85449,7.75478,895.48962,0.27648,0
2855,618.84526,208.76469,651.98493,12,1,0,0.26834,0.79787,2.00000,230.95151,3.00931,347.50247,0.23021,0
2856,618.77982,209.16628,573.00836,12,1,0,0.27715,0.91200,3.00000,346.42725,4.62663,534.26379,0.25459,0
2857,618.71437,209.56787,494.03179,12,1,0,0.26521,0.96448,4.00000,461.90302,6.42034,741.39417,0.25946,0
2858,618.64893,209.96947,415.05522,12,1,0,0.26926,1.00000,5.00000,577.37878,7.21574,833.24353,0.24890,0
2859,618.83418,247.65045,770.65067,8,0,0,0.00000,0.00000,0.00000,0.00000,0.00000,0.00000,0.09504,0
2860,618.76874,248.05204,691.67410,12,1,0,0.25926,0.73387,2.00000,230.95151,0.00000,0.00000,0.22445,0
2861,618.70329,248.45364,612.69753,12,1,0,0.26325,0.83471,3.00000,346.42725,3.36158,388.18146,0.23405,0
2862,618.63785,248.85523,533.72096,12,1,0,0.27752,0.96185,4.12311,476.11871,5.75999,665.13971,0.24851,0
2863,618.69222,287.33940,731.36327,12,1,0,0.24635,0.68378,2.00000,230.95151,0.00000,0.00000,0.24352,0
2864,618.62677,287.74099,652.38670,12,1,0,0.27344,0.87258,3.00000,346.42725,3.85688,445.37573,0.25254,0
2865,619.08591,52.01688,414.25168,8,0,0,0.28586,0.76075,2.23607,258.21164,2.79925,323.24515,0.17555,0
2866,619.02046,52.41847,335.27511,8,0,0,0.30605,0.90137,3.74166,432.07071,4.36881,504.49149,0.18259,0
2867,618.95502,52.82006,256.29854,8,0,0,0.30221,0.83957,3.00000,346.42725,3.84811,444.36395,0.19834,0
2868,618.88957,53.22165,177.32197,8,0,0,0.30659,0.86523,3.31662,382.98975,4.06389,469.28064,0.18669,0
2869,619.07483,90.90264,532.91742,12,1,0,0.27782,0.96226,4.00000,461.90302,6.15102,710.29425,0.26182,0
2870,619.00938,91.30423,453.94085,12,1,0,0.26436,0.97290,5.00000,577.37878,7.02785,811.54626,0.26586,0
2871,618.94394,91.70582,374.96428,12,1,0,0.25944,1.00000,5.00000,577.37878,7.85626,907.20728,0.27686,0
2872,618.87849,92.10741,295.98771,12,1,0,0.26577,1.00000,6.00000,692.85449,7.66538,885.16608,0.28621,0
2873,619.06375,129.78840,651.58316,12,1,0,0.26142,0.73497,2.23607,258.21164,0.00000,0.00000,0.21747,0
2874,618.99831,130.18999,572.60659,12,1,0,0.28190,0.91105,3.00000,346.42725,4.59489,530.59875,0.24243,0
2875,618.93286,130.59158,493.63002,12,1,0,0.27462,0.97541,4.00000,461.90302,6.32754,730.67725,0.24736,0
2876,619.05267,168.67416,770.24890,8,0,0,0.00000,0.00000,0.00000,0.00000,0.00000,0.00000,0.10458,0
2877,618.98723,169.07575,691.27233,12,1,0,0.25400,0.72776,1.73205,200.00987,0.00000,0.00000,0.23078,0
2878,618.92178,169.47734,612.29576,12,1,0,0.27595,0.86921,3.00000,346.42725,3.69294,426.44522,0.24070,0
2879,618.91071,208.36310,730.96150,12,1,0,0.24830,0.69189,1.41421,163.30737,0.00000,0.00000,0.22458,0
2880,619.34768,50.41051,730.15796,8,0,0,0.23136,0.57808,1.41421,163.30737,0.00000,0.00000,0.16090,0
2881,619.28224,50.81210,651.18139,8,0,0,0.25382,0.67297,1.41421,163.30737,0.00000,0.00000,0.16941,0
2882,619.21679,51.21369,572.20482,8,0,0,0.28093,0.74462,2.44949,282.85669,2.91000,336.03445,0.17459,0
2883,619.15135,51.61528,493.22825,8,0,0,0.28824,0.80548,2.44949,282.85669,3.04363,351.46506,0.17779,0
2884,619.27116,89.69786,769.84713,8,0,0,0.00000,0.00000,0.00000,0.00000,0.00000,0.00000,0.10771,0
2885,619.20572,90.09945,690.87056,12,1,0,0.25215,0.70027,2.00000,230.95151,0.00000,0.00000,0.20544,0
2886,619.14027,90.50105,611.89399,12,1,0,0.29496,0.89617,3.00000,346.42725,4.34691,501.96237,0.21075,0
2887,619.12920,129.38681,730.55973,12,1,0,0.24081,0.68033,1.73205,200.00987,0.00000,0.00000,0.22157,0
2888,656.31365,764.72010,62.44088,5,0,0,0.00000,0.00000,0.00000,0.00000,0.00000,0.00000,0.00909,0
2889,656.59758,685.34221,141.01568,12,1,0,0.26991,1.00000,5.19615,600.02960,7.03022,811.81970,0.26739,0
2890,656.53214,685.74380,62.03911,8,0,0,0.14575,0.31335,0.00000,0.00000,0.00000,0.00000,0.14144,0
2891,656.58650,724.22797,259.68142,12,1,0,0.26093,1.00000,6.00000,692.85449,7.39074,853.45166,0.27104,0
2892,656.52106,724.62957,180.70485,12,1,0,0.26022,1.00000,6.00000,692.85449,7.42643,857.57300,0.25222,0
2893,656.45561,725.03116,101.72828,12,1,0,0.29445,1.00000,5.00000,577.37878,6.25000,721.72345,0.23091,0
2894,656.57543,763.11373,378.34716,8,0,0,0.00000,0.00000,0.00000,0.00000,0.00000,0.00000,0.01184,0
2895,656.50998,763.51533,299.37059,8,0,0,0.00000,0.00000,0.00000,0.00000,0.00000,0.00000,0.01158,0
2896,656.44454,763.91692,220.39402,8,0,0,0.00000,0.00000,0.00000,0.00000,0.00000,0.00000,0.01011,0
2897,656.37909,764.31851,141.41745,8,0,0,0.00000,0.00000,0.00000,0.00000,0.00000,0.00000,0.01645,0
2898,656.81607,606.36592,140.61391,12,1,0,0.28728,1.00000,5.00000,577.37878,6.49685,750.22833,0.25427,0
2899,656.75063,606.76751,61.63734,8,0,0,0.13618,0.27717,0.00000,0.00000,0.00000,0.00000,0.13677,0
2900,656.87044,644.85009,338.25622,12,1,0,0.25972,1.00000,6.08276,702.41162,7.72532,892.08765,0.26829,0
2901,656.80499,645.25168,259.27965,12,1,0,0.28782,1.00000,5.09902,588.81311,6.68842,772.34985,0.22861,0
2902,656.73955,645.65327,180.30308,12,1,0,0.26447,1.00000,6.08276,702.41162,7.46315,861.81335,0.26317,0
2903,656.67410,646.05486,101.32651,12,1,0,0.29270,0.99727,4.89898,565.71338,6.06591,700.46515,0.25037,0
2904,656.85936,683.73585,456.92196,12,1,0,0.28388,0.99734,5.19615,600.02960,6.76014,780.63281,0.26349,0
2905,656.79392,684.13744,377.94539,12,1,0,0.27180,1.00000,6.08276,702.41162,7.27448,840.02637,0.25683,0
2906,656.72847,684.53903,298.96882,12,1,0,0.27929,0.98361,4.24264,489.92212,6.51494,752.31787,0.24102,0
2907,656.66303,684.94062,219.99225,12,1,0,0.26494,1.00000,6.00000,692.85449,7.32356,845.69366,0.25581,0
2908,656.84828,722.62161,575.58771,12,1,0,0.31088,0.98361,4.47214,516.42328,5.49062,634.03381,0.24314,0
2909,656.78284,723.02320,496.61114,12,1,0,0.29111,1.00000,5.09902,588.81311,6.49866,750.43719,0.24666,0
2910,656.71739,723.42479,417.63456,12,1,0,0.27410,1.00000,5.38516,621.85596,6.90695,797.58490,0.25818,0
2911,656.65195,723.82638,338.65799,12,1,0,0.28264,1.00000,5.19615,600.02960,6.65864,768.91113,0.24179,0
2912,656.83721,761.50737,694.25345,8,0,0,0.00000,0.00000,0.00000,0.00000,0.00000,0.00000,0.01005,0
2913,656.77176,761.90896,615.27688,8,0,0,0.00000,0.00000,0.00000,0.00000,0.00000,0.00000,0.01222,0
2914,656.70632,762.31055,536.30031,8,0,0,0.00000,0.00000,0.00000,0.00000,0.00000,0.00000,0.01626,0
2915,656.64087,762.71214,457.32374,8,0,0,0.00000,0.00000,0.00000,0.00000,0.00000,0.00000,0.01120,0
2916,657.11108,488.10227,100.52297,12,1,0,0.29967,0.98626,4.58258,529.17639,5.84261,674.67987,0.25690,0
2917,657.10000,526.98803,219.18871,12,1,0,0.26777,1.00000,5.74456,663.35773,7.43208,858.22498,0.26816,0
2918,657.03456,527.38962,140.21214,12,1,0,0.27463,1.00000,6.00000,692.85449,6.95286,802.88708,0.26157,0
2919,656.96912,527.79121,61.23557,8,0,0,0.12212,0.23747,0.00000,0.00000,0.00000,0.00000,0.12902,0
2920,657.08893,565.87379,337.85445,12,1,0,0.26290,1.00000,6.40312,739.40558,7.69134,888.16309,0.26688,0
2921,657.02348,566.27538,258.87788,12,1,0,0.25939,1.00000,6.00000,692.85449,7.64286,882.56464,0.26874,0
2922,656.95804,566.67698,179.90131,12,1,0,0.26829,1.00000,6.00000,692.85449,7.45351,860.70013,0.26701,0
2923,656.89259,567.07857,100.92474,12,1,0,0.29820,0.98118,4.24264,489.92212,5.96371,688.66418,0.25568,0
2924,657.07785,604.75955,456.52019,12,1,0,0.26584,1.00000,5.47723,632.48676,7.20940,832.51062,0.27238,0
2925,657.01240,605.16114,377.54362,12,1,0,0.26509,1.00000,6.00000,692.85449,7.31148,844.29895,0.26554,0
2926,656.94696,605.56274,298.56705,12,1,0,0.25292,1.00000,6.08276,702.41162,7.70515,889.75806,0.27059,0
2927,656.88152,605.96433,219.59048,12,1,0,0.26923,1.00000,6.00000,692.85449,7.26210,838.59619,0.26278,0
2928,657.06677,643.64531,575.18594,12,1,0,0.29666,0.98645,4.24264,489.92212,5.97753,690.26019,0.26451,0
2929,657.00133,644.04691,496.20936,12,1,0,0.29440,1.00000,5.00000,577.37878,6.43013,742.52405,0.26445,0
2930,656.93588,644.44850,417.23279,12,1,0,0.27300,1.00000,5.09902,588.81311,6.96922,804.77563,0.26317,0
2931,657.12114,682.12948,772.82825,8,0,0,0.00943,0.01323,0.00000,0.00000,0.00000,0.00000,0.11104,0
2932,657.05569,682.53108,693.85168,12,1,0,0.27221,0.78261,3.00000,346.42725,3.01997,348.73349,0.23238,0
2933,656.99025,682.93267,614.87511,12,1,0,0.30735,0.93280,4.12311,476.11871,4.89540,565.30029,0.24288,0
2934,656.92481,683.33426,535.89854,12,1,0,0.29743,0.98930,5.00000,577.37878,6.14212,709.26538,0.26182,0
2935,656.97917,721.81843,733.54085,12,1,0,0.27822,0.75946,2.23607,258.21164,2.62000,302.54645,0.22726,0
2936,656.91373,722.22002,654.56428,12,1,0,0.30395,0.90437,3.74166,432.07071,4.54217,524.51074,0.24307,0
2937,656.90265,761.10578,773.23002,5,0,0,0.00000,0.00000,0.00000,0.00000,0.00000,0.00000,0.00774,0
2938,657.32957,409.12598,100.12120,12,1,0,0.30283,0.98378,5.00000,577.37878,5.81676,671.69476,0.24230,0
2939,657.31849,448.01174,218.78694,12,1,0,0.26364,1.00000,6.00000,692.85449,7.61429,879.26544,0.26957,0
2940,657.25305,448.41333,139.81037,12,1,0,0.27982,1.00000,5.00000,577.37878,6.78959,784.03326,0.26227,0
2941,657.18760,448.81492,60.83380,8,0,0,0.13014,0.25000,0.00000,0.00000,0.00000,0.00000,0.13037,0
2942,657.37286,486.49591,416.42925,12,1,0,0.26316,1.00000,5.91608,683.16382,7.40528,855.13013,0.27469,0
2943,657.30742,486.89750,337.45268,12,1,0,0.25034,1.00000,6.40312,739.40558,7.77640,897.98535,0.26688,0
2944,657.24197,487.29909,258.47611,12,1,0,0.24473,1.00000,6.16441,711.84033,7.93293,916.06097,0.26995,0
2945,657.17653,487.70068,179.49954,12,1,0,0.26473,1.00000,6.00000,692.85449,7.25474,837.74652,0.26182,0
2946,657.36178,525.38167,535.09499,12,1,0,0.29120,0.99183,4.24264,489.92212,6.29398,726.80261,0.26432,0
2947,657.29634,525.78326,456.11842,12,1,0,0.27530,1.00000,5.00000,577.37878,7.04978,814.07812,0.26355,0
2948,657.23089,526.18485,377.14185,12,1,0,0.26700,1.00000,6.00000,692.85449,7.54241,870.96600,0.27085,0
2949,657.16545,526.58644,298.16528,12,1,0,0.25206,1.00000,6.00000,692.85449,7.75797,895.85797,0.27155,0
2950,657.35071,564.26743,653.76074,12,1,0,0.28688,0.86141,3.31662,382.98975,3.98249,459.88129,0.25530,0
2951,657.28526,564.66902,574.78416,12,1,0,0.29079,0.97826,4.58258,529.17639,5.70175,658.41400,0.24621,0
2952,657.21982,565.07061,495.80759,12,1,0,0.28868,0.99734,5.19615,600.02960,6.61667,764.06494,0.26726,0
2953,657.15437,565.47220,416.83102,12,1,0,0.26074,1.00000,6.08276,702.41162,7.37537,851.67670,0.26240,0
2954,657.33963,603.15319,772.42648,8,0,0,0.00196,0.00273,0.00000,0.00000,0.00000,0.00000,0.11040,0
2955,657.27418,603.55478,693.44991,12,1,0,0.27069,0.76584,2.82843,326.61475,2.92319,337.55789,0.23629,0
2956,657.20874,603.95637,614.47334,12,1,0,0.30797,0.93407,3.74166,432.07071,4.68000,540.42651,0.25472,0
2957,657.14329,604.35796,535.49676,12,1,0,0.29284,1.00000,5.00000,577.37878,6.04876,698.48505,0.26534,0
2958,657.19766,642.84213,733.13908,12,1,0,0.27645,0.72703,2.00000,230.95151,2.10526,243.10686,0.23514,0
2959,657.13222,643.24372,654.16251,12,1,0,0.30633,0.87968,3.16228,365.16641,4.22267,487.61551,0.24512,0
2960,657.62458,290.86233,60.03026,8,0,0,0.15948,0.32796,0.00000,0.00000,0.00000,0.00000,0.13274,0
2961,657.61350,329.74809,178.69600,12,1,0,0.26813,1.00000,5.09902,588.81311,7.19769,831.15814,0.25786,0
2962,657.54806,330.14968,99.71943,12,1,0,0.28345,0.98623,4.24264,489.92212,6.27752,724.90100,0.24422,0
2963,657.60243,368.63385,297.36174,12,1,0,0.25366,1.00000,6.08276,702.41162,7.73313,892.98889,0.24698,0
2964,657.53698,369.03544,218.38517,12,1,0,0.26065,1.00000,6.00000,692.85449,7.54618,871.40063,0.25568,0
2965,657.47154,369.43703,139.40860,12,1,0,0.27307,1.00000,5.09902,588.81311,6.75541,780.08618,0.25818,0
2966,657.40609,369.83863,60.43203,8,0,0,0.13784,0.27869,0.00000,0.00000,0.00000,0.00000,0.12563,0
2967,657.59135,407.51961,416.02748,12,1,0,0.26912,1.00000,5.09902,588.81311,7.08372,817.99768,0.25907,0
2968,657.52590,407.92120,337.05091,12,1,0,0.25257,1.00000,6.16441,711.84033,7.97635,921.07489,0.25894,0
2969,657.46046,408.32279,258.07434,12,1,0,0.25976,1.00000,6.00000,692.85449,7.42354,857.23834,0.25843,0
2970,657.39502,408.72439,179.09777,12,1,0,0.26537,1.00000,5.00000,577.37878,7.29424,842.30811,0.25664,0
2971,657.58027,446.40537,534.69322,12,1,0,0.27691,0.97527,4.58258,529.17639,6.36538,735.04712,0.26112,0
2972,657.51483,446.80696,455.71665,12,1,0,0.26471,0.99723,5.19615,600.02960,7.06550,815.89362,0.24685,0
2973,657.44938,447.20856,376.74008,12,1,0,0.26084,1.00000,6.00000,692.85449,7.32755,846.15399,0.26144,0
2974,657.38394,447.61015,297.76351,12,1,0,0.25069,1.00000,6.00000,692.85449,7.81100,901.98053,0.27104,0
2975,657.56919,485.29113,653.35896,12,1,0,0.28624,0.85399,3.16228,365.16641,3.84036,443.46823,0.23955,0
2976,657.50375,485.69272,574.38239,12,1,0,0.29125,0.96978,4.12311,476.11871,5.57109,643.32550,0.25549,0
2977,657.43831,486.09432,495.40582,12,1,0,0.27790,1.00000,5.00000,577.37878,6.87695,794.12146,0.26349,0
2978,657.55812,524.17689,772.02471,8,0,0,0.00000,0.00000,0.00000,0.00000,0.00000,0.00000,0.10310,0
2979,657.49267,524.57849,693.04814,12,1,0,0.27181,0.73425,2.44949,282.85669,2.89665,334.49319,0.22829,0
2980,657.42723,524.98008,614.07156,12,1,0,0.30160,0.86486,3.00000,346.42725,4.16052,480.43958,0.21728,0
2981,657.41615,563.86584,732.73731,12,1,0,0.25027,0.64560,2.44949,282.85669,2.29565,265.09216,0.21702,0
2982,657.84307,211.88604,59.62849,8,0,0,0.14974,0.31421,0.00000,0.00000,0.00000,0.00000,0.13754,0
2983,657.83199,250.77180,178.29423,12,1,0,0.26142,1.00000,5.09902,588.81311,7.68449,887.37189,0.26426,0
2984,657.76655,251.17339,99.31766,12,1,0,0.29370,0.99191,5.00000,577.37878,6.22804,719.18756,0.24621,0
2985,657.82092,289.65756,296.95997,12,1,0,0.25941,1.00000,6.00000,692.85449,7.57128,874.29913,0.24410,0
2986,657.75547,290.05915,217.98340,12,1,0,0.26368,1.00000,5.19615,600.02960,7.62092,880.03119,0.25536,0
2987,657.69003,290.46074,139.00683,12,1,0,0.26462,1.00000,5.00000,577.37878,7.14932,825.57257,0.25683,0
2988,657.80984,328.54332,415.62571,12,1,0,0.26090,1.00000,6.00000,692.85449,7.45262,860.59711,0.25427,0
2989,657.74439,328.94491,336.64914,12,1,0,0.27849,1.00000,5.00000,577.37878,6.81017,786.40973,0.23091,0
2990,657.67895,329.34650,257.67257,12,1,0,0.25913,1.00000,5.19615,600.02960,7.67013,885.71381,0.25018,0
2991,657.86421,367.02749,613.26802,12,1,0,0.29270,0.91176,3.16228,365.16641,4.84568,559.55865,0.24346,0
2992,657.79876,367.42908,534.29145,12,1,0,0.27042,0.96164,4.00000,461.90302,6.20123,716.09216,0.26957,0
2993,657.73332,367.83067,455.31488,12,1,0,0.28219,0.99457,4.58258,529.17639,6.50258,750.89044,0.25338,0
2994,657.66787,368.23226,376.33831,12,1,0,0.25992,1.00000,6.00000,692.85449,7.61121,878.91034,0.26170,0
2995,657.85313,405.91325,731.93376,12,1,0,0.27053,0.68533,2.82843,326.61475,2.30117,265.72913,0.22246,0
2996,657.78768,406.31484,652.95719,12,1,0,0.29086,0.84225,2.82843,326.61475,3.84025,443.45618,0.23821,0
2997,657.72224,406.71643,573.98062,12,1,0,0.28364,0.94624,3.16228,365.16641,5.42376,626.31305,0.25734,0
2998,657.65679,407.11802,495.00405,12,1,0,0.27882,0.98930,4.12311,476.11871,6.88567,795.12787,0.25773,0
2999,657.77661,445.20060,771.62294,8,0,0,0.00000,0.00000,0.00000,0.00000,0.00000,0.00000,0.10189,0
3000,657.71116,445.60219,692.64636,12,1,0,0.27434,0.76438,2.82843,326.61475,3.05436,352.70499,0.22976,0
3001,657.64572,446.00378,613.66979,12,1,0,0.29235,0.92896,4.00000,461.90302,4.68175,540.62860,0.25293,0
3002,657.63464,484.88954,732.33554,12,1,0,0.26188,0.67391,2.23607,258.21164,2.40000,277.14182,0.23814,0
3003,658.06156,132.90974,59.22671,8,0,0,0.19128,0.42133,1.00000,115.47575,0.00000,0.00000,0.13683,0
3004,658.11593,171.39391,256.86903,12,1,0,0.25381,1.00000,6.00000,692.85449,7.73516,893.22296,0.26003,0
3005,658.05048,171.79550,177.89246,12,1,0,0.27473,1.00000,5.09902,588.81311,7.31216,844.37762,0.25952,0
3006,657.98504,172.19709,98.91589,12,1,0,0.29324,0.99733,4.58258,529.17639,6.46422,746.46045,0.24742,0
3007,658.10485,210.27967,375.53477,12,1,0,0.26109,1.00000,5.47723,632.48676,7.48855,864.74628,0.25734,0
3008,658.03941,210.68126,296.55820,12,1,0,0.25052,1.00000,6.00000,692.85449,7.86393,908.09283,0.25901,0
3009,657.97396,211.08285,217.58163,12,1,0,0.26657,1.00000,5.00000,577.37878,7.38612,852.91809,0.24845,0
3010,657.90852,211.48444,138.60506,12,1,0,0.27455,1.00000,5.09902,588.81311,6.92953,800.19269,0.26182,0
3011,658.09377,249.16543,494.20051,12,1,0,0.28594,0.97872,4.12311,476.11871,6.47105,747.24921,0.25696,0
3012,658.02833,249.56702,415.22394,12,1,0,0.27152,1.00000,5.00000,577.37878,7.06058,815.32568,0.25043,0
3013,657.96288,249.96861,336.24737,12,1,0,0.26652,1.00000,6.00000,692.85449,7.45724,861.13086,0.25498,0
3014,657.89744,250.37020,257.27080,12,1,0,0.26044,1.00000,5.00000,577.37878,7.55267,872.15027,0.25875,0
3015,658.08269,288.05119,612.86625,12,1,0,0.28849,0.91421,4.00000,461.90302,4.68421,540.91272,0.24378,0
3016,658.01725,288.45278,533.88968,12,1,0,0.28115,0.97305,4.24264,489.92212,6.24590,721.24957,0.25670,0
3017,657.95181,288.85437,454.91311,12,1,0,0.27532,0.98656,5.00000,577.37878,7.02011,810.65234,0.26675,0
3018,657.88636,289.25597,375.93654,12,1,0,0.26772,1.00000,5.00000,577.37878,7.50264,866.37329,0.25805,0
3019,658.07162,326.93695,731.53199,12,1,0,0.24156,0.62398,2.00000,230.95151,0.00000,0.00000,0.22349,0
3020,658.00617,327.33854,652.55542,12,1,0,0.26862,0.83471,3.00000,346.42725,3.53892,408.65891,0.24294,0
3021,657.94073,327.74014,573.57885,12,1,0,0.28300,0.93460,4.00000,461.90302,5.08130,586.76654,0.24506,0
3022,657.87528,328.14173,494.60228,12,1,0,0.27960,0.99728,5.00000,577.37878,6.58147,760.00043,0.25728,0
3023,657.99510,366.22430,771.22116,8,0,0,0.00000,0.00000,0.00000,0.00000,0.00000,0.00000,0.10406,0
3024,657.92965,366.62590,692.24459,12,1,0,0.26427,0.78202,2.00000,230.95151,2.23710,258.33044,0.23750,0
3025,658.34549,53.53185,137.80151,8,0,0,0.30685,0.84426,3.00000,346.42725,3.75648,433.78293,0.17434,0
3026,658.28005,53.93345,58.82494,5,0,0,0.21003,0.35733,1.00000,115.47575,0.00000,0.00000,0.07507,0
3027,658.33442,92.41762,256.46726,12,1,0,0.25490,1.00000,6.00000,692.85449,7.77573,897.90802,0.27296,0
3028,658.26897,92.81921,177.49069,12,1,0,0.25977,1.00000,6.00000,692.85449,7.31397,844.58649,0.25024,0
3029,658.20353,93.22080,98.51411,12,1,0,0.28651,1.00000,5.00000,577.37878,6.22997,719.41022,0.24429,0
3030,658.32334,131.30338,375.13300,12,1,0,0.26065,1.00000,5.00000,577.37878,7.46803,862.37671,0.25190,0
3031,658.25789,131.70497,296.15643,12,1,0,0.25552,1.00000,6.00000,692.85449,7.81331,902.24817,0.26419,0
3032,658.19245,132.10656,217.17986,12,1,0,0.26909,1.00000,6.00000,692.85449,7.45402,860.75842,0.26650,0
3033,658.12700,132.50815,138.20329,12,1,0,0.26490,1.00000,5.19615,600.02960,7.09024,818.75079,0.24666,0
3034,658.31226,170.18914,493.79874,12,1,0,0.27035,0.95652,4.00000,461.90302,6.05761,699.50659,0.24909,0
3035,658.24682,170.59073,414.82217,12,1,0,0.26819,1.00000,5.47723,632.48676,7.11402,821.49725,0.24448,0
3036,658.18137,170.99232,335.84560,12,1,0,0.26562,1.00000,6.00000,692.85449,7.70685,889.95453,0.25939,0
3037,658.36663,208.67331,691.44105,12,1,0,0.26343,0.70055,2.00000,230.95151,0.00000,0.00000,0.22195,0
3038,658.30118,209.07490,612.46448,12,1,0,0.27669,0.88283,3.00000,346.42725,4.03066,465.44373,0.24928,0
3039,658.23574,209.47649,533.48791,12,1,0,0.26038,0.76667,2.23607,258.21164,0.00000,0.00000,0.22694,0
3040,658.17029,209.87808,454.51134,12,1,0,0.26935,1.00000,5.00000,577.37878,6.98829,806.97784,0.25562,0
3041,658.29011,247.96066,731.13022,12,1,0,0.22794,0.57867,1.00000,115.47575,0.00000,0.00000,0.22406,0
3042,658.22466,248.36225,652.15365,12,1,0,0.26056,0.80435,2.00000,230.95151,2.22703,257.16760,0.24966,0
3043,658.15922,248.76384,573.17708,12,1,0,0.27265,0.87234,2.23607,258.21164,3.91013,451.52551,0.25069,0
3044,658.21358,287.24801,770.81939,8,0,0,0.00000,0.00000,0.00000,0.00000,0.00000,0.00000,0.10278,0
3045,658.14814,287.64960,691.84282,12,1,0,0.26411,0.75410,2.44949,282.85669,2.32558,268.54825,0.23130,0
3046,658.60727,51.92549,453.70780,8,0,0,0.28302,0.73171,2.23607,258.21164,2.40000,277.14182,0.17018,0
3047,658.54183,52.32708,374.73123,8,0,0,0.30762,0.87637,3.60555,416.35376,4.33284,500.33835,0.17267,0
3048,658.47638,52.72867,295.75466,8,0,0,0.30230,0.83657,3.16228,365.16641,3.85512,445.17340,0.17965,0
3049,658.41094,53.13026,216.77809,8,0,0,0.31534,0.90984,4.00000,461.90302,4.56959,527.67639,0.18272,0
3050,658.59620,90.81125,572.37354,12,1,0,0.26883,0.90959,3.16228,365.16641,4.67952,540.37091,0.25984,0
3051,658.53075,91.21284,493.39697,12,1,0,0.26697,0.96154,4.00000,461.90302,6.32621,730.52429,0.25990,0
3052,658.46531,91.61443,414.42040,12,1,0,0.26869,1.00000,5.00000,577.37878,7.04764,813.83167,0.25702,0
3053,658.39986,92.01602,335.44383,12,1,0,0.26475,1.00000,6.00000,692.85449,7.37024,851.08447,0.27629,0
3054,658.58512,129.69701,691.03928,12,1,0,0.24796,0.75000,2.00000,230.95151,2.24500,259.24304,0.24435,0
3055,658.51967,130.09860,612.06271,12,1,0,0.26383,0.84239,2.23607,258.21164,3.56152,411.26883,0.24019,0
3056,658.45423,130.50019,533.08614,12,1,0,0.28663,0.96216,4.00000,461.90302,5.75000,663.98560,0.26144,0
3057,658.38878,130.90178,454.10957,12,1,0,0.28448,0.98641,4.24264,489.92212,6.38471,737.27917,0.25101,0
3058,658.50860,168.98436,730.72845,12,1,0,0.23031,0.63115,1.41421,163.30737,0.00000,0.00000,0.22067,0
3059,658.44315,169.38595,651.75188,12,1,0,0.25936,0.80165,3.00000,346.42725,2.89250,334.01361,0.24243,0
3060,658.37771,169.78755,572.77531,12,1,0,0.26882,0.88076,3.00000,346.42725,4.05485,468.23724,0.24819,0
3061,658.43207,208.27172,770.41762,8,0,0,0.00000,0.00000,0.00000,0.00000,0.00000,0.00000,0.11085,0
3062,658.86905,50.31913,769.61408,5,0,0,0.00210,0.00272,0.00000,0.00000,0.00000,0.00000,0.07014,0
3063,658.80361,50.72072,690.63751,8,0,0,0.24595,0.66033,2.00000,230.95151,0.00000,0.00000,0.16742,0
3064,658.73816,51.12231,611.66094,8,0,0,0.26900,0.73497,2.23607,258.21164,2.21364,255.62134,0.17888,0
3065,658.67272,51.52390,532.68437,8,0,0,0.28817,0.82740,3.16228,365.16641,3.66997,423.79251,0.17997,0
3066,658.72708,90.00807,730.32668,12,1,0,0.23106,0.65416,1.00000,115.47575,0.00000,0.00000,0.23859,0
3067,658.66164,90.40966,651.35011,12,1,0,0.27353,0.84973,2.23607,258.21164,3.17661,366.82178,0.22675,0
3068,658.65056,129.29542,770.01585,8,0,0,0.00000,0.00000,0.00000,0.00000,0.00000,0.00000,0.11366,0
3069,695.83502,764.62871,101.89700,8,0,0,0.00000,0.00000,0.00000,0.00000,0.00000,0.00000,0.01286,0
3070,696.11895,685.25083,180.47180,12,1,0,0.26971,1.00000,6.00000,692.85449,7.11057,821.09882,0.26470,0
3071,696.05350,685.65242,101.49523,12,1,0,0.29732,1.00000,5.00000,577.37878,5.81465,671.45105,0.25146,0
3072,696.10787,724.13659,299.13754,12,1,0,0.27266,1.00000,6.00000,692.85449,7.39303,853.71576,0.28282,0
3073,696.04243,724.53818,220.16097,12,1,0,0.25716,1.00000,6.08276,702.41162,7.50586,866.74518,0.25632,0
3074,695.97698,724.93977,141.18440,12,1,0,0.29789,0.98391,4.58258,529.17639,6.24087,720.66925,0.22880,0
3075,695.91154,725.34136,62.20783,8,0,0,0.18090,0.39130,1.00000,115.47575,0.00000,0.00000,0.13946,0
3076,696.09679,763.02235,417.80328,8,0,0,0.00000,0.00000,0.00000,0.00000,0.00000,0.00000,0.01197,0
3077,696.03135,763.42394,338.82671,8,0,0,0.00000,0.00000,0.00000,0.00000,0.00000,0.00000,0.01574,0
3078,695.96590,763.82553,259.85014,8,0,0,0.00000,0.00000,0.00000,0.00000,0.00000,0.00000,0.01082,0
3079,695.90046,764.22712,180.87357,8,0,0,0.00000,0.00000,0.00000,0.00000,0.00000,0.00000,0.01472,0
3080,696.34852,567.38877,61.40429,8,0,0,0.14208,0.28846,0.00000,0.00000,0.00000,0.00000,0.13459,0
3081,696.33744,606.27453,180.07003,12,1,0,0.26490,1.00000,5.74456,663.35773,7.35479,849.30011,0.27187,0
3082,696.27199,606.67612,101.09346,12,1,0,0.29846,0.99729,4.47214,516.42328,6.10581,705.07288,0.25120,0
3083,696.32636,645.16029,298.73577,12,1,0,0.25291,1.00000,6.08276,702.41162,7.89935,912.18323,0.29037,0
3084,696.26092,645.56188,219.75920,12,1,0,0.25947,1.00000,6.08276,702.41162,7.40237,854.79468,0.26464,0
3085,696.19547,645.96348,140.78263,12,1,0,0.28615,1.00000,4.89898,565.71338,6.81338,786.77991,0.26246,0
3086,696.13003,646.36507,61.80606,8,0,0,0.15727,0.32698,0.00000,0.00000,0.00000,0.00000,0.14426,0
3087,696.31528,684.04605,417.40151,12,1,0,0.28295,1.00000,5.00000,577.37878,6.58424,760.32001,0.26515,0
3088,696.24984,684.44764,338.42494,12,1,0,0.26140,1.00000,5.91608,683.16382,7.28269,840.97388,0.26758,0
3089,696.18439,684.84924,259.44837,12,1,0,0.25475,1.00000,6.00000,692.85449,7.52672,869.15405,0.26362,0
3090,696.36965,722.53022,615.04383,12,1,0,0.29446,0.95640,3.74166,432.07071,5.58059,644.42328,0.24781,0
3091,696.30421,722.93181,536.06725,12,1,0,0.29183,0.97872,4.12311,476.11871,6.33310,731.31946,0.26426,0
3092,696.23876,723.33341,457.09068,12,1,0,0.29222,1.00000,4.89898,565.71338,6.42378,741.79120,0.26541,0
3093,696.17332,723.73500,378.11411,12,1,0,0.27666,1.00000,5.09902,588.81311,6.99144,807.34149,0.27674,0
3094,696.35857,761.41598,733.70957,8,0,0,0.00000,0.00000,0.00000,0.00000,0.00000,0.00000,0.01344,0
3095,696.29313,761.81758,654.73300,8,0,0,0.00000,0.00000,0.00000,0.00000,0.00000,0.00000,0.01018,0
3096,696.22768,762.21917,575.75643,8,0,0,0.00000,0.00000,0.00000,0.00000,0.00000,0.00000,0.01350,0
3097,696.16224,762.62076,496.77985,8,0,0,0.00000,0.00000,0.00000,0.00000,0.00000,0.00000,0.01114,0
3098,696.56700,488.41248,61.00252,8,0,0,0.11723,0.22616,0.00000,0.00000,0.00000,0.00000,0.12858,0
3099,696.62137,526.89665,258.64483,12,1,0,0.25189,1.00000,6.00000,692.85449,7.77053,897.30731,0.27590,0
3100,696.55593,527.29824,179.66826,12,1,0,0.26131,1.00000,6.00000,692.85449,7.48667,864.52844,0.27968,0
3101,696.49048,527.69983,100.69169,12,1,0,0.29397,0.99724,4.69042,541.62933,6.13403,708.33118,0.26797,0
3102,696.61029,565.78241,377.31057,12,1,0,0.25401,1.00000,6.00000,692.85449,7.77509,897.83441,0.28864,0
3103,696.54485,566.18400,298.33400,12,1,0,0.25468,1.00000,6.40312,739.40558,7.77609,897.94995,0.28602,0
3104,696.47940,566.58559,219.35743,12,1,0,0.25779,1.00000,6.08276,702.41162,7.56202,873.22986,0.27270,0
3105,696.41396,566.98718,140.38086,12,1,0,0.27340,1.00000,5.38516,621.85596,7.02535,811.25763,0.25171,0
3106,696.59922,604.66817,495.97631,12,1,0,0.27508,0.99178,4.47214,516.42328,6.70165,773.87805,0.26906,0
3107,696.53377,605.06976,416.99974,12,1,0,0.26705,1.00000,5.00000,577.37878,7.42277,857.14996,0.27597,0
3108,696.46833,605.47135,338.02317,12,1,0,0.25861,1.00000,6.00000,692.85449,7.64695,883.03735,0.29088,0
3109,696.40288,605.87294,259.04660,12,1,0,0.25481,1.00000,6.08276,702.41162,7.72878,892.48633,0.27277,0
3110,696.58814,643.55393,614.64205,12,1,0,0.30314,0.96133,4.12311,476.11871,5.19316,599.68378,0.24544,0
3111,696.52269,643.95552,535.66548,12,1,0,0.28317,1.00000,5.38516,621.85596,6.47630,747.85596,0.27507,0
3112,696.45725,644.35711,456.68891,12,1,0,0.26473,1.00000,6.08276,702.41162,7.23594,835.57526,0.27981,0
3113,696.39181,644.75870,377.71234,12,1,0,0.25648,1.00000,6.00000,692.85449,7.68216,887.10309,0.29018,0
3114,696.57706,682.43969,733.30780,12,1,0,0.26304,0.66851,2.00000,230.95151,0.00000,0.00000,0.22253,0
3115,696.51162,682.84128,654.33123,12,1,0,0.29129,0.87705,3.16228,365.16641,4.18272,483.00266,0.24320,0
3116,696.44617,683.24287,575.35465,12,1,0,0.29510,0.97527,4.12311,476.11871,5.71762,660.24689,0.25485,0
3117,696.38073,683.64446,496.37808,12,1,0,0.29789,1.00000,5.00000,577.37878,6.07465,701.47534,0.25286,0
3118,696.50054,721.72704,772.99697,8,0,0,0.00000,0.00000,0.00000,0.00000,0.00000,0.00000,0.10010,0
3119,696.43509,722.12863,694.02040,12,1,0,0.28626,0.80541,2.44949,282.85669,3.31189,382.44345,0.22522,0
3120,696.85094,409.03459,139.57732,12,1,0,0.28352,1.00000,5.09902,588.81311,6.64395,767.21478,0.25606,0
3121,696.78549,409.43618,60.60075,8,0,0,0.14710,0.28571,0.00000,0.00000,0.00000,0.00000,0.13504,0
3122,696.83986,447.92035,258.24306,12,1,0,0.26460,1.00000,5.19615,600.02960,7.64391,882.68604,0.28006,0
3123,696.77442,448.32194,179.26649,12,1,0,0.26667,1.00000,5.09902,588.81311,7.32038,845.32678,0.27424,0
3124,696.70897,448.72353,100.28992,12,1,0,0.30082,0.99189,4.89898,565.71338,6.18057,713.70593,0.26618,0
3125,696.82878,486.80611,376.90880,12,1,0,0.26327,1.00000,6.08276,702.41162,7.84968,906.44763,0.29011,0
3126,696.76334,487.20770,297.93223,12,1,0,0.25873,1.00000,6.00000,692.85449,7.95861,919.02686,0.28218,0
3127,696.69789,487.60929,218.95566,12,1,0,0.26327,1.00000,6.00000,692.85449,7.37779,851.95599,0.26253,0
3128,696.63245,488.01089,139.97909,12,1,0,0.28415,1.00000,5.09902,588.81311,6.52907,753.94916,0.25709,0
3129,696.81771,525.69187,495.57454,12,1,0,0.27485,0.99727,5.00000,577.37878,6.78654,783.68042,0.27578,0
3130,696.75226,526.09346,416.59797,12,1,0,0.26274,1.00000,6.00000,692.85449,7.40030,854.55487,0.28378,0
3131,696.68682,526.49506,337.62140,12,1,0,0.24949,1.00000,6.00000,692.85449,7.98453,922.01917,0.28736,0
3132,696.87207,564.17604,693.21685,12,1,0,0.31124,0.86170,3.16228,365.16641,4.07845,470.96167,0.24570,0
3133,696.80663,564.57763,614.24028,12,1,0,0.30973,0.95628,4.00000,461.90302,5.10397,589.38422,0.24992,0
3134,696.74118,564.97922,535.26371,12,1,0,0.29412,0.98945,4.47214,516.42328,6.29633,727.07294,0.27456,0
3135,696.67574,565.38082,456.28714,12,1,0,0.26720,1.00000,5.19615,600.02960,7.39851,854.34882,0.29690,0
3136,696.79555,603.46339,732.90603,12,1,0,0.27167,0.70411,2.23607,258.21164,2.73779,316.14795,0.22637,0
3137,696.73011,603.86499,653.92945,12,1,0,0.29564,0.88533,3.60555,416.35376,4.27698,493.88770,0.25242,0
3138,696.66466,604.26658,574.95288,12,1,0,0.30091,0.97838,4.12311,476.11871,5.76747,666.00281,0.25946,0
3139,696.71903,642.75075,772.59520,8,0,0,0.00000,0.00000,0.00000,0.00000,0.00000,0.00000,0.09683,0
3140,696.65358,643.15234,693.61863,12,1,0,0.28685,0.78261,3.00000,346.42725,3.26964,377.56393,0.22726,0
3141,697.06943,330.05830,139.17555,12,1,0,0.28398,1.00000,5.00000,577.37878,6.83382,789.14032,0.26234,0
3142,697.00398,330.45989,60.19898,8,0,0,0.15995,0.32337,1.00000,115.47575,0.00000,0.00000,0.13344,0
3143,697.12379,368.54247,336.81786,12,1,0,0.25966,1.00000,5.65685,653.22949,7.43280,858.30823,0.24659,0
3144,697.05835,368.94406,257.84129,12,1,0,0.26648,1.00000,5.09902,588.81311,7.65623,884.10931,0.27686,0
3145,696.99290,369.34565,178.86472,12,1,0,0.26519,1.00000,5.47723,632.48676,7.51936,868.30402,0.27987,0
3146,696.92746,369.74724,99.88815,12,1,0,0.29976,0.99734,4.58258,529.17639,6.36072,734.50934,0.26176,0
3147,697.11272,407.42823,455.48360,12,1,0,0.26376,1.00000,5.00000,577.37878,7.54611,871.39282,0.29504,0
3148,697.04727,407.82982,376.50703,12,1,0,0.25678,1.00000,6.00000,692.85449,7.79092,899.66254,0.27955,0
3149,696.98183,408.23141,297.53046,12,1,0,0.25137,1.00000,6.00000,692.85449,8.01986,926.09973,0.28954,0
3150,696.91638,408.63300,218.55389,12,1,0,0.25915,1.00000,5.09902,588.81311,7.61222,879.02722,0.27526,0
3151,697.10164,446.31399,574.14934,12,1,0,0.27418,0.92204,3.00000,346.42725,5.03425,581.33362,0.26726,0
3152,697.03619,446.71558,495.17277,12,1,0,0.28442,1.00000,5.00000,577.37878,6.81616,787.10162,0.26323,0
3153,696.97075,447.11717,416.19620,12,1,0,0.27233,1.00000,5.19615,600.02960,7.23667,835.65942,0.27194,0
3154,696.90531,447.51876,337.21963,12,1,0,0.25120,1.00000,6.00000,692.85449,7.97075,920.42780,0.28013,0
3155,697.09056,485.19975,692.81508,12,1,0,0.30216,0.78191,3.31662,382.98975,3.40026,392.64771,0.22643,0
3156,697.02512,485.60134,613.83851,12,1,0,0.30060,0.94070,4.24264,489.92212,5.07438,585.96759,0.25562,0
3157,696.95967,486.00293,534.86194,12,1,0,0.27676,0.97574,5.00000,577.37878,6.65372,768.34344,0.27603,0
3158,696.89423,486.40452,455.88537,12,1,0,0.26365,1.00000,6.00000,692.85449,7.44359,859.55426,0.29344,0
3159,697.01404,524.48710,732.50425,12,1,0,0.27568,0.68548,2.23607,258.21164,2.54373,293.73920,0.22394,0
3160,696.94859,524.88869,653.52768,12,1,0,0.29672,0.91530,3.16228,365.16641,4.58482,529.43512,0.25619,0
3161,696.88315,525.29028,574.55111,12,1,0,0.30423,0.94780,3.31662,382.98975,5.22688,603.57843,0.23904,0
3162,696.93752,563.77445,772.19343,8,0,0,0.00000,0.00000,0.00000,0.00000,0.00000,0.00000,0.09850,0
3163,697.36444,211.79465,99.08460,12,1,0,0.28142,0.99727,4.35890,503.34717,6.48127,748.42987,0.27354,0
3164,697.35336,250.68041,217.75035,12,1,0,0.25696,1.00000,6.00000,692.85449,7.98059,921.56451,0.28256,0
3165,697.28792,251.08200,138.77378,12,1,0,0.28033,1.00000,5.00000,577.37878,6.78193,783.14801,0.27117,0
3166,697.22247,251.48359,59.79720,8,0,0,0.16971,0.36011,0.00000,0.00000,0.00000,0.00000,0.14880,0
3167,697.34228,289.56617,336.41609,12,1,0,0.24795,1.00000,6.00000,692.85449,8.09072,934.28168,0.29395,0
3168,697.27684,289.96776,257.43952,12,1,0,0.24880,1.00000,5.38516,621.85596,8.08802,933.96991,0.28090,0
3169,697.21139,290.36935,178.46295,12,1,0,0.25474,1.00000,5.19615,600.02960,7.84131,905.48077,0.29069,0
3170,697.14595,290.77094,99.48638,12,1,0,0.28103,1.00000,4.89898,565.71338,6.39259,738.18909,0.27226,0
3171,697.33121,328.45193,455.08183,12,1,0,0.26259,1.00000,5.00000,577.37878,7.34538,848.21326,0.29357,0
3172,697.26576,328.85352,376.10526,12,1,0,0.26190,1.00000,6.00000,692.85449,7.90955,913.36090,0.29171,0
3173,697.20032,329.25511,297.12869,12,1,0,0.25618,1.00000,6.00000,692.85449,8.10635,936.08734,0.29504,0
3174,697.13487,329.65670,218.15212,12,1,0,0.25772,1.00000,6.00000,692.85449,7.76722,896.92511,0.27891,0
3175,697.32013,367.33769,573.74757,12,1,0,0.27173,0.94038,4.00000,461.90302,5.58863,645.35132,0.27917,0
3176,697.25468,367.73928,494.77100,12,1,0,0.26477,1.00000,6.00000,692.85449,7.58260,875.60693,0.28019,0
3177,697.18924,368.14087,415.79443,12,1,0,0.27273,1.00000,6.00000,692.85449,7.54256,870.98303,0.28288,0
3178,697.37450,405.82186,771.38988,8,0,0,0.00000,0.00000,0.00000,0.00000,0.00000,0.00000,0.10138,0
3179,697.30905,406.22345,692.41331,12,1,0,0.27316,0.78962,2.44949,282.85669,2.65174,306.21216,0.23853,0
3180,697.24361,406.62504,613.43674,12,1,0,0.28463,0.93646,3.16228,365.16641,5.06705,585.12158,0.26893,0
3181,697.17816,407.02664,534.46017,12,1,0,0.28363,1.00000,5.00000,577.37878,6.59742,761.84229,0.28499,0
3182,697.23253,445.51080,732.10248,12,1,0,0.25911,0.68219,2.23607,258.21164,2.46538,284.69217,0.23347,0
3183,697.16708,445.91240,653.12591,12,1,0,0.28101,0.86400,3.00000,346.42725,3.95858,457.12036,0.27328,0
3184,697.15601,484.79816,771.79165,8,0,0,0.00000,0.00000,0.00000,0.00000,0.00000,0.00000,0.09024,0
3185,697.58293,132.81835,98.68283,12,1,0,0.27723,0.99454,4.58258,529.17639,6.70685,774.47888,0.27693,0
3186,697.57185,171.70412,217.34858,12,1,0,0.25471,1.00000,6.00000,692.85449,7.94613,917.58490,0.28077,0
3187,697.50641,172.10571,138.37200,12,1,0,0.26503,1.00000,6.00000,692.85449,7.23786,835.79749,0.26259,0
3188,697.44096,172.50730,59.39543,8,0,0,0.17446,0.38227,0.00000,0.00000,0.00000,0.00000,0.14022,0
3189,697.56077,210.58988,336.01432,12,1,0,0.25034,1.00000,6.08276,702.41162,8.18018,944.61243,0.30694,0
3190,697.49533,210.99147,257.03775,12,1,0,0.25591,1.00000,6.00000,692.85449,7.98943,922.58502,0.29306,0
3191,697.42988,211.39306,178.06118,12,1,0,0.26301,1.00000,5.19615,600.02960,7.47913,863.65765,0.29357,0
3192,697.61514,249.07405,533.65663,12,1,0,0.28000,0.98913,4.58258,529.17639,6.29580,727.01221,0.27712,0
3193,697.54969,249.47564,454.68006,12,1,0,0.25390,0.99721,5.09902,588.81311,7.57644,874.89490,0.28915,0
3194,697.48425,249.87723,375.70349,12,1,0,0.25224,1.00000,6.00000,692.85449,8.12118,937.79987,0.30509,0
3195,697.41881,250.27882,296.72692,12,1,0,0.24864,1.00000,6.08276,702.41162,8.40328,970.37543,0.30886,0
3196,697.60406,287.95981,652.32237,12,1,0,0.27064,0.87123,3.00000,346.42725,4.01248,463.34424,0.27270,0
3197,697.53862,288.36140,573.34580,12,1,0,0.27426,0.93699,3.16228,365.16641,5.04211,582.24152,0.28621,0
3198,697.47317,288.76299,494.36923,12,1,0,0.26112,1.00000,5.19615,600.02960,7.39932,854.44171,0.29978,0
3199,697.40773,289.16458,415.39266,12,1,0,0.25825,1.00000,6.00000,692.85449,7.80913,901.76477,0.28614,0
3200,697.59298,326.84557,770.98811,8,0,0,0.00000,0.00000,0.00000,0.00000,0.00000,0.00000,0.10278,0
3201,697.52754,327.24716,692.01154,12,1,0,0.26166,0.75137,2.00000,230.95151,2.40196,277.36823,0.24211,0
3202,697.46210,327.64875,613.03497,12,1,0,0.27521,0.90984,3.00000,346.42725,4.69175,541.78381,0.26566,0
3203,697.39665,328.05034,534.05840,12,1,0,0.27912,0.96748,4.00000,461.90302,6.14102,709.13898,0.28173,0
3204,697.45102,366.53451,731.70071,12,1,0,0.25700,0.70604,2.82843,326.61475,2.39318,276.35446,0.23635,0
3205,697.38557,366.93610,652.72414,12,1,0,0.28716,0.92141,4.00000,461.90302,4.69069,541.66125,0.25837,0
3206,697.86686,53.44047,177.25763,8,0,0,0.30834,0.90137,3.74166,432.07071,4.42735,511.25180,0.19821,0
3207,697.80142,53.84206,98.28106,8,0,0,0.31810,0.89785,3.60555,416.35376,4.44419,513.19604,0.18592,0
3208,697.85578,92.32623,295.92338,12,1,0,0.25220,1.00000,6.08276,702.41162,8.41189,971.36945,0.31469,0
3209,697.79034,92.72782,216.94680,12,1,0,0.25949,1.00000,6.00000,692.85449,8.03506,927.85419,0.29536,0
3210,697.72489,93.12941,137.97023,12,1,0,0.27848,1.00000,5.00000,577.37878,7.02742,811.49695,0.27034,0
3211,697.65945,93.53100,58.99366,8,0,0,0.20148,0.44658,1.00000,115.47575,0.00000,0.00000,0.14477,0
3212,697.84471,131.21199,414.58912,12,1,0,0.25923,1.00000,5.19615,600.02960,7.57973,875.27490,0.29088,0
3213,697.77926,131.61358,335.61255,12,1,0,0.24625,1.00000,6.00000,692.85449,8.08216,933.29395,0.30317,0
3214,697.71382,132.01517,256.63598,12,1,0,0.25204,1.00000,6.00000,692.85449,8.10327,935.73151,0.29722,0
3215,697.64837,132.41676,177.65940,12,1,0,0.26013,1.00000,6.00000,692.85449,7.64075,882.32190,0.27987,0
3216,697.83363,170.09775,533.25486,12,1,0,0.27197,0.95733,4.00000,461.90302,6.29871,727.34778,0.29562,0
3217,697.76818,170.49934,454.27829,12,1,0,0.25674,1.00000,5.00000,577.37878,7.80418,901.19391,0.31533,0
3218,697.70274,170.90093,375.30172,12,1,0,0.24949,1.00000,6.00000,692.85449,8.30263,958.75195,0.31328,0
3219,697.63729,171.30252,296.32515,12,1,0,0.25255,1.00000,6.08276,702.41162,8.49829,981.34698,0.30445,0
3220,697.82255,208.98351,651.92060,12,1,0,0.26450,0.80481,3.00000,346.42725,2.45833,283.87790,0.26630,0
3221,697.75711,209.38510,572.94403,12,1,0,0.26263,0.92350,3.00000,346.42725,5.37248,620.39130,0.26266,0
3222,697.69166,209.78669,493.96746,12,1,0,0.27522,0.98933,4.24264,489.92212,6.89186,795.84265,0.28858,0
3223,697.62622,210.18828,414.99089,12,1,0,0.26087,1.00000,5.09902,588.81311,7.80492,901.27887,0.28832,0
3224,697.81147,247.86927,770.58634,8,0,0,0.00000,0.00000,0.00000,0.00000,0.00000,0.00000,0.09741,0
3225,697.74603,248.27086,691.60977,12,1,0,0.25366,0.75272,2.23607,258.21164,0.00000,0.00000,0.24211,0
3226,697.68058,248.67245,612.63320,12,1,0,0.26546,0.86792,3.00000,346.42725,2.96452,342.32974,0.25965,0
3227,697.66951,287.55821,731.29894,12,1,0,0.24029,0.62912,1.73205,200.00987,0.00000,0.00000,0.23373,0
3228,698.06320,52.23570,414.18735,8,0,0,0.31120,0.87234,3.74166,432.07071,4.06147,469.00119,0.19059,0
3229,697.99775,52.63729,335.21078,8,0,0,0.29671,0.84946,3.00000,346.42725,3.88045,448.09753,0.21030,0
3230,697.93231,53.03888,256.23420,8,0,0,0.30769,0.87701,4.00000,461.90302,4.16534,480.99527,0.21146,0
3231,698.11756,90.71986,611.82966,12,1,0,0.25791,0.87871,3.00000,346.42725,3.72591,430.25189,0.26797,0
3232,698.05212,91.12146,532.85309,12,1,0,0.26987,0.96257,4.00000,461.90302,6.74540,778.92957,0.29517,0
3233,697.98667,91.52305,453.87652,12,1,0,0.26189,0.99730,5.09902,588.81311,7.80608,901.41278,0.31008,0
3234,697.92123,91.92464,374.89995,12,1,0,0.26234,1.00000,6.00000,692.85449,8.03921,928.33386,0.31290,0
3235,698.10648,129.60563,730.49540,12,1,0,0.25636,0.73913,2.23607,258.21164,2.40385,277.58597,0.24090,0
3236,698.04104,130.00722,651.51883,12,1,0,0.26621,0.83696,2.00000,230.95151,3.25000,375.29620,0.26093,0
3237,697.97560,130.40881,572.54226,12,1,0,0.26808,0.92663,3.16228,365.16641,5.31597,613.86560,0.27213,0
3238,697.91015,130.81040,493.56569,12,1,0,0.27122,0.98634,4.24264,489.92212,6.73762,778.03143,0.26925,0
3239,698.02996,168.89298,770.18457,8,0,0,0.00000,0.00000,0.00000,0.00000,0.00000,0.00000,0.10669,0
3240,697.96452,169.29457,691.20800,12,1,0,0.25023,0.71883,1.41421,163.30737,0.00000,0.00000,0.23654,0
3241,697.89907,169.69616,612.23143,12,1,0,0.26672,0.87297,3.00000,346.42725,3.92656,453.42242,0.26899,0
3242,697.88800,208.58192,730.89717,12,1,0,0.23973,0.66757,2.00000,230.95151,0.00000,0.00000,0.24192,0
3243,698.32497,50.62933,730.09363,8,0,0,0.22872,0.58583,1.00000,115.47575,0.00000,0.00000,0.16250,0
3244,698.25953,51.03092,651.11706,8,0,0,0.24803,0.67560,1.41421,163.30737,0.00000,0.00000,0.18163,0
3245,698.19408,51.43251,572.14049,8,0,0,0.28263,0.82466,2.82843,326.61475,3.21028,370.70935,0.19731,0
3246,698.12864,51.83410,493.16392,8,0,0,0.28239,0.73228,2.23607,258.21164,2.23529,258.12228,0.18566,0
3247,698.24845,89.91668,769.78280,8,0,0,0.00000,0.00000,0.00000,0.00000,0.00000,0.00000,0.10829,0
3248,698.18301,90.31827,690.80623,12,1,0,0.26895,0.78649,2.00000,230.95151,2.17143,250.74736,0.22701,0
3249,735.35638,764.53733,141.35312,5,0,0,0.00000,0.00000,0.00000,0.00000,0.00000,0.00000,0.05805,0
3250,735.29094,764.93892,62.37655,3,0,0,0.00000,0.00000,0.00000,0.00000,0.00000,0.00000,0.00358,0
3251,735.57487,685.56103,140.95135,8,0,0,0.24387,1.00000,6.92820,800.03949,12.00000,1385.70898,0.68928,0
3252,735.50943,685.96262,61.97478,5,0,0,0.17981,0.46467,1.00000,115.47575,0.00000,0.00000,0.35546,0
3253,735.56379,724.44679,259.61709,8,0,0,0.24117,1.00000,7.00000,808.33026,11.61324,1341.04810,0.65293,0
3254,735.49835,724.84838,180.64052,8,0,0,0.24287,1.00000,6.55744,757.22516,11.46832,1324.31274,0.62778,0
3255,735.43290,725.24998,101.66395,8,0,0,0.24932,1.00000,5.74456,663.35773,10.09991,1166.29456,0.60595,0
3256,735.61816,762.93096,457.25940,5,0,0,0.00000,0.00000,0.00000,0.00000,0.00000,0.00000,0.09280,0
3257,735.55272,763.33255,378.28283,5,0,0,0.00000,0.00000,0.00000,0.00000,0.00000,0.00000,0.10867,0
3258,735.48727,763.73414,299.30626,5,0,0,0.00000,0.00000,0.00000,0.00000,0.00000,0.00000,0.08608,0
3259,735.42183,764.13574,220.32969,5,0,0,0.00000,0.00000,0.00000,0.00000,0.00000,0.00000,0.08659,0
3260,735.86988,567.29739,100.86041,8,0,0,0.24700,1.00000,6.92820,800.03949,12.00000,1385.70898,0.72666,0
3261,735.85881,606.18315,219.52615,8,0,0,0.23942,1.00000,8.77496,1013.29559,12.00000,1385.70898,0.73613,0
3262,735.79336,606.58474,140.54958,8,0,0,0.23974,1.00000,8.36660,966.13947,12.00000,1385.70898,0.73568,0
3263,735.72792,606.98633,61.57301,5,0,0,0.19223,0.54247,1.00000,115.47575,0.00000,0.00000,0.42650,0
3264,735.84773,645.06891,338.19189,8,0,0,0.25167,1.00000,8.18535,945.20972,12.00000,1385.70898,0.70598,0
3265,735.78228,645.47050,259.21532,8,0,0,0.23989,1.00000,8.24621,952.23743,12.00000,1385.70898,0.71846,0
3266,735.71684,645.87209,180.23875,8,0,0,0.24686,1.00000,7.68115,886.98608,12.00000,1385.70898,0.71757,0
3267,735.65139,646.27368,101.26218,8,0,0,0.24748,1.00000,6.70820,774.63489,12.00000,1385.70898,0.70502,0
3268,735.83665,683.95467,456.85763,8,0,0,0.25184,1.00000,7.54983,871.82281,12.00000,1385.70898,0.64448,0
3269,735.77121,684.35626,377.88106,8,0,0,0.24419,1.00000,7.28011,840.67615,12.00000,1385.70898,0.66784,0
3270,735.70576,684.75785,298.90449,8,0,0,0.24701,1.00000,7.81025,901.89447,12.00000,1385.70898,0.68307,0
3271,735.64032,685.15944,219.92792,8,0,0,0.24355,1.00000,7.54983,871.82281,12.00000,1385.70898,0.69184,0
3272,735.82557,722.84043,575.52337,8,0,0,0.25243,1.00000,6.00000,692.85449,8.64949,998.80597,0.55520,0
3273,735.76013,723.24202,496.54680,8,0,0,0.24949,1.00000,5.74456,663.35773,9.53849,1101.46387,0.58522,0
3274,735.69468,723.64361,417.57023,8,0,0,0.24330,1.00000,7.00000,808.33026,10.44441,1206.07654,0.60915,0
3275,735.62924,724.04520,338.59366,8,0,0,0.24467,1.00000,5.91608,683.16382,11.09048,1280.68152,0.63635,0
3276,735.81450,761.72619,694.18911,5,0,0,0.00000,0.00000,0.00000,0.00000,0.00000,0.00000,0.04704,0
3277,735.74905,762.12778,615.21254,5,0,0,0.00000,0.00000,0.00000,0.00000,0.00000,0.00000,0.06893,0
3278,735.68361,762.52937,536.23597,5,0,0,0.00000,0.00000,0.00000,0.00000,0.00000,0.00000,0.07219,0
3279,736.08837,488.32109,100.45864,8,0,0,0.24127,1.00000,9.48683,1095.49915,12.00000,1385.70898,0.73734,0
3280,736.07729,527.20685,219.12438,8,0,0,0.25151,1.00000,9.84886,1137.30432,12.00000,1385.70898,0.73997,0
3281,736.01185,527.60844,140.14781,8,0,0,0.24602,1.00000,8.66025,1000.04944,12.00000,1385.70898,0.74765,0
3282,735.94640,528.01003,61.17124,5,0,0,0.20019,0.56684,1.00000,115.47575,0.00000,0.00000,0.43910,0
3283,736.06622,566.09261,337.79012,8,0,0,0.25184,1.00000,9.69536,1119.57898,12.00000,1385.70898,0.71731,0
3284,736.00077,566.49420,258.81355,8,0,0,0.24668,1.00000,9.27362,1070.87805,12.00000,1385.70898,0.73549,0
3285,735.93533,566.89579,179.83698,8,0,0,0.25235,1.00000,8.66025,1000.04944,12.00000,1385.70898,0.73939,0
3286,736.12058,604.57678,535.43243,8,0,0,0.24308,1.00000,7.81025,901.89447,11.80530,1363.22583,0.63302,0
3287,736.05514,604.97837,456.45586,8,0,0,0.24483,1.00000,8.00000,923.80603,12.00000,1385.70898,0.67693,0
3288,735.98969,605.37996,377.47929,8,0,0,0.24111,1.00000,8.48528,979.84424,12.00000,1385.70898,0.71795,0
3289,735.92425,605.78156,298.50272,8,0,0,0.24238,1.00000,9.21954,1064.63379,12.00000,1385.70898,0.71635,0
3290,736.10951,643.46254,654.09817,8,0,0,0.26373,0.99727,4.69042,541.62933,7.55463,872.37701,0.52128,0
3291,736.04406,643.86413,575.12160,8,0,0,0.25408,1.00000,7.00000,808.33026,10.46076,1207.96423,0.60045,0
3292,735.97862,644.26572,496.14503,8,0,0,0.24933,1.00000,7.54983,871.82281,12.00000,1385.70898,0.64602,0
3293,735.91317,644.66732,417.16846,8,0,0,0.24503,1.00000,8.48528,979.84424,12.00000,1385.70898,0.67987,0
3294,736.09843,682.34830,772.76392,5,0,0,0.00000,0.00000,0.00000,0.00000,0.00000,0.00000,0.09997,0
3295,736.03298,682.74989,693.78734,8,0,0,0.26519,0.85450,2.82843,326.61475,3.46143,399.71109,0.45869,0
3296,735.96754,683.15149,614.81077,8,0,0,0.27050,1.00000,5.19615,600.02960,7.91833,914.37500,0.54253,0
3297,735.90209,683.55308,535.83420,8,0,0,0.24679,1.00000,6.40312,739.40558,10.32196,1191.93652,0.60198,0
3298,735.95646,722.03725,733.47652,8,0,0,0.23249,0.67116,1.41421,163.30737,0.00000,0.00000,0.41894,0
3299,735.89102,722.43884,654.49994,8,0,0,0.27489,0.97027,4.12311,476.11871,6.05832,699.58881,0.50790,0
3300,735.87994,761.32460,773.16569,3,0,0,0.00000,0.00000,0.00000,0.00000,0.00000,0.00000,0.00109,0
3301,736.37231,408.94320,179.03344,8,0,0,0.24566,1.00000,10.04988,1160.51697,12.00000,1385.70898,0.74483,0
3302,736.30686,409.34480,100.05686,8,0,0,0.24256,1.00000,9.89950,1143.15161,12.00000,1385.70898,0.73491,0
3303,736.36123,447.82897,297.69918,8,0,0,0.24206,1.00000,10.48809,1211.12000,12.00000,1385.70898,0.72051,0
3304,736.29578,448.23056,218.72261,8,0,0,0.24469,1.00000,10.86278,1254.38782,12.00000,1385.70898,0.74170,0
3305,736.23034,448.63215,139.74604,8,0,0,0.24453,1.00000,10.09950,1166.24792,12.00000,1385.70898,0.74720,0
3306,736.16489,449.03374,60.76946,5,0,0,0.21442,0.60106,1.41421,163.30737,0.00000,0.00000,0.47290,0
3307,736.35015,486.71473,416.36492,8,0,0,0.24450,1.00000,10.04988,1160.51697,12.00000,1385.70898,0.69158,0
3308,736.28471,487.11632,337.38835,8,0,0,0.24240,1.00000,10.04988,1160.51697,12.00000,1385.70898,0.70925,0
3309,736.21926,487.51791,258.41178,8,0,0,0.24106,1.00000,9.69536,1119.57898,12.00000,1385.70898,0.72979,0
3310,736.15382,487.91950,179.43521,8,0,0,0.24419,1.00000,8.77496,1013.29559,12.00000,1385.70898,0.74490,0
3311,736.33907,525.60049,535.03066,8,0,0,0.24045,1.00000,8.60233,993.35999,12.00000,1385.70898,0.63226,0
3312,736.27363,526.00208,456.05409,8,0,0,0.24667,1.00000,9.05539,1045.67749,12.00000,1385.70898,0.67712,0
3313,736.20818,526.40367,377.07752,8,0,0,0.24077,1.00000,9.69536,1119.57898,12.00000,1385.70898,0.70605,0
3314,736.14274,526.80526,298.10095,8,0,0,0.25167,1.00000,10.19804,1177.62622,12.00000,1385.70898,0.72704,0
3315,736.32800,564.48625,653.69640,8,0,0,0.25800,1.00000,5.38516,621.85596,8.02878,927.12952,0.53421,0
3316,736.26255,564.88784,574.71983,8,0,0,0.24683,1.00000,6.16441,711.84033,10.79317,1246.34888,0.59814,0
3317,736.19711,565.28943,495.74326,8,0,0,0.24552,1.00000,9.00000,1039.28174,12.00000,1385.70898,0.66118,0
3318,736.13166,565.69102,416.76669,8,0,0,0.24520,1.00000,9.27362,1070.87805,12.00000,1385.70898,0.69670,0
3319,736.31692,603.37201,772.36214,5,0,0,0.00000,0.00000,0.00000,0.00000,0.00000,0.00000,0.11731,0
3320,736.25147,603.77360,693.38557,8,0,0,0.26349,0.90463,3.46410,400.01974,4.49741,519.34216,0.48358,0
3321,736.18603,604.17519,614.40900,8,0,0,0.25293,1.00000,5.83095,673.33356,9.16808,1058.69043,0.57062,0
3322,736.17495,643.06095,733.07474,8,0,0,0.23048,0.65333,1.41421,163.30737,0.00000,0.00000,0.41760,0
3323,736.60187,291.08115,59.96592,5,0,0,0.22888,0.67925,1.41421,163.30737,0.00000,0.00000,0.45773,0
3324,736.59079,329.96691,178.63167,8,0,0,0.24161,1.00000,10.34408,1194.49048,12.00000,1385.70898,0.75014,0
3325,736.52535,330.36850,99.65509,8,0,0,0.24220,1.00000,10.63015,1227.52417,12.00000,1385.70898,0.73984,0
3326,736.57972,368.85267,297.29741,8,0,0,0.24321,1.00000,10.34408,1194.49048,12.00000,1385.70898,0.72320,0
3327,736.51427,369.25426,218.32084,8,0,0,0.23989,1.00000,11.18034,1291.05823,12.00000,1385.70898,0.74618,1
3328,736.44883,369.65585,139.34427,8,0,0,0.23942,1.00000,11.00000,1270.23328,12.00000,1385.70898,0.73888,1
3329,736.38338,370.05744,60.36769,5,0,0,0.21875,0.64850,2.00000,230.95151,0.00000,0.00000,0.44826,0
3330,736.56864,407.73843,415.96315,8,0,0,0.24177,1.00000,9.27362,1070.87805,12.00000,1385.70898,0.70560,0
3331,736.50319,408.14002,336.98658,8,0,0,0.24750,1.00000,9.69536,1119.57898,12.00000,1385.70898,0.72314,0
3332,736.43775,408.54161,258.01001,8,0,0,0.24306,1.00000,10.86278,1254.38782,12.00000,1385.70898,0.72576,0
3333,736.62301,446.22260,613.60546,8,0,0,0.24377,1.00000,6.70820,774.63489,9.85200,1137.66760,0.59181,0
3334,736.55756,446.62419,534.62889,8,0,0,0.23992,1.00000,9.00000,1039.28174,12.00000,1385.70898,0.65267,0
3335,736.49212,447.02578,455.65232,8,0,0,0.24206,1.00000,7.28011,840.67615,11.94368,1379.20532,0.62797,0
3336,736.42667,447.42737,376.67575,8,0,0,0.24252,1.00000,10.09950,1166.24792,12.00000,1385.70898,0.69594,0
3337,736.61193,485.10836,732.27120,8,0,0,0.24291,0.74659,2.23607,258.21164,2.60985,301.37485,0.46195,0
3338,736.54648,485.50995,653.29463,8,0,0,0.25659,0.99723,5.09902,588.81311,8.02509,926.70343,0.55680,0
3339,736.48104,485.91154,574.31806,8,0,0,0.24240,1.00000,7.21110,832.70752,11.15913,1288.60901,0.60064,0
3340,736.41559,486.31313,495.34149,8,0,0,0.24303,1.00000,9.05539,1045.67749,12.00000,1385.70898,0.64909,0
3341,736.53541,524.39571,771.96037,5,0,0,0.00000,0.00000,0.00000,0.00000,0.00000,0.00000,0.11974,0
3342,736.46996,524.79730,692.98380,8,0,0,0.26311,0.85637,2.82843,326.61475,3.53328,408.00848,0.47085,0
3343,736.40452,525.19890,614.00723,8,0,0,0.25394,1.00000,5.83095,673.33356,9.46042,1092.44910,0.56768,0
3344,736.39344,564.08466,732.67297,8,0,0,0.23400,0.69565,2.23607,258.21164,0.00000,0.00000,0.42042,0
3345,736.82036,212.10485,59.56415,5,0,0,0.23801,0.70492,2.00000,230.95151,0.00000,0.00000,0.42886,0
3346,736.87473,250.58902,257.20647,8,0,0,0.24254,1.00000,9.89950,1143.15161,12.00000,1385.70898,0.71226,0
3347,736.80928,250.99062,178.22989,8,0,0,0.24983,1.00000,10.00000,1154.75757,12.00000,1385.70898,0.72947,0
3348,736.74384,251.39221,99.25332,8,0,0,0.24321,1.00000,10.04988,1160.51697,12.00000,1385.70898,0.72678,0
3349,736.86365,289.47478,375.87221,8,0,0,0.24154,1.00000,8.66025,1000.04944,12.00000,1385.70898,0.69203,0
3350,736.79821,289.87638,296.89564,8,0,0,0.25300,1.00000,10.48809,1211.12000,12.00000,1385.70898,0.71834,0
3351,736.73276,290.27797,217.91907,8,0,0,0.24437,1.00000,11.00000,1270.23328,12.00000,1385.70898,0.73133,1
3352,736.66732,290.67956,138.94249,8,0,0,0.24256,1.00000,10.48809,1211.12000,12.00000,1385.70898,0.74054,0
3353,736.85257,328.36055,494.53795,8,0,0,0.24206,1.00000,8.77496,1013.29559,12.00000,1385.70898,0.64819,0
3354,736.78713,328.76214,415.56138,8,0,0,0.24090,1.00000,9.11043,1052.03418,12.00000,1385.70898,0.68781,0
3355,736.72168,329.16373,336.58481,8,0,0,0.24138,1.00000,9.84886,1137.30432,12.00000,1385.70898,0.70253,0
3356,736.65624,329.56532,257.60824,8,0,0,0.24074,1.00000,11.00000,1270.23328,12.00000,1385.70898,0.73024,1
3357,736.84150,367.24631,613.20369,8,0,0,0.25000,1.00000,6.70820,774.63489,9.87811,1140.68262,0.59379,0
3358,736.77605,367.64790,534.22712,8,0,0,0.24685,1.00000,8.12404,938.12952,12.00000,1385.70898,0.64480,0
3359,736.71061,368.04949,455.25055,8,0,0,0.24768,1.00000,8.77496,1013.29559,12.00000,1385.70898,0.68269,0
3360,736.64516,368.45108,376.27398,8,0,0,0.24106,1.00000,10.48809,1211.12000,12.00000,1385.70898,0.71264,0
3361,736.83042,406.13207,731.86943,8,0,0,0.25838,0.77105,2.44949,282.85669,2.67500,308.89764,0.46637,0
3362,736.76497,406.53366,652.89286,8,0,0,0.25278,1.00000,5.38516,621.85596,8.50968,982.66193,0.56038,0
3363,736.69953,406.93525,573.91629,8,0,0,0.24983,1.00000,8.06226,930.99530,11.81769,1364.65698,0.62970,0
3364,736.63408,407.33684,494.93972,8,0,0,0.24095,1.00000,9.00000,1039.28174,12.00000,1385.70898,0.66445,0
3365,736.75390,445.41942,771.55860,5,0,0,0.00000,0.00000,0.00000,0.00000,0.00000,0.00000,0.12083,0
3366,736.68845,445.82101,692.58203,8,0,0,0.26935,0.95082,4.12311,476.11871,5.76201,665.37292,0.51866,0
3367,737.10429,132.72697,138.13895,8,0,0,0.24850,1.00000,8.94427,1032.84656,12.00000,1385.70898,0.67334,0
3368,737.03885,133.12856,59.16238,5,0,0,0.25437,0.69867,2.23607,258.21164,2.00000,230.95151,0.36442,0
3369,737.09322,171.61273,256.80469,8,0,0,0.24156,1.00000,9.11043,1052.03418,12.00000,1385.70898,0.68608,0
3370,737.02777,172.01432,177.82812,8,0,0,0.25084,1.00000,10.04988,1160.51697,12.00000,1385.70898,0.70086,0
3371,736.96233,172.41591,98.85155,8,0,0,0.24552,1.00000,8.60233,993.35999,12.00000,1385.70898,0.69395,0
3372,737.08214,210.49849,375.47044,8,0,0,0.24471,1.00000,9.00000,1039.28174,12.00000,1385.70898,0.67955,0
3373,737.01669,210.90008,296.49387,8,0,0,0.24700,1.00000,9.00000,1039.28174,12.00000,1385.70898,0.69434,0
3374,736.95125,211.30167,217.51729,8,0,0,0.24061,1.00000,10.00000,1154.75757,12.00000,1385.70898,0.71821,0
3375,736.88581,211.70326,138.54072,8,0,0,0.24011,1.00000,9.43398,1089.39612,12.00000,1385.70898,0.72480,0
3376,737.07106,249.38425,494.13618,8,0,0,0.24568,1.00000,7.54983,871.82281,12.00000,1385.70898,0.64160,0
3377,737.00562,249.78584,415.15961,8,0,0,0.25050,1.00000,7.61577,879.43713,12.00000,1385.70898,0.67091,0
3378,736.94017,250.18743,336.18304,8,0,0,0.24983,1.00000,9.84886,1137.30432,12.00000,1385.70898,0.70509,0
3379,737.05998,288.27001,612.80192,8,0,0,0.25681,1.00000,6.40312,739.40558,9.54693,1102.43896,0.58202,0
3380,736.99454,288.67160,533.82535,8,0,0,0.24834,1.00000,7.07107,816.53687,11.55171,1333.94299,0.62374,0
3381,736.92910,289.07319,454.84878,8,0,0,0.25286,1.00000,9.11043,1052.03418,12.00000,1385.70898,0.67405,0
3382,737.04891,327.15577,731.46766,8,0,0,0.25021,0.78862,2.23607,258.21164,2.62361,302.96347,0.47859,0
3383,736.98346,327.55736,652.49109,8,0,0,0.25811,1.00000,5.09902,588.81311,8.26023,953.85651,0.55878,0
3384,736.91802,327.95895,573.51452,8,0,0,0.24582,1.00000,6.92820,800.03949,11.11420,1283.42041,0.61338,0
3385,736.97238,366.44312,771.15683,5,0,0,0.00000,0.00000,0.00000,0.00000,0.00000,0.00000,0.13677,0
3386,736.90694,366.84471,692.18026,8,0,0,0.28231,0.97867,4.24264,489.92212,6.31405,729.11926,0.52262,0
3387,737.32278,53.75067,137.73718,5,0,0,0.27734,0.96730,4.12311,476.11871,5.93392,685.22437,0.40358,0
3388,737.25734,54.15226,58.76061,3,0,0,0.06394,0.09677,0.00000,0.00000,0.00000,0.00000,0.09664,0
3389,737.31171,92.63643,256.40292,8,0,0,0.24170,1.00000,8.77496,1013.29559,11.78702,1361.11523,0.62496,0
3390,737.24626,93.03803,177.42635,8,0,0,0.24258,1.00000,8.83176,1019.85419,12.00000,1385.70898,0.63213,0
3391,737.18082,93.43962,98.44978,8,0,0,0.23810,1.00000,7.81025,901.89447,11.97825,1383.19775,0.62669,0
3392,737.36607,131.12060,454.04524,8,0,0,0.24883,1.00000,6.78233,783.19470,11.17945,1290.95593,0.60346,0
3393,737.30063,131.52220,375.06867,8,0,0,0.24306,1.00000,8.54400,986.62524,11.92374,1376.90283,0.62950,0
3394,737.23518,131.92379,296.09209,8,0,0,0.25067,1.00000,9.53939,1101.56848,12.00000,1385.70898,0.65606,0
3395,737.16974,132.32538,217.11552,8,0,0,0.24305,1.00000,9.00000,1039.28174,12.00000,1385.70898,0.67181,0
3396,737.35500,170.00636,572.71098,8,0,0,0.25222,1.00000,5.83095,673.33356,10.05538,1161.15271,0.57626,0
3397,737.28955,170.40796,493.73441,8,0,0,0.24434,1.00000,7.28011,840.67615,11.43140,1320.04956,0.61203,0
3398,737.22411,170.80955,414.75784,8,0,0,0.24917,1.00000,7.68115,886.98608,12.00000,1385.70898,0.64256,0
3399,737.15866,171.21114,335.78127,8,0,0,0.24967,1.00000,9.00000,1039.28174,12.00000,1385.70898,0.66810,0
3400,737.34392,208.89213,691.37672,8,0,0,0.25314,0.87738,2.82843,326.61475,3.71939,429.49991,0.50726,0
3401,737.27847,209.29372,612.40015,8,0,0,0.24864,1.00000,6.16441,711.84033,9.56937,1105.03040,0.57837,0
3402,737.21303,209.69531,533.42358,8,0,0,0.24415,1.00000,6.70820,774.63489,11.03832,1274.65808,0.61350,0
3403,737.14758,210.09690,454.44701,8,0,0,0.24303,1.00000,8.12404,938.12952,12.00000,1385.70898,0.65254,0
3404,737.26740,248.17948,731.06589,8,0,0,0.23299,0.72679,1.41421,163.30737,0.00000,0.00000,0.46886,0
3405,737.20195,248.58107,652.08932,8,0,0,0.25939,0.98087,4.24264,489.92212,7.49832,865.87402,0.54797,0
3406,737.13651,248.98266,573.11275,8,0,0,0.25405,1.00000,6.48074,748.36841,10.41742,1202.95959,0.59795,0
3407,737.19087,287.46683,770.75506,5,0,0,0.00000,0.00000,0.00000,0.00000,0.00000,0.00000,0.13350,0
3408,737.12543,287.86842,691.77849,8,0,0,0.27002,0.94400,3.60555,416.35376,5.65971,653.55945,0.51904,0
3409,737.58456,52.14431,453.64347,5,0,0,0.27345,0.94247,3.31662,382.98975,5.32297,614.67395,0.41779,0
3410,737.51912,52.54590,374.66689,5,0,0,0.26507,0.88674,3.16228,365.16641,3.97368,458.86346,0.43008,0
3411,737.45367,52.94749,295.69032,5,0,0,0.26608,0.91781,3.16228,365.16641,4.86716,562.03894,0.41824,0
3412,737.38823,53.34908,216.71375,5,0,0,0.27663,0.94823,4.12311,476.11871,5.50652,635.86975,0.39360,0
3413,737.57348,91.03007,572.30921,8,0,0,0.24914,1.00000,5.38516,621.85596,9.12803,1054.06592,0.57683,0
3414,737.50804,91.43166,493.33264,8,0,0,0.24410,1.00000,6.32456,730.33282,10.13561,1170.41724,0.60525,0
3415,737.44260,91.83325,414.35607,8,0,0,0.24154,1.00000,7.61577,879.43713,10.87081,1255.31470,0.59571,0
3416,737.37715,92.23484,335.37949,8,0,0,0.24067,1.00000,8.54400,986.62524,11.53287,1331.76721,0.61158,0
3417,737.56241,129.91583,690.97495,8,0,0,0.23328,0.75202,1.41421,163.30737,0.00000,0.00000,0.50246,0
3418,737.49696,130.31742,611.99838,8,0,0,0.24878,0.99444,4.47214,516.42328,8.66355,1000.43048,0.54349,0
3419,737.43152,130.71901,533.02181,8,0,0,0.24662,1.00000,6.00000,692.85449,9.70917,1121.17383,0.57677,0
3420,737.48589,169.20318,730.66412,8,0,0,0.23007,0.76712,1.73205,200.00987,0.00000,0.00000,0.46413,0
3421,737.42044,169.60477,651.68755,8,0,0,0.25966,0.97802,4.47214,516.42328,7.26079,838.44470,0.53011,0
3422,737.40936,208.49053,770.35329,5,0,0,0.00000,0.00000,0.00000,0.00000,0.00000,0.00000,0.14739,0
3423,737.84634,50.53794,769.54975,3,0,0,0.00000,0.00000,0.00000,0.00000,0.00000,0.00000,0.09395,0
3424,737.78090,50.93954,690.57318,5,0,0,0.26010,0.84426,2.23607,258.21164,3.18869,368.21594,0.35949,0
3425,737.71545,51.34113,611.59661,5,0,0,0.26656,0.90164,3.00000,346.42725,4.44191,512.93311,0.38202,0
3426,737.65001,51.74272,532.62004,5,0,0,0.25671,0.84066,2.44949,282.85669,2.48051,286.43860,0.40134,0
3427,737.70437,90.22689,730.26235,8,0,0,0.25765,0.86721,2.23607,258.21164,3.10500,358.55222,0.48640,0
3428,737.63893,90.62848,651.28578,8,0,0,0.25961,0.97814,4.12311,476.11871,7.55057,871.90833,0.54067,0
3429,737.62785,129.51424,769.95152,5,0,0,0.00000,0.00000,0.00000,0.00000,0.00000,0.00000,0.15200,0
