strut_id,label,r_eq_med_um,measurable
0,thick,786.5,0
1,thick,909.2,0
2,thick,926.0,0
3,thick,866.2,0
4,nominal,280.2,1
5,nominal,329.0,1
6,nominal,325.8,1
7,nominal,310.7,1
8,nominal,340.1,1
9,nominal,343.2,1
10,missing,0.0,1
11,nominal,384.1,1
12,nominal,385.4,1
13,nominal,418.4,1
14,nominal,289.5,1
15,nominal,350.8,1
16,thick,497.2,1
17,nominal,358.3,1
18,nominal,428.5,1
19,nominal,361.3,1
20,nominal,266.6,1
21,nominal,324.1,1
22,nominal,349.3,1
23,nominal,364.2,1
24,thick,909.8,0
25,thick,1000.3,0
26,thick,1009.8,0
27,thick,1009.8,0
28,nominal,386.8,1
29,nominal,399.0,1
30,nominal,337.0,1
31,nominal,349.3,1
32,thick,457.2,0
33,nominal,432.2,1
34,nominal,388.2,1
35,nominal,401.6,1
36,nominal,428.5,1
37,thick,512.0,0
38,nominal,276.4,1
39,nominal,368.5,1
40,thick,516.1,0
41,nominal,347.8,1
42,nominal,362.7,1
43,nominal,413.3,1
44,nominal,298.6,1
45,nominal,330.6,1
46,nominal,356.8,1
47,nominal,417.2,0
48,thick,974.5,0
49,thick,1009.3,0
50,thick,1009.8,0
51,thick,1009.8,0
52,nominal,430.9,1
53,thick,475.4,0
54,nominal,337.0,1
55,nominal,353.9,1
56,thick,457.2,1
57,thick,509.9,0
58,nominal,341.7,1
59,nominal,392.3,1
60,nominal,423.5,1
61,thick,512.0,0
62,nominal,285.8,1
63,nominal,361.3,1
64,thick,601.5,0
65,nominal,350.8,1
66,nominal,393.6,1
67,thick,478.8,1
68,nominal,315.8,1
69,nominal,341.7,1
70,nominal,350.8,1
71,thick,515.1,0
72,thick,1008.8,0
73,thick,1009.8,0
74,thick,1009.8,0
75,thick,1009.8,0
76,thick,498.3,1
77,thick,504.7,0
78,nominal,337.0,1
79,nominal,347.8,1
80,thick,499.4,0
81,thick,445.5,0
82,nominal,408.2,1
83,nominal,377.1,1
84,nominal,405.6,1
85,thick,687.2,0
86,nominal,296.8,1
87,nominal,362.7,1
88,thick,653.9,0
89,nominal,344.7,1
90,nominal,382.7,1
91,thick,473.2,0
92,nominal,332.2,1
93,nominal,319.2,1
94,nominal,338.5,1
95,thick,645.8,0
96,thick,1009.8,0
97,thick,1009.8,0
98,thick,1009.8,0
99,thick,1009.8,0
100,thick,536.3,0
101,thick,567.0,0
102,nominal,319.2,1
103,nominal,344.7,1
104,thick,533.3,0
105,thick,544.1,0
106,nominal,355.4,1
107,nominal,397.6,1
108,nominal,402.9,1
109,thick,765.3,0
110,nominal,315.8,1
111,nominal,349.3,1
112,thick,742.1,0
113,nominal,341.7,1
114,nominal,367.1,1
115,thick,499.4,0
116,nominal,340.1,1
117,nominal,309.0,1
118,nominal,314.1,1
119,thick,594.4,0
120,thick,1009.8,0
121,thick,1009.8,0
122,thick,1009.8,0
123,thick,1009.8,0
124,thick,538.2,0
125,thick,569.8,0
126,nominal,337.0,1
127,nominal,335.4,1
128,thick,541.2,0
129,thick,552.8,0
130,nominal,346.3,1
131,nominal,378.5,0
132,nominal,393.6,1
133,thick,733.5,0
134,nominal,338.5,1
135,nominal,333.8,1
136,thick,806.5,0
137,nominal,307.3,1
138,nominal,388.2,1
139,thick,512.0,0
140,nominal,330.6,1
141,nominal,310.7,1
142,nominal,343.2,0
143,thick,776.4,0
144,thick,1009.8,0
145,thick,1009.8,0
146,thick,1009.8,0
147,thick,1009.8,0
148,thick,522.2,0
149,thick,532.3,0
150,nominal,329.0,1
151,nominal,337.0,1
152,thick,477.6,0
153,thick,582.7,0
154,nominal,372.8,1
155,nominal,355.4,0
156,nominal,395.0,0
157,thick,691.8,0
158,nominal,320.8,1
159,nominal,325.8,1
160,thick,749.2,0
161,nominal,295.0,1
162,nominal,388.2,1
163,thick,501.5,0
164,nominal,327.4,1
165,nominal,325.8,1
166,nominal,332.2,1
167,thick,762.6,0
168,thick,1009.8,0
169,thick,1009.8,0
170,thick,1009.8,0
171,thick,1009.8,0
172,thick,466.4,0
173,thick,500.4,0
174,nominal,317.5,1
175,nominal,329.0,1
176,nominal,434.6,0
177,thick,498.3,0
178,broken,333.8,1
179,nominal,353.9,0
180,nominal,379.9,0
181,thick,713.7,0
182,nominal,325.8,1
183,nominal,310.7,1
184,nominal,432.2,0
185,nominal,272.5,1
186,nominal,399.0,1
187,nominal,413.3,0
188,nominal,332.2,0
189,nominal,319.2,0
190,nominal,335.4,0
191,thick,666.8,0
192,thick,1009.8,0
193,thick,924.8,0
194,thick,995.0,0
195,thick,1009.8,0
196,nominal,365.7,0
197,nominal,389.5,0
198,nominal,324.1,0
199,nominal,319.2,0
200,nominal,274.5,0
201,broken,282.1,0
202,nominal,284.0,0
203,nominal,280.2,0
204,nominal,386.8,0
205,nominal,362.7,1
206,nominal,379.9,1
207,nominal,312.4,0
208,nominal,332.2,0
209,thick,649.1,0
210,nominal,319.2,1
211,nominal,274.5,1
212,nominal,332.2,0
213,nominal,284.0,0
214,broken,541.2,1
215,necked,343.2,0
216,nominal,338.5,0
217,nominal,298.6,0
218,nominal,303.8,0
219,nominal,353.9,0
220,thick,857.5,0
221,thick,1005.6,0
222,thick,949.2,0
223,thick,877.7,0
224,nominal,330.6,1
225,nominal,341.7,1
226,nominal,319.2,1
227,nominal,330.6,1
228,thick,447.8,1
229,thick,482.1,1
230,nominal,421.0,1
231,nominal,434.6,1
232,nominal,433.4,1
233,thick,488.6,0
234,nominal,314.1,1
235,nominal,368.5,1
236,thick,494.0,0
237,nominal,364.2,1
238,nominal,415.9,1
239,nominal,426.0,1
240,nominal,295.0,1
241,nominal,350.8,1
242,nominal,371.4,1
243,nominal,408.2,1
244,thick,1007.2,0
245,thick,1009.8,0
246,thick,1009.8,0
247,thick,1009.8,0
248,nominal,429.7,1
249,thick,446.6,0
250,nominal,330.6,1
251,nominal,349.3,1
252,thick,550.9,0
253,thick,531.3,0
254,nominal,427.2,1
255,thick,446.6,1
256,thick,440.7,1
257,thick,491.9,0
258,nominal,291.4,1
259,nominal,365.7,1
260,thick,673.1,0
261,nominal,367.1,1
262,nominal,372.8,1
263,thick,470.9,0
264,nominal,296.8,1
265,nominal,335.4,1
266,nominal,365.7,1
267,thick,491.9,0
268,thick,1009.8,0
269,thick,1009.8,0
270,thick,1009.8,0
271,thick,1009.8,0
272,thick,504.7,0
273,thick,505.7,0
274,nominal,343.2,1
275,nominal,358.3,1
276,thick,574.5,0
277,thick,672.3,0
278,nominal,421.0,1
279,nominal,423.5,1
280,nominal,413.3,1
281,thick,691.8,0
282,nominal,300.3,1
283,nominal,356.8,1
284,thick,813.7,0
285,nominal,349.3,1
286,nominal,413.3,1
287,thick,500.4,0
288,nominal,317.5,1
289,nominal,349.3,1
290,nominal,370.0,1
291,thick,742.8,0
292,thick,1009.8,0
293,thick,1009.8,0
294,thick,1009.8,0
295,thick,1009.8,0
296,thick,769.5,0
297,thick,797.9,0
298,nominal,332.2,1
299,nominal,368.5,1
300,thick,767.4,0
301,thick,826.0,0
302,nominal,404.2,1
303,nominal,422.2,1
304,nominal,419.7,1
305,thick,901.0,0
306,nominal,295.0,1
307,nominal,350.8,1
308,thick,930.0,0
309,nominal,346.3,1
310,nominal,388.2,1
311,thick,771.6,0
312,nominal,319.2,1
313,nominal,332.2,1
314,nominal,333.8,1
315,thick,886.1,0
316,thick,1009.8,0
317,thick,1009.8,0
318,thick,1009.8,0
319,thick,1009.8,0
320,thick,889.1,0
321,thick,936.8,0
322,nominal,341.7,1
323,nominal,350.8,1
324,thick,901.0,0
325,thick,878.3,0
326,nominal,362.7,1
327,nominal,388.2,1
328,nominal,417.2,1
329,thick,899.8,0
330,nominal,319.2,1
331,nominal,341.7,1
332,thick,927.7,0
333,nominal,327.4,1
334,nominal,384.1,1
335,thick,835.6,0
336,nominal,317.5,1
337,nominal,312.4,1
338,nominal,320.8,1
339,thick,935.6,0
340,thick,1009.8,0
341,thick,1009.8,0
342,thick,1009.8,0
343,thick,1009.8,0
344,thick,936.2,0
345,thick,945.8,0
346,nominal,335.4,1
347,nominal,341.7,1
348,thick,893.3,0
349,thick,831.8,0
350,nominal,405.6,1
351,nominal,402.9,0
352,nominal,408.2,1
353,thick,890.9,0
354,nominal,329.0,1
355,nominal,305.6,1
356,thick,943.6,0
357,nominal,302.1,1
358,nominal,415.9,1
359,thick,826.7,0
360,nominal,327.4,1
361,nominal,310.7,1
362,nominal,333.8,1
363,thick,943.6,0
364,thick,1009.8,0
365,thick,1009.8,0
366,thick,1009.8,0
367,thick,1009.8,0
368,thick,899.8,0
369,thick,910.9,0
370,nominal,346.3,1
371,nominal,347.8,1
372,thick,857.5,0
373,thick,782.5,0
374,nominal,404.2,1
375,nominal,370.0,0
376,nominal,374.3,0
377,thick,873.5,0
378,nominal,315.8,1
379,nominal,298.6,1
380,thick,930.5,0
381,nominal,276.4,1
382,nominal,408.2,1
383,thick,763.3,0
384,nominal,314.1,1
385,nominal,327.4,1
386,nominal,346.3,1
387,thick,942.4,0
388,thick,1009.8,0
389,thick,1009.8,0
390,thick,1009.8,0
391,thick,1009.8,0
392,thick,855.1,0
393,thick,809.1,0
394,nominal,341.7,1
395,nominal,337.0,1
396,thick,770.2,0
397,thick,693.3,0
398,nominal,375.7,1
399,nominal,343.2,0
400,nominal,362.7,0
401,thick,787.9,0
402,nominal,341.7,1
403,nominal,282.1,1
404,nominal,409.5,0
405,nominal,278.3,1
406,nominal,393.6,1
407,thick,593.5,0
408,nominal,312.4,1
409,nominal,337.0,0
410,nominal,358.3,0
411,thick,840.7,0
412,thick,1009.8,0
413,thick,986.4,0
414,thick,1000.9,0
415,thick,1009.8,0
416,nominal,437.0,0
417,broken,769.7,0
418,nominal,312.4,0
419,nominal,307.3,0
420,broken,303.8,0
421,nominal,302.1,0
422,nominal,287.7,0
423,nominal,268.6,0
424,nominal,378.5,0
425,thick,533.3,0
426,nominal,410.8,1
427,nominal,293.2,0
428,nominal,344.7,0
429,thick,644.1,0
430,nominal,319.2,1
431,nominal,282.1,0
432,nominal,337.0,0
433,nominal,303.8,0
434,broken,359.8,0
435,nominal,390.9,0
436,nominal,341.7,0
437,nominal,289.5,0
438,nominal,327.4,0
439,nominal,371.4,0
440,thick,867.4,0
441,thick,1009.3,0
442,thick,969.1,0
443,thick,913.3,0
444,nominal,358.3,1
445,nominal,353.9,1
446,nominal,333.8,1
447,nominal,332.2,1
448,thick,507.8,1
449,thick,544.1,0
450,nominal,423.5,1
451,thick,450.2,1
452,nominal,410.8,1
453,thick,483.2,0
454,nominal,347.8,1
455,nominal,359.8,1
456,thick,538.2,0
457,nominal,368.5,1
458,nominal,365.7,1
459,nominal,437.0,0
460,nominal,302.1,1
461,nominal,346.3,1
462,nominal,379.9,1
463,nominal,423.5,1
464,thick,1009.3,0
465,thick,1009.8,0
466,thick,1009.8,0
467,thick,1009.8,0
468,thick,463.0,1
469,thick,446.6,0
470,nominal,352.4,1
471,nominal,355.4,1
472,thick,623.2,0
473,thick,582.7,0
474,thick,452.5,1
475,nominal,390.9,1
476,thick,441.9,1
477,thick,512.0,0
478,nominal,307.3,1
479,nominal,358.3,1
480,thick,584.5,0
481,nominal,349.3,1
482,nominal,421.0,1
483,thick,524.2,0
484,nominal,296.8,1
485,nominal,361.3,1
486,nominal,367.1,1
487,thick,495.1,0
488,thick,1009.8,0
489,thick,1009.8,0
490,thick,1009.8,0
491,thick,1009.8,0
492,thick,643.3,0
493,thick,523.2,0
494,nominal,364.2,1
495,nominal,367.1,1
496,thick,785.9,0
497,thick,866.2,0
498,nominal,412.0,1
499,thick,461.8,1
500,thick,461.8,1
501,thick,712.9,0
502,nominal,296.8,1
503,nominal,346.3,1
504,thick,858.8,0
505,nominal,349.3,1
506,nominal,418.4,1
507,thick,694.1,0
508,nominal,295.0,1
509,nominal,349.3,1
510,nominal,335.4,1
511,thick,753.5,0
512,thick,1009.8,0
513,thick,1009.8,0
514,thick,1009.8,0
515,thick,1009.8,0
516,thick,853.8,0
517,thick,838.1,0
518,nominal,344.7,1
519,nominal,371.4,1
520,thick,904.5,0
521,thick,886.1,0
522,nominal,437.0,1
523,nominal,389.5,1
524,thick,452.5,1
525,thick,872.9,0
526,nominal,300.3,1
527,nominal,346.3,1
528,thick,933.4,0
529,nominal,346.3,1
530,nominal,372.8,1
531,thick,902.7,0
532,nominal,307.3,1
533,nominal,309.0,1
534,nominal,350.8,1
535,thick,915.6,0
536,thick,1009.8,0
537,thick,1009.8,0
538,thick,1009.8,0
539,thick,1009.8,0
540,thick,943.0,0
541,thick,940.2,0
542,nominal,337.0,1
543,nominal,349.3,1
544,thick,964.7,0
545,thick,919.6,0
546,nominal,418.4,1
547,nominal,365.7,1
548,nominal,432.2,1
549,thick,923.7,0
550,nominal,319.2,1
551,nominal,330.6,1
552,thick,975.6,0
553,nominal,325.8,1
554,nominal,421.0,1
555,thick,945.8,0
556,nominal,324.1,1
557,nominal,319.2,1
558,nominal,332.2,1
559,thick,963.6,0
560,thick,1009.8,0
561,thick,1009.8,0
562,thick,1009.8,0
563,thick,1009.8,0
564,thick,951.4,0
565,thick,937.3,0
566,nominal,333.8,1
567,nominal,337.0,1
568,thick,969.1,0
569,thick,874.7,0
570,thick,445.5,0
571,nominal,424.7,0
572,nominal,428.5,0
573,thick,907.4,0
574,nominal,341.7,1
575,nominal,303.8,1
576,thick,975.1,0
577,nominal,291.4,1
578,nominal,410.8,1
579,thick,958.6,0
580,nominal,327.4,1
581,nominal,317.5,1
582,nominal,349.3,0
583,thick,964.7,0
584,thick,1009.8,0
585,thick,1009.8,0
586,thick,1009.8,0
587,thick,1009.8,0
588,thick,964.7,0
589,thick,915.6,0
590,nominal,335.4,1
591,nominal,347.8,1
592,thick,949.7,0
593,thick,933.4,0
594,nominal,396.3,1
595,nominal,396.3,0
596,thick,443.1,0
597,thick,937.9,0
598,nominal,320.8,0
599,nominal,282.1,1
600,thick,963.0,0
601,nominal,284.0,1
602,nominal,395.0,1
603,thick,931.1,0
604,nominal,327.4,0
605,nominal,338.5,1
606,nominal,337.0,1
607,thick,941.9,0
608,thick,1009.8,0
609,thick,1009.8,0
610,thick,1009.8,0
611,thick,1009.8,0
612,thick,952.0,0
613,thick,921.9,0
614,nominal,333.8,0
615,nominal,352.4,0
616,thick,905.7,0
617,thick,774.3,0
618,nominal,418.4,1
619,nominal,349.3,0
620,nominal,349.3,0
621,thick,853.8,0
622,nominal,314.1,0
623,nominal,284.0,1
624,thick,651.5,0
625,nominal,291.4,0
626,nominal,400.3,1
627,thick,782.5,0
628,nominal,333.8,1
629,nominal,325.8,0
630,nominal,338.5,0
631,thick,871.7,0
632,thick,1009.8,0
633,thick,999.8,0
634,thick,1008.3,0
635,thick,1009.8,0
636,nominal,430.9,0
637,thick,580.0,0
638,nominal,333.8,0
639,nominal,317.5,0
640,broken,284.0,0
641,nominal,329.0,0
642,nominal,270.6,0
643,broken,277.4,0
644,nominal,428.5,0
645,thick,582.7,0
646,nominal,430.9,1
647,nominal,289.5,0
648,broken,258.6,0
649,thick,673.1,0
650,nominal,332.2,0
651,nominal,289.5,0
652,broken,298.6,0
653,nominal,296.8,0
654,nominal,393.6,1
655,nominal,406.9,0
656,nominal,333.8,1
657,nominal,303.8,0
658,nominal,322.5,0
659,nominal,386.8,0
660,thick,878.3,0
661,thick,1009.8,0
662,thick,975.1,0
663,thick,915.6,0
664,nominal,349.3,1
665,nominal,368.5,0
666,nominal,327.4,1
667,nominal,346.3,1
668,thick,474.3,1
669,thick,543.1,0
670,nominal,414.6,1
671,nominal,424.7,1
672,nominal,437.0,1
673,nominal,422.2,0
674,nominal,350.8,1
675,nominal,361.3,1
676,thick,493.0,0
677,nominal,356.8,1
678,nominal,397.6,1
679,thick,443.1,0
680,nominal,325.8,1
681,nominal,343.2,1
682,nominal,377.1,1
683,nominal,432.2,1
684,thick,1009.8,0
685,thick,1009.8,0
686,thick,1009.8,0
687,thick,1009.8,0
688,nominal,428.5,1
689,thick,452.5,0
690,nominal,338.5,1
691,nominal,364.2,1
692,thick,591.8,0
693,thick,555.7,0
694,nominal,435.8,1
695,thick,451.4,1
696,nominal,434.6,1
697,thick,494.0,0
698,nominal,335.4,1
699,nominal,350.8,1
700,thick,590.0,0
701,nominal,332.2,1
702,nominal,430.9,1
703,thick,487.5,0
704,nominal,327.4,1
705,nominal,350.8,1
706,nominal,374.3,1
707,thick,470.9,0
708,thick,1009.8,0
709,thick,1009.8,0
710,thick,1009.8,0
711,thick,1009.8,0
712,thick,515.1,0
713,thick,464.1,0
714,nominal,365.7,1
715,nominal,377.1,1
716,thick,749.9,0
717,thick,887.3,0
718,nominal,409.5,1
719,nominal,395.0,1
720,nominal,409.5,1
721,thick,759.1,0
722,nominal,343.2,1
723,nominal,337.0,1
724,thick,800.6,0
725,nominal,335.4,1
726,nominal,392.3,1
727,thick,679.4,0
728,nominal,317.5,1
729,nominal,333.8,1
730,nominal,356.8,1
731,thick,715.2,0
732,thick,1009.8,0
733,thick,1009.8,0
734,thick,1009.8,0
735,thick,1009.8,0
736,thick,835.6,0
737,thick,781.1,0
738,nominal,352.4,1
739,nominal,353.9,1
740,thick,903.9,0
741,thick,914.4,0
742,nominal,393.6,1
743,nominal,428.5,1
744,thick,447.8,1
745,thick,872.9,0
746,nominal,325.8,1
747,nominal,340.1,1
748,thick,902.2,0
749,nominal,332.2,1
750,nominal,406.9,1
751,thick,879.5,0
752,nominal,302.1,1
753,nominal,335.4,1
754,nominal,325.8,1
755,thick,817.0,0
756,thick,1009.8,0
757,thick,1009.8,0
758,thick,1009.8,0
759,thick,1009.8,0
760,thick,912.1,0
761,thick,862.5,0
762,nominal,341.7,1
763,nominal,344.7,1
764,thick,944.1,0
765,thick,901.6,0
766,nominal,396.3,1
767,nominal,413.3,0
768,thick,446.6,1
769,thick,906.3,0
770,nominal,322.5,1
771,nominal,322.5,1
772,thick,967.4,0
773,nominal,310.7,1
774,nominal,428.5,1
775,thick,932.8,0
776,nominal,330.6,1
777,nominal,329.0,1
778,nominal,352.4,1
779,thick,902.2,0
780,thick,1009.8,0
781,thick,1009.8,0
782,thick,1009.8,0
783,thick,1009.8,0
784,thick,909.2,0
785,thick,874.1,0
786,nominal,333.8,1
787,nominal,343.2,1
788,thick,979.4,0
789,thick,924.2,0
790,nominal,386.8,1
791,nominal,413.3,0
792,nominal,358.3,0
793,thick,899.8,0
794,nominal,322.5,1
795,nominal,289.5,1
796,thick,933.9,0
797,nominal,289.5,1
798,nominal,423.5,1
799,thick,902.2,0
800,nominal,320.8,1
801,nominal,327.4,1
802,nominal,333.8,1
803,thick,906.9,0
804,thick,1009.8,0
805,thick,1009.8,0
806,thick,1009.8,0
807,thick,1009.8,0
808,thick,945.2,0
809,thick,868.0,0
810,nominal,338.5,1
811,nominal,341.7,1
812,thick,965.2,0
813,thick,901.0,0
814,nominal,338.5,1
815,nominal,390.9,0
816,nominal,424.7,0
817,thick,898.0,0
818,nominal,324.1,0
819,nominal,296.8,1
820,thick,935.6,0
821,nominal,300.3,0
822,nominal,432.2,1
823,thick,905.7,0
824,nominal,329.0,0
825,nominal,338.5,1
826,nominal,330.6,1
827,thick,896.9,0
828,thick,1009.8,0
829,thick,1009.8,0
830,thick,1009.8,0
831,thick,1009.8,0
832,thick,919.1,0
833,thick,848.2,0
834,nominal,353.9,1
835,nominal,353.9,1
836,thick,972.4,0
837,thick,772.2,0
838,nominal,379.9,1
839,nominal,347.8,0
840,nominal,347.8,0
841,thick,854.4,0
842,nominal,329.0,0
843,nominal,309.0,0
844,thick,600.7,0
845,nominal,312.4,0
846,broken,353.1,0
847,thick,781.8,0
848,nominal,312.4,0
849,nominal,337.0,0
850,nominal,346.3,0
851,thick,827.9,0
852,thick,1009.8,0
853,thick,1006.7,0
854,thick,1009.8,0
855,thick,1009.8,0
856,thick,537.2,0
857,thick,628.3,0
858,nominal,322.5,0
859,nominal,330.6,0
860,broken,287.7,0
861,nominal,322.5,0
862,nominal,276.4,0
863,broken,268.6,0
864,nominal,362.7,0
865,thick,562.3,0
866,nominal,382.7,1
867,broken,270.6,0
868,nominal,312.4,0
869,thick,642.5,0
870,nominal,324.1,0
871,nominal,303.8,0
872,broken,347.8,0
873,nominal,303.8,0
874,nominal,358.3,0
875,nominal,418.4,0
876,nominal,340.1,0
877,nominal,303.8,0
878,nominal,335.4,0
879,nominal,364.2,0
880,thick,907.4,0
881,thick,1009.3,0
882,thick,993.9,0
883,thick,927.7,0
884,nominal,359.8,1
885,nominal,358.3,1
886,nominal,341.7,1
887,nominal,344.7,1
888,thick,446.6,1
889,thick,489.7,0
890,nominal,402.9,0
891,nominal,426.0,1
892,nominal,421.0,1
893,nominal,422.2,0
894,nominal,356.8,0
895,nominal,346.3,1
896,thick,494.0,0
897,nominal,340.1,1
898,nominal,408.2,0
899,thick,438.3,0
900,nominal,353.9,1
901,nominal,377.1,1
902,nominal,379.9,1
903,nominal,417.2,0
904,thick,1009.8,0
905,thick,1009.8,0
906,thick,1009.8,0
907,thick,1009.8,0
908,nominal,419.7,1
909,nominal,430.9,0
910,nominal,375.7,1
911,nominal,367.1,1
912,thick,612.0,0
913,thick,573.5,0
914,nominal,424.7,0
915,thick,461.8,1
916,thick,453.7,1
917,thick,523.2,0
918,nominal,337.0,1
919,nominal,337.0,1
920,thick,573.5,0
921,nominal,335.4,1
922,nominal,406.9,1
923,thick,457.2,0
924,nominal,358.3,1
925,nominal,367.1,1
926,nominal,372.8,1
927,thick,451.4,0
928,thick,1009.8,0
929,thick,1009.8,0
930,thick,1009.8,0
931,thick,1009.8,0
932,thick,470.9,0
933,thick,454.9,0
934,nominal,367.1,1
935,nominal,370.0,1
936,thick,722.6,0
937,thick,742.8,0
938,nominal,428.5,1
939,nominal,424.7,1
940,thick,452.5,1
941,thick,541.2,0
942,nominal,355.4,1
943,nominal,347.8,1
944,thick,545.1,0
945,nominal,330.6,1
946,missing,0.0,1
947,thick,481.0,0
948,nominal,340.1,1
949,nominal,367.1,1
950,nominal,361.3,1
951,thick,479.9,0
952,thick,1009.8,0
953,thick,1009.8,0
954,thick,1009.8,0
955,thick,1009.8,0
956,thick,707.7,0
957,thick,489.7,0
958,nominal,361.3,1
959,nominal,367.1,1
960,thick,858.2,0
961,thick,869.2,0
962,nominal,437.0,1
963,thick,456.1,1
964,thick,438.3,1
965,thick,768.1,0
966,nominal,356.8,1
967,nominal,352.4,1
968,thick,841.3,0
969,nominal,315.8,1
970,nominal,415.9,1
971,thick,768.8,0
972,nominal,333.8,1
973,nominal,337.0,1
974,nominal,361.3,1
975,thick,497.2,0
976,thick,1009.8,0
977,thick,1009.8,0
978,thick,1009.8,0
979,thick,1009.8,0
980,thick,812.4,0
981,thick,772.2,0
982,nominal,344.7,1
983,nominal,352.4,1
984,thick,866.8,0
985,thick,871.0,0
986,nominal,399.0,1
987,thick,461.8,0
988,thick,438.3,0
989,thick,821.5,0
990,nominal,340.1,1
991,nominal,322.5,1
992,thick,894.5,0
993,nominal,324.1,1
994,nominal,429.7,1
995,thick,826.7,0
996,nominal,325.8,1
997,nominal,343.2,1
998,nominal,364.2,1
999,thick,759.8,0
1000,thick,1009.8,0
1001,thick,1009.8,0
1002,thick,1009.8,0
1003,thick,1009.8,0
1004,thick,839.4,0
1005,thick,784.5,0
1006,nominal,330.6,1
1007,nominal,349.3,1
1008,thick,944.7,0
1009,thick,938.5,0
1010,thick,446.6,1
1011,nominal,428.5,0
1012,nominal,430.9,0
1013,thick,876.5,0
1014,nominal,325.8,1
1015,nominal,324.1,1
1016,thick,872.3,0
1017,nominal,307.3,1
1018,nominal,408.2,1
1019,thick,851.3,0
1020,nominal,327.4,1
1021,nominal,324.1,1
1022,nominal,347.8,1
1023,thick,772.2,0
1024,thick,1009.8,0
1025,thick,1009.8,0
1026,thick,1009.8,0
1027,thick,1009.8,0
1028,thick,853.8,0
1029,thick,811.1,0
1030,nominal,349.3,1
1031,nominal,349.3,1
1032,thick,937.3,0
1033,thick,862.5,0
1034,nominal,429.7,1
1035,nominal,393.6,0
1036,nominal,402.9,0
1037,thick,883.1,0
1038,nominal,315.8,0
1039,nominal,305.6,0
1040,thick,561.4,0
1041,nominal,319.2,0
1042,nominal,429.7,1
1043,thick,827.3,0
1044,nominal,333.8,0
1045,nominal,349.3,1
1046,nominal,358.3,1
1047,thick,822.8,0
1048,thick,1009.8,0
1049,thick,1009.8,0
1050,thick,1009.8,0
1051,thick,1009.8,0
1052,thick,833.7,0
1053,thick,757.7,0
1054,nominal,346.3,0
1055,nominal,352.4,1
1056,thick,877.7,0
1057,thick,753.5,0
1058,nominal,405.6,1
1059,nominal,362.7,0
1060,nominal,335.4,0
1061,thick,828.6,0
1062,nominal,309.0,0
1063,nominal,325.8,0
1064,thick,482.1,0
1065,nominal,329.0,0
1066,nominal,426.0,1
1067,thick,756.3,0
1068,nominal,333.8,0
1069,nominal,346.3,0
1070,nominal,378.5,0
1071,nominal,428.5,0
1072,thick,1009.8,0
1073,thick,1008.8,0
1074,thick,1009.8,0
1075,thick,1009.8,0
1076,nominal,384.1,0
1077,thick,466.4,0
1078,nominal,324.1,0
1079,nominal,340.1,0
1080,broken,280.2,0
1081,nominal,344.7,0
1082,nominal,298.6,0
1083,broken,272.5,0
1084,nominal,395.0,0
1085,thick,551.9,0
1086,nominal,389.5,1
1087,broken,272.5,0
1088,broken,289.5,0
1089,thick,608.6,0
1090,nominal,340.1,0
1091,nominal,315.8,0
1092,necked,320.8,0
1093,nominal,303.8,0
1094,nominal,406.9,0
1095,nominal,422.2,0
1096,nominal,347.8,0
1097,nominal,314.1,0
1098,nominal,353.9,0
1099,nominal,344.7,0
1100,thick,928.8,0
1101,thick,1009.3,0
1102,thick,1000.9,0
1103,thick,943.6,0
1104,nominal,332.2,0
1105,nominal,352.4,1
1106,nominal,335.4,1
1107,nominal,330.6,1
1108,thick,483.2,1
1109,nominal,434.6,0
1110,nominal,395.0,0
1111,nominal,428.5,1
1112,nominal,426.0,1
1113,nominal,417.2,0
1114,nominal,382.7,0
1115,nominal,347.8,1
1116,thick,500.4,1
1117,nominal,298.6,1
1118,nominal,417.2,0
1119,nominal,424.7,0
1120,nominal,365.7,1
1121,nominal,375.7,1
1122,nominal,364.2,1
1123,nominal,401.6,0
1124,thick,1009.8,0
1125,thick,1009.8,0
1126,thick,1009.8,0
1127,thick,1009.8,0
1128,nominal,422.2,0
1129,nominal,405.6,1
1130,nominal,368.5,1
1131,nominal,358.3,1
1132,thick,552.8,0
1133,thick,477.6,0
1134,nominal,397.6,0
1135,thick,452.5,1
1136,thick,450.2,1
1137,thick,488.6,0
1138,nominal,362.7,1
1139,nominal,298.6,1
1140,thick,527.3,0
1141,nominal,296.8,1
1142,nominal,397.6,1
1143,thick,463.0,0
1144,nominal,356.8,0
1145,nominal,384.1,1
1146,nominal,386.8,1
1147,thick,449.0,0
1148,thick,1009.8,0
1149,thick,1009.8,0
1150,thick,1009.8,0
1151,thick,1009.8,0
1152,thick,459.5,0
1153,thick,449.0,0
1154,nominal,368.5,1
1155,nominal,381.3,1
1156,thick,575.4,0
1157,thick,604.2,0
1158,thick,446.6,0
1159,nominal,417.2,1
1160,thick,439.5,1
1161,thick,529.3,0
1162,nominal,362.7,0
1163,nominal,310.7,1
1164,thick,546.1,0
1165,nominal,300.3,1
1166,thick,456.1,1
1167,thick,468.7,0
1168,nominal,370.0,1
1169,nominal,372.8,1
1170,nominal,352.4,1
1171,thick,443.1,0
1172,thick,1009.8,0
1173,thick,1009.8,0
1174,thick,1009.8,0
1175,thick,1009.8,0
1176,thick,486.5,0
1177,thick,472.1,0
1178,nominal,346.3,1
1179,nominal,374.3,1
1180,thick,477.6,0
1181,thick,729.1,0
1182,nominal,421.0,1
1183,nominal,406.9,1
1184,nominal,418.4,1
1185,thick,591.8,0
1186,nominal,378.5,0
1187,nominal,310.7,1
1188,thick,568.0,0
1189,nominal,312.4,1
1190,nominal,429.7,1
1191,thick,495.1,0
1192,nominal,356.8,1
1193,nominal,370.0,1
1194,nominal,385.4,1
1195,thick,469.8,0
1196,thick,1009.8,0
1197,thick,1009.8,0
1198,thick,1009.8,0
1199,thick,1009.8,0
1200,thick,502.5,0
1201,thick,510.9,0
1202,nominal,341.7,1
1203,nominal,362.7,1
1204,thick,646.6,0
1205,thick,845.1,0
1206,nominal,430.9,1
1207,nominal,372.8,0
1208,nominal,422.2,0
1209,thick,629.1,0
1210,nominal,361.3,1
1211,nominal,324.1,1
1212,thick,526.3,0
1213,nominal,317.5,1
1214,thick,449.0,1
1215,thick,542.2,0
1216,nominal,337.0,1
1217,nominal,346.3,1
1218,nominal,375.7,1
1219,thick,452.5,0
1220,thick,1009.8,0
1221,thick,1009.8,0
1222,thick,1009.8,0
1223,thick,1009.8,0
1224,thick,566.1,0
1225,thick,537.2,0
1226,nominal,353.9,1
1227,nominal,353.9,1
1228,thick,606.8,0
1229,thick,822.8,0
1230,nominal,409.5,1
1231,nominal,428.5,0
1232,thick,439.5,0
1233,thick,681.0,0
1234,nominal,317.5,1
1235,nominal,300.3,1
1236,thick,587.3,0
1237,nominal,317.5,0
1238,thick,454.9,1
1239,thick,539.2,0
1240,nominal,330.6,0
1241,nominal,353.9,1
1242,nominal,372.8,1
1243,thick,517.1,0
1244,thick,1009.8,0
1245,thick,1009.8,0
1246,thick,1009.8,0
1247,thick,1009.8,0
1248,thick,508.8,0
1249,thick,544.1,0
1250,nominal,347.8,0
1251,nominal,365.7,1
1252,thick,514.0,0
1253,thick,806.5,0
1254,nominal,392.3,1
1255,nominal,388.2,0
1256,nominal,408.2,0
1257,thick,761.2,0
1258,nominal,307.3,0
1259,nominal,324.1,0
1260,thick,580.9,0
1261,nominal,325.8,0
1262,thick,458.4,1
1263,thick,548.0,0
1264,nominal,303.8,0
1265,nominal,361.3,0
1266,nominal,364.2,1
1267,thick,482.1,0
1268,thick,1009.8,0
1269,thick,1009.8,0
1270,thick,1009.8,0
1271,thick,1009.8,0
1272,thick,456.1,0
1273,thick,525.3,0
1274,nominal,347.8,0
1275,nominal,365.7,1
1276,nominal,422.2,0
1277,thick,740.7,0
1278,nominal,397.6,1
1279,nominal,329.0,0
1280,nominal,361.3,0
1281,thick,733.5,0
1282,nominal,333.8,0
1283,nominal,329.0,0
1284,nominal,393.6,0
1285,nominal,330.6,0
1286,thick,440.7,1
1287,thick,489.7,0
1288,nominal,314.1,0
1289,nominal,353.9,0
1290,nominal,379.9,1
1291,nominal,421.0,0
1292,thick,1009.8,0
1293,thick,1009.8,0
1294,thick,1009.8,0
1295,thick,1009.8,0
1296,nominal,368.5,0
1297,nominal,435.8,0
1298,nominal,324.1,0
1299,nominal,358.3,0
1300,broken,260.6,0
1301,nominal,344.7,0
1302,nominal,293.2,0
1303,broken,276.4,0
1304,nominal,385.4,0
1305,thick,502.5,0
1306,nominal,415.9,1
1307,broken,302.1,0
1308,nominal,303.8,0
1309,thick,499.4,0
1310,broken,530.8,1
1311,nominal,324.1,0
1312,broken,295.0,0
1313,broken,284.0,0
1314,nominal,413.3,0
1315,nominal,422.2,0
1316,nominal,333.8,0
1317,nominal,314.1,0
1318,nominal,344.7,0
1319,nominal,335.4,0
1320,thick,925.4,0
1321,thick,1003.5,0
1322,thick,985.9,0
1323,thick,925.4,0
1324,nominal,329.0,0
1325,nominal,347.8,0
1326,nominal,329.0,0
1327,nominal,346.3,1
1328,thick,472.1,1
1329,thick,440.7,0
1330,nominal,418.4,0
1331,thick,491.9,1
1332,thick,458.4,1
1333,thick,438.3,0
1334,nominal,372.8,0
1335,nominal,312.4,1
1336,thick,468.7,1
1337,nominal,285.8,1
1338,thick,446.6,0
1339,nominal,424.7,1
1340,nominal,385.4,1
1341,nominal,386.8,0
1342,nominal,375.7,1
1343,nominal,390.9,0
1344,thick,1009.8,0
1345,thick,1009.8,0
1346,thick,1009.8,0
1347,thick,1009.8,0
1348,nominal,396.3,0
1349,nominal,417.2,1
1350,nominal,358.3,1
1351,nominal,385.4,1
1352,thick,575.4,0
1353,thick,464.1,0
1354,thick,475.4,0
1355,thick,459.5,1
1356,nominal,424.7,1
1357,thick,529.3,0
1358,nominal,359.8,1
1359,nominal,296.8,1
1360,thick,502.5,0
1361,nominal,298.6,1
1362,nominal,428.5,1
1363,thick,450.2,1
1364,nominal,386.8,0
1365,nominal,381.3,1
1366,nominal,368.5,1
1367,nominal,417.2,0
1368,thick,1009.8,0
1369,thick,1009.8,0
1370,thick,1009.8,0
1371,thick,1009.8,0
1372,thick,464.1,0
1373,thick,443.1,1
1374,nominal,365.7,1
1375,nominal,379.9,1
1376,thick,588.2,0
1377,thick,518.1,0
1378,thick,457.2,1
1379,thick,440.7,1
1380,thick,459.5,1
1381,thick,487.5,0
1382,nominal,374.3,0
1383,nominal,315.8,1
1384,thick,572.6,0
1385,nominal,296.8,1
1386,nominal,429.7,1
1387,thick,453.7,0
1388,nominal,386.8,0
1389,nominal,372.8,1
1390,nominal,372.8,1
1391,thick,454.9,0
1392,thick,1009.8,0
1393,thick,1009.8,0
1394,thick,1009.8,0
1395,thick,1009.8,0
1396,thick,467.5,0
1397,thick,484.3,1
1398,nominal,370.0,1
1399,nominal,389.5,1
1400,thick,569.8,0
1401,thick,569.8,0
1402,thick,443.1,1
1403,nominal,426.0,1
1404,thick,453.7,1
1405,thick,580.0,0
1406,nominal,382.7,0
1407,nominal,315.8,1
1408,thick,590.0,0
1409,nominal,302.1,1
1410,thick,457.2,1
1411,thick,522.2,0
1412,nominal,381.3,0
1413,nominal,365.7,1
1414,nominal,379.9,1
1415,thick,476.5,0
1416,thick,1009.8,0
1417,thick,1009.8,0
1418,thick,1009.8,0
1419,thick,1009.8,0
1420,thick,486.5,0
1421,thick,503.6,0
1422,nominal,359.8,1
1423,nominal,381.3,1
1424,thick,554.7,0
1425,thick,603.3,0
1426,thick,451.4,1
1427,nominal,427.2,1
1428,thick,445.5,1
1429,thick,613.8,0
1430,nominal,370.0,0
1431,nominal,329.0,0
1432,thick,608.6,0
1433,nominal,333.8,0
1434,nominal,437.0,1
1435,thick,523.2,0
1436,nominal,344.7,0
1437,nominal,358.3,0
1438,nominal,362.7,1
1439,thick,473.2,0
1440,thick,1009.8,0
1441,thick,1009.8,0
1442,thick,1009.8,0
1443,thick,1009.8,0
1444,thick,466.4,0
1445,thick,504.7,0
1446,nominal,362.7,1
1447,nominal,368.5,1
1448,thick,541.2,0
1449,thick,624.0,0
1450,nominal,412.0,1
1451,nominal,423.5,0
1452,thick,452.5,0
1453,thick,565.2,0
1454,nominal,332.2,0
1455,nominal,338.5,0
1456,thick,548.0,0
1457,nominal,327.4,0
1458,thick,450.2,1
1459,thick,522.2,0
1460,nominal,332.2,1
1461,nominal,362.7,0
1462,nominal,367.1,1
1463,thick,453.7,0
1464,thick,1009.8,0
1465,thick,1009.8,0
1466,thick,1009.8,0
1467,thick,1009.8,0
1468,thick,505.7,0
1469,thick,520.2,0
1470,nominal,370.0,0
1471,nominal,377.1,1
1472,thick,497.2,0
1473,thick,657.2,0
1474,nominal,410.8,1
1475,broken,334.5,0
1476,nominal,423.5,0
1477,thick,586.4,0
1478,nominal,310.7,0
1479,nominal,335.4,0
1480,thick,464.1,0
1481,nominal,330.6,0
1482,thick,439.5,1
1483,thick,528.3,0
1484,nominal,302.1,0
1485,nominal,367.1,0
1486,nominal,371.4,1
1487,thick,447.8,0
1488,thick,1009.8,0
1489,thick,1009.8,0
1490,thick,1009.8,0
1491,thick,1009.8,0
1492,thick,450.2,0
1493,thick,483.2,0
1494,nominal,352.4,0
1495,nominal,368.5,1
1496,thick,470.9,0
1497,thick,568.9,0
1498,thick,466.4,0
1499,nominal,372.8,0
1500,nominal,378.5,0
1501,thick,523.2,0
1502,nominal,310.7,0
1503,nominal,335.4,0
1504,nominal,417.2,0
1505,nominal,349.3,0
1506,nominal,404.2,1
1507,thick,461.8,0
1508,nominal,319.2,0
1509,nominal,349.3,0
1510,nominal,370.0,1
1511,nominal,397.6,0
1512,thick,1009.8,0
1513,thick,1009.8,0
1514,thick,1009.8,0
1515,thick,1009.8,0
1516,nominal,382.7,0
1517,thick,439.5,0
1518,nominal,335.4,0
1519,nominal,361.3,1
1520,broken,263.6,0
1521,nominal,364.2,0
1522,nominal,314.1,0
1523,missing,0.0,0
1524,nominal,389.5,0
1525,nominal,395.0,0
1526,nominal,381.3,1
1527,broken,350.8,0
1528,nominal,335.4,0
1529,thick,481.0,0
1530,nominal,303.8,0
1531,nominal,322.5,0
1532,broken,327.4,0
1533,nominal,300.3,0
1534,nominal,393.6,0
1535,nominal,405.6,0
1536,nominal,341.7,0
1537,nominal,322.5,0
1538,nominal,367.1,0
1539,nominal,320.8,0
1540,thick,922.5,0
1541,thick,987.0,0
1542,thick,972.9,0
1543,thick,922.5,0
1544,nominal,324.1,0
1545,nominal,338.5,1
1546,nominal,325.8,1
1547,nominal,338.5,1
1548,thick,474.3,1
1549,thick,463.0,0
1550,nominal,421.0,0
1551,thick,461.8,1
1552,thick,463.0,1
1553,nominal,406.9,0
1554,nominal,347.8,1
1555,nominal,309.0,1
1556,thick,449.0,1
1557,nominal,276.4,1
1558,nominal,377.1,0
1559,nominal,399.0,1
1560,nominal,358.3,1
1561,nominal,358.3,1
1562,nominal,356.8,1
1563,nominal,378.5,0
1564,thick,1006.1,0
1565,thick,1008.3,0
1566,thick,998.7,0
1567,thick,991.3,0
1568,nominal,397.6,0
1569,nominal,409.5,1
1570,nominal,353.9,1
1571,nominal,372.8,1
1572,thick,500.4,1
1573,thick,456.1,0
1574,nominal,429.7,0
1575,thick,458.4,1
1576,nominal,426.0,1
1577,thick,438.3,0
1578,nominal,352.4,1
1579,nominal,274.5,1
1580,thick,512.0,1
1581,nominal,287.7,1
1582,nominal,426.0,1
1583,nominal,419.7,1
1584,nominal,379.9,1
1585,nominal,377.1,1
1586,nominal,365.7,1
1587,nominal,396.3,0
1588,thick,1009.8,0
1589,thick,1009.8,0
1590,thick,995.0,0
1591,thick,1002.4,0
1592,nominal,418.4,0
1593,nominal,435.8,1
1594,nominal,359.8,1
1595,nominal,382.7,1
1596,thick,491.9,1
1597,thick,467.5,0
1598,thick,445.5,1
1599,thick,467.5,1
1600,thick,475.4,1
1601,thick,509.9,0
1602,nominal,368.5,0
1603,nominal,296.8,1
1604,thick,498.3,1
1605,nominal,314.1,1
1606,nominal,432.2,1
1607,thick,456.1,1
1608,nominal,370.0,0
1609,nominal,365.7,1
1610,nominal,375.7,1
1611,nominal,424.7,0
1612,thick,1009.8,0
1613,thick,1009.8,0
1614,thick,1004.6,0
1615,thick,1000.9,0
1616,thick,463.0,0
1617,thick,440.7,1
1618,nominal,367.1,1
1619,nominal,374.3,1
1620,thick,549.0,1
1621,thick,583.6,0
1622,thick,476.5,0
1623,nominal,432.2,1
1624,thick,488.6,1
1625,thick,546.1,0
1626,nominal,374.3,0
1627,nominal,310.7,1
1628,thick,541.2,0
1629,nominal,315.8,1
1630,nominal,405.6,1
1631,thick,457.2,1
1632,nominal,372.8,0
1633,nominal,370.0,1
1634,nominal,364.2,1
1635,nominal,418.4,0
1636,thick,1009.8,0
1637,thick,1009.8,0
1638,thick,1005.1,0
1639,thick,1005.6,0
1640,thick,441.9,0
1641,thick,459.5,1
1642,nominal,356.8,0
1643,nominal,381.3,1
1644,thick,530.3,0
1645,thick,564.2,0
1646,nominal,426.0,1
1647,nominal,433.4,0
1648,thick,475.4,1
1649,thick,560.4,0
1650,nominal,355.4,0
1651,nominal,325.8,0
1652,thick,556.6,0
1653,nominal,333.8,0
1654,thick,440.7,1
1655,thick,482.1,1
1656,nominal,355.4,0
1657,nominal,349.3,1
1658,nominal,340.1,1
1659,nominal,409.5,0
1660,thick,1009.8,0
1661,thick,1009.8,0
1662,thick,1007.7,0
1663,thick,1009.3,0
1664,thick,449.0,0
1665,thick,466.4,1
1666,broken,159.6,1
1667,nominal,381.3,1
1668,thick,514.0,0
1669,thick,541.2,0
1670,thick,458.4,1
1671,thick,479.9,0
1672,thick,459.5,0
1673,thick,519.2,0
1674,nominal,333.8,0
1675,nominal,333.8,0
1676,thick,530.3,0
1677,nominal,341.7,0
1678,nominal,422.2,1
1679,thick,485.4,0
1680,nominal,330.6,0
1681,nominal,358.3,0
1682,nominal,371.4,1
1683,nominal,419.7,0
1684,thick,1009.8,0
1685,thick,1009.8,0
1686,thick,1009.8,0
1687,thick,1009.8,0
1688,thick,444.3,0
1689,thick,470.9,0
1690,nominal,355.4,0
1691,nominal,377.1,1
1692,thick,460.7,0
1693,thick,575.4,0
1694,thick,439.5,1
1695,nominal,427.2,0
1696,thick,440.7,0
1697,thick,505.7,0
1698,nominal,324.1,0
1699,nominal,335.4,0
1700,thick,497.2,0
1701,nominal,333.8,0
1702,thick,446.6,1
1703,thick,497.2,1
1704,nominal,319.2,0
1705,nominal,359.8,0
1706,nominal,372.8,1
1707,nominal,415.9,0
1708,thick,1009.8,0
1709,thick,1009.8,0
1710,thick,1009.8,0
1711,thick,1009.8,0
1712,nominal,415.9,0
1713,thick,439.5,1
1714,nominal,341.7,0
1715,nominal,375.7,1
1716,thick,441.9,0
1717,thick,479.9,0
1718,nominal,397.6,0
1719,nominal,365.7,0
1720,nominal,386.8,0
1721,thick,503.6,0
1722,nominal,300.3,0
1723,nominal,340.1,0
1724,nominal,426.0,0
1725,nominal,337.0,0
1726,nominal,386.8,1
1727,thick,457.2,0
1728,broken,396.3,1
1729,nominal,347.8,0
1730,nominal,359.8,1
1731,nominal,364.2,0
1732,thick,1009.8,0
1733,thick,1007.7,0
1734,thick,1009.3,0
1735,thick,1009.8,0
1736,nominal,367.1,0
1737,nominal,417.2,0
1738,nominal,325.8,0
1739,nominal,350.8,1
1740,broken,262.6,0
1741,nominal,350.8,0
1742,nominal,335.4,0
1743,broken,278.3,0
1744,nominal,372.8,0
1745,thick,447.8,0
1746,nominal,432.2,1
1747,nominal,314.1,0
1748,nominal,344.7,0
1749,thick,474.3,0
1750,nominal,305.6,0
1751,nominal,327.4,0
1752,nominal,319.2,0
1753,nominal,310.7,0
1754,nominal,393.6,0
1755,nominal,404.2,0
1756,nominal,298.6,0
1757,nominal,307.3,0
1758,nominal,355.4,1
1759,nominal,319.2,0
1760,thick,912.7,0
1761,thick,937.9,0
1762,thick,888.5,0
1763,thick,860.6,0
1764,nominal,320.8,1
1765,nominal,295.0,1
1766,nominal,314.1,1
1767,nominal,341.7,1
1768,nominal,408.2,1
1769,thick,461.8,0
1770,nominal,386.8,0
1771,nominal,434.6,1
1772,missing,0.0,0
1773,missing,0.0,0
1774,missing,0.0,0
1775,missing,0.0,0
1776,nominal,402.9,1
1777,nominal,372.8,0
1778,nominal,340.1,1
1779,nominal,266.6,1
1780,nominal,432.2,1
1781,broken,268.6,1
1782,nominal,393.6,0
1783,nominal,371.4,1
1784,nominal,346.3,1
1785,nominal,355.4,1
1786,broken,331.4,1
1787,nominal,319.2,1
1788,thick,953.1,0
1789,thick,958.6,0
1790,thick,920.8,0
1791,thick,899.8,0
1792,nominal,367.1,1
1793,broken,344.7,1
1794,nominal,330.6,1
1795,nominal,356.8,1
1796,thick,459.5,1
1797,thick,479.9,0
1798,nominal,419.7,0
1799,nominal,417.2,1
1800,missing,0.0,0
1801,missing,0.0,0
1802,missing,0.0,0
1803,missing,0.0,0
1804,nominal,435.8,1
1805,nominal,365.7,1
1806,nominal,350.8,1
1807,nominal,280.2,1
1808,thick,467.5,1
1809,broken,293.2,1
1810,nominal,393.6,1
1811,nominal,393.6,1
1812,nominal,349.3,1
1813,nominal,356.8,1
1814,broken,344.0,1
1815,nominal,344.7,1
1816,thick,974.0,0
1817,thick,974.0,0
1818,thick,933.9,0
1819,thick,914.4,0
1820,nominal,400.3,0
1821,broken,365.7,1
1822,nominal,340.1,1
1823,nominal,372.8,1
1824,thick,507.8,1
1825,nominal,417.2,0
1826,nominal,379.9,1
1827,thick,457.2,1
1828,missing,0.0,0
1829,missing,0.0,0
1830,missing,0.0,0
1831,missing,0.0,0
1832,thick,439.5,1
1833,nominal,429.7,1
1834,nominal,343.2,1
1835,nominal,298.6,1
1836,thick,482.1,1
1837,broken,317.5,1
1838,nominal,392.3,1
1839,nominal,418.4,1
1840,nominal,367.1,0
1841,nominal,352.4,1
1842,broken,357.6,1
1843,nominal,367.1,0
1844,thick,975.1,0
1845,thick,978.9,0
1846,thick,939.6,0
1847,thick,931.7,0
1848,nominal,406.9,0
1849,broken,384.1,1
1850,nominal,350.8,1
1851,nominal,378.5,1
1852,thick,487.5,1
1853,thick,473.2,0
1854,nominal,426.0,1
1855,nominal,424.7,1
1856,missing,0.0,0
1857,missing,0.0,0
1858,missing,0.0,0
1859,missing,0.0,0
1860,thick,444.3,1
1861,thick,446.6,1
1862,nominal,361.3,1
1863,nominal,315.8,1
1864,thick,490.8,0
1865,broken,314.1,1
1866,nominal,402.9,1
1867,nominal,419.7,1
1868,nominal,358.3,0
1869,nominal,356.8,0
1870,broken,346.3,1
1871,nominal,371.4,0
1872,thick,979.4,0
1873,thick,983.2,0
1874,thick,944.1,0
1875,thick,951.4,0
1876,nominal,419.7,0
1877,broken,386.8,1
1878,nominal,352.4,1
1879,nominal,374.3,1
1880,thick,498.3,0
1881,thick,459.5,1
1882,nominal,395.0,1
1883,nominal,424.7,0
1884,missing,0.0,0
1885,missing,0.0,0
1886,missing,0.0,0
1887,missing,0.0,0
1888,nominal,437.0,1
1889,thick,499.4,1
1890,broken,355.4,1
1891,nominal,341.7,0
1892,thick,467.5,0
1893,broken,322.5,0
1894,nominal,386.8,1
1895,nominal,410.8,1
1896,nominal,352.4,0
1897,nominal,327.4,1
1898,broken,333.8,1
1899,nominal,355.4,0
1900,thick,978.3,0
1901,thick,989.1,0
1902,thick,946.9,0
1903,thick,956.4,0
1904,nominal,404.2,0
1905,broken,395.0,1
1906,nominal,335.4,0
1907,nominal,374.3,1
1908,thick,508.8,0
1909,thick,495.1,1
1910,nominal,396.3,1
1911,nominal,413.3,0
1912,missing,0.0,0
1913,missing,0.0,0
1914,missing,0.0,0
1915,missing,0.0,0
1916,nominal,418.4,1
1917,thick,458.4,1
1918,broken,344.7,0
1919,nominal,340.1,0
1920,thick,454.9,0
1921,nominal,322.5,0
1922,nominal,435.8,1
1923,nominal,430.9,1
1924,nominal,325.8,0
1925,nominal,343.2,0
1926,broken,344.7,1
1927,nominal,379.9,0
1928,thick,989.1,0
1929,thick,994.5,0
1930,thick,957.5,0
1931,thick,953.1,0
1932,nominal,404.2,0
1933,broken,395.6,1
1934,nominal,335.4,0
1935,nominal,361.3,1
1936,thick,497.2,0
1937,thick,458.4,0
1938,nominal,392.3,1
1939,nominal,372.8,0
1940,missing,0.0,0
1941,missing,0.0,0
1942,missing,0.0,0
1943,missing,0.0,0
1944,nominal,402.9,0
1945,thick,467.5,1
1946,broken,330.6,0
1947,nominal,344.7,0
1948,thick,453.7,0
1949,nominal,340.1,0
1950,broken,365.7,0
1951,thick,446.6,1
1952,nominal,320.8,0
1953,nominal,352.4,0
1954,broken,335.4,1
1955,nominal,377.1,0
1956,thick,996.6,0
1957,thick,1000.9,0
1958,thick,956.4,0
1959,thick,966.3,0
1960,nominal,378.5,0
1961,broken,390.9,1
1962,nominal,338.5,0
1963,nominal,350.8,1
1964,nominal,419.7,0
1965,thick,472.1,0
1966,nominal,412.0,1
1967,nominal,379.9,0
1968,missing,0.0,0
1969,missing,0.0,0
1970,missing,0.0,0
1971,missing,0.0,0
1972,nominal,389.5,0
1973,thick,469.8,0
1974,broken,319.2,0
1975,nominal,344.7,0
1976,nominal,412.0,0
1977,nominal,341.7,0
1978,nominal,409.5,1
1979,nominal,427.2,1
1980,nominal,309.0,0
1981,nominal,332.2,0
1982,broken,344.7,1
1983,nominal,350.8,0
1984,thick,1005.6,0
1985,thick,986.4,0
1986,thick,961.9,0
1987,thick,968.0,0
1988,nominal,337.0,0
1989,broken,361.3,1
1990,nominal,320.8,0
1991,nominal,350.8,1
1992,broken,266.6,0
1993,nominal,309.0,0
1994,nominal,340.1,0
1995,nominal,305.6,0
1996,nominal,362.7,0
1997,nominal,435.8,0
1998,nominal,434.6,1
1999,nominal,319.2,0
2000,missing,0.0,0
2001,missing,0.0,0
2002,missing,0.0,0
2003,missing,0.0,0
2004,nominal,353.9,0
2005,broken,377.1,0
2006,broken,293.2,0
2007,nominal,335.4,0
2008,nominal,330.6,0
2009,nominal,335.4,0
2010,nominal,401.6,1
2011,nominal,382.7,0
2012,nominal,309.0,0
2013,nominal,325.8,0
2014,broken,329.0,1
2015,nominal,324.1,0
2016,nominal,268.6,1
2017,nominal,312.4,1
2018,nominal,278.3,1
2019,nominal,327.4,1
2020,nominal,302.1,1
2021,nominal,303.8,1
2022,nominal,307.3,1
2023,nominal,302.1,1
2024,nominal,359.8,1
2025,nominal,335.4,1
2026,nominal,368.5,1
2027,nominal,388.2,1
2028,nominal,375.7,1
2029,nominal,384.1,1
2030,nominal,284.0,1
2031,nominal,319.2,1
2032,nominal,402.9,1
2033,nominal,302.1,1
2034,nominal,382.7,1
2035,nominal,303.8,1
2036,nominal,282.1,1
2037,nominal,309.0,1
2038,nominal,314.1,1
2039,nominal,310.7,1
2040,nominal,266.6,1
2041,nominal,295.0,1
2042,thin,260.6,1
2043,nominal,284.0,1
2044,nominal,295.0,1
2045,nominal,319.2,1
2046,nominal,310.7,1
2047,nominal,305.6,1
2048,nominal,385.4,1
2049,nominal,371.4,1
2050,nominal,349.3,1
2051,nominal,343.2,1
2052,nominal,365.7,1
2053,nominal,370.0,1
2054,nominal,282.1,1
2055,nominal,295.0,1
2056,nominal,428.5,1
2057,nominal,278.3,1
2058,nominal,329.0,1
2059,nominal,330.6,1
2060,nominal,291.4,1
2061,broken,325.8,1
2062,nominal,330.6,1
2063,nominal,314.1,1
2064,nominal,287.7,1
2065,nominal,282.1,1
2066,nominal,296.8,1
2067,nominal,264.6,1
2068,nominal,310.7,1
2069,nominal,335.4,1
2070,nominal,315.8,1
2071,nominal,337.0,1
2072,nominal,349.3,1
2073,nominal,384.1,1
2074,broken,300.3,1
2075,nominal,355.4,1
2076,nominal,393.6,1
2077,nominal,401.6,1
2078,nominal,282.1,1
2079,nominal,289.5,1
2080,nominal,409.5,1
2081,nominal,266.6,1
2082,nominal,352.4,1
2083,nominal,325.8,1
2084,nominal,305.6,1
2085,nominal,320.8,1
2086,nominal,324.1,1
2087,nominal,314.1,1
2088,nominal,305.6,1
2089,nominal,298.6,1
2090,nominal,280.2,1
2091,nominal,268.6,1
2092,nominal,319.2,1
2093,nominal,341.7,1
2094,nominal,320.8,1
2095,nominal,322.5,1
2096,nominal,364.2,1
2097,nominal,329.0,1
2098,nominal,364.2,1
2099,nominal,385.4,1
2100,nominal,421.0,1
2101,nominal,404.2,1
2102,nominal,285.8,1
2103,nominal,295.0,1
2104,nominal,412.0,1
2105,thin,258.6,1
2106,nominal,386.8,1
2107,nominal,319.2,1
2108,nominal,314.1,1
2109,nominal,309.0,1
2110,nominal,325.8,1
2111,nominal,309.0,1
2112,nominal,305.6,1
2113,nominal,302.1,1
2114,nominal,293.2,1
2115,nominal,276.4,1
2116,nominal,322.5,1
2117,nominal,337.0,1
2118,nominal,307.3,1
2119,nominal,332.2,1
2120,nominal,382.7,1
2121,nominal,356.8,1
2122,nominal,322.5,1
2123,nominal,346.3,1
2124,nominal,404.2,1
2125,nominal,372.8,1
2126,nominal,284.0,1
2127,nominal,298.6,1
2128,nominal,424.7,1
2129,thin,258.6,1
2130,nominal,364.2,1
2131,nominal,298.6,1
2132,nominal,289.5,1
2133,nominal,293.2,1
2134,nominal,303.8,1
2135,nominal,291.4,1
2136,nominal,298.6,1
2137,thin,260.6,1
2138,nominal,296.8,1
2139,nominal,276.4,1
2140,nominal,312.4,1
2141,nominal,324.1,1
2142,nominal,322.5,1
2143,nominal,340.1,1
2144,nominal,362.7,1
2145,nominal,393.6,1
2146,nominal,322.5,1
2147,nominal,381.3,1
2148,nominal,365.7,1
2149,nominal,401.6,1
2150,nominal,307.3,1
2151,nominal,270.6,1
2152,nominal,406.9,1
2153,thin,260.6,1
2154,nominal,401.6,1
2155,nominal,320.8,1
2156,nominal,324.1,1
2157,nominal,309.0,1
2158,nominal,315.8,1
2159,nominal,309.0,1
2160,nominal,319.2,1
2161,nominal,289.5,1
2162,nominal,298.6,1
2163,nominal,291.4,1
2164,nominal,322.5,1
2165,nominal,356.8,1
2166,nominal,317.5,1
2167,nominal,329.0,1
2168,nominal,388.2,0
2169,nominal,371.4,1
2170,nominal,377.1,1
2171,nominal,419.7,0
2172,nominal,370.0,1
2173,nominal,379.9,1
2174,nominal,312.4,1
2175,nominal,272.5,1
2176,nominal,370.0,0
2177,thin,248.1,1
2178,nominal,379.9,1
2179,nominal,340.1,1
2180,nominal,320.8,1
2181,nominal,310.7,1
2182,nominal,330.6,1
2183,nominal,315.8,1
2184,nominal,310.7,1
2185,nominal,272.5,1
2186,nominal,305.6,1
2187,nominal,264.6,1
2188,nominal,327.4,1
2189,nominal,322.5,1
2190,nominal,324.1,1
2191,nominal,322.5,0
2192,nominal,372.8,0
2193,nominal,335.4,1
2194,nominal,344.7,1
2195,nominal,355.4,0
2196,nominal,378.5,0
2197,nominal,372.8,1
2198,nominal,307.3,1
2199,nominal,284.0,1
2200,nominal,358.3,0
2201,thin,252.3,1
2202,nominal,400.3,1
2203,nominal,338.5,0
2204,nominal,307.3,1
2205,nominal,330.6,0
2206,nominal,325.8,1
2207,nominal,317.5,0
2208,nominal,302.1,0
2209,nominal,274.5,0
2210,nominal,317.5,1
2211,thin,260.6,1
2212,nominal,310.7,0
2213,nominal,320.8,0
2214,nominal,314.1,0
2215,nominal,315.8,0
2216,nominal,284.0,0
2217,nominal,278.3,0
2218,nominal,280.2,0
2219,nominal,284.0,0
2220,nominal,353.9,0
2221,nominal,367.1,1
2222,nominal,359.8,1
2223,nominal,322.5,0
2224,nominal,340.1,0
2225,nominal,367.1,1
2226,nominal,319.2,1
2227,thin,250.2,1
2228,nominal,332.2,0
2229,nominal,266.6,1
2230,nominal,409.5,1
2231,nominal,303.8,0
2232,nominal,332.2,1
2233,nominal,289.5,0
2234,nominal,312.4,0
2235,nominal,310.7,0
2236,nominal,296.8,1
2237,nominal,293.2,1
2238,nominal,280.2,1
2239,nominal,295.0,1
2240,nominal,315.8,1
2241,nominal,303.8,1
2242,nominal,307.3,1
2243,nominal,295.0,1
2244,nominal,430.9,1
2245,nominal,344.7,1
2246,nominal,404.2,1
2247,nominal,364.2,1
2248,nominal,350.8,1
2249,nominal,377.1,1
2250,nominal,295.0,1
2251,missing,0.0,1
2252,nominal,379.9,1
2253,nominal,276.4,1
2254,nominal,349.3,1
2255,nominal,332.2,1
2256,nominal,274.5,1
2257,nominal,324.1,1
2258,nominal,338.5,1
2259,nominal,320.8,1
2260,nominal,280.2,1
2261,nominal,262.6,1
2262,nominal,284.0,1
2263,nominal,276.4,1
2264,nominal,310.7,1
2265,nominal,329.0,1
2266,nominal,312.4,1
2267,nominal,309.0,1
2268,nominal,409.5,1
2269,nominal,390.9,1
2270,nominal,370.0,1
2271,nominal,390.9,1
2272,nominal,410.8,1
2273,nominal,392.3,1
2274,nominal,280.2,1
2275,nominal,274.5,1
2276,nominal,402.9,1
2277,nominal,264.6,1
2278,nominal,340.1,1
2279,nominal,346.3,1
2280,nominal,276.4,1
2281,nominal,322.5,1
2282,nominal,330.6,1
2283,nominal,305.6,1
2284,nominal,278.3,1
2285,thin,260.6,1
2286,nominal,285.8,1
2287,thin,258.6,1
2288,nominal,341.7,1
2289,missing,0.0,1
2290,nominal,319.2,1
2291,nominal,320.8,1
2292,nominal,367.1,1
2293,nominal,361.3,1
2294,nominal,353.9,1
2295,nominal,372.8,1
2296,nominal,405.6,1
2297,nominal,400.3,1
2298,nominal,276.4,1
2299,nominal,266.6,1
2300,nominal,414.6,1
2301,thin,248.1,1
2302,broken,322.5,1
2303,missing,0.0,1
2304,nominal,287.7,1
2305,nominal,325.8,1
2306,nominal,319.2,1
2307,nominal,322.5,1
2308,nominal,274.5,1
2309,nominal,270.6,1
2310,nominal,284.0,1
2311,thin,260.6,1
2312,nominal,325.8,1
2313,nominal,340.1,1
2314,nominal,320.8,1
2315,nominal,333.8,1
2316,nominal,428.5,1
2317,nominal,368.5,1
2318,nominal,347.8,1
2319,nominal,392.3,1
2320,nominal,392.3,1
2321,nominal,399.0,1
2322,nominal,278.3,1
2323,thin,260.6,1
2324,thick,452.5,1
2325,thin,243.8,1
2326,nominal,406.9,1
2327,nominal,330.6,1
2328,nominal,287.7,1
2329,nominal,314.1,1
2330,nominal,320.8,1
2331,nominal,312.4,1
2332,nominal,298.6,1
2333,thin,258.6,1
2334,nominal,282.1,1
2335,thin,256.5,1
2336,nominal,320.8,1
2337,nominal,324.1,1
2338,nominal,327.4,1
2339,nominal,332.2,1
2340,nominal,414.6,1
2341,nominal,370.0,1
2342,nominal,381.3,1
2343,nominal,390.9,1
2344,nominal,413.3,1
2345,nominal,350.8,1
2346,nominal,300.3,1
2347,thin,258.6,1
2348,nominal,396.3,1
2349,thin,234.9,1
2350,nominal,397.6,1
2351,nominal,320.8,1
2352,nominal,305.6,1
2353,nominal,296.8,1
2354,nominal,325.8,1
2355,nominal,309.0,1
2356,nominal,287.7,1
2357,thin,248.1,1
2358,nominal,289.5,1
2359,broken,252.3,1
2360,nominal,315.8,1
2361,nominal,335.4,1
2362,nominal,327.4,1
2363,nominal,335.4,1
2364,nominal,337.0,1
2365,nominal,390.9,1
2366,nominal,358.3,1
2367,nominal,405.6,0
2368,nominal,395.0,1
2369,nominal,400.3,1
2370,nominal,307.3,1
2371,thin,248.1,1
2372,nominal,396.3,0
2373,thin,208.6,1
2374,nominal,396.3,1
2375,nominal,327.4,1
2376,nominal,298.6,1
2377,nominal,312.4,1
2378,nominal,325.8,1
2379,nominal,307.3,1
2380,nominal,289.5,1
2381,nominal,266.6,1
2382,nominal,280.2,1
2383,thin,258.6,1
2384,nominal,293.2,1
2385,nominal,344.7,1
2386,nominal,324.1,1
2387,nominal,338.5,1
2388,nominal,355.4,0
2389,nominal,408.2,1
2390,nominal,375.7,1
2391,nominal,372.8,0
2392,nominal,389.5,0
2393,nominal,396.3,1
2394,nominal,296.8,1
2395,thin,239.4,1
2396,nominal,393.6,0
2397,thin,228.0,1
2398,nominal,389.5,1
2399,nominal,327.4,1
2400,nominal,310.7,1
2401,nominal,310.7,1
2402,nominal,325.8,1
2403,nominal,322.5,1
2404,nominal,303.8,1
2405,thin,248.1,1
2406,nominal,309.0,1
2407,thin,248.1,1
2408,nominal,335.4,1
2409,nominal,327.4,1
2410,nominal,330.6,1
2411,nominal,330.6,1
2412,broken,320.8,0
2413,nominal,404.2,1
2414,nominal,377.1,1
2415,nominal,386.8,0
2416,nominal,377.1,0
2417,nominal,358.3,1
2418,nominal,303.8,1
2419,thin,241.6,1
2420,nominal,319.2,0
2421,thin,243.8,1
2422,nominal,393.6,1
2423,nominal,340.1,0
2424,nominal,315.8,1
2425,nominal,312.4,0
2426,nominal,325.8,0
2427,nominal,325.8,0
2428,nominal,285.8,1
2429,nominal,266.6,0
2430,nominal,307.3,1
2431,nominal,270.6,1
2432,nominal,298.6,0
2433,nominal,322.5,0
2434,nominal,300.3,0
2435,nominal,310.7,0
2436,nominal,264.6,0
2437,nominal,266.6,0
2438,thin,256.5,0
2439,nominal,287.7,0
2440,nominal,341.7,0
2441,nominal,389.5,1
2442,nominal,377.1,1
2443,nominal,302.1,0
2444,nominal,330.6,0
2445,nominal,404.2,1
2446,nominal,319.2,1
2447,thin,243.8,1
2448,nominal,312.4,0
2449,nominal,264.6,0
2450,nominal,377.1,1
2451,nominal,309.0,0
2452,nominal,324.1,1
2453,nominal,296.8,0
2454,nominal,319.2,0
2455,nominal,319.2,0
2456,nominal,315.8,1
2457,nominal,285.8,1
2458,nominal,295.0,1
2459,nominal,285.8,1
2460,nominal,303.8,1
2461,nominal,305.6,1
2462,nominal,305.6,1
2463,nominal,303.8,1
2464,thick,440.7,1
2465,nominal,386.8,1
2466,nominal,365.7,1
2467,nominal,432.2,1
2468,nominal,368.5,1
2469,nominal,359.8,1
2470,nominal,295.0,1
2471,nominal,295.0,1
2472,nominal,410.8,1
2473,nominal,270.6,1
2474,nominal,358.3,1
2475,nominal,340.1,1
2476,nominal,284.0,1
2477,nominal,324.1,1
2478,nominal,350.8,1
2479,nominal,324.1,1
2480,nominal,285.8,1
2481,thin,254.4,1
2482,nominal,268.6,1
2483,thin,260.6,1
2484,nominal,327.4,1
2485,nominal,330.6,1
2486,nominal,307.3,1
2487,nominal,319.2,1
2488,nominal,401.6,1
2489,nominal,395.0,1
2490,nominal,381.3,1
2491,nominal,370.0,1
2492,nominal,393.6,1
2493,nominal,374.3,1
2494,nominal,285.8,1
2495,nominal,284.0,1
2496,nominal,402.9,1
2497,thin,252.3,1
2498,nominal,362.7,1
2499,nominal,338.5,1
2500,nominal,285.8,1
2501,nominal,324.1,1
2502,nominal,332.2,1
2503,nominal,332.2,1
2504,nominal,282.1,1
2505,thin,258.6,1
2506,nominal,280.2,1
2507,thin,258.6,1
2508,nominal,327.4,1
2509,nominal,341.7,1
2510,nominal,312.4,1
2511,nominal,325.8,1
2512,nominal,433.4,1
2513,nominal,361.3,1
2514,nominal,402.9,1
2515,nominal,392.3,1
2516,nominal,399.0,1
2517,nominal,388.2,1
2518,nominal,276.4,1
2519,thin,260.6,1
2520,nominal,422.2,1
2521,thin,245.9,1
2522,nominal,353.9,1
2523,nominal,317.5,1
2524,nominal,293.2,1
2525,nominal,322.5,1
2526,nominal,337.0,1
2527,nominal,329.0,1
2528,nominal,287.7,1
2529,thin,241.6,1
2530,nominal,268.6,1
2531,thin,260.6,1
2532,nominal,329.0,1
2533,nominal,320.8,1
2534,nominal,320.8,1
2535,nominal,325.8,1
2536,nominal,408.2,1
2537,nominal,393.6,1
2538,nominal,350.8,1
2539,nominal,386.8,1
2540,nominal,402.9,1
2541,nominal,356.8,1
2542,nominal,272.5,1
2543,thin,254.4,1
2544,thick,444.3,1
2545,thin,228.0,1
2546,nominal,367.1,1
2547,nominal,332.2,1
2548,nominal,305.6,1
2549,nominal,314.1,1
2550,nominal,320.8,1
2551,nominal,310.7,1
2552,nominal,282.1,1
2553,nominal,268.6,1
2554,nominal,300.3,1
2555,nominal,262.6,1
2556,nominal,324.1,1
2557,nominal,325.8,1
2558,nominal,320.8,1
2559,nominal,324.1,1
2560,nominal,409.5,1
2561,nominal,359.8,1
2562,nominal,341.7,1
2563,nominal,396.3,1
2564,nominal,433.4,0
2565,nominal,396.3,1
2566,nominal,302.1,1
2567,thin,239.4,1
2568,nominal,415.9,1
2569,thin,220.9,1
2570,nominal,356.8,1
2571,nominal,322.5,1
2572,nominal,298.6,1
2573,nominal,285.8,1
2574,nominal,315.8,1
2575,nominal,309.0,1
2576,nominal,298.6,1
2577,thin,243.8,1
2578,nominal,302.1,1
2579,thin,245.9,1
2580,nominal,324.1,1
2581,nominal,324.1,1
2582,nominal,315.8,1
2583,nominal,325.8,1
2584,nominal,406.9,1
2585,nominal,414.6,1
2586,nominal,374.3,1
2587,nominal,408.2,0
2588,nominal,406.9,1
2589,nominal,408.2,1
2590,nominal,289.5,1
2591,thin,228.0,1
2592,nominal,405.6,0
2593,thin,200.8,1
2594,nominal,361.3,1
2595,nominal,332.2,1
2596,nominal,302.1,1
2597,nominal,312.4,1
2598,nominal,320.8,1
2599,nominal,319.2,1
2600,nominal,287.7,1
2601,thin,258.6,1
2602,nominal,291.4,1
2603,thin,254.4,1
2604,nominal,320.8,1
2605,nominal,340.1,1
2606,nominal,332.2,1
2607,nominal,329.0,1
2608,nominal,419.7,0
2609,nominal,401.6,1
2610,nominal,410.8,0
2611,nominal,397.6,0
2612,nominal,396.3,0
2613,nominal,346.3,1
2614,nominal,295.0,1
2615,thin,203.4,1
2616,nominal,393.6,0
2617,thin,203.4,1
2618,nominal,412.0,1
2619,nominal,327.4,1
2620,nominal,310.7,1
2621,nominal,320.8,1
2622,nominal,332.2,1
2623,nominal,335.4,1
2624,nominal,298.6,1
2625,thin,234.9,0
2626,nominal,310.7,1
2627,thin,245.9,1
2628,nominal,346.3,0
2629,nominal,338.5,0
2630,nominal,330.6,1
2631,nominal,337.0,0
2632,nominal,400.3,0
2633,nominal,390.9,0
2634,nominal,359.8,1
2635,nominal,365.7,0
2636,nominal,377.1,0
2637,nominal,413.3,1
2638,nominal,296.8,1
2639,thin,225.7,1
2640,broken,307.3,0
2641,thin,237.2,1
2642,nominal,377.1,1
2643,nominal,343.2,0
2644,nominal,305.6,1
2645,nominal,335.4,0
2646,nominal,330.6,0
2647,nominal,322.5,0
2648,nominal,314.1,1
2649,nominal,262.6,0
2650,nominal,310.7,1
2651,thin,258.6,0
2652,nominal,307.3,0
2653,nominal,324.1,0
2654,nominal,312.4,0
2655,nominal,310.7,0
2656,broken,261.6,0
2657,nominal,284.0,0
2658,thin,258.6,0
2659,broken,260.6,0
2660,nominal,349.3,0
2661,nominal,395.0,1
2662,nominal,395.0,1
2663,nominal,343.2,0
2664,nominal,302.1,0
2665,nominal,384.1,1
2666,nominal,307.3,1
2667,thin,260.6,0
2668,broken,274.5,0
2669,thin,245.9,0
2670,nominal,358.3,1
2671,nominal,310.7,0
2672,nominal,325.8,1
2673,nominal,287.7,0
2674,nominal,312.4,0
2675,nominal,309.0,0
2676,nominal,319.2,1
2677,nominal,280.2,1
2678,nominal,305.6,1
2679,nominal,302.1,1
2680,nominal,314.1,1
2681,nominal,303.8,1
2682,nominal,296.8,1
2683,nominal,322.5,1
2684,nominal,415.9,1
2685,nominal,402.9,1
2686,nominal,364.2,1
2687,nominal,335.4,1
2688,nominal,371.4,1
2689,nominal,349.3,1
2690,nominal,302.1,1
2691,nominal,282.1,1
2692,nominal,405.6,1
2693,nominal,266.6,1
2694,nominal,379.9,1
2695,nominal,343.2,1
2696,nominal,289.5,1
2697,nominal,314.1,1
2698,nominal,338.5,1
2699,nominal,317.5,1
2700,nominal,293.2,1
2701,thin,256.5,1
2702,nominal,293.2,1
2703,nominal,274.5,1
2704,nominal,320.8,1
2705,nominal,333.8,1
2706,nominal,324.1,1
2707,nominal,319.2,1
2708,nominal,400.3,1
2709,nominal,372.8,1
2710,nominal,395.0,1
2711,nominal,382.7,1
2712,nominal,396.3,1
2713,nominal,386.8,1
2714,nominal,295.0,1
2715,thin,245.9,1
2716,nominal,388.2,1
2717,thin,243.8,1
2718,nominal,401.6,1
2719,nominal,347.8,1
2720,nominal,300.3,1
2721,nominal,325.8,1
2722,nominal,337.0,1
2723,nominal,322.5,1
2724,nominal,285.8,1
2725,nominal,262.6,1
2726,nominal,284.0,1
2727,thin,243.8,1
2728,nominal,329.0,1
2729,nominal,317.5,1
2730,nominal,325.8,1
2731,nominal,335.4,1
2732,thick,451.4,1
2733,nominal,419.7,1
2734,nominal,397.6,1
2735,nominal,396.3,1
2736,nominal,395.0,1
2737,nominal,390.9,1
2738,nominal,285.8,1
2739,thin,248.1,1
2740,nominal,400.3,1
2741,thin,241.6,1
2742,nominal,325.8,1
2743,nominal,332.2,1
2744,nominal,280.2,1
2745,nominal,337.0,1
2746,nominal,320.8,1
2747,nominal,325.8,1
2748,nominal,274.5,1
2749,thin,245.9,1
2750,nominal,302.1,1
2751,nominal,262.6,1
2752,nominal,322.5,1
2753,nominal,327.4,1
2754,nominal,327.4,1
2755,nominal,322.5,1
2756,nominal,406.9,1
2757,nominal,371.4,1
2758,nominal,392.3,1
2759,nominal,375.7,1
2760,nominal,412.0,1
2761,nominal,426.0,1
2762,nominal,295.0,1
2763,thin,232.6,1
2764,nominal,423.5,1
2765,thin,232.6,1
2766,nominal,365.7,1
2767,nominal,329.0,1
2768,nominal,280.2,1
2769,nominal,307.3,1
2770,nominal,312.4,1
2771,nominal,322.5,1
2772,nominal,287.7,1
2773,thin,250.2,1
2774,nominal,282.1,1
2775,thin,239.4,1
2776,nominal,329.0,1
2777,nominal,332.2,1
2778,nominal,319.2,1
2779,nominal,330.6,1
2780,nominal,418.4,1
2781,nominal,379.9,1
2782,nominal,381.3,1
2783,nominal,372.8,1
2784,nominal,412.0,1
2785,nominal,392.3,1
2786,nominal,287.7,1
2787,thin,213.6,1
2788,nominal,414.6,0
2789,thin,200.8,1
2790,nominal,367.1,1
2791,nominal,333.8,1
2792,nominal,300.3,1
2793,nominal,300.3,1
2794,nominal,330.6,1
2795,nominal,319.2,1
2796,nominal,295.0,1
2797,thin,248.1,1
2798,nominal,293.2,1
2799,thin,234.9,1
2800,nominal,309.0,1
2801,nominal,335.4,1
2802,nominal,319.2,1
2803,nominal,329.0,1
2804,nominal,381.3,0
2805,nominal,408.2,1
2806,nominal,409.5,1
2807,nominal,377.1,1
2808,nominal,412.0,1
2809,nominal,353.9,1
2810,nominal,295.0,1
2811,thin,216.1,1
2812,nominal,428.5,0
2813,thin,189.9,1
2814,nominal,379.9,1
2815,nominal,322.5,1
2816,nominal,300.3,1
2817,nominal,303.8,1
2818,nominal,314.1,1
2819,nominal,320.8,1
2820,nominal,289.5,1
2821,nominal,268.6,1
2822,nominal,298.6,1
2823,thin,256.5,1
2824,nominal,325.8,1
2825,nominal,320.8,1
2826,nominal,317.5,1
2827,nominal,327.4,1
2828,nominal,415.9,0
2829,nominal,409.5,1
2830,nominal,395.0,1
2831,nominal,377.1,0
2832,nominal,405.6,0
2833,nominal,397.6,1
2834,nominal,300.3,1
2835,thin,213.6,1
2836,nominal,395.0,0
2837,thin,218.5,1
2838,nominal,386.8,1
2839,nominal,337.0,1
2840,nominal,319.2,1
2841,nominal,310.7,1
2842,nominal,333.8,1
2843,nominal,335.4,1
2844,nominal,296.8,1
2845,thin,258.6,1
2846,nominal,315.8,1
2847,thin,256.5,1
2848,nominal,315.8,1
2849,nominal,325.8,1
2850,nominal,320.8,1
2851,nominal,332.2,1
2852,nominal,390.9,0
2853,nominal,382.7,1
2854,nominal,379.9,1
2855,nominal,364.2,0
2856,nominal,378.5,0
2857,nominal,392.3,1
2858,nominal,307.3,1
2859,thin,232.6,1
2860,nominal,340.1,0
2861,thin,232.6,1
2862,nominal,393.6,1
2863,nominal,353.9,0
2864,nominal,305.6,1
2865,nominal,329.0,1
2866,nominal,337.0,1
2867,nominal,343.2,0
2868,nominal,309.0,1
2869,thin,256.5,0
2870,nominal,307.3,1
2871,nominal,266.6,0
2872,nominal,310.7,0
2873,nominal,337.0,0
2874,nominal,330.6,0
2875,nominal,315.8,0
2876,broken,274.5,0
2877,nominal,287.7,0
2878,nominal,272.5,0
2879,nominal,285.8,0
2880,nominal,319.2,0
2881,nominal,409.5,1
2882,nominal,406.9,1
2883,broken,272.5,0
2884,nominal,325.8,0
2885,nominal,430.9,1
2886,nominal,310.7,1
2887,thin,256.5,0
2888,broken,287.7,0
2889,thin,248.1,0
2890,nominal,374.3,1
2891,nominal,325.8,0
2892,nominal,327.4,1
2893,nominal,309.0,0
2894,nominal,330.6,0
2895,nominal,327.4,0
2896,nominal,315.8,1
2897,nominal,285.8,1
2898,nominal,300.3,1
2899,nominal,289.5,1
2900,nominal,296.8,1
2901,nominal,303.8,1
2902,nominal,291.4,1
2903,nominal,298.6,1
2904,nominal,381.3,1
2905,nominal,395.0,1
2906,nominal,367.1,1
2907,nominal,371.4,1
2908,nominal,396.3,1
2909,nominal,378.5,0
2910,nominal,309.0,1
2911,nominal,278.3,1
2912,nominal,397.6,1
2913,thin,258.6,1
2914,nominal,356.8,1
2915,nominal,349.3,1
2916,nominal,289.5,1
2917,nominal,329.0,1
2918,nominal,344.7,1
2919,nominal,332.2,1
2920,nominal,302.1,1
2921,thin,243.8,1
2922,nominal,300.3,1
2923,thin,245.9,1
2924,nominal,332.2,1
2925,nominal,340.1,1
2926,nominal,315.8,1
2927,nominal,330.6,1
2928,nominal,393.6,1
2929,nominal,390.9,1
2930,nominal,392.3,1
2931,broken,324.1,1
2932,nominal,414.6,1
2933,nominal,402.9,1
2934,nominal,305.6,1
2935,thin,232.6,1
2936,nominal,382.7,1
2937,thin,230.3,1
2938,nominal,399.0,1
2939,nominal,350.8,1
2940,nominal,295.0,1
2941,nominal,330.6,1
2942,nominal,340.1,1
2943,nominal,325.8,1
2944,nominal,280.2,1
2945,nominal,266.6,1
2946,nominal,295.0,1
2947,thin,252.3,1
2948,nominal,330.6,1
2949,nominal,335.4,1
2950,nominal,329.0,1
2951,nominal,317.5,1
2952,thick,459.5,1
2953,nominal,396.3,1
2954,nominal,417.2,1
2955,nominal,378.5,1
2956,nominal,365.7,1
2957,nominal,417.2,1
2958,nominal,289.5,1
2959,thin,234.9,1
2960,nominal,400.3,1
2961,thin,225.7,1
2962,nominal,379.9,1
2963,nominal,350.8,1
2964,nominal,295.0,1
2965,nominal,312.4,1
2966,nominal,314.1,1
2967,nominal,327.4,1
2968,nominal,291.4,1
2969,thin,243.8,1
2970,nominal,289.5,1
2971,thin,243.8,1
2972,nominal,332.2,1
2973,nominal,333.8,1
2974,nominal,329.0,1
2975,nominal,335.4,1
2976,nominal,415.9,1
2977,nominal,406.9,1
2978,nominal,405.6,1
2979,nominal,388.2,1
2980,nominal,375.7,1
2981,nominal,402.9,1
2982,nominal,284.0,1
2983,thin,225.7,1
2984,nominal,385.4,1
2985,thin,208.6,1
2986,nominal,430.9,1
2987,nominal,314.1,1
2988,nominal,291.4,1
2989,nominal,329.0,1
2990,nominal,329.0,1
2991,nominal,314.1,1
2992,nominal,285.8,1
2993,thin,243.8,1
2994,nominal,284.0,1
2995,thin,239.4,1
2996,nominal,312.4,1
2997,nominal,332.2,1
2998,nominal,324.1,1
2999,nominal,325.8,1
3000,nominal,421.0,1
3001,nominal,358.3,1
3002,nominal,333.8,1
3003,nominal,410.8,1
3004,nominal,401.6,1
3005,nominal,381.3,1
3006,nominal,291.4,1
3007,thin,208.6,1
3008,nominal,430.9,1
3009,thin,211.1,1
3010,nominal,372.8,1
3011,nominal,335.4,1
3012,nominal,285.8,1
3013,nominal,310.7,1
3014,nominal,317.5,1
3015,nominal,317.5,1
3016,nominal,274.5,1
3017,thin,260.6,1
3018,nominal,280.2,1
3019,thin,248.1,1
3020,nominal,307.3,1
3021,nominal,330.6,1
3022,nominal,317.5,1
3023,nominal,319.2,1
3024,thick,445.5,1
3025,nominal,413.3,1
3026,nominal,364.2,1
3027,nominal,404.2,0
3028,nominal,417.2,0
3029,nominal,343.2,1
3030,nominal,291.4,1
3031,thin,203.4,1
3032,nominal,428.5,0
3033,thin,223.3,1
3034,nominal,358.3,1
3035,nominal,325.8,1
3036,nominal,291.4,1
3037,nominal,322.5,1
3038,nominal,329.0,1
3039,nominal,314.1,1
3040,nominal,298.6,1
3041,thin,250.2,1
3042,nominal,284.0,0
3043,thin,248.1,1
3044,nominal,324.1,1
3045,nominal,332.2,1
3046,nominal,324.1,1
3047,nominal,329.0,1
3048,nominal,417.2,0
3049,nominal,412.0,1
3050,nominal,340.1,1
3051,nominal,417.2,0
3052,nominal,406.9,0
3053,nominal,404.2,1
3054,nominal,289.5,1
3055,thin,230.3,1
3056,nominal,388.2,0
3057,thin,223.3,1
3058,nominal,377.1,1
3059,nominal,338.5,1
3060,nominal,295.0,1
3061,nominal,325.8,1
3062,nominal,340.1,1
3063,nominal,333.8,1
3064,nominal,289.5,1
3065,nominal,272.5,0
3066,nominal,291.4,0
3067,thin,254.4,1
3068,nominal,335.4,1
3069,nominal,340.1,1
3070,nominal,327.4,1
3071,nominal,329.0,1
3072,nominal,344.7,0
3073,thick,441.9,1
3074,nominal,399.0,1
3075,broken,309.0,0
3076,nominal,393.6,0
3077,nominal,392.3,1
3078,nominal,295.0,1
3079,thin,252.3,1
3080,nominal,329.0,0
3081,thin,241.6,1
3082,nominal,362.7,1
3083,nominal,347.8,0
3084,nominal,307.3,1
3085,nominal,335.4,0
3086,nominal,340.1,1
3087,nominal,349.3,0
3088,nominal,303.8,1
3089,broken,263.6,0
3090,nominal,305.6,1
3091,thin,258.6,0
3092,nominal,325.8,0
3093,nominal,333.8,1
3094,nominal,320.8,0
3095,nominal,322.5,1
3096,broken,256.5,0
3097,nominal,300.3,0
3098,nominal,278.3,0
3099,broken,284.0,0
3100,nominal,329.0,0
3101,nominal,415.9,1
3102,nominal,340.1,1
3103,broken,282.1,0
3104,nominal,320.8,0
3105,nominal,374.3,1
3106,nominal,302.1,1
3107,thin,256.5,0
3108,broken,280.2,0
3109,broken,252.3,0
3110,nominal,347.8,1
3111,nominal,330.6,0
3112,nominal,324.1,1
3113,nominal,315.8,0
3114,nominal,337.0,0
3115,nominal,310.7,0
3116,nominal,324.1,1
3117,nominal,272.5,1
3118,nominal,314.1,1
3119,nominal,270.6,1
3120,nominal,317.5,1
3121,nominal,314.1,1
3122,nominal,309.0,1
3123,nominal,303.8,1
3124,nominal,415.9,1
3125,nominal,415.9,0
3126,nominal,362.7,0
3127,nominal,408.2,1
3128,nominal,353.9,1
3129,nominal,365.7,0
3130,nominal,315.8,1
3131,nominal,270.6,1
3132,nominal,397.6,1
3133,thin,258.6,1
3134,nominal,349.3,1
3135,nominal,343.2,1
3136,nominal,303.8,1
3137,nominal,329.0,1
3138,nominal,341.7,1
3139,nominal,335.4,1
3140,nominal,302.1,1
3141,thin,256.5,1
3142,nominal,309.0,1
3143,thin,254.4,1
3144,nominal,327.4,1
3145,nominal,340.1,1
3146,nominal,325.8,1
3147,nominal,329.0,1
3148,thick,443.1,1
3149,nominal,385.4,1
3150,nominal,379.9,1
3151,nominal,395.0,1
3152,nominal,404.2,1
3153,nominal,404.2,1
3154,nominal,309.0,1
3155,thin,234.9,1
3156,nominal,393.6,1
3157,thin,232.6,1
3158,nominal,415.9,1
3159,nominal,350.8,1
3160,nominal,293.2,1
3161,nominal,333.8,1
3162,nominal,352.4,1
3163,nominal,346.3,1
3164,nominal,295.0,1
3165,thin,248.1,1
3166,nominal,302.1,1
3167,thin,250.2,1
3168,nominal,320.8,1
3169,nominal,346.3,1
3170,nominal,343.2,1
3171,nominal,337.0,1
3172,nominal,434.6,1
3173,nominal,401.6,1
3174,nominal,386.8,1
3175,nominal,406.9,1
3176,nominal,349.3,1
3177,thick,466.4,0
3178,nominal,293.2,1
3179,thin,208.6,1
3180,nominal,419.7,1
3181,thin,208.6,1
3182,nominal,408.2,1
3183,nominal,332.2,1
3184,nominal,291.4,1
3185,nominal,312.4,1
3186,nominal,349.3,1
3187,nominal,327.4,1
3188,nominal,300.3,1
3189,thin,241.6,1
3190,nominal,284.0,1
3191,thin,239.4,1
3192,nominal,329.0,1
3193,nominal,347.8,1
3194,nominal,324.1,1
3195,nominal,337.0,1
3196,nominal,413.3,1
3197,nominal,397.6,1
3198,nominal,392.3,1
3199,broken,303.8,1
3200,nominal,386.8,1
3201,nominal,408.2,1
3202,nominal,303.8,1
3203,thin,208.6,1
3204,nominal,406.9,1
3205,thin,195.5,1
3206,nominal,385.4,0
3207,nominal,335.4,1
3208,nominal,302.1,1
3209,nominal,315.8,1
3210,nominal,324.1,1
3211,nominal,327.4,1
3212,nominal,282.1,1
3213,nominal,264.6,1
3214,nominal,287.7,1
3215,thin,241.6,1
3216,nominal,320.8,1
3217,nominal,337.0,1
3218,nominal,315.8,1
3219,nominal,329.0,1
3220,nominal,400.3,1
3221,nominal,378.5,1
3222,nominal,414.6,1
3223,nominal,390.9,1
3224,nominal,390.9,1
3225,nominal,379.9,1
3226,nominal,303.8,1
3227,thin,189.9,1
3228,nominal,417.2,0
3229,thin,228.0,1
3230,nominal,395.0,1
3231,nominal,330.6,1
3232,nominal,282.1,1
3233,nominal,309.0,1
3234,nominal,312.4,1
3235,nominal,315.8,1
3236,nominal,289.5,1
3237,nominal,270.6,1
3238,nominal,276.4,1
3239,nominal,262.6,1
3240,nominal,314.1,1
3241,nominal,327.4,1
3242,nominal,317.5,1
3243,nominal,310.7,1
3244,nominal,408.2,0
3245,nominal,424.7,1
3246,nominal,372.8,1
3247,nominal,385.4,0
3248,nominal,412.0,0
3249,nominal,393.6,1
3250,nominal,284.0,1
3251,thin,206.0,1
3252,nominal,426.0,0
3253,thin,241.6,1
3254,broken,350.8,1
3255,nominal,341.7,1
3256,broken,310.7,1
3257,nominal,317.5,1
3258,nominal,324.1,1
3259,nominal,315.8,1
3260,nominal,291.4,0
3261,thin,245.9,1
3262,nominal,280.2,0
3263,nominal,266.6,1
3264,nominal,335.4,1
3265,nominal,343.2,1
3266,nominal,315.8,1
3267,nominal,335.4,1
3268,nominal,421.0,0
3269,nominal,412.0,1
3270,nominal,368.5,1
3271,nominal,392.3,0
3272,nominal,381.3,0
3273,nominal,378.5,1
3274,nominal,291.4,1
3275,thin,225.7,1
3276,nominal,402.9,0
3277,thin,258.6,1
3278,nominal,358.3,1
3279,nominal,344.7,1
3280,nominal,291.4,1
3281,nominal,319.2,1
3282,nominal,346.3,1
3283,nominal,343.2,0
3284,nominal,298.6,0
3285,nominal,270.6,0
3286,nominal,300.3,0
3287,thin,258.6,1
3288,nominal,343.2,1
3289,nominal,338.5,1
3290,nominal,320.8,1
3291,nominal,341.7,1
3292,nominal,368.5,0
3293,nominal,426.0,1
3294,nominal,371.4,1
3295,broken,349.3,0
3296,nominal,377.1,0
3297,nominal,374.3,1
3298,nominal,291.4,1
3299,thin,258.6,1
3300,nominal,374.3,0
3301,thin,241.6,1
3302,nominal,389.5,1
3303,nominal,353.9,1
3304,nominal,300.3,1
3305,nominal,330.6,0
3306,nominal,337.0,1
3307,nominal,346.3,0
3308,nominal,302.1,0
3309,nominal,262.6,0
3310,nominal,310.7,0
3311,broken,284.0,0
3312,nominal,322.5,0
3313,nominal,330.6,0
3314,nominal,320.8,0
3315,nominal,329.0,0
3316,broken,258.6,0
3317,nominal,305.6,0
3318,nominal,295.0,0
3319,broken,260.6,0
3320,nominal,350.8,0
3321,nominal,406.9,0
3322,nominal,364.2,1
3323,broken,295.9,0
3324,nominal,327.4,0
3325,nominal,384.1,1
3326,nominal,303.8,1
3327,thin,256.5,0
3328,broken,310.7,0
3329,broken,256.5,0
3330,nominal,346.3,0
3331,nominal,340.1,0
3332,nominal,312.4,1
3333,nominal,314.1,0
3334,nominal,333.8,0
3335,broken,305.6,0
3336,nominal,320.8,0
3337,thin,258.6,1
3338,nominal,329.0,1
3339,nominal,276.4,1
3340,nominal,312.4,0
3341,nominal,324.1,1
3342,nominal,310.7,1
3343,nominal,307.3,1
3344,thick,438.3,1
3345,nominal,424.7,0
3346,nominal,393.6,1
3347,nominal,423.5,1
3348,nominal,417.2,1
3349,nominal,382.7,0
3350,nominal,325.8,1
3351,thin,260.6,1
3352,nominal,410.8,1
3353,thin,243.8,1
3354,nominal,375.7,1
3355,nominal,341.7,1
3356,nominal,309.0,1
3357,nominal,330.6,1
3358,nominal,344.7,1
3359,nominal,343.2,1
3360,nominal,310.7,1
3361,thin,243.8,1
3362,nominal,324.1,1
3363,thin,239.4,1
3364,nominal,319.2,1
3365,nominal,344.7,1
3366,nominal,320.8,1
3367,nominal,325.8,1
3368,thick,453.7,1
3369,nominal,388.2,1
3370,nominal,427.2,1
3371,nominal,402.9,1
3372,nominal,414.6,1
3373,nominal,364.2,1
3374,nominal,315.8,1
3375,thin,230.3,1
3376,nominal,435.8,1
3377,thin,213.6,1
3378,nominal,367.1,1
3379,nominal,340.1,1
3380,nominal,312.4,1
3381,nominal,329.0,1
3382,nominal,330.6,1
3383,nominal,341.7,1
3384,nominal,305.6,1
3385,thin,254.4,1
3386,nominal,312.4,1
3387,thin,243.8,1
3388,nominal,338.5,1
3389,nominal,340.1,1
3390,nominal,319.2,1
3391,nominal,346.3,1
3392,thick,446.6,1
3393,nominal,400.3,1
3394,nominal,390.9,1
3395,nominal,401.6,1
3396,nominal,410.8,1
3397,nominal,399.0,1
3398,nominal,307.3,1
3399,thin,203.4,1
3400,nominal,427.2,1
3401,thin,211.1,1
3402,nominal,338.5,1
3403,nominal,346.3,1
3404,nominal,302.1,1
3405,nominal,332.2,1
3406,nominal,330.6,1
3407,nominal,314.1,1
3408,nominal,302.1,1
3409,thin,234.9,1
3410,nominal,302.1,1
3411,thin,248.1,1
3412,nominal,322.5,1
3413,nominal,356.8,1
3414,nominal,329.0,1
3415,nominal,337.0,1
3416,nominal,402.9,1
3417,nominal,392.3,1
3418,nominal,372.8,1
3419,nominal,381.3,1
3420,nominal,422.2,1
3421,nominal,419.7,1
3422,nominal,295.0,1
3423,thin,200.8,1
3424,thick,451.4,1
3425,thin,223.3,1
3426,nominal,401.6,1
3427,nominal,327.4,1
3428,nominal,314.1,1
3429,nominal,325.8,1
3430,nominal,332.2,1
3431,nominal,317.5,1
3432,nominal,296.8,1
3433,thin,243.8,1
3434,nominal,287.7,1
3435,nominal,282.1,1
3436,nominal,320.8,1
3437,nominal,356.8,1
3438,nominal,319.2,1
3439,nominal,337.0,1
3440,nominal,424.7,1
3441,nominal,375.7,1
3442,nominal,399.0,1
3443,nominal,386.8,1
3444,thick,441.9,1
3445,thick,439.5,1
3446,nominal,312.4,1
3447,thin,218.5,1
3448,nominal,426.0,1
3449,thin,248.1,1
3450,nominal,350.8,1
3451,nominal,319.2,1
3452,nominal,300.3,1
3453,nominal,322.5,1
3454,nominal,324.1,1
3455,nominal,338.5,1
3456,nominal,287.7,1
3457,nominal,264.6,1
3458,nominal,296.8,1
3459,nominal,268.6,1
3460,nominal,327.4,1
3461,nominal,355.4,1
3462,nominal,327.4,1
3463,nominal,337.0,1
3464,nominal,412.0,0
3465,nominal,435.8,1
3466,nominal,356.8,1
3467,nominal,384.1,0
3468,thick,446.6,1
3469,nominal,406.9,1
3470,nominal,287.7,1
3471,thin,248.1,1
3472,nominal,393.6,0
3473,thin,241.6,1
3474,nominal,396.3,1
3475,nominal,329.0,1
3476,nominal,274.5,1
3477,nominal,322.5,0
3478,nominal,341.7,1
3479,nominal,340.1,0
3480,nominal,287.7,1
3481,nominal,264.6,1
3482,nominal,282.1,0
3483,nominal,266.6,1
3484,nominal,330.6,0
3485,nominal,361.3,1
3486,nominal,324.1,1
3487,nominal,337.0,1
3488,nominal,408.2,0
3489,nominal,437.0,1
3490,nominal,367.1,1
3491,nominal,408.2,0
3492,nominal,386.8,0
3493,nominal,389.5,1
3494,nominal,276.4,1
3495,thin,239.4,1
3496,nominal,372.8,0
3497,nominal,262.6,1
3498,nominal,417.2,1
3499,nominal,346.3,1
3500,nominal,291.4,1
3501,nominal,319.2,1
3502,nominal,344.7,1
3503,nominal,338.5,0
3504,nominal,284.0,0
3505,nominal,282.1,0
3506,nominal,280.2,0
3507,nominal,278.3,0
3508,nominal,337.0,0
3509,nominal,344.7,1
3510,nominal,332.2,0
3511,nominal,332.2,1
3512,nominal,399.0,0
3513,nominal,408.2,1
3514,nominal,382.7,1
3515,nominal,324.1,0
3516,nominal,392.3,0
3517,nominal,355.4,1
3518,nominal,282.1,1
3519,thin,260.6,1
3520,nominal,314.1,0
3521,nominal,280.2,1
3522,nominal,359.8,1
3523,nominal,347.8,1
3524,nominal,287.7,1
3525,nominal,332.2,0
3526,nominal,347.8,1
3527,nominal,332.2,0
3528,nominal,298.6,0
3529,broken,252.3,0
3530,nominal,307.3,0
3531,nominal,282.1,0
3532,nominal,319.2,0
3533,nominal,346.3,1
3534,nominal,310.7,0
3535,nominal,322.5,1
3536,broken,259.6,0
3537,nominal,315.8,0
3538,nominal,303.8,0
3539,broken,254.4,0
3540,nominal,330.6,0
3541,nominal,378.5,0
3542,nominal,390.9,0
3543,broken,284.0,0
3544,broken,270.6,0
3545,nominal,384.1,1
3546,nominal,296.8,1
3547,nominal,274.5,0
3548,broken,309.9,0
3549,nominal,274.5,0
3550,nominal,382.7,0
3551,nominal,324.1,0
3552,nominal,317.5,1
3553,nominal,295.0,0
3554,nominal,329.0,0
3555,nominal,309.0,0
3556,nominal,346.3,1
3557,thin,250.2,1
3558,nominal,330.6,1
3559,nominal,270.6,1
3560,nominal,305.6,1
3561,nominal,341.7,1
3562,nominal,309.0,1
3563,nominal,340.1,1
3564,nominal,401.6,1
3565,nominal,405.6,1
3566,nominal,372.8,1
3567,nominal,418.4,1
3568,nominal,388.2,1
3569,nominal,400.3,0
3570,nominal,320.8,1
3571,nominal,264.6,1
3572,broken,339.3,1
3573,thin,220.9,1
3574,nominal,352.4,1
3575,nominal,350.8,1
3576,nominal,307.3,1
3577,nominal,338.5,1
3578,nominal,327.4,1
3579,nominal,320.8,1
3580,nominal,333.8,1
3581,thin,225.7,1
3582,nominal,320.8,1
3583,thin,248.1,1
3584,nominal,324.1,1
3585,nominal,349.3,1
3586,nominal,320.8,1
3587,nominal,337.0,1
3588,nominal,434.6,1
3589,nominal,405.6,1
3590,nominal,401.6,1
3591,nominal,401.6,1
3592,nominal,368.5,1
3593,nominal,364.2,1
3594,nominal,310.7,1
3595,thin,192.7,1
3596,nominal,430.9,1
3597,thin,225.7,1
3598,nominal,379.9,1
3599,nominal,353.9,1
3600,nominal,312.4,1
3601,nominal,325.8,1
3602,nominal,341.7,1
3603,nominal,338.5,1
3604,nominal,322.5,1
3605,thin,237.2,1
3606,nominal,309.0,1
3607,thin,241.6,1
3608,nominal,337.0,1
3609,nominal,340.1,1
3610,nominal,330.6,1
3611,nominal,327.4,1
3612,nominal,410.8,1
3613,nominal,419.7,1
3614,nominal,399.0,1
3615,nominal,392.3,1
3616,nominal,415.9,1
3617,nominal,358.3,1
3618,nominal,302.1,1
3619,thin,211.1,1
3620,thick,446.6,1
3621,thin,230.3,1
3622,nominal,402.9,1
3623,nominal,347.8,1
3624,nominal,309.0,1
3625,nominal,317.5,1
3626,nominal,343.2,1
3627,nominal,341.7,1
3628,nominal,302.1,1
3629,nominal,262.6,1
3630,nominal,302.1,1
3631,nominal,262.6,1
3632,nominal,349.3,1
3633,nominal,361.3,1
3634,nominal,333.8,1
3635,nominal,346.3,1
3636,nominal,428.5,1
3637,nominal,418.4,1
3638,nominal,356.8,1
3639,nominal,404.2,1
3640,nominal,437.0,1
3641,nominal,429.7,1
3642,nominal,296.8,1
3643,thin,223.3,1
3644,thick,444.3,1
3645,thin,228.0,1
3646,nominal,395.0,1
3647,nominal,338.5,1
3648,nominal,303.8,1
3649,nominal,324.1,1
3650,nominal,338.5,1
3651,nominal,320.8,1
3652,nominal,317.5,1
3653,thin,260.6,1
3654,nominal,307.3,1
3655,nominal,270.6,1
3656,nominal,330.6,1
3657,nominal,350.8,1
3658,nominal,324.1,1
3659,nominal,352.4,1
3660,nominal,432.2,1
3661,nominal,400.3,1
3662,nominal,388.2,1
3663,nominal,408.2,1
3664,nominal,388.2,1
3665,nominal,390.9,1
3666,nominal,302.1,1
3667,thin,232.6,1
3668,nominal,427.2,0
3669,thin,258.6,1
3670,nominal,400.3,1
3671,nominal,312.4,1
3672,nominal,307.3,1
3673,nominal,315.8,1
3674,nominal,310.7,1
3675,nominal,315.8,1
3676,nominal,309.0,1
3677,nominal,289.5,1
3678,nominal,295.0,1
3679,nominal,278.3,1
3680,nominal,320.8,1
3681,nominal,349.3,1
3682,nominal,329.0,1
3683,nominal,349.3,1
3684,thick,444.3,1
3685,nominal,428.5,1
3686,nominal,405.6,1
3687,nominal,418.4,0
3688,nominal,377.1,1
3689,nominal,417.2,1
3690,nominal,285.8,1
3691,thin,232.6,1
3692,nominal,432.2,0
3693,thin,241.6,1
3694,nominal,395.0,1
3695,nominal,335.4,1
3696,nominal,298.6,1
3697,nominal,330.6,0
3698,nominal,327.4,1
3699,nominal,320.8,0
3700,nominal,289.5,1
3701,nominal,285.8,1
3702,nominal,289.5,1
3703,nominal,284.0,1
3704,nominal,338.5,0
3705,nominal,353.9,1
3706,nominal,338.5,1
3707,nominal,341.7,1
3708,nominal,400.3,0
3709,nominal,413.3,1
3710,nominal,382.7,1
3711,nominal,424.7,0
3712,nominal,385.4,0
3713,nominal,427.2,1
3714,nominal,282.1,1
3715,thin,256.5,1
3716,nominal,408.2,0
3717,nominal,274.5,1
3718,nominal,415.9,1
3719,nominal,340.1,1
3720,nominal,272.5,1
3721,nominal,319.2,1
3722,nominal,329.0,1
3723,nominal,335.4,0
3724,nominal,285.8,0
3725,nominal,280.2,0
3726,nominal,289.5,0
3727,nominal,280.2,0
3728,nominal,335.4,0
3729,nominal,340.1,1
3730,nominal,332.2,0
3731,nominal,330.6,1
3732,nominal,392.3,0
3733,nominal,404.2,1
3734,nominal,385.4,1
3735,nominal,364.2,0
3736,nominal,358.3,0
3737,nominal,408.2,1
3738,nominal,280.2,1
3739,nominal,282.1,0
3740,nominal,385.4,0
3741,nominal,295.0,0
3742,nominal,402.9,1
3743,nominal,337.0,1
3744,nominal,282.1,1
3745,nominal,333.8,0
3746,nominal,330.6,1
3747,nominal,322.5,0
3748,nominal,284.0,0
3749,broken,282.1,0
3750,nominal,293.2,0
3751,nominal,298.6,0
3752,nominal,314.1,0
3753,nominal,343.2,1
3754,nominal,312.4,0
3755,nominal,335.4,0
3756,broken,258.6,0
3757,nominal,332.2,0
3758,nominal,319.2,0
3759,broken,284.9,0
3760,nominal,356.8,0
3761,nominal,397.6,0
3762,nominal,364.2,0
3763,nominal,293.2,0
3764,nominal,317.5,0
3765,nominal,408.2,1
3766,nominal,284.0,0
3767,nominal,296.8,0
3768,broken,324.1,0
3769,nominal,295.0,0
3770,nominal,395.0,0
3771,nominal,352.4,0
3772,nominal,298.6,0
3773,nominal,314.1,0
3774,nominal,337.0,0
3775,nominal,302.1,0
3776,nominal,338.5,1
3777,thin,254.4,1
3778,nominal,338.5,1
3779,missing,0.0,1
3780,nominal,314.1,1
3781,missing,0.0,1
3782,nominal,296.8,0
3783,nominal,315.8,1
3784,nominal,393.6,1
3785,nominal,378.5,1
3786,nominal,358.3,0
3787,nominal,395.0,1
3788,missing,0.0,0
3789,missing,0.0,0
3790,missing,0.0,0
3791,missing,0.0,0
3792,nominal,374.3,1
3793,nominal,392.3,1
3794,nominal,319.2,1
3795,thin,248.1,1
3796,nominal,429.7,1
3797,broken,254.4,1
3798,nominal,344.7,1
3799,nominal,332.2,1
3800,nominal,317.5,1
3801,nominal,317.5,1
3802,broken,310.7,1
3803,nominal,315.8,1
3804,nominal,324.1,1
3805,thin,248.1,1
3806,nominal,322.5,1
3807,broken,276.4,1
3808,nominal,314.1,1
3809,broken,327.4,1
3810,nominal,298.6,1
3811,nominal,332.2,1
3812,nominal,409.5,1
3813,nominal,406.9,1
3814,nominal,347.8,1
3815,broken,330.6,1
3816,missing,0.0,0
3817,missing,0.0,0
3818,missing,0.0,0
3819,missing,0.0,0
3820,nominal,384.1,1
3821,nominal,367.1,1
3822,nominal,314.1,1
3823,thin,228.0,1
3824,nominal,393.6,1
3825,broken,256.5,1
3826,nominal,327.4,1
3827,nominal,346.3,1
3828,nominal,310.7,1
3829,nominal,324.1,1
3830,broken,310.7,1
3831,nominal,324.1,1
3832,nominal,320.8,1
3833,nominal,268.6,1
3834,broken,330.6,1
3835,broken,268.6,1
3836,nominal,329.0,1
3837,broken,338.5,1
3838,nominal,324.1,1
3839,nominal,340.1,1
3840,nominal,386.8,1
3841,nominal,381.3,1
3842,nominal,365.7,1
3843,nominal,402.9,1
3844,missing,0.0,0
3845,missing,0.0,0
3846,missing,0.0,0
3847,missing,0.0,0
3848,nominal,389.5,1
3849,nominal,389.5,1
3850,nominal,317.5,1
3851,thin,239.4,1
3852,nominal,429.7,1
3853,broken,272.5,1
3854,nominal,368.5,1
3855,nominal,346.3,1
3856,nominal,295.0,1
3857,nominal,330.6,1
3858,necked,335.4,1
3859,nominal,317.5,1
3860,nominal,319.2,1
3861,nominal,274.5,1
3862,broken,319.2,1
3863,broken,287.7,1
3864,nominal,330.6,1
3865,necked,332.2,1
3866,nominal,320.8,1
3867,nominal,338.5,1
3868,nominal,409.5,1
3869,nominal,374.3,1
3870,nominal,365.7,1
3871,nominal,375.7,1
3872,missing,0.0,0
3873,missing,0.0,0
3874,missing,0.0,0
3875,missing,0.0,0
3876,nominal,367.1,1
3877,nominal,399.0,1
3878,broken,303.8,1
3879,thin,245.9,1
3880,nominal,408.2,1
3881,thin,258.6,1
3882,nominal,298.6,0
3883,nominal,330.6,1
3884,nominal,287.7,1
3885,nominal,327.4,1
3886,nominal,317.5,1
3887,nominal,302.1,1
3888,nominal,300.3,0
3889,nominal,291.4,1
3890,broken,309.0,1
3891,broken,293.2,1
3892,nominal,335.4,1
3893,nominal,322.5,1
3894,nominal,320.8,1
3895,nominal,337.0,1
3896,nominal,399.0,1
3897,nominal,370.0,1
3898,nominal,356.8,1
3899,nominal,378.5,1
3900,missing,0.0,0
3901,missing,0.0,0
3902,missing,0.0,0
3903,missing,0.0,0
3904,broken,338.5,1
3905,nominal,422.2,1
3906,broken,300.3,1
3907,thin,260.6,1
3908,nominal,396.3,1
3909,nominal,276.4,1
3910,nominal,365.7,1
3911,nominal,322.5,1
3912,nominal,296.8,1
3913,nominal,310.7,1
3914,broken,312.4,1
3915,nominal,298.6,1
3916,nominal,296.8,1
3917,nominal,303.8,1
3918,broken,317.5,0
3919,nominal,295.0,0
3920,nominal,325.8,0
3921,broken,339.3,1
3922,nominal,329.0,1
3923,nominal,332.2,1
3924,nominal,399.0,0
3925,nominal,412.0,1
3926,nominal,400.3,1
3927,nominal,386.8,1
3928,missing,0.0,0
3929,missing,0.0,0
3930,missing,0.0,0
3931,missing,0.0,0
3932,nominal,365.7,1
3933,nominal,397.6,1
3934,broken,289.5,1
3935,thin,258.6,1
3936,nominal,412.0,0
3937,nominal,291.4,1
3938,nominal,402.9,1
3939,nominal,340.1,1
3940,nominal,295.0,1
3941,nominal,303.8,1
3942,broken,291.3,1
3943,nominal,324.1,0
3944,nominal,305.6,1
3945,nominal,284.0,1
3946,broken,293.2,1
3947,nominal,298.6,0
3948,nominal,340.1,0
3949,broken,338.5,1
3950,nominal,320.8,1
3951,nominal,341.7,1
3952,nominal,386.8,0
3953,nominal,424.7,1
3954,broken,358.3,0
3955,nominal,372.8,0
3956,missing,0.0,0
3957,missing,0.0,0
3958,missing,0.0,0
3959,missing,0.0,0
3960,nominal,374.3,0
3961,nominal,410.8,1
3962,broken,307.3,1
3963,nominal,285.8,1
3964,nominal,356.8,0
3965,nominal,300.3,1
3966,nominal,350.8,1
3967,nominal,337.0,1
3968,nominal,278.3,1
3969,nominal,325.8,1
3970,broken,317.5,1
3971,nominal,337.0,0
3972,nominal,285.8,1
3973,nominal,302.1,0
3974,broken,287.7,1
3975,nominal,305.6,1
3976,nominal,332.2,0
3977,broken,332.2,1
3978,nominal,325.8,0
3979,nominal,346.3,1
3980,nominal,370.0,0
3981,nominal,390.9,1
3982,nominal,414.6,1
3983,nominal,352.4,0
3984,missing,0.0,0
3985,missing,0.0,0
3986,missing,0.0,0
3987,missing,0.0,0
3988,nominal,377.1,0
3989,nominal,388.2,1
3990,broken,297.7,1
3991,nominal,300.3,0
3992,nominal,335.4,0
3993,nominal,305.6,0
3994,nominal,378.5,1
3995,nominal,350.8,1
3996,nominal,282.1,0
3997,nominal,332.2,0
3998,broken,330.6,1
3999,nominal,319.2,0
4000,nominal,285.8,1
4001,nominal,305.6,0
4002,broken,285.8,1
4003,nominal,317.5,0
4004,nominal,329.0,0
4005,broken,324.1,1
4006,nominal,309.0,1
4007,nominal,330.6,1
4008,nominal,287.7,0
4009,nominal,313.3,0
4010,nominal,319.2,0
4011,nominal,293.2,0
4012,nominal,344.7,0
4013,nominal,381.3,1
4014,nominal,378.5,1
4015,broken,287.7,0
4016,missing,0.0,0
4017,missing,0.0,0
4018,missing,0.0,0
4019,missing,0.0,0
4020,nominal,322.5,0
4021,nominal,412.0,1
4022,broken,292.3,0
4023,nominal,302.1,0
4024,nominal,337.0,0
4025,nominal,319.2,0
4026,nominal,362.7,1
4027,nominal,349.3,1
4028,nominal,296.8,0
4029,nominal,312.4,0
4030,broken,314.1,1
4031,nominal,317.5,0
4032,nominal,285.8,1
4033,nominal,300.3,1
4034,nominal,284.0,1
4035,nominal,293.2,1
4036,nominal,298.6,1
4037,nominal,289.5,1
4038,nominal,287.7,1
4039,nominal,302.1,1
4040,nominal,361.3,1
4041,nominal,312.4,1
4042,nominal,349.3,1
4043,nominal,340.1,1
4044,nominal,404.2,1
4045,nominal,361.3,1
4046,nominal,282.1,1
4047,nominal,312.4,1
4048,nominal,401.6,1
4049,nominal,296.8,1
4050,broken,284.0,1
4051,nominal,320.8,1
4052,nominal,285.8,1
4053,nominal,319.2,1
4054,nominal,337.0,1
4055,nominal,314.1,1
4056,nominal,270.6,1
4057,broken,285.8,1
4058,nominal,282.1,1
4059,nominal,287.7,1
4060,nominal,305.6,1
4061,nominal,307.3,1
4062,nominal,324.1,1
4063,nominal,303.8,1
4064,nominal,368.5,1
4065,nominal,330.6,1
4066,nominal,355.4,1
4067,nominal,385.4,1
4068,nominal,386.8,1
4069,nominal,361.3,1
4070,nominal,270.6,1
4071,nominal,307.3,1
4072,nominal,384.1,1
4073,nominal,284.0,1
4074,nominal,371.4,1
4075,nominal,320.8,1
4076,nominal,278.3,1
4077,nominal,322.5,1
4078,nominal,325.8,1
4079,nominal,309.0,1
4080,nominal,285.8,1
4081,nominal,296.8,1
4082,nominal,268.6,1
4083,nominal,276.4,1
4084,nominal,302.1,1
4085,nominal,332.2,1
4086,nominal,327.4,1
4087,nominal,319.2,1
4088,nominal,374.3,1
4089,nominal,309.0,1
4090,broken,321.6,1
4091,nominal,388.2,1
4092,nominal,322.5,1
4093,nominal,404.2,1
4094,nominal,270.6,1
4095,necked,272.5,1
4096,nominal,412.0,1
4097,thin,258.6,1
4098,nominal,375.7,1
4099,nominal,335.4,1
4100,nominal,295.0,1
4101,missing,0.0,1
4102,nominal,319.2,1
4103,nominal,322.5,1
4104,nominal,287.7,1
4105,nominal,272.5,1
4106,nominal,295.0,1
4107,thin,260.6,1
4108,nominal,330.6,1
4109,nominal,330.6,1
4110,nominal,317.5,1
4111,nominal,325.8,1
4112,nominal,397.6,1
4113,nominal,322.5,1
4114,nominal,370.0,1
4115,nominal,389.5,1
4116,nominal,386.8,1
4117,nominal,392.3,1
4118,nominal,276.4,1
4119,nominal,280.2,1
4120,nominal,432.2,1
4121,nominal,262.6,1
4122,nominal,362.7,1
4123,nominal,314.1,1
4124,nominal,295.0,1
4125,nominal,322.5,1
4126,nominal,314.1,1
4127,nominal,310.7,1
4128,nominal,300.3,1
4129,nominal,270.6,1
4130,nominal,312.4,1
4131,nominal,264.6,1
4132,nominal,314.1,1
4133,nominal,329.0,1
4134,nominal,312.4,1
4135,nominal,310.7,1
4136,nominal,381.3,1
4137,nominal,370.0,1
4138,nominal,359.8,1
4139,nominal,365.7,1
4140,nominal,395.0,1
4141,nominal,392.3,1
4142,nominal,272.5,1
4143,nominal,289.5,1
4144,nominal,402.9,1
4145,thin,260.6,1
4146,nominal,353.9,1
4147,nominal,312.4,1
4148,nominal,319.2,1
4149,nominal,296.8,1
4150,nominal,307.3,1
4151,nominal,300.3,1
4152,nominal,309.0,1
4153,nominal,264.6,1
4154,nominal,305.6,1
4155,thin,256.5,1
4156,nominal,310.7,1
4157,nominal,325.8,1
4158,nominal,312.4,1
4159,nominal,309.0,1
4160,nominal,390.9,1
4161,nominal,362.7,1
4162,nominal,359.8,1
4163,nominal,365.7,1
4164,nominal,350.8,1
4165,nominal,365.7,1
4166,nominal,298.6,1
4167,nominal,289.5,1
4168,nominal,393.6,1
4169,thin,248.1,1
4170,nominal,388.2,1
4171,nominal,317.5,1
4172,nominal,282.1,1
4173,nominal,315.8,1
4174,nominal,325.8,1
4175,nominal,314.1,1
4176,nominal,296.8,1
4177,thin,252.3,1
4178,nominal,284.0,1
4179,thin,243.8,1
4180,nominal,320.8,1
4181,nominal,340.1,1
4182,nominal,312.4,1
4183,nominal,325.8,1
4184,nominal,377.1,1
4185,nominal,379.9,1
4186,nominal,379.9,1
4187,nominal,343.2,1
4188,nominal,385.4,0
4189,nominal,406.9,1
4190,nominal,272.5,1
4191,nominal,266.6,1
4192,nominal,367.1,1
4193,nominal,262.6,1
4194,nominal,352.4,1
4195,nominal,319.2,1
4196,nominal,293.2,1
4197,nominal,319.2,1
4198,nominal,325.8,1
4199,nominal,314.1,1
4200,nominal,310.7,1
4201,nominal,278.3,1
4202,nominal,305.6,1
4203,thin,239.4,1
4204,nominal,309.0,1
4205,nominal,333.8,1
4206,nominal,319.2,1
4207,nominal,314.1,0
4208,nominal,375.7,1
4209,nominal,347.8,1
4210,nominal,340.1,1
4211,nominal,367.1,1
4212,nominal,330.6,0
4213,nominal,395.0,1
4214,nominal,305.6,1
4215,broken,270.6,1
4216,nominal,399.0,0
4217,thin,260.6,1
4218,nominal,382.7,1
4219,nominal,330.6,0
4220,nominal,300.3,1
4221,broken,291.4,1
4222,nominal,319.2,1
4223,nominal,319.2,1
4224,nominal,324.1,1
4225,nominal,274.5,0
4226,nominal,330.6,1
4227,thin,254.4,1
4228,nominal,310.7,0
4229,nominal,314.1,0
4230,nominal,317.5,0
4231,nominal,307.3,0
4232,nominal,282.1,0
4233,nominal,280.2,0
4234,nominal,284.0,0
4235,nominal,274.5,0
4236,nominal,353.9,0
4237,nominal,358.3,1
4238,nominal,319.2,1
4239,nominal,307.3,0
4240,nominal,358.3,0
4241,nominal,375.7,1
4242,nominal,300.3,1
4243,nominal,276.4,1
4244,nominal,346.3,0
4245,nominal,276.4,0
4246,nominal,377.1,1
4247,nominal,317.5,0
4248,nominal,320.8,1
4249,nominal,314.1,0
4250,nominal,303.8,0
4251,nominal,300.3,0
4252,nominal,287.7,1
4253,nominal,282.1,1
4254,nominal,276.4,1
4255,nominal,278.3,1
4256,nominal,289.5,1
4257,nominal,307.3,1
4258,nominal,302.1,1
4259,nominal,303.8,1
4260,nominal,359.8,1
4261,nominal,379.9,1
4262,nominal,349.3,1
4263,nominal,423.5,1
4264,nominal,370.0,1
4265,nominal,371.4,1
4266,nominal,287.7,1
4267,nominal,302.1,1
4268,nominal,408.2,1
4269,nominal,278.3,1
4270,nominal,385.4,1
4271,nominal,346.3,1
4272,nominal,268.6,1
4273,nominal,315.8,1
4274,nominal,335.4,1
4275,nominal,319.2,1
4276,nominal,274.5,1
4277,nominal,282.1,1
4278,nominal,291.4,1
4279,thin,243.8,1
4280,nominal,320.8,1
4281,nominal,317.5,1
4282,nominal,320.8,1
4283,nominal,320.8,1
4284,nominal,421.0,1
4285,nominal,382.7,1
4286,nominal,386.8,1
4287,nominal,397.6,1
4288,nominal,388.2,1
4289,nominal,384.1,1
4290,nominal,282.1,1
4291,nominal,287.7,1
4292,nominal,418.4,1
4293,thin,254.4,1
4294,nominal,341.7,1
4295,nominal,327.4,1
4296,nominal,282.1,1
4297,nominal,319.2,1
4298,nominal,329.0,1
4299,nominal,325.8,1
4300,nominal,270.6,1
4301,nominal,268.6,1
4302,nominal,266.6,1
4303,thin,254.4,1
4304,nominal,322.5,1
4305,nominal,324.1,1
4306,nominal,314.1,1
4307,nominal,319.2,1
4308,nominal,389.5,1
4309,nominal,378.5,1
4310,nominal,319.2,1
4311,nominal,382.7,1
4312,nominal,400.3,1
4313,nominal,390.9,1
4314,nominal,276.4,1
4315,thin,243.8,1
4316,nominal,401.6,1
4317,nominal,264.6,1
4318,nominal,352.4,1
4319,nominal,319.2,1
4320,nominal,287.7,1
4321,nominal,320.8,1
4322,nominal,325.8,1
4323,nominal,319.2,1
4324,nominal,285.8,1
4325,thin,256.5,1
4326,nominal,289.5,1
4327,thin,250.2,1
4328,nominal,310.7,1
4329,nominal,322.5,1
4330,nominal,322.5,1
4331,nominal,324.1,1
4332,nominal,390.9,1
4333,nominal,385.4,1
4334,nominal,395.0,1
4335,nominal,405.6,1
4336,nominal,393.6,1
4337,nominal,427.2,1
4338,nominal,274.5,1
4339,nominal,280.2,1
4340,broken,319.1,1
4341,thin,254.4,1
4342,nominal,381.3,1
4343,nominal,320.8,1
4344,nominal,285.8,1
4345,nominal,319.2,1
4346,nominal,322.5,1
4347,nominal,302.1,1
4348,nominal,303.8,1
4349,thin,241.6,1
4350,nominal,296.8,1
4351,thin,228.0,1
4352,nominal,319.2,1
4353,nominal,325.8,1
4354,nominal,322.5,1
4355,nominal,324.1,1
4356,nominal,393.6,1
4357,nominal,386.8,1
4358,nominal,379.9,1
4359,nominal,397.6,1
4360,nominal,381.3,1
4361,nominal,404.2,1
4362,nominal,276.4,1
4363,thin,258.6,1
4364,nominal,400.3,1
4365,thin,237.2,1
4366,nominal,396.3,1
4367,nominal,327.4,1
4368,nominal,280.2,1
4369,nominal,296.8,1
4370,nominal,312.4,1
4371,nominal,289.5,1
4372,nominal,296.8,1
4373,thin,248.1,1
4374,nominal,282.1,1
4375,thin,237.2,1
4376,nominal,330.6,1
4377,nominal,317.5,1
4378,nominal,312.4,1
4379,nominal,329.0,1
4380,nominal,359.8,1
4381,nominal,424.7,1
4382,nominal,372.8,1
4383,nominal,350.8,1
4384,nominal,375.7,1
4385,nominal,370.0,1
4386,nominal,262.6,1
4387,thin,237.2,1
4388,nominal,422.2,1
4389,thin,245.9,1
4390,nominal,392.3,1
4391,nominal,319.2,1
4392,nominal,302.1,1
4393,nominal,300.3,1
4394,nominal,300.3,1
4395,nominal,315.8,1
4396,nominal,314.1,1
4397,thin,216.1,1
4398,nominal,305.6,1
4399,thin,223.3,1
4400,nominal,329.0,1
4401,nominal,329.0,1
4402,nominal,324.1,1
4403,nominal,320.8,1
4404,nominal,362.7,1
4405,nominal,395.0,1
4406,nominal,347.8,1
4407,nominal,390.9,0
4408,nominal,378.5,0
4409,nominal,382.7,1
4410,nominal,302.1,1
4411,thin,250.2,1
4412,nominal,395.0,0
4413,thin,239.4,1
4414,nominal,312.4,1
4415,nominal,320.8,1
4416,nominal,276.4,1
4417,nominal,319.2,1
4418,nominal,324.1,1
4419,nominal,324.1,1
4420,nominal,317.5,1
4421,thin,237.2,1
4422,nominal,293.2,1
4423,thin,220.9,1
4424,nominal,307.3,1
4425,nominal,327.4,1
4426,nominal,319.2,1
4427,nominal,325.8,1
4428,nominal,346.3,0
4429,nominal,349.3,1
4430,nominal,372.8,1
4431,broken,363.5,0
4432,nominal,370.0,0
4433,nominal,427.2,1
4434,nominal,268.6,1
4435,broken,232.6,1
4436,nominal,388.2,0
4437,nominal,266.6,1
4438,nominal,390.9,1
4439,nominal,332.2,0
4440,nominal,303.8,1
4441,nominal,309.0,0
4442,nominal,335.4,0
4443,nominal,325.8,0
4444,nominal,309.0,1
4445,thin,258.6,0
4446,nominal,317.5,1
4447,thin,237.2,0
4448,nominal,303.8,0
4449,nominal,317.5,0
4450,nominal,309.0,0
4451,nominal,303.8,0
4452,nominal,262.6,0
4453,nominal,268.6,0
4454,nominal,266.6,0
4455,nominal,280.2,0
4456,nominal,349.3,0
4457,nominal,392.3,1
4458,nominal,377.1,1
4459,broken,282.1,0
4460,nominal,322.5,0
4461,nominal,396.3,1
4462,nominal,307.3,1
4463,nominal,266.6,0
4464,nominal,333.8,0
4465,thin,260.6,0
4466,nominal,344.7,1
4467,nominal,302.1,0
4468,nominal,309.0,1
4469,nominal,296.8,0
4470,nominal,302.1,0
4471,nominal,287.7,0
4472,nominal,291.4,1
4473,nominal,276.4,1
4474,nominal,289.5,1
4475,nominal,287.7,1
4476,nominal,309.0,1
4477,nominal,309.0,1
4478,nominal,317.5,1
4479,nominal,303.8,1
4480,nominal,432.2,1
4481,nominal,378.5,1
4482,nominal,346.3,1
4483,nominal,412.0,1
4484,nominal,392.3,1
4485,nominal,370.0,1
4486,nominal,282.1,1
4487,nominal,305.6,1
4488,nominal,381.3,1
4489,nominal,272.5,1
4490,nominal,385.4,1
4491,nominal,340.1,1
4492,nominal,274.5,1
4493,nominal,319.2,1
4494,nominal,333.8,1
4495,missing,0.0,1
4496,nominal,287.7,1
4497,nominal,268.6,1
4498,nominal,270.6,1
4499,nominal,264.6,1
4500,nominal,324.1,1
4501,nominal,320.8,1
4502,nominal,317.5,1
4503,nominal,322.5,1
4504,nominal,424.7,1
4505,nominal,379.9,1
4506,nominal,377.1,1
4507,nominal,389.5,1
4508,nominal,402.9,1
4509,nominal,384.1,1
4510,nominal,272.5,1
4511,nominal,291.4,1
4512,nominal,385.4,1
4513,nominal,262.6,1
4514,nominal,353.9,1
4515,nominal,330.6,1
4516,nominal,272.5,1
4517,nominal,319.2,1
4518,nominal,332.2,1
4519,nominal,309.0,1
4520,nominal,285.8,1
4521,thin,258.6,1
4522,nominal,268.6,1
4523,thin,241.6,1
4524,nominal,312.4,1
4525,nominal,330.6,1
4526,nominal,320.8,1
4527,nominal,324.1,1
4528,nominal,406.9,1
4529,nominal,397.6,1
4530,nominal,381.3,1
4531,nominal,390.9,1
4532,nominal,368.5,1
4533,nominal,384.1,1
4534,nominal,276.4,1
4535,nominal,262.6,1
4536,nominal,399.0,1
4537,thin,260.6,1
4538,nominal,367.1,1
4539,nominal,322.5,1
4540,nominal,289.5,1
4541,nominal,330.6,1
4542,nominal,320.8,1
4543,nominal,317.5,1
4544,nominal,287.7,1
4545,thin,239.4,1
4546,nominal,278.3,1
4547,thin,223.3,1
4548,nominal,322.5,1
4549,nominal,325.8,1
4550,nominal,320.8,1
4551,nominal,330.6,1
4552,nominal,423.5,1
4553,nominal,386.8,1
4554,nominal,386.8,1
4555,nominal,395.0,1
4556,nominal,389.5,1
4557,nominal,404.2,1
4558,nominal,274.5,1
4559,thin,245.9,1
4560,nominal,408.2,1
4561,thin,239.4,1
4562,nominal,417.2,1
4563,nominal,317.5,1
4564,nominal,284.0,1
4565,nominal,314.1,1
4566,nominal,312.4,1
4567,nominal,309.0,1
4568,nominal,291.4,1
4569,thin,237.2,1
4570,nominal,285.8,1
4571,thin,220.9,1
4572,nominal,320.8,1
4573,nominal,320.8,1
4574,nominal,319.2,1
4575,nominal,307.3,1
4576,nominal,399.0,1
4577,nominal,402.9,1
4578,nominal,406.9,1
4579,nominal,347.8,1
4580,nominal,396.3,1
4581,thick,439.5,1
4582,nominal,274.5,1
4583,thin,254.4,1
4584,nominal,370.0,1
4585,thin,252.3,1
4586,nominal,381.3,1
4587,nominal,330.6,1
4588,nominal,295.0,1
4589,nominal,300.3,1
4590,nominal,317.5,1
4591,nominal,298.6,1
4592,nominal,300.3,1
4593,thin,230.3,1
4594,nominal,296.8,1
4595,thin,228.0,1
4596,nominal,319.2,1
4597,nominal,320.8,1
4598,nominal,317.5,1
4599,nominal,327.4,1
4600,nominal,417.2,1
4601,nominal,378.5,1
4602,nominal,371.4,1
4603,nominal,396.3,1
4604,nominal,377.1,1
4605,nominal,368.5,1
4606,nominal,284.0,1
4607,thin,245.9,1
4608,nominal,379.9,0
4609,thin,252.3,1
4610,nominal,358.3,0
4611,nominal,317.5,1
4612,nominal,282.1,1
4613,nominal,320.8,1
4614,nominal,305.6,1
4615,nominal,303.8,1
4616,nominal,305.6,1
4617,thin,200.8,1
4618,nominal,295.0,1
4619,thin,213.6,1
4620,nominal,324.1,1
4621,nominal,315.8,1
4622,nominal,324.1,1
4623,nominal,330.6,1
4624,nominal,433.4,0
4625,nominal,419.7,1
4626,nominal,384.1,1
4627,nominal,406.9,0
4628,nominal,395.0,0
4629,nominal,408.2,1
4630,nominal,295.0,1
4631,thin,245.9,1
4632,nominal,400.3,0
4633,thin,254.4,1
4634,nominal,359.8,1
4635,nominal,330.6,1
4636,nominal,305.6,1
4637,nominal,324.1,1
4638,nominal,319.2,1
4639,nominal,322.5,1
4640,nominal,309.0,1
4641,thin,248.1,1
4642,nominal,295.0,1
4643,thin,225.7,1
4644,nominal,302.1,1
4645,nominal,338.5,0
4646,nominal,312.4,1
4647,nominal,341.7,0
4648,nominal,404.2,0
4649,nominal,397.6,1
4650,nominal,371.4,1
4651,nominal,392.3,0
4652,nominal,356.8,0
4653,nominal,361.3,1
4654,nominal,296.8,1
4655,broken,243.8,1
4656,nominal,365.7,0
4657,thin,250.2,0
4658,nominal,382.7,1
4659,nominal,332.2,0
4660,nominal,285.8,1
4661,broken,252.3,1
4662,nominal,329.0,1
4663,nominal,325.8,0
4664,nominal,303.8,1
4665,thin,256.5,0
4666,nominal,303.8,1
4667,thin,252.3,0
4668,nominal,317.5,0
4669,nominal,314.1,0
4670,nominal,315.8,0
4671,nominal,303.8,0
4672,nominal,278.3,0
4673,nominal,278.3,0
4674,nominal,274.5,0
4675,nominal,280.2,0
4676,broken,325.8,0
4677,nominal,368.5,1
4678,nominal,359.8,1
4679,nominal,324.1,0
4680,nominal,325.8,0
4681,nominal,395.0,1
4682,nominal,276.4,1
4683,nominal,274.5,0
4684,nominal,312.4,0
4685,thin,237.2,0
4686,nominal,385.4,1
4687,nominal,310.7,0
4688,nominal,309.0,1
4689,nominal,300.3,0
4690,nominal,307.3,0
4691,nominal,296.8,0
4692,nominal,293.2,1
4693,thin,258.6,1
4694,nominal,300.3,1
4695,nominal,272.5,1
4696,nominal,307.3,1
4697,nominal,305.6,1
4698,nominal,302.1,1
4699,nominal,295.0,1
4700,nominal,405.6,1
4701,nominal,386.8,1
4702,nominal,393.6,1
4703,nominal,384.1,1
4704,nominal,430.9,1
4705,nominal,390.9,1
4706,nominal,302.1,1
4707,nominal,298.6,1
4708,nominal,364.2,1
4709,nominal,272.5,1
4710,nominal,384.1,1
4711,nominal,337.0,1
4712,nominal,285.8,1
4713,nominal,307.3,1
4714,nominal,340.1,1
4715,nominal,324.1,1
4716,nominal,295.0,1
4717,thin,243.8,1
4718,nominal,291.4,1
4719,thin,239.4,1
4720,nominal,312.4,1
4721,nominal,317.5,1
4722,nominal,317.5,1
4723,nominal,315.8,1
4724,nominal,404.2,1
4725,nominal,402.9,1
4726,nominal,371.4,1
4727,nominal,371.4,1
4728,nominal,408.2,1
4729,nominal,368.5,1
4730,nominal,274.5,1
4731,nominal,262.6,1
4732,nominal,399.0,1
4733,thin,252.3,1
4734,nominal,389.5,1
4735,nominal,343.2,1
4736,nominal,291.4,1
4737,nominal,320.8,1
4738,nominal,343.2,1
4739,nominal,332.2,1
4740,nominal,280.2,1
4741,thin,248.1,1
4742,nominal,276.4,1
4743,thin,225.7,1
4744,nominal,310.7,1
4745,nominal,333.8,1
4746,nominal,320.8,1
4747,missing,0.0,1
4748,nominal,413.3,1
4749,nominal,409.5,1
4750,nominal,381.3,1
4751,nominal,359.8,1
4752,missing,0.0,1
4753,nominal,395.0,1
4754,nominal,296.8,1
4755,nominal,272.5,1
4756,nominal,388.2,1
4757,thin,237.2,1
4758,nominal,384.1,1
4759,nominal,329.0,1
4760,nominal,284.0,1
4761,nominal,317.5,1
4762,nominal,305.6,1
4763,nominal,317.5,1
4764,nominal,278.3,1
4765,thin,211.1,1
4766,nominal,280.2,1
4767,thin,216.1,1
4768,nominal,317.5,1
4769,nominal,324.1,1
4770,nominal,325.8,1
4771,nominal,324.1,1
4772,nominal,400.3,1
4773,nominal,338.5,1
4774,nominal,384.1,1
4775,nominal,371.4,1
4776,nominal,382.7,1
4777,nominal,413.3,1
4778,nominal,284.0,1
4779,thin,243.8,1
4780,nominal,384.1,1
4781,thin,248.1,1
4782,nominal,381.3,1
4783,nominal,315.8,1
4784,nominal,276.4,1
4785,nominal,325.8,1
4786,nominal,320.8,1
4787,nominal,300.3,1
4788,nominal,276.4,1
4789,thin,211.1,1
4790,nominal,285.8,1
4791,thin,211.1,1
4792,nominal,322.5,1
4793,nominal,312.4,1
4794,nominal,329.0,1
4795,nominal,333.8,1
4796,nominal,412.0,1
4797,nominal,327.4,1
4798,nominal,404.2,1
4799,nominal,371.4,1
4800,nominal,364.2,1
4801,nominal,367.1,1
4802,nominal,280.2,1
4803,thin,254.4,1
4804,nominal,382.7,1
4805,thin,248.1,1
4806,nominal,322.5,1
4807,nominal,324.1,1
4808,nominal,289.5,1
4809,nominal,296.8,1
4810,nominal,291.4,1
4811,nominal,302.1,1
4812,nominal,274.5,1
4813,thin,213.6,1
4814,nominal,285.8,1
4815,thin,206.0,1
4816,nominal,312.4,1
4817,nominal,317.5,1
4818,nominal,312.4,1
4819,nominal,337.0,1
4820,nominal,421.0,1
4821,nominal,382.7,1
4822,nominal,385.4,1
4823,nominal,404.2,1
4824,nominal,389.5,1
4825,nominal,374.3,1
4826,nominal,276.4,1
4827,thin,248.1,1
4828,nominal,410.8,0
4829,thin,241.6,1
4830,nominal,322.5,1
4831,nominal,329.0,1
4832,nominal,296.8,1
4833,nominal,320.8,1
4834,nominal,324.1,1
4835,nominal,309.0,1
4836,nominal,302.1,1
4837,thin,216.1,1
4838,nominal,289.5,1
4839,thin,230.3,1
4840,nominal,322.5,1
4841,nominal,325.8,1
4842,nominal,325.8,1
4843,nominal,320.8,1
4844,nominal,410.8,0
4845,nominal,400.3,1
4846,nominal,385.4,1
4847,nominal,389.5,0
4848,nominal,397.6,0
4849,nominal,370.0,1
4850,nominal,295.0,1
4851,thin,250.2,1
4852,nominal,408.2,0
4853,thin,260.6,1
4854,nominal,393.6,1
4855,nominal,333.8,1
4856,nominal,302.1,1
4857,nominal,314.1,1
4858,nominal,329.0,1
4859,nominal,327.4,1
4860,nominal,300.3,1
4861,thin,250.2,1
4862,nominal,300.3,1
4863,thin,228.0,1
4864,nominal,317.5,1
4865,nominal,343.2,1
4866,nominal,322.5,1
4867,nominal,335.4,1
4868,nominal,381.3,0
4869,nominal,412.0,1
4870,nominal,384.1,1
4871,nominal,362.7,0
4872,nominal,395.0,0
4873,nominal,368.5,1
4874,nominal,291.4,1
4875,thin,245.9,1
4876,nominal,340.1,0
4877,nominal,270.6,0
4878,nominal,396.3,1
4879,nominal,330.6,1
4880,nominal,305.6,1
4881,nominal,312.4,1
4882,nominal,337.0,1
4883,nominal,338.5,1
4884,nominal,300.3,1
4885,thin,258.6,0
4886,nominal,305.6,1
4887,thin,260.6,0
4888,nominal,319.2,0
4889,nominal,317.5,0
4890,nominal,320.8,0
4891,nominal,327.4,0
4892,nominal,278.3,0
4893,nominal,285.8,0
4894,thin,254.4,0
4895,nominal,287.7,0
4896,nominal,335.4,0
4897,nominal,405.6,1
4898,nominal,371.4,1
4899,nominal,314.1,0
4900,nominal,329.0,0
4901,nominal,370.0,1
4902,nominal,293.2,1
4903,nominal,278.3,0
4904,nominal,303.8,0
4905,thin,239.4,0
4906,nominal,388.2,1
4907,nominal,310.7,0
4908,nominal,289.5,1
4909,nominal,309.0,0
4910,nominal,319.2,0
4911,nominal,310.7,0
4912,nominal,314.1,1
4913,thin,254.4,1
4914,nominal,307.3,1
4915,nominal,280.2,1
4916,nominal,307.3,1
4917,nominal,305.6,1
4918,nominal,307.3,1
4919,nominal,317.5,1
4920,nominal,412.0,1
4921,nominal,377.1,1
4922,nominal,384.1,1
4923,broken,340.1,1
4924,nominal,372.8,1
4925,nominal,365.7,1
4926,nominal,312.4,1
4927,nominal,280.2,1
4928,nominal,370.0,1
4929,nominal,268.6,1
4930,nominal,378.5,1
4931,broken,287.7,1
4932,nominal,295.0,1
4933,nominal,324.1,1
4934,nominal,322.5,1
4935,nominal,332.2,1
4936,nominal,302.1,1
4937,thin,237.2,1
4938,nominal,295.0,1
4939,thin,241.6,1
4940,nominal,310.7,1
4941,nominal,330.6,1
4942,nominal,320.8,1
4943,nominal,320.8,1
4944,nominal,405.6,1
4945,nominal,405.6,1
4946,nominal,418.4,1
4947,nominal,358.3,1
4948,nominal,386.8,1
4949,nominal,347.8,1
4950,nominal,295.0,1
4951,nominal,268.6,1
4952,nominal,367.1,1
4953,thin,239.4,1
4954,nominal,377.1,1
4955,nominal,327.4,1
4956,nominal,285.8,1
4957,nominal,333.8,1
4958,nominal,337.0,1
4959,nominal,314.1,1
4960,nominal,298.6,1
4961,thin,230.3,1
4962,nominal,291.4,1
4963,thin,243.8,1
4964,nominal,320.8,1
4965,nominal,317.5,1
4966,nominal,315.8,1
4967,nominal,330.6,1
4968,nominal,397.6,1
4969,nominal,355.4,1
4970,nominal,358.3,1
4971,nominal,362.7,1
4972,nominal,367.1,1
4973,nominal,395.0,1
4974,nominal,284.0,1
4975,thin,239.4,1
4976,broken,312.4,1
4977,thin,254.4,1
4978,nominal,372.8,1
4979,nominal,315.8,1
4980,nominal,298.6,1
4981,nominal,327.4,1
4982,nominal,320.8,1
4983,nominal,319.2,1
4984,nominal,296.8,1
4985,thin,206.0,1
4986,nominal,295.0,1
4987,thin,213.6,1
4988,nominal,327.4,1
4989,nominal,329.0,1
4990,nominal,325.8,1
4991,nominal,320.8,1
4992,thick,446.6,1
4993,nominal,396.3,1
4994,nominal,377.1,1
4995,nominal,382.7,1
4996,thick,450.2,1
4997,broken,353.9,0
4998,nominal,291.4,1
4999,thin,243.8,1
5000,nominal,364.2,1
5001,thin,243.8,1
5002,nominal,385.4,1
5003,nominal,314.1,1
5004,nominal,289.5,1
5005,nominal,314.1,1
5006,nominal,310.7,1
5007,nominal,315.8,1
5008,nominal,287.7,1
5009,thin,211.1,1
5010,nominal,291.4,1
5011,thin,216.1,1
5012,nominal,315.8,1
5013,nominal,314.1,1
5014,nominal,319.2,1
5015,nominal,319.2,1
5016,nominal,375.7,1
5017,nominal,372.8,1
5018,nominal,389.5,1
5019,nominal,389.5,1
5020,nominal,388.2,1
5021,nominal,358.3,1
5022,nominal,280.2,1
5023,thin,256.5,1
5024,nominal,382.7,1
5025,thin,254.4,1
5026,nominal,346.3,1
5027,nominal,322.5,1
5028,nominal,289.5,1
5029,nominal,310.7,1
5030,nominal,310.7,1
5031,nominal,300.3,1
5032,nominal,278.3,1
5033,thin,237.2,1
5034,nominal,285.8,1
5035,thin,218.5,1
5036,nominal,314.1,1
5037,nominal,312.4,1
5038,nominal,312.4,1
5039,nominal,314.1,1
5040,nominal,421.0,1
5041,nominal,401.6,1
5042,nominal,346.3,1
5043,nominal,404.2,1
5044,nominal,417.2,1
5045,nominal,399.0,1
5046,nominal,285.8,1
5047,thin,248.1,1
5048,nominal,408.2,0
5049,thin,258.6,1
5050,nominal,355.4,1
5051,nominal,322.5,1
5052,nominal,287.7,1
5053,nominal,317.5,1
5054,nominal,315.8,1
5055,nominal,322.5,1
5056,nominal,280.2,1
5057,thin,232.6,1
5058,nominal,285.8,1
5059,thin,243.8,1
5060,nominal,320.8,1
5061,nominal,333.8,1
5062,nominal,320.8,1
5063,nominal,330.6,1
5064,thick,451.4,0
5065,nominal,406.9,1
5066,broken,300.3,1
5067,nominal,385.4,0
5068,nominal,395.0,0
5069,nominal,324.1,1
5070,nominal,284.0,1
5071,thin,260.6,1
5072,nominal,423.5,0
5073,thin,256.5,1
5074,nominal,346.3,1
5075,nominal,325.8,1
5076,nominal,291.4,1
5077,nominal,329.0,1
5078,nominal,317.5,1
5079,nominal,317.5,1
5080,nominal,298.6,1
5081,thin,250.2,1
5082,nominal,300.3,1
5083,thin,260.6,1
5084,nominal,322.5,1
5085,nominal,330.6,1
5086,nominal,317.5,1
5087,nominal,324.1,1
5088,nominal,385.4,0
5089,nominal,379.9,1
5090,nominal,379.9,1
5091,nominal,370.0,0
5092,nominal,388.2,0
5093,nominal,372.8,1
5094,nominal,300.3,1
5095,thin,260.6,1
5096,nominal,340.1,0
5097,nominal,270.6,1
5098,nominal,382.7,1
5099,nominal,337.0,0
5100,nominal,293.2,1
5101,nominal,333.8,0
5102,nominal,329.0,1
5103,nominal,319.2,1
5104,nominal,307.3,1
5105,thin,252.3,0
5106,nominal,303.8,1
5107,thin,258.6,0
5108,nominal,317.5,0
5109,nominal,322.5,1
5110,nominal,325.8,0
5111,nominal,317.5,0
5112,broken,270.6,0
5113,nominal,302.1,0
5114,nominal,278.3,0
5115,nominal,278.3,0
5116,broken,333.8,0
5117,nominal,395.0,0
5118,nominal,385.4,0
5119,nominal,312.4,0
5120,nominal,352.4,0
5121,nominal,353.9,1
5122,nominal,295.0,1
5123,nominal,262.6,0
5124,broken,353.9,0
5125,thin,245.9,0
5126,nominal,340.1,0
5127,nominal,324.1,0
5128,nominal,293.2,1
5129,nominal,320.8,0
5130,nominal,320.8,0
5131,nominal,324.1,0
5132,nominal,315.8,1
5133,thin,245.9,1
5134,nominal,312.4,1
5135,nominal,264.6,1
5136,nominal,287.7,1
5137,nominal,332.2,1
5138,nominal,296.8,1
5139,nominal,305.6,1
5140,broken,337.0,1
5141,nominal,382.7,1
5142,nominal,361.3,0
5143,nominal,382.7,1
5144,nominal,397.6,1
5145,nominal,393.6,1
5146,nominal,307.3,1
5147,nominal,284.0,1
5148,nominal,409.5,1
5149,thin,256.5,1
5150,nominal,422.2,1
5151,nominal,335.4,1
5152,nominal,307.3,1
5153,nominal,332.2,1
5154,nominal,333.8,1
5155,nominal,333.8,1
5156,nominal,295.0,1
5157,thin,230.3,1
5158,nominal,305.6,1
5159,thin,234.9,1
5160,nominal,319.2,1
5161,nominal,338.5,1
5162,nominal,307.3,1
5163,nominal,319.2,1
5164,nominal,413.3,1
5165,nominal,413.3,1
5166,nominal,388.2,1
5167,nominal,382.7,1
5168,nominal,370.0,1
5169,nominal,397.6,1
5170,nominal,300.3,1
5171,thin,245.9,1
5172,nominal,375.7,1
5173,nominal,262.6,1
5174,nominal,372.8,1
5175,nominal,333.8,1
5176,nominal,302.1,1
5177,nominal,329.0,1
5178,nominal,322.5,1
5179,nominal,341.7,1
5180,nominal,300.3,1
5181,thin,206.0,1
5182,nominal,305.6,1
5183,thin,213.6,1
5184,nominal,320.8,1
5185,nominal,341.7,1
5186,nominal,329.0,1
5187,nominal,329.0,1
5188,nominal,424.7,1
5189,nominal,401.6,1
5190,nominal,384.1,1
5191,nominal,379.9,1
5192,nominal,393.6,1
5193,nominal,404.2,1
5194,nominal,307.3,1
5195,thin,252.3,1
5196,nominal,375.7,1
5197,thin,248.1,1
5198,nominal,386.8,1
5199,nominal,330.6,1
5200,nominal,302.1,1
5201,nominal,315.8,1
5202,nominal,338.5,1
5203,nominal,322.5,1
5204,nominal,307.3,1
5205,thin,208.6,1
5206,nominal,298.6,1
5207,thin,208.6,1
5208,nominal,322.5,1
5209,nominal,341.7,1
5210,nominal,322.5,1
5211,nominal,329.0,1
5212,nominal,418.4,1
5213,nominal,385.4,1
5214,nominal,399.0,1
5215,broken,330.5,0
5216,nominal,350.8,1
5217,nominal,396.3,1
5218,nominal,289.5,1
5219,thin,243.8,1
5220,nominal,401.6,1
5221,thin,252.3,1
5222,nominal,353.9,1
5223,missing,0.0,1
5224,nominal,298.6,1
5225,nominal,325.8,1
5226,nominal,322.5,1
5227,nominal,315.8,1
5228,nominal,303.8,1
5229,thin,208.6,1
5230,nominal,276.4,1
5231,thin,223.3,1
5232,nominal,314.1,1
5233,nominal,320.8,1
5234,nominal,320.8,1
5235,nominal,337.0,1
5236,nominal,413.3,1
5237,nominal,367.1,1
5238,nominal,375.7,1
5239,nominal,386.8,1
5240,nominal,405.6,1
5241,nominal,419.7,1
5242,nominal,280.2,1
5243,thin,245.9,1
5244,nominal,434.6,1
5245,thin,250.2,1
5246,nominal,370.0,1
5247,nominal,302.1,1
5248,nominal,287.7,1
5249,nominal,310.7,1
5250,nominal,295.0,1
5251,nominal,319.2,1
5252,nominal,276.4,1
5253,thin,239.4,1
5254,nominal,291.4,1
5255,thin,239.4,1
5256,nominal,315.8,1
5257,nominal,332.2,1
5258,nominal,317.5,1
5259,nominal,330.6,1
5260,nominal,421.0,1
5261,nominal,362.7,1
5262,nominal,384.1,1
5263,nominal,379.9,1
5264,nominal,381.3,1
5265,nominal,384.1,1
5266,nominal,287.7,1
5267,thin,252.3,1
5268,nominal,402.9,0
5269,thin,245.9,1
5270,nominal,352.4,1
5271,nominal,322.5,1
5272,nominal,276.4,1
5273,nominal,322.5,1
5274,nominal,325.8,1
5275,nominal,310.7,1
5276,nominal,287.7,1
5277,thin,245.9,1
5278,nominal,280.2,1
5279,thin,254.4,1
5280,nominal,330.6,1
5281,nominal,341.7,1
5282,nominal,330.6,1
5283,nominal,341.7,1
5284,nominal,355.4,0
5285,nominal,402.9,1
5286,nominal,367.1,1
5287,nominal,402.9,0
5288,nominal,412.0,0
5289,nominal,404.2,1
5290,nominal,285.8,1
5291,thin,248.1,1
5292,nominal,395.0,0
5293,nominal,276.4,1
5294,nominal,349.3,1
5295,nominal,341.7,1
5296,nominal,296.8,1
5297,nominal,320.8,1
5298,nominal,332.2,1
5299,nominal,330.6,1
5300,nominal,291.4,1
5301,thin,260.6,1
5302,nominal,287.7,1
5303,nominal,272.5,1
5304,nominal,332.2,1
5305,nominal,329.0,1
5306,nominal,330.6,1
5307,nominal,325.8,1
5308,nominal,386.8,0
5309,nominal,399.0,1
5310,nominal,393.6,1
5311,nominal,378.5,0
5312,nominal,362.7,0
5313,nominal,352.4,1
5314,nominal,291.4,1
5315,thin,258.6,1
5316,nominal,381.3,0
5317,nominal,274.5,0
5318,nominal,385.4,1
5319,nominal,346.3,1
5320,nominal,289.5,1
5321,nominal,325.8,0
5322,nominal,333.8,1
5323,nominal,327.4,0
5324,nominal,296.8,1
5325,broken,240.5,0
5326,nominal,296.8,0
5327,nominal,262.6,0
5328,nominal,312.4,0
5329,nominal,314.1,0
5330,nominal,320.8,0
5331,nominal,329.0,0
5332,broken,264.6,0
5333,nominal,305.6,0
5334,nominal,284.0,0
5335,broken,264.6,0
5336,nominal,365.7,0
5337,nominal,399.0,0
5338,nominal,406.9,0
5339,broken,293.2,0
5340,nominal,367.1,0
5341,nominal,379.9,1
5342,nominal,284.0,1
5343,nominal,266.6,0
5344,nominal,309.0,0
5345,broken,252.3,0
5346,nominal,371.4,0
5347,nominal,325.8,0
5348,nominal,305.6,1
5349,nominal,314.1,0
5350,nominal,309.0,0
5351,nominal,312.4,0
5352,nominal,314.1,1
5353,thin,220.9,1
5354,nominal,309.0,1
5355,thin,258.6,1
5356,nominal,314.1,1
5357,nominal,324.1,1
5358,nominal,309.0,1
5359,nominal,335.4,1
5360,nominal,397.6,1
5361,nominal,393.6,1
5362,nominal,382.7,1
5363,nominal,395.0,1
5364,nominal,379.9,1
5365,nominal,390.9,1
5366,nominal,317.5,1
5367,nominal,266.6,1
5368,nominal,385.4,1
5369,nominal,268.6,1
5370,nominal,386.8,1
5371,nominal,330.6,1
5372,nominal,302.1,1
5373,nominal,332.2,1
5374,nominal,324.1,1
5375,nominal,330.6,1
5376,nominal,312.4,1
5377,thin,234.9,1
5378,nominal,312.4,1
5379,thin,230.3,1
5380,nominal,324.1,1
5381,nominal,327.4,1
5382,nominal,317.5,1
5383,nominal,317.5,1
5384,thick,457.2,1
5385,nominal,421.0,1
5386,broken,373.5,0
5387,nominal,397.6,1
5388,nominal,432.2,1
5389,thick,439.5,1
5390,nominal,296.8,1
5391,thin,256.5,1
5392,nominal,381.3,1
5393,thin,254.4,1
5394,nominal,372.8,1
5395,nominal,325.8,1
5396,nominal,305.6,1
5397,nominal,332.2,1
5398,nominal,335.4,1
5399,nominal,337.0,1
5400,nominal,295.0,1
5401,thin,230.3,1
5402,nominal,307.3,1
5403,thin,225.7,1
5404,nominal,330.6,1
5405,nominal,338.5,1
5406,nominal,333.8,1
5407,nominal,333.8,1
5408,nominal,399.0,1
5409,nominal,371.4,1
5410,nominal,375.7,1
5411,nominal,389.5,1
5412,nominal,340.1,1
5413,nominal,390.9,1
5414,nominal,302.1,1
5415,thin,234.9,1
5416,nominal,417.2,1
5417,thin,258.6,1
5418,nominal,400.3,1
5419,nominal,337.0,1
5420,nominal,302.1,1
5421,nominal,315.8,1
5422,nominal,341.7,1
5423,nominal,330.6,1
5424,nominal,312.4,1
5425,thin,248.1,1
5426,nominal,298.6,1
5427,thin,228.0,1
5428,nominal,337.0,1
5429,nominal,333.8,1
5430,nominal,325.8,1
5431,nominal,332.2,1
5432,nominal,433.4,1
5433,nominal,372.8,1
5434,nominal,400.3,1
5435,nominal,371.4,1
5436,nominal,427.2,1
5437,nominal,379.9,1
5438,nominal,295.0,1
5439,thin,254.4,1
5440,nominal,393.6,1
5441,thin,258.6,1
5442,nominal,359.8,1
5443,nominal,329.0,1
5444,nominal,280.2,1
5445,nominal,315.8,1
5446,nominal,332.2,1
5447,nominal,322.5,1
5448,nominal,300.3,1
5449,thin,248.1,1
5450,nominal,291.4,1
5451,thin,256.5,1
5452,nominal,329.0,1
5453,nominal,332.2,1
5454,nominal,325.8,1
5455,nominal,340.1,1
5456,nominal,367.1,1
5457,nominal,382.7,1
5458,nominal,402.9,1
5459,nominal,332.2,1
5460,nominal,412.0,1
5461,nominal,371.4,1
5462,nominal,285.8,1
5463,thin,260.6,1
5464,thick,446.6,1
5465,nominal,266.6,1
5466,nominal,375.7,1
5467,nominal,315.8,1
5468,nominal,285.8,1
5469,nominal,332.2,1
5470,nominal,317.5,1
5471,nominal,324.1,1
5472,nominal,282.1,1
5473,nominal,262.6,1
5474,nominal,287.7,1
5475,thin,248.1,1
5476,nominal,315.8,1
5477,nominal,344.7,1
5478,nominal,329.0,1
5479,nominal,333.8,1
5480,nominal,409.5,1
5481,nominal,371.4,1
5482,nominal,395.0,1
5483,nominal,381.3,1
5484,nominal,428.5,1
5485,nominal,401.6,1
5486,nominal,285.8,1
5487,nominal,264.6,1
5488,thick,459.5,0
5489,nominal,274.5,1
5490,nominal,386.8,1
5491,nominal,325.8,1
5492,nominal,282.1,1
5493,nominal,314.1,1
5494,nominal,322.5,1
5495,nominal,329.0,1
5496,nominal,282.1,1
5497,nominal,270.6,1
5498,nominal,280.2,1
5499,nominal,270.6,1
5500,nominal,332.2,1
5501,nominal,335.4,1
5502,nominal,319.2,1
5503,nominal,329.0,1
5504,nominal,415.9,0
5505,nominal,392.3,1
5506,nominal,384.1,1
5507,nominal,397.6,0
5508,nominal,399.0,0
5509,nominal,395.0,1
5510,nominal,276.4,1
5511,nominal,274.5,1
5512,nominal,415.9,0
5513,nominal,285.8,1
5514,nominal,408.2,1
5515,nominal,329.0,1
5516,nominal,289.5,1
5517,nominal,325.8,1
5518,nominal,329.0,1
5519,nominal,343.2,1
5520,nominal,289.5,1
5521,nominal,270.6,1
5522,nominal,274.5,1
5523,nominal,272.5,1
5524,nominal,319.2,1
5525,nominal,338.5,1
5526,nominal,329.0,0
5527,nominal,338.5,1
5528,nominal,426.0,0
5529,nominal,390.9,0
5530,nominal,396.3,1
5531,nominal,353.9,0
5532,nominal,370.0,0
5533,nominal,401.6,1
5534,nominal,276.4,1
5535,nominal,295.0,1
5536,nominal,368.5,0
5537,nominal,274.5,0
5538,nominal,409.5,0
5539,nominal,327.4,1
5540,nominal,295.0,1
5541,nominal,322.5,0
5542,nominal,335.4,1
5543,nominal,332.2,0
5544,nominal,278.3,1
5545,broken,248.1,0
5546,nominal,289.5,1
5547,nominal,278.3,0
5548,nominal,315.8,0
5549,nominal,333.8,1
5550,nominal,310.7,0
5551,nominal,325.8,0
5552,broken,272.5,0
5553,nominal,319.2,0
5554,nominal,300.3,0
5555,broken,274.5,0
5556,broken,293.1,0
5557,nominal,388.2,0
5558,nominal,389.5,0
5559,broken,322.5,0
5560,nominal,341.7,0
5561,nominal,371.4,0
5562,nominal,280.2,1
5563,nominal,270.6,0
5564,broken,292.3,0
5565,thin,260.6,0
5566,nominal,379.9,0
5567,nominal,322.5,0
5568,nominal,296.8,1
5569,nominal,310.7,0
5570,nominal,324.1,0
5571,nominal,309.0,0
5572,nominal,309.0,1
5573,thin,252.3,1
5574,nominal,309.0,1
5575,thin,248.1,1
5576,nominal,303.8,1
5577,nominal,315.8,1
5578,nominal,309.0,1
5579,nominal,319.2,1
5580,nominal,401.6,1
5581,nominal,389.5,1
5582,nominal,386.8,1
5583,nominal,355.4,1
5584,nominal,395.0,1
5585,nominal,375.7,0
5586,nominal,317.5,1
5587,nominal,268.6,1
5588,nominal,385.4,1
5589,nominal,266.6,1
5590,nominal,368.5,1
5591,nominal,333.8,1
5592,nominal,314.1,1
5593,nominal,333.8,1
5594,nominal,330.6,1
5595,nominal,322.5,1
5596,nominal,309.0,1
5597,thin,216.1,1
5598,nominal,300.3,1
5599,thin,225.7,1
5600,nominal,317.5,1
5601,nominal,329.0,1
5602,nominal,317.5,1
5603,nominal,325.8,1
5604,nominal,393.6,1
5605,nominal,396.3,1
5606,nominal,386.8,1
5607,nominal,374.3,1
5608,nominal,419.7,1
5609,nominal,412.0,1
5610,nominal,305.6,1
5611,thin,248.1,1
5612,nominal,379.9,1
5613,thin,254.4,1
5614,nominal,370.0,1
5615,nominal,338.5,1
5616,nominal,291.4,1
5617,nominal,324.1,1
5618,nominal,325.8,1
5619,nominal,329.0,1
5620,nominal,300.3,1
5621,missing,0.0,1
5622,nominal,305.6,1
5623,thin,260.6,1
5624,nominal,329.0,1
5625,nominal,330.6,1
5626,nominal,317.5,1
5627,nominal,325.8,1
5628,nominal,406.9,1
5629,nominal,370.0,1
5630,nominal,386.8,1
5631,nominal,367.1,1
5632,nominal,381.3,1
5633,nominal,415.9,1
5634,nominal,293.2,1
5635,thin,243.8,1
5636,nominal,415.9,1
5637,thin,254.4,1
5638,nominal,370.0,1
5639,nominal,330.6,1
5640,nominal,302.1,1
5641,nominal,319.2,1
5642,nominal,341.7,1
5643,nominal,309.0,1
5644,nominal,307.3,1
5645,thin,245.9,1
5646,nominal,296.8,1
5647,thin,252.3,1
5648,nominal,314.1,1
5649,nominal,333.8,1
5650,nominal,320.8,1
5651,nominal,333.8,1
5652,nominal,389.5,1
5653,nominal,414.6,1
5654,nominal,378.5,1
5655,nominal,374.3,1
5656,nominal,417.2,1
5657,nominal,393.6,1
5658,nominal,298.6,1
5659,thin,254.4,1
5660,nominal,424.7,1
5661,nominal,274.5,1
5662,nominal,332.2,1
5663,nominal,319.2,1
5664,nominal,285.8,1
5665,nominal,319.2,1
5666,nominal,325.8,1
5667,nominal,324.1,1
5668,nominal,305.6,1
5669,thin,254.4,1
5670,nominal,291.4,1
5671,nominal,264.6,1
5672,nominal,314.1,1
5673,nominal,333.8,1
5674,nominal,333.8,1
5675,nominal,333.8,1
5676,nominal,414.6,1
5677,nominal,430.9,1
5678,nominal,408.2,1
5679,nominal,384.1,1
5680,nominal,426.0,1
5681,nominal,418.4,1
5682,nominal,287.7,1
5683,nominal,268.6,1
5684,nominal,412.0,1
5685,nominal,270.6,1
5686,nominal,390.9,1
5687,nominal,302.1,1
5688,nominal,280.2,1
5689,nominal,312.4,1
5690,nominal,309.0,1
5691,nominal,315.8,1
5692,nominal,285.8,1
5693,nominal,274.5,1
5694,nominal,295.0,1
5695,thin,258.6,1
5696,nominal,332.2,1
5697,nominal,338.5,1
5698,nominal,325.8,1
5699,nominal,340.1,1
5700,nominal,396.3,1
5701,nominal,402.9,1
5702,nominal,384.1,1
5703,nominal,413.3,1
5704,nominal,396.3,1
5705,nominal,385.4,1
5706,nominal,284.0,1
5707,nominal,262.6,1
5708,nominal,412.0,0
5709,nominal,274.5,1
5710,nominal,385.4,1
5711,nominal,338.5,1
5712,nominal,276.4,1
5713,nominal,327.4,1
5714,nominal,324.1,1
5715,nominal,317.5,1
5716,nominal,278.3,1
5717,nominal,266.6,1
5718,nominal,282.1,1
5719,nominal,276.4,1
5720,nominal,322.5,1
5721,nominal,338.5,1
5722,nominal,315.8,1
5723,nominal,341.7,1
5724,nominal,401.6,0
5725,nominal,419.7,1
5726,nominal,381.3,1
5727,nominal,396.3,0
5728,nominal,395.0,0
5729,nominal,401.6,1
5730,nominal,276.4,1
5731,nominal,278.3,1
5732,nominal,417.2,0
5733,nominal,278.3,1
5734,nominal,386.8,1
5735,nominal,332.2,1
5736,nominal,274.5,1
5737,nominal,325.8,0
5738,nominal,340.1,1
5739,nominal,329.0,0
5740,nominal,270.6,1
5741,nominal,284.0,1
5742,nominal,284.0,1
5743,nominal,274.5,1
5744,nominal,327.4,0
5745,nominal,335.4,1
5746,nominal,325.8,0
5747,nominal,330.6,1
5748,nominal,386.8,0
5749,nominal,410.8,1
5750,nominal,374.3,1
5751,nominal,367.1,0
5752,nominal,362.7,0
5753,nominal,413.3,1
5754,nominal,282.1,1
5755,nominal,270.6,1
5756,nominal,375.7,0
5757,nominal,296.8,1
5758,nominal,384.1,0
5759,nominal,340.1,1
5760,nominal,289.5,1
5761,nominal,333.8,0
5762,nominal,337.0,1
5763,nominal,325.8,0
5764,nominal,274.5,1
5765,nominal,268.6,0
5766,nominal,289.5,1
5767,nominal,278.3,0
5768,nominal,324.1,0
5769,nominal,322.5,1
5770,nominal,302.1,1
5771,nominal,317.5,1
5772,broken,271.6,0
5773,nominal,314.1,0
5774,nominal,307.3,0
5775,nominal,282.1,0
5776,nominal,344.7,0
5777,nominal,377.1,0
5778,nominal,409.5,0
5779,nominal,289.5,0
5780,nominal,347.8,0
5781,nominal,401.6,0
5782,nominal,276.4,1
5783,nominal,282.1,0
5784,broken,277.4,0
5785,nominal,296.8,0
5786,nominal,402.9,0
5787,nominal,330.6,0
5788,nominal,289.5,1
5789,nominal,317.5,0
5790,nominal,338.5,0
5791,nominal,310.7,0
5792,nominal,322.5,1
5793,thin,243.8,1
5794,nominal,319.2,1
5795,broken,252.3,1
5796,nominal,289.5,1
5797,nominal,287.7,1
5798,nominal,297.7,0
5799,nominal,303.8,1
5800,nominal,385.4,1
5801,nominal,371.4,1
5802,necked,375.7,1
5803,nominal,405.6,1
5804,missing,0.0,0
5805,missing,0.0,0
5806,missing,0.0,0
5807,missing,0.0,0
5808,nominal,384.1,1
5809,nominal,359.8,0
5810,nominal,329.0,1
5811,nominal,266.6,1
5812,nominal,388.2,1
5813,thin,259.6,1
5814,nominal,355.4,1
5815,nominal,335.4,1
5816,nominal,314.1,1
5817,nominal,324.1,1
5818,broken,324.9,1
5819,nominal,327.4,1
5820,nominal,307.3,1
5821,thin,260.6,1
5822,nominal,302.1,1
5823,missing,0.0,1
5824,nominal,314.1,1
5825,broken,300.3,1
5826,nominal,309.0,1
5827,nominal,322.5,1
5828,nominal,412.0,1
5829,nominal,367.1,1
5830,nominal,378.5,1
5831,nominal,395.0,1
5832,missing,0.0,0
5833,missing,0.0,0
5834,missing,0.0,0
5835,missing,0.0,0
5836,nominal,405.6,1
5837,nominal,396.3,0
5838,nominal,309.0,1
5839,thin,256.5,1
5840,nominal,397.6,1
5841,broken,268.6,1
5842,nominal,346.3,1
5843,nominal,340.1,1
5844,nominal,305.6,1
5845,nominal,319.2,1
5846,nominal,317.5,1
5847,nominal,329.0,1
5848,nominal,295.0,1
5849,thin,256.5,1
5850,broken,305.6,1
5851,broken,257.5,1
5852,nominal,325.8,1
5853,nominal,319.2,1
5854,nominal,319.2,1
5855,nominal,332.2,1
5856,nominal,432.2,1
5857,nominal,338.5,1
5858,nominal,340.1,1
5859,nominal,401.6,1
5860,missing,0.0,0
5861,missing,0.0,0
5862,missing,0.0,0
5863,missing,0.0,0
5864,nominal,365.7,1
5865,nominal,359.8,1
5866,nominal,309.0,1
5867,nominal,268.6,1
5868,nominal,361.3,1
5869,nominal,274.5,1
5870,nominal,349.3,1
5871,nominal,344.7,1
5872,nominal,310.7,1
5873,nominal,319.2,1
5874,nominal,302.1,1
5875,nominal,325.8,1
5876,nominal,291.4,1
5877,thin,250.2,1
5878,nominal,303.8,1
5879,nominal,270.6,1
5880,nominal,335.4,1
5881,nominal,323.3,1
5882,nominal,322.5,1
5883,nominal,333.8,1
5884,nominal,419.7,1
5885,nominal,384.1,1
5886,nominal,364.2,1
5887,nominal,378.5,1
5888,missing,0.0,0
5889,missing,0.0,0
5890,missing,0.0,0
5891,missing,0.0,0
5892,nominal,378.5,1
5893,nominal,355.4,1
5894,broken,296.8,1
5895,nominal,264.6,1
5896,nominal,400.3,1
5897,nominal,266.6,1
5898,nominal,358.3,1
5899,nominal,319.2,1
5900,nominal,291.4,1
5901,nominal,314.1,1
5902,nominal,328.2,1
5903,nominal,317.5,1
5904,nominal,296.8,1
5905,nominal,270.6,1
5906,broken,305.6,1
5907,nominal,272.5,1
5908,nominal,317.5,1
5909,nominal,325.8,1
5910,nominal,314.1,1
5911,nominal,335.4,1
5912,nominal,428.5,1
5913,nominal,367.1,1
5914,nominal,332.2,1
5915,nominal,390.9,1
5916,missing,0.0,0
5917,missing,0.0,0
5918,missing,0.0,0
5919,missing,0.0,0
5920,nominal,400.3,1
5921,nominal,382.7,1
5922,nominal,303.8,1
5923,nominal,272.5,1
5924,nominal,430.9,1
5925,nominal,285.8,1
5926,nominal,364.2,1
5927,nominal,305.6,1
5928,nominal,280.2,1
5929,nominal,302.1,1
5930,broken,315.8,1
5931,nominal,302.1,1
5932,nominal,291.4,1
5933,nominal,262.6,1
5934,broken,296.8,1
5935,nominal,270.6,1
5936,nominal,312.4,1
5937,broken,303.8,1
5938,nominal,309.0,1
5939,nominal,325.8,1
5940,nominal,385.4,1
5941,nominal,401.6,1
5942,nominal,381.3,1
5943,nominal,397.6,1
5944,missing,0.0,0
5945,missing,0.0,0
5946,missing,0.0,0
5947,missing,0.0,0
5948,nominal,352.4,1
5949,nominal,374.3,1
5950,broken,300.3,1
5951,nominal,266.6,1
5952,nominal,385.4,1
5953,nominal,280.2,1
5954,nominal,384.1,1
5955,nominal,325.8,1
5956,nominal,280.2,1
5957,nominal,307.3,1
5958,broken,305.6,1
5959,nominal,293.2,1
5960,nominal,270.6,1
5961,nominal,276.4,1
5962,broken,287.7,1
5963,nominal,289.5,1
5964,nominal,325.8,1
5965,broken,314.1,1
5966,nominal,315.8,1
5967,nominal,333.8,1
5968,nominal,397.6,0
5969,nominal,378.5,1
5970,nominal,421.0,1
5971,nominal,392.3,0
5972,missing,0.0,0
5973,missing,0.0,0
5974,missing,0.0,0
5975,missing,0.0,0
5976,nominal,333.8,1
5977,nominal,374.3,1
5978,broken,284.0,1
5979,nominal,278.3,1
5980,nominal,400.3,0
5981,nominal,307.3,1
5982,nominal,392.3,1
5983,nominal,338.5,1
5984,nominal,284.0,1
5985,nominal,325.8,0
5986,broken,322.5,1
5987,nominal,300.3,1
5988,nominal,274.5,1
5989,nominal,303.8,1
5990,broken,300.3,1
5991,nominal,291.4,1
5992,nominal,329.0,0
5993,broken,309.0,1
5994,nominal,319.2,0
5995,nominal,337.0,1
5996,nominal,396.3,0
5997,nominal,405.6,1
5998,nominal,406.9,1
5999,nominal,347.8,0
6000,missing,0.0,0
6001,missing,0.0,0
6002,missing,0.0,0
6003,missing,0.0,0
6004,nominal,381.3,0
6005,nominal,355.4,1
6006,broken,293.2,1
6007,nominal,298.6,1
6008,nominal,365.7,0
6009,nominal,305.6,1
6010,nominal,406.9,1
6011,nominal,317.5,1
6012,nominal,278.3,1
6013,nominal,320.8,1
6014,broken,309.0,1
6015,nominal,327.4,1
6016,nominal,280.2,1
6017,nominal,289.5,0
6018,broken,287.7,1
6019,nominal,312.4,0
6020,nominal,322.5,0
6021,broken,303.8,1
6022,nominal,309.0,1
6023,nominal,320.8,1
6024,nominal,302.1,0
6025,nominal,315.8,0
6026,nominal,315.8,0
6027,nominal,295.0,0
6028,nominal,330.6,0
6029,nominal,361.3,0
6030,nominal,347.8,0
6031,nominal,296.8,0
6032,missing,0.0,0
6033,missing,0.0,0
6034,missing,0.0,0
6035,missing,0.0,0
6036,broken,302.1,0
6037,nominal,364.2,1
6038,broken,284.0,1
6039,nominal,298.6,0
6040,nominal,322.5,0
6041,nominal,310.7,0
6042,nominal,365.7,1
6043,nominal,333.8,1
6044,nominal,282.1,1
6045,nominal,320.8,0
6046,broken,329.8,1
6047,nominal,300.3,0
6048,nominal,291.4,1
6049,nominal,312.4,1
6050,nominal,291.4,1
6051,nominal,302.1,1
6052,nominal,293.2,1
6053,nominal,298.6,1
6054,nominal,287.7,1
6055,nominal,300.3,1
6056,nominal,365.7,1
6057,nominal,329.0,1
6058,nominal,324.1,1
6059,nominal,332.2,1
6060,nominal,346.3,1
6061,nominal,399.0,1
6062,nominal,278.3,1
6063,nominal,298.6,1
6064,nominal,422.2,1
6065,nominal,268.6,1
6066,nominal,344.7,1
6067,nominal,329.0,1
6068,nominal,295.0,1
6069,nominal,315.8,1
6070,nominal,325.8,1
6071,nominal,303.8,1
6072,nominal,278.3,1
6073,nominal,296.8,1
6074,nominal,270.6,1
6075,nominal,289.5,1
6076,nominal,302.1,1
6077,nominal,314.1,1
6078,nominal,305.6,1
6079,nominal,298.6,1
6080,nominal,368.5,1
6081,nominal,347.8,1
6082,nominal,330.6,1
6083,nominal,350.8,1
6084,nominal,395.0,1
6085,nominal,356.8,1
6086,nominal,268.6,1
6087,nominal,291.4,1
6088,nominal,359.8,1
6089,nominal,276.4,1
6090,nominal,350.8,1
6091,nominal,319.2,1
6092,nominal,268.6,1
6093,nominal,320.8,1
6094,nominal,332.2,1
6095,nominal,319.2,1
6096,nominal,272.5,1
6097,nominal,293.2,1
6098,nominal,276.4,1
6099,nominal,280.2,1
6100,nominal,317.5,1
6101,nominal,327.4,1
6102,nominal,312.4,1
6103,nominal,317.5,1
6104,nominal,353.9,1
6105,nominal,359.8,1
6106,nominal,353.9,1
6107,nominal,371.4,1
6108,nominal,384.1,1
6109,nominal,412.0,1
6110,thin,260.6,1
6111,nominal,291.4,1
6112,nominal,382.7,1
6113,nominal,285.8,1
6114,nominal,329.0,1
6115,nominal,307.3,1
6116,nominal,264.6,1
6117,nominal,309.0,1
6118,nominal,324.1,1
6119,nominal,310.7,1
6120,nominal,282.1,1
6121,nominal,278.3,1
6122,nominal,296.8,1
6123,nominal,272.5,1
6124,nominal,314.1,1
6125,nominal,310.7,1
6126,nominal,314.1,1
6127,broken,313.3,1
6128,nominal,340.1,1
6129,nominal,370.0,1
6130,nominal,355.4,1
6131,nominal,309.0,1
6132,nominal,350.8,1
6133,nominal,386.8,1
6134,nominal,282.1,1
6135,nominal,264.6,1
6136,nominal,414.6,1
6137,thin,245.9,1
6138,nominal,340.1,1
6139,nominal,315.8,1
6140,nominal,274.5,1
6141,broken,277.4,1
6142,nominal,295.0,1
6143,nominal,314.1,1
6144,nominal,276.4,1
6145,nominal,285.8,1
6146,nominal,285.8,1
6147,nominal,282.1,1
6148,nominal,307.3,1
6149,nominal,314.1,1
6150,nominal,319.2,1
6151,broken,322.5,1
6152,nominal,361.3,1
6153,nominal,355.4,1
6154,nominal,332.2,1
6155,nominal,364.2,1
6156,nominal,389.5,1
6157,nominal,370.0,1
6158,nominal,272.5,1
6159,nominal,272.5,1
6160,nominal,406.9,1
6161,nominal,264.6,1
6162,nominal,370.0,1
6163,nominal,315.8,1
6164,nominal,291.4,1
6165,nominal,305.6,1
6166,broken,295.0,1
6167,nominal,303.8,1
6168,nominal,295.0,1
6169,nominal,287.7,1
6170,nominal,296.8,1
6171,thin,260.6,1
6172,nominal,298.6,1
6173,nominal,325.8,1
6174,nominal,307.3,1
6175,nominal,309.0,1
6176,broken,284.0,1
6177,nominal,374.3,1
6178,nominal,362.7,1
6179,nominal,372.8,1
6180,nominal,390.9,1
6181,nominal,359.8,1
6182,nominal,270.6,1
6183,nominal,274.5,1
6184,nominal,401.6,1
6185,nominal,264.6,1
6186,nominal,377.1,1
6187,nominal,312.4,1
6188,nominal,289.5,1
6189,nominal,310.7,1
6190,nominal,312.4,1
6191,nominal,314.1,1
6192,nominal,305.6,1
6193,nominal,276.4,1
6194,nominal,300.3,1
6195,nominal,274.5,1
6196,nominal,309.0,1
6197,nominal,314.1,1
6198,nominal,303.8,1
6199,nominal,303.8,1
6200,nominal,364.2,1
6201,nominal,371.4,1
6202,nominal,404.2,1
6203,broken,344.7,1
6204,nominal,377.1,1
6205,nominal,385.4,1
6206,nominal,284.0,1
6207,nominal,285.8,1
6208,nominal,338.5,0
6209,thin,254.4,1
6210,nominal,393.6,1
6211,nominal,320.8,1
6212,nominal,295.0,1
6213,nominal,310.7,1
6214,nominal,317.5,1
6215,nominal,322.5,1
6216,nominal,320.8,1
6217,thin,256.5,1
6218,nominal,305.6,0
6219,nominal,264.6,1
6220,nominal,312.4,0
6221,nominal,319.2,1
6222,nominal,317.5,1
6223,nominal,320.8,1
6224,nominal,347.8,1
6225,broken,293.2,1
6226,nominal,343.2,1
6227,nominal,362.7,1
6228,nominal,396.3,1
6229,nominal,390.9,1
6230,nominal,300.3,1
6231,nominal,270.6,1
6232,nominal,378.5,0
6233,nominal,266.6,1
6234,broken,317.9,1
6235,nominal,320.8,1
6236,nominal,305.6,1
6237,nominal,324.1,1
6238,nominal,325.8,1
6239,nominal,312.4,1
6240,nominal,309.0,1
6241,nominal,291.4,0
6242,nominal,309.0,1
6243,nominal,276.4,0
6244,nominal,287.7,0
6245,broken,310.7,0
6246,nominal,307.3,0
6247,broken,293.2,0
6248,thin,250.2,0
6249,necked,272.5,0
6250,thin,241.6,0
6251,nominal,268.6,0
6252,nominal,300.3,0
6253,nominal,379.9,1
6254,broken,330.6,1
6255,nominal,282.1,0
6256,nominal,320.8,0
6257,nominal,343.2,1
6258,nominal,302.1,0
6259,broken,252.5,1
6260,nominal,347.8,0
6261,thin,256.5,0
6262,nominal,332.2,1
6263,nominal,303.8,0
6264,nominal,312.4,1
6265,broken,312.4,1
6266,nominal,296.8,0
6267,nominal,309.0,0
6268,nominal,289.5,1
6269,nominal,305.6,1
6270,nominal,272.5,1
6271,nominal,302.1,1
6272,nominal,300.3,1
6273,nominal,300.3,1
6274,nominal,302.1,1
6275,nominal,302.1,1
6276,nominal,364.2,1
6277,nominal,364.2,1
6278,nominal,270.6,1
6279,nominal,422.2,1
6280,nominal,375.7,1
6281,nominal,364.2,1
6282,nominal,282.1,1
6283,nominal,310.7,1
6284,nominal,419.7,1
6285,nominal,282.1,1
6286,nominal,361.3,1
6287,nominal,332.2,1
6288,nominal,268.6,1
6289,nominal,325.8,1
6290,nominal,319.2,1
6291,nominal,312.4,1
6292,nominal,272.5,1
6293,nominal,298.6,1
6294,nominal,270.6,1
6295,nominal,280.2,1
6296,nominal,307.3,1
6297,nominal,309.0,1
6298,nominal,303.8,1
6299,nominal,315.8,1
6300,nominal,386.8,1
6301,nominal,335.4,1
6302,nominal,352.4,1
6303,nominal,399.0,1
6304,nominal,424.7,1
6305,nominal,368.5,1
6306,nominal,268.6,1
6307,nominal,298.6,1
6308,nominal,389.5,1
6309,nominal,293.2,1
6310,nominal,289.5,1
6311,nominal,319.2,1
6312,nominal,276.4,1
6313,nominal,324.1,1
6314,nominal,327.4,1
6315,nominal,324.1,1
6316,nominal,280.2,1
6317,nominal,270.6,1
6318,nominal,272.5,1
6319,nominal,276.4,1
6320,nominal,320.8,1
6321,nominal,322.5,1
6322,nominal,314.1,1
6323,nominal,329.0,1
6324,nominal,430.9,0
6325,nominal,371.4,1
6326,nominal,379.9,1
6327,nominal,388.2,1
6328,nominal,372.8,1
6329,nominal,390.9,1
6330,nominal,266.6,1
6331,nominal,266.6,1
6332,nominal,402.9,1
6333,nominal,274.5,1
6334,nominal,289.5,1
6335,nominal,324.1,1
6336,thin,258.6,1
6337,nominal,305.6,1
6338,nominal,324.1,1
6339,nominal,322.5,1
6340,nominal,276.4,1
6341,nominal,270.6,1
6342,nominal,285.8,1
6343,nominal,274.5,1
6344,nominal,325.8,1
6345,nominal,310.7,1
6346,nominal,324.1,1
6347,nominal,314.1,1
6348,nominal,406.9,1
6349,nominal,388.2,1
6350,nominal,395.0,1
6351,nominal,384.1,1
6352,nominal,397.6,1
6353,nominal,377.1,1
6354,thin,260.6,1
6355,nominal,266.6,1
6356,broken,337.0,1
6357,nominal,266.6,1
6358,nominal,347.8,1
6359,nominal,305.6,1
6360,nominal,266.6,1
6361,nominal,320.8,1
6362,nominal,320.8,1
6363,nominal,302.1,1
6364,nominal,285.8,1
6365,thin,256.5,1
6366,nominal,282.1,1
6367,nominal,266.6,1
6368,nominal,320.8,1
6369,nominal,315.8,1
6370,nominal,312.4,1
6371,nominal,317.5,1
6372,nominal,422.2,1
6373,nominal,404.2,1
6374,nominal,343.2,1
6375,nominal,404.2,1
6376,nominal,401.6,1
6377,nominal,396.3,1
6378,nominal,278.3,1
6379,nominal,270.6,1
6380,nominal,375.7,1
6381,nominal,262.6,1
6382,nominal,404.2,1
6383,nominal,317.5,1
6384,nominal,276.4,1
6385,nominal,309.0,1
6386,nominal,302.1,1
6387,nominal,289.5,1
6388,nominal,287.7,1
6389,nominal,272.5,1
6390,nominal,268.6,1
6391,nominal,264.6,1
6392,nominal,310.7,1
6393,nominal,315.8,1
6394,nominal,298.6,1
6395,nominal,314.1,1
6396,nominal,385.4,1
6397,nominal,381.3,1
6398,nominal,379.9,1
6399,nominal,382.7,1
6400,nominal,378.5,1
6401,nominal,404.2,1
6402,nominal,272.5,1
6403,nominal,264.6,1
6404,nominal,413.3,1
6405,thin,254.4,1
6406,nominal,405.6,1
6407,nominal,317.5,1
6408,nominal,282.1,1
6409,nominal,312.4,1
6410,nominal,309.0,1
6411,nominal,307.3,1
6412,nominal,276.4,1
6413,nominal,264.6,1
6414,nominal,291.4,1
6415,thin,256.5,1
6416,nominal,320.8,1
6417,nominal,315.8,1
6418,nominal,329.0,1
6419,nominal,324.1,1
6420,nominal,374.3,1
6421,nominal,404.2,1
6422,nominal,401.6,1
6423,nominal,372.8,1
6424,nominal,388.2,1
6425,nominal,386.8,1
6426,nominal,274.5,1
6427,thin,258.6,1
6428,nominal,409.5,0
6429,thin,248.1,1
6430,nominal,392.3,1
6431,nominal,314.1,1
6432,nominal,276.4,1
6433,nominal,309.0,1
6434,nominal,319.2,1
6435,nominal,325.8,1
6436,nominal,287.7,1
6437,thin,252.3,1
6438,nominal,307.3,1
6439,nominal,262.6,1
6440,nominal,314.1,1
6441,nominal,310.7,1
6442,nominal,327.4,1
6443,nominal,317.5,1
6444,nominal,344.7,0
6445,nominal,395.0,1
6446,nominal,389.5,1
6447,nominal,371.4,0
6448,nominal,344.7,0
6449,nominal,419.7,1
6450,nominal,282.1,1
6451,thin,254.4,1
6452,nominal,365.7,0
6453,thin,237.2,1
6454,nominal,404.2,1
6455,nominal,309.0,0
6456,nominal,303.8,1
6457,nominal,327.4,0
6458,nominal,312.4,0
6459,nominal,335.4,0
6460,nominal,309.0,1
6461,nominal,291.4,0
6462,nominal,307.3,1
6463,nominal,266.6,0
6464,nominal,280.2,0
6465,nominal,317.5,0
6466,nominal,312.4,0
6467,nominal,309.0,0
6468,nominal,266.6,0
6469,thin,260.6,0
6470,broken,297.7,0
6471,thin,260.6,0
6472,nominal,374.3,0
6473,nominal,350.8,0
6474,nominal,341.7,1
6475,nominal,333.8,0
6476,nominal,312.4,0
6477,nominal,378.5,1
6478,nominal,293.2,0
6479,broken,232.6,1
6480,nominal,332.2,0
6481,thin,254.4,0
6482,broken,325.8,0
6483,nominal,300.3,0
6484,nominal,305.6,1
6485,nominal,274.5,0
6486,nominal,293.2,0
6487,nominal,303.8,0
6488,nominal,300.3,1
6489,nominal,282.1,1
6490,nominal,285.8,1
6491,nominal,282.1,1
6492,nominal,309.0,1
6493,nominal,287.7,1
6494,nominal,309.0,1
6495,nominal,295.0,1
6496,nominal,418.4,1
6497,nominal,356.8,1
6498,nominal,349.3,1
6499,nominal,408.2,1
6500,nominal,377.1,1
6501,nominal,397.6,1
6502,nominal,291.4,1
6503,nominal,287.7,1
6504,nominal,395.0,1
6505,nominal,278.3,1
6506,nominal,367.1,1
6507,nominal,337.0,1
6508,nominal,280.2,1
6509,nominal,324.1,1
6510,nominal,340.1,1
6511,nominal,320.8,1
6512,nominal,276.4,1
6513,nominal,274.5,1
6514,nominal,278.3,1
6515,nominal,266.6,1
6516,nominal,320.8,1
6517,nominal,314.1,1
6518,nominal,305.6,1
6519,nominal,314.1,1
6520,nominal,427.2,1
6521,nominal,367.1,1
6522,nominal,347.8,1
6523,thick,450.2,1
6524,nominal,414.6,1
6525,nominal,350.8,1
6526,nominal,264.6,1
6527,nominal,276.4,1
6528,nominal,401.6,1
6529,nominal,276.4,1
6530,nominal,374.3,1
6531,nominal,317.5,1
6532,thin,260.6,1
6533,nominal,317.5,1
6534,nominal,327.4,1
6535,nominal,315.8,1
6536,nominal,266.6,1
6537,thin,252.3,1
6538,nominal,270.6,1
6539,nominal,274.5,1
6540,nominal,322.5,1
6541,nominal,320.8,1
6542,nominal,314.1,1
6543,nominal,329.0,1
6544,nominal,430.9,1
6545,nominal,402.9,1
6546,nominal,375.7,1
6547,nominal,404.2,1
6548,nominal,405.6,1
6549,nominal,397.6,1
6550,nominal,266.6,1
6551,nominal,268.6,1
6552,nominal,382.7,1
6553,nominal,274.5,1
6554,nominal,386.8,1
6555,nominal,317.5,1
6556,nominal,278.3,1
6557,nominal,322.5,1
6558,nominal,300.3,1
6559,nominal,319.2,1
6560,nominal,274.5,1
6561,nominal,268.6,1
6562,nominal,274.5,1
6563,nominal,278.3,1
6564,nominal,317.5,1
6565,nominal,327.4,1
6566,nominal,317.5,1
6567,nominal,324.1,1
6568,nominal,401.6,1
6569,nominal,381.3,1
6570,nominal,410.8,1
6571,nominal,404.2,1
6572,nominal,396.3,1
6573,nominal,390.9,1
6574,nominal,266.6,1
6575,nominal,268.6,1
6576,nominal,424.7,1
6577,nominal,272.5,1
6578,nominal,382.7,1
6579,nominal,315.8,1
6580,thin,256.5,1
6581,nominal,309.0,1
6582,nominal,307.3,1
6583,nominal,317.5,1
6584,nominal,285.8,1
6585,thin,258.6,1
6586,nominal,282.1,1
6587,nominal,270.6,1
6588,nominal,330.6,1
6589,nominal,307.3,1
6590,nominal,325.8,1
6591,nominal,305.6,1
6592,thick,439.5,1
6593,nominal,364.2,1
6594,nominal,378.5,1
6595,nominal,402.9,1
6596,nominal,367.1,1
6597,nominal,397.6,1
6598,thin,256.5,1
6599,nominal,274.5,1
6600,nominal,374.3,1
6601,thin,258.6,1
6602,nominal,350.8,1
6603,nominal,322.5,1
6604,nominal,268.6,1
6605,nominal,302.1,1
6606,nominal,302.1,1
6607,nominal,284.0,1
6608,nominal,296.8,1
6609,nominal,270.6,1
6610,nominal,280.2,1
6611,nominal,276.4,1
6612,nominal,320.8,1
6613,nominal,310.7,1
6614,nominal,315.8,1
6615,nominal,315.8,1
6616,nominal,418.4,1
6617,nominal,388.2,1
6618,nominal,386.8,1
6619,nominal,412.0,1
6620,nominal,375.7,1
6621,nominal,390.9,1
6622,nominal,280.2,1
6623,nominal,272.5,1
6624,nominal,419.7,0
6625,thin,239.4,1
6626,nominal,395.0,1
6627,nominal,310.7,1
6628,nominal,272.5,1
6629,nominal,295.0,1
6630,nominal,322.5,1
6631,nominal,310.7,1
6632,nominal,284.0,1
6633,nominal,264.6,1
6634,nominal,272.5,1
6635,nominal,266.6,1
6636,nominal,329.0,1
6637,nominal,322.5,1
6638,nominal,327.4,1
6639,nominal,327.4,1
6640,nominal,397.6,0
6641,broken,359.8,0
6642,nominal,355.4,1
6643,nominal,406.9,0
6644,nominal,395.0,1
6645,nominal,381.3,1
6646,nominal,272.5,1
6647,nominal,270.6,1
6648,nominal,421.0,0
6649,nominal,268.6,1
6650,nominal,355.4,1
6651,nominal,329.0,1
6652,nominal,276.4,1
6653,nominal,320.8,1
6654,nominal,309.0,1
6655,nominal,319.2,1
6656,nominal,296.8,1
6657,nominal,262.6,1
6658,nominal,298.6,1
6659,nominal,262.6,1
6660,nominal,314.1,1
6661,nominal,315.8,1
6662,nominal,315.8,1
6663,nominal,325.8,1
6664,nominal,378.5,0
6665,nominal,377.1,1
6666,nominal,370.0,1
6667,nominal,372.8,0
6668,nominal,359.8,0
6669,nominal,372.8,1
6670,broken,315.9,1
6671,thin,260.6,1
6672,nominal,361.3,0
6673,nominal,270.6,0
6674,nominal,410.8,1
6675,nominal,324.1,0
6676,nominal,293.2,1
6677,nominal,303.8,0
6678,nominal,330.6,0
6679,nominal,324.1,0
6680,nominal,302.1,1
6681,nominal,276.4,0
6682,nominal,303.8,1
6683,nominal,270.6,0
6684,nominal,285.8,0
6685,nominal,322.5,0
6686,nominal,303.8,0
6687,nominal,305.6,0
6688,nominal,268.6,0
6689,thin,256.5,0
6690,nominal,270.6,0
6691,nominal,280.2,0
6692,broken,352.4,0
6693,nominal,374.3,1
6694,nominal,346.3,1
6695,nominal,344.7,0
6696,nominal,356.8,0
6697,nominal,415.9,1
6698,nominal,291.4,1
6699,thin,256.5,1
6700,nominal,284.0,0
6701,nominal,268.6,0
6702,nominal,395.0,1
6703,nominal,291.4,0
6704,nominal,314.1,1
6705,nominal,291.4,0
6706,nominal,319.2,0
6707,nominal,298.6,0
6708,nominal,302.1,1
6709,nominal,280.2,1
6710,nominal,295.0,1
6711,nominal,284.0,1
6712,nominal,310.7,1
6713,nominal,298.6,1
6714,nominal,309.0,1
6715,nominal,305.6,1
6716,nominal,396.3,1
6717,nominal,358.3,1
6718,nominal,361.3,1
6719,nominal,361.3,1
6720,nominal,406.9,1
6721,nominal,361.3,1
6722,nominal,282.1,1
6723,nominal,298.6,1
6724,nominal,385.4,1
6725,nominal,272.5,1
6726,nominal,381.3,1
6727,nominal,340.1,1
6728,nominal,295.0,1
6729,nominal,317.5,1
6730,nominal,324.1,1
6731,nominal,305.6,1
6732,nominal,284.0,1
6733,nominal,268.6,1
6734,nominal,285.8,1
6735,nominal,276.4,1
6736,nominal,310.7,1
6737,nominal,324.1,1
6738,nominal,319.2,1
6739,nominal,320.8,1
6740,nominal,413.3,1
6741,nominal,395.0,1
6742,nominal,385.4,1
6743,nominal,393.6,1
6744,nominal,422.2,1
6745,nominal,406.9,1
6746,nominal,300.3,1
6747,thin,252.3,1
6748,nominal,364.2,1
6749,nominal,289.5,1
6750,nominal,390.9,1
6751,nominal,327.4,1
6752,nominal,272.5,1
6753,nominal,314.1,1
6754,nominal,320.8,1
6755,nominal,324.1,1
6756,nominal,285.8,1
6757,thin,260.6,1
6758,nominal,284.0,1
6759,nominal,272.5,1
6760,nominal,322.5,1
6761,nominal,322.5,1
6762,nominal,319.2,1
6763,nominal,319.2,1
6764,nominal,381.3,1
6765,nominal,384.1,1
6766,nominal,390.9,1
6767,nominal,381.3,1
6768,nominal,382.7,1
6769,nominal,378.5,1
6770,nominal,276.4,1
6771,nominal,284.0,1
6772,nominal,370.0,1
6773,nominal,284.0,1
6774,nominal,368.5,1
6775,nominal,302.1,1
6776,nominal,262.6,1
6777,nominal,314.1,1
6778,nominal,322.5,1
6779,nominal,329.0,1
6780,nominal,282.1,1
6781,nominal,266.6,1
6782,nominal,276.4,1
6783,nominal,268.6,1
6784,nominal,309.0,1
6785,nominal,312.4,1
6786,nominal,315.8,1
6787,nominal,337.0,1
6788,nominal,374.3,1
6789,nominal,347.8,1
6790,nominal,395.0,1
6791,nominal,372.8,1
6792,nominal,382.7,1
6793,nominal,423.5,1
6794,thin,260.6,1
6795,nominal,262.6,1
6796,nominal,372.8,1
6797,nominal,262.6,1
6798,nominal,368.5,1
6799,nominal,324.1,1
6800,nominal,266.6,1
6801,nominal,310.7,1
6802,nominal,305.6,1
6803,nominal,310.7,1
6804,nominal,278.3,1
6805,nominal,268.6,1
6806,nominal,282.1,1
6807,nominal,264.6,1
6808,nominal,319.2,1
6809,nominal,314.1,1
6810,nominal,314.1,1
6811,nominal,317.5,1
6812,nominal,430.9,1
6813,nominal,413.3,1
6814,nominal,390.9,1
6815,nominal,340.1,1
6816,nominal,371.4,1
6817,nominal,374.3,1
6818,thin,260.6,1
6819,nominal,268.6,1
6820,nominal,384.1,1
6821,nominal,264.6,1
6822,nominal,353.9,1
6823,nominal,312.4,1
6824,nominal,264.6,1
6825,nominal,307.3,1
6826,nominal,296.8,1
6827,nominal,284.0,1
6828,nominal,293.2,1
6829,nominal,264.6,1
6830,nominal,282.1,1
6831,nominal,264.6,1
6832,nominal,314.1,1
6833,nominal,300.3,1
6834,nominal,309.0,1
6835,nominal,314.1,1
6836,nominal,432.2,1
6837,nominal,430.9,1
6838,nominal,400.3,1
6839,nominal,401.6,1
6840,nominal,337.0,1
6841,nominal,365.7,1
6842,nominal,270.6,1
6843,nominal,262.6,1
6844,nominal,406.9,1
6845,thin,250.2,1
6846,nominal,337.0,1
6847,nominal,322.5,1
6848,nominal,272.5,1
6849,nominal,314.1,1
6850,nominal,310.7,1
6851,nominal,309.0,1
6852,nominal,289.5,1
6853,nominal,266.6,1
6854,nominal,293.2,1
6855,nominal,270.6,1
6856,nominal,320.8,1
6857,nominal,325.8,1
6858,nominal,319.2,1
6859,nominal,320.8,1
6860,nominal,417.2,1
6861,nominal,375.7,1
6862,nominal,361.3,1
6863,nominal,406.9,1
6864,nominal,397.6,1
6865,nominal,378.5,1
6866,nominal,295.0,1
6867,thin,252.3,1
6868,nominal,399.0,0
6869,nominal,272.5,1
6870,nominal,390.9,1
6871,nominal,322.5,1
6872,nominal,268.6,1
6873,nominal,314.1,1
6874,nominal,324.1,1
6875,nominal,315.8,1
6876,nominal,274.5,1
6877,thin,258.6,1
6878,nominal,276.4,1
6879,nominal,280.2,0
6880,nominal,309.0,1
6881,nominal,335.4,1
6882,nominal,317.5,1
6883,nominal,325.8,1
6884,nominal,406.9,0
6885,nominal,355.4,1
6886,nominal,365.7,1
6887,nominal,371.4,0
6888,nominal,344.7,0
6889,nominal,404.2,1
6890,nominal,270.6,1
6891,nominal,280.2,1
6892,nominal,329.0,0
6893,nominal,268.6,0
6894,nominal,389.5,1
6895,nominal,320.8,1
6896,nominal,291.4,1
6897,nominal,314.1,0
6898,nominal,317.5,1
6899,nominal,337.0,1
6900,nominal,298.6,1
6901,nominal,270.6,0
6902,nominal,285.8,1
6903,nominal,268.6,0
6904,nominal,303.8,0
6905,nominal,322.5,0
6906,nominal,302.1,0
6907,nominal,317.5,0
6908,nominal,280.2,0
6909,nominal,278.3,0
6910,nominal,287.7,0
6911,nominal,284.0,0
6912,nominal,364.2,0
6913,nominal,344.7,0
6914,nominal,347.8,1
6915,nominal,344.7,0
6916,broken,335.4,0
6917,nominal,410.8,1
6918,nominal,282.1,1
6919,nominal,264.6,1
6920,nominal,346.3,0
6921,thin,239.4,0
6922,nominal,404.2,0
6923,nominal,314.1,0
6924,nominal,296.8,1
6925,nominal,305.6,0
6926,nominal,310.7,0
6927,nominal,303.8,0
6928,nominal,307.3,1
6929,nominal,280.2,1
6930,nominal,285.8,1
6931,nominal,282.1,1
6932,nominal,310.7,1
6933,nominal,310.7,1
6934,nominal,314.1,1
6935,nominal,303.8,1
6936,nominal,364.2,1
6937,broken,320.8,0
6938,nominal,374.3,1
6939,nominal,364.2,1
6940,nominal,392.3,1
6941,nominal,409.5,1
6942,nominal,303.8,1
6943,nominal,289.5,1
6944,nominal,382.7,1
6945,nominal,268.6,1
6946,nominal,384.1,1
6947,nominal,325.8,1
6948,nominal,285.8,1
6949,nominal,317.5,1
6950,nominal,329.0,1
6951,nominal,314.1,1
6952,nominal,293.2,1
6953,thin,258.6,1
6954,nominal,295.0,1
6955,nominal,272.5,1
6956,nominal,322.5,1
6957,nominal,317.5,1
6958,nominal,305.6,1
6959,nominal,325.8,1
6960,nominal,414.6,1
6961,nominal,377.1,1
6962,nominal,377.1,1
6963,nominal,378.5,1
6964,nominal,393.6,1
6965,nominal,399.0,1
6966,nominal,270.6,1
6967,nominal,270.6,1
6968,nominal,364.2,1
6969,thin,260.6,1
6970,thick,458.4,1
6971,nominal,329.0,1
6972,nominal,295.0,1
6973,nominal,315.8,1
6974,nominal,322.5,1
6975,nominal,329.0,1
6976,nominal,296.8,1
6977,nominal,276.4,1
6978,nominal,287.7,1
6979,nominal,272.5,1
6980,nominal,307.3,1
6981,nominal,320.8,1
6982,nominal,320.8,1
6983,nominal,317.5,1
6984,nominal,347.8,1
6985,nominal,378.5,1
6986,nominal,344.7,1
6987,nominal,302.1,1
6988,nominal,365.7,1
6989,nominal,397.6,1
6990,nominal,276.4,1
6991,nominal,268.6,1
6992,nominal,372.8,1
6993,nominal,268.6,1
6994,nominal,382.7,1
6995,nominal,319.2,1
6996,nominal,268.6,1
6997,nominal,332.2,1
6998,nominal,320.8,1
6999,nominal,327.4,1
7000,nominal,296.8,1
7001,nominal,264.6,1
7002,nominal,272.5,1
7003,nominal,266.6,1
7004,nominal,324.1,1
7005,nominal,327.4,1
7006,nominal,317.5,1
7007,nominal,325.8,1
7008,nominal,409.5,1
7009,nominal,370.0,1
7010,nominal,388.2,1
7011,nominal,370.0,1
7012,nominal,378.5,1
7013,nominal,378.5,1
7014,nominal,280.2,1
7015,nominal,266.6,1
7016,nominal,388.2,1
7017,nominal,264.6,1
7018,nominal,374.3,1
7019,nominal,309.0,1
7020,nominal,262.6,1
7021,nominal,307.3,1
7022,nominal,322.5,1
7023,nominal,319.2,1
7024,nominal,272.5,1
7025,nominal,270.6,1
7026,nominal,272.5,1
7027,thin,260.6,1
7028,nominal,315.8,1
7029,nominal,320.8,1
7030,nominal,317.5,1
7031,nominal,317.5,1
7032,nominal,421.0,1
7033,nominal,423.5,1
7034,nominal,368.5,1
7035,nominal,388.2,1
7036,nominal,375.7,1
7037,nominal,352.4,1
7038,nominal,266.6,1
7039,thin,258.6,1
7040,nominal,379.9,1
7041,thin,258.6,1
7042,nominal,337.0,1
7043,nominal,295.0,1
7044,nominal,262.6,1
7045,nominal,302.1,1
7046,nominal,296.8,1
7047,nominal,298.6,1
7048,nominal,287.7,1
7049,nominal,272.5,1
7050,nominal,280.2,1
7051,nominal,272.5,1
7052,nominal,319.2,1
7053,nominal,319.2,1
7054,nominal,319.2,1
7055,nominal,330.6,1
7056,nominal,393.6,1
7057,nominal,397.6,1
7058,nominal,379.9,1
7059,nominal,364.2,1
7060,nominal,386.8,1
7061,nominal,355.4,1
7062,nominal,270.6,1
7063,thin,239.4,1
7064,nominal,406.9,1
7065,nominal,270.6,1
7066,nominal,346.3,1
7067,nominal,315.8,1
7068,nominal,262.6,1
7069,nominal,307.3,1
7070,nominal,317.5,1
7071,nominal,309.0,1
7072,nominal,291.4,1
7073,nominal,282.1,1
7074,nominal,296.8,1
7075,nominal,280.2,1
7076,nominal,325.8,1
7077,nominal,330.6,1
7078,nominal,325.8,1
7079,nominal,320.8,1
7080,nominal,381.3,0
7081,nominal,386.8,1
7082,nominal,355.4,1
7083,nominal,434.6,0
7084,nominal,424.7,0
7085,nominal,372.8,1
7086,nominal,268.6,1
7087,nominal,270.6,1
7088,nominal,404.2,0
7089,thin,258.6,1
7090,nominal,338.5,1
7091,nominal,319.2,1
7092,nominal,268.6,1
7093,nominal,324.1,1
7094,nominal,332.2,1
7095,nominal,327.4,1
7096,nominal,282.1,1
7097,nominal,268.6,0
7098,nominal,282.1,1
7099,nominal,266.6,1
7100,nominal,319.2,1
7101,nominal,324.1,1
7102,nominal,312.4,1
7103,nominal,325.8,1
7104,nominal,422.2,0
7105,nominal,406.9,1
7106,nominal,371.4,1
7107,nominal,382.7,0
7108,nominal,300.3,0
7109,nominal,381.3,1
7110,nominal,266.6,1
7111,nominal,270.6,1
7112,nominal,375.7,0
7113,nominal,272.5,0
7114,nominal,423.5,1
7115,nominal,317.5,0
7116,nominal,268.6,1
7117,nominal,314.1,0
7118,nominal,320.8,1
7119,nominal,329.0,0
7120,nominal,278.3,1
7121,nominal,268.6,0
7122,nominal,305.6,1
7123,nominal,272.5,0
7124,nominal,309.0,0
7125,nominal,312.4,0
7126,nominal,315.8,0
7127,nominal,303.8,0
7128,nominal,280.2,0
7129,nominal,289.5,0
7130,nominal,285.8,0
7131,nominal,282.1,0
7132,broken,381.3,0
7133,nominal,392.3,0
7134,nominal,374.3,1
7135,nominal,341.7,0
7136,nominal,364.2,0
7137,nominal,412.0,1
7138,nominal,282.1,1
7139,thin,260.6,0
7140,nominal,349.3,0
7141,thin,248.1,0
7142,nominal,356.8,0
7143,nominal,322.5,0
7144,nominal,310.7,1
7145,nominal,307.3,0
7146,nominal,320.8,0
7147,nominal,315.8,0
7148,nominal,319.2,1
7149,nominal,264.6,1
7150,nominal,302.1,1
7151,nominal,282.1,1
7152,nominal,302.1,1
7153,nominal,335.4,1
7154,nominal,305.6,1
7155,nominal,329.0,1
7156,nominal,393.6,1
7157,nominal,377.1,1
7158,nominal,371.4,1
7159,nominal,389.5,1
7160,nominal,388.2,1
7161,nominal,386.8,1
7162,nominal,298.6,1
7163,nominal,276.4,1
7164,nominal,395.0,1
7165,nominal,278.3,1
7166,nominal,408.2,1
7167,nominal,329.0,1
7168,nominal,291.4,1
7169,nominal,312.4,1
7170,nominal,325.8,1
7171,nominal,324.1,1
7172,nominal,293.2,1
7173,nominal,274.5,1
7174,nominal,291.4,1
7175,nominal,272.5,1
7176,nominal,325.8,1
7177,nominal,325.8,1
7178,nominal,330.6,1
7179,nominal,324.1,1
7180,nominal,378.5,1
7181,nominal,395.0,1
7182,nominal,382.7,1
7183,nominal,359.8,1
7184,nominal,412.0,1
7185,nominal,397.6,1
7186,nominal,300.3,1
7187,nominal,264.6,1
7188,nominal,367.1,1
7189,nominal,270.6,1
7190,nominal,392.3,1
7191,nominal,315.8,1
7192,nominal,278.3,1
7193,nominal,320.8,1
7194,nominal,327.4,1
7195,nominal,335.4,1
7196,nominal,300.3,1
7197,nominal,268.6,1
7198,nominal,282.1,1
7199,nominal,264.6,1
7200,nominal,322.5,1
7201,nominal,327.4,1
7202,nominal,322.5,1
7203,nominal,324.1,1
7204,nominal,402.9,1
7205,nominal,388.2,1
7206,nominal,389.5,1
7207,nominal,378.5,1
7208,nominal,409.5,1
7209,nominal,413.3,1
7210,nominal,280.2,1
7211,nominal,264.6,1
7212,nominal,390.9,1
7213,thin,258.6,1
7214,nominal,379.9,1
7215,nominal,333.8,1
7216,nominal,268.6,1
7217,nominal,327.4,1
7218,nominal,324.1,1
7219,nominal,320.8,1
7220,nominal,284.0,1
7221,nominal,264.6,1
7222,nominal,291.4,1
7223,nominal,262.6,1
7224,nominal,320.8,1
7225,missing,0.0,1
7226,nominal,325.8,1
7227,nominal,333.8,1
7228,nominal,389.5,1
7229,nominal,361.3,1
7230,nominal,344.7,1
7231,nominal,356.8,1
7232,nominal,384.1,1
7233,nominal,417.2,1
7234,nominal,287.7,1
7235,thin,260.6,1
7236,nominal,402.9,1
7237,thin,258.6,1
7238,nominal,378.5,1
7239,nominal,320.8,1
7240,nominal,268.6,1
7241,nominal,320.8,1
7242,nominal,319.2,1
7243,nominal,314.1,1
7244,nominal,276.4,1
7245,nominal,268.6,1
7246,nominal,282.1,1
7247,nominal,266.6,1
7248,nominal,317.5,1
7249,nominal,330.6,1
7250,nominal,324.1,1
7251,nominal,329.0,1
7252,nominal,384.1,1
7253,nominal,367.1,1
7254,nominal,371.4,1
7255,nominal,385.4,1
7256,nominal,389.5,1
7257,nominal,399.0,1
7258,nominal,262.6,1
7259,nominal,264.6,1
7260,nominal,382.7,1
7261,nominal,282.1,1
7262,nominal,372.8,1
7263,nominal,312.4,1
7264,thin,258.6,1
7265,nominal,302.1,1
7266,nominal,298.6,1
7267,nominal,307.3,1
7268,nominal,278.3,1
7269,nominal,276.4,1
7270,nominal,280.2,1
7271,nominal,282.1,1
7272,nominal,310.7,1
7273,nominal,329.0,1
7274,nominal,314.1,1
7275,nominal,329.0,1
7276,nominal,434.6,1
7277,nominal,413.3,1
7278,nominal,371.4,1
7279,nominal,392.3,1
7280,broken,358.3,1
7281,nominal,395.0,1
7282,nominal,268.6,1
7283,nominal,264.6,1
7284,nominal,395.0,1
7285,nominal,285.8,1
7286,nominal,402.9,1
7287,nominal,317.5,1
7288,nominal,274.5,1
7289,nominal,309.0,1
7290,nominal,312.4,1
7291,nominal,317.5,1
7292,nominal,282.1,1
7293,nominal,272.5,1
7294,nominal,287.7,1
7295,nominal,280.2,1
7296,nominal,324.1,1
7297,nominal,315.8,1
7298,nominal,324.1,1
7299,nominal,324.1,1
7300,nominal,404.2,1
7301,nominal,365.7,1
7302,nominal,375.7,1
7303,nominal,413.3,0
7304,broken,368.5,1
7305,nominal,340.1,1
7306,nominal,270.6,1
7307,nominal,282.1,1
7308,nominal,384.1,0
7309,nominal,278.3,1
7310,nominal,395.0,1
7311,nominal,327.4,1
7312,nominal,270.6,1
7313,nominal,329.0,1
7314,nominal,338.5,1
7315,nominal,312.4,1
7316,nominal,291.4,1
7317,nominal,266.6,0
7318,nominal,289.5,1
7319,nominal,274.5,1
7320,nominal,320.8,1
7321,nominal,325.8,1
7322,nominal,315.8,1
7323,nominal,327.4,1
7324,nominal,359.8,0
7325,nominal,418.4,1
7326,nominal,341.7,1
7327,nominal,350.8,0
7328,nominal,388.2,0
7329,nominal,405.6,1
7330,thin,256.5,1
7331,nominal,272.5,0
7332,nominal,361.3,0
7333,nominal,276.4,0
7334,nominal,402.9,1
7335,nominal,327.4,1
7336,nominal,282.1,1
7337,nominal,309.0,1
7338,nominal,322.5,1
7339,nominal,324.1,1
7340,nominal,298.6,1
7341,thin,260.6,0
7342,nominal,293.2,1
7343,nominal,274.5,0
7344,nominal,317.5,0
7345,nominal,333.8,0
7346,nominal,302.1,0
7347,nominal,322.5,0
7348,broken,272.5,0
7349,nominal,291.4,0
7350,nominal,293.2,0
7351,broken,278.3,0
7352,nominal,344.7,0
7353,nominal,370.0,0
7354,nominal,379.9,1
7355,nominal,303.8,0
7356,nominal,350.8,0
7357,nominal,396.3,1
7358,nominal,289.5,1
7359,nominal,264.6,0
7360,broken,296.8,0
7361,thin,243.8,0
7362,nominal,368.5,0
7363,nominal,305.6,0
7364,nominal,298.6,1
7365,nominal,315.8,0
7366,nominal,319.2,0
7367,nominal,298.6,0
7368,nominal,315.8,1
7369,nominal,266.6,1
7370,nominal,296.8,1
7371,nominal,276.4,1
7372,nominal,302.1,1
7373,nominal,317.5,1
7374,nominal,295.0,1
7375,nominal,305.6,1
7376,nominal,401.6,1
7377,nominal,423.5,1
7378,nominal,384.1,1
7379,nominal,375.7,1
7380,nominal,430.9,1
7381,nominal,399.0,1
7382,nominal,298.6,1
7383,nominal,282.1,1
7384,nominal,385.4,1
7385,nominal,270.6,1
7386,nominal,423.5,1
7387,nominal,325.8,1
7388,nominal,296.8,1
7389,nominal,329.0,1
7390,nominal,315.8,1
7391,nominal,329.0,1
7392,nominal,287.7,1
7393,nominal,270.6,1
7394,nominal,287.7,1
7395,thin,258.6,1
7396,nominal,320.8,1
7397,nominal,320.8,1
7398,nominal,317.5,1
7399,nominal,335.4,1
7400,nominal,361.3,1
7401,nominal,372.8,1
7402,nominal,414.6,1
7403,nominal,381.3,1
7404,broken,358.3,1
7405,nominal,365.7,1
7406,nominal,287.7,1
7407,nominal,270.6,1
7408,nominal,414.6,1
7409,thin,258.6,1
7410,nominal,396.3,1
7411,nominal,319.2,1
7412,nominal,298.6,1
7413,nominal,329.0,1
7414,nominal,330.6,1
7415,nominal,335.4,1
7416,nominal,291.4,1
7417,nominal,262.6,1
7418,nominal,300.3,1
7419,thin,245.9,1
7420,missing,0.0,1
7421,nominal,329.0,1
7422,nominal,335.4,1
7423,nominal,332.2,1
7424,nominal,388.2,1
7425,nominal,365.7,1
7426,nominal,408.2,1
7427,nominal,381.3,1
7428,nominal,419.7,1
7429,nominal,402.9,1
7430,nominal,287.7,1
7431,nominal,266.6,1
7432,nominal,405.6,1
7433,nominal,264.6,1
7434,nominal,401.6,1
7435,nominal,340.1,1
7436,nominal,276.4,1
7437,nominal,322.5,1
7438,nominal,333.8,1
7439,nominal,338.5,1
7440,nominal,295.0,1
7441,nominal,266.6,1
7442,nominal,284.0,1
7443,nominal,268.6,1
7444,nominal,320.8,1
7445,nominal,343.2,1
7446,nominal,325.8,1
7447,nominal,330.6,1
7448,nominal,350.8,1
7449,nominal,402.9,1
7450,nominal,404.2,1
7451,nominal,374.3,1
7452,nominal,404.2,1
7453,nominal,417.2,1
7454,nominal,266.6,1
7455,nominal,268.6,1
7456,nominal,333.8,1
7457,nominal,264.6,1
7458,nominal,344.7,1
7459,nominal,324.1,1
7460,nominal,284.0,1
7461,nominal,320.8,1
7462,nominal,315.8,1
7463,nominal,314.1,1
7464,nominal,278.3,1
7465,nominal,285.8,1
7466,nominal,285.8,1
7467,nominal,272.5,1
7468,nominal,329.0,1
7469,nominal,330.6,1
7470,nominal,315.8,1
7471,nominal,340.1,1
7472,nominal,367.1,1
7473,nominal,402.9,1
7474,nominal,375.7,1
7475,nominal,371.4,1
7476,nominal,372.8,1
7477,nominal,375.7,1
7478,nominal,276.4,1
7479,nominal,284.0,1
7480,broken,363.5,0
7481,nominal,276.4,1
7482,nominal,355.4,1
7483,nominal,302.1,1
7484,nominal,276.4,1
7485,nominal,315.8,1
7486,nominal,302.1,1
7487,nominal,317.5,1
7488,nominal,298.6,1
7489,nominal,266.6,1
7490,nominal,287.7,1
7491,nominal,272.5,1
7492,nominal,320.8,1
7493,nominal,327.4,1
7494,nominal,317.5,1
7495,nominal,324.1,1
7496,nominal,409.5,1
7497,nominal,401.6,1
7498,nominal,379.9,1
7499,nominal,408.2,1
7500,nominal,397.6,1
7501,nominal,401.6,1
7502,nominal,272.5,1
7503,nominal,296.8,1
7504,nominal,393.6,1
7505,nominal,274.5,1
7506,nominal,382.7,1
7507,nominal,320.8,1
7508,nominal,274.5,1
7509,nominal,333.8,1
7510,nominal,314.1,1
7511,nominal,314.1,1
7512,nominal,280.2,1
7513,nominal,276.4,1
7514,nominal,276.4,1
7515,nominal,293.2,1
7516,nominal,335.4,1
7517,nominal,337.0,1
7518,nominal,324.1,1
7519,nominal,332.2,1
7520,nominal,410.8,0
7521,nominal,393.6,1
7522,nominal,368.5,1
7523,nominal,396.3,0
7524,nominal,397.6,1
7525,nominal,377.1,1
7526,nominal,270.6,1
7527,nominal,274.5,1
7528,nominal,378.5,0
7529,nominal,280.2,1
7530,nominal,347.8,1
7531,nominal,324.1,1
7532,nominal,268.6,1
7533,nominal,325.8,1
7534,nominal,337.0,1
7535,nominal,319.2,1
7536,nominal,287.7,1
7537,nominal,278.3,0
7538,nominal,274.5,1
7539,nominal,293.2,1
7540,nominal,329.0,1
7541,nominal,324.1,1
7542,nominal,314.1,1
7543,nominal,325.8,1
7544,nominal,386.8,0
7545,nominal,377.1,1
7546,nominal,397.6,1
7547,nominal,381.3,0
7548,nominal,361.3,0
7549,nominal,414.6,1
7550,nominal,266.6,1
7551,nominal,282.1,1
7552,nominal,352.4,0
7553,nominal,287.7,0
7554,nominal,392.3,1
7555,nominal,332.2,1
7556,nominal,262.6,1
7557,nominal,335.4,1
7558,nominal,330.6,1
7559,nominal,320.8,1
7560,nominal,282.1,1
7561,broken,262.6,0
7562,nominal,300.3,1
7563,nominal,287.7,0
7564,nominal,315.8,0
7565,nominal,322.5,1
7566,nominal,317.5,0
7567,nominal,314.1,0
7568,broken,274.5,0
7569,nominal,298.6,0
7570,nominal,291.4,0
7571,broken,284.9,0
7572,nominal,359.8,0
7573,nominal,372.8,0
7574,nominal,385.4,0
7575,nominal,300.3,0
7576,nominal,364.2,0
7577,nominal,410.8,1
7578,nominal,284.0,1
7579,nominal,276.4,0
7580,broken,295.8,1
7581,nominal,262.6,0
7582,nominal,390.9,0
7583,nominal,319.2,0
7584,nominal,291.4,1
7585,nominal,312.4,0
7586,nominal,337.0,0
7587,nominal,307.3,0
7588,nominal,315.8,1
7589,nominal,272.5,1
7590,nominal,305.6,1
7591,nominal,276.4,1
7592,nominal,310.7,1
7593,nominal,309.0,1
7594,nominal,312.4,1
7595,nominal,305.6,1
7596,nominal,429.7,1
7597,nominal,408.2,1
7598,nominal,370.0,1
7599,nominal,375.7,1
7600,nominal,378.5,1
7601,nominal,409.5,1
7602,nominal,305.6,1
7603,nominal,270.6,1
7604,nominal,423.5,1
7605,thin,260.6,1
7606,nominal,365.7,1
7607,nominal,330.6,1
7608,nominal,291.4,1
7609,nominal,325.8,1
7610,nominal,317.5,1
7611,nominal,325.8,1
7612,nominal,303.8,1
7613,thin,258.6,1
7614,nominal,302.1,1
7615,thin,252.3,1
7616,nominal,314.1,1
7617,nominal,329.0,1
7618,nominal,303.8,1
7619,nominal,324.1,1
7620,nominal,421.0,1
7621,nominal,414.6,1
7622,nominal,389.5,1
7623,nominal,417.2,1
7624,nominal,396.3,1
7625,nominal,393.6,0
7626,nominal,298.6,1
7627,nominal,270.6,1
7628,nominal,396.3,1
7629,thin,256.5,1
7630,nominal,372.8,1
7631,nominal,335.4,1
7632,nominal,291.4,1
7633,nominal,320.8,1
7634,nominal,327.4,1
7635,nominal,325.8,1
7636,nominal,302.1,1
7637,nominal,264.6,1
7638,nominal,293.2,1
7639,nominal,276.4,1
7640,nominal,317.5,1
7641,nominal,332.2,1
7642,nominal,315.8,1
7643,nominal,332.2,1
7644,nominal,396.3,1
7645,nominal,399.0,1
7646,nominal,405.6,1
7647,nominal,406.9,1
7648,nominal,402.9,1
7649,nominal,371.4,1
7650,nominal,284.0,1
7651,nominal,262.6,1
7652,nominal,374.3,1
7653,thin,256.5,1
7654,nominal,386.8,1
7655,nominal,325.8,1
7656,nominal,276.4,1
7657,nominal,327.4,1
7658,nominal,319.2,1
7659,nominal,314.1,1
7660,nominal,303.8,1
7661,nominal,272.5,1
7662,nominal,280.2,1
7663,nominal,266.6,1
7664,nominal,324.1,1
7665,nominal,340.1,1
7666,nominal,314.1,1
7667,nominal,338.5,1
7668,nominal,418.4,1
7669,nominal,390.9,1
7670,nominal,417.2,1
7671,thick,444.3,1
7672,nominal,382.7,1
7673,nominal,402.9,1
7674,nominal,276.4,1
7675,nominal,266.6,1
7676,nominal,409.5,1
7677,nominal,266.6,1
7678,nominal,367.1,1
7679,nominal,315.8,1
7680,nominal,272.5,1
7681,nominal,314.1,1
7682,nominal,315.8,1
7683,nominal,314.1,1
7684,nominal,287.7,1
7685,nominal,266.6,1
7686,nominal,274.5,1
7687,nominal,264.6,1
7688,nominal,322.5,1
7689,nominal,320.8,1
7690,nominal,317.5,1
7691,nominal,319.2,1
7692,nominal,404.2,1
7693,nominal,417.2,1
7694,nominal,350.8,1
7695,nominal,389.5,1
7696,nominal,412.0,1
7697,nominal,356.8,1
7698,nominal,266.6,1
7699,nominal,278.3,1
7700,nominal,408.2,1
7701,nominal,264.6,1
7702,nominal,390.9,1
7703,nominal,319.2,1
7704,nominal,274.5,1
7705,nominal,312.4,1
7706,broken,256.5,1
7707,nominal,312.4,1
7708,nominal,282.1,1
7709,nominal,270.6,1
7710,nominal,287.7,1
7711,nominal,282.1,1
7712,nominal,322.5,1
7713,nominal,314.1,1
7714,nominal,312.4,1
7715,nominal,333.8,1
7716,nominal,422.2,1
7717,nominal,402.9,1
7718,nominal,410.8,1
7719,nominal,375.7,1
7720,thick,447.8,1
7721,nominal,401.6,1
7722,nominal,278.3,1
7723,nominal,272.5,1
7724,nominal,371.4,1
7725,nominal,280.2,1
7726,nominal,408.2,1
7727,nominal,337.0,1
7728,nominal,268.6,1
7729,nominal,315.8,1
7730,nominal,324.1,1
7731,nominal,315.8,1
7732,nominal,293.2,1
7733,nominal,289.5,1
7734,nominal,282.1,1
7735,nominal,280.2,1
7736,nominal,322.5,1
7737,nominal,333.8,1
7738,nominal,324.1,1
7739,nominal,338.5,1
7740,nominal,410.8,0
7741,nominal,404.2,1
7742,nominal,390.9,1
7743,nominal,395.0,0
7744,nominal,390.9,0
7745,nominal,390.9,0
7746,nominal,264.6,1
7747,nominal,298.6,1
7748,thick,454.9,0
7749,nominal,291.4,1
7750,broken,338.5,0
7751,nominal,343.2,1
7752,nominal,268.6,1
7753,nominal,324.1,1
7754,nominal,330.6,1
7755,nominal,324.1,1
7756,nominal,282.1,1
7757,nominal,296.8,0
7758,nominal,284.0,1
7759,nominal,300.3,1
7760,nominal,315.8,1
7761,nominal,330.6,1
7762,nominal,330.6,1
7763,nominal,337.0,1
7764,nominal,371.4,0
7765,nominal,385.4,1
7766,nominal,397.6,1
7767,nominal,377.1,0
7768,nominal,386.8,0
7769,nominal,409.5,1
7770,nominal,268.6,1
7771,nominal,300.3,1
7772,nominal,368.5,0
7773,nominal,296.8,0
7774,nominal,343.2,0
7775,nominal,333.8,1
7776,nominal,264.6,1
7777,nominal,332.2,1
7778,nominal,327.4,1
7779,nominal,322.5,1
7780,nominal,278.3,1
7781,nominal,282.1,0
7782,nominal,284.0,1
7783,nominal,291.4,0
7784,nominal,319.2,0
7785,nominal,315.8,1
7786,nominal,314.1,1
7787,nominal,330.6,1
7788,nominal,282.1,0
7789,nominal,295.0,0
7790,nominal,302.1,0
7791,broken,284.0,0
7792,nominal,365.7,0
7793,nominal,395.0,0
7794,nominal,390.9,0
7795,broken,303.8,0
7796,nominal,355.4,0
7797,nominal,384.1,1
7798,nominal,270.6,1
7799,nominal,284.0,0
7800,nominal,346.3,0
7801,nominal,278.3,0
7802,nominal,356.8,1
7803,nominal,337.0,0
7804,nominal,266.6,1
7805,nominal,325.8,0
7806,nominal,327.4,0
7807,nominal,324.1,0
7808,nominal,319.2,1
7809,nominal,270.6,1
7810,nominal,314.1,1
7811,nominal,276.4,1
7812,nominal,298.6,1
7813,nominal,289.5,0
7814,nominal,295.0,1
7815,nominal,287.7,1
7816,nominal,350.8,1
7817,nominal,370.0,1
7818,nominal,374.3,1
7819,nominal,372.8,1
7820,missing,0.0,0
7821,missing,0.0,0
7822,missing,0.0,0
7823,missing,0.0,0
7824,nominal,378.5,1
7825,nominal,415.9,1
7826,nominal,315.8,1
7827,nominal,268.6,1
7828,nominal,368.5,1
7829,nominal,277.4,1
7830,nominal,349.3,1
7831,nominal,324.1,1
7832,nominal,284.0,1
7833,nominal,320.8,1
7834,nominal,320.8,1
7835,nominal,312.4,1
7836,nominal,307.3,1
7837,nominal,264.6,1
7838,nominal,310.7,1
7839,nominal,285.8,1
7840,nominal,309.0,1
7841,nominal,305.6,1
7842,nominal,305.6,1
7843,nominal,314.1,1
7844,nominal,408.2,1
7845,nominal,322.5,1
7846,nominal,359.8,1
7847,nominal,377.1,1
7848,missing,0.0,0
7849,missing,0.0,0
7850,missing,0.0,0
7851,missing,0.0,0
7852,nominal,392.3,1
7853,nominal,379.9,1
7854,nominal,302.1,1
7855,thin,260.6,1
7856,nominal,390.9,1
7857,nominal,272.5,1
7858,nominal,341.7,1
7859,nominal,322.5,1
7860,nominal,287.7,1
7861,nominal,315.8,1
7862,nominal,320.0,1
7863,nominal,317.5,1
7864,nominal,303.8,1
7865,nominal,284.0,1
7866,broken,310.7,1
7867,nominal,280.2,1
7868,nominal,322.5,1
7869,nominal,300.3,1
7870,nominal,312.4,1
7871,nominal,317.5,1
7872,nominal,408.2,1
7873,nominal,365.7,1
7874,nominal,392.3,1
7875,nominal,397.6,1
7876,missing,0.0,0
7877,missing,0.0,0
7878,missing,0.0,0
7879,missing,0.0,0
7880,nominal,374.3,1
7881,nominal,368.5,1
7882,nominal,289.5,1
7883,nominal,274.5,1
7884,nominal,374.3,1
7885,nominal,287.7,1
7886,nominal,358.3,1
7887,nominal,310.7,1
7888,nominal,291.4,1
7889,nominal,309.0,1
7890,nominal,311.6,1
7891,nominal,320.8,1
7892,nominal,289.5,1
7893,nominal,280.2,1
7894,broken,303.8,1
7895,nominal,280.2,1
7896,nominal,322.5,1
7897,nominal,312.4,1
7898,nominal,317.5,1
7899,nominal,325.8,1
7900,nominal,371.4,1
7901,nominal,388.2,1
7902,nominal,395.0,1
7903,nominal,368.5,1
7904,missing,0.0,0
7905,missing,0.0,0
7906,missing,0.0,0
7907,missing,0.0,0
7908,nominal,355.4,1
7909,nominal,368.5,1
7910,broken,303.8,1
7911,nominal,268.6,1
7912,nominal,384.1,1
7913,nominal,282.1,1
7914,nominal,343.2,1
7915,nominal,330.6,1
7916,nominal,280.2,1
7917,nominal,315.8,1
7918,nominal,309.0,1
7919,nominal,309.0,1
7920,nominal,278.3,1
7921,nominal,276.4,1
7922,broken,298.6,1
7923,nominal,293.2,1
7924,nominal,330.6,1
7925,broken,313.3,1
7926,nominal,305.6,1
7927,nominal,324.1,1
7928,nominal,404.2,1
7929,nominal,379.9,1
7930,nominal,397.6,1
7931,nominal,385.4,1
7932,missing,0.0,0
7933,missing,0.0,0
7934,missing,0.0,0
7935,missing,0.0,0
7936,nominal,371.4,1
7937,nominal,367.1,1
7938,broken,274.5,1
7939,nominal,264.6,1
7940,nominal,404.2,1
7941,nominal,278.3,1
7942,nominal,379.9,1
7943,nominal,327.4,1
7944,nominal,272.5,1
7945,nominal,317.5,1
7946,necked,301.2,1
7947,nominal,312.4,1
7948,nominal,278.3,1
7949,nominal,289.5,1
7950,broken,283.0,1
7951,nominal,289.5,1
7952,nominal,315.8,1
7953,broken,317.5,1
7954,nominal,310.7,1
7955,nominal,320.8,1
7956,nominal,378.5,1
7957,nominal,382.7,1
7958,nominal,353.9,1
7959,nominal,393.6,1
7960,missing,0.0,0
7961,missing,0.0,0
7962,missing,0.0,0
7963,missing,0.0,0
7964,nominal,365.7,1
7965,nominal,386.8,1
7966,broken,276.4,1
7967,nominal,266.6,1
7968,nominal,377.1,1
7969,nominal,305.6,1
7970,nominal,397.6,1
7971,nominal,332.2,1
7972,nominal,284.0,1
7973,nominal,314.1,1
7974,broken,310.7,1
7975,nominal,312.4,1
7976,nominal,287.7,1
7977,nominal,296.8,1
7978,broken,296.8,1
7979,nominal,300.3,1
7980,nominal,315.8,1
7981,broken,319.2,1
7982,nominal,312.4,1
7983,nominal,325.8,1
7984,nominal,355.4,1
7985,nominal,374.3,1
7986,nominal,329.0,1
7987,nominal,364.2,1
7988,missing,0.0,0
7989,missing,0.0,0
7990,missing,0.0,0
7991,missing,0.0,0
7992,nominal,352.4,1
7993,nominal,358.3,1
7994,broken,285.8,1
7995,nominal,300.3,1
7996,nominal,362.7,0
7997,nominal,289.5,1
7998,nominal,379.9,1
7999,nominal,325.8,1
8000,nominal,266.6,1
8001,nominal,319.2,1
8002,broken,314.1,1
8003,nominal,320.8,1
8004,nominal,282.1,1
8005,nominal,285.8,1
8006,broken,291.4,1
8007,nominal,309.0,1
8008,nominal,329.0,1
8009,broken,323.3,1
8010,nominal,315.8,1
8011,nominal,324.1,1
8012,nominal,384.1,0
8013,nominal,365.7,1
8014,nominal,352.4,1
8015,nominal,390.9,0
8016,missing,0.0,0
8017,missing,0.0,0
8018,missing,0.0,0
8019,missing,0.0,0
8020,nominal,344.7,0
8021,nominal,375.7,1
8022,broken,273.5,1
8023,nominal,291.4,1
8024,nominal,385.4,0
8025,nominal,287.7,1
8026,nominal,402.9,1
8027,nominal,335.4,1
8028,nominal,278.3,1
8029,nominal,319.2,1
8030,broken,330.6,1
8031,nominal,320.8,1
8032,nominal,270.6,1
8033,nominal,300.3,0
8034,broken,293.2,1
8035,nominal,309.0,0
8036,nominal,317.5,0
8037,broken,319.2,1
8038,nominal,315.8,1
8039,nominal,325.8,1
8040,nominal,295.0,0
8041,nominal,285.8,0
8042,nominal,293.2,0
8043,nominal,282.1,0
8044,nominal,341.7,0
8045,nominal,350.8,0
8046,nominal,341.7,1
8047,nominal,340.1,0
8048,missing,0.0,0
8049,missing,0.0,0
8050,missing,0.0,0
8051,missing,0.0,0
8052,nominal,333.8,0
8053,nominal,395.0,1
8054,broken,277.4,1
8055,nominal,298.6,0
8056,nominal,347.8,0
8057,nominal,302.1,0
8058,nominal,368.5,1
8059,nominal,325.8,1
8060,nominal,287.7,1
8061,nominal,327.4,0
8062,broken,329.0,1
8063,nominal,319.2,0
8064,nominal,302.1,1
8065,nominal,312.4,1
8066,nominal,287.7,1
8067,nominal,305.6,1
8068,nominal,295.0,1
8069,nominal,305.6,1
8070,nominal,287.7,1
8071,broken,295.0,1
8072,nominal,353.9,1
8073,nominal,287.7,1
8074,nominal,341.7,1
8075,nominal,367.1,1
8076,nominal,367.1,1
8077,nominal,359.8,1
8078,thin,254.4,1
8079,nominal,300.3,1
8080,nominal,399.0,1
8081,nominal,274.5,1
8082,nominal,352.4,1
8083,nominal,310.7,1
8084,thin,258.6,1
8085,nominal,319.2,1
8086,nominal,329.0,1
8087,nominal,325.8,1
8088,nominal,280.2,1
8089,nominal,307.3,1
8090,nominal,270.6,1
8091,nominal,289.5,1
8092,nominal,312.4,1
8093,nominal,310.7,1
8094,nominal,305.6,1
8095,nominal,307.3,1
8096,nominal,340.1,1
8097,nominal,361.3,1
8098,nominal,322.5,1
8099,necked,344.7,1
8100,nominal,389.5,1
8101,nominal,359.8,1
8102,thin,232.6,1
8103,nominal,284.0,1
8104,nominal,368.5,1
8105,thin,260.6,1
8106,nominal,349.3,1
8107,nominal,330.6,1
8108,nominal,266.6,1
8109,nominal,312.4,1
8110,nominal,320.8,1
8111,nominal,309.0,1
8112,nominal,289.5,1
8113,nominal,298.6,1
8114,missing,0.0,1
8115,nominal,278.3,1
8116,nominal,319.2,1
8117,nominal,322.5,1
8118,nominal,289.5,1
8119,nominal,327.4,1
8120,nominal,377.1,1
8121,broken,327.4,1
8122,nominal,332.2,1
8123,broken,311.6,1
8124,nominal,362.7,1
8125,nominal,359.8,1
8126,thin,252.3,1
8127,nominal,280.2,1
8128,nominal,379.9,1
8129,nominal,278.3,1
8130,nominal,343.2,1
8131,nominal,314.1,1
8132,thin,258.6,1
8133,nominal,309.0,1
8134,nominal,315.8,1
8135,nominal,310.7,1
8136,missing,0.0,1
8137,broken,282.1,1
8138,nominal,274.5,1
8139,nominal,278.3,1
8140,broken,303.8,1
8141,nominal,317.5,1
8142,nominal,300.3,1
8143,nominal,307.3,1
8144,nominal,358.3,1
8145,nominal,337.0,1
8146,broken,306.3,0
8147,broken,320.8,1
8148,nominal,384.1,1
8149,nominal,329.0,1
8150,thin,254.4,1
8151,broken,284.0,1
8152,nominal,364.2,1
8153,nominal,284.0,1
8154,nominal,371.4,1
8155,nominal,296.8,1
8156,broken,262.6,1
8157,broken,302.1,1
8158,nominal,310.7,1
8159,nominal,307.3,1
8160,broken,266.6,1
8161,nominal,285.8,1
8162,nominal,272.5,1
8163,nominal,274.5,1
8164,missing,0.0,1
8165,nominal,291.4,1
8166,nominal,305.6,1
8167,nominal,298.6,1
8168,nominal,365.7,1
8169,nominal,375.7,1
8170,broken,268.6,1
8171,nominal,362.7,1
8172,nominal,375.7,1
8173,broken,373.5,1
8174,nominal,266.6,1
8175,broken,269.6,1
8176,nominal,408.2,1
8177,nominal,272.5,1
8178,nominal,367.1,1
8179,nominal,303.8,1
8180,nominal,276.4,1
8181,broken,274.5,1
8182,nominal,300.3,1
8183,nominal,300.3,1
8184,nominal,284.0,1
8185,nominal,272.5,1
8186,nominal,268.6,1
8187,nominal,262.6,1
8188,nominal,291.4,1
8189,nominal,303.8,1
8190,nominal,298.6,1
8191,nominal,293.2,1
8192,nominal,359.8,1
8193,nominal,374.3,1
8194,nominal,361.3,1
8195,nominal,378.5,1
8196,nominal,362.7,1
8197,nominal,337.0,1
8198,thin,258.6,1
8199,nominal,287.7,1
8200,nominal,371.4,1
8201,nominal,268.6,1
8202,nominal,404.2,1
8203,nominal,309.0,1
8204,nominal,284.0,1
8205,nominal,319.2,1
8206,nominal,298.6,1
8207,nominal,303.8,1
8208,nominal,302.1,1
8209,nominal,264.6,1
8210,nominal,289.5,1
8211,nominal,280.2,1
8212,nominal,305.6,1
8213,nominal,314.1,1
8214,nominal,303.8,1
8215,nominal,300.3,1
8216,nominal,355.4,1
8217,nominal,350.8,1
8218,nominal,324.1,1
8219,nominal,365.7,1
8220,nominal,368.5,1
8221,nominal,375.7,1
8222,nominal,268.6,1
8223,nominal,272.5,1
8224,nominal,377.1,1
8225,thin,228.0,1
8226,nominal,386.8,1
8227,nominal,305.6,1
8228,nominal,280.2,1
8229,nominal,310.7,1
8230,nominal,310.7,1
8231,nominal,309.0,1
8232,nominal,310.7,1
8233,nominal,276.4,1
8234,nominal,305.6,1
8235,nominal,272.5,1
8236,nominal,303.8,1
8237,nominal,312.4,1
8238,nominal,310.7,1
8239,nominal,303.8,1
8240,nominal,378.5,1
8241,nominal,358.3,1
8242,nominal,329.0,1
8243,nominal,361.3,1
8244,nominal,358.3,1
8245,nominal,353.9,1
8246,nominal,266.6,1
8247,thin,245.9,1
8248,nominal,392.3,0
8249,thin,232.6,1
8250,nominal,381.3,1
8251,nominal,309.0,1
8252,nominal,270.6,1
8253,nominal,309.0,1
8254,nominal,324.1,1
8255,nominal,312.4,1
8256,nominal,312.4,1
8257,nominal,291.4,1
8258,broken,328.2,1
8259,nominal,268.6,1
8260,nominal,317.5,0
8261,nominal,295.0,0
8262,nominal,296.8,0
8263,nominal,309.0,0
8264,nominal,272.5,0
8265,broken,262.6,0
8266,nominal,282.1,0
8267,nominal,276.4,0
8268,nominal,352.4,0
8269,thin,254.4,1
8270,nominal,346.3,1
8271,nominal,329.0,0
8272,nominal,408.2,0
8273,nominal,337.0,1
8274,thin,260.6,1
8275,thin,252.3,1
8276,nominal,356.8,0
8277,thin,250.2,0
8278,nominal,379.9,1
8279,nominal,312.4,0
8280,nominal,278.3,1
8281,nominal,307.3,0
8282,nominal,310.7,0
8283,nominal,317.5,0
8284,nominal,285.8,1
8285,nominal,285.8,1
8286,nominal,280.2,1
8287,nominal,303.8,1
8288,nominal,289.5,1
8289,nominal,296.8,1
8290,nominal,276.4,1
8291,nominal,296.8,1
8292,nominal,362.7,1
8293,nominal,367.1,1
8294,nominal,324.1,1
8295,nominal,347.8,1
8296,nominal,349.3,1
8297,nominal,368.5,1
8298,thin,258.6,1
8299,nominal,276.4,1
8300,nominal,385.4,1
8301,nominal,284.0,1
8302,nominal,361.3,1
8303,nominal,325.8,1
8304,thin,239.4,1
8305,nominal,305.6,1
8306,nominal,322.5,1
8307,nominal,327.4,1
8308,nominal,270.6,1
8309,nominal,293.2,1
8310,nominal,266.6,1
8311,nominal,289.5,1
8312,nominal,315.8,1
8313,nominal,309.0,1
8314,nominal,320.8,1
8315,nominal,310.7,1
8316,nominal,365.7,1
8317,nominal,374.3,1
8318,nominal,372.8,1
8319,necked,337.0,1
8320,nominal,421.0,1
8321,nominal,370.0,1
8322,thin,211.1,1
8323,nominal,270.6,1
8324,nominal,393.6,1
8325,thin,260.6,1
8326,nominal,382.7,1
8327,nominal,315.8,1
8328,thin,234.9,1
8329,nominal,310.7,1
8330,nominal,322.5,1
8331,nominal,317.5,1
8332,nominal,262.6,1
8333,nominal,270.6,1
8334,nominal,262.6,1
8335,nominal,280.2,1
8336,nominal,307.3,1
8337,nominal,332.2,1
8338,nominal,315.8,1
8339,nominal,314.1,1
8340,nominal,372.8,1
8341,nominal,350.8,1
8342,nominal,401.6,1
8343,nominal,381.3,1
8344,nominal,400.3,1
8345,nominal,400.3,1
8346,thin,230.3,1
8347,nominal,276.4,1
8348,nominal,379.9,1
8349,nominal,264.6,1
8350,nominal,352.4,1
8351,nominal,317.5,1
8352,thin,220.9,1
8353,nominal,302.1,1
8354,nominal,314.1,1
8355,nominal,310.7,1
8356,nominal,274.5,1
8357,nominal,268.6,1
8358,nominal,266.6,1
8359,nominal,270.6,1
8360,nominal,307.3,1
8361,nominal,317.5,1
8362,nominal,314.1,1
8363,nominal,314.1,1
8364,nominal,358.3,1
8365,nominal,393.6,1
8366,nominal,399.0,1
8367,nominal,404.2,1
8368,nominal,353.9,1
8369,nominal,404.2,1
8370,thin,211.1,1
8371,nominal,280.2,1
8372,nominal,375.7,1
8373,nominal,268.6,1
8374,nominal,355.4,1
8375,nominal,314.1,1
8376,thin,243.8,1
8377,nominal,315.8,1
8378,nominal,315.8,1
8379,nominal,314.1,1
8380,nominal,268.6,1
8381,nominal,266.6,1
8382,thin,258.6,1
8383,nominal,264.6,1
8384,nominal,310.7,1
8385,nominal,309.0,1
8386,nominal,315.8,1
8387,nominal,312.4,1
8388,nominal,382.7,1
8389,broken,284.0,0
8390,nominal,385.4,1
8391,thick,439.5,1
8392,nominal,392.3,1
8393,nominal,385.4,1
8394,thin,243.8,1
8395,thin,260.6,1
8396,nominal,386.8,1
8397,thin,248.1,1
8398,nominal,367.1,1
8399,nominal,319.2,1
8400,thin,258.6,1
8401,nominal,312.4,1
8402,nominal,305.6,1
8403,nominal,291.4,1
8404,nominal,282.1,1
8405,thin,254.4,1
8406,nominal,276.4,1
8407,nominal,274.5,1
8408,nominal,310.7,1
8409,nominal,305.6,1
8410,nominal,303.8,1
8411,nominal,317.5,1
8412,nominal,399.0,1
8413,nominal,375.7,1
8414,nominal,332.2,1
8415,nominal,384.1,1
8416,nominal,372.8,1
8417,nominal,349.3,1
8418,thin,243.8,1
8419,nominal,264.6,1
8420,nominal,401.6,1
8421,thin,248.1,1
8422,nominal,368.5,1
8423,nominal,307.3,1
8424,nominal,272.5,1
8425,nominal,312.4,1
8426,nominal,317.5,1
8427,nominal,305.6,1
8428,nominal,274.5,1
8429,nominal,276.4,1
8430,nominal,276.4,1
8431,thin,260.6,1
8432,nominal,314.1,1
8433,nominal,314.1,1
8434,nominal,312.4,1
8435,nominal,317.5,1
8436,nominal,399.0,1
8437,nominal,397.6,1
8438,nominal,353.9,1
8439,nominal,353.9,1
8440,nominal,390.9,1
8441,nominal,385.4,1
8442,broken,232.6,1
8443,thin,243.8,1
8444,nominal,364.2,1
8445,thin,232.6,1
8446,nominal,386.8,1
8447,nominal,312.4,1
8448,nominal,266.6,1
8449,nominal,312.4,1
8450,nominal,319.2,1
8451,nominal,307.3,1
8452,nominal,274.5,1
8453,nominal,268.6,1
8454,nominal,276.4,1
8455,nominal,272.5,1
8456,nominal,315.8,1
8457,nominal,322.5,1
8458,nominal,300.3,1
8459,nominal,322.5,1
8460,nominal,375.7,1
8461,nominal,347.8,1
8462,nominal,365.7,1
8463,nominal,388.2,0
8464,nominal,390.9,0
8465,nominal,402.9,1
8466,thin,254.4,1
8467,nominal,262.6,1
8468,nominal,400.3,0
8469,thin,237.2,1
8470,nominal,358.3,1
8471,nominal,322.5,0
8472,nominal,268.6,1
8473,nominal,324.1,1
8474,nominal,312.4,0
8475,nominal,312.4,0
8476,nominal,298.6,1
8477,broken,237.2,0
8478,nominal,317.5,0
8479,thin,260.6,0
8480,nominal,312.4,0
8481,nominal,310.7,0
8482,nominal,307.3,0
8483,nominal,310.7,0
8484,broken,267.6,0
8485,nominal,268.6,0
8486,nominal,278.3,0
8487,nominal,266.6,0
8488,nominal,337.0,0
8489,nominal,314.1,0
8490,nominal,370.0,1
8491,nominal,333.8,0
8492,nominal,332.2,0
8493,nominal,421.0,1
8494,nominal,266.6,1
8495,thin,252.3,0
8496,nominal,309.0,0
8497,thin,256.5,0
8498,nominal,344.7,1
8499,nominal,312.4,0
8500,nominal,262.6,1
8501,nominal,296.8,0
8502,nominal,302.1,0
8503,nominal,307.3,0
8504,nominal,276.4,1
8505,nominal,293.2,1
8506,nominal,272.5,1
8507,nominal,296.8,1
8508,nominal,305.6,1
8509,nominal,295.0,1
8510,nominal,295.0,1
8511,nominal,289.5,1
8512,nominal,384.1,1
8513,nominal,356.8,1
8514,nominal,381.3,1
8515,nominal,370.0,1
8516,nominal,417.2,1
8517,nominal,358.3,1
8518,nominal,268.6,1
8519,nominal,280.2,1
8520,nominal,409.5,1
8521,nominal,282.1,1
8522,nominal,372.8,1
8523,nominal,322.5,1
8524,thin,237.2,1
8525,nominal,310.7,1
8526,nominal,320.8,1
8527,nominal,319.2,1
8528,nominal,284.0,1
8529,nominal,266.6,1
8530,thin,260.6,1
8531,nominal,280.2,1
8532,nominal,310.7,1
8533,nominal,322.5,1
8534,nominal,319.2,1
8535,nominal,315.8,1
8536,nominal,400.3,1
8537,nominal,359.8,1
8538,nominal,371.4,1
8539,nominal,393.6,1
8540,nominal,402.9,1
8541,nominal,393.6,1
8542,thin,234.9,1
8543,nominal,282.1,1
8544,nominal,402.9,1
8545,nominal,274.5,1
8546,nominal,293.2,1
8547,nominal,324.1,1
8548,thin,237.2,1
8549,nominal,324.1,1
8550,nominal,332.2,1
8551,nominal,320.8,1
8552,nominal,266.6,1
8553,nominal,285.8,1
8554,nominal,266.6,1
8555,nominal,274.5,1
8556,nominal,305.6,1
8557,nominal,319.2,1
8558,nominal,314.1,1
8559,nominal,310.7,1
8560,nominal,437.0,1
8561,nominal,343.2,1
8562,nominal,384.1,1
8563,nominal,415.9,1
8564,nominal,419.7,1
8565,nominal,343.2,1
8566,thin,216.1,1
8567,nominal,280.2,1
8568,nominal,381.3,1
8569,nominal,272.5,1
8570,nominal,367.1,1
8571,nominal,307.3,1
8572,thin,223.3,1
8573,nominal,312.4,1
8574,nominal,319.2,1
8575,nominal,320.8,1
8576,nominal,264.6,1
8577,nominal,278.3,1
8578,nominal,262.6,1
8579,nominal,268.6,1
8580,nominal,327.4,1
8581,nominal,319.2,1
8582,nominal,312.4,1
8583,nominal,320.8,1
8584,nominal,413.3,1
8585,nominal,388.2,1
8586,nominal,361.3,1
8587,thick,461.8,1
8588,nominal,382.7,1
8589,nominal,405.6,1
8590,thin,213.6,1
8591,nominal,268.6,1
8592,nominal,374.3,1
8593,thin,258.6,1
8594,nominal,356.8,1
8595,nominal,320.8,1
8596,thin,225.7,1
8597,nominal,317.5,1
8598,nominal,289.5,1
8599,nominal,300.3,1
8600,thin,260.6,1
8601,nominal,268.6,1
8602,thin,254.4,1
8603,thin,256.5,1
8604,nominal,319.2,1
8605,nominal,293.2,1
8606,nominal,305.6,1
8607,nominal,312.4,1
8608,nominal,404.2,1
8609,nominal,405.6,1
8610,nominal,358.3,1
8611,nominal,402.9,1
8612,nominal,404.2,1
8613,nominal,375.7,1
8614,thin,223.3,1
8615,nominal,270.6,1
8616,broken,340.9,1
8617,thin,243.8,1
8618,nominal,350.8,1
8619,nominal,302.1,1
8620,thin,243.8,1
8621,nominal,305.6,1
8622,nominal,291.4,1
8623,nominal,293.2,1
8624,nominal,266.6,1
8625,nominal,270.6,1
8626,nominal,270.6,1
8627,nominal,276.4,1
8628,nominal,320.8,1
8629,nominal,300.3,1
8630,nominal,291.4,1
8631,nominal,314.1,1
8632,nominal,433.4,1
8633,nominal,390.9,1
8634,nominal,408.2,1
8635,nominal,405.6,1
8636,nominal,400.3,1
8637,nominal,381.3,1
8638,thin,232.6,1
8639,nominal,264.6,1
8640,nominal,397.6,1
8641,thin,241.6,1
8642,nominal,379.9,1
8643,nominal,329.0,1
8644,thin,256.5,1
8645,nominal,319.2,1
8646,nominal,289.5,1
8647,nominal,303.8,1
8648,nominal,276.4,1
8649,nominal,268.6,1
8650,nominal,280.2,1
8651,nominal,276.4,1
8652,nominal,320.8,1
8653,nominal,315.8,1
8654,nominal,309.0,1
8655,nominal,322.5,1
8656,nominal,379.9,1
8657,broken,324.1,1
8658,nominal,412.0,1
8659,nominal,353.9,0
8660,nominal,405.6,1
8661,nominal,395.0,1
8662,thin,258.6,1
8663,thin,254.4,1
8664,nominal,393.6,0
8665,thin,225.7,1
8666,nominal,396.3,1
8667,nominal,322.5,1
8668,nominal,274.5,1
8669,nominal,307.3,1
8670,nominal,329.0,1
8671,nominal,314.1,1
8672,nominal,266.6,1
8673,nominal,270.6,0
8674,nominal,268.6,1
8675,nominal,274.5,1
8676,nominal,317.5,1
8677,nominal,315.8,1
8678,nominal,310.7,1
8679,nominal,317.5,1
8680,nominal,390.9,0
8681,nominal,389.5,1
8682,nominal,361.3,1
8683,nominal,362.7,0
8684,nominal,377.1,0
8685,nominal,358.3,1
8686,thin,254.4,1
8687,thin,232.6,1
8688,nominal,375.7,0
8689,thin,241.6,0
8690,nominal,355.4,1
8691,nominal,317.5,0
8692,nominal,262.6,1
8693,nominal,322.5,0
8694,nominal,312.4,0
8695,nominal,315.8,0
8696,nominal,293.2,1
8697,nominal,274.5,0
8698,nominal,296.8,1
8699,thin,260.6,0
8700,nominal,305.6,0
8701,nominal,319.2,0
8702,nominal,303.8,0
8703,nominal,298.6,0
8704,thin,250.2,0
8705,nominal,282.1,0
8706,nominal,262.6,0
8707,nominal,272.5,0
8708,nominal,396.3,0
8709,nominal,372.8,1
8710,nominal,317.5,1
8711,nominal,347.8,0
8712,nominal,332.2,0
8713,nominal,396.3,1
8714,nominal,268.6,1
8715,thin,245.9,0
8716,nominal,330.6,0
8717,thin,234.9,0
8718,nominal,397.6,1
8719,nominal,298.6,0
8720,nominal,278.3,1
8721,nominal,298.6,0
8722,nominal,298.6,0
8723,nominal,303.8,0
8724,nominal,287.7,1
8725,nominal,289.5,1
8726,nominal,284.0,1
8727,nominal,303.8,1
8728,nominal,305.6,1
8729,nominal,312.4,1
8730,nominal,310.7,1
8731,nominal,302.1,1
8732,nominal,385.4,1
8733,nominal,355.4,1
8734,broken,313.2,0
8735,nominal,413.3,1
8736,nominal,365.7,1
8737,nominal,406.9,1
8738,nominal,300.3,1
8739,nominal,296.8,1
8740,nominal,426.0,1
8741,nominal,285.8,1
8742,nominal,361.3,1
8743,nominal,324.1,1
8744,thin,248.1,1
8745,nominal,320.8,1
8746,nominal,310.7,1
8747,nominal,325.8,1
8748,nominal,276.4,1
8749,nominal,284.0,1
8750,nominal,276.4,1
8751,nominal,280.2,1
8752,nominal,320.8,1
8753,nominal,312.4,1
8754,nominal,320.8,1
8755,nominal,320.8,1
8756,nominal,412.0,1
8757,nominal,364.2,1
8758,nominal,402.9,1
8759,nominal,381.3,1
8760,nominal,424.7,1
8761,nominal,392.3,1
8762,thin,243.8,1
8763,nominal,284.0,1
8764,missing,0.0,1
8765,thin,252.3,1
8766,nominal,390.9,1
8767,nominal,338.5,1
8768,thin,241.6,1
8769,nominal,320.8,1
8770,nominal,330.6,1
8771,nominal,327.4,1
8772,nominal,274.5,1
8773,nominal,268.6,1
8774,nominal,266.6,1
8775,nominal,285.8,1
8776,nominal,314.1,1
8777,nominal,325.8,1
8778,nominal,315.8,1
8779,nominal,327.4,1
8780,nominal,426.0,1
8781,nominal,371.4,1
8782,nominal,399.0,1
8783,nominal,412.0,1
8784,nominal,399.0,1
8785,nominal,414.6,1
8786,thin,237.2,1
8787,nominal,278.3,1
8788,nominal,371.4,1
8789,thin,258.6,1
8790,nominal,374.3,1
8791,nominal,322.5,1
8792,thin,220.9,1
8793,nominal,312.4,1
8794,nominal,325.8,1
8795,nominal,319.2,1
8796,nominal,262.6,1
8797,nominal,272.5,1
8798,nominal,270.6,1
8799,nominal,272.5,1
8800,nominal,320.8,1
8801,nominal,314.1,1
8802,nominal,320.8,1
8803,nominal,317.5,1
8804,nominal,390.9,1
8805,nominal,381.3,1
8806,nominal,370.0,1
8807,nominal,399.0,1
8808,nominal,372.8,1
8809,nominal,395.0,1
8810,thin,220.9,1
8811,thin,256.5,1
8812,nominal,378.5,1
8813,thin,254.4,1
8814,nominal,375.7,1
8815,nominal,307.3,1
8816,thin,223.3,1
8817,nominal,302.1,1
8818,nominal,307.3,1
8819,nominal,307.3,1
8820,nominal,270.6,1
8821,nominal,278.3,1
8822,thin,258.6,1
8823,missing,0.0,1
8824,nominal,315.8,1
8825,nominal,327.4,1
8826,nominal,315.8,1
8827,nominal,317.5,1
8828,nominal,404.2,1
8829,nominal,352.4,1
8830,nominal,389.5,1
8831,nominal,364.2,1
8832,nominal,397.6,1
8833,nominal,396.3,1
8834,thin,223.3,1
8835,thin,248.1,1
8836,nominal,388.2,1
8837,thin,245.9,1
8838,nominal,329.0,1
8839,nominal,296.8,1
8840,thin,234.9,1
8841,nominal,289.5,1
8842,nominal,272.5,1
8843,nominal,285.8,1
8844,thin,260.6,1
8845,nominal,274.5,1
8846,thin,258.6,1
8847,nominal,272.5,1
8848,nominal,320.8,1
8849,nominal,317.5,1
8850,nominal,312.4,1
8851,nominal,314.1,1
8852,nominal,358.3,1
8853,nominal,386.8,1
8854,nominal,393.6,1
8855,nominal,408.2,1
8856,nominal,343.2,1
8857,nominal,370.0,1
8858,thin,208.6,1
8859,thin,245.9,1
8860,nominal,401.6,1
8861,thin,248.1,1
8862,nominal,404.2,1
8863,nominal,307.3,1
8864,thin,254.4,1
8865,nominal,309.0,1
8866,nominal,302.1,1
8867,nominal,310.7,1
8868,nominal,274.5,1
8869,thin,258.6,1
8870,nominal,276.4,1
8871,nominal,280.2,1
8872,nominal,320.8,1
8873,nominal,320.8,1
8874,nominal,325.8,1
8875,nominal,309.0,1
8876,nominal,370.0,1
8877,nominal,389.5,1
8878,nominal,371.4,1
8879,nominal,368.5,1
8880,nominal,389.5,1
8881,nominal,341.7,1
8882,thin,241.6,1
8883,thin,252.3,1
8884,nominal,399.0,0
8885,thin,260.6,1
8886,nominal,365.7,1
8887,nominal,329.0,1
8888,thin,258.6,1
8889,nominal,320.8,1
8890,nominal,319.2,1
8891,nominal,319.2,1
8892,nominal,278.3,1
8893,nominal,274.5,0
8894,nominal,280.2,1
8895,nominal,272.5,1
8896,nominal,312.4,1
8897,nominal,330.6,1
8898,nominal,319.2,1
8899,nominal,329.0,1
8900,nominal,377.1,0
8901,nominal,388.2,1
8902,nominal,382.7,1
8903,nominal,386.8,0
8904,nominal,368.5,0
8905,nominal,370.0,1
8906,thin,260.6,1
8907,thin,260.6,1
8908,nominal,381.3,0
8909,nominal,278.3,0
8910,nominal,350.8,1
8911,nominal,327.4,1
8912,nominal,266.6,1
8913,nominal,322.5,0
8914,nominal,317.5,1
8915,nominal,322.5,1
8916,nominal,285.8,1
8917,nominal,278.3,0
8918,nominal,298.6,1
8919,nominal,266.6,0
8920,nominal,307.3,0
8921,nominal,319.2,0
8922,nominal,314.1,0
8923,nominal,296.8,0
8924,nominal,272.5,0
8925,nominal,284.0,0
8926,thin,260.6,0
8927,broken,272.5,0
8928,nominal,343.2,0
8929,nominal,343.2,1
8930,nominal,374.3,1
8931,nominal,344.7,0
8932,nominal,368.5,0
8933,nominal,365.7,1
8934,nominal,278.3,1
8935,nominal,262.6,0
8936,broken,289.5,0
8937,thin,237.2,0
8938,nominal,381.3,0
8939,nominal,310.7,0
8940,nominal,280.2,1
8941,nominal,293.2,0
8942,nominal,302.1,0
8943,nominal,309.0,0
8944,nominal,280.2,1
8945,nominal,280.2,1
8946,nominal,298.6,1
8947,nominal,289.5,1
8948,nominal,314.1,1
8949,nominal,322.5,1
8950,nominal,325.8,1
8951,nominal,314.1,1
8952,nominal,385.4,1
8953,nominal,355.4,0
8954,nominal,404.2,1
8955,nominal,367.1,1
8956,broken,319.2,1
8957,nominal,353.9,1
8958,nominal,295.0,1
8959,nominal,303.8,1
8960,nominal,385.4,1
8961,nominal,284.0,1
8962,nominal,377.1,1
8963,nominal,332.2,1
8964,nominal,274.5,1
8965,nominal,320.8,1
8966,nominal,307.3,1
8967,nominal,315.8,1
8968,nominal,282.1,1
8969,nominal,280.2,1
8970,nominal,272.5,1
8971,nominal,272.5,1
8972,nominal,322.5,1
8973,nominal,324.1,1
8974,nominal,325.8,1
8975,nominal,315.8,1
8976,broken,323.3,1
8977,nominal,404.2,1
8978,nominal,379.9,1
8979,nominal,371.4,1
8980,nominal,413.3,1
8981,nominal,399.0,1
8982,thin,256.5,1
8983,nominal,284.0,1
8984,nominal,374.3,1
8985,thin,258.6,1
8986,nominal,408.2,1
8987,nominal,325.8,1
8988,nominal,266.6,1
8989,nominal,315.8,1
8990,nominal,315.8,1
8991,nominal,315.8,1
8992,nominal,262.6,1
8993,nominal,266.6,1
8994,nominal,262.6,1
8995,nominal,264.6,1
8996,nominal,319.2,1
8997,nominal,319.2,1
8998,nominal,322.5,1
8999,nominal,305.6,1
9000,nominal,384.1,1
9001,nominal,370.0,1
9002,nominal,399.0,1
9003,nominal,389.5,1
9004,nominal,381.3,1
9005,nominal,409.5,1
9006,nominal,264.6,1
9007,nominal,268.6,1
9008,nominal,409.5,1
9009,thin,248.1,1
9010,nominal,364.2,1
9011,nominal,310.7,1
9012,thin,239.4,1
9013,nominal,315.8,1
9014,nominal,322.5,1
9015,nominal,322.5,1
9016,nominal,264.6,1
9017,nominal,272.5,1
9018,nominal,278.3,1
9019,nominal,272.5,1
9020,nominal,322.5,1
9021,nominal,333.8,1
9022,nominal,320.8,1
9023,nominal,305.6,1
9024,nominal,397.6,1
9025,nominal,337.0,1
9026,nominal,395.0,1
9027,nominal,365.7,1
9028,nominal,404.2,1
9029,nominal,385.4,1
9030,thin,248.1,1
9031,thin,256.5,1
9032,nominal,352.4,1
9033,thin,250.2,1
9034,nominal,298.6,1
9035,nominal,307.3,1
9036,thin,234.9,1
9037,nominal,307.3,1
9038,nominal,310.7,1
9039,nominal,310.7,1
9040,nominal,276.4,1
9041,nominal,278.3,1
9042,nominal,262.6,1
9043,nominal,272.5,1
9044,nominal,320.8,1
9045,nominal,310.7,1
9046,nominal,332.2,1
9047,nominal,320.8,1
9048,nominal,404.2,1
9049,nominal,370.0,1
9050,nominal,412.0,1
9051,nominal,405.6,1
9052,nominal,381.3,1
9053,nominal,364.2,1
9054,thin,211.1,1
9055,thin,248.1,1
9056,nominal,379.9,1
9057,thin,250.2,1
9058,nominal,347.8,1
9059,nominal,282.1,1
9060,thin,218.5,1
9061,nominal,295.0,1
9062,nominal,289.5,1
9063,nominal,298.6,1
9064,thin,260.6,1
9065,nominal,280.2,1
9066,nominal,262.6,1
9067,nominal,274.5,1
9068,nominal,325.8,1
9069,nominal,327.4,1
9070,nominal,319.2,1
9071,nominal,319.2,1
9072,nominal,400.3,1
9073,nominal,406.9,1
9074,nominal,409.5,1
9075,nominal,419.7,1
9076,nominal,367.1,1
9077,nominal,350.8,1
9078,thin,216.1,1
9079,thin,252.3,1
9080,nominal,330.6,1
9081,thin,252.3,1
9082,nominal,337.0,1
9083,nominal,310.7,1
9084,thin,245.9,1
9085,nominal,300.3,1
9086,nominal,307.3,1
9087,nominal,320.8,1
9088,nominal,264.6,1
9089,nominal,278.3,1
9090,nominal,262.6,1
9091,nominal,268.6,1
9092,nominal,320.8,1
9093,nominal,322.5,1
9094,nominal,320.8,1
9095,nominal,317.5,1
9096,nominal,378.5,1
9097,nominal,375.7,1
9098,nominal,408.2,1
9099,nominal,415.9,1
9100,nominal,384.1,1
9101,nominal,372.8,1
9102,thin,220.9,1
9103,nominal,262.6,1
9104,nominal,374.3,0
9105,nominal,276.4,1
9106,nominal,385.4,1
9107,nominal,310.7,1
9108,thin,243.8,1
9109,nominal,329.0,1
9110,nominal,320.8,1
9111,nominal,315.8,1
9112,thin,260.6,1
9113,nominal,274.5,0
9114,nominal,280.2,1
9115,nominal,278.3,1
9116,nominal,320.8,1
9117,nominal,327.4,1
9118,nominal,317.5,1
9119,nominal,319.2,1
9120,nominal,414.6,0
9121,nominal,344.7,1
9122,nominal,355.4,1
9123,nominal,375.7,0
9124,nominal,401.6,0
9125,nominal,390.9,1
9126,thin,234.9,1
9127,nominal,268.6,1
9128,nominal,347.8,0
9129,nominal,285.8,0
9130,nominal,364.2,1
9131,nominal,317.5,0
9132,nominal,272.5,1
9133,nominal,324.1,0
9134,nominal,305.6,0
9135,nominal,317.5,1
9136,nominal,282.1,1
9137,thin,248.1,0
9138,nominal,276.4,1
9139,nominal,276.4,0
9140,nominal,309.0,0
9141,nominal,329.0,1
9142,nominal,302.1,0
9143,nominal,309.0,0
9144,nominal,280.2,0
9145,nominal,293.2,0
9146,nominal,276.4,0
9147,nominal,295.0,0
9148,nominal,362.7,0
9149,nominal,372.8,0
9150,nominal,399.0,1
9151,nominal,379.9,0
9152,nominal,371.4,0
9153,nominal,404.2,1
9154,thin,260.6,1
9155,nominal,276.4,0
9156,nominal,320.8,0
9157,thin,258.6,0
9158,nominal,370.0,0
9159,nominal,300.3,0
9160,nominal,282.1,1
9161,nominal,296.8,0
9162,nominal,305.6,0
9163,nominal,310.7,0
9164,nominal,296.8,1
9165,nominal,287.7,1
9166,nominal,291.4,1
9167,nominal,291.4,1
9168,nominal,322.5,1
9169,nominal,307.3,1
9170,nominal,310.7,1
9171,nominal,319.2,1
9172,nominal,384.1,1
9173,nominal,415.9,1
9174,nominal,417.2,1
9175,nominal,399.0,1
9176,nominal,379.9,1
9177,nominal,392.3,1
9178,nominal,300.3,1
9179,nominal,300.3,1
9180,nominal,371.4,1
9181,nominal,268.6,1
9182,nominal,432.2,1
9183,nominal,329.0,1
9184,nominal,280.2,1
9185,nominal,315.8,1
9186,nominal,320.8,1
9187,nominal,319.2,1
9188,nominal,289.5,1
9189,nominal,276.4,1
9190,nominal,280.2,1
9191,nominal,266.6,1
9192,nominal,315.8,1
9193,nominal,325.8,1
9194,nominal,324.1,1
9195,nominal,322.5,1
9196,nominal,377.1,1
9197,nominal,409.5,1
9198,nominal,402.9,1
9199,nominal,362.7,1
9200,nominal,390.9,1
9201,nominal,432.2,1
9202,nominal,278.3,1
9203,nominal,264.6,1
9204,nominal,379.9,1
9205,thin,241.6,1
9206,nominal,417.2,1
9207,nominal,325.8,1
9208,thin,258.6,1
9209,nominal,325.8,1
9210,nominal,330.6,1
9211,nominal,329.0,1
9212,nominal,272.5,1
9213,nominal,270.6,1
9214,nominal,274.5,1
9215,nominal,270.6,1
9216,nominal,329.0,1
9217,nominal,333.8,1
9218,nominal,315.8,1
9219,nominal,314.1,1
9220,nominal,396.3,1
9221,nominal,368.5,1
9222,nominal,393.6,1
9223,nominal,377.1,1
9224,nominal,372.8,1
9225,nominal,382.7,1
9226,nominal,272.5,1
9227,thin,260.6,1
9228,nominal,392.3,1
9229,thin,243.8,1
9230,nominal,388.2,1
9231,nominal,324.1,1
9232,thin,252.3,1
9233,nominal,319.2,1
9234,nominal,322.5,1
9235,nominal,319.2,1
9236,nominal,270.6,1
9237,nominal,282.1,1
9238,nominal,268.6,1
9239,nominal,276.4,1
9240,nominal,330.6,1
9241,nominal,329.0,1
9242,nominal,327.4,1
9243,nominal,324.1,1
9244,nominal,390.9,1
9245,nominal,355.4,1
9246,nominal,406.9,1
9247,nominal,370.0,1
9248,nominal,408.2,1
9249,nominal,386.8,1
9250,thin,254.4,1
9251,thin,245.9,1
9252,nominal,374.3,1
9253,thin,256.5,1
9254,nominal,365.7,1
9255,nominal,310.7,1
9256,thin,241.6,1
9257,nominal,319.2,1
9258,nominal,312.4,1
9259,nominal,320.8,1
9260,thin,258.6,1
9261,nominal,295.0,1
9262,nominal,276.4,1
9263,nominal,278.3,1
9264,nominal,320.8,1
9265,nominal,322.5,1
9266,nominal,320.8,1
9267,nominal,312.4,1
9268,nominal,406.9,1
9269,nominal,385.4,1
9270,nominal,386.8,1
9271,nominal,406.9,1
9272,nominal,372.8,1
9273,missing,0.0,1
9274,thin,225.7,1
9275,thin,258.6,1
9276,nominal,390.9,1
9277,thin,258.6,1
9278,nominal,346.3,1
9279,nominal,298.6,1
9280,thin,213.6,1
9281,nominal,293.2,1
9282,nominal,309.0,1
9283,nominal,302.1,1
9284,thin,256.5,1
9285,nominal,266.6,1
9286,nominal,272.5,1
9287,nominal,287.7,1
9288,nominal,330.6,1
9289,nominal,322.5,1
9290,nominal,327.4,1
9291,nominal,322.5,1
9292,nominal,400.3,1
9293,nominal,378.5,1
9294,nominal,349.3,1
9295,nominal,418.4,1
9296,nominal,361.3,1
9297,nominal,358.3,1
9298,thin,230.3,1
9299,thin,258.6,1
9300,nominal,356.8,1
9301,nominal,274.5,1
9302,nominal,395.0,1
9303,broken,262.6,1
9304,thin,232.6,1
9305,nominal,320.8,1
9306,nominal,314.1,1
9307,nominal,314.1,1
9308,nominal,272.5,1
9309,nominal,278.3,1
9310,nominal,282.1,1
9311,nominal,280.2,1
9312,nominal,325.8,1
9313,nominal,337.0,1
9314,nominal,325.8,1
9315,nominal,325.8,1
9316,nominal,352.4,1
9317,nominal,381.3,1
9318,nominal,368.5,1
9319,nominal,405.6,0
9320,nominal,317.5,0
9321,nominal,353.9,1
9322,thin,206.0,1
9323,nominal,264.6,1
9324,nominal,418.4,0
9325,nominal,291.4,1
9326,nominal,402.9,1
9327,nominal,327.4,1
9328,thin,230.3,1
9329,missing,0.0,1
9330,nominal,315.8,1
9331,nominal,335.4,1
9332,thin,252.3,1
9333,nominal,280.2,0
9334,nominal,262.6,1
9335,nominal,293.2,0
9336,nominal,322.5,1
9337,nominal,325.8,1
9338,nominal,325.8,1
9339,nominal,317.5,1
9340,nominal,361.3,1
9341,nominal,402.9,1
9342,nominal,379.9,1
9343,nominal,388.2,0
9344,nominal,385.4,0
9345,nominal,384.1,1
9346,thin,228.0,1
9347,nominal,274.5,1
9348,nominal,370.0,0
9349,nominal,296.8,0
9350,nominal,415.9,1
9351,nominal,333.8,1
9352,thin,256.5,1
9353,nominal,314.1,0
9354,nominal,319.2,1
9355,nominal,319.2,1
9356,nominal,282.1,1
9357,nominal,266.6,0
9358,nominal,285.8,1
9359,nominal,274.5,0
9360,nominal,312.4,0
9361,nominal,312.4,0
9362,nominal,315.8,0
9363,nominal,309.0,0
9364,nominal,276.4,0
9365,nominal,295.0,0
9366,nominal,287.7,0
9367,broken,274.5,0
9368,nominal,371.4,0
9369,nominal,386.8,0
9370,nominal,377.1,1
9371,broken,301.2,0
9372,nominal,359.8,0
9373,nominal,399.0,0
9374,thin,256.5,1
9375,nominal,274.5,0
9376,broken,327.4,0
9377,thin,245.9,0
9378,nominal,362.7,0
9379,nominal,314.1,0
9380,nominal,270.6,1
9381,nominal,303.8,0
9382,nominal,307.3,0
9383,nominal,319.2,0
9384,nominal,314.1,1
9385,nominal,274.5,1
9386,nominal,303.8,1
9387,nominal,287.7,1
9388,nominal,310.7,1
9389,nominal,295.0,1
9390,nominal,309.0,1
9391,nominal,287.7,1
9392,nominal,418.4,1
9393,nominal,385.4,1
9394,nominal,386.8,1
9395,nominal,364.2,1
9396,nominal,393.6,1
9397,nominal,392.3,1
9398,nominal,293.2,1
9399,nominal,278.3,1
9400,nominal,415.9,1
9401,thin,256.5,1
9402,nominal,399.0,1
9403,nominal,329.0,1
9404,nominal,285.8,1
9405,nominal,322.5,1
9406,nominal,343.2,1
9407,nominal,329.0,1
9408,nominal,289.5,1
9409,nominal,287.7,1
9410,nominal,280.2,1
9411,nominal,282.1,1
9412,nominal,330.6,1
9413,nominal,314.1,1
9414,nominal,319.2,1
9415,nominal,325.8,1
9416,nominal,399.0,1
9417,nominal,375.7,1
9418,nominal,385.4,1
9419,nominal,367.1,1
9420,nominal,427.2,1
9421,nominal,381.3,1
9422,nominal,274.5,1
9423,thin,252.3,1
9424,nominal,402.9,1
9425,thin,250.2,1
9426,nominal,374.3,1
9427,nominal,330.6,1
9428,nominal,272.5,1
9429,nominal,324.1,1
9430,nominal,332.2,1
9431,nominal,340.1,1
9432,nominal,282.1,1
9433,nominal,270.6,1
9434,nominal,287.7,1
9435,nominal,266.6,1
9436,nominal,319.2,1
9437,nominal,319.2,1
9438,nominal,314.1,1
9439,nominal,324.1,1
9440,nominal,382.7,1
9441,nominal,393.6,1
9442,nominal,389.5,1
9443,nominal,392.3,1
9444,nominal,355.4,1
9445,nominal,395.0,1
9446,nominal,262.6,1
9447,thin,243.8,1
9448,nominal,417.2,1
9449,thin,254.4,1
9450,nominal,340.1,0
9451,nominal,322.5,1
9452,nominal,272.5,1
9453,nominal,320.8,1
9454,nominal,312.4,1
9455,nominal,310.7,1
9456,nominal,280.2,1
9457,nominal,278.3,1
9458,nominal,280.2,1
9459,nominal,274.5,1
9460,nominal,337.0,1
9461,nominal,333.8,1
9462,nominal,329.0,1
9463,nominal,327.4,1
9464,nominal,408.2,1
9465,nominal,382.7,1
9466,nominal,396.3,1
9467,nominal,408.2,1
9468,nominal,402.9,1
9469,nominal,389.5,1
9470,nominal,276.4,1
9471,thin,254.4,1
9472,nominal,421.0,1
9473,thin,256.5,1
9474,nominal,372.8,1
9475,nominal,322.5,1
9476,thin,248.1,1
9477,nominal,309.0,1
9478,nominal,319.2,1
9479,nominal,319.2,1
9480,nominal,268.6,1
9481,nominal,272.5,1
9482,nominal,264.6,1
9483,nominal,272.5,1
9484,nominal,320.8,1
9485,nominal,324.1,1
9486,nominal,322.5,1
9487,nominal,312.4,1
9488,nominal,395.0,1
9489,nominal,408.2,1
9490,nominal,390.9,1
9491,nominal,396.3,1
9492,nominal,421.0,1
9493,nominal,362.7,1
9494,thin,256.5,1
9495,nominal,262.6,1
9496,nominal,399.0,1
9497,nominal,278.3,1
9498,nominal,385.4,0
9499,nominal,303.8,1
9500,thin,223.3,1
9501,nominal,295.0,1
9502,nominal,314.1,1
9503,nominal,315.8,1
9504,nominal,274.5,1
9505,nominal,282.1,1
9506,nominal,278.3,1
9507,nominal,284.0,1
9508,nominal,315.8,1
9509,nominal,319.2,1
9510,nominal,322.5,1
9511,nominal,319.2,1
9512,nominal,406.9,1
9513,nominal,423.5,1
9514,nominal,364.2,1
9515,thick,439.5,1
9516,nominal,434.6,1
9517,nominal,374.3,1
9518,thin,239.4,1
9519,nominal,285.8,1
9520,nominal,379.9,1
9521,nominal,287.7,1
9522,nominal,378.5,1
9523,nominal,303.8,1
9524,thin,237.2,1
9525,nominal,317.5,1
9526,nominal,329.0,1
9527,nominal,325.8,1
9528,thin,260.6,1
9529,nominal,276.4,1
9530,thin,260.6,1
9531,nominal,289.5,1
9532,nominal,338.5,1
9533,nominal,327.4,1
9534,nominal,320.8,1
9535,nominal,317.5,1
9536,nominal,392.3,1
9537,nominal,385.4,1
9538,nominal,382.7,1
9539,nominal,405.6,1
9540,nominal,393.6,1
9541,nominal,386.8,1
9542,thin,225.7,1
9543,nominal,272.5,1
9544,nominal,426.0,0
9545,nominal,284.0,1
9546,nominal,362.7,1
9547,nominal,329.0,1
9548,thin,218.5,1
9549,nominal,340.1,1
9550,nominal,320.8,1
9551,nominal,322.5,1
9552,nominal,266.6,1
9553,nominal,280.2,0
9554,nominal,268.6,1
9555,nominal,278.3,1
9556,nominal,325.8,1
9557,nominal,332.2,1
9558,nominal,320.8,1
9559,nominal,327.4,1
9560,nominal,395.0,0
9561,nominal,355.4,0
9562,nominal,393.6,1
9563,nominal,388.2,0
9564,nominal,388.2,0
9565,nominal,417.2,1
9566,thin,211.1,1
9567,nominal,287.7,0
9568,nominal,389.5,0
9569,nominal,291.4,0
9570,nominal,409.5,1
9571,nominal,333.8,1
9572,thin,237.2,1
9573,nominal,337.0,1
9574,nominal,324.1,1
9575,nominal,314.1,1
9576,nominal,284.0,1
9577,thin,260.6,0
9578,nominal,282.1,1
9579,nominal,285.8,0
9580,nominal,317.5,0
9581,nominal,314.1,1
9582,nominal,307.3,0
9583,nominal,315.8,0
9584,broken,274.5,0
9585,nominal,295.0,0
9586,nominal,293.2,0
9587,broken,289.5,0
9588,nominal,338.5,0
9589,nominal,399.0,0
9590,nominal,397.6,0
9591,nominal,346.3,0
9592,nominal,384.1,0
9593,nominal,395.0,0
9594,thin,252.3,1
9595,thin,256.5,0
9596,nominal,325.8,0
9597,broken,203.4,1
9598,nominal,385.4,0
9599,nominal,314.1,0
9600,nominal,264.6,1
9601,nominal,312.4,0
9602,nominal,332.2,0
9603,nominal,312.4,0
9604,nominal,317.5,1
9605,nominal,295.0,1
9606,nominal,298.6,1
9607,nominal,285.8,1
9608,nominal,307.3,1
9609,nominal,287.7,1
9610,nominal,289.5,1
9611,nominal,307.3,1
9612,nominal,349.3,1
9613,nominal,389.5,1
9614,nominal,365.7,1
9615,nominal,368.5,1
9616,broken,333.8,0
9617,nominal,390.9,1
9618,nominal,295.0,1
9619,nominal,262.6,1
9620,nominal,419.7,1
9621,thin,254.4,1
9622,nominal,379.9,1
9623,nominal,324.1,1
9624,nominal,285.8,1
9625,nominal,333.8,1
9626,nominal,319.2,1
9627,nominal,320.8,1
9628,nominal,302.1,1
9629,nominal,278.3,1
9630,nominal,298.6,1
9631,nominal,280.2,1
9632,nominal,317.5,1
9633,nominal,315.8,1
9634,nominal,302.1,1
9635,nominal,303.8,1
9636,nominal,382.7,1
9637,nominal,395.0,1
9638,nominal,395.0,1
9639,nominal,381.3,1
9640,nominal,424.7,1
9641,nominal,384.1,1
9642,nominal,282.1,1
9643,thin,239.4,1
9644,nominal,415.9,1
9645,thin,248.1,1
9646,nominal,390.9,1
9647,nominal,327.4,1
9648,nominal,272.5,1
9649,nominal,325.8,1
9650,nominal,327.4,1
9651,nominal,320.8,1
9652,nominal,270.6,1
9653,nominal,278.3,1
9654,nominal,276.4,1
9655,nominal,270.6,1
9656,nominal,325.8,1
9657,nominal,332.2,1
9658,nominal,330.6,1
9659,nominal,338.5,1
9660,nominal,412.0,1
9661,nominal,375.7,1
9662,nominal,402.9,1
9663,broken,320.8,0
9664,nominal,406.9,1
9665,nominal,395.0,1
9666,nominal,280.2,1
9667,thin,260.6,1
9668,nominal,386.8,1
9669,thin,260.6,1
9670,nominal,365.7,1
9671,nominal,314.1,1
9672,nominal,266.6,1
9673,nominal,310.7,1
9674,nominal,329.0,1
9675,nominal,322.5,1
9676,nominal,262.6,1
9677,nominal,274.5,1
9678,thin,256.5,1
9679,nominal,274.5,1
9680,nominal,324.1,1
9681,nominal,327.4,1
9682,nominal,320.8,1
9683,nominal,325.8,1
9684,nominal,412.0,1
9685,nominal,396.3,1
9686,nominal,412.0,1
9687,nominal,390.9,1
9688,nominal,404.2,1
9689,nominal,392.3,1
9690,nominal,270.6,1
9691,thin,250.2,1
9692,nominal,382.7,1
9693,nominal,262.6,1
9694,nominal,368.5,0
9695,nominal,329.0,1
9696,thin,256.5,1
9697,nominal,324.1,1
9698,nominal,305.6,1
9699,nominal,319.2,1
9700,nominal,272.5,1
9701,nominal,285.8,1
9702,nominal,266.6,1
9703,nominal,272.5,1
9704,nominal,309.0,1
9705,nominal,324.1,1
9706,nominal,314.1,1
9707,nominal,314.1,1
9708,nominal,405.6,1
9709,broken,326.4,0
9710,nominal,392.3,1
9711,nominal,355.4,0
9712,broken,332.2,0
9713,nominal,378.5,1
9714,thin,260.6,1
9715,nominal,285.8,1
9716,nominal,389.5,1
9717,nominal,274.5,1
9718,nominal,377.1,1
9719,nominal,312.4,1
9720,thin,252.3,1
9721,nominal,314.1,1
9722,nominal,324.1,1
9723,nominal,317.5,1
9724,nominal,276.4,1
9725,nominal,291.4,1
9726,thin,258.6,1
9727,nominal,284.0,1
9728,nominal,320.8,1
9729,nominal,319.2,1
9730,nominal,312.4,1
9731,nominal,317.5,1
9732,nominal,427.2,1
9733,nominal,421.0,1
9734,nominal,422.2,1
9735,broken,313.3,1
9736,nominal,408.2,1
9737,nominal,384.1,1
9738,thin,252.3,1
9739,nominal,285.8,1
9740,nominal,424.7,1
9741,nominal,287.7,1
9742,nominal,378.5,1
9743,nominal,340.1,1
9744,thin,237.2,1
9745,nominal,329.0,1
9746,nominal,320.8,1
9747,nominal,320.8,1
9748,nominal,276.4,1
9749,nominal,282.1,1
9750,nominal,266.6,1
9751,nominal,284.0,1
9752,nominal,322.5,1
9753,nominal,329.0,1
9754,nominal,327.4,1
9755,nominal,322.5,1
9756,nominal,408.2,1
9757,nominal,395.0,1
9758,nominal,409.5,1
9759,nominal,349.3,0
9760,nominal,356.8,1
9761,nominal,389.5,1
9762,thin,237.2,1
9763,nominal,287.7,1
9764,nominal,426.0,0
9765,nominal,285.8,1
9766,nominal,386.8,1
9767,nominal,335.4,1
9768,thin,220.9,1
9769,nominal,322.5,1
9770,nominal,332.2,1
9771,nominal,333.8,1
9772,nominal,266.6,1
9773,nominal,300.3,0
9774,nominal,274.5,1
9775,nominal,291.4,1
9776,nominal,333.8,1
9777,nominal,333.8,1
9778,missing,0.0,1
9779,nominal,332.2,1
9780,nominal,374.3,0
9781,nominal,386.8,1
9782,nominal,370.0,1
9783,nominal,396.3,0
9784,nominal,410.8,0
9785,nominal,433.4,1
9786,thin,218.5,1
9787,nominal,291.4,1
9788,nominal,422.2,0
9789,nominal,293.2,0
9790,nominal,396.3,1
9791,nominal,332.2,1
9792,thin,234.9,1
9793,nominal,320.8,1
9794,nominal,332.2,1
9795,nominal,327.4,1
9796,nominal,274.5,1
9797,nominal,284.0,0
9798,nominal,293.2,1
9799,nominal,303.8,0
9800,nominal,312.4,1
9801,nominal,317.5,1
9802,nominal,317.5,1
9803,nominal,319.2,1
9804,nominal,285.8,0
9805,nominal,298.6,0
9806,nominal,280.2,0
9807,nominal,289.5,0
9808,nominal,365.7,0
9809,nominal,350.8,0
9810,nominal,385.4,1
9811,broken,310.7,0
9812,nominal,379.9,0
9813,nominal,390.9,0
9814,thin,232.6,1
9815,nominal,282.1,0
9816,nominal,320.8,0
9817,thin,254.4,0
9818,nominal,371.4,0
9819,nominal,320.8,0
9820,thin,260.6,1
9821,nominal,324.1,0
9822,nominal,325.8,0
9823,nominal,325.8,0
9824,nominal,324.1,1
9825,nominal,278.3,1
9826,nominal,310.7,1
9827,nominal,278.3,1
9828,nominal,315.8,1
9829,nominal,299.4,1
9830,nominal,300.3,1
9831,nominal,305.6,1
9832,nominal,395.0,1
9833,nominal,368.5,1
9834,nominal,327.4,1
9835,nominal,332.2,1
9836,missing,0.0,0
9837,missing,0.0,0
9838,missing,0.0,0
9839,missing,0.0,0
9840,nominal,397.6,1
9841,nominal,356.8,1
9842,nominal,312.4,1
9843,thin,258.6,1
9844,nominal,392.3,1
9845,thin,252.3,1
9846,nominal,361.3,1
9847,nominal,317.5,1
9848,nominal,287.7,1
9849,nominal,325.8,1
9850,necked,320.8,1
9851,nominal,303.8,1
9852,nominal,310.7,1
9853,nominal,280.2,1
9854,nominal,307.3,1
9855,nominal,284.0,1
9856,nominal,314.1,1
9857,necked,322.5,1
9858,nominal,296.8,1
9859,nominal,314.1,1
9860,nominal,382.7,1
9861,nominal,343.2,1
9862,nominal,359.8,1
9863,nominal,372.8,1
9864,missing,0.0,0
9865,missing,0.0,0
9866,missing,0.0,0
9867,missing,0.0,0
9868,nominal,356.8,1
9869,nominal,350.8,1
9870,nominal,291.4,1
9871,thin,250.2,1
9872,nominal,382.7,1
9873,thin,244.9,1
9874,nominal,350.8,1
9875,nominal,324.1,1
9876,nominal,268.6,1
9877,nominal,319.2,1
9878,necked,317.5,1
9879,nominal,310.7,1
9880,nominal,285.8,1
9881,nominal,268.6,1
9882,nominal,303.8,1
9883,nominal,266.6,1
9884,nominal,324.1,1
9885,nominal,311.6,1
9886,nominal,314.1,1
9887,nominal,319.2,1
9888,nominal,359.8,1
9889,nominal,377.1,1
9890,nominal,397.6,1
9891,nominal,370.0,1
9892,missing,0.0,0
9893,missing,0.0,0
9894,missing,0.0,0
9895,missing,0.0,0
9896,nominal,365.7,1
9897,nominal,327.4,1
9898,nominal,284.0,1
9899,thin,243.8,1
9900,nominal,344.7,1
9901,nominal,268.6,1
9902,nominal,377.1,1
9903,nominal,330.6,1
9904,nominal,282.1,1
9905,nominal,315.8,1
9906,nominal,315.0,1
9907,nominal,315.8,1
9908,nominal,284.0,1
9909,nominal,276.4,1
9910,broken,278.3,1
9911,nominal,282.1,1
9912,nominal,314.1,1
9913,nominal,312.4,1
9914,nominal,317.5,1
9915,nominal,309.0,1
9916,nominal,367.1,1
9917,nominal,356.8,1
9918,nominal,382.7,1
9919,nominal,397.6,1
9920,missing,0.0,0
9921,missing,0.0,0
9922,missing,0.0,0
9923,missing,0.0,0
9924,nominal,367.1,1
9925,nominal,382.7,1
9926,nominal,276.4,1
9927,nominal,287.7,1
9928,nominal,386.8,1
9929,nominal,284.0,1
9930,nominal,335.4,1
9931,nominal,307.3,1
9932,nominal,274.5,1
9933,nominal,312.4,1
9934,nominal,305.6,1
9935,nominal,315.8,1
9936,nominal,266.6,1
9937,nominal,282.1,1
9938,broken,283.0,1
9939,nominal,262.6,1
9940,nominal,310.7,1
9941,nominal,315.8,1
9942,nominal,302.1,1
9943,nominal,314.1,1
9944,nominal,400.3,1
9945,nominal,397.6,1
9946,nominal,388.2,1
9947,nominal,381.3,1
9948,missing,0.0,0
9949,missing,0.0,0
9950,missing,0.0,0
9951,missing,0.0,0
9952,nominal,386.8,1
9953,nominal,355.4,1
9954,broken,285.8,1
9955,nominal,272.5,1
9956,nominal,332.2,1
9957,nominal,298.6,1
9958,nominal,386.8,1
9959,nominal,310.7,1
9960,nominal,268.6,1
9961,nominal,314.1,1
9962,broken,292.3,1
9963,nominal,314.1,1
9964,nominal,274.5,1
9965,nominal,282.1,1
9966,broken,291.4,1
9967,nominal,282.1,1
9968,nominal,307.3,1
9969,broken,302.1,1
9970,nominal,314.1,1
9971,nominal,298.6,1
9972,nominal,389.5,1
9973,nominal,396.3,1
9974,nominal,409.5,1
9975,nominal,377.1,1
9976,missing,0.0,0
9977,missing,0.0,0
9978,missing,0.0,0
9979,missing,0.0,0
9980,nominal,359.8,1
9981,nominal,381.3,1
9982,broken,271.6,1
9983,nominal,287.7,1
9984,nominal,402.9,1
9985,nominal,278.3,1
9986,nominal,399.0,1
9987,nominal,324.1,1
9988,thin,260.6,1
9989,nominal,314.1,1
9990,broken,303.0,1
9991,nominal,305.6,1
9992,thin,258.6,1
9993,nominal,295.0,1
9994,broken,270.6,1
9995,nominal,303.8,1
9996,nominal,312.4,1
9997,broken,302.1,1
9998,nominal,317.5,1
9999,nominal,303.8,1
10000,nominal,413.3,1
10001,nominal,371.4,1
10002,nominal,337.0,1
10003,missing,0.0,1
10004,missing,0.0,0
10005,missing,0.0,0
10006,missing,0.0,0
10007,missing,0.0,0
10008,nominal,372.8,1
10009,nominal,367.1,1
10010,broken,272.5,1
10011,nominal,278.3,1
10012,nominal,386.8,1
10013,nominal,282.1,1
10014,nominal,381.3,1
10015,nominal,324.1,1
10016,thin,234.9,1
10017,nominal,315.8,1
10018,broken,310.7,1
10019,nominal,319.2,1
10020,nominal,264.6,1
10021,nominal,305.6,1
10022,broken,284.0,1
10023,nominal,312.4,1
10024,nominal,310.7,1
10025,broken,322.5,1
10026,nominal,309.0,1
10027,nominal,347.8,1
10028,nominal,359.8,0
10029,nominal,405.6,1
10030,nominal,301.9,1
10031,nominal,365.7,0
10032,missing,0.0,0
10033,missing,0.0,0
10034,missing,0.0,0
10035,missing,0.0,0
10036,nominal,365.7,0
10037,nominal,370.0,1
10038,broken,254.4,1
10039,nominal,280.2,1
10040,nominal,347.8,0
10041,nominal,284.0,1
10042,nominal,401.6,1
10043,nominal,324.1,1
10044,thin,230.3,1
10045,nominal,324.1,1
10046,broken,327.4,1
10047,nominal,315.8,1
10048,nominal,276.4,1
10049,nominal,307.3,0
10050,broken,291.4,1
10051,nominal,320.8,0
10052,nominal,309.0,0
10053,broken,315.8,1
10054,nominal,309.0,1
10055,nominal,303.8,1
10056,nominal,287.7,0
10057,thin,258.7,0
10058,nominal,291.4,0
10059,nominal,274.5,0
10060,nominal,358.3,0
10061,nominal,359.8,1
10062,nominal,344.7,1
10063,nominal,343.2,0
10064,missing,0.0,0
10065,missing,0.0,0
10066,missing,0.0,0
10067,missing,0.0,0
10068,nominal,381.3,0
10069,nominal,392.3,1
10070,broken,267.6,1
10071,nominal,274.5,0
10072,nominal,352.4,0
10073,nominal,300.3,0
10074,nominal,382.7,1
10075,nominal,324.1,1
10076,thin,245.9,1
10077,nominal,315.8,0
10078,broken,327.4,1
10079,nominal,317.5,1
10080,nominal,266.6,1
10081,nominal,310.7,1
10082,nominal,264.6,1
10083,nominal,302.1,1
10084,nominal,300.3,1
10085,nominal,293.2,1
10086,nominal,285.8,1
10087,nominal,284.0,1
10088,nominal,309.0,1
10089,nominal,319.2,1
10090,nominal,332.2,1
10091,nominal,347.8,1
10092,nominal,386.8,1
10093,nominal,362.7,1
10094,thin,250.2,1
10095,nominal,317.5,1
10096,nominal,340.1,1
10097,nominal,272.5,1
10098,nominal,361.3,1
10099,nominal,315.8,1
10100,thin,243.8,1
10101,nominal,315.8,1
10102,nominal,320.8,1
10103,nominal,315.8,1
10104,nominal,264.6,1
10105,nominal,305.6,1
10106,thin,239.4,1
10107,nominal,285.8,1
10108,nominal,302.1,1
10109,nominal,307.3,1
10110,nominal,305.6,1
10111,nominal,300.3,1
10112,broken,327.4,1
10113,nominal,384.1,1
10114,nominal,364.2,1
10115,nominal,352.4,1
10116,nominal,375.7,1
10117,nominal,352.4,1
10118,thin,228.0,1
10119,nominal,296.8,1
10120,broken,295.0,1
10121,nominal,287.7,1
10122,nominal,379.9,1
10123,nominal,309.0,1
10124,thin,248.1,1
10125,nominal,305.6,1
10126,nominal,310.7,1
10127,nominal,314.1,1
10128,nominal,274.5,1
10129,nominal,310.7,1
10130,thin,243.8,1
10131,nominal,280.2,1
10132,nominal,312.4,1
10133,nominal,309.0,1
10134,nominal,305.6,1
10135,nominal,310.7,1
10136,nominal,340.1,1
10137,nominal,365.7,1
10138,nominal,327.4,1
10139,nominal,384.1,1
10140,nominal,374.3,1
10141,nominal,375.7,1
10142,thin,245.9,1
10143,nominal,285.8,1
10144,nominal,377.1,1
10145,nominal,268.6,1
10146,nominal,350.8,1
10147,nominal,312.4,1
10148,nominal,266.6,1
10149,nominal,302.1,1
10150,nominal,291.4,1
10151,nominal,310.7,1
10152,thin,256.5,1
10153,nominal,282.1,1
10154,thin,245.9,1
10155,nominal,274.5,1
10156,nominal,309.0,1
10157,nominal,329.0,1
10158,nominal,295.0,1
10159,nominal,314.1,1
10160,nominal,362.7,1
10161,nominal,372.8,1
10162,nominal,389.5,1
10163,nominal,361.3,1
10164,nominal,379.9,1
10165,nominal,405.6,1
10166,thin,260.6,1
10167,nominal,280.2,1
10168,nominal,364.2,1
10169,nominal,266.6,1
10170,nominal,374.3,1
10171,nominal,293.2,1
10172,nominal,262.6,1
10173,nominal,303.8,1
10174,nominal,303.8,1
10175,nominal,307.3,1
10176,thin,254.4,1
10177,broken,285.8,1
10178,thin,248.1,1
10179,nominal,270.6,1
10180,nominal,310.7,1
10181,nominal,302.1,1
10182,nominal,305.6,1
10183,nominal,302.1,1
10184,nominal,367.1,1
10185,nominal,355.4,1
10186,nominal,305.6,1
10187,nominal,372.8,1
10188,nominal,389.5,1
10189,nominal,375.7,1
10190,thin,230.3,1
10191,nominal,280.2,1
10192,nominal,337.0,1
10193,nominal,264.6,1
10194,nominal,302.1,1
10195,nominal,278.3,1
10196,thin,252.3,1
10197,nominal,296.8,1
10198,nominal,291.4,1
10199,nominal,312.4,1
10200,nominal,264.6,1
10201,nominal,278.3,1
10202,thin,248.1,1
10203,nominal,272.5,1
10204,nominal,293.2,1
10205,nominal,302.1,1
10206,nominal,296.8,1
10207,nominal,305.6,1
10208,nominal,341.7,1
10209,nominal,314.1,1
10210,nominal,319.2,1
10211,nominal,392.3,1
10212,nominal,371.4,1
10213,nominal,367.1,1
10214,nominal,262.6,1
10215,broken,260.6,1
10216,nominal,393.6,1
10217,nominal,266.6,1
10218,nominal,361.3,1
10219,nominal,300.3,1
10220,nominal,262.6,1
10221,nominal,287.7,1
10222,nominal,314.1,1
10223,nominal,303.8,1
10224,nominal,293.2,1
10225,nominal,285.8,1
10226,nominal,266.6,1
10227,nominal,274.5,1
10228,nominal,312.4,1
10229,nominal,293.2,1
10230,nominal,300.3,1
10231,nominal,309.0,1
10232,nominal,368.5,1
10233,nominal,337.0,1
10234,nominal,262.6,1
10235,nominal,379.9,1
10236,nominal,385.4,1
10237,nominal,359.8,1
10238,nominal,266.6,1
10239,nominal,285.8,1
10240,nominal,389.5,1
10241,nominal,262.6,1
10242,nominal,382.7,1
10243,nominal,312.4,1
10244,nominal,270.6,1
10245,nominal,315.8,1
10246,nominal,296.8,1
10247,nominal,314.1,1
10248,nominal,291.4,1
10249,nominal,282.1,1
10250,nominal,293.2,1
10251,nominal,266.6,1
10252,nominal,315.8,1
10253,nominal,317.5,0
10254,nominal,317.5,0
10255,nominal,305.6,1
10256,nominal,343.2,1
10257,nominal,302.1,1
10258,nominal,344.7,1
10259,nominal,325.8,1
10260,broken,326.6,1
10261,nominal,386.8,1
10262,nominal,266.6,1
10263,nominal,268.6,1
10264,nominal,409.5,0
10265,thin,241.6,1
10266,nominal,375.7,1
10267,nominal,310.7,1
10268,nominal,284.0,1
10269,nominal,307.3,0
10270,nominal,314.1,1
10271,nominal,322.5,0
10272,nominal,307.3,1
10273,nominal,272.5,0
10274,nominal,315.8,1
10275,nominal,276.4,1
10276,nominal,303.8,0
10277,nominal,295.0,0
10278,nominal,296.8,0
10279,nominal,298.6,0
10280,nominal,268.6,0
10281,nominal,268.6,0
10282,nominal,280.2,0
10283,thin,254.4,0
10284,nominal,364.2,1
10285,nominal,324.1,1
10286,nominal,324.1,1
10287,nominal,303.8,0
10288,nominal,386.8,0
10289,nominal,325.8,1
10290,nominal,284.0,1
10291,nominal,268.6,1
10292,nominal,361.3,0
10293,nominal,270.6,0
10294,nominal,346.3,1
10295,nominal,310.7,0
10296,nominal,309.0,1
10297,nominal,307.3,0
10298,broken,285.8,1
10299,nominal,310.7,0
10300,nominal,284.0,1
10301,nominal,296.8,1
10302,thin,252.3,1
10303,nominal,300.3,1
10304,nominal,303.8,1
10305,nominal,285.8,1
10306,nominal,285.8,1
10307,nominal,289.5,1
10308,nominal,379.9,1
10309,nominal,375.7,1
10310,nominal,327.4,1
10311,nominal,377.1,1
10312,nominal,367.1,1
10313,nominal,371.4,1
10314,thin,232.6,1
10315,nominal,302.1,1
10316,nominal,397.6,1
10317,nominal,266.6,1
10318,nominal,365.7,1
10319,nominal,319.2,1
10320,thin,232.6,1
10321,nominal,312.4,1
10322,nominal,291.4,1
10323,nominal,327.4,1
10324,thin,250.2,1
10325,nominal,298.6,1
10326,thin,234.9,1
10327,nominal,291.4,1
10328,nominal,303.8,1
10329,nominal,314.1,1
10330,nominal,309.0,1
10331,nominal,309.0,1
10332,nominal,392.3,1
10333,nominal,397.6,1
10334,nominal,384.1,1
10335,nominal,355.4,1
10336,nominal,397.6,1
10337,nominal,361.3,1
10338,thin,213.6,1
10339,nominal,284.0,1
10340,broken,278.3,0
10341,nominal,270.6,1
10342,nominal,384.1,1
10343,nominal,319.2,1
10344,thin,218.5,1
10345,nominal,319.2,1
10346,nominal,322.5,1
10347,nominal,317.5,1
10348,thin,248.1,1
10349,nominal,285.8,1
10350,thin,220.9,1
10351,nominal,270.6,1
10352,nominal,307.3,1
10353,nominal,320.8,1
10354,nominal,307.3,1
10355,nominal,307.3,1
10356,nominal,361.3,1
10357,nominal,381.3,1
10358,nominal,361.3,1
10359,nominal,392.3,1
10360,nominal,370.0,1
10361,nominal,386.8,1
10362,thin,200.8,1
10363,nominal,285.8,1
10364,nominal,396.3,1
10365,thin,258.6,1
10366,nominal,377.1,1
10367,nominal,307.3,1
10368,thin,241.6,1
10369,nominal,312.4,1
10370,nominal,324.1,1
10371,nominal,314.1,1
10372,thin,206.0,1
10373,nominal,272.5,1
10374,thin,200.8,1
10375,nominal,282.1,1
10376,nominal,310.7,1
10377,nominal,320.8,1
10378,nominal,302.1,1
10379,nominal,320.8,1
10380,nominal,401.6,1
10381,nominal,388.2,1
10382,nominal,413.3,1
10383,nominal,402.9,1
10384,nominal,414.6,1
10385,nominal,368.5,1
10386,thin,203.4,1
10387,nominal,268.6,1
10388,nominal,375.7,1
10389,thin,252.3,1
10390,nominal,361.3,1
10391,nominal,287.7,1
10392,thin,220.9,1
10393,nominal,309.0,1
10394,nominal,287.7,1
10395,nominal,307.3,1
10396,thin,237.2,1
10397,nominal,272.5,1
10398,thin,220.9,1
10399,nominal,274.5,1
10400,nominal,310.7,1
10401,nominal,305.6,1
10402,nominal,314.1,1
10403,nominal,302.1,1
10404,nominal,401.6,1
10405,nominal,417.2,1
10406,nominal,371.4,1
10407,nominal,393.6,1
10408,broken,324.1,1
10409,nominal,379.9,1
10410,thin,232.6,1
10411,nominal,262.6,1
10412,nominal,350.8,1
10413,thin,256.5,1
10414,nominal,368.5,1
10415,nominal,298.6,1
10416,thin,245.9,1
10417,nominal,296.8,1
10418,nominal,280.2,1
10419,nominal,302.1,1
10420,thin,234.9,1
10421,thin,258.6,1
10422,thin,230.3,1
10423,nominal,266.6,1
10424,nominal,302.1,1
10425,nominal,296.8,1
10426,nominal,303.8,1
10427,nominal,298.6,1
10428,nominal,384.1,1
10429,nominal,346.3,1
10430,nominal,375.7,1
10431,nominal,410.8,1
10432,nominal,381.3,1
10433,nominal,350.8,1
10434,thin,200.8,1
10435,nominal,274.5,1
10436,nominal,372.8,1
10437,thin,252.3,1
10438,nominal,343.2,1
10439,nominal,315.8,1
10440,thin,248.1,1
10441,nominal,307.3,1
10442,nominal,309.0,1
10443,nominal,295.0,1
10444,thin,245.9,1
10445,nominal,262.6,1
10446,thin,245.9,1
10447,thin,254.4,1
10448,nominal,307.3,1
10449,nominal,312.4,1
10450,nominal,300.3,1
10451,nominal,320.8,1
10452,nominal,409.5,1
10453,nominal,365.7,1
10454,nominal,335.4,1
10455,nominal,412.0,1
10456,nominal,400.3,0
10457,nominal,359.8,1
10458,thin,232.6,1
10459,thin,256.5,1
10460,nominal,397.6,1
10461,thin,245.9,1
10462,nominal,356.8,1
10463,nominal,322.5,1
10464,thin,260.6,1
10465,nominal,310.7,1
10466,nominal,307.3,1
10467,nominal,309.0,1
10468,thin,260.6,1
10469,nominal,266.6,1
10470,nominal,268.6,1
10471,nominal,262.6,1
10472,nominal,310.7,1
10473,nominal,314.1,1
10474,nominal,305.6,1
10475,nominal,317.5,1
10476,nominal,388.2,0
10477,nominal,358.3,1
10478,nominal,377.1,1
10479,nominal,399.0,0
10480,nominal,386.8,0
10481,nominal,368.5,1
10482,thin,256.5,1
10483,thin,250.2,1
10484,nominal,397.6,0
10485,thin,245.9,1
10486,nominal,395.0,1
10487,nominal,330.6,1
10488,nominal,276.4,1
10489,nominal,314.1,0
10490,nominal,312.4,1
10491,nominal,314.1,1
10492,nominal,291.4,1
10493,nominal,280.2,0
10494,nominal,310.7,1
10495,nominal,268.6,0
10496,nominal,305.6,0
10497,nominal,312.4,0
10498,nominal,298.6,0
10499,nominal,305.6,0
10500,nominal,272.5,0
10501,nominal,284.0,0
10502,nominal,278.3,0
10503,nominal,264.6,0
10504,nominal,368.5,0
10505,nominal,315.8,1
10506,nominal,361.3,1
10507,necked,305.6,0
10508,nominal,386.8,0
10509,nominal,367.1,1
10510,thin,256.5,1
10511,nominal,272.5,0
10512,nominal,330.6,0
10513,thin,252.3,0
10514,nominal,377.1,1
10515,nominal,307.3,0
10516,nominal,284.0,1
10517,nominal,305.6,0
10518,nominal,300.3,0
10519,nominal,300.3,0
10520,nominal,268.6,1
10521,nominal,285.8,1
10522,thin,245.9,1
10523,nominal,300.3,1
10524,nominal,291.4,1
10525,nominal,300.3,1
10526,nominal,274.5,1
10527,nominal,303.8,1
10528,nominal,381.3,1
10529,nominal,325.8,1
10530,nominal,395.0,1
10531,nominal,396.3,1
10532,nominal,370.0,1
10533,nominal,362.7,1
10534,thin,258.6,1
10535,nominal,284.0,1
10536,nominal,382.7,1
10537,nominal,272.5,1
10538,nominal,329.0,1
10539,nominal,317.5,1
10540,thin,218.5,1
10541,nominal,325.8,1
10542,nominal,303.8,1
10543,nominal,335.4,1
10544,thin,225.7,1
10545,nominal,284.0,1
10546,thin,237.2,1
10547,nominal,272.5,1
10548,nominal,302.1,1
10549,nominal,303.8,1
10550,nominal,295.0,1
10551,nominal,315.8,1
10552,nominal,389.5,1
10553,nominal,329.0,1
10554,nominal,401.6,1
10555,nominal,388.2,1
10556,nominal,406.9,1
10557,nominal,397.6,1
10558,thin,228.0,1
10559,nominal,270.6,1
10560,nominal,341.7,1
10561,nominal,266.6,1
10562,nominal,329.0,1
10563,nominal,317.5,1
10564,thin,200.8,1
10565,nominal,315.8,1
10566,nominal,315.8,1
10567,nominal,320.8,1
10568,thin,223.3,1
10569,nominal,280.2,1
10570,thin,223.3,1
10571,nominal,270.6,1
10572,nominal,325.8,1
10573,nominal,315.8,1
10574,nominal,322.5,1
10575,nominal,310.7,1
10576,nominal,424.7,1
10577,nominal,322.5,1
10578,nominal,375.7,1
10579,nominal,400.3,1
10580,nominal,395.0,1
10581,nominal,389.5,1
10582,thin,184.3,1
10583,nominal,268.6,1
10584,nominal,385.4,1
10585,nominal,264.6,1
10586,nominal,375.7,1
10587,nominal,315.8,1
10588,thin,200.8,1
10589,nominal,312.4,1
10590,nominal,310.7,1
10591,nominal,300.3,1
10592,thin,220.9,1
10593,nominal,278.3,1
10594,thin,200.8,1
10595,nominal,280.2,1
10596,nominal,314.1,1
10597,nominal,307.3,1
10598,nominal,309.0,1
10599,nominal,327.4,1
10600,nominal,400.3,1
10601,nominal,367.1,1
10602,nominal,399.0,1
10603,nominal,424.7,1
10604,nominal,392.3,1
10605,nominal,384.1,1
10606,thin,172.4,1
10607,nominal,272.5,1
10608,nominal,385.4,1
10609,nominal,278.3,1
10610,nominal,350.8,1
10611,nominal,307.3,1
10612,thin,206.0,1
10613,nominal,300.3,1
10614,nominal,298.6,1
10615,nominal,319.2,1
10616,thin,206.0,1
10617,nominal,274.5,1
10618,thin,206.0,1
10619,nominal,270.6,1
10620,nominal,314.1,1
10621,nominal,303.8,1
10622,nominal,300.3,1
10623,nominal,310.7,1
10624,nominal,429.7,1
10625,nominal,395.0,1
10626,nominal,392.3,1
10627,thick,438.3,1
10628,nominal,415.9,1
10629,nominal,379.9,1
10630,thin,192.7,1
10631,nominal,278.3,1
10632,nominal,353.9,1
10633,nominal,266.6,1
10634,nominal,333.8,1
10635,nominal,298.6,1
10636,thin,216.1,1
10637,nominal,312.4,1
10638,nominal,276.4,1
10639,nominal,295.0,1
10640,thin,228.0,1
10641,nominal,276.4,1
10642,thin,220.9,1
10643,nominal,268.6,1
10644,nominal,289.5,1
10645,nominal,303.8,1
10646,nominal,298.6,1
10647,nominal,317.5,1
10648,nominal,430.9,1
10649,nominal,399.0,1
10650,nominal,392.3,1
10651,broken,368.5,0
10652,nominal,375.7,1
10653,nominal,377.1,1
10654,thin,230.3,1
10655,nominal,264.6,1
10656,nominal,382.7,1
10657,thin,250.2,1
10658,nominal,379.9,1
10659,nominal,298.6,1
10660,thin,213.6,1
10661,nominal,305.6,1
10662,nominal,298.6,1
10663,nominal,319.2,1
10664,thin,230.3,1
10665,thin,252.3,1
10666,thin,241.6,1
10667,nominal,278.3,1
10668,nominal,317.5,1
10669,nominal,312.4,1
10670,nominal,319.2,1
10671,nominal,324.1,1
10672,nominal,397.6,1
10673,nominal,362.7,1
10674,nominal,347.8,1
10675,nominal,396.3,1
10676,nominal,382.7,1
10677,nominal,367.1,1
10678,thin,228.0,1
10679,nominal,272.5,1
10680,nominal,399.0,1
10681,thin,258.6,1
10682,nominal,382.7,1
10683,nominal,317.5,1
10684,thin,245.9,1
10685,nominal,315.8,1
10686,nominal,317.5,1
10687,nominal,310.7,1
10688,thin,252.3,1
10689,nominal,268.6,1
10690,thin,256.5,1
10691,nominal,272.5,1
10692,nominal,320.8,1
10693,nominal,310.7,1
10694,nominal,310.7,1
10695,nominal,315.8,1
10696,nominal,371.4,0
10697,nominal,352.4,1
10698,nominal,353.9,1
10699,nominal,370.0,0
10700,nominal,408.2,1
10701,nominal,344.7,1
10702,thin,232.6,1
10703,nominal,264.6,1
10704,nominal,385.4,0
10705,thin,256.5,1
10706,nominal,371.4,1
10707,nominal,324.1,0
10708,nominal,270.6,1
10709,nominal,329.0,0
10710,nominal,312.4,0
10711,nominal,315.8,0
10712,thin,252.3,1
10713,nominal,262.6,0
10714,nominal,287.7,1
10715,nominal,272.5,0
10716,nominal,293.2,0
10717,nominal,295.0,0
10718,nominal,296.8,0
10719,nominal,305.6,0
10720,thin,254.4,0
10721,nominal,274.5,0
10722,nominal,268.6,0
10723,thin,260.6,0
10724,nominal,356.8,0
10725,nominal,300.3,1
10726,nominal,393.6,1
10727,nominal,347.8,0
10728,nominal,404.2,0
10729,nominal,365.7,1
10730,nominal,262.6,1
10731,nominal,262.6,0
10732,nominal,298.6,0
10733,thin,260.6,0
10734,nominal,340.1,1
10735,nominal,291.4,0
10736,nominal,296.8,1
10737,nominal,280.2,0
10738,nominal,295.0,0
10739,nominal,300.3,0
10740,nominal,272.5,1
10741,nominal,280.2,1
10742,thin,248.1,1
10743,nominal,303.8,1
10744,nominal,300.3,1
10745,nominal,305.6,1
10746,nominal,298.6,1
10747,nominal,315.8,1
10748,nominal,353.9,1
10749,nominal,305.6,1
10750,nominal,347.8,1
10751,nominal,375.7,1
10752,nominal,434.6,1
10753,nominal,384.1,1
10754,nominal,266.6,1
10755,nominal,298.6,1
10756,nominal,372.8,1
10757,nominal,276.4,1
10758,nominal,347.8,1
10759,nominal,315.8,1
10760,thin,239.4,1
10761,nominal,314.1,1
10762,nominal,319.2,1
10763,nominal,317.5,1
10764,thin,241.6,1
10765,nominal,285.8,1
10766,thin,241.6,1
10767,nominal,270.6,1
10768,nominal,310.7,1
10769,nominal,325.8,1
10770,nominal,315.8,1
10771,nominal,317.5,1
10772,nominal,390.9,1
10773,nominal,365.7,1
10774,nominal,359.8,1
10775,nominal,427.2,1
10776,nominal,338.5,1
10777,nominal,361.3,1
10778,thin,230.3,1
10779,nominal,270.6,1
10780,nominal,415.9,1
10781,nominal,264.6,1
10782,nominal,371.4,1
10783,nominal,325.8,1
10784,thin,208.6,1
10785,nominal,320.8,1
10786,nominal,309.0,1
10787,nominal,314.1,1
10788,thin,243.8,1
10789,nominal,270.6,1
10790,thin,250.2,1
10791,nominal,270.6,1
10792,nominal,324.1,1
10793,nominal,315.8,1
10794,nominal,317.5,1
10795,nominal,307.3,1
10796,nominal,402.9,1
10797,nominal,362.7,1
10798,nominal,370.0,1
10799,nominal,426.0,1
10800,nominal,399.0,1
10801,nominal,356.8,1
10802,thin,213.6,1
10803,nominal,268.6,1
10804,nominal,402.9,1
10805,thin,260.6,1
10806,nominal,341.7,1
10807,nominal,314.1,1
10808,thin,206.0,1
10809,nominal,305.6,1
10810,nominal,320.8,1
10811,nominal,310.7,1
10812,thin,206.0,1
10813,nominal,276.4,1
10814,thin,208.6,1
10815,nominal,272.5,1
10816,nominal,310.7,1
10817,nominal,322.5,1
10818,nominal,317.5,1
10819,nominal,319.2,1
10820,nominal,419.7,1
10821,nominal,356.8,1
10822,nominal,409.5,1
10823,nominal,415.9,1
10824,nominal,433.4,1
10825,nominal,346.3,1
10826,thin,206.0,1
10827,nominal,280.2,1
10828,nominal,362.7,1
10829,nominal,274.5,1
10830,nominal,389.5,1
10831,nominal,298.6,1
10832,thin,200.8,1
10833,nominal,303.8,1
10834,nominal,305.6,1
10835,nominal,310.7,1
10836,thin,213.6,1
10837,nominal,274.5,1
10838,thin,218.5,1
10839,nominal,272.5,1
10840,nominal,310.7,1
10841,nominal,315.8,1
10842,nominal,312.4,1
10843,nominal,319.2,1
10844,nominal,377.1,1
10845,nominal,337.0,1
10846,nominal,385.4,1
10847,nominal,405.6,1
10848,nominal,378.5,1
10849,nominal,356.8,1
10850,thin,189.9,1
10851,nominal,266.6,1
10852,nominal,362.7,1
10853,thin,258.6,1
10854,nominal,374.3,1
10855,nominal,274.5,1
10856,thin,206.0,1
10857,nominal,291.4,1
10858,nominal,274.5,1
10859,nominal,293.2,1
10860,thin,200.8,1
10861,nominal,278.3,1
10862,thin,203.4,1
10863,nominal,280.2,1
10864,nominal,296.8,1
10865,nominal,309.0,1
10866,nominal,310.7,1
10867,nominal,312.4,1
10868,nominal,372.8,1
10869,nominal,410.8,1
10870,nominal,368.5,1
10871,nominal,358.3,1
10872,nominal,386.8,1
10873,nominal,362.7,1
10874,thin,213.6,1
10875,thin,260.6,1
10876,nominal,377.1,1
10877,thin,254.4,1
10878,nominal,397.6,1
10879,nominal,298.6,1
10880,thin,213.6,1
10881,nominal,317.5,1
10882,nominal,307.3,1
10883,nominal,302.1,1
10884,thin,220.9,1
10885,nominal,284.0,1
10886,thin,218.5,1
10887,nominal,276.4,1
10888,nominal,320.8,1
10889,nominal,315.8,1
10890,nominal,319.2,1
10891,nominal,317.5,1
10892,nominal,372.8,1
10893,nominal,382.7,1
10894,nominal,368.5,1
10895,nominal,406.9,1
10896,nominal,341.7,1
10897,nominal,346.3,1
10898,thin,206.0,1
10899,nominal,274.5,1
10900,nominal,402.9,1
10901,nominal,264.6,1
10902,nominal,388.2,1
10903,nominal,325.8,1
10904,thin,211.1,1
10905,nominal,314.1,1
10906,nominal,307.3,1
10907,nominal,319.2,1
10908,thin,250.2,1
10909,nominal,274.5,0
10910,thin,248.1,1
10911,thin,258.6,1
10912,nominal,314.1,1
10913,nominal,298.6,1
10914,nominal,310.7,1
10915,nominal,307.3,1
10916,nominal,365.7,1
10917,nominal,359.8,0
10918,nominal,370.0,1
10919,nominal,397.6,0
10920,nominal,402.9,1
10921,nominal,340.1,1
10922,thin,234.9,1
10923,nominal,262.6,1
10924,nominal,395.0,0
10925,nominal,268.6,0
10926,nominal,402.9,1
10927,nominal,320.8,1
10928,thin,254.4,1
10929,nominal,317.5,0
10930,nominal,319.2,1
10931,nominal,314.1,1
10932,thin,243.8,1
10933,thin,250.2,0
10934,thin,260.6,1
10935,nominal,268.6,0
10936,nominal,305.6,0
10937,nominal,303.8,0
10938,nominal,298.6,0
10939,nominal,310.7,0
10940,nominal,270.6,0
10941,nominal,291.4,0
10942,nominal,268.6,0
10943,nominal,272.5,0
10944,broken,309.9,0
10945,nominal,350.8,1
10946,nominal,374.3,1
10947,broken,323.3,0
10948,broken,201.1,1
10949,nominal,386.8,1
10950,thin,248.1,1
10951,nominal,270.6,0
10952,nominal,362.7,0
10953,thin,241.6,0
10954,nominal,359.8,1
10955,nominal,298.6,0
10956,nominal,276.4,1
10957,nominal,298.6,0
10958,nominal,295.0,0
10959,nominal,302.1,0
10960,nominal,268.6,1
10961,nominal,272.5,1
10962,thin,260.6,1
10963,nominal,293.2,1
10964,nominal,319.2,1
10965,nominal,305.6,1
10966,nominal,315.8,1
10967,nominal,315.8,1
10968,nominal,365.7,1
10969,broken,320.8,0
10970,nominal,368.5,1
10971,nominal,401.6,1
10972,nominal,364.2,1
10973,nominal,365.7,0
10974,thin,260.6,1
10975,nominal,293.2,1
10976,nominal,362.7,1
10977,nominal,266.6,1
10978,nominal,384.1,1
10979,nominal,310.7,1
10980,thin,248.1,1
10981,nominal,325.8,1
10982,nominal,319.2,1
10983,nominal,319.2,1
10984,thin,248.1,1
10985,nominal,276.4,1
10986,thin,254.4,1
10987,nominal,282.1,1
10988,nominal,314.1,1
10989,nominal,314.1,1
10990,nominal,325.8,1
10991,nominal,312.4,1
10992,nominal,400.3,1
10993,nominal,372.8,1
10994,nominal,413.3,1
10995,nominal,385.4,1
10996,nominal,338.5,1
10997,nominal,379.9,1
10998,thin,232.6,1
10999,nominal,268.6,1
11000,nominal,355.4,1
11001,nominal,280.2,1
11002,nominal,379.9,1
11003,nominal,329.0,1
11004,thin,230.3,1
11005,nominal,327.4,1
11006,nominal,315.8,1
11007,nominal,317.5,1
11008,thin,237.2,1
11009,nominal,270.6,1
11010,thin,230.3,1
11011,nominal,274.5,1
11012,nominal,310.7,1
11013,nominal,317.5,1
11014,nominal,324.1,1
11015,nominal,314.1,1
11016,nominal,409.5,1
11017,nominal,353.9,1
11018,nominal,395.0,1
11019,nominal,368.5,1
11020,nominal,428.5,1
11021,nominal,364.2,1
11022,thin,213.6,1
11023,thin,256.5,1
11024,nominal,381.3,1
11025,nominal,262.6,1
11026,nominal,364.2,1
11027,nominal,315.8,1
11028,thin,203.4,1
11029,nominal,324.1,1
11030,nominal,312.4,1
11031,nominal,315.8,1
11032,thin,241.6,1
11033,nominal,284.0,1
11034,thin,239.4,1
11035,nominal,282.1,1
11036,nominal,322.5,1
11037,nominal,305.6,1
11038,nominal,324.1,1
11039,nominal,325.8,1
11040,nominal,422.2,1
11041,broken,335.4,1
11042,nominal,370.0,1
11043,nominal,408.2,1
11044,nominal,397.6,1
11045,nominal,307.3,1
11046,thin,192.7,1
11047,nominal,262.6,1
11048,nominal,395.0,1
11049,thin,252.3,1
11050,nominal,343.2,1
11051,nominal,314.1,1
11052,thin,203.4,1
11053,nominal,303.8,1
11054,nominal,302.1,1
11055,nominal,320.8,1
11056,thin,208.6,1
11057,nominal,272.5,1
11058,thin,223.3,1
11059,nominal,264.6,1
11060,nominal,314.1,1
11061,nominal,338.5,1
11062,nominal,325.8,1
11063,nominal,317.5,1
11064,nominal,362.7,1
11065,nominal,372.8,1
11066,nominal,395.0,1
11067,nominal,392.3,1
11068,nominal,371.4,1
11069,nominal,350.8,1
11070,thin,189.9,1
11071,nominal,266.6,1
11072,nominal,370.0,1
11073,nominal,266.6,1
11074,nominal,350.8,1
11075,nominal,270.6,1
11076,thin,189.9,1
11077,nominal,291.4,1
11078,nominal,289.5,1
11079,nominal,282.1,1
11080,thin,211.1,1
11081,nominal,276.4,1
11082,thin,206.0,1
11083,nominal,280.2,1
11084,nominal,330.6,1
11085,nominal,319.2,1
11086,nominal,307.3,1
11087,nominal,312.4,1
11088,nominal,371.4,1
11089,nominal,389.5,1
11090,nominal,402.9,1
11091,broken,312.4,0
11092,nominal,367.1,1
11093,nominal,382.7,1
11094,thin,195.5,1
11095,nominal,268.6,1
11096,nominal,362.7,1
11097,nominal,262.6,1
11098,nominal,401.6,1
11099,nominal,302.1,1
11100,thin,208.6,1
11101,nominal,310.7,1
11102,nominal,309.0,1
11103,nominal,315.8,1
11104,thin,220.9,1
11105,nominal,272.5,1
11106,thin,211.1,1
11107,nominal,289.5,1
11108,nominal,317.5,1
11109,nominal,329.0,1
11110,nominal,317.5,1
11111,nominal,324.1,1
11112,nominal,362.7,1
11113,nominal,371.4,1
11114,nominal,406.9,1
11115,nominal,401.6,1
11116,nominal,356.8,1
11117,nominal,412.0,1
11118,thin,195.5,1
11119,nominal,268.6,1
11120,nominal,404.2,1
11121,nominal,289.5,1
11122,nominal,404.2,1
11123,nominal,322.5,1
11124,thin,228.0,1
11125,nominal,302.1,1
11126,nominal,309.0,1
11127,nominal,324.1,1
11128,thin,239.4,1
11129,nominal,274.5,0
11130,thin,241.6,1
11131,nominal,282.1,1
11132,nominal,315.8,1
11133,nominal,298.6,1
11134,nominal,309.0,1
11135,nominal,312.4,1
11136,nominal,353.9,1
11137,nominal,374.3,1
11138,nominal,388.2,1
11139,nominal,379.9,0
11140,nominal,359.8,0
11141,nominal,409.5,1
11142,thin,232.6,1
11143,thin,256.5,1
11144,nominal,349.3,0
11145,nominal,270.6,0
11146,nominal,362.7,1
11147,nominal,322.5,0
11148,thin,223.3,1
11149,nominal,320.8,0
11150,nominal,314.1,1
11151,nominal,320.8,0
11152,thin,245.9,1
11153,thin,237.2,0
11154,thin,254.4,1
11155,nominal,268.6,0
11156,nominal,319.2,0
11157,nominal,309.0,0
11158,nominal,309.0,0
11159,nominal,298.6,0
11160,nominal,270.6,0
11161,nominal,278.3,0
11162,nominal,274.5,0
11163,nominal,268.6,0
11164,nominal,375.7,0
11165,nominal,343.2,0
11166,nominal,372.8,1
11167,nominal,364.2,0
11168,nominal,386.8,0
11169,nominal,377.1,1
11170,thin,241.6,1
11171,thin,248.1,0
11172,nominal,343.2,0
11173,thin,258.6,0
11174,nominal,396.3,0
11175,nominal,296.8,0
11176,thin,252.3,1
11177,nominal,296.8,0
11178,nominal,317.5,0
11179,nominal,307.3,0
11180,nominal,285.8,1
11181,nominal,278.3,1
11182,nominal,262.6,1
11183,nominal,295.0,1
11184,nominal,325.8,1
11185,nominal,300.3,1
11186,nominal,317.5,1
11187,nominal,307.3,1
11188,nominal,343.2,0
11189,nominal,374.3,1
11190,nominal,381.3,1
11191,nominal,370.0,1
11192,nominal,361.3,1
11193,nominal,414.6,1
11194,nominal,270.6,1
11195,nominal,280.2,1
11196,nominal,385.4,1
11197,nominal,266.6,1
11198,nominal,390.9,1
11199,nominal,310.7,1
11200,thin,256.5,1
11201,nominal,312.4,1
11202,nominal,320.8,1
11203,nominal,320.8,1
11204,thin,260.6,1
11205,nominal,262.6,1
11206,thin,254.4,1
11207,nominal,266.6,1
11208,nominal,320.8,1
11209,nominal,314.1,1
11210,nominal,324.1,1
11211,nominal,317.5,1
11212,nominal,393.6,1
11213,nominal,361.3,1
11214,nominal,386.8,1
11215,nominal,365.7,1
11216,nominal,358.3,1
11217,nominal,388.2,1
11218,thin,228.0,1
11219,nominal,268.6,1
11220,nominal,382.7,1
11221,nominal,274.5,1
11222,nominal,393.6,1
11223,nominal,325.8,1
11224,thin,234.9,1
11225,nominal,305.6,1
11226,nominal,324.1,1
11227,nominal,324.1,1
11228,thin,256.5,1
11229,nominal,289.5,1
11230,thin,250.2,1
11231,nominal,278.3,1
11232,nominal,325.8,1
11233,nominal,329.0,1
11234,nominal,319.2,1
11235,nominal,327.4,1
11236,nominal,393.6,1
11237,broken,340.1,0
11238,nominal,378.5,1
11239,nominal,415.9,1
11240,nominal,404.2,1
11241,nominal,365.7,1
11242,thin,239.4,1
11243,nominal,276.4,1
11244,nominal,384.1,1
11245,thin,254.4,1
11246,nominal,382.7,1
11247,nominal,333.8,1
11248,thin,230.3,1
11249,nominal,327.4,1
11250,nominal,305.6,1
11251,nominal,320.8,1
11252,thin,223.3,1
11253,nominal,264.6,1
11254,thin,230.3,1
11255,nominal,272.5,1
11256,nominal,330.6,1
11257,nominal,320.8,1
11258,nominal,327.4,1
11259,nominal,320.8,1
11260,nominal,392.3,1
11261,nominal,333.8,1
11262,nominal,377.1,1
11263,nominal,372.8,1
11264,nominal,372.8,1
11265,nominal,384.1,1
11266,thin,239.4,1
11267,nominal,272.5,1
11268,nominal,389.5,1
11269,nominal,272.5,1
11270,nominal,370.0,1
11271,nominal,298.6,1
11272,thin,213.6,1
11273,nominal,315.8,1
11274,nominal,324.1,1
11275,nominal,315.8,1
11276,thin,234.9,1
11277,nominal,285.8,1
11278,thin,228.0,1
11279,nominal,270.6,1
11280,nominal,315.8,1
11281,nominal,310.7,1
11282,nominal,315.8,1
11283,nominal,312.4,1
11284,nominal,388.2,1
11285,nominal,382.7,1
11286,nominal,395.0,1
11287,nominal,375.7,1
11288,nominal,390.9,1
11289,nominal,370.0,1
11290,thin,218.5,1
11291,thin,260.6,1
11292,nominal,406.9,1
11293,nominal,272.5,1
11294,nominal,319.2,1
11295,nominal,302.1,1
11296,thin,189.9,1
11297,nominal,291.4,1
11298,nominal,296.8,1
11299,nominal,307.3,1
11300,thin,211.1,1
11301,nominal,268.6,1
11302,thin,203.4,1
11303,nominal,266.6,1
11304,nominal,320.8,1
11305,nominal,322.5,1
11306,nominal,314.1,1
11307,nominal,296.8,1
11308,nominal,358.3,1
11309,nominal,344.7,1
11310,nominal,377.1,1
11311,nominal,421.0,1
11312,nominal,413.3,1
11313,nominal,390.9,1
11314,thin,178.4,1
11315,thin,254.4,1
11316,nominal,382.7,1
11317,nominal,300.3,1
11318,nominal,381.3,1
11319,nominal,315.8,1
11320,thin,187.1,1
11321,nominal,307.3,1
11322,nominal,322.5,1
11323,nominal,307.3,1
11324,thin,223.3,1
11325,nominal,285.8,1
11326,thin,223.3,1
11327,nominal,291.4,1
11328,nominal,322.5,1
11329,nominal,322.5,1
11330,nominal,315.8,1
11331,nominal,315.8,1
11332,nominal,417.2,1
11333,nominal,408.2,1
11334,nominal,384.1,1
11335,nominal,409.5,1
11336,nominal,382.7,1
11337,nominal,377.1,1
11338,thin,192.7,1
11339,nominal,293.2,1
11340,nominal,386.8,0
11341,nominal,270.6,0
11342,nominal,375.7,1
11343,nominal,324.1,1
11344,thin,206.0,1
11345,nominal,325.8,1
11346,nominal,325.8,1
11347,nominal,315.8,1
11348,thin,213.6,1
11349,nominal,284.0,0
11350,thin,237.2,1
11351,nominal,291.4,0
11352,nominal,315.8,1
11353,nominal,322.5,1
11354,nominal,305.6,1
11355,nominal,315.8,1
11356,nominal,350.8,1
11357,nominal,362.7,1
11358,nominal,390.9,1
11359,nominal,388.2,0
11360,broken,350.8,1
11361,nominal,375.7,1
11362,thin,220.9,1
11363,nominal,272.5,1
11364,nominal,382.7,0
11365,nominal,270.6,0
11366,nominal,400.3,1
11367,nominal,319.2,1
11368,thin,230.3,1
11369,nominal,314.1,0
11370,nominal,314.1,1
11371,nominal,319.2,1
11372,thin,252.3,1
11373,thin,234.9,0
11374,nominal,264.6,1
11375,nominal,264.6,0
11376,nominal,307.3,0
11377,nominal,312.4,0
11378,nominal,303.8,0
11379,nominal,307.3,0
11380,nominal,291.4,0
11381,nominal,278.3,0
11382,nominal,270.6,0
11383,broken,284.0,0
11384,nominal,390.9,0
11385,nominal,344.7,0
11386,nominal,364.2,1
11387,nominal,338.5,0
11388,nominal,370.0,0
11389,nominal,381.3,1
11390,thin,243.8,1
11391,nominal,268.6,0
11392,nominal,324.1,0
11393,thin,241.6,0
11394,nominal,344.7,0
11395,nominal,315.8,0
11396,thin,241.6,1
11397,nominal,314.1,0
11398,nominal,314.1,0
11399,nominal,307.3,0
11400,nominal,303.8,1
11401,nominal,274.5,1
11402,nominal,266.6,1
11403,nominal,295.0,1
11404,nominal,309.0,1
11405,nominal,284.0,1
11406,nominal,307.3,1
11407,nominal,284.0,1
11408,nominal,370.0,1
11409,nominal,368.5,1
11410,nominal,370.0,0
11411,nominal,371.4,1
11412,nominal,372.8,1
11413,nominal,396.3,1
11414,nominal,285.8,1
11415,nominal,284.0,1
11416,nominal,414.6,1
11417,nominal,270.6,1
11418,nominal,408.2,1
11419,nominal,317.5,1
11420,nominal,268.6,1
11421,nominal,310.7,1
11422,nominal,325.8,1
11423,nominal,312.4,1
11424,nominal,262.6,1
11425,nominal,276.4,1
11426,thin,258.6,1
11427,nominal,276.4,1
11428,nominal,319.2,1
11429,nominal,319.2,1
11430,nominal,319.2,1
11431,nominal,310.7,1
11432,nominal,405.6,1
11433,nominal,372.8,1
11434,nominal,390.9,1
11435,nominal,381.3,1
11436,nominal,424.7,1
11437,nominal,333.8,1
11438,thin,256.5,1
11439,nominal,262.6,1
11440,nominal,427.2,1
11441,thin,254.4,1
11442,nominal,367.1,1
11443,nominal,317.5,1
11444,thin,228.0,1
11445,nominal,312.4,1
11446,nominal,319.2,1
11447,nominal,329.0,1
11448,thin,245.9,1
11449,nominal,280.2,1
11450,thin,252.3,1
11451,nominal,272.5,1
11452,nominal,312.4,1
11453,nominal,329.0,1
11454,nominal,320.8,1
11455,nominal,314.1,1
11456,nominal,414.6,1
11457,nominal,365.7,1
11458,nominal,361.3,1
11459,nominal,392.3,1
11460,nominal,404.2,1
11461,nominal,390.9,1
11462,thin,239.4,1
11463,nominal,262.6,1
11464,nominal,392.3,1
11465,nominal,274.5,1
11466,nominal,392.3,1
11467,nominal,307.3,1
11468,thin,234.9,1
11469,nominal,314.1,1
11470,nominal,332.2,1
11471,nominal,330.6,1
11472,thin,250.2,1
11473,nominal,282.1,1
11474,thin,243.8,1
11475,nominal,284.0,1
11476,nominal,320.8,1
11477,nominal,312.4,1
11478,nominal,319.2,1
11479,nominal,310.7,1
11480,nominal,412.0,1
11481,nominal,379.9,1
11482,nominal,389.5,1
11483,nominal,365.7,1
11484,nominal,401.6,1
11485,nominal,365.7,1
11486,thin,232.6,1
11487,nominal,278.3,1
11488,nominal,405.6,1
11489,nominal,266.6,1
11490,nominal,340.1,1
11491,nominal,319.2,1
11492,thin,237.2,1
11493,nominal,307.3,1
11494,nominal,317.5,1
11495,nominal,312.4,1
11496,thin,234.9,1
11497,nominal,285.8,1
11498,thin,237.2,1
11499,nominal,285.8,1
11500,nominal,329.0,1
11501,nominal,317.5,1
11502,nominal,324.1,1
11503,nominal,320.8,1
11504,nominal,379.9,1
11505,nominal,382.7,1
11506,nominal,379.9,1
11507,nominal,423.5,1
11508,nominal,412.0,1
11509,nominal,367.1,1
11510,thin,243.8,1
11511,thin,260.6,1
11512,nominal,368.5,1
11513,nominal,278.3,1
11514,nominal,389.5,1
11515,nominal,315.8,1
11516,thin,211.1,1
11517,nominal,296.8,1
11518,nominal,307.3,1
11519,nominal,293.2,1
11520,thin,252.3,1
11521,nominal,285.8,1
11522,thin,248.1,1
11523,nominal,287.7,1
11524,nominal,322.5,1
11525,nominal,320.8,1
11526,nominal,320.8,1
11527,nominal,300.3,1
11528,nominal,352.4,1
11529,nominal,435.8,1
11530,nominal,404.2,1
11531,nominal,405.6,1
11532,nominal,429.7,1
11533,nominal,379.9,1
11534,thin,216.1,1
11535,nominal,285.8,1
11536,nominal,385.4,1
11537,nominal,293.2,1
11538,nominal,415.9,1
11539,nominal,312.4,1
11540,thin,181.4,1
11541,nominal,310.7,1
11542,nominal,305.6,1
11543,nominal,320.8,1
11544,thin,223.3,1
11545,nominal,298.6,1
11546,thin,220.9,1
11547,nominal,295.0,1
11548,nominal,333.8,1
11549,nominal,329.0,1
11550,nominal,329.0,1
11551,nominal,302.1,1
11552,nominal,343.2,1
11553,nominal,392.3,1
11554,nominal,412.0,1
11555,broken,337.0,1
11556,nominal,358.3,1
11557,nominal,388.2,1
11558,thin,189.9,1
11559,nominal,278.3,1
11560,nominal,409.5,0
11561,nominal,298.6,1
11562,nominal,352.4,1
11563,nominal,324.1,1
11564,thin,200.8,1
11565,nominal,314.1,1
11566,nominal,307.3,1
11567,nominal,320.8,1
11568,thin,223.3,1
11569,nominal,272.5,0
11570,thin,241.6,1
11571,nominal,302.1,1
11572,nominal,327.4,1
11573,nominal,329.0,1
11574,nominal,327.4,1
11575,nominal,314.1,1
11576,nominal,368.5,0
11577,nominal,392.3,0
11578,nominal,400.3,1
11579,nominal,368.5,0
11580,nominal,377.1,0
11581,nominal,389.5,1
11582,thin,192.7,1
11583,nominal,280.2,0
11584,nominal,410.8,0
11585,nominal,272.5,0
11586,nominal,413.3,1
11587,nominal,319.2,1
11588,thin,218.5,1
11589,nominal,327.4,1
11590,nominal,315.8,1
11591,nominal,322.5,1
11592,thin,248.1,1
11593,nominal,264.6,0
11594,nominal,262.6,1
11595,nominal,285.8,0
11596,nominal,317.5,0
11597,nominal,314.1,1
11598,nominal,319.2,0
11599,nominal,310.7,0
11600,broken,280.2,0
11601,nominal,282.1,0
11602,nominal,278.3,0
11603,nominal,293.2,0
11604,nominal,375.7,0
11605,nominal,344.7,0
11606,nominal,361.3,1
11607,nominal,327.4,0
11608,nominal,375.7,0
11609,nominal,371.4,0
11610,thin,234.9,1
11611,nominal,278.3,0
11612,nominal,362.7,0
11613,thin,248.1,0
11614,nominal,375.7,0
11615,nominal,317.5,0
11616,thin,252.3,1
11617,nominal,300.3,0
11618,nominal,329.0,0
11619,nominal,317.5,0
11620,nominal,305.6,1
11621,nominal,284.0,1
11622,nominal,295.0,1
11623,nominal,276.4,1
11624,nominal,296.8,1
11625,nominal,298.6,1
11626,nominal,309.0,1
11627,nominal,287.7,1
11628,nominal,374.3,1
11629,nominal,303.8,0
11630,nominal,386.8,1
11631,nominal,400.3,1
11632,nominal,401.6,1
11633,nominal,349.3,1
11634,nominal,300.3,1
11635,nominal,284.0,1
11636,nominal,405.6,1
11637,thin,256.5,1
11638,nominal,385.4,1
11639,nominal,327.4,1
11640,nominal,268.6,1
11641,nominal,320.8,1
11642,nominal,315.8,1
11643,nominal,327.4,1
11644,nominal,284.0,1
11645,nominal,280.2,1
11646,nominal,276.4,1
11647,nominal,266.6,1
11648,nominal,325.8,1
11649,nominal,319.2,1
11650,missing,0.0,1
11651,nominal,314.1,1
11652,nominal,393.6,1
11653,nominal,397.6,1
11654,nominal,371.4,1
11655,nominal,399.0,1
11656,nominal,424.7,1
11657,nominal,405.6,1
11658,nominal,270.6,1
11659,nominal,266.6,1
11660,nominal,381.3,1
11661,nominal,266.6,1
11662,nominal,400.3,1
11663,nominal,317.5,1
11664,thin,254.4,1
11665,nominal,322.5,1
11666,nominal,314.1,1
11667,nominal,327.4,1
11668,nominal,268.6,1
11669,nominal,272.5,1
11670,nominal,264.6,1
11671,nominal,272.5,1
11672,nominal,338.5,1
11673,nominal,307.3,1
11674,nominal,312.4,1
11675,nominal,320.8,1
11676,nominal,404.2,1
11677,nominal,362.7,1
11678,nominal,374.3,1
11679,nominal,412.0,1
11680,nominal,406.9,1
11681,broken,352.4,0
11682,nominal,264.6,1
11683,nominal,270.6,1
11684,nominal,418.4,1
11685,nominal,266.6,1
11686,nominal,402.9,1
11687,nominal,325.8,1
11688,thin,254.4,1
11689,nominal,320.8,1
11690,nominal,303.8,1
11691,nominal,300.3,1
11692,thin,252.3,1
11693,nominal,268.6,1
11694,nominal,266.6,1
11695,nominal,272.5,1
11696,nominal,338.5,1
11697,nominal,327.4,1
11698,nominal,314.1,1
11699,nominal,315.8,1
11700,nominal,392.3,1
11701,nominal,389.5,1
11702,nominal,379.9,1
11703,nominal,393.6,1
11704,nominal,396.3,1
11705,nominal,337.0,1
11706,thin,245.9,1
11707,nominal,264.6,1
11708,broken,283.0,0
11709,nominal,270.6,1
11710,nominal,381.3,0
11711,nominal,307.3,1
11712,thin,237.2,1
11713,nominal,315.8,1
11714,nominal,307.3,1
11715,nominal,312.4,1
11716,thin,256.5,1
11717,nominal,285.8,1
11718,thin,250.2,1
11719,nominal,278.3,1
11720,nominal,325.8,1
11721,nominal,309.0,1
11722,nominal,315.8,1
11723,nominal,300.3,1
11724,nominal,428.5,1
11725,nominal,389.5,1
11726,nominal,375.7,1
11727,nominal,396.3,1
11728,nominal,405.6,1
11729,nominal,361.3,1
11730,thin,223.3,1
11731,nominal,278.3,1
11732,nominal,377.1,1
11733,nominal,268.6,1
11734,nominal,401.6,1
11735,nominal,302.1,1
11736,thin,220.9,1
11737,nominal,298.6,1
11738,nominal,322.5,1
11739,nominal,305.6,1
11740,thin,241.6,1
11741,nominal,285.8,1
11742,thin,243.8,1
11743,nominal,278.3,1
11744,nominal,319.2,1
11745,nominal,317.5,1
11746,nominal,309.0,1
11747,nominal,315.8,1
11748,nominal,392.3,1
11749,nominal,399.0,1
11750,nominal,417.2,1
11751,nominal,402.9,1
11752,nominal,410.8,1
11753,nominal,343.2,1
11754,thin,232.6,1
11755,nominal,284.0,1
11756,nominal,410.8,1
11757,nominal,295.0,1
11758,nominal,396.3,1
11759,nominal,325.8,1
11760,thin,208.6,1
11761,nominal,314.1,1
11762,nominal,300.3,1
11763,nominal,322.5,1
11764,nominal,262.6,1
11765,nominal,305.6,1
11766,missing,0.0,1
11767,nominal,285.8,1
11768,nominal,319.2,1
11769,nominal,312.4,1
11770,nominal,325.8,1
11771,nominal,307.3,1
11772,nominal,359.8,1
11773,nominal,412.0,1
11774,nominal,382.7,1
11775,nominal,375.7,1
11776,nominal,388.2,1
11777,nominal,338.5,1
11778,thin,213.6,1
11779,nominal,295.0,1
11780,nominal,389.5,0
11781,nominal,289.5,1
11782,nominal,404.2,1
11783,nominal,322.5,1
11784,thin,208.6,1
11785,nominal,322.5,1
11786,nominal,322.5,1
11787,nominal,340.1,1
11788,thin,237.2,1
11789,nominal,320.8,0
11790,thin,250.2,1
11791,missing,0.0,1
11792,nominal,319.2,1
11793,missing,0.0,1
11794,nominal,320.8,1
11795,nominal,319.2,1
11796,nominal,390.9,0
11797,nominal,399.0,0
11798,nominal,401.6,1
11799,nominal,392.3,0
11800,nominal,379.9,1
11801,broken,333.8,0
11802,thin,211.1,1
11803,nominal,296.8,1
11804,nominal,422.2,0
11805,nominal,296.8,0
11806,nominal,396.3,1
11807,nominal,327.4,1
11808,thin,203.4,1
11809,nominal,322.5,1
11810,nominal,319.2,1
11811,nominal,335.4,1
11812,thin,252.3,1
11813,thin,260.6,0
11814,nominal,270.6,1
11815,nominal,303.8,0
11816,nominal,314.1,1
11817,nominal,312.4,1
11818,nominal,309.0,1
11819,nominal,319.2,1
11820,nominal,285.8,0
11821,nominal,276.4,0
11822,nominal,280.2,0
11823,nominal,291.4,0
11824,nominal,343.2,0
11825,nominal,372.8,0
11826,nominal,375.7,1
11827,nominal,330.6,0
11828,nominal,375.7,0
11829,nominal,364.2,1
11830,thin,228.0,1
11831,nominal,287.7,0
11832,nominal,337.0,0
11833,nominal,270.6,0
11834,nominal,377.1,0
11835,nominal,332.2,0
11836,thin,252.3,1
11837,nominal,312.4,0
11838,nominal,317.5,0
11839,nominal,319.2,0
11840,nominal,317.5,1
11841,nominal,284.0,1
11842,nominal,310.7,1
11843,nominal,276.4,1
11844,nominal,298.6,1
11845,nominal,298.6,1
11846,nominal,287.7,1
11847,nominal,295.0,1
11848,nominal,367.1,1
11849,nominal,375.7,1
11850,nominal,356.8,1
11851,missing,0.0,1
11852,missing,0.0,0
11853,missing,0.0,0
11854,missing,0.0,0
11855,missing,0.0,0
11856,nominal,384.1,1
11857,nominal,341.7,1
11858,nominal,315.8,1
11859,nominal,262.6,1
11860,nominal,353.9,1
11861,thin,258.6,1
11862,nominal,361.3,1
11863,nominal,324.1,1
11864,nominal,280.2,1
11865,nominal,332.2,1
11866,nominal,296.8,1
11867,nominal,315.8,1
11868,nominal,300.3,1
11869,nominal,274.5,1
11870,nominal,298.6,1
11871,nominal,275.4,1
11872,nominal,312.4,1
11873,nominal,284.0,1
11874,nominal,296.8,1
11875,missing,0.0,1
11876,nominal,364.2,1
11877,nominal,393.6,1
11878,missing,0.0,1
11879,nominal,358.3,1
11880,missing,0.0,0
11881,missing,0.0,0
11882,missing,0.0,0
11883,missing,0.0,0
11884,nominal,399.0,1
11885,nominal,355.4,1
11886,nominal,296.8,1
11887,nominal,264.6,1
11888,nominal,379.9,1
11889,thin,260.6,1
11890,nominal,367.1,1
11891,nominal,319.2,1
11892,nominal,278.3,1
11893,nominal,325.8,1
11894,nominal,312.4,1
11895,nominal,309.0,1
11896,nominal,276.4,1
11897,nominal,278.3,1
11898,nominal,282.1,1
11899,nominal,284.0,1
11900,nominal,315.8,1
11901,nominal,309.0,1
11902,nominal,317.5,1
11903,nominal,309.0,1
11904,nominal,335.4,1
11905,nominal,410.8,1
11906,nominal,396.3,1
11907,nominal,364.2,1
11908,missing,0.0,0
11909,missing,0.0,0
11910,missing,0.0,0
11911,missing,0.0,0
11912,nominal,368.5,1
11913,nominal,364.2,1
11914,nominal,282.1,1
11915,nominal,262.6,1
11916,nominal,356.8,1
11917,nominal,280.2,1
11918,nominal,352.4,1
11919,nominal,317.5,1
11920,thin,260.6,1
11921,nominal,305.6,1
11922,nominal,300.3,1
11923,nominal,314.1,1
11924,nominal,266.6,1
11925,nominal,282.1,1
11926,necked,284.0,1
11927,nominal,278.3,1
11928,nominal,317.5,1
11929,necked,300.3,1
11930,nominal,302.1,1
11931,nominal,310.7,1
11932,nominal,379.9,1
11933,nominal,379.9,1
11934,nominal,365.7,1
11935,nominal,395.0,1
11936,missing,0.0,0
11937,missing,0.0,0
11938,missing,0.0,0
11939,missing,0.0,0
11940,nominal,404.2,1
11941,nominal,396.3,1
11942,nominal,267.6,1
11943,nominal,276.4,1
11944,nominal,346.3,1
11945,nominal,268.6,1
11946,nominal,355.4,1
11947,nominal,317.5,1
11948,thin,241.6,1
11949,nominal,315.8,1
11950,nominal,308.2,1
11951,nominal,298.6,1
11952,thin,260.6,1
11953,nominal,284.0,1
11954,broken,271.6,1
11955,nominal,276.4,1
11956,nominal,310.7,1
11957,nominal,310.7,1
11958,nominal,305.6,1
11959,nominal,315.8,1
11960,nominal,341.7,1
11961,nominal,358.3,1
11962,nominal,367.1,1
11963,missing,0.0,1
11964,missing,0.0,0
11965,missing,0.0,0
11966,missing,0.0,0
11967,missing,0.0,0
11968,nominal,385.4,1
11969,nominal,330.6,1
11970,thin,252.3,1
11971,nominal,268.6,1
11972,nominal,370.0,1
11973,nominal,282.1,1
11974,nominal,370.0,1
11975,nominal,317.5,1
11976,thin,243.8,1
11977,nominal,307.3,1
11978,nominal,302.1,1
11979,nominal,314.1,1
11980,thin,256.5,1
11981,nominal,284.0,1
11982,broken,266.6,1
11983,nominal,284.0,1
11984,missing,0.0,1
11985,broken,302.1,1
11986,nominal,298.6,1
11987,nominal,307.3,1
11988,nominal,374.3,1
11989,nominal,402.9,1
11990,nominal,370.0,1
11991,broken,322.5,0
11992,missing,0.0,0
11993,missing,0.0,0
11994,missing,0.0,0
11995,missing,0.0,0
11996,nominal,400.3,1
11997,nominal,350.8,1
11998,broken,260.6,1
11999,nominal,276.4,1
12000,nominal,367.1,1
12001,nominal,293.2,1
12002,nominal,337.0,1
12003,nominal,305.6,1
12004,thin,225.7,1
12005,nominal,320.8,1
12006,broken,289.5,1
12007,nominal,302.1,1
12008,thin,254.4,1
12009,missing,0.0,1
12010,broken,255.5,1
12011,nominal,312.4,1
12012,nominal,315.8,1
12013,broken,293.2,1
12014,nominal,319.2,1
12015,nominal,317.5,1
12016,nominal,400.3,1
12017,missing,0.0,1
12018,nominal,385.4,1
12019,nominal,388.2,1
12020,missing,0.0,0
12021,missing,0.0,0
12022,missing,0.0,0
12023,missing,0.0,0
12024,nominal,390.9,1
12025,nominal,340.1,1
12026,broken,253.4,1
12027,nominal,287.7,1
12028,broken,340.1,0
12029,nominal,296.8,1
12030,nominal,370.0,1
12031,nominal,324.1,1
12032,thin,225.7,1
12033,nominal,322.5,1
12034,broken,307.3,1
12035,nominal,309.0,1
12036,thin,193.2,1
12037,nominal,314.1,0
12038,broken,266.6,1
12039,nominal,310.7,1
12040,missing,0.0,1
12041,broken,318.3,1
12042,nominal,315.8,1
12043,nominal,322.5,1
12044,missing,0.0,1
12045,nominal,347.8,1
12046,nominal,344.7,1
12047,nominal,412.0,0
12048,missing,0.0,0
12049,missing,0.0,0
12050,missing,0.0,0
12051,missing,0.0,0
12052,nominal,377.1,1
12053,nominal,324.1,1
12054,broken,260.6,1
12055,nominal,274.5,1
12056,nominal,400.3,0
12057,nominal,303.8,1
12058,nominal,388.2,1
12059,nominal,319.2,1
12060,thin,230.3,1
12061,nominal,324.1,1
12062,broken,312.4,1
12063,nominal,317.5,1
12064,thin,256.5,1
12065,nominal,303.8,0
12066,broken,262.6,1
12067,nominal,332.2,0
12068,nominal,309.0,1
12069,broken,307.3,1
12070,nominal,298.6,1
12071,nominal,309.0,1
12072,nominal,298.6,0
12073,nominal,272.5,0
12074,nominal,289.5,0
12075,thin,245.9,0
12076,nominal,365.7,0
12077,nominal,341.7,1
12078,nominal,377.1,1
12079,broken,317.5,0
12080,missing,0.0,0
12081,missing,0.0,0
12082,missing,0.0,0
12083,missing,0.0,0
12084,nominal,393.6,0
12085,nominal,349.3,1
12086,broken,258.6,1
12087,nominal,303.8,0
12088,nominal,319.2,0
12089,nominal,314.1,0
12090,nominal,375.7,1
12091,nominal,329.0,1
12092,thin,241.6,1
12093,nominal,303.8,0
12094,broken,295.9,1
12095,nominal,310.7,1
12096,nominal,276.4,1
12097,nominal,317.5,1
12098,thin,254.4,1
12099,nominal,305.6,1
12100,nominal,278.3,1
12101,nominal,291.4,1
12102,nominal,284.0,1
12103,nominal,287.7,1
12104,nominal,375.7,1
12105,nominal,388.2,1
12106,nominal,327.4,1
12107,nominal,352.4,1
12108,nominal,374.3,1
12109,nominal,343.2,1
12110,nominal,280.2,1
12111,nominal,307.3,1
12112,nominal,370.0,1
12113,nominal,285.8,1
12114,nominal,349.3,1
12115,nominal,310.7,1
12116,nominal,270.6,1
12117,nominal,295.0,1
12118,nominal,291.4,1
12119,nominal,309.0,1
12120,nominal,268.6,1
12121,nominal,305.6,1
12122,nominal,262.6,1
12123,nominal,284.0,1
12124,nominal,303.8,1
12125,nominal,309.0,1
12126,nominal,287.7,1
12127,nominal,282.1,1
12128,nominal,332.2,1
12129,nominal,337.0,1
12130,nominal,338.5,1
12131,nominal,337.0,1
12132,nominal,388.2,1
12133,nominal,302.1,1
12134,nominal,266.6,1
12135,nominal,303.8,1
12136,nominal,343.2,1
12137,nominal,274.5,1
12138,nominal,368.5,1
12139,nominal,307.3,1
12140,nominal,274.5,1
12141,nominal,310.7,1
12142,nominal,312.4,1
12143,nominal,303.8,1
12144,nominal,272.5,1
12145,nominal,293.2,1
12146,thin,256.5,1
12147,nominal,280.2,1
12148,nominal,309.0,1
12149,nominal,305.6,1
12150,nominal,303.8,1
12151,nominal,305.6,1
12152,nominal,341.7,1
12153,nominal,375.7,1
12154,nominal,343.2,1
12155,nominal,310.7,1
12156,broken,329.8,1
12157,nominal,356.8,1
12158,nominal,262.6,1
12159,nominal,280.2,1
12160,nominal,358.3,1
12161,nominal,276.4,1
12162,nominal,358.3,1
12163,nominal,296.8,1
12164,nominal,270.6,1
12165,nominal,302.1,1
12166,nominal,309.0,1
12167,nominal,295.0,1
12168,nominal,285.8,1
12169,nominal,278.3,1
12170,thin,256.5,1
12171,nominal,274.5,1
12172,nominal,310.7,1
12173,nominal,315.8,1
12174,nominal,319.2,1
12175,nominal,312.4,1
12176,nominal,340.1,1
12177,nominal,343.2,1
12178,nominal,303.8,1
12179,nominal,378.5,1
12180,nominal,370.0,1
12181,nominal,367.1,1
12182,thin,258.6,1
12183,nominal,287.7,1
12184,nominal,362.7,1
12185,thin,250.2,1
12186,nominal,368.5,1
12187,nominal,315.8,1
12188,nominal,287.7,1
12189,nominal,303.8,1
12190,nominal,282.1,1
12191,nominal,289.5,1
12192,nominal,278.3,1
12193,nominal,272.5,1
12194,nominal,270.6,1
12195,nominal,268.6,1
12196,nominal,302.1,1
12197,nominal,302.1,1
12198,nominal,302.1,1
12199,nominal,307.3,1
12200,nominal,390.9,1
12201,nominal,330.6,1
12202,nominal,337.0,1
12203,nominal,356.8,1
12204,nominal,382.7,1
12205,nominal,359.8,1
12206,nominal,268.6,1
12207,nominal,272.5,1
12208,nominal,335.4,1
12209,nominal,266.6,1
12210,nominal,370.0,1
12211,nominal,300.3,1
12212,nominal,274.5,1
12213,nominal,280.2,1
12214,nominal,278.3,1
12215,nominal,298.6,1
12216,nominal,268.6,1
12217,nominal,266.6,1
12218,nominal,270.6,1
12219,nominal,264.6,1
12220,nominal,298.6,1
12221,nominal,295.0,1
12222,nominal,303.8,1
12223,nominal,291.4,1
12224,nominal,367.1,1
12225,nominal,341.7,1
12226,nominal,317.5,1
12227,nominal,353.9,1
12228,nominal,375.7,1
12229,nominal,365.7,1
12230,thin,260.6,1
12231,nominal,280.2,1
12232,nominal,390.9,1
12233,thin,241.6,1
12234,nominal,377.1,1
12235,nominal,302.1,1
12236,nominal,264.6,1
12237,nominal,285.8,1
12238,nominal,282.1,1
12239,nominal,309.0,1
12240,nominal,284.0,1
12241,nominal,282.1,1
12242,nominal,272.5,1
12243,nominal,278.3,1
12244,nominal,300.3,1
12245,nominal,303.8,1
12246,nominal,296.8,1
12247,nominal,291.4,1
12248,nominal,367.1,1
12249,nominal,322.5,1
12250,nominal,330.6,1
12251,nominal,367.1,1
12252,nominal,386.8,1
12253,nominal,368.5,1
12254,thin,258.6,1
12255,nominal,262.6,1
12256,nominal,402.9,1
12257,thin,258.6,1
12258,nominal,368.5,1
12259,nominal,295.0,1
12260,nominal,293.2,1
12261,nominal,295.0,1
12262,nominal,300.3,1
12263,nominal,312.4,1
12264,nominal,293.2,1
12265,nominal,276.4,1
12266,nominal,274.5,1
12267,nominal,268.6,1
12268,nominal,314.1,1
12269,nominal,307.3,1
12270,nominal,300.3,1
12271,nominal,302.1,1
12272,nominal,378.5,1
12273,nominal,341.7,1
12274,nominal,347.8,1
12275,nominal,358.3,1
12276,nominal,355.4,1
12277,nominal,364.2,1
12278,nominal,266.6,1
12279,nominal,264.6,1
12280,nominal,349.3,1
12281,broken,234.9,1
12282,nominal,382.7,1
12283,nominal,305.6,0
12284,nominal,298.6,1
12285,nominal,315.8,0
12286,broken,237.2,1
12287,nominal,312.4,0
12288,nominal,322.5,1
12289,nominal,274.5,0
12290,nominal,303.8,1
12291,thin,258.6,1
12292,nominal,284.0,0
12293,nominal,302.1,0
12294,nominal,296.8,0
12295,nominal,295.0,0
12296,nominal,276.4,0
12297,nominal,268.6,0
12298,nominal,268.6,0
12299,thin,260.6,0
12300,nominal,341.7,1
12301,nominal,327.4,1
12302,nominal,335.4,1
12303,nominal,335.4,0
12304,nominal,393.6,0
12305,nominal,356.8,1
12306,nominal,291.4,1
12307,nominal,278.3,1
12308,nominal,356.8,0
12309,nominal,268.6,0
12310,nominal,361.3,1
12311,nominal,298.6,0
12312,nominal,303.8,1
12313,nominal,282.1,0
12314,nominal,282.1,0
12315,nominal,289.5,0
12316,nominal,276.4,1
12317,nominal,296.8,1
12318,thin,232.6,1
12319,nominal,302.1,1
12320,nominal,293.2,1
12321,nominal,293.2,1
12322,nominal,300.3,1
12323,nominal,284.0,1
12324,nominal,358.3,1
12325,nominal,305.6,1
12326,nominal,364.2,1
12327,nominal,343.2,1
12328,broken,322.4,1
12329,nominal,344.7,1
12330,nominal,282.1,1
12331,nominal,293.2,1
12332,nominal,350.8,1
12333,nominal,270.6,1
12334,nominal,353.9,1
12335,nominal,305.6,1
12336,thin,256.5,1
12337,nominal,303.8,1
12338,nominal,305.6,1
12339,nominal,303.8,1
12340,thin,254.4,1
12341,nominal,278.3,1
12342,thin,228.0,1
12343,nominal,282.1,1
12344,nominal,303.8,1
12345,nominal,307.3,1
12346,nominal,300.3,1
12347,nominal,305.6,1
12348,nominal,352.4,1
12349,nominal,386.8,1
12350,nominal,365.7,1
12351,nominal,364.2,1
12352,broken,304.7,0
12353,nominal,356.8,1
12354,thin,254.4,1
12355,nominal,270.6,1
12356,nominal,359.8,1
12357,nominal,262.6,1
12358,nominal,358.3,1
12359,nominal,310.7,1
12360,nominal,262.6,1
12361,nominal,303.8,1
12362,nominal,312.4,1
12363,nominal,325.8,1
12364,thin,252.3,1
12365,nominal,278.3,1
12366,thin,248.1,1
12367,nominal,262.6,1
12368,nominal,310.7,1
12369,nominal,314.1,1
12370,nominal,307.3,1
12371,nominal,298.6,1
12372,nominal,388.2,1
12373,nominal,352.4,1
12374,nominal,350.8,1
12375,nominal,367.1,1
12376,nominal,389.5,1
12377,nominal,355.4,1
12378,thin,254.4,1
12379,nominal,272.5,1
12380,nominal,374.3,1
12381,nominal,264.6,1
12382,nominal,367.1,1
12383,nominal,314.1,1
12384,nominal,264.6,1
12385,nominal,291.4,1
12386,nominal,305.6,1
12387,nominal,315.8,1
12388,thin,258.6,1
12389,nominal,266.6,1
12390,thin,250.2,1
12391,nominal,266.6,1
12392,nominal,309.0,1
12393,nominal,309.0,1
12394,nominal,303.8,1
12395,nominal,300.3,1
12396,nominal,338.5,1
12397,nominal,353.9,1
12398,nominal,361.3,1
12399,broken,291.4,1
12400,nominal,393.6,1
12401,nominal,330.6,1
12402,thin,254.4,1
12403,thin,258.6,1
12404,nominal,389.5,1
12405,thin,237.2,1
12406,nominal,359.8,1
12407,nominal,295.0,1
12408,thin,260.6,1
12409,nominal,293.2,1
12410,nominal,300.3,1
12411,nominal,303.8,1
12412,thin,241.6,1
12413,nominal,270.6,1
12414,thin,258.6,1
12415,nominal,270.6,1
12416,nominal,296.8,1
12417,nominal,314.1,1
12418,nominal,300.3,1
12419,nominal,293.2,1
12420,nominal,370.0,1
12421,nominal,367.1,1
12422,nominal,388.2,1
12423,nominal,338.5,1
12424,nominal,400.3,1
12425,nominal,346.3,1
12426,thin,258.6,1
12427,thin,248.1,1
12428,nominal,374.3,1
12429,thin,225.7,1
12430,nominal,347.8,1
12431,nominal,287.7,1
12432,thin,260.6,1
12433,nominal,293.2,1
12434,nominal,270.6,1
12435,nominal,296.8,1
12436,thin,245.9,1
12437,nominal,262.6,1
12438,thin,245.9,1
12439,thin,260.6,1
12440,nominal,300.3,1
12441,nominal,305.6,1
12442,nominal,309.0,1
12443,nominal,305.6,1
12444,nominal,381.3,1
12445,nominal,356.8,1
12446,nominal,381.3,1
12447,nominal,395.0,1
12448,nominal,410.8,1
12449,nominal,353.9,1
12450,thin,254.4,1
12451,thin,248.1,1
12452,nominal,379.9,1
12453,thin,239.4,1
12454,nominal,356.8,1
12455,nominal,309.0,1
12456,nominal,264.6,1
12457,nominal,303.8,1
12458,nominal,289.5,1
12459,nominal,295.0,1
12460,thin,256.5,1
12461,nominal,270.6,1
12462,thin,243.8,1
12463,thin,256.5,1
12464,nominal,302.1,1
12465,nominal,307.3,1
12466,nominal,300.3,1
12467,nominal,303.8,1
12468,nominal,372.8,1
12469,nominal,340.1,1
12470,nominal,296.8,1
12471,nominal,392.3,1
12472,nominal,386.8,1
12473,nominal,340.1,1
12474,thin,260.6,1
12475,thin,241.6,1
12476,nominal,384.1,1
12477,thin,241.6,1
12478,nominal,399.0,1
12479,nominal,315.8,1
12480,thin,250.2,1
12481,nominal,310.7,1
12482,nominal,312.4,1
12483,nominal,303.8,1
12484,nominal,282.1,1
12485,nominal,262.6,1
12486,nominal,282.1,1
12487,thin,258.6,1
12488,missing,0.0,1
12489,nominal,312.4,1
12490,nominal,310.7,1
12491,nominal,302.1,1
12492,nominal,396.3,1
12493,nominal,371.4,1
12494,nominal,358.3,1
12495,nominal,385.4,1
12496,nominal,361.3,1
12497,broken,356.8,1
12498,nominal,264.6,1
12499,thin,256.5,1
12500,nominal,384.1,0
12501,thin,237.2,1
12502,nominal,330.6,1
12503,nominal,302.1,1
12504,nominal,276.4,1
12505,nominal,317.5,0
12506,nominal,295.0,1
12507,nominal,307.3,1
12508,nominal,295.0,1
12509,thin,260.6,0
12510,nominal,303.8,1
12511,thin,248.1,0
12512,nominal,298.6,0
12513,nominal,302.1,0
12514,nominal,296.8,0
12515,nominal,298.6,0
12516,broken,218.5,0
12517,nominal,278.3,0
12518,thin,256.5,0
12519,thin,237.2,0
12520,nominal,358.3,0
12521,nominal,317.5,1
12522,nominal,378.5,1
12523,nominal,370.0,0
12524,nominal,384.1,0
12525,nominal,385.4,1
12526,nominal,270.6,1
12527,nominal,266.6,0
12528,nominal,367.1,0
12529,thin,250.2,0
12530,nominal,333.8,1
12531,nominal,296.8,0
12532,nominal,307.3,1
12533,nominal,291.4,0
12534,nominal,274.5,0
12535,nominal,298.6,0
12536,nominal,282.1,1
12537,nominal,295.0,1
12538,thin,252.3,1
12539,nominal,285.8,1
12540,nominal,291.4,1
12541,nominal,302.1,1
12542,nominal,289.5,1
12543,nominal,309.0,1
12544,nominal,370.0,1
12545,nominal,364.2,1
12546,nominal,385.4,1
12547,nominal,371.4,1
12548,nominal,371.4,1
12549,nominal,274.5,1
12550,nominal,266.6,1
12551,nominal,305.6,1
12552,nominal,368.5,1
12553,nominal,276.4,1
12554,nominal,359.8,1
12555,nominal,314.1,1
12556,thin,260.6,1
12557,nominal,319.2,1
12558,nominal,303.8,1
12559,nominal,309.0,1
12560,thin,256.5,1
12561,nominal,278.3,1
12562,thin,239.4,1
12563,nominal,282.1,1
12564,nominal,317.5,1
12565,nominal,303.8,1
12566,nominal,296.8,1
12567,nominal,305.6,1
12568,nominal,399.0,1
12569,broken,352.4,1
12570,nominal,377.1,1
12571,nominal,389.5,1
12572,nominal,402.9,1
12573,nominal,388.2,1
12574,thin,260.6,1
12575,nominal,268.6,1
12576,nominal,362.7,1
12577,thin,256.5,1
12578,broken,370.0,1
12579,nominal,310.7,1
12580,thin,252.3,1
12581,nominal,315.8,1
12582,nominal,307.3,1
12583,nominal,320.8,1
12584,thin,234.9,1
12585,nominal,278.3,1
12586,thin,239.4,1
12587,nominal,268.6,1
12588,nominal,305.6,1
12589,nominal,298.6,1
12590,nominal,310.7,1
12591,nominal,317.5,1
12592,nominal,361.3,1
12593,nominal,370.0,1
12594,nominal,404.2,1
12595,nominal,386.8,1
12596,nominal,397.6,1
12597,nominal,368.5,1
12598,thin,241.6,1
12599,thin,252.3,1
12600,nominal,386.8,1
12601,thin,256.5,1
12602,nominal,377.1,1
12603,nominal,312.4,1
12604,thin,241.6,1
12605,nominal,310.7,1
12606,nominal,302.1,1
12607,nominal,302.1,1
12608,thin,241.6,1
12609,nominal,264.6,1
12610,thin,245.9,1
12611,thin,252.3,1
12612,nominal,317.5,1
12613,nominal,312.4,1
12614,nominal,314.1,1
12615,nominal,305.6,1
12616,nominal,389.5,1
12617,nominal,343.2,1
12618,nominal,358.3,1
12619,missing,0.0,1
12620,nominal,359.8,1
12621,nominal,384.1,1
12622,thin,241.6,1
12623,thin,239.4,1
12624,nominal,409.5,1
12625,thin,223.3,1
12626,nominal,344.7,1
12627,nominal,300.3,1
12628,thin,248.1,1
12629,nominal,300.3,1
12630,nominal,291.4,1
12631,nominal,287.7,1
12632,thin,254.4,1
12633,thin,258.6,1
12634,thin,232.6,1
12635,nominal,272.5,1
12636,nominal,312.4,1
12637,nominal,314.1,1
12638,nominal,307.3,1
12639,missing,0.0,1
12640,nominal,424.7,1
12641,nominal,307.3,1
12642,nominal,401.6,1
12643,nominal,402.9,1
12644,nominal,312.4,0
12645,nominal,341.7,1
12646,thin,239.4,1
12647,thin,252.3,1
12648,nominal,371.4,1
12649,thin,237.2,1
12650,nominal,358.3,1
12651,nominal,282.1,1
12652,nominal,264.6,1
12653,nominal,298.6,1
12654,nominal,272.5,1
12655,nominal,305.6,1
12656,thin,245.9,1
12657,thin,248.1,1
12658,thin,243.8,1
12659,nominal,266.6,1
12660,nominal,314.1,1
12661,nominal,305.6,1
12662,nominal,310.7,1
12663,nominal,309.0,1
12664,nominal,434.6,1
12665,nominal,377.1,1
12666,nominal,353.9,1
12667,nominal,412.0,1
12668,nominal,399.0,1
12669,nominal,330.6,1
12670,thin,243.8,1
12671,thin,239.4,1
12672,nominal,346.3,1
12673,thin,230.3,1
12674,nominal,347.8,1
12675,nominal,300.3,1
12676,thin,254.4,1
12677,nominal,315.8,1
12678,nominal,296.8,1
12679,nominal,287.7,1
12680,thin,254.4,1
12681,thin,258.6,1
12682,thin,250.2,1
12683,nominal,264.6,1
12684,nominal,309.0,1
12685,nominal,312.4,1
12686,nominal,310.7,1
12687,nominal,312.4,1
12688,nominal,408.2,1
12689,nominal,358.3,1
12690,nominal,375.7,1
12691,nominal,413.3,1
12692,nominal,390.9,1
12693,nominal,324.1,1
12694,nominal,264.6,1
12695,thin,243.8,1
12696,nominal,392.3,1
12697,thin,252.3,1
12698,nominal,359.8,1
12699,nominal,309.0,1
12700,thin,256.5,1
12701,nominal,303.8,1
12702,nominal,300.3,1
12703,nominal,302.1,1
12704,nominal,278.3,1
12705,nominal,276.4,0
12706,nominal,264.6,1
12707,nominal,262.6,1
12708,nominal,312.4,1
12709,missing,0.0,1
12710,nominal,309.0,1
12711,nominal,314.1,1
12712,nominal,358.3,0
12713,nominal,377.1,1
12714,nominal,355.4,1
12715,nominal,404.2,1
12716,nominal,379.9,1
12717,nominal,379.9,1
12718,thin,239.4,1
12719,thin,252.3,1
12720,nominal,399.0,0
12721,thin,232.6,0
12722,nominal,359.8,0
12723,nominal,305.6,0
12724,thin,256.5,1
12725,nominal,310.7,0
12726,nominal,302.1,0
12727,nominal,317.5,0
12728,nominal,276.4,1
12729,thin,256.5,0
12730,nominal,298.6,1
12731,nominal,270.6,0
12732,nominal,296.8,0
12733,nominal,291.4,0
12734,nominal,285.8,0
12735,nominal,300.3,0
12736,thin,256.5,0
12737,nominal,276.4,0
12738,nominal,268.6,0
12739,thin,252.3,0
12740,necked,359.8,0
12741,nominal,364.2,1
12742,broken,330.6,0
12743,nominal,344.7,0
12744,nominal,386.8,0
12745,nominal,343.2,0
12746,thin,256.5,1
12747,thin,256.5,0
12748,nominal,349.3,0
12749,nominal,262.6,0
12750,nominal,361.3,1
12751,nominal,298.6,0
12752,nominal,289.5,1
12753,nominal,278.3,0
12754,nominal,280.2,0
12755,nominal,293.2,0
12756,nominal,276.4,1
12757,nominal,272.5,1
12758,thin,254.4,1
12759,nominal,284.0,1
12760,nominal,291.4,1
12761,nominal,295.0,1
12762,nominal,287.7,1
12763,nominal,303.8,1
12764,nominal,372.8,1
12765,nominal,305.6,1
12766,nominal,341.7,1
12767,nominal,395.0,1
12768,nominal,346.3,1
12769,nominal,365.7,1
12770,nominal,285.8,1
12771,nominal,285.8,1
12772,nominal,388.2,1
12773,nominal,266.6,1
12774,nominal,367.1,1
12775,nominal,305.6,1
12776,thin,243.8,1
12777,nominal,322.5,1
12778,nominal,302.1,1
12779,nominal,322.5,1
12780,thin,250.2,1
12781,nominal,274.5,1
12782,thin,248.1,1
12783,nominal,270.6,1
12784,nominal,307.3,1
12785,nominal,309.0,1
12786,nominal,307.3,1
12787,nominal,314.1,1
12788,nominal,402.9,1
12789,nominal,352.4,1
12790,nominal,371.4,1
12791,nominal,399.0,1
12792,nominal,382.7,1
12793,nominal,389.5,1
12794,thin,241.6,1
12795,nominal,278.3,1
12796,nominal,352.4,1
12797,thin,243.8,1
12798,nominal,355.4,1
12799,nominal,307.3,1
12800,thin,260.6,1
12801,nominal,310.7,1
12802,nominal,309.0,1
12803,nominal,324.1,1
12804,thin,234.9,1
12805,nominal,266.6,1
12806,thin,230.3,1
12807,nominal,274.5,1
12808,nominal,322.5,1
12809,nominal,314.1,1
12810,nominal,317.5,1
12811,nominal,309.0,1
12812,nominal,424.7,1
12813,nominal,350.8,1
12814,nominal,358.3,1
12815,nominal,378.5,1
12816,nominal,343.2,1
12817,nominal,343.2,1
12818,thin,241.6,1
12819,thin,245.9,1
12820,nominal,397.6,1
12821,thin,254.4,1
12822,nominal,358.3,1
12823,nominal,310.7,1
12824,thin,241.6,1
12825,nominal,293.2,1
12826,nominal,307.3,1
12827,nominal,302.1,1
12828,thin,237.2,1
12829,thin,260.6,1
12830,thin,232.6,1
12831,nominal,266.6,1
12832,nominal,315.8,1
12833,nominal,302.1,1
12834,nominal,310.7,1
12835,nominal,303.8,1
12836,nominal,392.3,1
12837,nominal,338.5,1
12838,nominal,386.8,1
12839,nominal,384.1,1
12840,nominal,426.0,1
12841,nominal,353.9,1
12842,thin,252.3,1
12843,thin,250.2,1
12844,nominal,378.5,1
12845,thin,243.8,1
12846,nominal,329.0,1
12847,nominal,295.0,1
12848,thin,258.6,1
12849,nominal,291.4,1
12850,nominal,291.4,1
12851,nominal,302.1,1
12852,thin,228.0,1
12853,thin,250.2,1
12854,thin,232.6,1
12855,nominal,264.6,1
12856,nominal,312.4,1
12857,nominal,324.1,1
12858,nominal,298.6,1
12859,nominal,303.8,1
12860,nominal,358.3,1
12861,nominal,341.7,1
12862,nominal,393.6,1
12863,nominal,415.9,1
12864,nominal,400.3,1
12865,nominal,382.7,1
12866,thin,241.6,1
12867,thin,228.0,1
12868,nominal,382.7,1
12869,thin,245.9,1
12870,nominal,365.7,1
12871,nominal,285.8,1
12872,thin,256.5,1
12873,nominal,302.1,1
12874,nominal,291.4,1
12875,nominal,309.0,1
12876,thin,239.4,1
12877,thin,241.6,1
12878,thin,239.4,1
12879,thin,245.9,1
12880,nominal,287.7,1
12881,nominal,303.8,1
12882,nominal,305.6,1
12883,nominal,300.3,1
12884,nominal,386.8,1
12885,nominal,371.4,1
12886,nominal,396.3,1
12887,nominal,390.9,1
12888,nominal,384.1,1
12889,nominal,385.4,1
12890,thin,254.4,1
12891,thin,234.9,1
12892,nominal,386.8,1
12893,thin,228.0,1
12894,nominal,344.7,1
12895,nominal,296.8,1
12896,nominal,264.6,1
12897,nominal,291.4,1
12898,nominal,307.3,1
12899,nominal,315.8,1
12900,thin,243.8,1
12901,nominal,264.6,1
12902,thin,252.3,1
12903,thin,260.6,1
12904,nominal,320.8,1
12905,nominal,307.3,1
12906,nominal,317.5,1
12907,nominal,320.8,1
12908,nominal,361.3,1
12909,nominal,344.7,1
12910,nominal,386.8,1
12911,nominal,385.4,1
12912,nominal,356.8,1
12913,nominal,384.1,1
12914,thin,245.9,1
12915,thin,232.6,1
12916,nominal,427.2,1
12917,thin,258.6,1
12918,nominal,367.1,1
12919,nominal,303.8,1
12920,nominal,274.5,1
12921,nominal,315.8,1
12922,nominal,309.0,1
12923,nominal,312.4,1
12924,thin,248.1,1
12925,nominal,268.6,0
12926,thin,248.1,1
12927,nominal,270.6,1
12928,nominal,320.8,0
12929,nominal,309.0,1
12930,nominal,303.8,0
12931,nominal,300.3,0
12932,nominal,368.5,1
12933,nominal,368.5,1
12934,nominal,378.5,1
12935,nominal,392.3,1
12936,nominal,356.8,1
12937,nominal,349.3,1
12938,thin,230.3,1
12939,thin,243.8,1
12940,nominal,346.3,1
12941,thin,252.3,0
12942,nominal,371.4,1
12943,nominal,305.6,0
12944,thin,256.5,1
12945,nominal,309.0,0
12946,nominal,302.1,1
12947,nominal,315.8,1
12948,nominal,274.5,1
12949,nominal,264.6,0
12950,nominal,289.5,1
12951,thin,250.2,0
12952,nominal,293.2,0
12953,nominal,298.6,0
12954,nominal,298.6,0
12955,nominal,295.0,0
12956,thin,245.9,0
12957,nominal,284.0,0
12958,nominal,262.6,0
12959,nominal,268.6,0
12960,broken,305.6,0
12961,nominal,372.8,1
12962,nominal,370.0,1
12963,nominal,350.8,0
12964,nominal,401.6,0
12965,nominal,368.5,1
12966,nominal,270.6,1
12967,thin,250.2,0
12968,nominal,325.8,0
12969,thin,256.5,0
12970,nominal,379.9,1
12971,nominal,285.8,0
12972,thin,256.5,1
12973,nominal,289.5,0
12974,nominal,295.0,0
12975,nominal,303.8,0
12976,nominal,276.4,1
12977,nominal,285.8,1
12978,nominal,268.6,1
12979,nominal,289.5,1
12980,nominal,293.2,1
12981,nominal,303.8,1
12982,nominal,287.7,1
12983,nominal,289.5,1
12984,broken,336.2,0
12985,nominal,385.4,1
12986,nominal,350.8,1
12987,nominal,371.4,1
12988,nominal,371.4,1
12989,nominal,377.1,1
12990,nominal,282.1,1
12991,nominal,280.2,1
12992,nominal,405.6,1
12993,nominal,270.6,1
12994,nominal,341.7,1
12995,nominal,315.8,1
12996,nominal,280.2,1
12997,nominal,315.8,1
12998,nominal,320.8,1
12999,nominal,325.8,1
13000,thin,252.3,1
13001,nominal,264.6,1
13002,thin,241.6,1
13003,nominal,276.4,1
13004,nominal,312.4,1
13005,nominal,317.5,1
13006,nominal,312.4,1
13007,nominal,315.8,1
13008,nominal,377.1,1
13009,nominal,365.7,1
13010,nominal,368.5,1
13011,nominal,392.3,1
13012,nominal,401.6,1
13013,nominal,361.3,1
13014,thin,248.1,1
13015,thin,256.5,1
13016,broken,300.3,1
13017,thin,248.1,1
13018,nominal,341.7,1
13019,nominal,310.7,1
13020,thin,237.2,1
13021,nominal,317.5,1
13022,nominal,317.5,1
13023,nominal,324.1,1
13024,thin,230.3,1
13025,nominal,270.6,1
13026,thin,239.4,1
13027,nominal,264.6,1
13028,nominal,320.8,1
13029,nominal,325.8,1
13030,nominal,312.4,1
13031,nominal,309.0,1
13032,nominal,395.0,1
13033,nominal,338.5,1
13034,nominal,353.9,1
13035,nominal,379.9,1
13036,nominal,362.7,1
13037,nominal,327.4,1
13038,thin,252.3,1
13039,thin,237.2,1
13040,nominal,397.6,1
13041,thin,258.6,1
13042,nominal,362.7,1
13043,nominal,314.1,1
13044,thin,260.6,1
13045,nominal,303.8,1
13046,nominal,293.2,1
13047,nominal,324.1,1
13048,thin,245.9,1
13049,thin,260.6,1
13050,thin,232.6,1
13051,thin,256.5,1
13052,nominal,310.7,1
13053,nominal,307.3,1
13054,nominal,314.1,1
13055,nominal,320.8,1
13056,nominal,414.6,1
13057,nominal,346.3,1
13058,nominal,359.8,1
13059,nominal,401.6,1
13060,nominal,419.7,1
13061,missing,0.0,1
13062,thin,241.6,1
13063,thin,230.3,1
13064,nominal,392.3,1
13065,thin,241.6,1
13066,nominal,365.7,1
13067,nominal,298.6,1
13068,thin,260.6,1
13069,nominal,307.3,1
13070,nominal,309.0,1
13071,nominal,298.6,1
13072,thin,252.3,1
13073,nominal,262.6,1
13074,thin,239.4,1
13075,thin,254.4,1
13076,nominal,312.4,1
13077,nominal,309.0,1
13078,nominal,302.1,1
13079,nominal,314.1,1
13080,nominal,392.3,1
13081,nominal,377.1,1
13082,nominal,361.3,1
13083,nominal,390.9,1
13084,nominal,419.7,1
13085,nominal,350.8,1
13086,thin,252.3,1
13087,thin,237.2,1
13088,nominal,395.0,1
13089,thin,243.8,1
13090,nominal,378.5,1
13091,nominal,274.5,1
13092,thin,254.4,1
13093,nominal,298.6,1
13094,nominal,287.7,1
13095,nominal,287.7,1
13096,thin,250.2,1
13097,nominal,274.5,1
13098,thin,232.6,1
13099,nominal,270.6,1
13100,nominal,309.0,1
13101,nominal,287.7,1
13102,nominal,303.8,1
13103,nominal,293.2,1
13104,nominal,356.8,1
13105,nominal,364.2,1
13106,nominal,379.9,1
13107,broken,284.0,1
13108,nominal,371.4,1
13109,nominal,347.8,1
13110,thin,243.8,1
13111,thin,241.6,1
13112,nominal,388.2,1
13113,thin,248.1,1
13114,nominal,379.9,1
13115,nominal,303.8,1
13116,thin,256.5,1
13117,nominal,300.3,1
13118,nominal,309.0,1
13119,nominal,312.4,1
13120,thin,243.8,1
13121,nominal,270.6,1
13122,thin,232.6,1
13123,nominal,280.2,1
13124,nominal,317.5,1
13125,nominal,315.8,1
13126,nominal,309.0,1
13127,nominal,300.3,1
13128,nominal,364.2,1
13129,nominal,352.4,1
13130,nominal,393.6,1
13131,nominal,392.3,1
13132,nominal,350.8,1
13133,nominal,382.7,1
13134,thin,258.6,1
13135,thin,252.3,1
13136,nominal,361.3,1
13137,thin,258.6,1
13138,nominal,393.6,1
13139,nominal,310.7,1
13140,thin,252.3,1
13141,nominal,296.8,1
13142,nominal,293.2,1
13143,nominal,322.5,1
13144,thin,241.6,1
13145,nominal,274.5,1
13146,thin,256.5,1
13147,nominal,268.6,1
13148,nominal,310.7,1
13149,nominal,315.8,1
13150,nominal,317.5,1
13151,nominal,305.6,1
13152,nominal,372.8,0
13153,nominal,332.2,1
13154,nominal,361.3,1
13155,nominal,390.9,0
13156,nominal,353.9,1
13157,nominal,381.3,1
13158,thin,260.6,1
13159,thin,260.6,1
13160,nominal,365.7,1
13161,nominal,276.4,0
13162,nominal,390.9,1
13163,nominal,312.4,0
13164,thin,258.6,1
13165,nominal,305.6,0
13166,nominal,312.4,1
13167,nominal,319.2,0
13168,thin,248.1,1
13169,thin,248.1,0
13170,nominal,262.6,1
13171,thin,256.5,0
13172,nominal,298.6,0
13173,nominal,293.2,1
13174,nominal,285.8,0
13175,nominal,303.8,0
13176,thin,252.3,0
13177,nominal,264.6,0
13178,nominal,268.6,0
13179,nominal,272.5,0
13180,nominal,365.7,0
13181,nominal,367.1,0
13182,nominal,365.7,1
13183,nominal,377.1,0
13184,nominal,347.8,1
13185,nominal,395.0,1
13186,thin,250.2,1
13187,thin,254.4,0
13188,nominal,319.2,0
13189,thin,252.3,0
13190,nominal,353.9,1
13191,nominal,296.8,0
13192,nominal,300.3,1
13193,nominal,303.8,0
13194,nominal,298.6,0
13195,nominal,309.0,0
13196,nominal,278.3,1
13197,nominal,270.6,1
13198,thin,252.3,1
13199,nominal,282.1,1
13200,nominal,305.6,1
13201,nominal,284.0,1
13202,nominal,302.1,1
13203,nominal,280.2,1
13204,nominal,338.5,1
13205,nominal,352.4,1
13206,nominal,377.1,1
13207,nominal,386.8,1
13208,nominal,386.8,1
13209,broken,317.5,0
13210,nominal,285.8,1
13211,nominal,291.4,1
13212,nominal,375.7,1
13213,nominal,270.6,1
13214,nominal,330.6,1
13215,nominal,310.7,1
13216,nominal,284.0,1
13217,nominal,320.8,1
13218,nominal,320.8,1
13219,nominal,312.4,1
13220,thin,254.4,1
13221,thin,260.6,1
13222,nominal,268.6,1
13223,nominal,280.2,1
13224,nominal,310.7,1
13225,nominal,315.8,1
13226,nominal,305.6,1
13227,nominal,293.2,1
13228,nominal,404.2,1
13229,nominal,362.7,1
13230,nominal,381.3,1
13231,nominal,393.6,1
13232,missing,0.0,1
13233,nominal,358.3,1
13234,nominal,282.1,1
13235,thin,252.3,1
13236,nominal,329.0,1
13237,thin,256.5,1
13238,nominal,358.3,1
13239,nominal,315.8,1
13240,thin,258.6,1
13241,nominal,310.7,1
13242,nominal,302.1,1
13243,nominal,317.5,1
13244,thin,245.9,1
13245,nominal,282.1,1
13246,thin,252.3,1
13247,thin,260.6,1
13248,nominal,309.0,1
13249,nominal,315.8,1
13250,nominal,322.5,1
13251,nominal,319.2,1
13252,nominal,362.7,1
13253,nominal,341.7,1
13254,nominal,374.3,1
13255,nominal,410.8,1
13256,nominal,406.9,1
13257,nominal,355.4,1
13258,nominal,270.6,1
13259,thin,260.6,1
13260,nominal,375.7,1
13261,thin,254.4,1
13262,nominal,390.9,1
13263,nominal,302.1,1
13264,thin,256.5,1
13265,nominal,312.4,1
13266,nominal,309.0,1
13267,nominal,324.1,1
13268,thin,232.6,1
13269,nominal,262.6,1
13270,thin,243.8,1
13271,nominal,264.6,1
13272,nominal,319.2,1
13273,nominal,319.2,1
13274,nominal,312.4,1
13275,nominal,315.8,1
13276,nominal,393.6,1
13277,nominal,332.2,1
13278,nominal,372.8,1
13279,nominal,388.2,1
13280,nominal,405.6,1
13281,nominal,361.3,1
13282,thin,245.9,1
13283,thin,232.6,1
13284,nominal,382.7,1
13285,thin,239.4,1
13286,nominal,368.5,1
13287,nominal,300.3,1
13288,thin,250.2,1
13289,nominal,296.8,1
13290,nominal,298.6,1
13291,nominal,303.8,1
13292,thin,252.3,1
13293,thin,252.3,1
13294,thin,223.3,1
13295,nominal,270.6,1
13296,nominal,317.5,1
13297,nominal,305.6,1
13298,nominal,315.8,1
13299,nominal,309.0,1
13300,nominal,329.0,1
13301,nominal,362.7,1
13302,nominal,385.4,1
13303,nominal,381.3,1
13304,nominal,346.3,1
13305,nominal,362.7,1
13306,thin,254.4,1
13307,thin,241.6,1
13308,nominal,350.8,1
13309,thin,228.0,1
13310,nominal,377.1,1
13311,nominal,296.8,1
13312,thin,230.3,1
13313,nominal,285.8,1
13314,nominal,305.6,1
13315,nominal,293.2,1
13316,thin,237.2,1
13317,nominal,266.6,1
13318,thin,245.9,1
13319,nominal,282.1,1
13320,nominal,307.3,1
13321,nominal,309.0,1
13322,nominal,319.2,1
13323,nominal,291.4,1
13324,nominal,382.7,1
13325,nominal,389.5,1
13326,nominal,355.4,1
13327,nominal,406.9,1
13328,nominal,375.7,1
13329,nominal,392.3,1
13330,thin,245.9,1
13331,thin,252.3,1
13332,nominal,375.7,1
13333,thin,248.1,1
13334,nominal,401.6,1
13335,nominal,314.1,1
13336,thin,250.2,1
13337,nominal,303.8,1
13338,nominal,295.0,1
13339,nominal,314.1,1
13340,thin,237.2,1
13341,nominal,282.1,1
13342,thin,241.6,1
13343,nominal,272.5,1
13344,nominal,317.5,1
13345,broken,264.6,1
13346,nominal,317.5,1
13347,nominal,300.3,1
13348,nominal,365.7,1
13349,nominal,367.1,1
13350,nominal,329.0,1
13351,nominal,414.6,1
13352,nominal,390.9,1
13353,nominal,356.8,1
13354,thin,256.5,1
13355,thin,258.6,1
13356,nominal,333.8,1
13357,thin,250.2,1
13358,nominal,397.6,1
13359,nominal,307.3,1
13360,thin,260.6,1
13361,nominal,314.1,1
13362,nominal,310.7,1
13363,nominal,314.1,1
13364,thin,252.3,1
13365,nominal,266.6,0
13366,thin,241.6,1
13367,nominal,268.6,0
13368,nominal,310.7,1
13369,nominal,314.1,1
13370,nominal,307.3,1
13371,nominal,310.7,1
13372,nominal,389.5,1
13373,nominal,386.8,1
13374,nominal,382.7,1
13375,nominal,395.0,1
13376,nominal,381.3,1
13377,nominal,368.5,1
13378,thin,252.3,1
13379,nominal,268.6,1
13380,nominal,384.1,0
13381,nominal,266.6,0
13382,nominal,371.4,1
13383,nominal,307.3,0
13384,thin,245.9,1
13385,nominal,314.1,0
13386,nominal,320.8,1
13387,nominal,312.4,1
13388,thin,256.5,1
13389,thin,250.2,0
13390,nominal,268.6,1
13391,nominal,266.6,0
13392,nominal,302.1,0
13393,nominal,298.6,0
13394,nominal,309.0,1
13395,nominal,287.7,1
13396,thin,258.6,0
13397,thin,260.6,0
13398,thin,258.6,0
13399,broken,282.1,0
13400,nominal,353.9,0
13401,nominal,358.3,0
13402,nominal,388.2,1
13403,nominal,370.0,0
13404,nominal,377.1,0
13405,nominal,404.2,1
13406,nominal,262.6,1
13407,nominal,276.4,0
13408,nominal,350.8,0
13409,thin,230.3,0
13410,nominal,364.2,1
13411,nominal,310.7,0
13412,nominal,276.4,1
13413,nominal,298.6,0
13414,nominal,296.8,0
13415,nominal,309.0,0
13416,nominal,278.3,1
13417,nominal,289.5,1
13418,nominal,287.7,1
13419,nominal,284.0,1
13420,nominal,314.1,1
13421,nominal,298.6,1
13422,nominal,300.3,1
13423,nominal,302.1,1
13424,nominal,374.3,0
13425,nominal,338.5,1
13426,nominal,349.3,0
13427,nominal,362.7,1
13428,nominal,365.7,1
13429,nominal,395.0,1
13430,nominal,303.8,1
13431,nominal,274.5,1
13432,nominal,405.6,1
13433,nominal,268.6,1
13434,nominal,347.8,1
13435,nominal,320.8,1
13436,nominal,280.2,1
13437,nominal,320.8,1
13438,nominal,319.2,1
13439,nominal,309.0,1
13440,thin,260.6,1
13441,nominal,284.0,1
13442,thin,237.2,1
13443,thin,260.6,1
13444,nominal,312.4,1
13445,nominal,309.0,1
13446,nominal,312.4,1
13447,nominal,303.8,1
13448,nominal,381.3,1
13449,nominal,329.0,0
13450,nominal,382.7,1
13451,nominal,395.0,1
13452,missing,0.0,1
13453,nominal,372.8,1
13454,nominal,282.1,1
13455,thin,252.3,1
13456,nominal,390.9,1
13457,thin,245.9,1
13458,nominal,412.0,1
13459,nominal,320.8,1
13460,thin,260.6,1
13461,nominal,310.7,1
13462,nominal,320.8,1
13463,nominal,303.8,1
13464,thin,254.4,1
13465,nominal,272.5,1
13466,thin,250.2,1
13467,nominal,268.6,1
13468,nominal,317.5,1
13469,nominal,319.2,1
13470,nominal,302.1,1
13471,nominal,307.3,1
13472,nominal,374.3,1
13473,nominal,340.1,1
13474,nominal,389.5,1
13475,nominal,400.3,1
13476,nominal,419.7,1
13477,nominal,405.6,1
13478,nominal,268.6,1
13479,thin,241.6,1
13480,nominal,395.0,1
13481,thin,256.5,1
13482,nominal,389.5,1
13483,nominal,309.0,1
13484,nominal,262.6,1
13485,nominal,314.1,1
13486,nominal,310.7,1
13487,nominal,314.1,1
13488,thin,245.9,1
13489,nominal,264.6,1
13490,thin,245.9,1
13491,nominal,270.6,1
13492,nominal,315.8,1
13493,nominal,320.8,1
13494,nominal,320.8,1
13495,nominal,305.6,1
13496,nominal,395.0,1
13497,nominal,352.4,1
13498,nominal,389.5,1
13499,nominal,337.0,1
13500,nominal,405.6,1
13501,nominal,368.5,1
13502,nominal,272.5,1
13503,nominal,268.6,1
13504,nominal,422.2,1
13505,thin,252.3,1
13506,nominal,374.3,1
13507,nominal,303.8,1
13508,thin,248.1,1
13509,nominal,309.0,1
13510,nominal,310.7,1
13511,nominal,314.1,1
13512,thin,250.2,1
13513,nominal,270.6,1
13514,thin,245.9,1
13515,nominal,268.6,1
13516,nominal,314.1,1
13517,nominal,310.7,1
13518,nominal,317.5,1
13519,nominal,307.3,1
13520,nominal,419.7,1
13521,nominal,382.7,1
13522,nominal,406.9,1
13523,nominal,395.0,1
13524,nominal,428.5,1
13525,nominal,377.1,1
13526,thin,239.4,1
13527,thin,254.4,1
13528,nominal,412.0,1
13529,thin,260.6,1
13530,nominal,377.1,1
13531,nominal,312.4,1
13532,nominal,262.6,1
13533,nominal,295.0,1
13534,nominal,312.4,1
13535,nominal,287.7,1
13536,thin,232.6,1
13537,nominal,264.6,1
13538,thin,230.3,1
13539,nominal,284.0,1
13540,nominal,315.8,1
13541,nominal,314.1,1
13542,nominal,312.4,1
13543,nominal,317.5,1
13544,nominal,388.2,1
13545,nominal,385.4,1
13546,nominal,393.6,1
13547,nominal,406.9,1
13548,nominal,400.3,1
13549,nominal,393.6,1
13550,nominal,276.4,1
13551,nominal,262.6,1
13552,nominal,409.5,1
13553,nominal,278.3,1
13554,nominal,385.4,1
13555,nominal,287.7,1
13556,thin,239.4,1
13557,nominal,312.4,1
13558,nominal,300.3,1
13559,nominal,327.4,1
13560,thin,230.3,1
13561,nominal,285.8,1
13562,thin,232.6,1
13563,nominal,282.1,1
13564,nominal,300.3,1
13565,nominal,315.8,1
13566,nominal,324.1,1
13567,nominal,305.6,1
13568,nominal,365.7,1
13569,nominal,390.9,1
13570,nominal,390.9,1
13571,nominal,393.6,1
13572,nominal,402.9,1
13573,nominal,350.8,1
13574,nominal,262.6,1
13575,thin,258.6,1
13576,nominal,399.0,1
13577,nominal,268.6,1
13578,nominal,368.5,1
13579,nominal,317.5,1
13580,thin,254.4,1
13581,nominal,309.0,1
13582,nominal,300.3,1
13583,nominal,310.7,1
13584,thin,241.6,1
13585,nominal,272.5,0
13586,thin,239.4,1
13587,nominal,285.8,1
13588,nominal,324.1,1
13589,nominal,305.6,1
13590,nominal,312.4,1
13591,nominal,312.4,1
13592,nominal,374.3,1
13593,nominal,347.8,1
13594,nominal,370.0,1
13595,nominal,397.6,1
13596,nominal,375.7,1
13597,nominal,370.0,1
13598,thin,245.9,1
13599,nominal,284.0,0
13600,nominal,395.0,0
13601,thin,252.3,0
13602,nominal,382.7,1
13603,nominal,320.8,1
13604,thin,250.2,1
13605,nominal,317.5,1
13606,nominal,305.6,1
13607,nominal,322.5,1
13608,thin,250.2,1
13609,thin,258.6,0
13610,thin,258.6,1
13611,nominal,274.5,0
13612,nominal,319.2,0
13613,nominal,307.3,1
13614,nominal,307.3,0
13615,nominal,287.7,0
13616,nominal,280.2,0
13617,nominal,287.7,0
13618,nominal,264.6,0
13619,nominal,293.2,0
13620,broken,325.8,0
13621,nominal,386.8,0
13622,nominal,375.7,0
13623,nominal,346.3,0
13624,nominal,361.3,0
13625,nominal,377.1,1
13626,thin,243.8,1
13627,thin,250.2,0
13628,nominal,364.2,0
13629,thin,260.6,0
13630,nominal,367.1,0
13631,nominal,309.0,0
13632,nominal,272.5,1
13633,nominal,293.2,0
13634,nominal,315.8,0
13635,nominal,307.3,0
13636,nominal,305.6,1
13637,nominal,272.5,1
13638,missing,0.0,1
13639,nominal,291.4,1
13640,nominal,295.0,1
13641,nominal,298.6,1
13642,nominal,310.7,1
13643,nominal,285.8,1
13644,broken,314.1,0
13645,nominal,358.3,1
13646,nominal,395.0,0
13647,nominal,392.3,1
13648,nominal,384.1,1
13649,nominal,362.7,1
13650,nominal,305.6,1
13651,nominal,278.3,1
13652,nominal,390.9,1
13653,thin,254.4,1
13654,nominal,379.9,1
13655,nominal,320.8,1
13656,nominal,291.4,1
13657,nominal,317.5,1
13658,nominal,319.2,1
13659,nominal,305.6,1
13660,nominal,284.0,1
13661,nominal,284.0,1
13662,nominal,270.6,1
13663,missing,0.0,1
13664,nominal,322.5,1
13665,missing,0.0,1
13666,nominal,305.6,1
13667,nominal,303.8,1
13668,nominal,381.3,1
13669,nominal,355.4,1
13670,nominal,386.8,1
13671,nominal,410.8,1
13672,nominal,395.0,1
13673,nominal,371.4,1
13674,nominal,278.3,1
13675,thin,260.6,1
13676,nominal,367.1,1
13677,nominal,264.6,1
13678,nominal,396.3,1
13679,nominal,332.2,1
13680,thin,260.6,1
13681,nominal,317.5,1
13682,nominal,317.5,1
13683,nominal,312.4,1
13684,thin,252.3,1
13685,thin,260.6,1
13686,thin,254.4,1
13687,nominal,270.6,1
13688,nominal,314.1,1
13689,nominal,312.4,1
13690,nominal,319.2,1
13691,nominal,317.5,1
13692,nominal,367.1,1
13693,nominal,372.8,1
13694,nominal,374.3,1
13695,nominal,388.2,1
13696,nominal,377.1,1
13697,nominal,390.9,1
13698,nominal,268.6,1
13699,thin,248.1,1
13700,nominal,371.4,1
13701,thin,258.6,1
13702,nominal,365.7,1
13703,nominal,319.2,1
13704,thin,258.6,1
13705,nominal,320.8,1
13706,nominal,300.3,1
13707,nominal,324.1,1
13708,thin,245.9,1
13709,nominal,266.6,1
13710,thin,258.6,1
13711,nominal,276.4,1
13712,nominal,332.2,1
13713,nominal,307.3,1
13714,nominal,319.2,1
13715,nominal,315.8,1
13716,nominal,365.7,1
13717,nominal,390.9,1
13718,nominal,359.8,1
13719,nominal,395.0,1
13720,nominal,397.6,1
13721,nominal,386.8,1
13722,nominal,270.6,1
13723,thin,258.6,1
13724,nominal,390.9,1
13725,nominal,274.5,1
13726,nominal,372.8,1
13727,nominal,309.0,1
13728,nominal,262.6,1
13729,nominal,325.8,1
13730,nominal,309.0,1
13731,nominal,319.2,1
13732,thin,250.2,1
13733,nominal,262.6,1
13734,nominal,264.6,1
13735,nominal,264.6,1
13736,nominal,325.8,1
13737,nominal,314.1,1
13738,nominal,305.6,1
13739,nominal,305.6,1
13740,nominal,361.3,1
13741,nominal,401.6,1
13742,nominal,379.9,1
13743,nominal,410.8,1
13744,nominal,415.9,1
13745,nominal,355.4,1
13746,nominal,264.6,1
13747,nominal,268.6,1
13748,nominal,405.6,1
13749,nominal,274.5,1
13750,nominal,379.9,1
13751,nominal,295.0,1
13752,thin,241.6,1
13753,nominal,300.3,1
13754,nominal,298.6,1
13755,nominal,296.8,1
13756,thin,245.9,1
13757,nominal,282.1,1
13758,thin,232.6,1
13759,nominal,280.2,1
13760,nominal,317.5,1
13761,nominal,314.1,1
13762,nominal,322.5,1
13763,nominal,303.8,1
13764,nominal,386.8,1
13765,nominal,405.6,1
13766,nominal,392.3,1
13767,nominal,417.2,1
13768,nominal,406.9,1
13769,nominal,381.3,1
13770,thin,218.5,1
13771,nominal,268.6,1
13772,nominal,395.0,1
13773,nominal,270.6,1
13774,nominal,382.7,1
13775,nominal,312.4,1
13776,thin,254.4,1
13777,nominal,310.7,1
13778,nominal,305.6,1
13779,nominal,307.3,1
13780,thin,237.2,1
13781,nominal,282.1,1
13782,thin,243.8,1
13783,nominal,276.4,1
13784,nominal,319.2,1
13785,nominal,315.8,1
13786,nominal,320.8,1
13787,nominal,314.1,1
13788,nominal,384.1,1
13789,nominal,385.4,1
13790,nominal,381.3,1
13791,nominal,406.9,1
13792,nominal,378.5,1
13793,nominal,338.5,1
13794,nominal,264.6,1
13795,nominal,264.6,1
13796,nominal,422.2,1
13797,nominal,268.6,1
13798,nominal,388.2,1
13799,nominal,312.4,1
13800,thin,252.3,1
13801,nominal,312.4,1
13802,nominal,320.8,1
13803,nominal,320.8,1
13804,thin,237.2,1
13805,nominal,285.8,0
13806,thin,239.4,1
13807,nominal,300.3,1
13808,nominal,315.8,1
13809,nominal,320.8,1
13810,nominal,312.4,1
13811,nominal,309.0,1
13812,nominal,372.8,1
13813,nominal,370.0,1
13814,nominal,388.2,1
13815,nominal,390.9,1
13816,nominal,377.1,1
13817,nominal,358.3,1
13818,thin,248.1,1
13819,thin,260.6,1
13820,nominal,385.4,1
13821,nominal,296.8,0
13822,nominal,378.5,1
13823,nominal,315.8,1
13824,thin,258.6,1
13825,nominal,315.8,1
13826,nominal,315.8,1
13827,nominal,324.1,1
13828,thin,260.6,1
13829,nominal,270.6,0
13830,nominal,272.5,1
13831,nominal,298.6,0
13832,nominal,307.3,1
13833,nominal,312.4,1
13834,nominal,291.4,1
13835,nominal,305.6,1
13836,nominal,274.5,0
13837,nominal,282.1,0
13838,nominal,272.5,0
13839,nominal,282.1,0
13840,nominal,384.1,0
13841,nominal,367.1,0
13842,nominal,367.1,1
13843,nominal,353.9,0
13844,nominal,388.2,0
13845,nominal,352.4,1
13846,thin,256.5,1
13847,nominal,285.8,0
13848,nominal,353.9,0
13849,nominal,289.5,0
13850,nominal,377.1,0
13851,nominal,317.5,0
13852,nominal,272.5,1
13853,nominal,309.0,0
13854,nominal,315.8,0
13855,nominal,320.8,0
13856,nominal,309.0,1
13857,missing,0.0,1
13858,nominal,309.0,1
13859,nominal,283.0,1
13860,nominal,300.3,1
13861,nominal,268.6,1
13862,nominal,295.0,1
13863,nominal,289.5,1
13864,nominal,350.8,1
13865,missing,0.0,1
13866,nominal,371.4,1
13867,nominal,377.1,1
13868,missing,0.0,0
13869,missing,0.0,0
13870,missing,0.0,0
13871,missing,0.0,0
13872,nominal,344.7,1
13873,nominal,362.7,1
13874,nominal,320.8,1
13875,nominal,274.5,1
13876,nominal,364.2,1
13877,nominal,265.6,1
13878,nominal,346.3,1
13879,nominal,303.8,1
13880,nominal,305.6,1
13881,nominal,312.4,1
13882,nominal,285.8,1
13883,nominal,327.4,1
13884,missing,0.0,1
13885,nominal,276.4,1
13886,nominal,307.3,1
13887,necked,270.6,1
13888,missing,0.0,1
13889,nominal,291.4,1
13890,nominal,291.4,1
13891,nominal,287.7,1
13892,missing,0.0,1
13893,nominal,371.4,1
13894,nominal,361.3,1
13895,nominal,347.8,1
13896,missing,0.0,0
13897,missing,0.0,0
13898,missing,0.0,0
13899,missing,0.0,0
13900,nominal,390.9,1
13901,nominal,361.3,1
13902,nominal,302.1,1
13903,thin,252.3,1
13904,nominal,337.0,1
13905,nominal,266.6,1
13906,nominal,365.7,1
13907,nominal,319.2,1
13908,nominal,282.1,1
13909,nominal,315.8,1
13910,nominal,295.0,1
13911,nominal,317.5,1
13912,nominal,278.3,1
13913,nominal,268.6,1
13914,nominal,293.2,1
13915,nominal,276.4,1
13916,nominal,315.8,1
13917,nominal,296.8,1
13918,nominal,302.1,1
13919,nominal,315.8,1
13920,nominal,350.8,1
13921,broken,319.2,0
13922,nominal,377.1,1
13923,nominal,358.3,1
13924,missing,0.0,0
13925,missing,0.0,0
13926,missing,0.0,0
13927,missing,0.0,0
13928,nominal,378.5,1
13929,nominal,371.4,1
13930,nominal,285.8,1
13931,nominal,264.6,1
13932,nominal,349.3,1
13933,nominal,274.5,1
13934,nominal,382.7,1
13935,nominal,305.6,1
13936,thin,258.6,1
13937,nominal,317.5,1
13938,nominal,305.6,1
13939,nominal,305.6,1
13940,nominal,266.6,1
13941,nominal,278.3,1
13942,necked,276.4,1
13943,nominal,280.2,1
13944,nominal,317.5,1
13945,nominal,314.1,1
13946,nominal,303.8,1
13947,nominal,322.5,1
13948,nominal,370.0,1
13949,nominal,367.1,1
13950,nominal,361.3,1
13951,nominal,346.3,1
13952,missing,0.0,0
13953,missing,0.0,0
13954,missing,0.0,0
13955,missing,0.0,0
13956,nominal,349.3,1
13957,nominal,330.6,1
13958,nominal,280.2,1
13959,nominal,276.4,1
13960,nominal,347.8,1
13961,nominal,284.0,1
13962,nominal,343.2,1
13963,nominal,310.7,1
13964,nominal,268.6,1
13965,nominal,310.7,1
13966,nominal,283.0,1
13967,nominal,305.6,1
13968,nominal,264.6,1
13969,nominal,278.3,1
13970,broken,270.6,1
13971,nominal,278.3,1
13972,nominal,314.1,1
13973,necked,309.0,1
13974,nominal,302.1,1
13975,nominal,325.8,1
13976,nominal,410.8,1
13977,nominal,400.3,1
13978,nominal,368.5,1
13979,nominal,367.1,1
13980,missing,0.0,0
13981,missing,0.0,0
13982,missing,0.0,0
13983,missing,0.0,0
13984,nominal,382.7,1
13985,nominal,340.1,1
13986,nominal,281.2,1
13987,nominal,276.4,1
13988,nominal,364.2,1
13989,nominal,276.4,1
13990,nominal,374.3,1
13991,nominal,305.6,1
13992,nominal,270.6,1
13993,nominal,296.8,1
13994,nominal,295.0,1
13995,nominal,298.6,1
13996,thin,252.3,1
13997,nominal,282.1,1
13998,broken,278.3,1
13999,nominal,278.3,1
14000,nominal,317.5,1
14001,nominal,300.3,1
14002,nominal,296.8,1
14003,nominal,300.3,1
14004,nominal,381.3,1
14005,nominal,356.8,1
14006,nominal,309.0,1
14007,nominal,374.3,1
14008,missing,0.0,0
14009,missing,0.0,0
14010,missing,0.0,0
14011,missing,0.0,0
14012,nominal,365.7,1
14013,nominal,359.8,1
14014,nominal,274.5,1
14015,nominal,270.6,1
14016,nominal,374.3,1
14017,nominal,272.5,1
14018,nominal,320.8,1
14019,nominal,320.8,1
14020,thin,243.8,1
14021,nominal,303.8,1
14022,broken,287.7,1
14023,nominal,317.5,1
14024,thin,256.5,1
14025,nominal,295.0,1
14026,broken,270.6,1
14027,nominal,309.0,1
14028,nominal,322.5,1
14029,broken,304.7,1
14030,nominal,310.7,1
14031,nominal,298.6,1
14032,nominal,392.3,1
14033,nominal,338.5,1
14034,nominal,364.2,1
14035,nominal,396.3,1
14036,missing,0.0,0
14037,missing,0.0,0
14038,missing,0.0,0
14039,missing,0.0,0
14040,nominal,390.9,1
14041,nominal,355.4,1
14042,broken,256.5,1
14043,nominal,268.6,1
14044,nominal,333.8,1
14045,nominal,291.4,1
14046,nominal,374.3,1
14047,nominal,298.6,1
14048,nominal,262.6,1
14049,nominal,325.8,1
14050,broken,296.8,1
14051,nominal,314.1,1
14052,thin,254.4,1
14053,nominal,291.4,0
14054,broken,284.0,1
14055,nominal,307.3,1
14056,nominal,310.7,1
14057,broken,305.6,1
14058,nominal,300.3,1
14059,nominal,298.6,1
14060,nominal,400.3,1
14061,nominal,343.2,1
14062,nominal,368.5,1
14063,nominal,395.0,1
14064,missing,0.0,0
14065,missing,0.0,0
14066,missing,0.0,0
14067,missing,0.0,0
14068,nominal,361.3,1
14069,nominal,341.7,1
14070,broken,278.3,1
14071,nominal,291.4,1
14072,nominal,406.9,1
14073,nominal,291.4,1
14074,broken,312.4,0
14075,nominal,325.8,1
14076,nominal,264.6,1
14077,nominal,305.6,1
14078,broken,303.0,1
14079,nominal,309.0,1
14080,thin,254.4,1
14081,nominal,303.8,0
14082,broken,258.6,1
14083,nominal,305.6,0
14084,nominal,310.7,0
14085,broken,293.2,1
14086,nominal,302.1,1
14087,nominal,303.8,0
14088,nominal,278.3,0
14089,thin,249.1,0
14090,nominal,280.2,0
14091,nominal,266.6,0
14092,nominal,371.4,0
14093,nominal,365.7,1
14094,nominal,384.1,1
14095,nominal,397.6,0
14096,missing,0.0,0
14097,missing,0.0,0
14098,missing,0.0,0
14099,missing,0.0,0
14100,nominal,381.3,0
14101,nominal,337.0,1
14102,broken,273.5,1
14103,nominal,298.6,0
14104,broken,314.1,0
14105,nominal,312.4,0
14106,nominal,364.2,1
14107,nominal,312.4,0
14108,nominal,274.5,1
14109,nominal,302.1,0
14110,broken,287.7,1
14111,nominal,312.4,0
14112,thin,250.2,1
14113,nominal,287.7,1
14114,thin,254.4,1
14115,nominal,284.0,1
14116,nominal,282.1,1
14117,nominal,282.1,1
14118,nominal,285.8,1
14119,missing,0.0,1
14120,nominal,359.8,1
14121,nominal,362.7,1
14122,nominal,296.8,1
14123,nominal,314.1,1
14124,nominal,340.1,1
14125,nominal,325.8,1
14126,thin,260.6,1
14127,nominal,284.0,1
14128,nominal,355.4,1
14129,nominal,287.7,1
14130,nominal,317.5,1
14131,nominal,295.0,1
14132,thin,250.2,1
14133,nominal,296.8,1
14134,nominal,280.2,1
14135,nominal,300.3,1
14136,nominal,264.6,1
14137,nominal,272.5,1
14138,thin,245.9,1
14139,nominal,270.6,1
14140,nominal,282.1,1
14141,nominal,293.2,1
14142,nominal,289.5,1
14143,nominal,287.7,1
14144,nominal,333.8,1
14145,nominal,355.4,1
14146,nominal,325.8,1
14147,nominal,353.9,1
14148,nominal,356.8,1
14149,nominal,344.7,1
14150,thin,245.9,1
14151,nominal,289.5,1
14152,nominal,377.1,1
14153,nominal,270.6,1
14154,nominal,367.1,1
14155,nominal,296.8,1
14156,nominal,262.6,1
14157,nominal,296.8,1
14158,nominal,282.1,1
14159,nominal,309.0,1
14160,nominal,274.5,1
14161,nominal,264.6,1
14162,thin,258.6,1
14163,thin,258.6,1
14164,nominal,305.6,1
14165,nominal,309.0,1
14166,nominal,289.5,1
14167,nominal,285.8,1
14168,nominal,329.0,1
14169,nominal,368.5,1
14170,nominal,349.3,1
14171,nominal,365.7,1
14172,nominal,378.5,1
14173,nominal,364.2,1
14174,thin,248.1,1
14175,nominal,274.5,1
14176,nominal,362.7,1
14177,thin,260.6,1
14178,nominal,371.4,1
14179,nominal,295.0,1
14180,nominal,282.1,1
14181,nominal,309.0,1
14182,nominal,295.0,1
14183,nominal,298.6,1
14184,nominal,278.3,1
14185,nominal,268.6,1
14186,thin,256.5,1
14187,nominal,268.6,1
14188,nominal,303.8,1
14189,nominal,296.8,1
14190,nominal,307.3,1
14191,nominal,287.7,1
14192,nominal,375.7,1
14193,nominal,374.3,1
14194,nominal,349.3,1
14195,nominal,341.7,1
14196,nominal,384.1,1
14197,nominal,352.4,1
14198,thin,260.6,1
14199,nominal,284.0,1
14200,nominal,359.8,1
14201,thin,250.2,1
14202,nominal,367.1,1
14203,nominal,284.0,1
14204,nominal,276.4,1
14205,nominal,296.8,1
14206,nominal,293.2,1
14207,nominal,309.0,1
14208,nominal,302.1,1
14209,nominal,262.6,1
14210,missing,0.0,1
14211,thin,239.4,1
14212,nominal,309.0,1
14213,nominal,296.8,1
14214,nominal,298.6,1
14215,nominal,305.6,1
14216,nominal,358.3,1
14217,nominal,333.8,1
14218,nominal,282.1,1
14219,nominal,353.9,1
14220,nominal,400.3,1
14221,nominal,319.2,1
14222,nominal,262.6,1
14223,nominal,278.3,1
14224,nominal,367.1,1
14225,thin,230.3,1
14226,nominal,370.0,1
14227,nominal,287.7,1
14228,nominal,285.8,1
14229,nominal,274.5,1
14230,nominal,266.6,1
14231,nominal,274.5,1
14232,nominal,276.4,1
14233,nominal,266.6,1
14234,nominal,270.6,1
14235,thin,241.6,1
14236,nominal,300.3,1
14237,nominal,314.1,1
14238,nominal,291.4,1
14239,nominal,305.6,1
14240,nominal,384.1,1
14241,nominal,310.7,1
14242,nominal,315.8,1
14243,nominal,358.3,1
14244,nominal,397.6,1
14245,nominal,300.3,1
14246,nominal,270.6,1
14247,thin,254.4,1
14248,nominal,389.5,1
14249,thin,245.9,1
14250,nominal,368.5,1
14251,nominal,296.8,1
14252,nominal,295.0,1
14253,nominal,278.3,1
14254,nominal,282.1,1
14255,nominal,278.3,1
14256,nominal,264.6,1
14257,thin,234.9,1
14258,nominal,280.2,1
14259,thin,245.9,1
14260,nominal,305.6,1
14261,nominal,305.6,1
14262,nominal,319.2,1
14263,nominal,307.3,1
14264,nominal,378.5,1
14265,nominal,332.2,1
14266,nominal,309.0,1
14267,nominal,370.0,1
14268,nominal,389.5,1
14269,nominal,335.4,1
14270,nominal,278.3,1
14271,thin,250.2,1
14272,nominal,346.3,1
14273,thin,208.6,1
14274,nominal,353.9,1
14275,nominal,302.1,1
14276,nominal,284.0,1
14277,nominal,291.4,1
14278,nominal,284.0,1
14279,nominal,300.3,1
14280,nominal,293.2,1
14281,nominal,264.6,1
14282,nominal,270.6,1
14283,thin,243.8,1
14284,nominal,285.8,1
14285,nominal,298.6,1
14286,nominal,312.4,1
14287,nominal,303.8,1
14288,nominal,372.8,1
14289,nominal,346.3,1
14290,nominal,368.5,1
14291,nominal,355.4,1
14292,broken,282.1,1
14293,nominal,340.1,1
14294,nominal,285.8,1
14295,broken,234.9,1
14296,broken,208.6,1
14297,broken,200.8,1
14298,nominal,371.4,1
14299,nominal,298.6,0
14300,nominal,295.0,1
14301,nominal,293.2,0
14302,nominal,296.8,0
14303,nominal,296.8,0
14304,nominal,293.2,1
14305,thin,260.6,0
14306,nominal,298.6,1
14307,thin,252.3,1
14308,nominal,284.0,0
14309,nominal,289.5,0
14310,nominal,289.5,0
14311,nominal,295.0,0
14312,thin,252.3,0
14313,nominal,270.6,0
14314,nominal,268.6,0
14315,nominal,262.6,0
14316,nominal,352.4,1
14317,nominal,353.9,1
14318,nominal,381.3,1
14319,nominal,353.9,0
14320,nominal,386.8,0
14321,nominal,343.2,1
14322,nominal,298.6,1
14323,thin,250.2,1
14324,nominal,356.8,0
14325,thin,245.9,0
14326,nominal,371.4,0
14327,nominal,278.3,0
14328,nominal,320.8,1
14329,nominal,285.8,0
14330,nominal,284.0,0
14331,nominal,282.1,0
14332,nominal,270.6,1
14333,thin,260.6,1
14334,thin,254.4,1
14335,nominal,280.2,1
14336,nominal,278.3,1
14337,nominal,298.6,1
14338,nominal,291.4,1
14339,nominal,287.7,1
14340,nominal,371.4,1
14341,nominal,370.0,1
14342,nominal,361.3,1
14343,nominal,364.2,1
14344,nominal,379.9,1
14345,nominal,325.8,1
14346,thin,254.4,1
14347,nominal,274.5,1
14348,nominal,365.7,1
14349,nominal,284.0,1
14350,nominal,371.4,1
14351,nominal,295.0,1
14352,thin,252.3,1
14353,nominal,300.3,1
14354,nominal,293.2,1
14355,nominal,309.0,1
14356,thin,245.9,1
14357,thin,252.3,1
14358,thin,252.3,1
14359,nominal,264.6,1
14360,nominal,293.2,1
14361,nominal,295.0,1
14362,nominal,278.3,1
14363,nominal,291.4,1
14364,nominal,361.3,1
14365,nominal,379.9,1
14366,nominal,372.8,1
14367,nominal,368.5,1
14368,nominal,359.8,1
14369,nominal,338.5,1
14370,thin,243.8,1
14371,nominal,272.5,1
14372,nominal,350.8,1
14373,thin,250.2,1
14374,nominal,340.1,1
14375,nominal,293.2,1
14376,thin,248.1,1
14377,nominal,319.2,1
14378,nominal,293.2,1
14379,nominal,309.0,1
14380,thin,258.6,1
14381,thin,252.3,1
14382,thin,254.4,1
14383,thin,256.5,1
14384,nominal,300.3,1
14385,nominal,298.6,1
14386,nominal,303.8,1
14387,nominal,289.5,1
14388,nominal,359.8,1
14389,nominal,384.1,1
14390,nominal,396.3,1
14391,nominal,353.9,1
14392,nominal,361.3,1
14393,nominal,343.2,1
14394,thin,248.1,1
14395,nominal,264.6,1
14396,nominal,377.1,1
14397,thin,218.5,1
14398,nominal,371.4,1
14399,nominal,302.1,1
14400,thin,252.3,1
14401,nominal,312.4,1
14402,nominal,300.3,1
14403,nominal,291.4,1
14404,thin,260.6,1
14405,thin,239.4,1
14406,thin,254.4,1
14407,thin,220.9,1
14408,nominal,320.8,1
14409,nominal,305.6,1
14410,nominal,312.4,1
14411,nominal,295.0,1
14412,nominal,343.2,1
14413,nominal,352.4,1
14414,nominal,352.4,1
14415,nominal,332.2,1
14416,nominal,375.7,1
14417,nominal,330.6,1
14418,thin,258.6,1
14419,thin,245.9,1
14420,nominal,333.8,1
14421,thin,230.3,1
14422,nominal,330.6,1
14423,nominal,285.8,1
14424,thin,250.2,1
14425,nominal,289.5,1
14426,nominal,289.5,1
14427,nominal,309.0,1
14428,nominal,270.6,1
14429,thin,239.4,1
14430,nominal,262.6,1
14431,thin,223.3,1
14432,nominal,312.4,1
14433,nominal,293.2,1
14434,nominal,302.1,1
14435,nominal,302.1,1
14436,nominal,358.3,1
14437,nominal,352.4,1
14438,nominal,371.4,1
14439,nominal,372.8,1
14440,nominal,388.2,1
14441,nominal,355.4,1
14442,thin,258.6,1
14443,thin,223.3,1
14444,nominal,370.0,1
14445,thin,200.8,1
14446,nominal,364.2,1
14447,nominal,268.6,1
14448,nominal,268.6,1
14449,nominal,282.1,1
14450,thin,260.6,1
14451,nominal,296.8,1
14452,nominal,280.2,1
14453,thin,228.0,1
14454,nominal,262.6,1
14455,thin,234.9,1
14456,nominal,293.2,1
14457,nominal,305.6,1
14458,nominal,303.8,1
14459,nominal,298.6,1
14460,nominal,335.4,1
14461,nominal,337.0,1
14462,nominal,375.7,1
14463,nominal,386.8,1
14464,nominal,382.7,1
14465,nominal,364.2,1
14466,nominal,266.6,1
14467,thin,200.8,1
14468,nominal,365.7,1
14469,thin,195.5,1
14470,nominal,370.0,1
14471,nominal,282.1,1
14472,thin,260.6,1
14473,nominal,282.1,1
14474,nominal,291.4,1
14475,nominal,293.2,1
14476,nominal,264.6,1
14477,thin,208.6,1
14478,nominal,280.2,1
14479,thin,200.8,1
14480,nominal,309.0,1
14481,nominal,289.5,1
14482,nominal,310.7,1
14483,nominal,307.3,1
14484,nominal,385.4,1
14485,nominal,344.7,1
14486,nominal,367.1,1
14487,broken,310.7,0
14488,broken,341.6,1
14489,nominal,344.7,1
14490,nominal,262.6,1
14491,thin,213.6,1
14492,nominal,375.7,1
14493,thin,178.4,1
14494,nominal,341.7,1
14495,nominal,300.3,1
14496,nominal,268.6,1
14497,nominal,296.8,1
14498,nominal,285.8,1
14499,nominal,303.8,1
14500,nominal,270.6,1
14501,thin,237.2,1
14502,nominal,264.6,1
14503,thin,211.1,1
14504,nominal,309.0,0
14505,nominal,305.6,1
14506,nominal,310.7,0
14507,nominal,302.1,0
14508,nominal,389.5,1
14509,nominal,361.3,1
14510,nominal,344.7,1
14511,nominal,368.5,1
14512,nominal,406.9,1
14513,nominal,324.1,1
14514,nominal,272.5,1
14515,thin,213.6,1
14516,nominal,368.5,0
14517,thin,206.0,1
14518,nominal,343.2,1
14519,nominal,300.3,0
14520,nominal,295.0,1
14521,nominal,305.6,0
14522,nominal,293.2,0
14523,nominal,302.1,0
14524,nominal,285.8,1
14525,thin,256.5,0
14526,nominal,298.6,1
14527,thin,260.6,0
14528,nominal,282.1,0
14529,nominal,284.0,0
14530,nominal,291.4,0
14531,nominal,289.5,0
14532,thin,228.0,0
14533,thin,250.2,0
14534,nominal,262.6,0
14535,thin,239.4,0
14536,nominal,377.1,0
14537,nominal,389.5,1
14538,nominal,384.1,1
14539,nominal,378.5,0
14540,nominal,401.6,0
14541,nominal,347.8,1
14542,nominal,295.0,1
14543,thin,228.0,1
14544,nominal,367.1,0
14545,thin,248.1,0
14546,nominal,341.7,1
14547,necked,272.5,0
14548,nominal,295.0,1
14549,nominal,276.4,0
14550,nominal,287.7,0
14551,nominal,285.8,0
14552,nominal,268.6,1
14553,nominal,276.4,1
14554,nominal,274.5,1
14555,nominal,280.2,1
14556,nominal,274.5,1
14557,nominal,282.1,1
14558,nominal,282.1,1
14559,nominal,287.7,1
14560,nominal,375.7,1
14561,nominal,384.1,1
14562,nominal,335.4,1
14563,nominal,392.3,1
14564,nominal,382.7,1
14565,nominal,371.4,1
14566,nominal,274.5,1
14567,nominal,278.3,1
14568,nominal,379.9,1
14569,nominal,270.6,1
14570,nominal,367.1,1
14571,nominal,307.3,1
14572,thin,260.6,1
14573,nominal,302.1,1
14574,nominal,305.6,1
14575,nominal,317.5,1
14576,missing,0.0,1
14577,nominal,272.5,1
14578,nominal,264.6,1
14579,thin,252.3,1
14580,nominal,305.6,1
14581,nominal,302.1,1
14582,nominal,293.2,1
14583,nominal,295.0,1
14584,nominal,405.6,1
14585,nominal,372.8,1
14586,nominal,359.8,1
14587,nominal,413.3,1
14588,nominal,368.5,1
14589,nominal,347.8,1
14590,thin,256.5,1
14591,nominal,264.6,1
14592,nominal,377.1,1
14593,thin,243.8,1
14594,nominal,315.8,1
14595,nominal,310.7,1
14596,thin,254.4,1
14597,nominal,310.7,1
14598,nominal,302.1,1
14599,nominal,302.1,1
14600,thin,258.6,1
14601,thin,223.3,1
14602,thin,256.5,1
14603,thin,223.3,1
14604,nominal,305.6,1
14605,nominal,303.8,1
14606,nominal,302.1,1
14607,nominal,312.4,1
14608,nominal,359.8,1
14609,nominal,338.5,1
14610,nominal,385.4,1
14611,nominal,359.8,1
14612,nominal,379.9,1
14613,nominal,335.4,1
14614,thin,252.3,1
14615,nominal,268.6,1
14616,nominal,362.7,1
14617,thin,213.6,1
14618,nominal,338.5,1
14619,nominal,307.3,1
14620,thin,248.1,1
14621,nominal,296.8,1
14622,nominal,310.7,1
14623,nominal,310.7,1
14624,thin,256.5,1
14625,missing,0.0,1
14626,thin,254.4,1
14627,thin,228.0,1
14628,nominal,300.3,1
14629,nominal,298.6,1
14630,nominal,296.8,1
14631,nominal,307.3,1
14632,nominal,349.3,1
14633,nominal,338.5,1
14634,broken,320.7,1
14635,nominal,374.3,1
14636,nominal,370.0,1
14637,missing,0.0,1
14638,thin,258.6,1
14639,thin,218.5,1
14640,nominal,337.0,1
14641,thin,208.6,1
14642,nominal,324.1,1
14643,nominal,291.4,1
14644,thin,250.2,1
14645,nominal,293.2,1
14646,nominal,295.0,1
14647,nominal,307.3,1
14648,nominal,268.6,1
14649,thin,218.5,1
14650,nominal,270.6,1
14651,thin,211.1,1
14652,nominal,298.6,1
14653,nominal,287.7,1
14654,nominal,300.3,1
14655,nominal,307.3,1
14656,nominal,397.6,1
14657,nominal,325.8,1
14658,nominal,372.8,1
14659,nominal,395.0,1
14660,nominal,374.3,1
14661,nominal,371.4,1
14662,thin,241.6,1
14663,thin,211.1,1
14664,nominal,349.3,1
14665,thin,198.1,1
14666,nominal,329.0,1
14667,nominal,287.7,1
14668,nominal,270.6,1
14669,nominal,302.1,1
14670,nominal,293.2,1
14671,nominal,285.8,1
14672,nominal,262.6,1
14673,thin,223.3,1
14674,nominal,264.6,1
14675,thin,223.3,1
14676,nominal,303.8,1
14677,nominal,303.8,1
14678,nominal,303.8,1
14679,nominal,309.0,1
14680,nominal,378.5,1
14681,nominal,377.1,1
14682,nominal,347.8,1
14683,nominal,428.5,1
14684,nominal,384.1,1
14685,nominal,343.2,1
14686,nominal,268.6,1
14687,thin,181.4,1
14688,nominal,379.9,1
14689,thin,192.7,1
14690,nominal,372.8,1
14691,nominal,300.3,1
14692,thin,252.3,1
14693,nominal,300.3,1
14694,nominal,291.4,1
14695,nominal,302.1,1
14696,nominal,268.6,1
14697,thin,208.6,1
14698,nominal,270.6,1
14699,thin,198.1,1
14700,nominal,307.3,1
14701,nominal,312.4,1
14702,nominal,298.6,1
14703,nominal,310.7,1
14704,nominal,395.0,1
14705,nominal,341.7,1
14706,nominal,358.3,1
14707,nominal,410.8,1
14708,nominal,368.5,1
14709,nominal,344.7,1
14710,nominal,278.3,1
14711,thin,200.8,1
14712,nominal,404.2,1
14713,thin,175.4,1
14714,nominal,355.4,1
14715,nominal,309.0,1
14716,nominal,274.5,1
14717,nominal,305.6,1
14718,nominal,312.4,1
14719,nominal,302.1,1
14720,nominal,274.5,1
14721,thin,232.6,1
14722,nominal,274.5,1
14723,thin,228.0,1
14724,nominal,305.6,1
14725,nominal,295.0,1
14726,nominal,309.0,1
14727,nominal,291.4,1
14728,nominal,379.9,1
14729,nominal,404.2,1
14730,nominal,379.9,1
14731,nominal,397.6,1
14732,nominal,374.3,1
14733,nominal,347.8,1
14734,nominal,264.6,1
14735,thin,225.7,1
14736,nominal,397.6,0
14737,thin,218.5,1
14738,nominal,375.7,1
14739,nominal,303.8,0
14740,nominal,280.2,1
14741,nominal,312.4,0
14742,nominal,314.1,0
14743,nominal,310.7,0
14744,nominal,274.5,1
14745,thin,245.9,0
14746,nominal,278.3,1
14747,thin,250.2,0
14748,nominal,291.4,0
14749,nominal,300.3,0
14750,nominal,289.5,0
14751,nominal,295.0,0
14752,thin,225.7,0
14753,thin,254.4,0
14754,thin,258.6,0
14755,thin,248.1,0
14756,nominal,392.3,0
14757,nominal,329.0,1
14758,nominal,350.8,1
14759,nominal,379.9,0
14760,nominal,385.4,0
14761,nominal,350.8,1
14762,nominal,278.3,1
14763,thin,234.9,0
14764,nominal,358.3,0
14765,thin,239.4,0
14766,nominal,346.3,1
14767,nominal,280.2,0
14768,nominal,307.3,1
14769,nominal,280.2,0
14770,nominal,293.2,0
14771,nominal,278.3,0
14772,nominal,284.0,1
14773,nominal,270.6,1
14774,nominal,268.6,1
14775,nominal,278.3,1
14776,nominal,298.6,1
14777,nominal,284.0,1
14778,nominal,282.1,1
14779,nominal,274.5,1
14780,nominal,362.7,1
14781,nominal,368.5,1
14782,nominal,378.5,1
14783,nominal,412.0,1
14784,nominal,364.2,1
14785,nominal,346.3,1
14786,nominal,289.5,1
14787,nominal,272.5,1
14788,nominal,401.6,1
14789,nominal,266.6,1
14790,nominal,346.3,1
14791,nominal,298.6,1
14792,nominal,274.5,1
14793,nominal,305.6,1
14794,nominal,310.7,1
14795,nominal,315.8,1
14796,nominal,264.6,1
14797,thin,241.6,1
14798,thin,254.4,1
14799,thin,258.6,1
14800,nominal,307.3,1
14801,nominal,314.1,1
14802,nominal,309.0,1
14803,nominal,295.0,1
14804,nominal,381.3,1
14805,nominal,346.3,1
14806,nominal,347.8,1
14807,nominal,362.7,1
14808,nominal,386.8,1
14809,nominal,353.9,1
14810,nominal,262.6,1
14811,thin,248.1,1
14812,nominal,370.0,1
14813,thin,248.1,1
14814,nominal,353.9,1
14815,nominal,305.6,1
14816,thin,254.4,1
14817,nominal,298.6,1
14818,nominal,314.1,1
14819,nominal,315.8,1
14820,thin,252.3,1
14821,thin,252.3,1
14822,nominal,264.6,1
14823,thin,225.7,1
14824,nominal,310.7,1
14825,nominal,310.7,1
14826,nominal,305.6,1
14827,nominal,303.8,1
14828,nominal,379.9,1
14829,nominal,305.6,1
14830,nominal,368.5,1
14831,nominal,362.7,1
14832,nominal,418.4,1
14833,nominal,371.4,1
14834,nominal,264.6,1
14835,thin,243.8,1
14836,nominal,374.3,1
14837,thin,203.4,1
14838,nominal,362.7,1
14839,nominal,296.8,1
14840,thin,254.4,1
14841,nominal,293.2,1
14842,nominal,285.8,1
14843,nominal,315.8,1
14844,thin,252.3,1
14845,thin,203.4,1
14846,nominal,270.6,1
14847,thin,220.9,1
14848,nominal,296.8,1
14849,nominal,298.6,1
14850,nominal,307.3,1
14851,nominal,298.6,1
14852,nominal,370.0,1
14853,nominal,343.2,1
14854,nominal,280.2,1
14855,nominal,397.6,1
14856,nominal,371.4,1
14857,nominal,362.7,1
14858,nominal,262.6,1
14859,thin,206.0,1
14860,nominal,377.1,1
14861,thin,203.4,1
14862,nominal,367.1,1
14863,nominal,284.0,1
14864,nominal,262.6,1
14865,nominal,285.8,1
14866,nominal,291.4,1
14867,nominal,305.6,1
14868,thin,260.6,1
14869,thin,208.6,1
14870,thin,248.1,1
14871,thin,187.1,1
14872,nominal,307.3,1
14873,nominal,303.8,1
14874,nominal,300.3,1
14875,nominal,285.8,1
14876,nominal,365.7,1
14877,nominal,352.4,1
14878,nominal,381.3,1
14879,nominal,390.9,1
14880,nominal,413.3,1
14881,nominal,350.8,1
14882,thin,252.3,1
14883,thin,203.4,1
14884,nominal,404.2,1
14885,thin,172.4,1
14886,nominal,353.9,1
14887,nominal,280.2,1
14888,nominal,272.5,1
14889,nominal,291.4,1
14890,nominal,284.0,1
14891,nominal,298.6,1
14892,nominal,272.5,1
14893,thin,206.0,1
14894,thin,252.3,1
14895,thin,211.1,1
14896,nominal,300.3,1
14897,nominal,300.3,1
14898,nominal,287.7,1
14899,nominal,293.2,1
14900,nominal,390.9,1
14901,nominal,367.1,1
14902,nominal,319.2,1
14903,nominal,386.8,1
14904,nominal,371.4,1
14905,nominal,374.3,1
14906,nominal,270.6,1
14907,thin,192.7,1
14908,nominal,358.3,1
14909,thin,211.1,1
14910,nominal,413.3,1
14911,nominal,285.8,1
14912,nominal,270.6,1
14913,nominal,285.8,1
14914,nominal,312.4,1
14915,nominal,307.3,1
14916,nominal,264.6,1
14917,thin,208.6,1
14918,nominal,272.5,1
14919,thin,206.0,1
14920,nominal,307.3,1
14921,nominal,300.3,1
14922,nominal,298.6,1
14923,nominal,312.4,1
14924,nominal,375.7,1
14925,nominal,406.9,1
14926,nominal,349.3,1
14927,broken,325.8,0
14928,nominal,377.1,1
14929,nominal,343.2,1
14930,nominal,266.6,1
14931,thin,189.9,1
14932,nominal,364.2,1
14933,thin,208.6,1
14934,nominal,384.1,1
14935,nominal,309.0,1
14936,nominal,272.5,1
14937,nominal,300.3,1
14938,nominal,289.5,1
14939,nominal,307.3,1
14940,nominal,272.5,1
14941,thin,258.6,0
14942,nominal,268.6,1
14943,thin,230.3,1
14944,nominal,302.1,0
14945,nominal,302.1,1
14946,nominal,309.0,1
14947,nominal,298.6,1
14948,nominal,343.2,0
14949,nominal,353.9,1
14950,nominal,389.5,1
14951,nominal,408.2,1
14952,nominal,356.8,1
14953,nominal,359.8,1
14954,nominal,272.5,1
14955,thin,223.3,1
14956,nominal,374.3,1
14957,thin,250.2,0
14958,nominal,352.4,1
14959,nominal,298.6,0
14960,nominal,274.5,1
14961,nominal,320.8,0
14962,nominal,312.4,1
14963,nominal,312.4,1
14964,nominal,274.5,1
14965,thin,243.8,0
14966,nominal,276.4,1
14967,nominal,264.6,0
14968,nominal,293.2,0
14969,nominal,310.7,0
14970,nominal,300.3,0
14971,nominal,291.4,0
14972,thin,243.8,0
14973,thin,245.9,0
14974,thin,248.1,0
14975,thin,254.4,0
14976,nominal,343.2,0
14977,nominal,346.3,1
14978,nominal,361.3,1
14979,nominal,412.0,0
14980,nominal,378.5,1
14981,nominal,347.8,1
14982,nominal,264.6,1
14983,thin,250.2,0
14984,nominal,358.3,0
14985,thin,252.3,0
14986,nominal,355.4,1
14987,nominal,274.5,0
14988,nominal,300.3,1
14989,nominal,295.0,0
14990,nominal,302.1,0
14991,nominal,298.6,0
14992,nominal,289.5,1
14993,thin,254.4,1
14994,nominal,282.1,1
14995,nominal,274.5,1
14996,nominal,278.3,1
14997,nominal,272.5,1
14998,nominal,272.5,1
14999,nominal,278.3,1
15000,nominal,359.8,1
15001,nominal,307.3,1
15002,nominal,338.5,1
15003,nominal,375.7,1
15004,nominal,324.1,0
15005,nominal,337.0,1
15006,nominal,296.8,1
15007,thin,252.3,1
15008,nominal,364.2,1
15009,thin,260.6,1
15010,nominal,330.6,1
15011,nominal,310.7,1
15012,nominal,268.6,1
15013,nominal,302.1,1
15014,nominal,312.4,1
15015,nominal,317.5,1
15016,nominal,276.4,1
15017,thin,243.8,1
15018,thin,260.6,1
15019,thin,243.8,1
15020,nominal,302.1,1
15021,nominal,300.3,1
15022,nominal,305.6,1
15023,nominal,303.8,1
15024,nominal,405.6,1
15025,nominal,327.4,1
15026,nominal,418.4,1
15027,nominal,377.1,1
15028,nominal,372.8,1
15029,nominal,347.8,1
15030,nominal,264.6,1
15031,thin,254.4,1
15032,nominal,377.1,1
15033,thin,230.3,1
15034,nominal,327.4,1
15035,nominal,315.8,1
15036,nominal,266.6,1
15037,nominal,315.8,1
15038,nominal,320.8,1
15039,nominal,320.8,1
15040,thin,248.1,1
15041,thin,203.4,1
15042,nominal,272.5,1
15043,thin,216.1,1
15044,nominal,310.7,1
15045,nominal,305.6,1
15046,nominal,309.0,1
15047,nominal,309.0,1
15048,nominal,359.8,1
15049,nominal,353.9,1
15050,nominal,338.5,1
15051,nominal,355.4,1
15052,nominal,368.5,1
15053,nominal,317.5,1
15054,thin,258.6,1
15055,thin,223.3,1
15056,nominal,402.9,1
15057,thin,187.1,1
15058,nominal,338.5,1
15059,nominal,309.0,1
15060,nominal,266.6,1
15061,nominal,293.2,1
15062,nominal,303.8,1
15063,nominal,310.7,1
15064,thin,252.3,1
15065,thin,198.1,1
15066,nominal,264.6,1
15067,thin,206.0,1
15068,nominal,307.3,1
15069,nominal,303.8,1
15070,nominal,303.8,1
15071,nominal,302.1,1
15072,nominal,382.7,1
15073,nominal,343.2,1
15074,necked,302.1,1
15075,nominal,375.7,1
15076,nominal,368.5,1
15077,nominal,344.7,1
15078,nominal,266.6,1
15079,broken,159.6,1
15080,nominal,361.3,1
15081,thin,187.1,1
15082,nominal,378.5,1
15083,nominal,319.2,1
15084,nominal,264.6,1
15085,nominal,296.8,1
15086,nominal,296.8,1
15087,nominal,305.6,1
15088,thin,250.2,1
15089,thin,187.1,1
15090,thin,252.3,1
15091,thin,184.3,1
15092,nominal,300.3,1
15093,nominal,303.8,1
15094,nominal,302.1,1
15095,nominal,295.0,1
15096,nominal,384.1,1
15097,nominal,379.9,1
15098,nominal,367.1,1
15099,nominal,370.0,1
15100,nominal,368.5,1
15101,nominal,368.5,1
15102,thin,260.6,1
15103,thin,181.4,1
15104,nominal,400.3,1
15105,thin,191.3,1
15106,nominal,390.9,1
15107,nominal,282.1,1
15108,nominal,270.6,1
15109,nominal,298.6,1
15110,nominal,293.2,1
15111,nominal,287.7,1
15112,thin,258.6,1
15113,thin,211.1,1
15114,nominal,266.6,1
15115,thin,223.3,1
15116,nominal,291.4,1
15117,nominal,295.0,1
15118,nominal,289.5,1
15119,nominal,293.2,1
15120,nominal,374.3,1
15121,nominal,365.7,1
15122,broken,303.8,0
15123,nominal,362.7,1
15124,nominal,364.2,1
15125,nominal,340.1,1
15126,thin,250.2,1
15127,thin,162.9,1
15128,nominal,402.9,1
15129,thin,220.9,1
15130,nominal,355.4,1
15131,nominal,322.5,1
15132,thin,258.6,1
15133,nominal,295.0,1
15134,nominal,278.3,1
15135,nominal,314.1,1
15136,nominal,268.6,1
15137,thin,237.2,1
15138,thin,260.6,1
15139,thin,232.6,1
15140,nominal,298.6,1
15141,nominal,310.7,1
15142,nominal,314.1,1
15143,nominal,305.6,1
15144,nominal,350.8,1
15145,nominal,374.3,1
15146,nominal,362.7,1
15147,nominal,405.6,1
15148,nominal,384.1,1
15149,nominal,305.6,1
15150,thin,260.6,1
15151,thin,211.1,1
15152,nominal,386.8,1
15153,thin,225.7,1
15154,nominal,388.2,1
15155,nominal,303.8,1
15156,nominal,264.6,1
15157,nominal,305.6,1
15158,nominal,300.3,1
15159,nominal,307.3,1
15160,thin,260.6,1
15161,thin,258.6,1
15162,nominal,262.6,1
15163,thin,254.4,1
15164,nominal,300.3,1
15165,nominal,307.3,1
15166,nominal,302.1,1
15167,nominal,307.3,1
15168,nominal,346.3,1
15169,nominal,372.8,1
15170,nominal,340.1,1
15171,nominal,386.8,1
15172,nominal,358.3,1
15173,nominal,372.8,1
15174,nominal,276.4,1
15175,thin,228.0,1
15176,nominal,341.7,1
15177,thin,239.4,0
15178,nominal,370.0,1
15179,nominal,309.0,0
15180,nominal,276.4,1
15181,nominal,309.0,1
15182,nominal,303.8,1
15183,nominal,314.1,0
15184,thin,260.6,1
15185,thin,248.1,0
15186,nominal,291.4,1
15187,thin,260.6,0
15188,nominal,298.6,0
15189,nominal,285.8,0
15190,nominal,307.3,0
15191,nominal,310.7,0
15192,thin,260.6,0
15193,nominal,262.6,0
15194,nominal,264.6,0
15195,nominal,264.6,0
15196,nominal,361.3,0
15197,nominal,341.7,1
15198,nominal,365.7,1
15199,nominal,395.0,0
15200,nominal,329.0,1
15201,nominal,343.2,1
15202,nominal,266.6,1
15203,thin,260.6,0
15204,nominal,337.0,0
15205,thin,239.4,0
15206,nominal,356.8,1
15207,nominal,296.8,0
15208,nominal,289.5,1
15209,nominal,307.3,0
15210,nominal,307.3,0
15211,nominal,295.0,0
15212,nominal,289.5,1
15213,thin,260.6,1
15214,nominal,282.1,1
15215,nominal,266.6,1
15216,nominal,300.3,1
15217,nominal,298.6,1
15218,nominal,298.6,1
15219,nominal,282.1,1
15220,nominal,378.5,1
15221,nominal,338.5,1
15222,nominal,365.7,1
15223,nominal,370.0,1
15224,nominal,367.1,1
15225,nominal,338.5,1
15226,nominal,298.6,1
15227,nominal,278.3,1
15228,nominal,402.9,1
15229,thin,256.5,1
15230,nominal,350.8,1
15231,nominal,310.7,1
15232,nominal,282.1,1
15233,nominal,314.1,1
15234,nominal,307.3,1
15235,nominal,310.7,1
15236,nominal,268.6,1
15237,thin,239.4,1
15238,nominal,264.6,1
15239,thin,241.6,1
15240,nominal,298.6,1
15241,nominal,309.0,1
15242,nominal,310.7,1
15243,nominal,303.8,1
15244,nominal,344.7,1
15245,nominal,368.5,1
15246,nominal,395.0,1
15247,nominal,386.8,1
15248,nominal,364.2,1
15249,nominal,343.2,1
15250,nominal,262.6,1
15251,thin,258.6,1
15252,nominal,381.3,1
15253,thin,225.7,1
15254,nominal,346.3,1
15255,nominal,309.0,1
15256,nominal,274.5,1
15257,nominal,307.3,1
15258,nominal,305.6,1
15259,nominal,322.5,1
15260,nominal,262.6,1
15261,thin,223.3,1
15262,nominal,266.6,1
15263,thin,211.1,1
15264,nominal,309.0,1
15265,nominal,317.5,1
15266,nominal,310.7,1
15267,nominal,305.6,1
15268,nominal,364.2,1
15269,nominal,365.7,1
15270,nominal,364.2,1
15271,nominal,386.8,1
15272,nominal,386.8,1
15273,nominal,356.8,1
15274,nominal,280.2,1
15275,thin,223.3,1
15276,nominal,358.3,1
15277,thin,213.6,1
15278,nominal,350.8,1
15279,nominal,305.6,1
15280,nominal,268.6,1
15281,nominal,291.4,1
15282,nominal,300.3,1
15283,nominal,322.5,1
15284,thin,260.6,1
15285,thin,175.4,1
15286,thin,258.6,1
15287,thin,206.0,1
15288,nominal,315.8,1
15289,nominal,303.8,1
15290,nominal,309.0,1
15291,nominal,317.5,1
15292,nominal,393.6,1
15293,nominal,343.2,1
15294,nominal,314.1,1
15295,nominal,371.4,1
15296,nominal,404.2,1
15297,nominal,367.1,1
15298,thin,258.6,1
15299,thin,198.1,1
15300,nominal,406.9,1
15301,thin,189.9,1
15302,nominal,370.0,1
15303,nominal,309.0,1
15304,nominal,278.3,1
15305,nominal,305.6,1
15306,nominal,296.8,1
15307,nominal,302.1,1
15308,nominal,262.6,1
15309,thin,200.8,1
15310,nominal,264.6,1
15311,thin,216.1,1
15312,nominal,300.3,1
15313,nominal,295.0,1
15314,nominal,295.0,1
15315,nominal,302.1,1
15316,nominal,355.4,1
15317,nominal,346.3,1
15318,nominal,395.0,1
15319,nominal,392.3,1
15320,nominal,397.6,1
15321,nominal,385.4,1
15322,thin,254.4,1
15323,thin,218.5,1
15324,nominal,374.3,1
15325,thin,220.9,1
15326,nominal,393.6,1
15327,nominal,289.5,1
15328,thin,248.1,1
15329,nominal,284.0,1
15330,nominal,287.7,1
15331,nominal,287.7,1
15332,thin,250.2,1
15333,thin,218.5,1
15334,thin,248.1,1
15335,thin,220.9,1
15336,nominal,305.6,1
15337,nominal,302.1,1
15338,nominal,293.2,1
15339,nominal,287.7,1
15340,nominal,367.1,1
15341,nominal,365.7,1
15342,nominal,371.4,1
15343,nominal,374.3,1
15344,nominal,368.5,1
15345,nominal,395.0,1
15346,thin,258.6,1
15347,thin,211.1,1
15348,nominal,347.8,1
15349,thin,245.9,1
15350,nominal,350.8,1
15351,nominal,282.1,1
15352,thin,254.4,1
15353,nominal,305.6,1
15354,nominal,300.3,1
15355,nominal,302.1,1
15356,nominal,264.6,1
15357,thin,232.6,1
15358,thin,258.6,1
15359,thin,254.4,1
15360,nominal,305.6,1
15361,nominal,293.2,1
15362,nominal,302.1,1
15363,nominal,295.0,1
15364,nominal,374.3,1
15365,nominal,412.0,1
15366,nominal,362.7,1
15367,nominal,415.9,1
15368,nominal,319.2,1
15369,nominal,385.4,1
15370,thin,245.9,1
15371,thin,241.6,1
15372,nominal,375.7,1
15373,thin,241.6,1
15374,nominal,386.8,1
15375,nominal,300.3,1
15376,thin,254.4,1
15377,nominal,315.8,1
15378,nominal,302.1,1
15379,nominal,310.7,1
15380,thin,256.5,1
15381,nominal,266.6,0
15382,thin,245.9,1
15383,thin,256.5,1
15384,nominal,298.6,1
15385,nominal,312.4,1
15386,broken,268.6,1
15387,nominal,319.2,1
15388,nominal,356.8,1
15389,nominal,364.2,1
15390,nominal,378.5,1
15391,nominal,378.5,1
15392,nominal,347.8,1
15393,nominal,346.3,1
15394,thin,258.6,1
15395,thin,248.1,1
15396,nominal,356.8,1
15397,thin,258.6,0
15398,nominal,353.9,1
15399,nominal,300.3,1
15400,nominal,266.6,1
15401,nominal,315.8,0
15402,nominal,317.5,1
15403,nominal,305.6,1
15404,nominal,272.5,1
15405,thin,248.1,0
15406,nominal,284.0,1
15407,nominal,262.6,0
15408,nominal,303.8,0
15409,nominal,298.6,1
15410,nominal,305.6,1
15411,nominal,302.1,0
15412,thin,258.6,0
15413,thin,254.4,0
15414,thin,254.4,0
15415,nominal,278.3,0
15416,nominal,372.8,0
15417,nominal,309.0,0
15418,nominal,377.1,1
15419,nominal,406.9,0
15420,nominal,390.9,1
15421,nominal,337.0,1
15422,thin,260.6,1
15423,nominal,262.6,0
15424,broken,356.8,0
15425,thin,245.9,0
15426,nominal,356.8,1
15427,nominal,284.0,0
15428,nominal,276.4,1
15429,nominal,293.2,0
15430,nominal,310.7,0
15431,nominal,302.1,0
15432,nominal,309.0,1
15433,thin,252.3,1
15434,nominal,296.8,1
15435,nominal,276.4,1
15436,nominal,307.3,1
15437,nominal,268.6,1
15438,nominal,302.1,1
15439,nominal,282.1,1
15440,nominal,384.1,0
15441,nominal,320.8,0
15442,nominal,377.1,1
15443,nominal,397.6,1
15444,nominal,352.4,1
15445,nominal,349.3,1
15446,nominal,302.1,1
15447,nominal,272.5,1
15448,nominal,384.1,1
15449,thin,252.3,1
15450,nominal,349.3,1
15451,nominal,305.6,1
15452,nominal,287.7,1
15453,nominal,300.3,1
15454,nominal,312.4,1
15455,nominal,305.6,1
15456,nominal,268.6,1
15457,thin,230.3,1
15458,nominal,276.4,1
15459,thin,232.6,1
15460,nominal,296.8,1
15461,nominal,305.6,1
15462,nominal,314.1,1
15463,nominal,298.6,1
15464,nominal,399.0,1
15465,nominal,344.7,1
15466,nominal,381.3,1
15467,nominal,396.3,1
15468,nominal,400.3,1
15469,nominal,333.8,1
15470,nominal,274.5,1
15471,nominal,264.6,1
15472,nominal,392.3,1
15473,thin,218.5,1
15474,nominal,350.8,1
15475,nominal,307.3,1
15476,nominal,276.4,1
15477,nominal,302.1,1
15478,nominal,315.8,1
15479,nominal,305.6,1
15480,nominal,272.5,1
15481,thin,211.1,1
15482,nominal,272.5,1
15483,thin,225.7,1
15484,nominal,314.1,1
15485,nominal,317.5,1
15486,nominal,312.4,1
15487,nominal,307.3,1
15488,nominal,388.2,1
15489,nominal,353.9,1
15490,nominal,371.4,1
15491,nominal,385.4,1
15492,nominal,390.9,1
15493,nominal,400.3,1
15494,nominal,280.2,1
15495,thin,189.9,1
15496,nominal,350.8,1
15497,thin,211.1,1
15498,nominal,370.0,1
15499,nominal,309.0,1
15500,nominal,270.6,1
15501,nominal,317.5,1
15502,nominal,303.8,1
15503,nominal,309.0,1
15504,nominal,262.6,1
15505,thin,211.1,1
15506,nominal,274.5,1
15507,thin,218.5,1
15508,nominal,319.2,1
15509,nominal,315.8,1
15510,nominal,314.1,1
15511,nominal,298.6,1
15512,nominal,384.1,1
15513,nominal,338.5,1
15514,nominal,384.1,1
15515,nominal,385.4,1
15516,nominal,386.8,1
15517,nominal,414.6,1
15518,nominal,270.6,1
15519,thin,198.1,1
15520,nominal,422.2,1
15521,thin,211.1,1
15522,nominal,341.7,1
15523,nominal,309.0,1
15524,nominal,284.0,1
15525,nominal,303.8,1
15526,nominal,298.6,1
15527,nominal,302.1,1
15528,nominal,268.6,1
15529,thin,234.9,1
15530,thin,260.6,1
15531,thin,228.0,1
15532,nominal,314.1,1
15533,nominal,319.2,1
15534,nominal,305.6,1
15535,nominal,298.6,1
15536,nominal,374.3,1
15537,nominal,358.3,1
15538,nominal,382.7,1
15539,nominal,386.8,1
15540,nominal,408.2,1
15541,nominal,364.2,1
15542,nominal,276.4,1
15543,thin,216.1,1
15544,nominal,399.0,1
15545,thin,220.9,1
15546,nominal,382.7,1
15547,nominal,295.0,1
15548,nominal,266.6,1
15549,nominal,287.7,1
15550,nominal,317.5,1
15551,nominal,284.0,1
15552,thin,256.5,1
15553,thin,248.1,1
15554,thin,256.5,1
15555,thin,241.6,1
15556,nominal,302.1,1
15557,nominal,305.6,1
15558,nominal,310.7,1
15559,nominal,295.0,1
15560,nominal,370.0,1
15561,nominal,349.3,1
15562,nominal,337.0,1
15563,nominal,382.7,1
15564,nominal,390.9,1
15565,nominal,344.7,1
15566,thin,258.6,1
15567,thin,232.6,1
15568,thick,450.2,1
15569,thin,248.1,1
15570,broken,325.8,0
15571,nominal,302.1,1
15572,thin,241.6,1
15573,nominal,309.0,1
15574,nominal,312.4,1
15575,nominal,310.7,1
15576,thin,260.6,1
15577,thin,260.6,1
15578,nominal,262.6,1
15579,nominal,262.6,1
15580,nominal,317.5,1
15581,nominal,314.1,1
15582,nominal,317.5,1
15583,nominal,309.0,1
15584,nominal,371.4,1
15585,nominal,390.9,1
15586,nominal,371.4,1
15587,nominal,378.5,1
15588,nominal,388.2,1
15589,nominal,374.3,1
15590,thin,248.1,1
15591,thin,258.6,1
15592,nominal,415.9,1
15593,thin,256.5,1
15594,nominal,361.3,1
15595,nominal,312.4,1
15596,thin,239.4,1
15597,nominal,317.5,1
15598,nominal,309.0,1
15599,nominal,324.1,1
15600,thin,256.5,1
15601,nominal,266.6,0
15602,thin,260.6,1
15603,nominal,266.6,1
15604,nominal,303.8,1
15605,nominal,312.4,1
15606,nominal,314.1,1
15607,nominal,317.5,1
15608,nominal,384.1,1
15609,nominal,338.5,0
15610,nominal,378.5,1
15611,nominal,386.8,1
15612,nominal,393.6,1
15613,nominal,377.1,1
15614,thin,252.3,1
15615,nominal,268.6,1
15616,nominal,399.0,0
15617,nominal,272.5,0
15618,nominal,413.3,1
15619,nominal,309.0,1
15620,nominal,266.6,1
15621,nominal,303.8,1
15622,nominal,319.2,1
15623,nominal,310.7,1
15624,thin,258.6,1
15625,thin,252.3,0
15626,nominal,272.5,1
15627,thin,256.5,0
15628,nominal,305.6,0
15629,broken,338.1,1
15630,nominal,307.3,0
15631,nominal,309.0,0
15632,nominal,268.6,0
15633,nominal,276.4,0
15634,thin,260.6,0
15635,nominal,280.2,0
15636,nominal,374.3,0
15637,nominal,343.2,0
15638,nominal,368.5,0
15639,nominal,395.0,0
15640,nominal,388.2,0
15641,nominal,361.3,1
15642,thin,250.2,1
15643,nominal,268.6,0
15644,nominal,361.3,0
15645,thin,256.5,0
15646,nominal,320.8,0
15647,nominal,312.4,0
15648,nominal,282.1,1
15649,nominal,300.3,0
15650,nominal,309.0,0
15651,nominal,298.6,0
15652,nominal,307.3,1
15653,thin,243.8,1
15654,nominal,295.0,1
15655,nominal,268.6,1
15656,nominal,310.7,1
15657,nominal,278.3,1
15658,nominal,295.0,1
15659,nominal,278.3,1
15660,broken,275.4,1
15661,nominal,385.4,1
15662,nominal,340.1,1
15663,nominal,422.2,1
15664,nominal,385.4,1
15665,nominal,350.8,1
15666,nominal,312.4,1
15667,thin,252.3,1
15668,nominal,355.4,1
15669,thin,243.8,1
15670,nominal,353.9,1
15671,nominal,305.6,1
15672,nominal,293.2,1
15673,nominal,309.0,1
15674,nominal,303.8,1
15675,nominal,314.1,1
15676,nominal,274.5,1
15677,thin,223.3,1
15678,nominal,270.6,1
15679,thin,234.9,1
15680,nominal,310.7,1
15681,nominal,300.3,1
15682,nominal,300.3,1
15683,nominal,291.4,1
15684,nominal,378.5,1
15685,nominal,338.5,1
15686,nominal,347.8,1
15687,nominal,413.3,1
15688,nominal,386.8,1
15689,broken,314.1,0
15690,nominal,285.8,1
15691,thin,239.4,1
15692,nominal,365.7,1
15693,thin,243.8,1
15694,nominal,385.4,1
15695,nominal,322.5,1
15696,nominal,282.1,1
15697,nominal,305.6,1
15698,nominal,300.3,1
15699,nominal,314.1,1
15700,nominal,274.5,1
15701,thin,220.9,1
15702,nominal,268.6,1
15703,thin,223.3,1
15704,nominal,312.4,1
15705,nominal,319.2,1
15706,nominal,296.8,1
15707,nominal,310.7,1
15708,nominal,358.3,1
15709,nominal,362.7,1
15710,nominal,370.0,1
15711,nominal,382.7,1
15712,missing,0.0,1
15713,nominal,405.6,1
15714,nominal,298.6,1
15715,thin,218.5,1
15716,nominal,374.3,1
15717,thin,232.6,1
15718,nominal,378.5,1
15719,nominal,293.2,1
15720,nominal,270.6,1
15721,nominal,312.4,1
15722,nominal,317.5,1
15723,nominal,310.7,1
15724,nominal,268.6,1
15725,thin,254.4,1
15726,nominal,280.2,1
15727,thin,241.6,1
15728,nominal,314.1,1
15729,nominal,312.4,1
15730,nominal,302.1,1
15731,nominal,317.5,1
15732,nominal,389.5,1
15733,nominal,375.7,1
15734,nominal,364.2,1
15735,nominal,404.2,1
15736,nominal,397.6,1
15737,nominal,353.9,1
15738,nominal,276.4,1
15739,thin,223.3,1
15740,nominal,382.7,1
15741,thin,239.4,1
15742,nominal,395.0,1
15743,nominal,309.0,1
15744,nominal,264.6,1
15745,nominal,305.6,1
15746,nominal,298.6,1
15747,nominal,300.3,1
15748,nominal,272.5,1
15749,nominal,266.6,1
15750,nominal,264.6,1
15751,thin,260.6,1
15752,nominal,310.7,1
15753,nominal,317.5,1
15754,nominal,314.1,1
15755,nominal,315.8,1
15756,nominal,390.9,1
15757,nominal,379.9,1
15758,nominal,374.3,1
15759,broken,334.6,1
15760,nominal,419.7,1
15761,nominal,371.4,1
15762,nominal,270.6,1
15763,thin,230.3,1
15764,nominal,377.1,1
15765,nominal,262.6,1
15766,nominal,382.7,1
15767,nominal,307.3,1
15768,nominal,276.4,1
15769,nominal,274.5,1
15770,nominal,287.7,1
15771,nominal,280.2,1
15772,nominal,276.4,1
15773,nominal,262.6,1
15774,nominal,274.5,1
15775,thin,256.5,1
15776,nominal,315.8,1
15777,nominal,312.4,1
15778,nominal,317.5,1
15779,nominal,307.3,1
15780,nominal,399.0,1
15781,nominal,388.2,1
15782,nominal,356.8,1
15783,nominal,395.0,1
15784,nominal,402.9,1
15785,nominal,353.9,1
15786,nominal,268.6,1
15787,thin,245.9,1
15788,nominal,406.9,1
15789,nominal,262.6,1
15790,nominal,408.2,1
15791,nominal,310.7,1
15792,nominal,266.6,1
15793,nominal,296.8,1
15794,nominal,293.2,1
15795,nominal,309.0,1
15796,thin,254.4,1
15797,thin,258.6,1
15798,thin,256.5,1
15799,nominal,272.5,1
15800,nominal,310.7,1
15801,nominal,314.1,1
15802,nominal,307.3,1
15803,nominal,310.7,1
15804,nominal,374.3,1
15805,nominal,353.9,1
15806,nominal,350.8,1
15807,nominal,401.6,1
15808,nominal,386.8,1
15809,nominal,359.8,1
15810,thin,256.5,1
15811,thin,260.6,1
15812,nominal,417.2,1
15813,nominal,285.8,1
15814,nominal,388.2,1
15815,nominal,309.0,1
15816,thin,258.6,1
15817,nominal,309.0,1
15818,nominal,312.4,1
15819,nominal,310.7,1
15820,thin,256.5,1
15821,nominal,278.3,0
15822,thin,243.8,1
15823,nominal,280.2,0
15824,nominal,312.4,1
15825,nominal,309.0,1
15826,nominal,314.1,1
15827,nominal,320.8,1
15828,nominal,368.5,1
15829,nominal,381.3,1
15830,nominal,347.8,1
15831,nominal,378.5,1
15832,nominal,372.8,1
15833,nominal,359.8,1
15834,thin,250.2,1
15835,nominal,282.1,1
15836,nominal,382.7,1
15837,nominal,296.8,0
15838,nominal,368.5,1
15839,nominal,322.5,1
15840,thin,234.9,1
15841,nominal,309.0,0
15842,nominal,315.8,1
15843,nominal,295.0,1
15844,thin,254.4,1
15845,thin,258.6,0
15846,thin,258.6,1
15847,nominal,280.2,0
15848,nominal,300.3,1
15849,nominal,310.7,1
15850,nominal,302.1,1
15851,nominal,305.6,1
15852,nominal,278.3,0
15853,nominal,278.3,0
15854,thin,260.6,0
15855,nominal,284.0,0
15856,nominal,365.7,0
15857,nominal,344.7,0
15858,nominal,400.3,1
15859,nominal,347.8,0
15860,nominal,427.2,1
15861,nominal,364.2,1
15862,thin,254.4,1
15863,nominal,284.0,0
15864,nominal,329.0,0
15865,nominal,280.2,0
15866,nominal,368.5,1
15867,nominal,314.1,0
15868,nominal,262.6,1
15869,nominal,309.0,0
15870,nominal,310.7,0
15871,nominal,312.4,0
15872,nominal,317.5,1
15873,thin,250.2,1
15874,nominal,307.3,1
15875,nominal,268.6,1
15876,nominal,296.8,1
15877,nominal,287.7,1
15878,nominal,291.4,1
15879,nominal,291.4,1
15880,nominal,358.3,1
15881,nominal,362.7,1
15882,nominal,365.7,1
15883,nominal,381.3,1
15884,missing,0.0,0
15885,missing,0.0,0
15886,missing,0.0,0
15887,missing,0.0,0
15888,nominal,395.0,1
15889,nominal,355.4,1
15890,nominal,305.6,1
15891,thin,239.4,1
15892,nominal,365.7,1
15893,thin,237.2,1
15894,nominal,325.8,1
15895,nominal,302.1,1
15896,nominal,302.1,1
15897,nominal,298.6,1
15898,nominal,289.5,1
15899,necked,312.4,1
15900,nominal,282.1,1
15901,nominal,262.6,1
15902,nominal,287.7,1
15903,thin,257.5,1
15904,nominal,296.8,1
15905,nominal,291.4,1
15906,nominal,303.8,1
15907,nominal,289.5,1
15908,nominal,368.5,1
15909,nominal,358.3,1
15910,nominal,352.4,1
15911,nominal,372.8,1
15912,missing,0.0,0
15913,missing,0.0,0
15914,missing,0.0,0
15915,missing,0.0,0
15916,nominal,396.3,1
15917,nominal,388.2,1
15918,nominal,303.8,1
15919,thin,256.5,1
15920,nominal,358.3,1
15921,thin,258.6,1
15922,nominal,361.3,1
15923,nominal,315.8,1
15924,nominal,284.0,1
15925,nominal,303.8,1
15926,nominal,280.2,1
15927,nominal,314.1,1
15928,nominal,282.1,1
15929,nominal,268.6,1
15930,nominal,289.5,1
15931,thin,256.5,1
15932,nominal,309.0,1
15933,nominal,309.0,1
15934,nominal,285.8,1
15935,nominal,307.3,1
15936,nominal,353.9,1
15937,nominal,379.9,1
15938,nominal,368.5,1
15939,missing,0.0,1
15940,missing,0.0,0
15941,missing,0.0,0
15942,missing,0.0,0
15943,missing,0.0,0
15944,nominal,375.7,1
15945,nominal,303.8,1
15946,nominal,305.6,1
15947,thin,256.5,1
15948,nominal,362.7,1
15949,thin,258.6,1
15950,nominal,350.8,1
15951,nominal,309.0,1
15952,nominal,289.5,1
15953,nominal,305.6,1
15954,nominal,289.5,1
15955,nominal,285.8,1
15956,nominal,280.2,1
15957,thin,258.6,1
15958,nominal,295.0,1
15959,nominal,272.5,1
15960,nominal,312.4,1
15961,nominal,302.1,1
15962,nominal,307.3,1
15963,nominal,310.7,1
15964,nominal,377.1,1
15965,nominal,378.5,1
15966,nominal,386.8,1
15967,nominal,362.7,1
15968,missing,0.0,0
15969,missing,0.0,0
15970,missing,0.0,0
15971,missing,0.0,0
15972,nominal,374.3,1
15973,nominal,379.9,1
15974,nominal,296.8,1
15975,thin,260.6,1
15976,nominal,353.9,1
15977,thin,252.3,1
15978,nominal,327.4,1
15979,nominal,282.1,1
15980,nominal,287.7,1
15981,nominal,305.6,1
15982,nominal,284.0,1
15983,nominal,303.8,1
15984,nominal,276.4,1
15985,nominal,278.3,1
15986,broken,270.6,1
15987,nominal,278.3,1
15988,nominal,307.3,1
15989,nominal,302.1,1
15990,nominal,296.8,1
15991,nominal,303.8,1
15992,broken,324.1,1
15993,nominal,355.4,1
15994,nominal,352.4,1
15995,nominal,370.0,1
15996,missing,0.0,0
15997,missing,0.0,0
15998,missing,0.0,0
15999,missing,0.0,0
16000,nominal,378.5,1
16001,nominal,330.6,1
16002,nominal,282.1,1
16003,nominal,268.6,1
16004,nominal,338.5,1
16005,nominal,270.6,1
16006,nominal,349.3,1
16007,nominal,293.2,1
16008,nominal,280.2,1
16009,nominal,276.4,1
16010,nominal,268.6,1
16011,nominal,289.5,1
16012,nominal,268.6,1
16013,nominal,264.6,1
16014,broken,276.4,1
16015,nominal,274.5,1
16016,nominal,305.6,1
16017,necked,303.8,1
16018,nominal,293.2,1
16019,nominal,309.0,1
16020,nominal,399.0,1
16021,nominal,355.4,1
16022,nominal,375.7,1
16023,nominal,372.8,1
16024,missing,0.0,0
16025,missing,0.0,0
16026,missing,0.0,0
16027,missing,0.0,0
16028,nominal,382.7,1
16029,nominal,327.4,1
16030,necked,277.4,1
16031,thin,260.6,1
16032,nominal,384.1,1
16033,nominal,276.4,1
16034,nominal,343.2,1
16035,nominal,293.2,1
16036,nominal,262.6,1
16037,nominal,302.1,1
16038,nominal,298.6,1
16039,nominal,298.6,1
16040,thin,256.5,1
16041,nominal,266.6,1
16042,broken,266.6,1
16043,nominal,270.6,1
16044,nominal,303.8,1
16045,nominal,300.3,1
16046,nominal,314.1,1
16047,nominal,307.3,1
16048,nominal,381.3,1
16049,nominal,352.4,1
16050,nominal,344.7,1
16051,broken,349.3,0
16052,missing,0.0,0
16053,missing,0.0,0
16054,missing,0.0,0
16055,missing,0.0,0
16056,nominal,389.5,1
16057,nominal,325.8,1
16058,necked,284.9,1
16059,nominal,278.3,1
16060,nominal,382.7,1
16061,nominal,300.3,1
16062,nominal,341.7,1
16063,nominal,314.1,1
16064,thin,250.2,1
16065,nominal,302.1,1
16066,nominal,300.3,1
16067,nominal,310.7,1
16068,thin,256.5,1
16069,nominal,287.7,0
16070,broken,254.4,1
16071,nominal,276.4,1
16072,nominal,317.5,1
16073,broken,297.7,1
16074,nominal,307.3,1
16075,nominal,307.3,1
16076,nominal,371.4,1
16077,nominal,350.8,1
16078,nominal,365.7,1
16079,nominal,375.7,1
16080,missing,0.0,0
16081,missing,0.0,0
16082,missing,0.0,0
16083,missing,0.0,0
16084,nominal,389.5,1
16085,nominal,350.8,1
16086,broken,272.5,1
16087,nominal,291.4,1
16088,nominal,353.9,1
16089,nominal,296.8,0
16090,nominal,386.8,1
16091,nominal,312.4,1
16092,thin,256.5,1
16093,nominal,310.7,1
16094,broken,285.8,1
16095,nominal,310.7,1
16096,nominal,262.6,1
16097,nominal,289.5,0
16098,broken,253.4,1
16099,nominal,296.8,0
16100,nominal,303.8,0
16101,broken,287.7,1
16102,nominal,291.4,0
16103,nominal,282.1,0
16104,nominal,280.2,0
16105,missing,0.0,0
16106,nominal,280.2,0
16107,nominal,268.6,0
16108,nominal,361.3,0
16109,nominal,365.7,0
16110,nominal,362.7,1
16111,nominal,395.0,0
16112,missing,0.0,0
16113,missing,0.0,0
16114,missing,0.0,0
16115,missing,0.0,0
16116,nominal,367.1,1
16117,nominal,341.7,1
16118,broken,260.6,1
16119,nominal,300.3,0
16120,nominal,374.3,0
16121,nominal,307.3,0
16122,nominal,370.0,1
16123,nominal,305.6,0
16124,thin,260.6,1
16125,nominal,307.3,0
16126,broken,295.0,1
16127,nominal,305.6,0
16128,thin,254.4,1
16129,nominal,282.1,1
16130,thin,241.6,1
16131,nominal,284.0,1
16132,thick,913.3,0
16133,thick,853.2,0
16134,thick,854.4,0
16135,thick,888.5,0
16136,nominal,278.3,1
16137,nominal,280.2,1
16138,nominal,298.6,1
16139,nominal,280.2,1
16140,nominal,375.7,1
16141,nominal,309.0,1
16142,nominal,341.7,1
16143,nominal,384.1,1
16144,nominal,381.3,1
16145,nominal,355.4,1
16146,thin,178.4,1
16147,nominal,335.4,1
16148,nominal,378.5,1
16149,nominal,337.0,1
16150,nominal,401.6,1
16151,nominal,291.4,1
16152,thin,169.3,1
16153,nominal,303.8,1
16154,nominal,332.2,1
16155,nominal,289.5,1
16156,thin,256.5,1
16157,nominal,284.0,1
16158,thin,241.6,1
16159,thin,260.6,1
16160,thick,906.3,0
16161,thick,827.9,0
16162,thick,844.4,0
16163,thick,861.2,0
16164,nominal,289.5,1
16165,nominal,287.7,1
16166,nominal,330.6,1
16167,nominal,322.5,1
16168,nominal,358.3,1
16169,nominal,368.5,1
16170,nominal,378.5,1
16171,nominal,375.7,1
16172,nominal,419.7,1
16173,nominal,340.1,1
16174,thin,172.4,1
16175,nominal,344.7,1
16176,nominal,337.0,1
16177,nominal,330.6,1
16178,nominal,390.9,1
16179,nominal,289.5,1
16180,thin,198.1,1
16181,nominal,330.6,1
16182,nominal,341.7,1
16183,nominal,300.3,1
16184,nominal,262.6,1
16185,nominal,285.8,1
16186,thin,243.8,1
16187,nominal,268.6,1
16188,thick,880.7,0
16189,thick,822.2,0
16190,thick,839.4,0
16191,thick,843.2,0
16192,nominal,303.8,1
16193,nominal,291.4,1
16194,nominal,355.4,1
16195,nominal,329.0,1
16196,nominal,361.3,1
16197,nominal,347.8,1
16198,nominal,377.1,1
16199,nominal,388.2,1
16200,nominal,435.8,1
16201,nominal,353.9,1
16202,thin,192.7,1
16203,nominal,344.7,1
16204,nominal,362.7,1
16205,nominal,327.4,1
16206,nominal,405.6,1
16207,nominal,303.8,1
16208,thin,248.1,1
16209,nominal,346.3,1
16210,nominal,349.3,1
16211,nominal,289.5,1
16212,nominal,264.6,1
16213,nominal,278.3,1
16214,thin,243.8,1
16215,nominal,264.6,1
16216,thick,854.4,0
16217,thick,809.1,0
16218,thick,822.2,0
16219,thick,826.0,0
16220,nominal,305.6,1
16221,nominal,307.3,1
16222,nominal,338.5,1
16223,nominal,371.4,1
16224,nominal,362.7,1
16225,nominal,352.4,1
16226,nominal,396.3,1
16227,nominal,402.9,1
16228,nominal,432.2,1
16229,nominal,401.6,1
16230,thin,239.4,1
16231,nominal,346.3,1
16232,nominal,378.5,1
16233,nominal,322.5,1
16234,nominal,412.0,1
16235,nominal,302.1,1
16236,nominal,268.6,1
16237,nominal,346.3,1
16238,nominal,352.4,1
16239,nominal,305.6,1
16240,thin,256.5,1
16241,nominal,284.0,1
16242,thin,237.2,1
16243,thin,254.4,1
16244,thick,829.9,0
16245,thick,807.2,0
16246,thick,814.4,0
16247,thick,807.8,0
16248,nominal,307.3,1
16249,nominal,314.1,1
16250,nominal,346.3,1
16251,nominal,358.3,1
16252,nominal,346.3,1
16253,nominal,278.3,1
16254,nominal,352.4,1
16255,nominal,382.7,1
16256,nominal,437.0,1
16257,nominal,358.3,1
16258,nominal,280.2,1
16259,nominal,337.0,1
16260,nominal,388.2,1
16261,nominal,303.8,1
16262,nominal,402.9,1
16263,nominal,274.5,1
16264,nominal,278.3,1
16265,nominal,307.3,1
16266,nominal,337.0,1
16267,nominal,285.8,1
16268,nominal,282.1,1
16269,nominal,282.1,1
16270,nominal,262.6,1
16271,thin,230.3,1
16272,thick,801.9,0
16273,thick,787.2,0
16274,thick,782.5,0
16275,thick,794.6,0
16276,nominal,309.0,1
16277,nominal,320.8,1
16278,nominal,343.2,1
16279,nominal,359.8,1
16280,nominal,353.9,1
16281,nominal,341.7,1
16282,nominal,382.7,1
16283,nominal,365.7,1
16284,thick,441.9,1
16285,nominal,317.5,1
16286,nominal,278.3,1
16287,nominal,319.2,1
16288,nominal,409.5,1
16289,nominal,278.3,1
16290,nominal,397.6,1
16291,nominal,309.0,1
16292,nominal,296.8,1
16293,nominal,332.2,1
16294,nominal,337.0,1
16295,nominal,307.3,1
16296,nominal,268.6,1
16297,nominal,280.2,1
16298,thin,256.5,1
16299,nominal,262.6,1
16300,thick,785.9,0
16301,thick,766.7,0
16302,thick,745.7,0
16303,thick,762.6,0
16304,nominal,305.6,1
16305,nominal,330.6,1
16306,nominal,337.0,1
16307,nominal,347.8,1
16308,nominal,384.1,1
16309,nominal,361.3,1
16310,nominal,335.4,1
16311,nominal,362.7,1
16312,nominal,406.9,1
16313,nominal,353.9,1
16314,nominal,296.8,1
16315,nominal,312.4,1
16316,nominal,395.0,1
16317,nominal,278.3,1
16318,nominal,413.3,1
16319,nominal,314.1,1
16320,nominal,295.0,1
16321,nominal,310.7,1
16322,nominal,338.5,1
16323,nominal,329.0,1
16324,nominal,276.4,1
16325,nominal,276.4,1
16326,nominal,285.8,1
16327,thin,245.9,1
16328,thick,747.1,0
16329,thick,736.4,0
16330,thick,727.7,0
16331,thick,736.4,0
16332,nominal,305.6,1
16333,nominal,325.8,1
16334,nominal,329.0,1
16335,nominal,329.0,1
16336,nominal,372.8,1
16337,nominal,343.2,1
16338,nominal,359.8,1
16339,nominal,396.3,1
16340,nominal,417.2,1
16341,nominal,371.4,1
16342,nominal,280.2,1
16343,nominal,285.8,1
16344,nominal,399.0,1
16345,nominal,264.6,1
16346,nominal,378.5,1
16347,nominal,307.3,0
16348,nominal,262.6,1
16349,nominal,315.8,0
16350,nominal,340.1,0
16351,nominal,317.5,0
16352,nominal,295.0,1
16353,nominal,274.5,0
16354,nominal,295.0,1
16355,thin,258.6,1
16356,thick,701.7,0
16357,thick,704.7,0
16358,thick,666.0,0
16359,thick,670.8,0
16360,nominal,282.1,0
16361,nominal,312.4,0
16362,nominal,303.8,0
16363,nominal,291.4,0
16364,thin,254.4,0
16365,nominal,280.2,0
16366,nominal,262.6,0
16367,thin,243.8,0
16368,nominal,359.8,1
16369,nominal,375.7,1
16370,nominal,355.4,1
16371,nominal,319.2,1
16372,nominal,364.2,1
16373,nominal,356.8,1
16374,nominal,284.0,1
16375,thin,250.2,1
16376,nominal,353.9,0
16377,nominal,262.6,0
16378,nominal,384.1,0
16379,nominal,287.7,0
16380,nominal,284.0,1
16381,nominal,266.6,0
16382,nominal,300.3,0
16383,nominal,278.3,0
16384,thin,252.3,1
16385,thin,254.4,1
16386,thin,230.3,1
16387,nominal,272.5,1
16388,thick,955.3,0
16389,thick,923.1,0
16390,thick,970.7,0
16391,thick,955.8,0
16392,nominal,285.8,1
16393,nominal,282.1,1
16394,nominal,327.4,1
16395,nominal,302.1,1
16396,nominal,356.8,1
16397,nominal,374.3,1
16398,nominal,424.7,1
16399,nominal,429.7,1
16400,nominal,393.6,1
16401,nominal,320.8,1
16402,thin,206.0,1
16403,nominal,330.6,1
16404,nominal,352.4,1
16405,nominal,324.1,1
16406,nominal,393.6,1
16407,nominal,289.5,1
16408,thin,152.8,1
16409,nominal,340.1,1
16410,nominal,330.6,1
16411,nominal,293.2,1
16412,thin,223.3,1
16413,nominal,264.6,1
16414,thin,223.3,1
16415,nominal,270.6,1
16416,thick,982.7,0
16417,thick,912.7,0
16418,thick,947.5,0
16419,thick,930.5,0
16420,nominal,287.7,1
16421,nominal,300.3,1
16422,nominal,374.3,1
16423,nominal,343.2,1
16424,nominal,324.1,1
16425,nominal,327.4,1
16426,thick,444.3,1
16427,nominal,379.9,1
16428,nominal,435.8,1
16429,nominal,362.7,1
16430,thin,156.2,1
16431,nominal,329.0,1
16432,nominal,364.2,1
16433,nominal,325.8,1
16434,nominal,417.2,1
16435,nominal,289.5,1
16436,thin,145.7,1
16437,nominal,375.7,1
16438,nominal,379.9,1
16439,nominal,317.5,1
16440,thin,218.5,1
16441,thin,248.1,1
16442,thin,223.3,1
16443,thin,243.8,1
16444,thick,960.3,0
16445,thick,883.1,0
16446,thick,903.9,0
16447,thick,904.5,0
16448,nominal,296.8,1
16449,nominal,298.6,1
16450,nominal,372.8,1
16451,nominal,364.2,1
16452,nominal,400.3,1
16453,nominal,338.5,1
16454,thick,472.1,1
16455,thick,454.9,1
16456,thick,453.7,1
16457,nominal,390.9,1
16458,thin,142.0,1
16459,nominal,327.4,1
16460,nominal,365.7,1
16461,nominal,327.4,1
16462,nominal,389.5,1
16463,nominal,291.4,1
16464,thin,206.0,1
16465,nominal,364.2,1
16466,nominal,365.7,1
16467,nominal,298.6,1
16468,thin,232.6,1
16469,thin,254.4,1
16470,thin,225.7,1
16471,thin,234.9,1
16472,thick,913.8,0
16473,thick,856.3,0
16474,thick,870.4,0
16475,thick,874.1,0
16476,nominal,314.1,1
16477,nominal,298.6,1
16478,nominal,370.0,1
16479,nominal,385.4,1
16480,nominal,388.2,1
16481,nominal,347.8,1
16482,nominal,437.0,1
16483,nominal,414.6,1
16484,thick,457.2,1
16485,nominal,371.4,1
16486,thin,203.4,1
16487,nominal,325.8,1
16488,nominal,352.4,1
16489,nominal,310.7,1
16490,nominal,419.7,1
16491,nominal,282.1,1
16492,nominal,262.6,1
16493,nominal,352.4,1
16494,nominal,381.3,1
16495,nominal,296.8,1
16496,thin,225.7,1
16497,thin,258.6,1
16498,thin,228.0,1
16499,thin,234.9,1
16500,thick,865.5,0
16501,thick,840.7,0
16502,thick,835.6,0
16503,thick,853.2,0
16504,nominal,300.3,1
16505,nominal,303.8,1
16506,nominal,359.8,1
16507,nominal,355.4,1
16508,nominal,338.5,1
16509,nominal,349.3,1
16510,nominal,424.7,1
16511,nominal,435.8,1
16512,thick,487.5,1
16513,nominal,372.8,1
16514,thin,239.4,1
16515,nominal,307.3,1
16516,nominal,390.9,1
16517,nominal,302.1,1
16518,nominal,408.2,1
16519,nominal,266.6,1
16520,nominal,270.6,1
16521,nominal,325.8,1
16522,nominal,338.5,1
16523,nominal,291.4,1
16524,thin,250.2,1
16525,thin,239.4,1
16526,thin,260.6,1
16527,thin,213.6,1
16528,thick,833.7,0
16529,thick,818.9,0
16530,thick,804.5,0
16531,thick,832.4,0
16532,nominal,320.8,1
16533,nominal,305.6,1
16534,nominal,350.8,1
16535,nominal,365.7,1
16536,nominal,364.2,1
16537,nominal,344.7,1
16538,nominal,386.8,1
16539,nominal,410.8,1
16540,thick,438.3,1
16541,nominal,365.7,1
16542,thin,260.6,1
16543,nominal,289.5,1
16544,nominal,422.2,1
16545,nominal,285.8,1
16546,nominal,392.3,1
16547,nominal,310.7,1
16548,nominal,280.2,1
16549,nominal,344.7,1
16550,nominal,355.4,1
16551,nominal,291.4,1
16552,thin,260.6,1
16553,thin,230.3,1
16554,nominal,262.6,1
16555,thin,230.3,1
16556,thick,801.9,0
16557,thick,793.9,0
16558,thick,779.1,0
16559,thick,796.6,0
16560,nominal,315.8,1
16561,nominal,312.4,1
16562,nominal,344.7,1
16563,nominal,359.8,1
16564,nominal,397.6,1
16565,nominal,388.2,1
16566,nominal,356.8,1
16567,nominal,393.6,1
16568,thick,451.4,1
16569,nominal,362.7,1
16570,nominal,268.6,1
16571,nominal,272.5,1
16572,nominal,413.3,1
16573,nominal,272.5,1
16574,nominal,410.8,1
16575,nominal,322.5,1
16576,nominal,280.2,1
16577,nominal,335.4,1
16578,nominal,358.3,1
16579,nominal,317.5,1
16580,thin,250.2,1
16581,thin,248.1,1
16582,nominal,272.5,1
16583,thin,243.8,1
16584,thick,768.1,0
16585,thick,771.6,0
16586,thick,736.4,0
16587,thick,759.1,0
16588,nominal,320.8,0
16589,nominal,314.1,0
16590,nominal,341.7,0
16591,nominal,344.7,0
16592,nominal,389.5,1
16593,nominal,358.3,1
16594,thick,439.5,1
16595,nominal,424.7,0
16596,nominal,399.0,1
16597,nominal,371.4,1
16598,nominal,268.6,1
16599,nominal,270.6,1
16600,nominal,393.6,1
16601,nominal,270.6,1
16602,nominal,395.0,1
16603,nominal,314.1,0
16604,nominal,289.5,1
16605,nominal,330.6,0
16606,nominal,341.7,0
16607,nominal,315.8,0
16608,nominal,284.0,1
16609,thin,260.6,0
16610,nominal,278.3,1
16611,thin,256.5,0
16612,thick,724.0,0
16613,thick,675.5,0
16614,thick,658.0,0
16615,thick,679.4,0
16616,nominal,291.4,0
16617,nominal,312.4,0
16618,nominal,298.6,0
16619,nominal,307.3,0
16620,thin,243.8,0
16621,broken,268.6,0
16622,thin,237.2,0
16623,thin,250.2,0
16624,broken,358.3,0
16625,nominal,356.8,1
16626,nominal,402.9,1
16627,nominal,335.4,0
16628,nominal,371.4,1
16629,nominal,335.4,1
16630,nominal,272.5,1
16631,thin,256.5,0
16632,nominal,356.8,0
16633,nominal,276.4,0
16634,nominal,372.8,0
16635,nominal,280.2,0
16636,nominal,293.2,1
16637,nominal,274.5,0
16638,nominal,302.1,0
16639,nominal,295.0,0
16640,thin,254.4,1
16641,nominal,270.6,1
16642,thin,241.6,1
16643,nominal,272.5,1
16644,thick,988.6,0
16645,thick,961.9,0
16646,thick,998.7,0
16647,thick,999.8,0
16648,nominal,274.5,1
16649,nominal,270.6,1
16650,nominal,319.2,1
16651,nominal,314.1,1
16652,nominal,362.7,1
16653,nominal,358.3,1
16654,nominal,353.9,1
16655,thick,451.4,1
16656,nominal,413.3,0
16657,nominal,355.4,1
16658,thin,228.0,1
16659,nominal,324.1,1
16660,nominal,350.8,1
16661,nominal,322.5,1
16662,thick,446.6,1
16663,nominal,298.6,1
16664,thin,159.6,1
16665,nominal,370.0,1
16666,nominal,378.5,1
16667,nominal,303.8,1
16668,thin,230.3,1
16669,thin,245.9,1
16670,thin,211.1,1
16671,thin,256.5,1
16672,thick,991.8,0
16673,thick,961.4,0
16674,thick,975.6,0
16675,thick,972.9,0
16676,nominal,295.0,1
16677,nominal,300.3,1
16678,nominal,358.3,0
16679,nominal,352.4,1
16680,nominal,410.8,1
16681,nominal,396.3,1
16682,nominal,421.0,1
16683,thick,503.6,1
16684,thick,469.8,1
16685,nominal,364.2,1
16686,thin,178.4,1
16687,nominal,314.1,1
16688,nominal,367.1,1
16689,nominal,312.4,1
16690,nominal,399.0,0
16691,nominal,303.8,1
16692,thin,159.6,1
16693,nominal,384.1,1
16694,nominal,375.7,1
16695,nominal,302.1,1
16696,thin,225.7,1
16697,thin,228.0,1
16698,thin,213.6,1
16699,thin,239.4,1
16700,thick,963.6,0
16701,thick,932.2,0
16702,thick,902.2,0
16703,thick,932.8,0
16704,nominal,305.6,1
16705,nominal,302.1,1
16706,nominal,374.3,1
16707,nominal,384.1,1
16708,nominal,352.4,1
16709,nominal,352.4,1
16710,thick,454.9,1
16711,thick,456.1,1
16712,nominal,415.9,1
16713,nominal,382.7,1
16714,thin,152.8,1
16715,nominal,322.5,1
16716,nominal,361.3,1
16717,nominal,307.3,1
16718,thick,439.5,1
16719,nominal,320.8,1
16720,thin,187.1,1
16721,nominal,393.6,1
16722,nominal,365.7,1
16723,nominal,284.0,1
16724,thin,228.0,1
16725,thin,245.9,1
16726,thin,220.9,1
16727,thin,230.3,1
16728,thick,915.6,0
16729,thick,908.0,0
16730,thick,897.4,0
16731,thick,901.6,0
16732,nominal,300.3,1
16733,nominal,298.6,1
16734,nominal,349.3,1
16735,nominal,388.2,1
16736,nominal,414.6,1
16737,nominal,314.1,1
16738,nominal,433.4,1
16739,thick,494.0,1
16740,thick,478.8,1
16741,nominal,364.2,1
16742,thin,184.3,1
16743,nominal,327.4,1
16744,nominal,330.6,1
16745,nominal,307.3,1
16746,nominal,437.0,1
16747,nominal,312.4,1
16748,thin,208.6,1
16749,nominal,356.8,1
16750,nominal,379.9,1
16751,nominal,295.0,1
16752,thin,223.3,1
16753,thin,220.9,1
16754,thin,230.3,1
16755,thin,232.6,1
16756,thick,881.3,0
16757,thick,872.3,0
16758,thick,851.9,0
16759,thick,876.5,0
16760,nominal,293.2,1
16761,nominal,298.6,1
16762,nominal,353.9,1
16763,nominal,367.1,1
16764,nominal,392.3,1
16765,nominal,379.9,1
16766,thick,438.3,1
16767,thick,513.0,1
16768,thick,484.3,1
16769,nominal,375.7,1
16770,thin,230.3,1
16771,nominal,317.5,1
16772,nominal,397.6,1
16773,nominal,289.5,1
16774,nominal,397.6,1
16775,nominal,285.8,1
16776,thin,248.1,1
16777,nominal,346.3,1
16778,nominal,355.4,1
16779,nominal,307.3,1
16780,thin,239.4,1
16781,thin,211.1,1
16782,thin,228.0,1
16783,thin,203.4,1
16784,thick,855.1,0
16785,thick,850.7,0
16786,thick,827.3,0
16787,thick,859.4,0
16788,nominal,312.4,1
16789,nominal,314.1,1
16790,nominal,343.2,1
16791,nominal,355.4,1
16792,nominal,390.9,1
16793,nominal,359.8,1
16794,nominal,412.0,1
16795,thick,451.4,1
16796,nominal,396.3,1
16797,nominal,392.3,1
16798,thin,252.3,1
16799,nominal,302.1,1
16800,nominal,405.6,1
16801,nominal,276.4,1
16802,nominal,424.7,1
16803,nominal,307.3,1
16804,nominal,264.6,1
16805,nominal,340.1,1
16806,nominal,349.3,1
16807,nominal,302.1,1
16808,thin,248.1,1
16809,thin,228.0,1
16810,thin,254.4,1
16811,thin,237.2,1
16812,thick,824.1,0
16813,thick,817.6,0
16814,thick,788.6,0
16815,thick,820.9,0
16816,nominal,317.5,1
16817,nominal,325.8,1
16818,nominal,350.8,1
16819,nominal,361.3,1
16820,broken,220.9,1
16821,nominal,384.1,1
16822,nominal,400.3,1
16823,thick,463.0,1
16824,thick,441.9,1
16825,nominal,344.7,1
16826,thin,260.6,1
16827,nominal,276.4,1
16828,nominal,397.6,1
16829,nominal,272.5,1
16830,nominal,421.0,0
16831,nominal,327.4,1
16832,nominal,264.6,1
16833,nominal,338.5,0
16834,nominal,349.3,0
16835,nominal,314.1,1
16836,nominal,264.6,1
16837,thin,239.4,0
16838,nominal,268.6,1
16839,thin,241.6,1
16840,thick,787.9,0
16841,thick,786.5,0
16842,thick,750.6,0
16843,thick,778.4,0
16844,nominal,320.8,0
16845,nominal,310.7,1
16846,nominal,341.7,0
16847,nominal,340.1,0
16848,nominal,418.4,1
16849,nominal,397.6,1
16850,nominal,412.0,1
16851,thick,457.2,1
16852,nominal,396.3,1
16853,nominal,349.3,1
16854,thin,250.2,1
16855,nominal,285.8,1
16856,nominal,422.2,1
16857,nominal,284.0,0
16858,nominal,378.5,0
16859,nominal,317.5,0
16860,nominal,274.5,1
16861,nominal,329.0,0
16862,nominal,353.9,0
16863,nominal,315.8,0
16864,thin,260.6,1
16865,thin,260.6,0
16866,nominal,268.6,1
16867,nominal,270.6,0
16868,thick,726.2,0
16869,thick,722.6,0
16870,thick,649.9,0
16871,thick,649.9,0
16872,nominal,285.8,0
16873,nominal,305.6,0
16874,nominal,303.8,0
16875,nominal,307.3,0
16876,thin,223.3,0
16877,thin,260.6,0
16878,thin,254.4,0
16879,broken,218.5,0
16880,nominal,364.2,0
16881,nominal,393.6,1
16882,nominal,375.7,0
16883,nominal,390.9,0
16884,nominal,404.2,1
16885,nominal,370.0,1
16886,nominal,276.4,1
16887,nominal,276.4,0
16888,nominal,335.4,0
16889,nominal,262.6,0
16890,nominal,364.2,0
16891,nominal,293.2,0
16892,nominal,264.6,1
16893,nominal,282.1,0
16894,nominal,303.8,0
16895,nominal,291.4,0
16896,thin,239.4,1
16897,nominal,264.6,1
16898,thin,243.8,1
16899,nominal,274.5,1
16900,thick,998.7,0
16901,thick,996.6,0
16902,thick,1004.6,0
16903,thick,1009.8,0
16904,nominal,284.0,1
16905,thin,258.6,1
16906,nominal,358.3,1
16907,nominal,327.4,1
16908,nominal,371.4,1
16909,nominal,368.5,1
16910,nominal,408.2,0
16911,thick,473.2,1
16912,nominal,427.2,0
16913,nominal,349.3,1
16914,thin,248.1,1
16915,nominal,325.8,1
16916,nominal,374.3,1
16917,nominal,298.6,1
16918,nominal,374.3,0
16919,nominal,302.1,1
16920,thin,230.3,1
16921,nominal,419.7,0
16922,nominal,393.6,1
16923,nominal,317.5,1
16924,thin,234.9,1
16925,nominal,266.6,1
16926,thin,243.8,1
16927,thin,250.2,1
16928,thick,1004.6,0
16929,thick,1004.0,0
16930,thick,986.4,0
16931,thick,1005.1,0
16932,nominal,291.4,1
16933,nominal,295.0,1
16934,nominal,414.6,0
16935,nominal,362.7,1
16936,nominal,378.5,1
16937,nominal,347.8,1
16938,nominal,419.7,0
16939,thick,452.5,1
16940,thick,498.3,0
16941,nominal,349.3,1
16942,thin,200.8,1
16943,nominal,303.8,1
16944,nominal,367.1,1
16945,nominal,293.2,1
16946,thick,479.9,1
16947,nominal,302.1,1
16948,thin,178.4,1
16949,nominal,428.5,1
16950,nominal,424.7,1
16951,nominal,307.3,1
16952,thin,213.6,1
16953,thin,245.9,1
16954,thin,225.7,1
16955,thin,252.3,1
16956,thick,982.7,0
16957,thick,980.0,0
16958,thick,947.5,0
16959,thick,978.3,0
16960,nominal,303.8,1
16961,nominal,307.3,1
16962,nominal,427.2,1
16963,nominal,388.2,1
16964,nominal,372.8,1
16965,nominal,343.2,1
16966,thick,476.5,1
16967,thick,447.8,1
16968,thick,524.2,1
16969,nominal,322.5,1
16970,thin,187.1,1
16971,nominal,302.1,1
16972,nominal,378.5,1
16973,nominal,296.8,1
16974,thick,465.3,1
16975,nominal,287.7,1
16976,thin,172.4,1
16977,nominal,388.2,1
16978,nominal,406.9,1
16979,nominal,307.3,1
16980,thin,216.1,1
16981,thin,223.3,1
16982,thin,223.3,1
16983,thin,243.8,1
16984,thick,924.8,0
16985,thick,944.1,0
16986,thick,908.6,0
16987,thick,942.4,0
16988,nominal,303.8,1
16989,nominal,305.6,1
16990,nominal,404.2,1
16991,nominal,389.5,1
16992,nominal,372.8,1
16993,nominal,358.3,1
16994,nominal,423.5,1
16995,thick,475.4,1
16996,nominal,414.6,0
16997,nominal,392.3,1
16998,thin,181.4,1
16999,nominal,315.8,1
17000,nominal,385.4,1
17001,nominal,296.8,1
17002,nominal,427.2,1
17003,nominal,295.0,1
17004,thin,211.1,1
17005,nominal,379.9,1
17006,nominal,358.3,1
17007,missing,0.0,1
17008,thin,228.0,1
17009,thin,234.9,1
17010,thin,225.7,1
17011,thin,228.0,1
17012,thick,902.7,0
17013,thick,905.1,0
17014,thick,869.2,0
17015,thick,907.4,0
17016,nominal,295.0,1
17017,nominal,298.6,1
17018,nominal,352.4,1
17019,nominal,374.3,1
17020,nominal,405.6,1
17021,nominal,343.2,1
17022,nominal,419.7,1
17023,thick,446.6,1
17024,nominal,427.2,0
17025,nominal,365.7,1
17026,thin,195.5,1
17027,nominal,310.7,1
17028,nominal,396.3,1
17029,nominal,291.4,1
17030,nominal,437.0,1
17031,nominal,285.8,1
17032,thin,228.0,1
17033,nominal,355.4,1
17034,nominal,359.8,1
17035,nominal,302.1,1
17036,thin,237.2,1
17037,thin,218.5,1
17038,thin,254.4,1
17039,thin,220.9,1
17040,thick,873.5,0
17041,thick,876.5,0
17042,thick,850.7,0
17043,thick,868.0,0
17044,nominal,298.6,1
17045,nominal,298.6,1
17046,nominal,352.4,1
17047,nominal,361.3,1
17048,nominal,396.3,1
17049,nominal,397.6,1
17050,nominal,400.3,1
17051,thick,451.4,1
17052,thick,463.0,1
17053,nominal,353.9,1
17054,thin,220.9,1
17055,nominal,295.0,1
17056,nominal,428.5,1
17057,nominal,278.3,1
17058,nominal,377.1,0
17059,nominal,329.0,1
17060,thin,254.4,1
17061,nominal,368.5,1
17062,nominal,344.7,1
17063,nominal,302.1,1
17064,thin,260.6,1
17065,thin,243.8,1
17066,thin,243.8,1
17067,nominal,262.6,1
17068,thick,847.0,0
17069,thick,856.3,0
17070,thick,827.9,0
17071,thick,830.5,0
17072,nominal,303.8,1
17073,nominal,312.4,1
17074,nominal,335.4,1
17075,nominal,367.1,1
17076,nominal,392.3,1
17077,nominal,349.3,1
17078,nominal,408.2,1
17079,thick,456.1,1
17080,thick,453.7,1
17081,nominal,389.5,1
17082,thin,252.3,1
17083,nominal,270.6,1
17084,nominal,375.7,1
17085,nominal,289.5,1
17086,thick,459.5,1
17087,nominal,327.4,1
17088,nominal,266.6,1
17089,nominal,340.1,1
17090,nominal,361.3,1
17091,nominal,303.8,1
17092,nominal,262.6,1
17093,nominal,262.6,0
17094,nominal,266.6,1
17095,thin,258.6,1
17096,thick,811.1,0
17097,thick,811.8,0
17098,thick,777.7,0
17099,thick,784.5,0
17100,nominal,315.8,0
17101,nominal,317.5,1
17102,nominal,344.7,0
17103,nominal,347.8,0
17104,nominal,400.3,1
17105,nominal,385.4,1
17106,nominal,427.2,1
17107,broken,384.7,0
17108,broken,377.1,0
17109,nominal,343.2,1
17110,thin,245.9,1
17111,nominal,291.4,1
17112,nominal,404.2,1
17113,nominal,287.7,0
17114,nominal,352.4,0
17115,nominal,320.8,0
17116,nominal,274.5,1
17117,nominal,338.5,0
17118,nominal,340.1,0
17119,nominal,314.1,0
17120,nominal,266.6,1
17121,thin,250.2,0
17122,nominal,266.6,1
17123,nominal,264.6,0
17124,thick,737.8,0
17125,thick,736.4,0
17126,thick,665.2,0
17127,thick,651.5,0
17128,nominal,293.2,0
17129,nominal,303.8,0
17130,nominal,322.5,0
17131,nominal,322.5,0
17132,thin,243.8,0
17133,thin,241.6,0
17134,thin,241.6,0
17135,thin,254.4,0
17136,nominal,368.5,1
17137,nominal,392.3,0
17138,nominal,386.8,1
17139,broken,337.0,0
17140,nominal,377.1,1
17141,nominal,382.7,1
17142,nominal,264.6,1
17143,nominal,282.1,0
17144,nominal,343.2,0
17145,nominal,262.6,0
17146,nominal,355.4,1
17147,nominal,295.0,0
17148,nominal,287.7,1
17149,nominal,284.0,0
17150,nominal,310.7,0
17151,nominal,295.0,0
17152,thin,258.6,1
17153,nominal,264.6,1
17154,nominal,264.6,1
17155,nominal,274.5,1
17156,thick,1005.1,0
17157,thick,1008.3,0
17158,thick,1008.8,0
17159,thick,1009.8,0
17160,nominal,274.5,1
17161,nominal,282.1,1
17162,nominal,365.7,0
17163,nominal,359.8,1
17164,nominal,359.8,1
17165,nominal,353.9,1
17166,nominal,419.7,0
17167,nominal,426.0,1
17168,nominal,352.4,0
17169,nominal,330.6,1
17170,thin,230.3,1
17171,nominal,285.8,1
17172,nominal,386.8,1
17173,nominal,291.4,1
17174,nominal,382.7,0
17175,nominal,307.3,1
17176,thin,232.6,1
17177,nominal,412.0,0
17178,nominal,396.3,1
17179,nominal,315.8,1
17180,thin,223.3,1
17181,nominal,276.4,1
17182,thin,228.0,1
17183,nominal,264.6,1
17184,thick,1009.8,0
17185,thick,1009.8,0
17186,thick,999.3,0
17187,thick,1009.8,0
17188,nominal,287.7,1
17189,nominal,302.1,1
17190,nominal,410.8,0
17191,nominal,408.2,1
17192,nominal,384.1,1
17193,nominal,324.1,1
17194,nominal,432.2,0
17195,thick,528.3,1
17196,thick,459.5,1
17197,nominal,341.7,1
17198,thin,203.4,1
17199,nominal,287.7,1
17200,nominal,315.8,1
17201,nominal,284.0,1
17202,thick,533.3,0
17203,nominal,307.3,1
17204,thin,211.1,1
17205,nominal,412.0,0
17206,nominal,419.7,1
17207,nominal,302.1,1
17208,thin,239.4,1
17209,thin,250.2,1
17210,thin,230.3,1
17211,thin,254.4,1
17212,thick,985.9,0
17213,thick,1007.2,0
17214,thick,963.0,0
17215,thick,1005.6,0
17216,nominal,303.8,1
17217,nominal,309.0,1
17218,nominal,414.6,0
17219,nominal,417.2,1
17220,nominal,372.8,1
17221,nominal,337.0,1
17222,nominal,382.7,1
17223,thick,454.9,1
17224,thick,468.7,1
17225,nominal,340.1,1
17226,thin,206.0,1
17227,nominal,305.6,1
17228,nominal,361.3,1
17229,nominal,284.0,1
17230,thick,450.2,1
17231,nominal,314.1,1
17232,thin,178.4,1
17233,nominal,409.5,1
17234,nominal,401.6,1
17235,nominal,300.3,1
17236,thin,223.3,1
17237,thin,239.4,1
17238,thin,228.0,1
17239,thin,241.6,1
17240,thick,952.0,0
17241,thick,975.6,0
17242,thick,930.5,0
17243,thick,984.3,0
17244,nominal,300.3,1
17245,nominal,296.8,1
17246,nominal,390.9,1
17247,nominal,385.4,1
17248,broken,300.3,1
17249,nominal,341.7,1
17250,thick,447.8,1
17251,thick,443.1,1
17252,thick,503.6,1
17253,nominal,392.3,1
17254,thin,169.3,1
17255,nominal,285.8,1
17256,nominal,371.4,1
17257,nominal,289.5,1
17258,thick,467.5,1
17259,nominal,282.1,1
17260,thin,203.4,1
17261,nominal,367.1,1
17262,nominal,374.3,1
17263,nominal,295.0,1
17264,thin,230.3,1
17265,thin,232.6,1
17266,thin,225.7,1
17267,thin,234.9,1
17268,thick,927.7,0
17269,thick,945.2,0
17270,thick,901.0,0
17271,thick,935.6,0
17272,nominal,305.6,1
17273,nominal,302.1,1
17274,nominal,368.5,1
17275,nominal,353.9,1
17276,nominal,400.3,1
17277,nominal,385.4,1
17278,thick,469.8,1
17279,thick,469.8,1
17280,nominal,435.8,1
17281,nominal,371.4,1
17282,thin,166.1,1
17283,nominal,280.2,1
17284,nominal,400.3,1
17285,nominal,284.0,1
17286,thick,464.1,1
17287,nominal,310.7,1
17288,thin,187.1,1
17289,nominal,355.4,1
17290,nominal,359.8,1
17291,nominal,300.3,1
17292,thin,248.1,1
17293,thin,237.2,1
17294,thin,228.0,1
17295,thin,237.2,1
17296,thick,899.8,0
17297,thick,908.6,0
17298,thick,870.4,0
17299,thick,898.6,0
17300,nominal,317.5,1
17301,nominal,307.3,1
17302,nominal,353.9,1
17303,nominal,349.3,1
17304,nominal,393.6,1
17305,nominal,365.7,1
17306,thick,483.2,0
17307,thick,485.4,1
17308,thick,474.3,1
17309,nominal,388.2,1
17310,thin,195.5,1
17311,nominal,291.4,1
17312,nominal,389.5,1
17313,nominal,296.8,1
17314,nominal,432.2,1
17315,nominal,307.3,1
17316,thin,208.6,1
17317,nominal,350.8,1
17318,nominal,343.2,1
17319,nominal,295.0,1
17320,thin,256.5,1
17321,nominal,264.6,1
17322,thin,250.2,1
17323,nominal,282.1,1
17324,thick,868.6,0
17325,thick,862.5,0
17326,thick,833.7,0
17327,thick,850.1,0
17328,nominal,296.8,1
17329,nominal,319.2,1
17330,nominal,346.3,1
17331,nominal,356.8,1
17332,nominal,377.1,1
17333,nominal,378.5,1
17334,nominal,421.0,1
17335,thick,457.2,1
17336,thick,456.1,1
17337,nominal,382.7,1
17338,thin,200.8,1
17339,nominal,300.3,1
17340,nominal,406.9,1
17341,nominal,315.8,1
17342,nominal,417.2,1
17343,nominal,319.2,1
17344,thin,243.8,1
17345,nominal,350.8,1
17346,nominal,352.4,1
17347,nominal,320.8,1
17348,thin,237.2,1
17349,nominal,268.6,0
17350,thin,256.5,1
17351,nominal,276.4,1
17352,thick,813.1,0
17353,thick,814.4,0
17354,thick,776.4,0
17355,thick,782.5,0
17356,nominal,309.0,1
17357,nominal,314.1,1
17358,nominal,337.0,1
17359,nominal,340.1,1
17360,nominal,372.8,1
17361,nominal,358.3,1
17362,nominal,378.5,1
17363,thick,441.9,1
17364,nominal,371.4,0
17365,nominal,367.1,1
17366,thin,232.6,1
17367,nominal,300.3,1
17368,nominal,359.8,1
17369,nominal,298.6,0
17370,nominal,372.8,1
17371,nominal,315.8,1
17372,thin,254.4,1
17373,nominal,329.0,0
17374,nominal,340.1,1
17375,nominal,312.4,1
17376,thin,254.4,1
17377,thin,260.6,0
17378,nominal,268.6,1
17379,nominal,284.0,0
17380,thick,726.2,0
17381,thick,735.6,0
17382,thick,656.4,0
17383,thick,618.9,0
17384,nominal,296.8,0
17385,nominal,317.5,0
17386,nominal,315.8,0
17387,nominal,322.5,0
17388,thin,258.6,0
17389,nominal,268.6,0
17390,thin,250.2,0
17391,broken,225.7,0
17392,nominal,352.4,1
17393,necked,368.5,1
17394,nominal,362.7,0
17395,nominal,315.8,0
17396,nominal,358.3,1
17397,broken,347.8,0
17398,thin,258.6,1
17399,nominal,284.0,0
17400,necked,352.4,1
17401,nominal,270.6,0
17402,nominal,346.3,0
17403,nominal,305.6,0
17404,nominal,266.6,1
17405,nominal,298.6,0
17406,nominal,319.2,0
17407,nominal,296.8,0
17408,thin,258.6,1
17409,nominal,272.5,1
17410,thin,254.4,1
17411,nominal,274.5,1
17412,thick,996.1,0
17413,thick,1009.8,0
17414,thick,1009.8,0
17415,thick,1009.8,0
17416,nominal,280.2,1
17417,nominal,284.0,1
17418,nominal,352.4,0
17419,nominal,349.3,0
17420,nominal,381.3,1
17421,nominal,347.8,1
17422,nominal,386.8,0
17423,thick,439.5,0
17424,nominal,390.9,0
17425,nominal,337.0,0
17426,thin,256.5,1
17427,nominal,295.0,1
17428,nominal,390.9,1
17429,nominal,284.0,1
17430,nominal,402.9,0
17431,nominal,309.0,1
17432,thin,232.6,1
17433,nominal,405.6,0
17434,nominal,392.3,1
17435,nominal,307.3,1
17436,thin,254.4,1
17437,nominal,278.3,1
17438,thin,250.2,1
17439,thin,260.6,1
17440,thick,1008.3,0
17441,thick,1009.8,0
17442,thick,1005.6,0
17443,thick,1009.8,0
17444,nominal,291.4,1
17445,nominal,293.2,1
17446,nominal,379.9,0
17447,nominal,371.4,1
17448,nominal,414.6,1
17449,nominal,365.7,1
17450,thick,489.7,0
17451,thick,460.7,0
17452,thick,446.6,0
17453,nominal,312.4,1
17454,thin,220.9,1
17455,nominal,287.7,1
17456,nominal,392.3,1
17457,nominal,280.2,1
17458,thick,476.5,0
17459,nominal,312.4,1
17460,thin,218.5,1
17461,nominal,426.0,0
17462,nominal,401.6,1
17463,nominal,320.8,1
17464,thin,234.9,1
17465,thin,254.4,1
17466,thin,239.4,1
17467,thin,260.6,1
17468,thick,996.1,0
17469,thick,1009.8,0
17470,thick,974.0,0
17471,thick,1009.8,0
17472,nominal,312.4,1
17473,nominal,302.1,1
17474,nominal,390.9,0
17475,nominal,396.3,1
17476,nominal,406.9,1
17477,nominal,349.3,1
17478,thick,473.2,0
17479,thick,452.5,1
17480,thick,466.4,0
17481,nominal,377.1,1
17482,thin,198.1,1
17483,nominal,287.7,1
17484,nominal,359.8,1
17485,nominal,282.1,1
17486,nominal,430.9,1
17487,nominal,312.4,1
17488,thin,203.4,1
17489,nominal,414.6,0
17490,nominal,368.5,1
17491,nominal,291.4,1
17492,thin,241.6,1
17493,thin,248.1,1
17494,thin,225.7,1
17495,thin,245.9,1
17496,thick,963.0,0
17497,thick,1004.0,0
17498,thick,942.4,0
17499,thick,1000.3,0
17500,nominal,309.0,1
17501,nominal,293.2,1
17502,nominal,370.0,1
17503,nominal,386.8,1
17504,nominal,377.1,1
17505,nominal,333.8,1
17506,thick,472.1,1
17507,thick,473.2,1
17508,nominal,419.7,0
17509,nominal,353.9,1
17510,thin,206.0,1
17511,nominal,285.8,1
17512,nominal,392.3,1
17513,nominal,302.1,1
17514,thick,441.9,1
17515,nominal,296.8,1
17516,thin,187.1,1
17517,nominal,375.7,1
17518,nominal,338.5,1
17519,nominal,309.0,1
17520,thin,228.0,1
17521,thin,228.0,1
17522,thin,228.0,1
17523,thin,254.4,1
17524,thick,937.3,0
17525,thick,966.9,0
17526,thick,923.7,0
17527,thick,959.7,0
17528,nominal,307.3,1
17529,nominal,300.3,1
17530,nominal,361.3,1
17531,nominal,361.3,1
17532,nominal,352.4,1
17533,broken,281.2,1
17534,thick,459.5,1
17535,thick,473.2,1
17536,thick,440.7,1
17537,nominal,399.0,1
17538,thin,187.1,1
17539,nominal,300.3,1
17540,nominal,397.6,1
17541,nominal,296.8,1
17542,nominal,419.7,1
17543,nominal,312.4,1
17544,thin,195.5,1
17545,nominal,361.3,1
17546,nominal,350.8,1
17547,nominal,307.3,1
17548,thin,239.4,1
17549,nominal,272.5,1
17550,thin,230.3,1
17551,nominal,274.5,1
17552,thick,906.9,0
17553,thick,925.4,0
17554,thick,897.4,0
17555,thick,901.6,0
17556,nominal,312.4,1
17557,nominal,319.2,1
17558,nominal,361.3,1
17559,nominal,361.3,1
17560,nominal,385.4,1
17561,nominal,388.2,1
17562,broken,464.9,1
17563,thick,467.5,1
17564,thick,461.8,1
17565,nominal,375.7,1
17566,thin,169.3,1
17567,nominal,298.6,1
17568,nominal,404.2,1
17569,nominal,296.8,1
17570,thick,439.5,1
17571,nominal,302.1,1
17572,thin,200.8,1
17573,nominal,350.8,1
17574,nominal,353.9,1
17575,nominal,315.8,1
17576,thin,252.3,1
17577,nominal,272.5,1
17578,thin,237.2,1
17579,nominal,272.5,1
17580,thick,869.2,0
17581,thick,882.5,0
17582,thick,850.7,0
17583,thick,841.3,0
17584,nominal,312.4,1
17585,nominal,300.3,1
17586,nominal,346.3,1
17587,nominal,356.8,1
17588,nominal,347.8,1
17589,nominal,382.7,1
17590,nominal,417.2,1
17591,nominal,433.4,1
17592,thick,458.4,1
17593,nominal,372.8,1
17594,thin,162.9,1
17595,nominal,312.4,1
17596,nominal,346.3,1
17597,nominal,322.5,1
17598,nominal,418.4,1
17599,nominal,319.2,1
17600,thin,200.8,1
17601,nominal,333.8,1
17602,nominal,341.7,1
17603,nominal,324.1,1
17604,nominal,266.6,1
17605,nominal,295.0,0
17606,thin,241.6,1
17607,missing,0.0,1
17608,thick,808.5,0
17609,thick,807.2,0
17610,thick,769.5,0
17611,thick,753.5,0
17612,nominal,310.7,1
17613,nominal,319.2,1
17614,nominal,332.2,1
17615,nominal,344.7,1
17616,nominal,390.9,1
17617,nominal,397.6,1
17618,nominal,359.8,1
17619,broken,405.6,0
17620,nominal,375.7,0
17621,nominal,390.9,1
17622,thin,213.6,1
17623,nominal,300.3,1
17624,nominal,384.1,1
17625,nominal,305.6,0
17626,nominal,381.3,1
17627,nominal,315.8,0
17628,thin,232.6,1
17629,nominal,330.6,0
17630,nominal,329.0,0
17631,nominal,319.2,0
17632,thin,254.4,1
17633,thin,254.4,0
17634,thin,252.3,1
17635,nominal,270.6,0
17636,thick,716.7,0
17637,thick,710.7,0
17638,thick,646.6,0
17639,broken,573.5,0
17640,nominal,309.0,0
17641,nominal,310.7,1
17642,nominal,319.2,0
17643,nominal,317.5,0
17644,thin,254.4,0
17645,thin,260.6,0
17646,thin,228.0,0
17647,broken,225.7,0
17648,nominal,353.9,0
17649,nominal,347.8,0
17650,nominal,381.3,1
17651,nominal,343.2,0
17652,nominal,377.1,0
17653,nominal,325.8,1
17654,thin,245.9,1
17655,nominal,293.2,0
17656,nominal,372.8,0
17657,thin,258.6,0
17658,broken,343.2,0
17659,nominal,296.8,0
17660,thin,252.3,1
17661,nominal,295.0,0
17662,nominal,312.4,0
17663,nominal,307.3,0
17664,nominal,262.6,1
17665,nominal,282.1,1
17666,thin,260.6,1
17667,nominal,262.6,1
17668,thick,959.2,0
17669,thick,1007.7,0
17670,thick,1009.8,0
17671,thick,1009.8,0
17672,nominal,284.0,1
17673,nominal,285.8,1
17674,nominal,353.9,0
17675,nominal,330.6,1
17676,nominal,382.7,1
17677,nominal,349.3,1
17678,nominal,365.7,0
17679,nominal,435.8,0
17680,nominal,399.0,0
17681,nominal,347.8,1
17682,nominal,262.6,1
17683,nominal,282.1,1
17684,nominal,382.7,1
17685,thin,260.6,1
17686,nominal,404.2,0
17687,nominal,310.7,1
17688,thin,248.1,1
17689,nominal,406.9,0
17690,nominal,333.8,1
17691,nominal,303.8,1
17692,thin,254.4,1
17693,nominal,266.6,1
17694,thin,241.6,1
17695,thin,245.9,1
17696,thick,1002.4,0
17697,thick,1009.8,0
17698,thick,1006.1,0
17699,thick,1009.8,0
17700,nominal,302.1,1
17701,nominal,276.4,1
17702,nominal,365.7,0
17703,nominal,344.7,1
17704,nominal,393.6,1
17705,nominal,365.7,1
17706,thick,445.5,0
17707,nominal,417.2,0
17708,nominal,381.3,0
17709,nominal,379.9,1
17710,thin,254.4,1
17711,nominal,270.6,1
17712,nominal,401.6,1
17713,thin,254.4,1
17714,nominal,423.5,0
17715,nominal,309.0,1
17716,thin,237.2,1
17717,nominal,382.7,0
17718,nominal,367.1,1
17719,nominal,295.0,1
17720,thin,234.9,1
17721,thin,258.6,1
17722,thin,232.6,1
17723,thin,250.2,1
17724,thick,993.9,0
17725,thick,1009.8,0
17726,thick,983.2,0
17727,thick,1009.8,0
17728,nominal,307.3,1
17729,nominal,303.8,1
17730,nominal,350.8,0
17731,nominal,370.0,1
17732,nominal,370.0,1
17733,nominal,377.1,1
17734,thick,441.9,0
17735,nominal,430.9,1
17736,thick,477.6,0
17737,nominal,392.3,1
17738,thin,206.0,1
17739,nominal,268.6,1
17740,nominal,379.9,1
17741,nominal,266.6,1
17742,thick,443.1,0
17743,nominal,295.0,1
17744,thin,200.8,1
17745,nominal,388.2,0
17746,nominal,356.8,1
17747,nominal,315.8,1
17748,thin,225.7,1
17749,thin,243.8,1
17750,thin,211.1,1
17751,thin,254.4,1
17752,thick,970.7,0
17753,thick,1009.8,0
17754,thick,960.3,0
17755,thick,1009.8,0
17756,nominal,305.6,1
17757,nominal,314.1,1
17758,nominal,350.8,0
17759,nominal,352.4,1
17760,nominal,424.7,1
17761,nominal,364.2,1
17762,nominal,419.7,1
17763,thick,450.2,1
17764,nominal,430.9,1
17765,nominal,399.0,1
17766,thin,225.7,1
17767,nominal,289.5,1
17768,nominal,412.0,1
17769,nominal,302.1,1
17770,nominal,423.5,1
17771,nominal,302.1,1
17772,thin,216.1,1
17773,nominal,362.7,0
17774,nominal,344.7,1
17775,nominal,303.8,1
17776,thin,230.3,1
17777,thin,258.6,1
17778,thin,220.9,1
17779,thin,243.8,1
17780,thick,946.4,0
17781,thick,995.5,0
17782,thick,930.5,0
17783,thick,983.2,0
17784,nominal,300.3,1
17785,nominal,315.8,1
17786,nominal,335.4,1
17787,nominal,350.8,1
17788,nominal,386.8,1
17789,nominal,375.7,1
17790,thick,438.3,1
17791,nominal,428.5,1
17792,thick,459.5,1
17793,nominal,377.1,1
17794,thin,213.6,1
17795,nominal,302.1,1
17796,nominal,389.5,1
17797,nominal,300.3,1
17798,nominal,428.5,1
17799,nominal,289.5,1
17800,thin,187.1,1
17801,nominal,346.3,1
17802,nominal,330.6,1
17803,nominal,293.2,1
17804,thin,237.2,1
17805,nominal,272.5,1
17806,thin,230.3,1
17807,nominal,266.6,1
17808,thick,923.7,0
17809,thick,943.0,0
17810,thick,902.7,0
17811,thick,917.3,0
17812,nominal,302.1,1
17813,nominal,312.4,1
17814,nominal,332.2,1
17815,nominal,335.4,1
17816,nominal,388.2,1
17817,nominal,397.6,1
17818,nominal,415.9,1
17819,thick,468.7,1
17820,nominal,390.9,0
17821,nominal,367.1,1
17822,thin,200.8,1
17823,nominal,296.8,1
17824,nominal,415.9,1
17825,nominal,307.3,1
17826,nominal,386.8,1
17827,nominal,310.7,1
17828,thin,192.7,1
17829,nominal,349.3,1
17830,nominal,319.2,1
17831,nominal,302.1,1
17832,thin,248.1,1
17833,nominal,287.7,1
17834,thin,234.9,1
17835,nominal,282.1,1
17836,thick,881.9,0
17837,thick,869.2,0
17838,thick,838.1,0
17839,thick,828.6,0
17840,nominal,324.1,1
17841,nominal,325.8,1
17842,nominal,330.6,1
17843,nominal,341.7,1
17844,nominal,393.6,1
17845,nominal,393.6,1
17846,nominal,401.6,1
17847,nominal,432.2,1
17848,nominal,418.4,1
17849,nominal,399.0,1
17850,thin,178.4,1
17851,nominal,322.5,1
17852,nominal,378.5,1
17853,nominal,315.8,1
17854,nominal,378.5,1
17855,broken,256.5,1
17856,thin,192.7,1
17857,nominal,338.5,1
17858,nominal,322.5,1
17859,nominal,325.8,1
17860,thin,248.1,1
17861,nominal,284.0,0
17862,thin,256.5,1
17863,nominal,296.8,0
17864,thick,800.6,0
17865,thick,787.2,0
17866,thick,755.6,0
17867,thick,730.6,0
17868,nominal,310.7,1
17869,nominal,310.7,1
17870,nominal,325.8,1
17871,nominal,327.4,1
17872,nominal,384.1,1
17873,nominal,347.8,1
17874,nominal,395.0,1
17875,nominal,401.6,1
17876,nominal,352.4,1
17877,nominal,359.8,1
17878,thin,181.4,1
17879,nominal,320.8,0
17880,nominal,402.9,1
17881,nominal,303.8,0
17882,nominal,386.8,1
17883,nominal,317.5,1
17884,thin,228.0,1
17885,nominal,320.8,1
17886,nominal,325.8,1
17887,nominal,320.8,1
17888,thin,256.5,1
17889,thin,260.6,0
17890,thin,237.2,1
17891,nominal,284.0,0
17892,thick,699.4,0
17893,thick,675.5,0
17894,broken,620.6,0
17895,thick,544.1,0
17896,nominal,302.1,0
17897,nominal,307.3,0
17898,nominal,309.0,0
17899,nominal,317.5,0
17900,thin,250.2,0
17901,nominal,285.8,0
17902,broken,245.9,0
17903,thin,248.1,0
17904,nominal,375.7,0
17905,nominal,356.8,0
17906,nominal,330.6,0
17907,nominal,350.8,0
17908,nominal,320.8,0
17909,nominal,346.3,1
17910,thin,216.1,1
17911,nominal,291.4,0
17912,broken,328.2,0
17913,nominal,272.5,0
17914,nominal,317.5,0
17915,nominal,312.4,0
17916,thin,241.6,1
17917,nominal,296.8,0
17918,nominal,300.3,0
17919,nominal,303.8,0
17920,nominal,274.5,1
17921,nominal,268.6,1
17922,thin,250.2,1
17923,nominal,266.6,1
17924,thick,908.6,0
17925,thick,1004.6,0
17926,thick,981.6,0
17927,thick,1009.8,0
17928,nominal,287.7,1
17929,nominal,284.0,1
17930,nominal,352.4,1
17931,nominal,317.5,1
17932,nominal,375.7,1
17933,nominal,382.7,1
17934,nominal,428.5,0
17935,thick,453.7,0
17936,nominal,374.3,0
17937,nominal,367.1,0
17938,nominal,282.1,1
17939,nominal,274.5,1
17940,nominal,361.3,1
17941,thin,258.6,1
17942,nominal,400.3,0
17943,nominal,302.1,1
17944,thin,254.4,1
17945,nominal,338.5,0
17946,nominal,327.4,1
17947,nominal,303.8,1
17948,thin,254.4,1
17949,thin,252.3,1
17950,thin,256.5,1
17951,thin,258.6,1
17952,thick,955.3,0
17953,thick,1009.8,0
17954,thick,980.5,0
17955,thick,1009.8,0
17956,nominal,300.3,1
17957,nominal,295.0,1
17958,nominal,317.5,0
17959,nominal,325.8,1
17960,nominal,377.1,1
17961,nominal,374.3,1
17962,nominal,371.4,0
17963,nominal,405.6,0
17964,nominal,417.2,0
17965,nominal,393.6,1
17966,thin,245.9,1
17967,thin,258.6,1
17968,nominal,352.4,1
17969,thin,254.4,1
17970,nominal,388.2,0
17971,nominal,314.1,1
17972,thin,239.4,1
17973,nominal,349.3,0
17974,nominal,324.1,1
17975,nominal,303.8,1
17976,thin,250.2,1
17977,thin,243.8,1
17978,thin,258.6,1
17979,thin,248.1,1
17980,thick,941.9,0
17981,thick,1009.8,0
17982,thick,959.7,0
17983,thick,1008.3,0
17984,nominal,314.1,1
17985,nominal,314.1,1
17986,nominal,340.1,1
17987,nominal,335.4,1
17988,nominal,340.1,1
17989,nominal,372.8,1
17990,nominal,424.7,0
17991,nominal,382.7,0
17992,nominal,388.2,1
17993,nominal,338.5,1
17994,thin,248.1,1
17995,nominal,264.6,1
17996,nominal,378.5,1
17997,nominal,289.5,1
17998,nominal,397.6,0
17999,nominal,312.4,1
18000,thin,239.4,1
18001,nominal,353.9,0
18002,nominal,312.4,1
18003,nominal,310.7,1
18004,thin,234.9,1
18005,nominal,266.6,1
18006,thin,243.8,1
18007,thin,245.9,1
18008,thick,923.1,0
18009,thick,1009.8,0
18010,thick,948.6,0
18011,thick,995.0,0
18012,nominal,305.6,1
18013,nominal,315.8,1
18014,nominal,329.0,0
18015,nominal,338.5,1
18016,nominal,385.4,1
18017,nominal,347.8,1
18018,nominal,406.9,0
18019,nominal,408.2,1
18020,nominal,417.2,1
18021,nominal,389.5,1
18022,thin,243.8,1
18023,nominal,285.8,1
18024,nominal,375.7,1
18025,nominal,293.2,1
18026,nominal,378.5,0
18027,nominal,312.4,1
18028,thin,216.1,1
18029,nominal,325.8,1
18030,nominal,309.0,1
18031,nominal,305.6,1
18032,thin,220.9,1
18033,nominal,266.6,1
18034,thin,225.7,1
18035,nominal,268.6,1
18036,thick,906.3,0
18037,thick,1003.0,0
18038,thick,935.1,0
18039,thick,954.7,0
18040,nominal,317.5,1
18041,nominal,312.4,1
18042,nominal,333.8,1
18043,nominal,320.8,1
18044,nominal,381.3,1
18045,nominal,372.8,1
18046,nominal,427.2,1
18047,nominal,390.9,1
18048,nominal,427.2,1
18049,nominal,393.6,1
18050,thin,228.0,1
18051,nominal,307.3,1
18052,nominal,390.9,1
18053,nominal,305.6,1
18054,nominal,393.6,1
18055,nominal,291.4,1
18056,thin,211.1,1
18057,nominal,310.7,1
18058,nominal,303.8,1
18059,nominal,284.0,1
18060,thin,260.6,1
18061,nominal,268.6,1
18062,thin,250.2,1
18063,nominal,274.5,1
18064,thick,881.9,0
18065,thick,953.6,0
18066,thick,896.3,0
18067,thick,896.9,0
18068,nominal,322.5,1
18069,nominal,303.8,1
18070,nominal,325.8,1
18071,nominal,330.6,1
18072,nominal,395.0,1
18073,nominal,389.5,1
18074,nominal,365.7,1
18075,nominal,433.4,1
18076,nominal,399.0,1
18077,nominal,353.9,1
18078,thin,211.1,1
18079,nominal,314.1,1
18080,nominal,395.0,1
18081,nominal,315.8,1
18082,nominal,388.2,1
18083,nominal,298.6,1
18084,thin,203.4,1
18085,nominal,325.8,1
18086,nominal,302.1,1
18087,nominal,303.8,1
18088,thin,252.3,1
18089,nominal,293.2,1
18090,thin,232.6,1
18091,nominal,287.7,1
18092,thick,850.7,0
18093,thick,868.0,0
18094,thick,848.2,0
18095,thick,801.9,0
18096,nominal,307.3,1
18097,nominal,312.4,1
18098,nominal,315.8,1
18099,nominal,315.8,1
18100,nominal,386.8,1
18101,nominal,395.0,1
18102,nominal,365.7,1
18103,nominal,418.4,1
18104,nominal,406.9,1
18105,nominal,364.2,1
18106,thin,225.7,1
18107,nominal,320.8,1
18108,nominal,405.6,1
18109,nominal,312.4,1
18110,nominal,379.9,1
18111,nominal,312.4,1
18112,thin,192.7,1
18113,nominal,325.8,1
18114,nominal,317.5,1
18115,nominal,298.6,1
18116,thin,239.4,1
18117,nominal,295.0,0
18118,thin,243.8,1
18119,nominal,287.7,0
18120,thick,775.7,0
18121,thick,779.1,0
18122,thick,753.5,0
18123,thick,710.0,0
18124,nominal,315.8,1
18125,nominal,310.7,1
18126,nominal,305.6,1
18127,nominal,324.1,1
18128,nominal,402.9,1
18129,nominal,388.2,1
18130,nominal,384.1,1
18131,nominal,390.9,1
18132,nominal,352.4,1
18133,nominal,344.7,1
18134,thin,203.4,1
18135,nominal,317.5,1
18136,nominal,385.4,1
18137,nominal,295.0,0
18138,nominal,368.5,1
18139,nominal,312.4,1
18140,thin,189.9,1
18141,nominal,310.7,0
18142,nominal,315.8,1
18143,nominal,309.0,1
18144,thin,256.5,1
18145,nominal,272.5,0
18146,thin,248.1,1
18147,nominal,289.5,0
18148,thick,688.7,0
18149,thick,661.2,0
18150,thick,602.4,0
18151,thick,539.2,0
18152,nominal,307.3,1
18153,nominal,298.6,1
18154,nominal,293.2,1
18155,nominal,287.7,1
18156,nominal,264.6,0
18157,nominal,268.6,0
18158,thin,232.6,0
18159,broken,230.3,0
18160,nominal,337.0,0
18161,nominal,343.2,0
18162,nominal,365.7,1
18163,nominal,325.8,0
18164,nominal,358.3,1
18165,nominal,365.7,1
18166,thin,192.7,1
18167,nominal,296.8,0
18168,nominal,341.7,0
18169,thin,258.6,0
18170,nominal,329.0,0
18171,nominal,305.6,0
18172,thin,213.6,1
18173,nominal,295.0,0
18174,nominal,302.1,0
18175,nominal,303.8,0
18176,nominal,295.0,1
18177,nominal,264.6,1
18178,nominal,287.7,1
18179,thin,250.2,1
18180,thick,742.1,0
18181,thick,910.4,0
18182,thick,896.9,0
18183,thick,815.0,0
18184,nominal,296.8,1
18185,nominal,287.7,1
18186,necked,315.8,1
18187,nominal,310.7,1
18188,nominal,375.7,1
18189,nominal,367.1,1
18190,nominal,424.7,0
18191,nominal,389.5,0
18192,missing,0.0,0
18193,missing,0.0,0
18194,missing,0.0,0
18195,missing,0.0,0
18196,nominal,392.3,0
18197,nominal,361.3,1
18198,nominal,289.5,1
18199,thin,254.4,1
18200,missing,0.0,1
18201,thin,248.1,1
18202,nominal,371.4,0
18203,nominal,285.8,1
18204,nominal,285.8,1
18205,nominal,320.8,1
18206,nominal,322.5,1
18207,nominal,294.1,1
18208,nominal,262.6,1
18209,nominal,266.6,1
18210,nominal,268.6,1
18211,thin,255.5,1
18212,thick,809.8,0
18213,thick,998.7,0
18214,thick,902.2,0
18215,thick,827.9,0
18216,nominal,298.6,1
18217,nominal,280.2,1
18218,nominal,315.8,1
18219,nominal,314.1,1
18220,nominal,400.3,1
18221,nominal,338.5,1
18222,nominal,375.7,0
18223,nominal,395.0,0
18224,missing,0.0,0
18225,missing,0.0,0
18226,missing,0.0,0
18227,missing,0.0,0
18228,nominal,374.3,0
18229,nominal,332.2,1
18230,nominal,272.5,1
18231,thin,254.4,1
18232,nominal,332.2,1
18233,necked,268.6,1
18234,nominal,382.7,1
18235,nominal,295.0,1
18236,nominal,264.6,1
18237,nominal,324.1,1
18238,nominal,400.3,1
18239,nominal,295.0,1
18240,nominal,264.6,1
18241,nominal,272.5,1
18242,necked,262.6,1
18243,nominal,272.5,1
18244,thick,811.1,0
18245,thick,990.2,0
18246,thick,892.7,0
18247,thick,824.1,0
18248,nominal,291.4,1
18249,thin,218.5,1
18250,nominal,302.1,1
18251,nominal,320.8,1
18252,broken,325.7,0
18253,nominal,379.9,1
18254,nominal,378.5,1
18255,nominal,378.5,1
18256,missing,0.0,0
18257,missing,0.0,0
18258,missing,0.0,0
18259,missing,0.0,0
18260,nominal,378.5,0
18261,nominal,333.8,1
18262,nominal,264.6,1
18263,nominal,266.6,1
18264,nominal,356.8,1
18265,nominal,287.7,1
18266,nominal,384.1,1
18267,nominal,296.8,1
18268,nominal,268.6,1
18269,nominal,315.8,1
18270,nominal,355.4,0
18271,nominal,287.7,1
18272,nominal,268.6,1
18273,nominal,272.5,1
18274,missing,0.0,1
18275,nominal,270.6,1
18276,thick,808.5,0
18277,thick,966.3,0
18278,thick,871.7,0
18279,thick,824.1,0
18280,nominal,312.4,1
18281,nominal,302.1,1
18282,nominal,327.4,1
18283,nominal,312.4,1
18284,nominal,361.3,1
18285,nominal,330.6,1
18286,nominal,349.3,1
18287,nominal,352.4,1
18288,missing,0.0,0
18289,missing,0.0,0
18290,missing,0.0,0
18291,missing,0.0,0
18292,nominal,427.2,0
18293,nominal,352.4,1
18294,nominal,268.6,1
18295,nominal,291.4,1
18296,nominal,343.2,1
18297,nominal,287.7,1
18298,nominal,368.5,1
18299,nominal,293.2,1
18300,thin,256.5,1
18301,nominal,310.7,1
18302,nominal,289.5,1
18303,nominal,289.5,1
18304,thin,245.9,1
18305,nominal,274.5,1
18306,nominal,271.6,1
18307,nominal,276.4,1
18308,thick,804.5,0
18309,thick,920.8,0
18310,thick,850.7,0
18311,thick,806.5,0
18312,nominal,302.1,1
18313,nominal,293.2,1
18314,nominal,312.4,1
18315,nominal,305.6,1
18316,nominal,362.7,1
18317,nominal,335.4,1
18318,nominal,349.3,1
18319,nominal,382.7,1
18320,missing,0.0,0
18321,missing,0.0,0
18322,missing,0.0,0
18323,missing,0.0,0
18324,nominal,397.6,1
18325,nominal,347.8,1
18326,thin,249.1,1
18327,nominal,309.0,1
18328,nominal,359.8,1
18329,nominal,285.8,1
18330,nominal,338.5,1
18331,nominal,284.0,1
18332,thin,241.6,1
18333,nominal,302.1,1
18334,nominal,272.5,1
18335,nominal,276.4,1
18336,thin,243.8,1
18337,nominal,289.5,1
18338,thin,254.4,1
18339,nominal,287.7,1
18340,thick,788.6,0
18341,thick,870.4,0
18342,thick,830.5,0
18343,thick,782.5,0
18344,nominal,298.6,1
18345,nominal,303.8,1
18346,nominal,298.6,1
18347,nominal,307.3,1
18348,nominal,338.5,1
18349,nominal,320.8,1
18350,nominal,372.8,1
18351,nominal,377.1,1
18352,missing,0.0,0
18353,missing,0.0,0
18354,missing,0.0,0
18355,missing,0.0,0
18356,nominal,379.9,1
18357,nominal,319.2,1
18358,thin,254.4,1
18359,nominal,317.5,1
18360,nominal,333.8,1
18361,nominal,302.1,1
18362,nominal,309.0,0
18363,nominal,305.6,1
18364,thin,223.3,1
18365,nominal,303.8,1
18366,nominal,293.2,1
18367,nominal,302.1,1
18368,thin,260.6,1
18369,nominal,296.8,1
18370,broken,268.6,1
18371,nominal,305.6,1
18372,thick,765.3,0
18373,thick,802.6,0
18374,thick,790.6,0
18375,thick,747.1,0
18376,nominal,310.7,1
18377,nominal,298.6,1
18378,broken,291.4,1
18379,nominal,310.7,1
18380,nominal,378.5,1
18381,nominal,356.8,1
18382,nominal,350.8,1
18383,nominal,368.5,1
18384,missing,0.0,0
18385,missing,0.0,0
18386,missing,0.0,0
18387,missing,0.0,0
18388,nominal,392.3,1
18389,nominal,319.2,1
18390,thin,248.1,1
18391,nominal,317.5,1
18392,nominal,386.8,1
18393,nominal,307.3,1
18394,nominal,325.8,1
18395,nominal,303.8,1
18396,thin,200.8,1
18397,nominal,305.6,1
18398,nominal,287.7,1
18399,nominal,295.0,1
18400,thin,234.9,1
18401,nominal,293.2,0
18402,broken,259.6,1
18403,nominal,298.6,1
18404,thick,737.8,0
18405,thick,743.5,0
18406,thick,738.5,0
18407,thick,698.7,0
18408,nominal,314.1,1
18409,broken,302.1,1
18410,broken,287.7,1
18411,nominal,302.1,1
18412,nominal,355.4,1
18413,nominal,362.7,1
18414,nominal,320.8,1
18415,nominal,365.7,1
18416,missing,0.0,0
18417,missing,0.0,0
18418,missing,0.0,0
18419,missing,0.0,0
18420,nominal,378.5,1
18421,nominal,350.8,1
18422,broken,220.9,1
18423,nominal,302.1,0
18424,nominal,358.3,1
18425,nominal,303.8,0
18426,nominal,352.4,1
18427,nominal,296.8,1
18428,thin,192.7,1
18429,nominal,293.2,1
18430,broken,276.4,1
18431,nominal,310.7,1
18432,thin,234.9,1
18433,nominal,295.0,0
18434,broken,240.5,1
18435,nominal,300.3,0
18436,thick,672.3,0
18437,thick,640.8,0
18438,thick,601.5,0
18439,thick,589.1,0
18440,nominal,295.0,1
18441,broken,293.2,1
18442,nominal,266.6,1
18443,nominal,284.0,1
18444,nominal,285.8,0
18445,broken,236.0,0
18446,broken,237.2,0
18447,thin,243.8,0
18448,nominal,352.4,1
18449,nominal,384.1,1
18450,broken,309.0,0
18451,nominal,349.3,0
18452,missing,0.0,0
18453,missing,0.0,0
18454,missing,0.0,0
18455,missing,0.0,0
18456,nominal,361.3,1
18457,nominal,359.8,1
18458,broken,214.8,1
18459,nominal,309.0,0
18460,nominal,335.4,0
18461,nominal,284.0,0
18462,nominal,332.2,1
18463,nominal,285.8,0
18464,thin,184.3,1
18465,nominal,272.5,0
18466,broken,260.6,1
18467,nominal,287.7,0
