node_id,z,y,x,degree,is_interior,embedded,iou,fill,inscribed_radius_vox,diameter_um,radius_fill_vox,diameter_fill_um,box_material_frac,saturated
0,28.93556,52.49134,62.28862,3,0,0,0.06200,0.08683,0.00000,0.00000,0.00000,0.00000,0.08986,0
1,29.07859,91.59580,101.54215,8,0,0,0.24558,1.00000,7.00000,814.50128,10.51298,1223.26221,0.61510,0
2,28.93802,131.19669,62.74733,5,0,0,0.22695,0.61538,1.00000,116.35732,0.00000,0.00000,0.31898,0
3,29.08105,170.30116,102.00086,8,0,0,0.24796,1.00000,8.00000,930.85858,12.00000,1396.28784,0.66464,0
4,28.94048,209.90204,63.20605,5,0,0,0.22379,0.61157,1.41421,164.55411,0.00000,0.00000,0.32710,0
5,29.08351,249.00651,102.45958,8,0,0,0.24284,1.00000,8.06226,938.10272,12.00000,1396.28784,0.66957,0
6,28.94293,288.60740,63.66476,5,0,0,0.22388,0.62849,1.00000,116.35732,0.00000,0.00000,0.34061,0
7,29.08596,327.71186,102.91829,8,0,0,0.24693,1.00000,8.00000,930.85858,12.00000,1396.28784,0.67181,0
8,28.94539,367.31275,64.12347,5,0,0,0.21988,0.60000,1.41421,164.55411,0.00000,0.00000,0.32934,0
9,29.08842,406.41721,103.37701,8,0,0,0.24238,1.00000,8.00000,930.85858,12.00000,1396.28784,0.66714,0
10,28.94785,446.01810,64.58219,5,0,0,0.22079,0.61944,1.00000,116.35732,0.00000,0.00000,0.34662,0
11,29.09088,485.12256,103.83572,8,0,0,0.25206,1.00000,8.24621,959.50702,12.00000,1396.28784,0.66739,0
12,28.95031,524.72345,65.04090,5,0,0,0.24855,0.71074,2.00000,232.71465,0.00000,0.00000,0.33683,0
13,29.09334,563.82791,104.29443,8,0,0,0.24509,1.00000,8.00000,930.85858,12.00000,1396.28784,0.64173,0
14,28.95277,603.42880,65.49961,5,0,0,0.25235,0.73901,2.00000,232.71465,0.00000,0.00000,0.32352,0
15,29.09580,642.53326,104.75315,8,0,0,0.24271,1.00000,7.00000,814.50128,11.29169,1313.87061,0.61530,0
16,28.95523,682.13415,65.95833,5,0,0,0.26244,0.74309,2.00000,232.71465,2.33075,271.20007,0.32902,0
17,29.09826,721.23861,105.21186,8,0,0,0.25120,1.00000,7.00000,814.50128,9.60713,1117.85999,0.55731,0
18,28.95769,760.83950,66.41704,3,0,0,0.00000,0.00000,0.00000,0.00000,0.00000,0.00000,0.03802,0
19,29.21916,51.99492,140.33697,5,0,0,0.28508,0.87945,3.16228,367.95416,4.20666,489.47522,0.38573,0
20,29.36219,91.09938,179.59050,8,0,0,0.24306,1.00000,8.00000,930.85858,12.00000,1396.28784,0.69728,0
21,29.22162,130.70027,140.79568,8,0,0,0.24644,1.00000,8.06226,938.10272,12.00000,1396.28784,0.69376,0
22,29.36465,169.80473,180.04922,8,0,0,0.24559,1.00000,9.53939,1109.97815,12.00000,1396.28784,0.74778,0
23,29.22408,209.40562,141.25440,8,0,0,0.23938,1.00000,9.05539,1053.66040,12.00000,1396.28784,0.71757,0
24,29.36711,248.51008,180.50793,8,0,0,0.23462,1.00000,10.86278,1263.96411,12.00000,1396.28784,0.75789,0
25,29.22654,288.11097,141.71311,8,0,0,0.24526,1.00000,9.43398,1097.71277,12.00000,1396.28784,0.72205,0
26,29.36957,327.21543,180.96664,8,0,0,0.24458,1.00000,10.04988,1169.37659,12.00000,1396.28784,0.75923,0
27,29.22899,366.81632,142.17182,8,0,0,0.24847,1.00000,9.11043,1060.06567,12.00000,1396.28784,0.72288,0
28,29.37202,405.92078,181.42536,8,0,0,0.24322,1.00000,10.24695,1192.30774,12.00000,1396.28784,0.75334,0
29,29.23145,445.52167,142.63054,8,0,0,0.24105,1.00000,9.00000,1047.21594,12.00000,1396.28784,0.71770,0
30,29.37448,484.62613,181.88407,8,0,0,0.24035,1.00000,10.00000,1163.57324,12.00000,1396.28784,0.74227,0
31,29.23391,524.22702,143.08925,8,0,0,0.25068,1.00000,9.00000,1047.21594,12.00000,1396.28784,0.69843,0
32,29.23637,602.93237,143.54797,8,0,0,0.24476,1.00000,8.00000,930.85858,12.00000,1396.28784,0.66746,0
33,29.23883,681.63773,144.00668,8,0,0,0.24577,1.00000,8.00000,930.85858,11.41584,1328.31653,0.62202,0
34,29.24129,760.34308,144.46539,5,0,0,0.00000,0.00000,0.00000,0.00000,0.00000,0.00000,0.12819,0
35,29.50276,51.49849,218.38532,5,0,0,0.27303,0.92614,4.00000,465.42929,4.88176,568.02814,0.41421,0
36,29.50522,130.20384,218.84404,8,0,0,0.24206,1.00000,10.63015,1236.89539,12.00000,1396.28784,0.74758,0
37,29.50768,208.90919,219.30275,8,0,0,0.24022,1.00000,11.00000,1279.93054,12.00000,1396.28784,0.76582,1
38,29.51014,287.61454,219.76146,8,0,0,0.24035,1.00000,11.22497,1306.10767,12.00000,1396.28784,0.77037,1
39,29.51260,366.31989,220.22018,8,0,0,0.24087,1.00000,11.87434,1381.66663,12.00000,1396.28784,0.77139,1
40,29.51505,445.02525,220.67889,8,0,0,0.24208,1.00000,11.00000,1279.93054,12.00000,1396.28784,0.75802,1
41,29.51751,523.73060,221.13760,8,0,0,0.23954,1.00000,10.04988,1169.37659,12.00000,1396.28784,0.72314,0
42,29.37694,563.33149,182.34279,8,0,0,0.24321,1.00000,9.00000,1047.21594,12.00000,1396.28784,0.71162,0
43,29.51997,602.43595,221.59632,8,0,0,0.23900,1.00000,9.05539,1053.66040,12.00000,1396.28784,0.67936,0
44,29.37940,642.03684,182.80150,8,0,0,0.24526,1.00000,8.00000,930.85858,12.00000,1396.28784,0.66560,0
45,29.52243,681.14130,222.05503,8,0,0,0.24592,1.00000,8.06226,938.10272,11.94079,1389.39795,0.62189,0
46,29.38186,720.74219,183.26021,8,0,0,0.24138,1.00000,7.87401,916.19843,10.39215,1209.20239,0.59258,0
47,29.52489,759.84665,222.51375,5,0,0,0.00000,0.00000,0.00000,0.00000,0.00000,0.00000,0.12538,0
48,29.78636,51.00206,296.43367,5,0,0,0.26582,0.93855,3.16228,367.95416,5.29518,616.13312,0.47686,0
49,29.64579,90.60295,257.63885,8,0,0,0.24236,1.00000,10.00000,1163.57324,12.00000,1396.28784,0.73056,0
50,29.78882,129.70741,296.89239,8,0,0,0.24678,1.00000,12.00000,1396.28784,12.00000,1396.28784,0.77517,1
51,29.64825,169.30830,258.09757,8,0,0,0.24288,1.00000,11.78983,1371.83264,12.00000,1396.28784,0.77594,1
52,29.79128,208.41277,297.35110,8,0,0,0.24087,1.00000,12.00000,1396.28784,12.00000,1396.28784,0.77856,1
53,29.65071,248.01365,258.55628,8,0,0,0.24394,1.00000,12.00000,1396.28784,12.00000,1396.28784,0.77856,1
54,29.79374,287.11812,297.80981,8,0,0,0.25068,1.00000,12.00000,1396.28784,12.00000,1396.28784,0.77869,1
55,29.65317,326.71901,259.01500,8,0,0,0.24273,1.00000,12.00000,1396.28784,12.00000,1396.28784,0.77856,1
56,29.79620,365.82347,298.26853,8,0,0,0.24796,1.00000,12.00000,1396.28784,12.00000,1396.28784,0.77869,1
57,29.65563,405.42436,259.47371,8,0,0,0.23848,1.00000,12.00000,1396.28784,12.00000,1396.28784,0.77811,1
58,29.79866,444.52882,298.72724,8,0,0,0.23922,1.00000,12.00000,1396.28784,12.00000,1396.28784,0.77722,1
59,29.65809,484.12971,259.93242,8,0,0,0.24644,1.00000,11.00000,1279.93054,12.00000,1396.28784,0.75846,1
60,29.80112,523.23417,299.18596,8,0,0,0.24696,1.00000,11.00000,1279.93054,12.00000,1396.28784,0.74880,1
61,29.66054,562.83506,260.39114,8,0,0,0.24124,1.00000,10.00000,1163.57324,12.00000,1396.28784,0.71885,0
62,29.80357,601.93952,299.64467,8,0,0,0.24542,1.00000,10.00000,1163.57324,12.00000,1396.28784,0.70195,0
63,29.66300,641.54041,260.84985,8,0,0,0.24157,1.00000,9.21954,1072.76147,12.00000,1396.28784,0.66758,0
64,29.80603,680.64487,300.10338,8,0,0,0.24527,1.00000,9.00000,1047.21594,12.00000,1396.28784,0.64038,0
65,29.66546,720.24576,261.30857,8,0,0,0.24355,1.00000,8.06226,938.10272,11.20171,1303.40149,0.60006,0
66,29.80849,759.35022,300.56210,5,0,0,0.00000,0.00000,0.00000,0.00000,0.00000,0.00000,0.14650,0
67,30.06996,50.50564,374.48203,5,0,0,0.26404,1.00000,5.09902,593.30829,7.88349,917.30182,0.54374,0
68,29.92939,90.10653,335.68721,8,0,0,0.24644,1.00000,11.00000,1279.93054,12.00000,1396.28784,0.75891,1
69,30.07242,129.21099,374.94074,8,0,0,0.24812,1.00000,12.00000,1396.28784,12.00000,1396.28784,0.77805,1
70,29.93185,168.81188,336.14592,8,0,0,0.25137,1.00000,12.00000,1396.28784,12.00000,1396.28784,0.77869,1
71,30.07488,207.91634,375.39945,8,0,0,0.24457,1.00000,12.00000,1396.28784,12.00000,1396.28784,0.77869,1
72,29.93431,247.51723,336.60463,8,0,0,0.24610,1.00000,12.00000,1396.28784,12.00000,1396.28784,0.77869,1
73,30.07734,286.62169,375.85817,8,0,0,0.24458,1.00000,12.00000,1396.28784,12.00000,1396.28784,0.77869,1
74,29.93677,326.22258,337.06335,8,0,0,0.24812,1.00000,12.00000,1396.28784,12.00000,1396.28784,0.77869,1
75,30.07980,365.32704,376.31688,8,0,0,0.24220,1.00000,12.00000,1396.28784,12.00000,1396.28784,0.77869,1
76,29.93923,404.92793,337.52206,8,0,0,0.24539,1.00000,12.00000,1396.28784,12.00000,1396.28784,0.77869,1
77,30.08226,444.03239,376.77559,8,0,0,0.24914,1.00000,12.00000,1396.28784,12.00000,1396.28784,0.77869,1
78,29.94169,483.63328,337.98078,8,0,0,0.24455,1.00000,11.09054,1290.46509,12.00000,1396.28784,0.77242,1
79,30.08472,522.73775,377.23431,8,0,0,0.24779,1.00000,11.00000,1279.93054,12.00000,1396.28784,0.75821,1
80,29.94415,562.33863,338.43949,8,0,0,0.24341,1.00000,9.27362,1079.05347,12.00000,1396.28784,0.73926,0
81,30.08718,601.44310,377.69302,8,0,0,0.24206,1.00000,9.11043,1060.06567,12.00000,1396.28784,0.71674,0
82,29.94660,641.04398,338.89820,8,0,0,0.25309,1.00000,10.00000,1163.57324,12.00000,1396.28784,0.68659,0
83,30.08963,680.14845,378.15174,8,0,0,0.25257,1.00000,9.00000,1047.21594,12.00000,1396.28784,0.65581,0
84,29.94906,719.74934,339.35692,8,0,0,0.24423,1.00000,7.28011,847.09412,10.94742,1273.81311,0.60205,0
85,30.09209,758.85380,378.61045,5,0,0,0.00000,0.00000,0.00000,0.00000,0.00000,0.00000,0.14406,0
86,30.35356,50.00921,452.53038,5,0,0,0.26672,0.95856,3.60555,419.53229,6.13342,713.66827,0.51955,0
87,30.21299,89.61010,413.73556,8,0,0,0.24022,1.00000,11.04536,1285.20862,12.00000,1396.28784,0.76883,1
88,30.35602,128.71456,452.98909,8,0,0,0.24224,1.00000,12.00000,1396.28784,12.00000,1396.28784,0.77850,1
89,30.21545,168.31545,414.19427,8,0,0,0.24491,1.00000,12.00000,1396.28784,12.00000,1396.28784,0.77869,1
90,30.35848,207.41991,453.44781,8,0,0,0.23897,1.00000,12.00000,1396.28784,12.00000,1396.28784,0.77869,1
91,30.21791,247.02080,414.65299,8,0,0,0.24560,1.00000,12.00000,1396.28784,12.00000,1396.28784,0.77869,1
92,30.36094,286.12527,453.90652,8,0,0,0.24475,1.00000,12.00000,1396.28784,12.00000,1396.28784,0.77869,1
93,30.22037,325.72615,415.11170,8,0,0,0.24593,1.00000,12.00000,1396.28784,12.00000,1396.28784,0.77869,1
94,30.36340,364.83062,454.36523,8,0,0,0.24122,1.00000,12.00000,1396.28784,12.00000,1396.28784,0.77869,1
95,30.22283,404.43151,415.57041,8,0,0,0.24070,1.00000,12.00000,1396.28784,12.00000,1396.28784,0.77869,1
96,30.36586,443.53597,454.82395,8,0,0,0.23970,1.00000,12.00000,1396.28784,12.00000,1396.28784,0.77869,1
97,30.22529,483.13686,416.02913,8,0,0,0.24914,1.00000,12.00000,1396.28784,12.00000,1396.28784,0.77632,1
98,30.36832,522.24132,455.28266,8,0,0,0.24222,1.00000,11.00000,1279.93054,12.00000,1396.28784,0.76371,1
99,30.22775,561.84221,416.48784,8,0,0,0.24089,1.00000,10.04988,1169.37659,12.00000,1396.28784,0.74573,0
100,30.37078,600.94667,455.74137,8,0,0,0.24357,1.00000,10.00000,1163.57324,12.00000,1396.28784,0.72493,0
101,30.23021,640.54756,416.94656,8,0,0,0.24408,1.00000,9.00000,1047.21594,12.00000,1396.28784,0.69683,0
102,30.37324,679.65202,456.20009,8,0,0,0.24187,1.00000,8.30662,966.53644,12.00000,1396.28784,0.65888,0
103,30.23266,719.25291,417.40527,8,0,0,0.23989,1.00000,8.00000,930.85858,11.09379,1290.84387,0.61754,0
104,30.49659,89.11367,491.78391,8,0,0,0.24222,1.00000,12.00000,1396.28784,12.00000,1396.28784,0.77152,1
105,30.49905,167.81903,492.24262,8,0,0,0.24038,1.00000,12.00000,1396.28784,12.00000,1396.28784,0.77869,1
106,30.50151,246.52438,492.70134,8,0,0,0.23793,1.00000,12.00000,1396.28784,12.00000,1396.28784,0.77869,1
107,30.50397,325.22973,493.16005,8,0,0,0.24054,1.00000,12.00000,1396.28784,12.00000,1396.28784,0.77869,1
108,30.50643,403.93508,493.61877,8,0,0,0.24695,1.00000,12.00000,1396.28784,12.00000,1396.28784,0.77869,1
109,30.50889,482.64043,494.07748,8,0,0,0.24576,1.00000,11.22497,1306.10767,12.00000,1396.28784,0.77485,1
110,30.51135,561.34578,494.53619,8,0,0,0.23661,1.00000,11.00000,1279.93054,12.00000,1396.28784,0.74086,1
111,30.51381,640.05113,494.99491,8,0,0,0.24488,1.00000,10.00000,1163.57324,12.00000,1396.28784,0.69248,0
112,30.51627,718.75648,495.45362,8,0,0,0.24098,1.00000,7.34847,855.04822,10.85529,1263.09204,0.59309,0
113,30.37569,758.35737,456.65880,5,0,0,0.00000,0.00000,0.00000,0.00000,0.00000,0.00000,0.16250,0
114,30.63717,49.51279,530.57873,5,0,0,0.25816,0.94587,3.60555,419.53229,5.73288,667.06293,0.52403,0
115,30.78020,88.61725,569.83226,8,0,0,0.24339,1.00000,11.04536,1285.20862,12.00000,1396.28784,0.76467,1
116,30.63962,128.21814,531.03744,8,0,0,0.24458,1.00000,12.00000,1396.28784,12.00000,1396.28784,0.77786,1
117,30.78266,167.32260,570.29098,8,0,0,0.24575,1.00000,12.00000,1396.28784,12.00000,1396.28784,0.77869,1
118,30.64208,206.92349,531.49616,8,0,0,0.24423,1.00000,12.00000,1396.28784,12.00000,1396.28784,0.77869,1
119,30.78511,246.02795,570.74969,8,0,0,0.24915,1.00000,12.00000,1396.28784,12.00000,1396.28784,0.77869,1
120,30.64454,285.62884,531.95487,8,0,0,0.24559,1.00000,12.00000,1396.28784,12.00000,1396.28784,0.77869,1
121,30.78757,324.73330,571.20840,8,0,0,0.24830,1.00000,12.00000,1396.28784,12.00000,1396.28784,0.77869,1
122,30.64700,364.33419,532.41358,8,0,0,0.24187,1.00000,12.00000,1396.28784,12.00000,1396.28784,0.77869,1
123,30.79003,403.43865,571.66712,8,0,0,0.23919,1.00000,12.00000,1396.28784,12.00000,1396.28784,0.77869,1
124,30.64946,443.03954,532.87230,8,0,0,0.24645,1.00000,12.00000,1396.28784,12.00000,1396.28784,0.77843,1
125,30.79249,482.14400,572.12583,8,0,0,0.25085,1.00000,11.22497,1306.10767,12.00000,1396.28784,0.77466,1
126,30.65192,521.74489,533.33101,8,0,0,0.24306,1.00000,11.00000,1279.93054,12.00000,1396.28784,0.75987,1
127,30.79495,560.84936,572.58455,8,0,0,0.24103,1.00000,11.00000,1279.93054,12.00000,1396.28784,0.74259,1
128,30.65438,600.45024,533.78973,8,0,0,0.24003,1.00000,10.00000,1163.57324,12.00000,1396.28784,0.72256,0
129,30.79741,639.55471,573.04326,8,0,0,0.24341,1.00000,9.21954,1072.76147,12.00000,1396.28784,0.69568,0
130,30.65684,679.15560,534.24844,8,0,0,0.24491,1.00000,9.00000,1047.21594,12.00000,1396.28784,0.65242,0
131,30.79987,718.26006,573.50197,8,0,0,0.23803,1.00000,8.30662,966.53644,11.62916,1353.13831,0.62214,0
132,30.65930,757.86095,534.70715,5,0,0,0.00000,0.00000,0.00000,0.00000,0.00000,0.00000,0.14432,0
133,30.92077,49.01636,608.62708,5,0,0,0.26246,0.99721,4.58258,533.21625,7.63547,888.44269,0.52000,0
134,31.06380,88.12082,647.88061,8,0,0,0.25189,1.00000,10.19804,1186.61658,12.00000,1396.28784,0.74822,0
135,30.92323,127.72171,609.08580,8,0,0,0.24796,1.00000,11.87434,1381.66663,12.00000,1396.28784,0.77619,1
136,31.06626,166.82617,648.33933,8,0,0,0.24627,1.00000,12.00000,1396.28784,12.00000,1396.28784,0.77837,1
137,30.92569,206.42706,609.54451,8,0,0,0.24678,1.00000,12.00000,1396.28784,12.00000,1396.28784,0.77869,1
138,31.06872,245.53152,648.79804,8,0,0,0.24291,1.00000,12.00000,1396.28784,12.00000,1396.28784,0.77856,1
139,30.92814,285.13241,610.00322,8,0,0,0.25155,1.00000,12.00000,1396.28784,12.00000,1396.28784,0.77869,1
140,31.07117,324.23688,649.25676,8,0,0,0.24881,1.00000,12.00000,1396.28784,12.00000,1396.28784,0.77869,1
141,30.93060,363.83776,610.46194,8,0,0,0.24407,1.00000,12.00000,1396.28784,12.00000,1396.28784,0.77869,1
142,31.07363,402.94223,649.71547,8,0,0,0.24915,1.00000,12.00000,1396.28784,12.00000,1396.28784,0.77869,1
143,30.93306,442.54312,610.92065,8,0,0,0.24557,1.00000,12.00000,1396.28784,12.00000,1396.28784,0.77869,1
144,31.07609,481.64758,650.17418,8,0,0,0.24560,1.00000,11.04536,1285.20862,12.00000,1396.28784,0.77421,1
145,30.93552,521.24847,611.37936,8,0,0,0.24390,1.00000,10.09950,1175.15125,12.00000,1396.28784,0.76314,0
146,31.07855,560.35293,650.63290,8,0,0,0.24253,1.00000,9.11043,1060.06567,12.00000,1396.28784,0.74195,0
147,30.93798,599.95382,611.83808,8,0,0,0.25138,1.00000,10.00000,1163.57324,12.00000,1396.28784,0.72294,0
148,31.08101,639.05828,651.09161,8,0,0,0.25138,1.00000,9.00000,1047.21594,12.00000,1396.28784,0.69837,0
149,30.94044,678.65917,612.29679,8,0,0,0.24374,1.00000,8.06226,938.10272,12.00000,1396.28784,0.65984,0
150,31.08347,717.76363,651.55033,8,0,0,0.24375,1.00000,8.00000,930.85858,11.59751,1349.45557,0.62918,0
151,30.94290,757.36452,612.75551,5,0,0,0.00000,0.00000,0.00000,0.00000,0.00000,0.00000,0.15859,0
152,31.20437,48.51993,686.67543,5,0,0,0.26502,0.99437,4.89898,570.03217,7.04197,819.38470,0.49651,0
153,31.34740,87.62440,725.92897,8,0,0,0.24337,1.00000,8.12404,945.29138,12.00000,1396.28784,0.69696,0
154,31.20683,127.22528,687.13415,8,0,0,0.24966,1.00000,10.19804,1186.61658,12.00000,1396.28784,0.76166,0
155,31.34986,166.32975,726.38768,8,0,0,0.24119,1.00000,9.21954,1072.76147,12.00000,1396.28784,0.73280,0
156,31.20929,205.93064,687.59286,8,0,0,0.24577,1.00000,11.44552,1331.77039,12.00000,1396.28784,0.77056,1
157,31.35232,245.03510,726.84639,8,0,0,0.24661,1.00000,9.43398,1097.71277,12.00000,1396.28784,0.74278,0
158,31.21175,284.63599,688.05158,8,0,0,0.24559,1.00000,10.81665,1258.59692,12.00000,1396.28784,0.77664,0
159,31.35478,323.74045,727.30511,8,0,0,0.24322,1.00000,9.27362,1079.05347,12.00000,1396.28784,0.74912,0
160,31.21420,363.34134,688.51029,8,0,0,0.24105,1.00000,11.04536,1285.20862,12.00000,1396.28784,0.77792,1
161,31.35723,402.44580,727.76382,8,0,0,0.24051,1.00000,10.04988,1169.37659,12.00000,1396.28784,0.74944,0
162,31.21666,442.04669,688.96900,8,0,0,0.24846,1.00000,11.00000,1279.93054,12.00000,1396.28784,0.77082,1
163,31.35969,481.15115,728.22254,8,0,0,0.24322,1.00000,10.00000,1163.57324,12.00000,1396.28784,0.73222,0
164,31.21912,520.75204,689.42772,8,0,0,0.24005,1.00000,9.11043,1060.06567,12.00000,1396.28784,0.74106,0
165,31.36215,559.85650,728.68125,8,0,0,0.24136,1.00000,9.00000,1047.21594,12.00000,1396.28784,0.70029,0
166,31.22158,599.45739,689.88643,8,0,0,0.24273,1.00000,9.00000,1047.21594,12.00000,1396.28784,0.71053,0
167,31.36461,638.56185,729.13996,8,0,0,0.24171,1.00000,8.00000,930.85858,12.00000,1396.28784,0.66208,0
168,31.22404,678.16274,690.34514,8,0,0,0.24355,1.00000,8.00000,930.85858,12.00000,1396.28784,0.66643,0
169,31.36707,717.26721,729.59868,8,0,0,0.24070,1.00000,8.00000,930.85858,10.81588,1258.50732,0.60410,0
170,31.22650,756.86809,690.80386,5,0,0,0.00000,0.00000,0.00000,0.00000,0.00000,0.00000,0.14656,0
171,31.48797,48.02351,764.72379,3,0,0,0.10577,0.18436,0.00000,0.00000,0.00000,0.00000,0.13094,0
172,31.49043,126.72886,765.18250,5,0,0,0.21221,0.59384,1.00000,116.35732,0.00000,0.00000,0.36966,0
173,31.49289,205.43421,765.64121,5,0,0,0.21910,0.62108,1.41421,164.55411,0.00000,0.00000,0.37568,0
174,31.49535,284.13956,766.09993,5,0,0,0.24421,0.70278,1.41421,164.55411,0.00000,0.00000,0.40237,0
175,31.49781,362.84491,766.55864,5,0,0,0.23827,0.72753,2.00000,232.71465,0.00000,0.00000,0.39578,0
176,31.50026,441.55026,767.01735,5,0,0,0.26032,0.79670,2.00000,232.71465,2.61538,304.31915,0.38374,0
177,31.50272,520.25562,767.47607,5,0,0,0.26679,0.84181,3.00000,349.07196,3.38438,393.79681,0.40038,0
178,31.50518,598.96097,767.93478,5,0,0,0.27695,0.88515,3.00000,349.07196,4.17548,485.84750,0.38016,0
179,31.50764,677.66632,768.39350,5,0,0,0.27695,0.89266,3.16228,367.95416,4.38409,510.12070,0.36966,0
180,31.51010,756.37167,768.85221,3,0,0,0.00000,0.00000,0.00000,0.00000,0.00000,0.00000,0.05536,0
181,68.28572,52.29121,101.23014,8,0,0,0.29588,0.79722,3.00000,349.07196,3.49380,406.52979,0.19942,0
182,68.14515,91.89210,62.43532,8,0,0,0.28235,0.80672,2.82843,329.10822,3.01049,350.29269,0.18515,0
183,68.28818,130.99656,101.68886,12,1,0,0.24592,1.00000,7.00000,814.50128,8.87575,1032.75879,0.36282,0
184,68.14761,170.59745,62.89404,8,0,0,0.28937,0.84722,3.00000,349.07196,3.86134,449.29572,0.22586,0
185,68.29064,209.70191,102.14757,12,1,0,0.24643,1.00000,7.00000,814.50128,9.38268,1091.74390,0.38099,0
186,68.15007,249.30280,63.35275,8,0,0,0.27735,0.80278,3.00000,349.07196,3.18353,370.42694,0.22925,0
187,68.29310,288.40727,102.60628,12,1,0,0.24035,1.00000,8.00000,930.85858,9.62534,1119.97888,0.39347,0
188,68.15253,328.00815,63.81146,8,0,0,0.27218,0.74387,2.44949,285.01608,2.84920,331.52509,0.22771,0
189,68.29556,367.11262,103.06500,12,1,0,0.24881,1.00000,7.14143,830.95752,9.47139,1102.06580,0.38714,0
190,68.15498,406.71351,64.27018,8,0,0,0.27712,0.76776,2.82843,329.10822,2.69512,313.59680,0.21594,0
191,68.29801,445.81797,103.52371,12,1,0,0.24189,1.00000,7.34847,855.04822,9.52241,1108.00256,0.38566,0
192,68.15744,485.41886,64.72889,8,0,0,0.26511,0.75766,2.23607,260.18289,2.80899,326.84705,0.22266,0
193,68.30047,524.52332,103.98242,12,1,0,0.24240,1.00000,7.00000,814.50128,9.54813,1110.99524,0.39334,0
194,68.15990,564.12421,65.18761,8,0,0,0.27945,0.78630,3.00000,349.07196,2.71500,315.91013,0.21882,0
195,68.30293,603.22867,104.44114,12,1,0,0.23954,1.00000,7.00000,814.50128,9.37017,1090.28760,0.37990,0
196,68.16236,642.82956,65.64632,8,0,0,0.27927,0.80609,3.00000,349.07196,3.28112,381.78262,0.21446,0
197,68.30539,681.93402,104.89985,12,1,0,0.24846,1.00000,7.00000,814.50128,8.92424,1038.40088,0.35098,0
198,68.16482,721.53491,66.10503,8,0,0,0.29322,0.85515,3.00000,349.07196,4.03767,469.81287,0.19520,0
199,68.30785,760.63937,105.35857,8,0,0,0.00000,0.00000,0.00000,0.00000,0.00000,0.00000,0.02688,0
200,68.56932,51.79479,179.27849,8,0,0,0.31061,0.89859,3.16228,367.95416,4.35161,506.34155,0.24653,0
201,68.42875,91.39567,140.48367,12,1,0,0.23810,1.00000,7.00000,814.50128,8.75295,1018.46967,0.35206,0
202,68.57178,130.50014,179.73721,12,1,0,0.24110,1.00000,7.00000,814.50128,8.64376,1005.76495,0.36838,0
203,68.43121,170.10103,140.94239,12,1,0,0.24455,1.00000,7.00000,814.50128,9.09967,1058.81335,0.37235,0
204,68.57424,209.20549,180.19592,12,1,0,0.24236,1.00000,7.00000,814.50128,8.71652,1014.23053,0.38611,0
205,68.43367,248.80638,141.40110,12,1,0,0.23832,1.00000,7.00000,814.50128,9.21479,1072.20850,0.37568,0
206,68.57670,287.91084,180.65463,12,1,0,0.24253,1.00000,7.00000,814.50128,9.25084,1076.40283,0.40070,0
207,68.43613,327.51173,141.85982,12,1,0,0.24138,1.00000,7.68115,893.75757,9.43270,1097.56409,0.38534,0
208,68.57916,366.61619,181.11335,12,1,0,0.24385,1.00000,7.00000,814.50128,9.27497,1079.21045,0.40890,0
209,68.43859,406.21708,142.31853,12,1,0,0.23887,1.00000,7.00000,814.50128,9.30042,1082.17163,0.38534,0
210,68.58162,445.32154,181.57206,12,1,0,0.23948,1.00000,7.00000,814.50128,9.36090,1089.20886,0.39853,0
211,68.44104,484.92243,142.77724,12,1,0,0.24392,1.00000,7.00000,814.50128,9.30540,1082.75183,0.37741,0
212,68.58407,524.02689,182.03078,12,1,0,0.24455,1.00000,7.00000,814.50128,9.58583,1115.38098,0.41792,0
213,68.44350,563.62778,143.23596,12,1,0,0.24035,1.00000,7.00000,814.50128,9.25291,1076.64343,0.37574,0
214,68.58653,602.73224,182.48949,12,1,0,0.24129,1.00000,7.00000,814.50128,9.06933,1055.28320,0.39290,0
215,68.44596,642.33313,143.69467,12,1,0,0.24206,1.00000,7.00000,814.50128,9.00000,1047.21594,0.35635,0
216,68.58899,681.43760,182.94820,12,1,0,0.24966,1.00000,6.08276,707.77399,8.65139,1006.65314,0.35104,0
217,68.44842,721.03848,144.15339,12,1,0,0.25437,1.00000,5.74456,668.42194,8.16954,950.58551,0.32730,0
218,68.59145,760.14295,183.40692,8,0,0,0.00000,0.00000,0.00000,0.00000,0.00000,0.00000,0.03213,0
219,68.85292,51.29836,257.32685,8,0,0,0.31120,0.87222,3.74166,435.36926,4.09909,476.95932,0.24070,0
220,68.71235,90.89925,218.53203,12,1,0,0.24255,1.00000,7.00000,814.50128,8.62639,1003.74390,0.36307,0
221,68.85538,130.00371,257.78556,12,1,0,0.24914,1.00000,7.00000,814.50128,8.61233,1002.10748,0.37510,0
222,68.71481,169.60460,218.99074,12,1,0,0.24470,1.00000,7.00000,814.50128,8.72765,1015.52551,0.36442,0
223,68.85784,208.70906,258.24427,12,1,0,0.24966,1.00000,7.00000,814.50128,8.86369,1031.35498,0.38080,0
224,68.71727,248.30995,219.44945,12,1,0,0.24255,1.00000,7.07107,822.77051,9.00461,1047.75256,0.38227,0
225,68.86030,287.41441,258.70299,12,1,0,0.24522,1.00000,7.07107,822.77051,8.87347,1032.49268,0.38906,0
226,68.71973,327.01530,219.90817,12,1,0,0.24915,1.00000,7.00000,814.50128,9.13686,1063.14014,0.39546,0
227,68.86276,366.11977,259.16170,12,1,0,0.25137,1.00000,7.87401,916.19843,9.22112,1072.94434,0.40800,0
228,68.72219,405.72065,220.36688,12,1,0,0.24572,1.00000,7.00000,814.50128,9.19507,1069.91406,0.39206,0
229,68.86522,444.82512,259.62041,12,1,0,0.24473,1.00000,7.00000,814.50128,9.14755,1064.38440,0.40006,0
230,68.72465,484.42600,220.82560,12,1,0,0.24040,1.00000,7.00000,814.50128,9.09510,1058.28174,0.37837,0
231,68.86768,523.53047,260.07913,12,1,0,0.24370,1.00000,7.14143,830.95752,9.11474,1060.56665,0.39878,0
232,68.72710,563.13136,221.28431,12,1,0,0.24676,1.00000,8.00000,930.85858,9.09122,1057.82959,0.38854,0
233,68.87014,602.23582,260.53784,12,1,0,0.24302,1.00000,7.07107,822.77051,9.05029,1053.06763,0.38605,0
234,68.72956,641.83671,221.74302,12,1,0,0.25034,1.00000,7.00000,814.50128,8.77831,1021.42053,0.37677,0
235,68.87259,680.94117,260.99656,12,1,0,0.25174,1.00000,6.08276,707.77399,8.68920,1011.05231,0.36211,0
236,68.73202,720.54206,222.20174,12,1,0,0.24483,1.00000,7.00000,814.50128,8.31071,967.01196,0.34803,0
237,68.99595,90.40282,296.58038,12,1,0,0.24778,1.00000,7.00000,814.50128,8.58706,999.16785,0.36710,0
238,68.99841,169.10817,297.03909,12,1,0,0.25121,1.00000,7.00000,814.50128,8.86174,1031.12842,0.37690,0
239,69.00087,247.81353,297.49781,12,1,0,0.24454,1.00000,7.00000,814.50128,9.08036,1056.56616,0.39686,0
240,69.00333,326.51888,297.95652,12,1,0,0.24759,1.00000,7.00000,814.50128,9.05431,1053.53467,0.38291,0
241,69.00579,405.22423,298.41523,12,1,0,0.25262,1.00000,5.74456,668.42194,8.18172,952.00348,0.34950,0
242,69.00825,483.92958,298.87395,12,1,0,0.25243,1.00000,7.00000,814.50128,9.09076,1057.77625,0.40928,0
243,69.01071,562.63493,299.33266,12,1,0,0.24541,1.00000,7.00000,814.50128,9.19908,1070.38049,0.40582,0
244,69.01317,641.34028,299.79138,12,1,0,0.24829,1.00000,7.00000,814.50128,9.10813,1059.79797,0.40026,0
245,69.01562,720.04563,300.25009,12,1,0,0.25277,1.00000,7.00000,814.50128,8.64611,1006.03772,0.35968,0
246,68.87505,759.64652,261.45527,8,0,0,0.00000,0.00000,0.00000,0.00000,0.00000,0.00000,0.03027,0
247,69.13652,50.80193,335.37520,8,0,0,0.29486,0.84444,3.00000,349.07196,3.85459,448.50952,0.24493,0
248,69.27955,89.90640,374.62873,12,1,0,0.24419,1.00000,7.00000,814.50128,8.62521,1003.60577,0.36678,0
249,69.13898,129.50729,335.83391,12,1,0,0.24655,1.00000,7.00000,814.50128,8.33932,970.34106,0.36115,0
250,69.28201,168.61175,375.08744,12,1,0,0.24488,1.00000,7.00000,814.50128,9.00956,1048.32776,0.38330,0
251,69.14144,208.21264,336.29263,12,1,0,0.25103,1.00000,7.00000,814.50128,8.59342,999.90735,0.37786,0
252,69.28447,247.31710,375.54616,12,1,0,0.24502,1.00000,7.00000,814.50128,8.85256,1030.06042,0.38726,0
253,69.14390,286.91799,336.75134,12,1,0,0.25052,1.00000,6.08276,707.77399,8.87640,1032.83411,0.38176,0
254,69.28693,326.02245,376.00487,12,1,0,0.24760,1.00000,7.00000,814.50128,9.07444,1055.87720,0.38413,0
255,69.14636,365.62334,337.21005,12,1,0,0.24641,1.00000,7.00000,814.50128,9.10629,1059.58350,0.40890,0
256,69.28939,404.72780,376.46359,12,1,0,0.24472,1.00000,7.00000,814.50128,9.01322,1048.75378,0.39802,0
257,69.14882,444.32869,337.66877,12,1,0,0.24504,1.00000,7.07107,822.77051,9.06414,1054.67908,0.39130,0
258,69.29185,483.43315,376.92230,12,1,0,0.24502,1.00000,7.00000,814.50128,9.07733,1056.21387,0.41325,0
259,69.15128,523.03404,338.12748,12,1,0,0.25363,1.00000,7.00000,814.50128,9.02286,1049.87549,0.40122,0
260,69.29431,562.13850,377.38101,12,1,0,0.24339,1.00000,7.87401,916.19843,9.46270,1101.05420,0.41581,0
261,69.15374,601.73939,338.58619,12,1,0,0.24372,1.00000,7.00000,814.50128,9.36432,1089.60693,0.41158,0
262,69.29677,640.84386,377.83973,12,1,0,0.24523,1.00000,7.00000,814.50128,9.20517,1071.08862,0.40442,0
263,69.15620,680.44474,339.04491,12,1,0,0.25086,1.00000,7.00000,814.50128,8.67137,1008.97711,0.36499,0
264,69.29923,719.54921,378.29844,12,1,0,0.24470,1.00000,7.00000,814.50128,8.79191,1023.00269,0.37274,0
265,69.15865,759.15010,339.50362,8,0,0,0.00000,0.00000,0.00000,0.00000,0.00000,0.00000,0.03821,0
266,69.42013,50.30551,413.42355,8,0,0,0.29838,0.88669,4.00000,465.42929,4.33085,503.92624,0.23360,0
267,69.56316,89.40997,452.67708,12,1,0,0.24278,1.00000,7.00000,814.50128,8.41652,979.32373,0.35501,0
268,69.42258,129.01086,413.88226,12,1,0,0.24880,1.00000,7.00000,814.50128,8.51575,990.87042,0.35590,0
269,69.56561,168.11532,453.13580,12,1,0,0.24470,1.00000,7.00000,814.50128,8.65452,1007.01666,0.36301,0
270,69.42504,207.71621,414.34098,12,1,0,0.24419,1.00000,7.00000,814.50128,8.84588,1029.28345,0.37421,0
271,69.56807,246.82067,453.59451,12,1,0,0.24178,1.00000,6.40312,745.05042,8.73887,1016.83203,0.37082,0
272,69.42750,286.42156,414.79969,12,1,0,0.24152,1.00000,7.00000,814.50128,8.78500,1022.19861,0.37229,0
273,69.57053,325.52602,454.05322,12,1,0,0.24966,1.00000,7.00000,814.50128,8.79505,1023.36810,0.37850,0
274,69.42996,365.12691,415.25840,12,1,0,0.24674,1.00000,6.08276,707.77399,8.64869,1006.33844,0.37536,0
275,69.57299,404.23138,454.51194,12,1,0,0.24313,1.00000,6.08276,707.77399,8.72508,1015.22736,0.38253,0
276,69.43242,443.83226,415.71712,12,1,0,0.24304,1.00000,7.00000,814.50128,9.03206,1050.94678,0.39923,0
277,69.57545,482.93673,454.97065,12,1,0,0.24470,1.00000,7.00000,814.50128,8.97060,1043.79443,0.39341,0
278,69.43488,522.53762,416.17583,12,1,0,0.24286,1.00000,7.00000,814.50128,9.17105,1067.11890,0.39686,0
279,69.57791,561.64208,455.42937,12,1,0,0.24027,1.00000,7.00000,814.50128,9.10378,1059.29199,0.39840,0
280,69.43734,601.24297,416.63455,12,1,0,0.24100,1.00000,7.00000,814.50128,9.10779,1059.75854,0.38643,0
281,69.58037,640.34743,455.88808,12,1,0,0.24354,1.00000,7.00000,814.50128,8.84592,1029.28760,0.36742,0
282,69.43980,679.94832,417.09326,12,1,0,0.24555,1.00000,7.00000,814.50128,8.75133,1018.28168,0.35930,0
283,69.58283,719.05278,456.34679,12,1,0,0.24440,1.00000,7.00000,814.50128,9.00087,1047.31689,0.37491,0
284,69.44226,758.65367,417.55197,8,0,0,0.00000,0.00000,0.00000,0.00000,0.00000,0.00000,0.03322,0
285,69.70373,49.80908,491.47190,8,0,0,0.29812,0.84831,3.00000,349.07196,3.85415,448.45868,0.23040,0
286,69.84676,88.91354,530.72543,12,1,0,0.24914,1.00000,6.63325,771.82721,8.67287,1009.15167,0.36320,0
287,69.70619,128.51443,491.93062,12,1,0,0.24486,1.00000,6.08276,707.77399,8.38817,976.02478,0.35418,0
288,69.84922,167.61890,531.18415,12,1,0,0.24742,1.00000,7.00000,814.50128,8.86580,1031.60022,0.37062,0
289,69.70864,207.21978,492.38933,12,1,0,0.24536,1.00000,7.00000,814.50128,8.54439,994.20233,0.36954,0
290,69.85167,246.32425,531.64286,12,1,0,0.24706,1.00000,7.00000,814.50128,8.55268,995.16742,0.36525,0
291,69.71110,285.92514,492.84804,12,1,0,0.24983,1.00000,6.08276,707.77399,8.53160,992.71448,0.36640,0
292,69.85413,325.02960,532.10158,12,1,0,0.25225,1.00000,7.00000,814.50128,8.98086,1044.98865,0.37216,0
293,69.71356,364.63049,493.30676,12,1,0,0.24879,1.00000,7.00000,814.50128,8.84893,1029.63733,0.38662,0
294,69.85659,403.73495,532.56029,12,1,0,0.24407,1.00000,7.00000,814.50128,9.00719,1048.05298,0.37715,0
295,69.71602,443.33584,493.76547,12,1,0,0.24846,1.00000,7.00000,814.50128,8.82605,1026.97595,0.37792,0
296,69.85905,482.44030,533.01900,12,1,0,0.24608,1.00000,7.00000,814.50128,8.94215,1040.48425,0.37216,0
297,69.71848,522.04119,494.22418,12,1,0,0.24779,1.00000,7.00000,814.50128,8.90165,1035.77197,0.38131,0
298,69.86151,561.14565,533.47772,12,1,0,0.24387,1.00000,7.00000,814.50128,9.15523,1065.27844,0.39117,0
299,69.72094,600.74654,494.68290,12,1,0,0.24675,1.00000,7.00000,814.50128,9.04090,1051.97522,0.39270,0
300,69.86397,639.85100,533.93643,12,1,0,0.25485,1.00000,7.00000,814.50128,9.09439,1058.19873,0.38630,0
301,69.72340,679.45189,495.14161,12,1,0,0.24290,1.00000,7.00000,814.50128,8.85665,1030.53577,0.37120,0
302,69.86643,718.55635,534.39515,12,1,0,0.24138,1.00000,7.00000,814.50128,8.90470,1036.12671,0.37171,0
303,69.72586,758.15724,495.60033,8,0,0,0.00000,0.00000,0.00000,0.00000,0.00000,0.00000,0.04115,0
304,69.98733,49.31266,569.52025,8,0,0,0.28824,0.77159,3.00000,349.07196,2.93732,341.77917,0.23085,0
305,69.98979,128.01801,569.97897,12,1,0,0.26760,1.00000,6.00000,698.14392,7.61788,886.39569,0.33664,0
306,69.99225,206.72336,570.43768,12,1,0,0.25390,1.00000,5.74456,668.42194,7.93917,923.78009,0.35987,0
307,69.99471,285.42871,570.89640,12,1,0,0.25857,1.00000,6.00000,698.14392,7.99060,929.76453,0.33158,0
308,69.99716,364.13406,571.35511,12,1,0,0.25295,1.00000,7.00000,814.50128,8.48617,987.42847,0.36422,0
309,69.99962,442.83941,571.81382,12,1,0,0.25448,1.00000,7.00000,814.50128,8.98056,1044.95422,0.37632,0
310,70.00208,521.54476,572.27254,12,1,0,0.25158,1.00000,6.00000,698.14392,8.24430,959.28424,0.35341,0
311,70.00454,600.25011,572.73125,12,1,0,0.24290,1.00000,7.34847,855.04822,9.28154,1079.97571,0.38464,0
312,70.00700,678.95547,573.18996,12,1,0,0.25052,1.00000,7.00000,814.50128,8.98605,1045.59229,0.36570,0
313,70.00946,757.66082,573.64868,8,0,0,0.00000,0.00000,0.00000,0.00000,0.00000,0.00000,0.03603,0
314,70.27093,48.81623,647.56861,8,0,0,0.31079,0.95506,4.00000,465.42929,5.11458,595.11926,0.23565,0
315,70.13036,88.41712,608.77379,12,1,0,0.24435,1.00000,7.00000,814.50128,8.41979,979.70367,0.33459,0
316,70.27339,127.52158,648.02732,12,1,0,0.24486,1.00000,6.00000,698.14392,8.39927,977.31714,0.33850,0
317,70.13282,167.12247,609.23250,12,1,0,0.25417,1.00000,6.00000,698.14392,8.36603,973.44940,0.34208,0
318,70.27585,206.22693,648.48603,12,1,0,0.24365,1.00000,7.00000,814.50128,8.59096,999.62097,0.34605,0
319,70.13528,245.82782,609.69121,12,1,0,0.25000,1.00000,7.00000,814.50128,8.34227,970.68408,0.34163,0
320,70.27831,284.93228,648.94475,12,1,0,0.25189,1.00000,7.00000,814.50128,8.93947,1040.17236,0.36026,0
321,70.13774,324.53317,610.14993,12,1,0,0.24519,1.00000,7.00000,814.50128,8.82214,1026.52026,0.36806,0
322,70.28077,363.63764,649.40346,12,1,0,0.24369,1.00000,7.00000,814.50128,9.13644,1063.09216,0.38246,0
323,70.14019,403.23852,610.60864,12,1,0,0.24422,1.00000,7.00000,814.50128,8.95448,1041.91943,0.36998,0
324,70.28322,442.34299,649.86217,12,1,0,0.24524,1.00000,7.00000,814.50128,9.38130,1091.58252,0.38093,0
325,70.14265,481.94387,611.06736,12,1,0,0.25312,1.00000,7.00000,814.50128,9.10450,1059.37537,0.37408,0
326,70.28568,521.04834,650.32089,12,1,0,0.24390,1.00000,7.00000,814.50128,9.41769,1095.81677,0.38784,0
327,70.14511,560.64923,611.52607,12,1,0,0.24187,1.00000,7.00000,814.50128,9.12366,1061.60510,0.37235,0
328,70.28814,599.75369,650.77960,12,1,0,0.25035,1.00000,6.40312,745.05042,8.76076,1019.37817,0.34266,0
329,70.14757,639.35458,611.98478,12,1,0,0.24779,1.00000,7.00000,814.50128,9.06410,1054.67480,0.36947,0
330,70.29060,678.45904,651.23832,12,1,0,0.24189,1.00000,7.00000,814.50128,8.84528,1029.21326,0.35392,0
331,70.15003,718.05993,612.44350,12,1,0,0.24641,1.00000,7.00000,814.50128,8.73169,1015.99567,0.36051,0
332,70.29306,757.16439,651.69703,8,0,0,0.00000,0.00000,0.00000,0.00000,0.00000,0.00000,0.03686,0
333,70.55453,48.31980,725.61696,8,0,0,0.28853,0.90704,3.74166,435.36926,4.74334,551.92224,0.22374,0
334,70.41396,87.92069,686.82214,12,1,0,0.25262,1.00000,6.92820,806.14716,8.06131,937.99200,0.33165,0
335,70.55699,127.02516,726.07567,12,1,0,0.24878,1.00000,6.00000,698.14392,8.63594,1004.85492,0.33702,0
336,70.41642,166.62604,687.28085,12,1,0,0.25706,1.00000,6.00000,698.14392,7.60732,885.16730,0.29062,0
337,70.55945,205.73051,726.53439,12,1,0,0.24443,1.00000,6.00000,698.14392,8.73229,1016.06549,0.34592,0
338,70.41888,245.33140,687.73957,12,1,0,0.24688,1.00000,7.00000,814.50128,8.39296,976.58185,0.33344,0
339,70.56191,284.43586,726.99310,12,1,0,0.24661,1.00000,6.08276,707.77399,8.99847,1047.03821,0.36000,0
340,70.42134,324.03675,688.19828,12,1,0,0.24674,1.00000,6.00000,698.14392,8.64473,1005.87769,0.34048,0
341,70.56437,363.14121,727.45181,12,1,0,0.24505,1.00000,7.00000,814.50128,9.01239,1048.65759,0.36480,0
342,70.42380,402.74210,688.65699,12,1,0,0.24168,1.00000,7.00000,814.50128,8.93235,1039.34436,0.35008,0
343,70.56683,441.84656,727.91053,12,1,0,0.24171,1.00000,7.00000,814.50128,9.12538,1061.80530,0.36512,0
344,70.42625,481.44745,689.11571,12,1,0,0.25626,1.00000,5.19615,604.61035,8.01019,932.04413,0.33050,0
345,70.56928,520.55191,728.36924,12,1,0,0.23986,1.00000,6.40312,745.05042,8.76205,1019.52844,0.34688,0
346,70.42871,560.15280,689.57442,12,1,0,0.24257,1.00000,7.00000,814.50128,9.17656,1067.76025,0.36224,0
347,70.57174,599.25726,728.82795,12,1,0,0.24005,1.00000,7.00000,814.50128,9.12601,1061.87769,0.35782,0
348,70.43117,638.85815,690.03314,12,1,0,0.25818,1.00000,5.00000,581.78662,8.14039,947.19403,0.33837,0
349,70.57420,677.96261,729.28667,12,1,0,0.24154,1.00000,7.00000,814.50128,8.90930,1036.66174,0.34816,0
350,70.43363,717.56350,690.49185,12,1,0,0.24300,1.00000,7.00000,814.50128,8.70491,1012.87952,0.34605,0
351,70.57666,756.66797,729.74538,8,0,0,0.00000,0.00000,0.00000,0.00000,0.00000,0.00000,0.03411,0
352,70.69756,87.42427,764.87049,8,0,0,0.27292,0.71508,1.41421,164.55411,0.00000,0.00000,0.15987,0
353,70.70002,166.12962,765.32920,8,0,0,0.24870,0.66574,2.00000,232.71465,2.01533,234.49879,0.20435,0
354,70.70248,244.83497,765.78792,8,0,0,0.24597,0.63260,2.00000,232.71465,0.00000,0.00000,0.19494,0
355,70.70494,323.54032,766.24663,8,0,0,0.25705,0.68908,2.00000,232.71465,0.00000,0.00000,0.19251,0
356,70.70740,402.24567,766.70535,8,0,0,0.27144,0.74930,3.00000,349.07196,2.72988,317.64130,0.21018,0
357,70.70986,480.95102,767.16406,8,0,0,0.26793,0.73497,2.00000,232.71465,2.11667,246.28966,0.20064,0
358,70.71231,559.65637,767.62277,8,0,0,0.28020,0.79050,3.00000,349.07196,3.16343,368.08856,0.20134,0
359,70.71477,638.36173,768.08149,8,0,0,0.28830,0.84401,3.00000,349.07196,3.78564,440.48676,0.21472,0
360,70.71723,717.06708,768.54020,8,0,0,0.29069,0.86313,3.16228,367.95416,3.88622,452.19067,0.20141,0
361,107.35228,52.58751,62.12331,5,0,0,0.31522,0.64624,2.23607,260.18289,2.83825,330.25082,0.09581,0
362,107.35474,131.29286,62.58203,8,0,0,0.28234,0.83754,3.00000,349.07196,3.56907,415.28754,0.20333,0
363,107.35720,209.99821,63.04074,8,0,0,0.26543,0.75487,2.00000,232.71465,2.47087,287.50427,0.19942,0
364,107.35966,288.70356,63.49946,8,0,0,0.27893,0.79661,3.00000,349.07196,3.29070,382.89676,0.19398,0
365,107.36212,367.40891,63.95817,8,0,0,0.26734,0.73889,2.00000,232.71465,2.35588,274.12418,0.19046,0
366,107.36458,446.11426,64.41688,8,0,0,0.27638,0.76602,2.82843,329.10822,2.74254,319.11411,0.18688,0
367,107.36703,524.81962,64.87560,8,0,0,0.27455,0.80000,2.44949,285.01608,3.15782,367.43564,0.20858,0
368,107.36949,603.52497,65.33431,8,0,0,0.26351,0.77871,3.00000,349.07196,2.97536,346.20450,0.20832,0
369,107.37195,682.23032,65.79302,8,0,0,0.28817,0.84831,3.00000,349.07196,3.84760,447.69647,0.20570,0
370,107.37441,760.93567,66.25174,5,0,0,0.00000,0.00000,0.00000,0.00000,0.00000,0.00000,0.00000,0
371,107.49531,91.69197,101.37685,12,1,0,0.25342,1.00000,5.74456,668.42194,7.70262,896.25568,0.29382,0
372,107.49777,170.39732,101.83556,12,1,0,0.24180,1.00000,7.00000,814.50128,8.54482,994.25281,0.31411,0
373,107.50023,249.10267,102.29427,12,1,0,0.23984,1.00000,7.00000,814.50128,8.71565,1014.12964,0.31520,0
374,107.50269,327.80802,102.75299,12,1,0,0.24082,1.00000,7.00000,814.50128,8.60671,1001.45380,0.31744,0
375,107.50515,406.51338,103.21170,12,1,0,0.24640,1.00000,6.00000,698.14392,8.56520,996.62347,0.31283,0
376,107.50761,485.21873,103.67042,12,1,0,0.24502,1.00000,7.00000,814.50128,8.62852,1003.99115,0.31686,0
377,107.51006,563.92408,104.12913,12,1,0,0.24438,1.00000,7.00000,814.50128,8.87642,1032.83618,0.33210,0
378,107.51252,642.62943,104.58784,12,1,0,0.23793,1.00000,7.00000,814.50128,8.77305,1020.80908,0.31859,0
379,107.51498,721.33478,105.04656,12,1,0,0.25000,1.00000,7.00000,814.50128,8.26126,961.25775,0.31245,0
380,107.63588,52.09108,140.17167,8,0,0,0.30271,0.85989,4.00000,465.42929,4.04724,470.92581,0.21075,0
381,107.77891,91.19555,179.42520,12,1,0,0.25053,1.00000,6.00000,698.14392,7.78713,906.08948,0.29984,0
382,107.63834,130.79643,140.63038,12,1,0,0.24400,1.00000,6.32456,735.90833,8.10639,943.23840,0.30189,0
383,107.78137,169.90090,179.88391,12,1,0,0.25208,1.00000,7.00000,814.50128,8.15526,948.92401,0.30829,0
384,107.64080,209.50179,141.08909,12,1,0,0.24609,1.00000,7.00000,814.50128,8.28232,963.70917,0.31450,0
385,107.78383,248.60625,180.34263,12,1,0,0.24554,1.00000,6.16441,717.27472,8.31362,967.35095,0.31334,0
386,107.64326,288.20714,141.54781,12,1,0,0.24183,1.00000,7.00000,814.50128,8.41015,978.58295,0.32346,0
387,107.78629,327.31160,180.80134,12,1,0,0.24761,1.00000,7.00000,814.50128,8.38981,976.21558,0.31264,0
388,107.64572,366.91249,142.00652,12,1,0,0.24624,1.00000,7.00000,814.50128,8.36715,973.57898,0.31552,0
389,107.78875,406.01695,181.26005,12,1,0,0.24915,1.00000,7.00000,814.50128,8.46373,984.81653,0.31277,0
390,107.64818,445.61784,142.46523,12,1,0,0.23997,1.00000,7.00000,814.50128,8.63562,1004.81818,0.30893,0
391,107.79121,484.72230,181.71877,12,1,0,0.24710,1.00000,7.00000,814.50128,8.50943,990.13440,0.32301,0
392,107.65064,524.32319,142.92395,12,1,0,0.24472,1.00000,7.00000,814.50128,8.61876,1002.85553,0.32397,0
393,107.79367,563.42765,182.17748,12,1,0,0.24319,1.00000,7.00000,814.50128,8.62706,1003.82190,0.32710,0
394,107.65309,603.02854,143.38266,12,1,0,0.24390,1.00000,7.00000,814.50128,8.64945,1006.42731,0.33120,0
395,107.79612,642.13300,182.63620,12,1,0,0.24374,1.00000,7.00000,814.50128,8.60109,1000.80029,0.34042,0
396,107.65555,681.73389,143.84138,12,1,0,0.24862,1.00000,6.63325,771.82721,8.37424,974.40369,0.32902,0
397,107.79858,720.83835,183.09491,12,1,0,0.25668,1.00000,6.00000,698.14392,8.05016,936.69556,0.31053,0
398,107.65801,760.43924,144.30009,8,0,0,0.00000,0.00000,0.00000,0.00000,0.00000,0.00000,0.03014,0
399,107.91948,51.59466,218.22002,8,0,0,0.29124,0.78788,3.00000,349.07196,3.36279,391.28561,0.20768,0
400,108.06251,90.69912,257.47355,12,1,0,0.25739,1.00000,6.00000,698.14392,7.56555,880.30670,0.30566,0
401,107.92194,130.30001,218.67873,12,1,0,0.25159,1.00000,6.08276,707.77399,7.74548,901.24377,0.30816,0
402,108.06497,169.40447,257.93226,12,1,0,0.27426,0.99446,4.24264,493.66229,6.73516,783.68475,0.27590,0
403,107.92440,209.00536,219.13745,12,1,0,0.28189,0.98082,4.35890,507.18982,6.45482,751.06512,0.27194,0
404,108.06743,248.10982,258.39098,12,1,0,0.24897,1.00000,6.08276,707.77399,8.18445,952.32104,0.30534,0
405,107.92686,287.71071,219.59616,12,1,0,0.25070,1.00000,6.00000,698.14392,7.89858,919.05707,0.31085,0
406,108.06989,326.81517,258.84969,12,1,0,0.25754,1.00000,6.40312,745.05042,8.09139,941.49268,0.30675,0
407,107.92932,366.41606,220.05487,12,1,0,0.24948,1.00000,7.00000,814.50128,8.19942,954.06268,0.31744,0
408,108.07235,405.52052,259.30841,12,1,0,0.26170,1.00000,5.09902,593.30829,7.42124,863.51593,0.28307,0
409,107.93178,445.12141,220.51359,12,1,0,0.25369,1.00000,5.74456,668.42194,8.05146,936.84680,0.31232,0
410,108.07481,484.22588,259.76712,12,1,0,0.25952,1.00000,6.63325,771.82721,7.94320,924.25006,0.31552,0
411,107.93424,523.82676,220.97230,12,1,0,0.25349,1.00000,6.08276,707.77399,8.28802,964.37140,0.31699,0
412,108.07727,562.93123,260.22583,12,1,0,0.25295,1.00000,6.92820,806.14716,8.22931,957.54059,0.32538,0
413,107.93670,602.53212,221.43101,12,1,0,0.25034,1.00000,7.00000,814.50128,8.32937,969.18335,0.32128,0
414,108.07973,641.63658,260.68455,12,1,0,0.24758,1.00000,6.63325,771.82721,8.34496,970.99664,0.34240,0
415,107.93915,681.23747,221.88973,12,1,0,0.25207,1.00000,6.63325,771.82721,8.33348,969.66162,0.32269,0
416,108.08219,720.34193,261.14326,12,1,0,0.25296,1.00000,6.08276,707.77399,8.15049,948.36963,0.32243,0
417,107.94161,759.94282,222.34844,8,0,0,0.00000,0.00000,0.00000,0.00000,0.00000,0.00000,0.02963,0
418,108.20308,51.09823,296.26837,8,0,0,0.30093,0.79945,3.31662,385.91360,3.51571,409.07861,0.20691,0
419,108.34612,90.20269,335.52190,12,1,0,0.25520,1.00000,5.74456,668.42194,7.61369,885.90894,0.30112,0
420,108.20554,129.80358,296.72708,12,1,0,0.25598,1.00000,6.00000,698.14392,7.96265,926.51208,0.30771,0
421,108.34857,168.90804,335.98062,12,1,0,0.24948,1.00000,6.00000,698.14392,8.00809,931.80035,0.30547,0
422,108.20800,208.50893,297.18580,12,1,0,0.24965,1.00000,6.08276,707.77399,7.84772,913.13989,0.30970,0
423,108.35103,247.61340,336.43933,12,1,0,0.24670,1.00000,6.70820,780.54865,8.11772,944.55603,0.30400,0
424,108.21046,287.21428,297.64451,12,1,0,0.24809,1.00000,7.00000,814.50128,8.02204,933.42291,0.29638,0
425,108.35349,326.31875,336.89804,12,1,0,0.25141,1.00000,6.08276,707.77399,7.88635,917.63434,0.31027,0
426,108.21292,365.91964,298.10322,12,1,0,0.25728,1.00000,6.00000,698.14392,7.99063,929.76868,0.30701,0
427,108.35595,405.02410,337.35676,12,1,0,0.25209,1.00000,6.00000,698.14392,7.88676,917.68188,0.30221,0
428,108.21538,444.62499,298.56194,12,1,0,0.25159,1.00000,6.00000,698.14392,7.93274,923.03265,0.31296,0
429,108.35841,483.72945,337.81547,12,1,0,0.24793,1.00000,6.63325,771.82721,8.01386,932.47095,0.31296,0
430,108.21784,523.33034,299.02065,12,1,0,0.25401,1.00000,6.08276,707.77399,8.10548,943.13251,0.31008,0
431,108.36087,562.43480,338.27419,12,1,0,0.24619,1.00000,7.00000,814.50128,8.00233,931.13000,0.31904,0
432,108.22030,602.03569,299.47937,12,1,0,0.24493,1.00000,6.63325,771.82721,8.50360,989.45581,0.33178,0
433,108.36333,641.14015,338.73290,12,1,0,0.24605,1.00000,7.00000,814.50128,8.34813,971.36572,0.33414,0
434,108.22276,680.74104,299.93808,12,1,0,0.25207,1.00000,7.00000,814.50128,8.21784,956.20587,0.32230,0
435,108.36579,719.84550,339.19161,12,1,0,0.25017,1.00000,6.32456,735.90833,8.02964,934.30731,0.31565,0
436,108.22522,759.44639,300.39679,8,0,0,0.00000,0.00000,0.00000,0.00000,0.00000,0.00000,0.03558,0
437,108.48669,50.60180,374.31672,8,0,0,0.28903,0.77841,3.00000,349.07196,3.16071,367.77228,0.20448,0
438,108.48915,129.30716,374.77544,12,1,0,0.24930,1.00000,6.00000,698.14392,7.86450,915.09192,0.30336,0
439,108.49160,208.01251,375.23415,12,1,0,0.25696,1.00000,6.00000,698.14392,7.54807,878.27368,0.29594,0
440,108.49406,286.71786,375.69286,12,1,0,0.25372,1.00000,6.00000,698.14392,7.75861,902.77136,0.29517,0
441,108.49652,365.42321,376.15158,12,1,0,0.25448,1.00000,5.74456,668.42194,7.70446,896.47040,0.30694,0
442,108.49898,444.12856,376.61029,12,1,0,0.25192,1.00000,6.00000,698.14392,7.88668,917.67261,0.30067,0
443,108.50144,522.83391,377.06900,12,1,0,0.24741,1.00000,6.08276,707.77399,8.26010,961.12262,0.31731,0
444,108.50390,601.53926,377.52772,12,1,0,0.24896,1.00000,7.00000,814.50128,8.43896,981.93500,0.33875,0
445,108.50636,680.24461,377.98643,12,1,0,0.24812,1.00000,7.00000,814.50128,8.18840,952.77979,0.31334,0
446,108.50882,758.94997,378.44515,8,0,0,0.00000,0.00000,0.00000,0.00000,0.00000,0.00000,0.03059,0
447,108.77029,50.10538,452.36507,8,0,0,0.31426,0.86944,4.12311,479.75351,4.18671,487.15390,0.19520,0
448,108.62972,89.70627,413.57025,12,1,0,0.25413,1.00000,6.00000,698.14392,7.65347,890.53723,0.29382,0
449,108.77275,128.81073,452.82379,12,1,0,0.25793,1.00000,6.00000,698.14392,7.85018,913.42603,0.28717,0
450,108.63218,168.41162,414.02897,12,1,0,0.25157,1.00000,6.00000,698.14392,8.04620,936.23468,0.29344,0
451,108.77521,207.51608,453.28250,12,1,0,0.26840,0.98592,4.35890,507.18982,6.71863,781.76215,0.28819,0
452,108.63463,247.11697,414.48768,12,1,0,0.25388,1.00000,6.00000,698.14392,7.75657,902.53363,0.29760,0
453,108.77766,286.22143,453.74122,12,1,0,0.25225,1.00000,6.40312,745.05042,8.29814,965.54944,0.30950,0
454,108.63709,325.82232,414.94640,12,1,0,0.25527,1.00000,6.00000,698.14392,7.92213,921.79736,0.30605,0
455,108.78012,364.92678,454.19993,12,1,0,0.26118,1.00000,6.00000,698.14392,8.00817,931.80865,0.31136,0
456,108.63955,404.52767,415.40511,12,1,0,0.24478,1.00000,7.00000,814.50128,8.06792,938.76154,0.30810,0
457,108.78258,443.63213,454.65864,12,1,0,0.25301,1.00000,6.08276,707.77399,7.86656,915.33191,0.31142,0
458,108.64201,483.23302,415.86382,12,1,0,0.24930,1.00000,7.00000,814.50128,7.97148,927.53986,0.30931,0
459,108.78504,522.33749,455.11736,12,1,0,0.24659,1.00000,7.00000,814.50128,8.42751,980.60254,0.32646,0
460,108.64447,561.93837,416.32254,12,1,0,0.25264,1.00000,6.16441,717.27472,7.88414,917.37720,0.31418,0
461,108.78750,601.04284,455.57607,12,1,0,0.24658,1.00000,6.16441,717.27472,8.31129,967.07953,0.33696,0
462,108.64693,640.64373,416.78125,12,1,0,0.24983,1.00000,7.00000,814.50128,8.07603,939.70551,0.32186,0
463,108.78996,679.74819,456.03478,12,1,0,0.27715,1.00000,5.00000,581.78662,7.03549,818.63092,0.28960,0
464,108.64939,719.34908,417.23997,12,1,0,0.25122,1.00000,6.16441,717.27472,8.00942,931.95514,0.30381,0
465,108.79242,758.45354,456.49350,8,0,0,0.00000,0.00000,0.00000,0.00000,0.00000,0.00000,0.03283,0
466,109.05389,49.60895,530.41343,8,0,0,0.30792,0.85278,3.16228,367.95416,3.99155,464.44629,0.20659,0
467,108.91332,89.20984,491.61861,12,1,0,0.25710,1.00000,6.00000,698.14392,7.70722,896.79205,0.29171,0
468,109.05635,128.31430,530.87214,12,1,0,0.25542,1.00000,6.00000,698.14392,8.01065,932.09766,0.29882,0
469,108.91578,167.91519,492.07732,12,1,0,0.26071,1.00000,6.08276,707.77399,7.73927,900.52081,0.27648,0
470,109.05881,207.01966,531.33085,12,1,0,0.25316,1.00000,6.08276,707.77399,8.08957,941.28015,0.31315,0
471,108.91824,246.62054,492.53603,12,1,0,0.25440,1.00000,6.40312,745.05042,7.93081,922.80817,0.30285,0
472,109.06127,285.72501,531.78957,12,1,0,0.25829,1.00000,6.00000,698.14392,7.85863,914.40930,0.30387,0
473,108.92069,325.32589,492.99475,12,1,0,0.25674,1.00000,6.08276,707.77399,7.81946,909.85156,0.29850,0
474,109.06372,364.43036,532.24828,12,1,0,0.25052,1.00000,6.32456,735.90833,8.02920,934.25592,0.30797,0
475,108.92315,404.03125,493.45346,12,1,0,0.24620,1.00000,6.40312,745.05042,8.15168,948.50812,0.31277,0
476,109.06618,443.13571,532.70699,12,1,0,0.25363,1.00000,7.00000,814.50128,8.13777,946.88934,0.31878,0
477,108.92561,482.73660,493.91218,12,1,0,0.25437,1.00000,6.32456,735.90833,8.12296,945.16602,0.31386,0
478,109.06864,521.84106,533.16571,12,1,0,0.25538,1.00000,7.00000,814.50128,8.50720,989.87524,0.32307,0
479,108.92807,561.44195,494.37089,12,1,0,0.24642,1.00000,7.00000,814.50128,8.29603,965.30328,0.33357,0
480,109.07110,600.54641,533.62442,12,1,0,0.25000,1.00000,6.40312,745.05042,8.35437,972.09192,0.32768,0
481,108.93053,640.14730,494.82960,12,1,0,0.25380,1.00000,7.00000,814.50128,8.40750,978.27435,0.33216,0
482,109.07356,679.25176,534.08314,12,1,0,0.25226,1.00000,7.00000,814.50128,8.28092,963.54602,0.31930,0
483,108.93299,718.85265,495.28832,12,1,0,0.25260,1.00000,6.08276,707.77399,8.07414,939.48480,0.31558,0
484,109.07602,757.95711,534.54185,8,0,0,0.00000,0.00000,0.00000,0.00000,0.00000,0.00000,0.03418,0
485,109.33749,49.11253,608.46178,8,0,0,0.30370,0.84916,3.00000,349.07196,4.05353,471.65802,0.19962,0
486,109.19692,88.71342,569.66696,12,1,0,0.25388,1.00000,6.08276,707.77399,7.98553,929.17517,0.29856,0
487,109.33995,127.81788,608.92049,12,1,0,0.26672,1.00000,5.09902,593.30829,7.33201,853.13306,0.29971,0
488,109.19938,167.41877,570.12567,12,1,0,0.24913,1.00000,6.00000,698.14392,8.03230,934.61725,0.30426,0
489,109.34241,206.52323,609.37921,12,1,0,0.25506,1.00000,6.00000,698.14392,7.58756,882.86859,0.31424,0
490,109.20184,246.12412,570.58439,12,1,0,0.24723,1.00000,6.00000,698.14392,8.10587,943.17761,0.31443,0
491,109.34487,285.22858,609.83792,12,1,0,0.25958,1.00000,6.00000,698.14392,7.54321,877.70801,0.30227,0
492,109.20430,324.82947,571.04310,12,1,0,0.25775,1.00000,6.00000,698.14392,8.08617,940.88477,0.31091,0
493,109.34733,363.93393,610.29663,12,1,0,0.25478,1.00000,6.08276,707.77399,7.77228,904.36176,0.30758,0
494,109.20676,403.53482,571.50181,12,1,0,0.24895,1.00000,6.92820,806.14716,7.96908,927.26050,0.30426,0
495,109.34979,442.63928,610.75535,12,1,0,0.25017,1.00000,6.08276,707.77399,8.19165,953.15826,0.31610,0
496,109.20921,482.24017,571.96053,12,1,0,0.25206,1.00000,7.00000,814.50128,8.28969,964.56647,0.31661,0
497,109.35224,521.34463,611.21406,12,1,0,0.25264,1.00000,6.08276,707.77399,8.08746,941.03503,0.29568,0
498,109.21167,560.94552,572.41924,12,1,0,0.24658,1.00000,7.00000,814.50128,8.40839,978.37720,0.32461,0
499,109.35470,600.04999,611.67277,12,1,0,0.24405,1.00000,6.16441,717.27472,8.66547,1008.29089,0.33011,0
500,109.21413,639.65087,572.87796,12,1,0,0.24743,1.00000,7.00000,814.50128,8.47837,986.52020,0.33722,0
501,109.35716,678.75534,612.13149,12,1,0,0.24522,1.00000,6.16441,717.27472,8.39676,977.02429,0.31930,0
502,109.21659,718.35622,573.33667,12,1,0,0.24472,1.00000,7.00000,814.50128,8.41400,979.03033,0.31584,0
503,109.35962,757.46069,612.59020,8,0,0,0.00000,0.00000,0.00000,0.00000,0.00000,0.00000,0.03174,0
504,109.62109,48.61610,686.51013,8,0,0,0.30668,0.93143,4.00000,465.42929,4.69123,545.85919,0.20979,0
505,109.48052,88.21699,647.71531,12,1,0,0.25106,1.00000,6.00000,698.14392,7.80920,908.65704,0.29126,0
506,109.62355,127.32145,686.96884,12,1,0,0.24965,1.00000,6.00000,698.14392,8.07829,939.96875,0.29862,0
507,109.48298,166.92234,648.17402,12,1,0,0.25443,1.00000,6.00000,698.14392,7.82520,910.51965,0.29549,0
508,109.48544,245.62769,648.63274,12,1,0,0.24356,1.00000,6.08276,707.77399,8.20450,954.65326,0.30368,0
509,109.48790,324.33304,649.09145,12,1,0,0.24794,1.00000,6.00000,698.14392,8.45222,983.47723,0.31277,0
510,109.49036,403.03839,649.55017,12,1,0,0.25034,1.00000,7.00000,814.50128,8.33098,969.37024,0.30528,0
511,109.49282,481.74375,650.00888,12,1,0,0.24459,1.00000,7.00000,814.50128,8.63475,1004.71600,0.32218,0
512,109.49527,560.44910,650.46759,12,1,0,0.24540,1.00000,7.00000,814.50128,8.51295,990.54364,0.30733,0
513,109.49773,639.15445,650.92631,12,1,0,0.24573,1.00000,7.00000,814.50128,8.55967,995.97980,0.32570,0
514,109.50019,717.85980,651.38502,12,1,0,0.24622,1.00000,6.55744,763.00598,8.21305,955.64838,0.31507,0
515,109.76412,87.72056,725.76366,12,1,0,0.27342,0.99171,5.00000,581.78662,6.92885,806.22247,0.27597,0
516,109.76658,166.42591,726.22238,12,1,0,0.24774,1.00000,6.00000,698.14392,8.17947,951.74091,0.29754,0
517,109.62601,206.02680,687.42756,12,1,0,0.25512,1.00000,6.00000,698.14392,7.91146,920.55615,0.30400,0
518,109.76904,245.13127,726.68109,12,1,0,0.25437,1.00000,6.00000,698.14392,8.38303,975.42682,0.30221,0
519,109.62847,284.73215,687.88627,12,1,0,0.25017,1.00000,7.00000,814.50128,8.14361,947.56921,0.30138,0
520,109.77150,323.83662,727.13980,12,1,0,0.25505,1.00000,6.00000,698.14392,8.30507,966.35602,0.30298,0
521,109.63093,363.43751,688.34498,12,1,0,0.24860,1.00000,6.00000,698.14392,8.12164,945.01233,0.30355,0
522,109.77396,402.54197,727.59852,12,1,0,0.24534,1.00000,7.00000,814.50128,8.33752,970.13190,0.28768,0
523,109.63339,442.14286,688.80370,12,1,0,0.25035,1.00000,6.00000,698.14392,8.27226,962.53857,0.31110,0
524,109.77642,481.24732,728.05723,12,1,0,0.25155,1.00000,6.08276,707.77399,8.42885,980.75842,0.31008,0
525,109.63585,520.84821,689.26241,12,1,0,0.24521,1.00000,7.00000,814.50128,8.49105,987.99579,0.31040,0
526,109.77888,559.95267,728.51595,12,1,0,0.24829,1.00000,7.00000,814.50128,8.55475,995.40833,0.31571,0
527,109.63830,599.55356,689.72113,12,1,0,0.24234,1.00000,6.08276,707.77399,8.69178,1011.35284,0.32122,0
528,109.78133,638.65802,728.97466,12,1,0,0.24693,1.00000,7.00000,814.50128,8.66519,1008.25818,0.32134,0
529,109.64076,678.25891,690.17984,12,1,0,0.24387,1.00000,7.00000,814.50128,8.49482,988.43481,0.32166,0
530,109.78379,717.36337,729.43337,12,1,0,0.24587,1.00000,6.16441,717.27472,8.35216,971.83472,0.32442,0
531,109.64322,756.96426,690.63855,8,0,0,0.00000,0.00000,0.00000,0.00000,0.00000,0.00000,0.03091,0
532,109.90469,48.11967,764.55848,5,0,0,0.28796,0.61453,2.00000,232.71465,2.07812,241.80505,0.11622,0
533,109.90715,126.82503,765.01720,8,0,0,0.26716,0.69697,2.00000,232.71465,2.39545,278.72870,0.18202,0
534,109.90961,205.53038,765.47591,8,0,0,0.25080,0.64835,2.00000,232.71465,0.00000,0.00000,0.18918,0
535,109.91207,284.23573,765.93462,8,0,0,0.26078,0.68132,2.23607,260.18289,2.04259,237.67059,0.18266,0
536,109.91453,362.94108,766.39334,8,0,0,0.25922,0.66205,2.00000,232.71465,0.00000,0.00000,0.18189,0
537,109.91699,441.64643,766.85205,8,0,0,0.27830,0.74033,2.82843,329.10822,2.60845,303.51233,0.17894,0
538,109.91945,520.35178,767.31076,8,0,0,0.25285,0.67967,2.00000,232.71465,2.04138,237.52942,0.18726,0
539,109.92191,599.05713,767.76948,8,0,0,0.27902,0.78571,3.00000,349.07196,2.71603,316.02982,0.19424,0
540,109.92436,677.76248,768.22819,8,0,0,0.28965,0.82880,3.00000,349.07196,3.66701,426.68350,0.20186,0
541,109.92682,756.46784,768.68691,5,0,0,0.00000,0.00000,0.00000,0.00000,0.00000,0.00000,0.02163,0
542,146.56187,91.98827,62.27002,8,0,0,0.28735,0.84123,3.16228,367.95416,3.48530,405.54022,0.18022,0
543,146.56433,170.69362,62.72873,8,0,0,0.30657,0.82353,3.00000,349.07196,3.75449,436.86249,0.15808,0
544,146.56679,249.39897,63.18745,8,0,0,0.26447,0.75071,2.00000,232.71465,2.68125,311.98309,0.17702,0
545,146.56925,328.10432,63.64616,8,0,0,0.27520,0.76045,2.23607,260.18289,2.62037,304.89929,0.18464,0
546,146.57171,406.80967,64.10487,8,0,0,0.27475,0.75978,2.00000,232.71465,2.71814,316.27518,0.18035,0
547,146.57417,485.51502,64.56359,8,0,0,0.25703,0.72113,2.00000,232.71465,0.00000,0.00000,0.17856,0
548,146.57663,564.22037,65.02230,8,0,0,0.27552,0.77008,2.00000,232.71465,2.60595,303.22162,0.18662,0
549,146.57908,642.92573,65.48102,8,0,0,0.28740,0.80220,3.00000,349.07196,3.29231,383.08411,0.18470,0
550,146.58154,721.63108,65.93973,8,0,0,0.29942,0.86427,3.00000,349.07196,4.02527,468.36996,0.18336,0
551,146.70244,52.38738,101.06484,8,0,0,0.31022,0.92458,4.00000,465.42929,4.61580,537.08246,0.20218,0
552,146.84547,91.49184,140.31837,12,1,0,0.26911,0.98599,4.12311,479.75351,6.64368,773.04108,0.25926,0
553,146.70490,131.09273,101.52355,12,1,0,0.24843,1.00000,6.00000,698.14392,7.95010,925.05219,0.28710,0
554,146.84793,170.19719,140.77708,12,1,0,0.25241,1.00000,6.08276,707.77399,8.08259,940.46863,0.29082,0
555,146.70736,209.79808,101.98227,12,1,0,0.24932,1.00000,7.00000,814.50128,8.59135,999.66608,0.31904,0
556,146.85039,248.90254,141.23580,12,1,0,0.25103,1.00000,7.00000,814.50128,8.40932,978.48615,0.30438,0
557,146.70982,288.50343,102.44098,12,1,0,0.24192,1.00000,7.00000,814.50128,8.61010,1001.84814,0.31008,0
558,146.85285,327.60790,141.69451,12,1,0,0.24539,1.00000,7.00000,814.50128,8.51936,991.28955,0.30701,0
559,146.71228,367.20878,102.89969,12,1,0,0.24829,1.00000,7.00000,814.50128,8.63193,1004.38855,0.30957,0
560,146.85531,406.31325,142.15323,12,1,0,0.24557,1.00000,7.00000,814.50128,8.41184,978.77948,0.29254,0
561,146.71474,445.91414,103.35841,12,1,0,0.24488,1.00000,7.00000,814.50128,8.62660,1003.76758,0.31302,0
562,146.85777,485.01860,142.61194,12,1,0,0.25155,1.00000,6.00000,698.14392,8.44212,982.30280,0.30221,0
563,146.71720,524.61949,103.81712,12,1,0,0.24370,1.00000,7.00000,814.50128,8.68518,1010.58405,0.32205,0
564,146.86023,563.72395,143.07065,12,1,0,0.25086,1.00000,7.00000,814.50128,8.49933,988.95935,0.30298,0
565,146.71966,603.32484,104.27583,12,1,0,0.24659,1.00000,6.08276,707.77399,8.80828,1024.90833,0.32275,0
566,146.86269,642.42930,143.52937,12,1,0,0.24470,1.00000,6.08276,707.77399,8.29958,965.71741,0.29178,0
567,146.72211,682.03019,104.73455,12,1,0,0.24829,1.00000,6.40312,745.05042,8.24191,959.00659,0.29267,0
568,146.86514,721.13465,143.98808,12,1,0,0.26087,1.00000,6.00000,698.14392,7.83578,911.75055,0.28595,0
569,146.72457,760.73554,105.19326,8,0,0,0.00000,0.00000,0.00000,0.00000,0.00000,0.00000,0.02515,0
570,146.98604,51.89095,179.11319,8,0,0,0.30553,0.83516,2.82843,329.10822,3.63035,422.41751,0.20154,0
571,146.98850,130.59630,179.57190,12,1,0,0.25087,1.00000,7.00000,814.50128,8.10669,943.27325,0.30189,0
572,146.99096,209.30166,180.03062,12,1,0,0.24776,1.00000,6.32456,735.90833,8.20475,954.68219,0.30810,0
573,146.99342,288.00701,180.48933,12,1,0,0.25520,1.00000,6.08276,707.77399,8.34150,970.59430,0.31091,0
574,146.99588,366.71236,180.94804,12,1,0,0.25069,1.00000,7.00000,814.50128,8.49516,988.47443,0.30266,0
575,146.99834,445.41771,181.40676,12,1,0,0.24880,1.00000,6.08276,707.77399,8.52911,992.42462,0.31482,0
576,147.00080,524.12306,181.86547,12,1,0,0.25139,1.00000,7.00000,814.50128,8.52297,991.70990,0.31565,0
577,147.00326,602.82841,182.32419,12,1,0,0.25069,1.00000,6.08276,707.77399,8.32083,968.18921,0.30694,0
578,147.00572,681.53376,182.78290,12,1,0,0.25122,1.00000,6.00000,698.14392,7.95897,926.08417,0.29709,0
579,147.00817,760.23911,183.24161,8,0,0,0.00000,0.00000,0.00000,0.00000,0.00000,0.00000,0.02771,0
580,147.26965,51.39453,257.16154,8,0,0,0.29346,0.79944,3.00000,349.07196,3.18700,370.83078,0.20672,0
581,147.12907,90.99542,218.36672,12,1,0,0.25684,1.00000,6.00000,698.14392,7.89691,918.86285,0.29958,0
582,147.27210,130.09988,257.62026,12,1,0,0.25552,1.00000,6.00000,698.14392,7.63439,888.31696,0.27661,0
583,147.13153,169.70077,218.82544,12,1,0,0.25820,1.00000,6.00000,698.14392,7.66065,891.37219,0.27584,0
584,147.27456,208.80523,258.07897,12,1,0,0.25688,1.00000,6.00000,698.14392,7.83516,911.67810,0.31027,0
585,147.13399,248.40612,219.28415,12,1,0,0.24422,1.00000,6.16441,717.27472,8.39865,977.24445,0.30362,0
586,147.27702,287.51058,258.53768,12,1,0,0.25018,1.00000,6.08276,707.77399,7.79202,906.65894,0.30362,0
587,147.13645,327.11147,219.74286,12,1,0,0.25311,1.00000,7.00000,814.50128,8.16001,949.47693,0.30240,0
588,147.27948,366.21593,258.99640,12,1,0,0.25493,1.00000,6.16441,717.27472,8.00814,931.80621,0.30867,0
589,147.13891,405.81682,220.20158,12,1,0,0.25628,1.00000,6.16441,717.27472,7.99200,929.92773,0.28710,0
590,147.28194,444.92128,259.45511,12,1,0,0.25052,1.00000,6.00000,698.14392,7.85472,913.95398,0.29798,0
591,147.14137,484.52217,220.66029,12,1,0,0.24689,1.00000,6.08276,707.77399,8.22228,956.72266,0.30771,0
592,147.28440,523.62663,259.91382,12,1,0,0.24965,1.00000,7.00000,814.50128,8.05320,937.04852,0.31130,0
593,147.14383,563.22752,221.11901,12,1,0,0.25450,1.00000,7.00000,814.50128,8.16553,950.11932,0.30490,0
594,147.28686,602.33199,260.37254,12,1,0,0.25211,1.00000,6.08276,707.77399,8.15100,948.42798,0.30618,0
595,147.14629,641.93287,221.57772,12,1,0,0.24931,1.00000,7.00000,814.50128,8.17409,951.11572,0.29766,0
596,147.28932,681.03734,260.83125,12,1,0,0.25242,1.00000,6.00000,698.14392,8.06975,938.97479,0.29626,0
597,147.14875,720.63823,222.03643,12,1,0,0.25401,1.00000,6.08276,707.77399,7.97739,928.22766,0.29888,0
598,147.29178,759.74269,261.28997,8,0,0,0.00000,0.00000,0.00000,0.00000,0.00000,0.00000,0.02835,0
599,147.55325,50.89810,335.20989,8,0,0,0.29928,0.81616,3.00000,349.07196,3.64798,424.46942,0.19398,0
600,147.41268,90.49899,296.41507,12,1,0,0.25578,1.00000,6.00000,698.14392,7.71945,898.21509,0.30957,0
601,147.55571,129.60345,335.66861,12,1,0,0.25106,1.00000,6.00000,698.14392,7.72210,898.52295,0.29466,0
602,147.41513,169.20434,296.87379,12,1,0,0.24706,1.00000,7.00000,814.50128,8.07534,939.62506,0.30797,0
603,147.55817,208.30880,336.12732,12,1,0,0.25194,1.00000,6.63325,771.82721,7.68836,894.59656,0.29741,0
604,147.41759,247.90969,297.33250,12,1,0,0.25499,1.00000,5.38516,626.60333,7.72986,899.42535,0.29434,0
605,147.56062,287.01415,336.58604,12,1,0,0.25857,1.00000,5.19615,604.61035,7.63587,888.48895,0.28979,0
606,147.42005,326.61504,297.79122,12,1,0,0.24634,1.00000,6.08276,707.77399,7.95752,925.91553,0.30522,0
607,147.56308,365.71951,337.04475,12,1,0,0.24983,1.00000,6.08276,707.77399,7.85598,914.10101,0.29568,0
608,147.42251,405.32039,298.24993,12,1,0,0.25105,1.00000,6.40312,745.05042,7.79794,907.34692,0.29037,0
609,147.56554,444.42486,337.50346,12,1,0,0.24825,1.00000,6.08276,707.77399,7.92236,921.82416,0.28282,0
610,147.42497,484.02575,298.70864,12,1,0,0.25000,1.00000,6.00000,698.14392,7.89752,918.93433,0.30285,0
611,147.56800,523.13021,337.96218,12,1,0,0.24863,1.00000,7.00000,814.50128,8.17437,951.14777,0.29645,0
612,147.42743,562.73110,299.16736,12,1,0,0.24604,1.00000,6.92820,806.14716,8.14954,948.25909,0.30214,0
613,147.57046,601.83556,338.42089,12,1,0,0.25141,1.00000,6.00000,698.14392,7.99125,929.83990,0.29702,0
614,147.42989,641.43645,299.62607,12,1,0,0.24478,1.00000,6.00000,698.14392,8.14304,947.50238,0.32102,0
615,147.57292,680.54091,338.87960,12,1,0,0.25157,1.00000,6.00000,698.14392,7.94258,924.17773,0.29619,0
616,147.43235,720.14180,300.08479,12,1,0,0.24792,1.00000,6.08276,707.77399,8.08015,940.18445,0.30483,0
617,147.57538,759.24626,339.33832,8,0,0,0.00000,0.00000,0.00000,0.00000,0.00000,0.00000,0.02822,0
618,147.83685,50.40168,413.25825,8,0,0,0.29162,0.78552,2.82843,329.10822,3.10290,361.04498,0.18925,0
619,147.69628,90.00256,374.46343,12,1,0,0.25228,1.00000,6.00000,698.14392,7.85160,913.59137,0.30458,0
620,147.83931,129.10703,413.71696,12,1,0,0.26652,1.00000,6.00000,698.14392,7.35635,855.96521,0.28954,0
621,147.69874,168.70791,374.92214,12,1,0,0.24708,1.00000,7.00000,814.50128,8.23929,958.70142,0.31283,0
622,147.84177,207.81238,414.17567,12,1,0,0.26323,1.00000,6.00000,698.14392,7.63087,887.90784,0.29382,0
623,147.70120,247.41327,375.38085,12,1,0,0.24947,1.00000,6.00000,698.14392,7.97913,928.43066,0.30560,0
624,147.84423,286.51773,414.63439,12,1,0,0.25535,1.00000,6.00000,698.14392,7.68028,893.65686,0.28998,0
625,147.70365,326.11862,375.83957,12,1,0,0.25173,1.00000,7.00000,814.50128,8.06787,938.75598,0.30054,0
626,147.84668,365.22308,415.09310,12,1,0,0.25957,1.00000,6.40312,745.05042,7.91663,921.15802,0.30195,0
627,147.70611,404.82397,376.29828,12,1,0,0.25857,1.00000,6.00000,698.14392,7.84012,912.25592,0.29786,0
628,147.84914,443.92843,415.55181,12,1,0,0.25641,1.00000,5.83095,678.47394,7.76181,903.14374,0.28966,0
629,147.70857,483.52932,376.75700,12,1,0,0.24706,1.00000,7.00000,814.50128,8.10112,942.62476,0.30438,0
630,147.85160,522.63378,416.01053,12,1,0,0.25795,1.00000,6.00000,698.14392,7.88457,917.42719,0.30694,0
631,147.71103,562.23467,377.21571,12,1,0,0.25404,1.00000,7.00000,814.50128,8.11290,943.99554,0.31360,0
632,147.85406,601.33913,416.46924,12,1,0,0.24655,1.00000,7.00000,814.50128,8.17521,951.24524,0.30355,0
633,147.71349,640.94002,377.67442,12,1,0,0.24606,1.00000,6.16441,717.27472,8.31077,967.01892,0.31667,0
634,147.85652,680.04448,416.92796,12,1,0,0.25562,1.00000,7.00000,814.50128,8.09944,942.42877,0.29427,0
635,147.71595,719.64537,378.13314,12,1,0,0.24896,1.00000,7.00000,814.50128,8.06413,938.32098,0.29875,0
636,147.85898,758.74984,417.38667,8,0,0,0.00000,0.00000,0.00000,0.00000,0.00000,0.00000,0.02637,0
637,148.12045,49.90525,491.30660,8,0,0,0.30137,0.84384,3.00000,349.07196,3.81401,443.78830,0.20870,0
638,147.97988,89.50614,452.51178,12,1,0,0.25493,1.00000,6.08276,707.77399,7.87971,916.86200,0.30144,0
639,148.12291,128.61060,491.76531,12,1,0,0.25643,1.00000,6.00000,698.14392,7.69820,895.74188,0.29370,0
640,147.98234,168.21149,452.97049,12,1,0,0.25437,1.00000,7.00000,814.50128,8.18627,952.53296,0.30502,0
641,147.98480,246.91684,453.42921,12,1,0,0.25786,1.00000,6.00000,698.14392,7.72326,898.65808,0.30125,0
642,147.98726,325.62219,453.88792,12,1,0,0.25156,1.00000,7.00000,814.50128,8.18603,952.50470,0.29478,0
643,147.98971,404.32754,454.34663,12,1,0,0.25121,1.00000,6.32456,735.90833,8.06215,938.08972,0.30368,0
644,147.99217,483.03289,454.80535,12,1,0,0.25262,1.00000,6.08276,707.77399,8.20083,954.22681,0.31386,0
645,147.99463,561.73824,455.26406,12,1,0,0.24605,1.00000,6.32456,735.90833,8.33973,970.38849,0.31219,0
646,147.99709,640.44360,455.72278,12,1,0,0.24604,1.00000,7.00000,814.50128,8.42041,979.77661,0.32979,0
647,147.99955,719.14895,456.18149,12,1,0,0.25827,1.00000,7.00000,814.50128,8.07771,939.90027,0.30150,0
648,148.26348,89.00971,530.56013,12,1,0,0.25460,1.00000,6.00000,698.14392,7.80023,907.61444,0.29984,0
649,148.26594,167.71506,531.01884,12,1,0,0.25243,1.00000,6.00000,698.14392,8.09035,941.37091,0.30125,0
650,148.12537,207.31595,492.22403,12,1,0,0.25366,1.00000,6.00000,698.14392,7.95086,925.14081,0.30195,0
651,148.26840,246.42041,531.47756,12,1,0,0.25377,1.00000,6.00000,698.14392,7.67543,893.09253,0.29293,0
652,148.12783,286.02130,492.68274,12,1,0,0.25172,1.00000,6.00000,698.14392,8.03651,935.10638,0.29158,0
653,148.27086,325.12577,531.93627,12,1,0,0.25578,1.00000,7.00000,814.50128,8.01198,932.25299,0.29594,0
654,148.13029,364.72665,493.14145,12,1,0,0.25676,1.00000,5.74456,668.42194,7.85696,914.21429,0.30106,0
655,148.27332,403.83112,532.39499,12,1,0,0.24708,1.00000,7.00000,814.50128,8.05123,936.82007,0.30637,0
656,148.13274,443.43201,493.60017,12,1,0,0.24878,1.00000,6.00000,698.14392,7.77675,904.88232,0.26950,0
657,148.27577,482.53647,532.85370,12,1,0,0.26262,1.00000,5.00000,581.78662,7.43121,864.67517,0.28378,0
658,148.13520,522.13736,494.05888,12,1,0,0.25294,1.00000,7.00000,814.50128,8.31218,967.18353,0.30931,0
659,148.27823,561.24182,533.31241,12,1,0,0.24658,1.00000,7.00000,814.50128,8.39288,976.57343,0.31200,0
660,148.13766,600.84271,494.51759,12,1,0,0.24774,1.00000,6.00000,698.14392,8.25646,960.69916,0.31507,0
661,148.28069,639.94717,533.77113,12,1,0,0.24794,1.00000,7.00000,814.50128,8.32151,968.26855,0.31283,0
662,148.14012,679.54806,494.97631,12,1,0,0.25156,1.00000,6.08276,707.77399,8.04749,936.38416,0.29523,0
663,148.28315,718.65252,534.22984,12,1,0,0.25069,1.00000,7.00000,814.50128,8.21601,955.99329,0.32058,0
664,148.14258,758.25341,495.43502,8,0,0,0.00000,0.00000,0.00000,0.00000,0.00000,0.00000,0.02886,0
665,148.40405,49.40882,569.35495,8,0,0,0.30612,0.89489,4.00000,465.42929,4.37371,508.91333,0.20493,0
666,148.54708,88.51329,608.60848,12,1,0,0.25179,1.00000,6.00000,698.14392,7.76423,903.42474,0.28781,0
667,148.40651,128.11417,569.81366,12,1,0,0.24878,1.00000,6.08276,707.77399,8.04441,936.02576,0.29075,0
668,148.54954,167.21864,609.06720,12,1,0,0.25228,1.00000,6.00000,698.14392,7.92315,921.91650,0.29734,0
669,148.40897,206.81953,570.27238,12,1,0,0.24774,1.00000,6.00000,698.14392,7.94670,924.65729,0.29901,0
670,148.55200,245.92399,609.52591,12,1,0,0.25243,1.00000,6.00000,698.14392,8.02676,933.97290,0.30330,0
671,148.41143,285.52488,570.73109,12,1,0,0.24789,1.00000,6.00000,698.14392,7.83774,911.97803,0.29197,0
672,148.55446,324.62934,609.98462,12,1,0,0.25297,1.00000,6.00000,698.14392,8.00494,931.43359,0.29306,0
673,148.41389,364.23023,571.18980,12,1,0,0.24315,1.00000,7.00000,814.50128,8.26423,961.60352,0.30490,0
674,148.55692,403.33469,610.44334,12,1,0,0.24291,1.00000,7.00000,814.50128,8.21562,955.94800,0.29792,0
675,148.41635,442.93558,571.64852,12,1,0,0.24589,1.00000,6.08276,707.77399,8.31221,967.18628,0.31469,0
676,148.55938,482.04004,610.90205,12,1,0,0.24691,1.00000,6.08276,707.77399,8.43497,981.47009,0.31098,0
677,148.41881,521.64093,572.10723,12,1,0,0.24521,1.00000,7.00000,814.50128,8.24457,959.31573,0.30547,0
678,148.56184,560.74539,611.36077,12,1,0,0.24415,1.00000,6.00000,698.14392,8.38089,975.17767,0.30528,0
679,148.42126,600.34628,572.56595,12,1,0,0.24093,1.00000,7.00000,814.50128,8.42430,980.22937,0.30669,0
680,148.56429,639.45074,611.81948,12,1,0,0.24638,1.00000,6.08276,707.77399,8.16747,950.34515,0.30541,0
681,148.42372,679.05163,573.02466,12,1,0,0.24725,1.00000,6.08276,707.77399,8.26650,961.86743,0.30618,0
682,148.56675,718.15610,612.27819,12,1,0,0.24725,1.00000,6.08276,707.77399,8.15549,948.95111,0.29530,0
683,148.42618,757.75698,573.48337,8,0,0,0.00000,0.00000,0.00000,0.00000,0.00000,0.00000,0.03245,0
684,148.68765,48.91240,647.40330,8,0,0,0.30325,0.80726,3.00000,349.07196,3.35904,390.84845,0.20966,0
685,148.83068,88.01686,686.65683,12,1,0,0.25562,1.00000,6.00000,698.14392,7.91838,921.36163,0.29050,0
686,148.69011,127.61775,647.86202,12,1,0,0.26320,1.00000,6.00000,698.14392,7.42262,863.67670,0.29568,0
687,148.83314,166.72221,687.11555,12,1,0,0.25474,1.00000,6.00000,698.14392,8.01584,932.70184,0.28659,0
688,148.69257,206.32310,648.32073,12,1,0,0.26134,1.00000,6.00000,698.14392,7.70649,896.70697,0.29907,0
689,148.83560,245.42756,687.57426,12,1,0,0.24739,1.00000,6.00000,698.14392,8.21814,956.24048,0.29632,0
690,148.69503,285.02845,648.77944,12,1,0,0.25676,1.00000,5.47723,637.31531,7.87463,916.27106,0.29594,0
691,148.83806,324.13291,688.03298,12,1,0,0.25541,1.00000,6.00000,698.14392,8.22742,957.32013,0.30067,0
692,148.69749,363.73380,649.23816,12,1,0,0.25209,1.00000,6.16441,717.27472,8.22255,956.75348,0.31507,0
693,148.84052,402.83826,688.49169,12,1,0,0.24635,1.00000,7.00000,814.50128,8.28202,963.67328,0.29754,0
694,148.69995,442.43915,649.69687,12,1,0,0.24454,1.00000,6.08276,707.77399,8.55639,995.59851,0.32000,0
695,148.84298,481.54362,688.95040,12,1,0,0.24691,1.00000,7.00000,814.50128,8.47409,986.02283,0.30298,0
696,148.70241,521.14450,650.15558,12,1,0,0.25035,1.00000,7.00000,814.50128,8.32630,968.82562,0.29357,0
697,148.84544,560.24897,689.40912,12,1,0,0.24537,1.00000,7.00000,814.50128,8.40782,978.31183,0.28800,0
698,148.70487,599.84986,650.61430,12,1,0,0.24879,1.00000,6.00000,698.14392,8.41315,978.93213,0.31302,0
699,148.84790,638.95432,689.86783,12,1,0,0.25752,1.00000,6.00000,698.14392,8.25120,960.08704,0.30080,0
700,148.70732,678.55521,651.07301,12,1,0,0.24705,1.00000,6.00000,698.14392,8.13906,947.03979,0.30509,0
701,148.85035,717.65967,690.32655,12,1,0,0.25017,1.00000,6.08276,707.77399,8.11059,943.72662,0.30381,0
702,148.70978,757.26056,651.53173,8,0,0,0.00000,0.00000,0.00000,0.00000,0.00000,0.00000,0.03066,0
703,148.97125,48.41597,725.45165,8,0,0,0.30868,0.93113,4.00000,465.42929,4.77860,556.02521,0.20672,0
704,149.11428,87.52043,764.70519,8,0,0,0.27043,0.74860,2.44949,285.01608,2.64667,307.95905,0.18694,0
705,148.97371,127.12132,725.91037,12,1,0,0.25738,1.00000,6.00000,698.14392,8.29619,965.32251,0.30330,0
706,149.11674,166.22578,765.16390,8,0,0,0.25817,0.66757,1.73205,201.53679,0.00000,0.00000,0.18234,0
707,148.97617,205.82667,726.36908,12,1,0,0.25349,1.00000,6.00000,698.14392,8.34672,971.20239,0.31123,0
708,149.11920,244.93114,765.62261,8,0,0,0.25137,0.63611,2.00000,232.71465,0.00000,0.00000,0.17344,0
709,148.97863,284.53202,726.82780,12,1,0,0.25192,1.00000,6.08276,707.77399,8.36933,973.83246,0.30976,0
710,149.12166,323.63649,766.08133,8,0,0,0.25817,0.68245,1.41421,164.55411,0.00000,0.00000,0.17261,0
711,148.98109,363.23738,727.28651,12,1,0,0.25259,1.00000,6.08276,707.77399,8.50229,989.30365,0.31277,0
712,149.12412,402.34184,766.54004,8,0,0,0.24920,0.65642,2.00000,232.71465,0.00000,0.00000,0.16614,0
713,148.98355,441.94273,727.74522,12,1,0,0.25243,1.00000,7.00000,814.50128,8.42727,980.57458,0.30771,0
714,148.98601,520.64808,728.20394,12,1,0,0.24846,1.00000,7.00000,814.50128,8.59121,999.65002,0.32064,0
715,148.98847,599.35343,728.66265,12,1,0,0.24559,1.00000,7.00000,814.50128,8.46195,984.60931,0.30669,0
716,148.99093,678.05878,729.12136,12,1,0,0.25261,1.00000,6.08276,707.77399,8.48559,987.36108,0.31149,0
717,148.99338,756.76413,729.58008,8,0,0,0.00000,0.00000,0.00000,0.00000,0.00000,0.00000,0.02726,0
718,149.12658,481.04719,766.99876,8,0,0,0.26561,0.69722,1.73205,201.53679,2.12054,246.73985,0.17818,0
719,149.12904,559.75254,767.45747,8,0,0,0.24823,0.69101,2.00000,232.71465,0.00000,0.00000,0.18925,0
720,149.13150,638.45789,767.91618,8,0,0,0.27056,0.76257,2.00000,232.71465,2.59591,302.05255,0.18739,0
721,149.13396,717.16324,768.37490,8,0,0,0.28352,0.82451,3.00000,349.07196,3.52817,410.52872,0.19309,0
722,185.76900,52.68368,61.95801,5,0,0,0.31380,0.71389,2.44949,285.01608,3.01360,350.65469,0.11859,0
723,185.77146,131.38903,62.41672,8,0,0,0.29278,0.87252,3.31662,385.91360,4.03787,469.83612,0.17677,0
724,185.77392,210.09438,62.87544,8,0,0,0.28220,0.78415,2.00000,232.71465,2.18333,254.04683,0.18758,0
725,185.77638,288.79973,63.33415,8,0,0,0.26198,0.71588,2.00000,232.71465,0.00000,0.00000,0.17542,0
726,185.77884,367.50508,63.79286,8,0,0,0.25589,0.70621,2.00000,232.71465,2.14375,249.44101,0.17722,0
727,185.78130,446.21043,64.25158,8,0,0,0.28499,0.77198,3.00000,349.07196,2.81333,327.35193,0.16928,0
728,185.78376,524.91578,64.71029,8,0,0,0.28051,0.78297,2.82843,329.10822,2.95652,344.01297,0.18886,0
729,185.78622,603.62113,65.16901,8,0,0,0.28104,0.81337,3.00000,349.07196,3.28108,381.77783,0.18214,0
730,185.78868,682.32649,65.62772,8,0,0,0.28865,0.82402,3.00000,349.07196,3.56378,414.67197,0.18278,0
731,185.79113,761.03184,66.08643,5,0,0,0.00000,0.00000,0.00000,0.00000,0.00000,0.00000,0.01670,0
732,186.05261,52.18725,140.00636,8,0,0,0.30205,0.85124,3.31662,385.91360,3.84827,447.77472,0.20154,0
733,185.91203,91.78814,101.21154,12,1,0,0.25645,1.00000,6.00000,698.14392,8.23174,957.82367,0.28890,0
734,186.05506,130.89260,140.46508,12,1,0,0.25298,1.00000,6.00000,698.14392,7.85130,913.55658,0.29082,0
735,185.91449,170.49349,101.67026,12,1,0,0.24897,1.00000,6.00000,698.14392,8.26034,961.15155,0.29626,0
736,186.05752,209.59795,140.92379,12,1,0,0.25122,1.00000,6.00000,698.14392,8.11061,943.72876,0.29888,0
737,185.91695,249.19884,102.12897,12,1,0,0.26833,1.00000,5.65685,658.21643,7.59683,883.94678,0.28109,0
738,186.05998,288.30330,141.38250,12,1,0,0.24553,1.00000,6.08276,707.77399,8.08041,940.21478,0.28838,0
739,185.91941,327.90419,102.58768,12,1,0,0.24948,1.00000,7.00000,814.50128,8.41918,979.63354,0.30144,0
740,186.06244,367.00865,141.84122,12,1,0,0.25710,1.00000,6.00000,698.14392,8.06994,938.99646,0.28006,0
741,185.92187,406.60954,103.04640,12,1,0,0.26293,1.00000,5.00000,581.78662,7.51580,874.51855,0.27283,0
742,186.06490,445.71401,142.29993,12,1,0,0.24896,1.00000,6.00000,698.14392,8.28078,963.52893,0.29766,0
743,185.92433,485.31489,103.50511,12,1,0,0.24759,1.00000,6.08276,707.77399,8.30563,966.42041,0.29370,0
744,186.06736,524.41936,142.75864,12,1,0,0.24573,1.00000,7.00000,814.50128,8.56128,996.16766,0.32160,0
745,185.92679,564.02025,103.96383,12,1,0,0.25243,1.00000,7.00000,814.50128,8.41548,979.20288,0.29715,0
746,186.06982,603.12471,143.21736,12,1,0,0.25259,1.00000,6.08276,707.77399,8.41673,979.34827,0.29786,0
747,185.92925,642.72560,104.42254,12,1,0,0.24369,1.00000,7.00000,814.50128,8.56765,996.90857,0.30880,0
748,186.07228,681.83006,143.67607,12,1,0,0.25278,1.00000,6.00000,698.14392,8.06490,938.40967,0.29632,0
749,185.93171,721.43095,104.88125,12,1,0,0.25262,1.00000,6.00000,698.14392,8.00473,931.40887,0.29453,0
750,186.07474,760.53541,144.13479,8,0,0,0.00000,0.00000,0.00000,0.00000,0.00000,0.00000,0.01773,0
751,186.33621,51.69082,218.05471,8,0,0,0.29340,0.80278,3.00000,349.07196,3.45920,402.50272,0.19430,0
752,186.19564,91.29171,179.25989,12,1,0,0.29664,0.97245,4.24264,493.66229,5.54824,645.57837,0.25178,0
753,186.33867,130.39617,218.51343,12,1,0,0.25268,1.00000,6.08276,707.77399,7.69333,895.17566,0.28454,0
754,186.19809,169.99706,179.71861,12,1,0,0.25401,1.00000,6.00000,698.14392,8.08947,941.26917,0.29658,0
755,186.34112,209.10153,218.97214,12,1,0,0.25192,1.00000,6.00000,698.14392,7.87863,916.73584,0.29382,0
756,186.20055,248.70241,180.17732,12,1,0,0.25226,1.00000,6.08276,707.77399,8.03782,935.25885,0.28390,0
757,186.34358,287.80688,219.43086,12,1,0,0.24722,1.00000,6.00000,698.14392,7.92483,922.11200,0.29766,0
758,186.20301,327.40777,180.63604,12,1,0,0.24280,1.00000,6.08276,707.77399,8.32489,968.66150,0.29920,0
759,186.34604,366.51223,219.88957,12,1,0,0.24861,1.00000,6.40312,745.05042,8.10483,943.05609,0.28346,0
760,186.20547,406.11312,181.09475,12,1,0,0.25400,1.00000,6.00000,698.14392,8.16280,949.80188,0.29286,0
761,186.34850,445.21758,220.34828,12,1,0,0.24742,1.00000,6.08276,707.77399,8.23147,957.79218,0.29510,0
762,186.20793,484.81847,181.55346,12,1,0,0.24655,1.00000,6.00000,698.14392,8.22335,956.84680,0.30669,0
763,186.35096,523.92293,220.80700,12,1,0,0.24880,1.00000,6.08276,707.77399,8.32052,968.15338,0.30330,0
764,186.21039,563.52382,182.01218,12,1,0,0.24389,1.00000,7.00000,814.50128,8.29431,965.10419,0.30650,0
765,186.35342,602.62828,221.26571,12,1,0,0.24742,1.00000,7.00000,814.50128,8.34439,970.93042,0.30784,0
766,186.21285,642.22917,182.47089,12,1,0,0.24564,1.00000,6.00000,698.14392,8.06035,937.88110,0.29030,0
767,186.35588,681.33363,221.72442,12,1,0,0.25353,1.00000,6.00000,698.14392,7.79468,906.96777,0.28026,0
768,186.21531,720.93452,182.92961,12,1,0,0.25656,1.00000,6.00000,698.14392,7.77997,905.25592,0.28352,0
769,186.35834,760.03898,222.18314,8,0,0,0.00000,0.00000,0.00000,0.00000,0.00000,0.00000,0.02758,0
770,186.61981,51.19440,296.10307,8,0,0,0.29750,0.75691,3.00000,349.07196,2.72759,317.37463,0.19654,0
771,186.47924,90.79529,257.30825,12,1,0,0.25018,1.00000,6.00000,698.14392,7.82772,910.81256,0.28685,0
772,186.62227,129.89975,296.56178,12,1,0,0.25555,1.00000,6.00000,698.14392,7.65116,890.26813,0.28934,0
773,186.48170,169.50064,257.76696,12,1,0,0.25141,1.00000,6.00000,698.14392,7.99582,930.37213,0.29408,0
774,186.62473,208.60510,297.02049,12,1,0,0.25281,1.00000,6.00000,698.14392,7.80929,908.66791,0.29696,0
775,186.48415,248.20599,258.22567,12,1,0,0.24414,1.00000,7.00000,814.50128,8.18728,952.65039,0.29574,0
776,186.48661,326.91134,258.68439,12,1,0,0.24639,1.00000,6.16441,717.27472,7.97909,928.42596,0.29005,0
777,186.48907,405.61669,259.14310,12,1,0,0.24826,1.00000,6.08276,707.77399,7.81711,909.57800,0.27546,0
778,186.49153,484.32204,259.60182,12,1,0,0.24207,1.00000,6.08276,707.77399,7.98241,928.81232,0.29261,0
779,186.49399,563.02739,260.06053,12,1,0,0.24982,1.00000,6.00000,698.14392,7.99591,930.38214,0.29466,0
780,186.49645,641.73274,260.51924,12,1,0,0.26477,0.98011,4.24264,493.66229,6.78437,789.41132,0.28934,0
781,186.49891,720.43810,260.97796,12,1,0,0.25634,1.00000,6.00000,698.14392,7.74551,901.24670,0.29619,0
782,186.76284,90.29886,335.35660,12,1,0,0.26131,1.00000,6.00000,698.14392,7.45564,867.51837,0.29114,0
783,186.76530,169.00421,335.81531,12,1,0,0.26316,1.00000,6.00000,698.14392,7.60531,884.93396,0.27565,0
784,186.76776,247.70956,336.27403,12,1,0,0.25586,1.00000,6.32456,735.90833,7.78712,906.08801,0.28710,0
785,186.62718,287.31045,297.47921,12,1,0,0.24860,1.00000,6.08276,707.77399,7.81145,908.91943,0.29568,0
786,186.77022,326.41491,336.73274,12,1,0,0.25106,1.00000,6.00000,698.14392,7.72461,898.81512,0.28090,0
787,186.62964,366.01580,297.93792,12,1,0,0.25497,1.00000,6.00000,698.14392,7.74351,901.01465,0.29338,0
788,186.77267,405.12027,337.19145,12,1,0,0.25684,1.00000,6.00000,698.14392,7.84362,912.66241,0.27514,0
789,186.63210,444.72115,298.39663,12,1,0,0.25105,1.00000,6.00000,698.14392,7.95008,925.04962,0.30022,0
790,186.77513,483.82562,337.65017,12,1,0,0.27196,0.99164,4.58258,533.21625,6.80556,791.87726,0.27168,0
791,186.63456,523.42650,298.85535,12,1,0,0.25211,1.00000,6.00000,698.14392,7.80668,908.36383,0.29830,0
792,186.77759,562.53097,338.10888,12,1,0,0.24913,1.00000,7.00000,814.50128,7.99007,929.70355,0.30432,0
793,186.63702,602.13186,299.31406,12,1,0,0.25445,1.00000,6.00000,698.14392,7.70757,896.83191,0.27462,0
794,186.78005,641.23632,338.56760,12,1,0,0.24218,1.00000,6.32456,735.90833,8.17510,951.23309,0.30227,0
795,186.63948,680.83721,299.77278,12,1,0,0.25175,1.00000,6.00000,698.14392,7.91542,921.01660,0.29504,0
796,186.78251,719.94167,339.02631,12,1,0,0.25494,1.00000,6.00000,698.14392,7.86555,915.21442,0.27603,0
797,186.64194,759.54256,300.23149,8,0,0,0.00000,0.00000,0.00000,0.00000,0.00000,0.00000,0.02752,0
798,186.90341,50.69797,374.15142,8,0,0,0.29958,0.78846,3.00000,349.07196,3.38382,393.73203,0.20006,0
799,187.04644,89.80243,413.40495,12,1,0,0.26213,1.00000,6.00000,698.14392,7.40858,862.04272,0.28883,0
800,186.90587,129.40332,374.61013,12,1,0,0.25625,1.00000,6.00000,698.14392,7.70902,897.00146,0.28659,0
801,187.04890,168.50779,413.86366,12,1,0,0.25493,1.00000,7.00000,814.50128,7.91892,921.42426,0.28960,0
802,186.90833,208.10867,375.06885,12,1,0,0.26754,1.00000,6.00000,698.14392,7.49049,871.57379,0.29280,0
803,187.05136,247.21314,414.32238,12,1,0,0.25478,1.00000,6.55744,763.00598,7.82631,910.64880,0.28928,0
804,186.91079,286.81403,375.52756,12,1,0,0.25425,1.00000,6.00000,698.14392,7.79997,907.58411,0.28934,0
805,187.05382,325.91849,414.78109,12,1,0,0.25763,1.00000,6.00000,698.14392,7.78634,905.99823,0.28435,0
806,186.91325,365.51938,375.98627,12,1,0,0.24982,1.00000,6.00000,698.14392,8.01690,932.82446,0.28538,0
807,187.05628,404.62384,415.23981,12,1,0,0.25228,1.00000,6.32456,735.90833,7.87423,916.22479,0.28966,0
808,186.91570,444.22473,376.44499,12,1,0,0.25262,1.00000,6.16441,717.27472,7.96477,926.75952,0.29466,0
809,187.05873,483.32919,415.69852,12,1,0,0.25052,1.00000,6.08276,707.77399,7.95963,926.16174,0.28928,0
810,186.91816,522.93008,376.90370,12,1,0,0.26165,1.00000,6.00000,698.14392,7.87542,916.36304,0.29370,0
811,187.06119,562.03454,416.15723,12,1,0,0.25601,1.00000,6.08276,707.77399,7.79820,907.37823,0.29037,0
812,186.92062,601.63543,377.36241,12,1,0,0.25316,1.00000,6.08276,707.77399,8.05484,937.23999,0.30931,0
813,187.06365,640.73989,416.61595,12,1,0,0.24828,1.00000,6.08276,707.77399,8.15048,948.36829,0.30752,0
814,186.92308,680.34078,377.82113,12,1,0,0.25314,1.00000,7.00000,814.50128,7.94058,923.94458,0.29530,0
815,187.06611,719.44524,417.07466,12,1,0,0.25335,1.00000,6.00000,698.14392,7.79895,907.46521,0.28928,0
816,186.92554,759.04613,378.27984,8,0,0,0.00000,0.00000,0.00000,0.00000,0.00000,0.00000,0.02522,0
817,187.18701,50.20155,452.19977,8,0,0,0.28875,0.77657,3.00000,349.07196,2.80441,326.31384,0.20058,0
818,187.33004,89.30601,491.45330,12,1,0,0.25445,1.00000,6.00000,698.14392,7.66414,891.77881,0.28986,0
819,187.18947,128.90690,452.65848,12,1,0,0.25892,1.00000,6.00000,698.14392,7.66357,891.71216,0.29395,0
820,187.33250,168.01136,491.91202,12,1,0,0.25140,1.00000,6.00000,698.14392,7.88251,917.18732,0.29165,0
821,187.19193,207.61225,453.11720,12,1,0,0.25122,1.00000,6.00000,698.14392,7.86249,914.85815,0.30093,0
822,187.33496,246.71671,492.37073,12,1,0,0.25846,1.00000,6.00000,698.14392,7.61365,885.90387,0.26925,0
823,187.19439,286.31760,453.57591,12,1,0,0.24757,1.00000,6.08276,707.77399,8.00417,931.34338,0.29702,0
824,187.33742,325.42206,492.82944,12,1,0,0.24706,1.00000,7.00000,814.50128,7.97212,927.61438,0.28544,0
825,187.19685,365.02295,454.03463,12,1,0,0.25601,1.00000,7.00000,814.50128,7.92764,922.43854,0.28691,0
826,187.33988,404.12741,493.28816,12,1,0,0.25228,1.00000,6.63325,771.82721,7.80370,908.01721,0.29005,0
827,187.19931,443.72830,454.49334,12,1,0,0.24517,1.00000,6.00000,698.14392,8.01973,933.15448,0.29939,0
828,187.34234,482.83276,493.74687,12,1,0,0.25316,1.00000,6.00000,698.14392,7.87753,916.60858,0.27942,0
829,187.20176,522.43365,454.95205,12,1,0,0.24759,1.00000,7.00000,814.50128,8.12817,945.77197,0.29510,0
830,187.34479,561.53812,494.20559,12,1,0,0.24740,1.00000,7.00000,814.50128,8.05408,937.15063,0.30803,0
831,187.20422,601.13900,455.41077,12,1,0,0.24656,1.00000,6.00000,698.14392,8.21861,956.29486,0.30419,0
832,187.34725,640.24347,494.66430,12,1,0,0.24896,1.00000,7.00000,814.50128,8.11111,943.78711,0.29677,0
833,187.20668,679.84436,455.86948,12,1,0,0.25700,1.00000,6.00000,698.14392,7.95913,926.10339,0.29363,0
834,187.34971,718.94882,495.12301,12,1,0,0.25751,1.00000,6.00000,698.14392,7.65864,891.13910,0.28339,0
835,187.20914,758.54971,456.32819,8,0,0,0.00000,0.00000,0.00000,0.00000,0.00000,0.00000,0.02758,0
836,187.47061,49.70512,530.24812,8,0,0,0.30838,0.86555,3.31662,385.91360,3.99743,465.13016,0.20621,0
837,187.61364,88.80958,569.50165,12,1,0,0.25556,1.00000,6.00000,698.14392,7.66908,892.35394,0.28749,0
838,187.47307,128.41047,530.70684,12,1,0,0.24965,1.00000,6.00000,698.14392,7.86704,915.38812,0.30048,0
839,187.61610,167.51493,569.96037,12,1,0,0.25652,1.00000,5.83095,678.47394,7.94943,924.97412,0.28717,0
840,187.47553,207.11582,531.16555,12,1,0,0.25087,1.00000,6.00000,698.14392,7.95867,926.04926,0.30458,0
841,187.61856,246.22028,570.41908,12,1,0,0.25018,1.00000,6.92820,806.14716,7.88728,917.74268,0.29562,0
842,187.47799,285.82117,531.62426,12,1,0,0.24757,1.00000,6.70820,780.54865,7.93443,923.22931,0.28147,0
843,187.62102,324.92564,570.87780,12,1,0,0.25245,1.00000,6.00000,698.14392,7.88073,916.98083,0.28691,0
844,187.48045,364.52652,532.08298,12,1,0,0.25190,1.00000,6.08276,707.77399,7.96017,926.22375,0.29619,0
845,187.62348,403.63099,571.33651,12,1,0,0.24983,1.00000,6.00000,698.14392,8.02718,934.02167,0.29312,0
846,187.48291,443.23188,532.54169,12,1,0,0.24895,1.00000,6.00000,698.14392,7.91219,920.64160,0.29325,0
847,187.48537,521.93723,533.00040,12,1,0,0.24554,1.00000,7.00000,814.50128,8.24185,958.99927,0.29818,0
848,187.48783,600.64258,533.45912,12,1,0,0.23983,1.00000,6.16441,717.27472,8.36337,973.13898,0.31181,0
849,187.49028,679.34793,533.91783,12,1,0,0.24778,1.00000,7.00000,814.50128,8.20814,955.07690,0.29107,0
850,187.49274,758.05328,534.37655,8,0,0,0.00000,0.00000,0.00000,0.00000,0.00000,0.00000,0.03053,0
851,187.75421,49.20869,608.29647,8,0,0,0.30882,0.86777,3.60555,419.53229,4.10931,478.14832,0.19443,0
852,187.75667,127.91404,608.75519,12,1,0,0.26297,1.00000,6.00000,698.14392,7.73544,900.07507,0.28122,0
853,187.75913,206.61940,609.21390,12,1,0,0.24913,1.00000,6.00000,698.14392,7.98959,929.64746,0.29920,0
854,187.76159,285.32475,609.67262,12,1,0,0.25087,1.00000,6.08276,707.77399,8.13387,946.43567,0.29440,0
855,187.76405,364.03010,610.13133,12,1,0,0.25190,1.00000,7.00000,814.50128,8.23176,957.82520,0.29542,0
856,187.76651,442.73545,610.59004,12,1,0,0.24498,1.00000,6.16441,717.27472,8.26416,961.59552,0.30771,0
857,187.62594,482.33634,571.79522,12,1,0,0.24553,1.00000,7.00000,814.50128,8.29073,964.68762,0.28922,0
858,187.76897,521.44080,611.04876,12,1,0,0.24658,1.00000,7.00000,814.50128,8.41217,978.81793,0.30118,0
859,187.62840,561.04169,572.25394,12,1,0,0.24931,1.00000,6.00000,698.14392,8.09393,941.78827,0.30259,0
860,187.77143,600.14615,611.50747,12,1,0,0.24674,1.00000,6.08276,707.77399,8.21820,956.24750,0.30221,0
861,187.63086,639.74704,572.71265,12,1,0,0.25035,1.00000,7.00000,814.50128,8.14059,947.21765,0.30554,0
862,187.77389,678.85150,611.96618,12,1,0,0.25562,1.00000,6.00000,698.14392,8.00160,931.04443,0.29222,0
863,187.63331,718.45239,573.17137,12,1,0,0.24947,1.00000,6.00000,698.14392,7.83495,911.65369,0.28730,0
864,187.77634,757.55685,612.42490,8,0,0,0.00000,0.00000,0.00000,0.00000,0.00000,0.00000,0.02784,0
865,188.03782,48.71227,686.34483,8,0,0,0.27236,0.74444,2.44949,285.01608,2.92226,340.02588,0.20666,0
866,187.89724,88.31316,647.55001,12,1,0,0.24930,1.00000,6.00000,698.14392,8.07084,939.10156,0.29594,0
867,188.04027,127.41762,686.80354,12,1,0,0.26490,1.00000,6.00000,698.14392,7.27864,846.92346,0.28774,0
868,187.89970,167.01851,648.00872,12,1,0,0.26081,1.00000,6.00000,698.14392,7.92289,921.88586,0.29363,0
869,188.04273,206.12297,687.26225,12,1,0,0.27085,1.00000,6.00000,698.14392,7.30764,850.29730,0.28915,0
870,187.90216,245.72386,648.46743,12,1,0,0.25000,1.00000,6.32456,735.90833,8.17203,950.87567,0.30451,0
871,188.04519,284.82832,687.72097,12,1,0,0.26354,1.00000,6.00000,698.14392,7.52087,875.10822,0.28518,0
872,187.90462,324.42921,648.92615,12,1,0,0.25333,1.00000,5.47723,637.31531,8.08235,940.44092,0.29171,0
873,188.04765,363.53367,688.17968,12,1,0,0.25087,1.00000,6.00000,698.14392,8.03584,935.02905,0.29101,0
874,187.90708,403.13456,649.38486,12,1,0,0.25000,1.00000,6.08276,707.77399,8.13792,946.90704,0.29133,0
875,188.05011,442.23902,688.63839,12,1,0,0.24862,1.00000,6.08276,707.77399,8.33937,970.34698,0.29990,0
876,187.90954,481.83991,649.84358,12,1,0,0.25748,1.00000,6.00000,698.14392,8.32741,968.95544,0.30010,0
877,188.05257,520.94437,689.09711,12,1,0,0.25680,1.00000,6.00000,698.14392,8.11215,943.90796,0.27878,0
878,187.91200,560.54526,650.30229,12,1,0,0.24656,1.00000,6.40312,745.05042,8.32957,969.20642,0.30003,0
879,188.05503,599.64973,689.55582,12,1,0,0.24896,1.00000,7.00000,814.50128,8.10972,943.62543,0.28742,0
880,187.91446,639.25061,650.76100,12,1,0,0.25155,1.00000,6.08276,707.77399,8.27791,963.19592,0.31053,0
881,188.05749,678.35508,690.01454,12,1,0,0.25035,1.00000,6.00000,698.14392,8.02312,933.54865,0.28928,0
882,187.91692,717.95597,651.21972,12,1,0,0.25492,1.00000,6.00000,698.14392,8.04526,936.12488,0.29920,0
883,188.05995,757.06043,690.47325,8,0,0,0.00000,0.00000,0.00000,0.00000,0.00000,0.00000,0.02605,0
884,188.32142,48.21584,764.39318,5,0,0,0.28218,0.60446,2.23607,260.18289,2.05769,239.42757,0.11552,0
885,188.18085,87.81673,725.59836,12,1,0,0.24930,1.00000,6.00000,698.14392,8.10390,942.94830,0.29382,0
886,188.32388,126.92119,764.85189,8,0,0,0.27423,0.73481,3.00000,349.07196,2.58000,300.20187,0.18010,0
887,188.18330,166.52208,726.05707,12,1,0,0.25052,1.00000,6.00000,698.14392,8.08958,941.28229,0.29734,0
888,188.32633,205.62654,765.31061,8,0,0,0.25827,0.67222,2.00000,232.71465,0.00000,0.00000,0.17722,0
889,188.18576,245.22743,726.51579,12,1,0,0.24756,1.00000,6.00000,698.14392,8.16159,949.66113,0.29523,0
890,188.32879,284.33190,765.76932,8,0,0,0.26786,0.70637,2.23607,260.18289,0.00000,0.00000,0.17178,0
891,188.18822,323.93278,726.97450,12,1,0,0.25656,1.00000,6.08276,707.77399,8.02866,934.19366,0.27930,0
892,188.33125,363.03725,766.22803,8,0,0,0.26403,0.70556,2.00000,232.71465,2.10909,245.40816,0.17549,0
893,188.19068,402.63814,727.43321,12,1,0,0.24452,1.00000,7.00000,814.50128,8.38149,975.24792,0.29677,0
894,188.33371,441.74260,766.68675,8,0,0,0.26480,0.70442,2.44949,285.01608,2.59773,302.26459,0.17101,0
895,188.19314,481.34349,727.89193,12,1,0,0.25052,1.00000,6.08276,707.77399,8.29148,964.77484,0.29523,0
896,188.33617,520.44795,767.14546,8,0,0,0.26539,0.73464,2.00000,232.71465,2.31447,269.30597,0.18240,0
897,188.19560,560.04884,728.35064,12,1,0,0.24931,1.00000,6.08276,707.77399,8.18559,952.45319,0.27674,0
898,188.33863,599.15330,767.60417,8,0,0,0.27327,0.76880,2.82843,329.10822,2.62027,304.88763,0.18221,0
899,188.19806,638.75419,728.80936,12,1,0,0.25104,1.00000,6.00000,698.14392,8.34645,971.17114,0.28742,0
900,188.34109,677.85865,768.06289,8,0,0,0.27745,0.78177,2.23607,260.18289,2.72945,317.59125,0.17830,0
901,188.20052,717.45954,729.26807,12,1,0,0.24756,1.00000,6.00000,698.14392,7.87439,916.24243,0.29389,0
902,188.34355,756.56400,768.52160,5,0,0,0.00000,0.00000,0.00000,0.00000,0.00000,0.00000,0.01837,0
903,225.11917,52.48355,100.89953,8,0,0,0.33240,0.99721,4.47214,520.36578,5.32874,620.03821,0.20365,0
904,224.97859,92.08443,62.10471,8,0,0,0.30280,0.88767,4.00000,465.42929,4.33844,504.80887,0.18637,0
905,225.12163,131.18890,101.35825,12,1,0,0.25017,1.00000,6.00000,698.14392,8.19616,953.68329,0.29850,0
906,224.98105,170.78979,62.56343,8,0,0,0.27740,0.79444,2.44949,285.01608,2.90242,337.71774,0.17722,0
907,225.12408,209.89425,101.81696,12,1,0,0.25277,1.00000,7.00000,814.50128,8.48485,987.27441,0.30554,0
908,224.98351,249.49514,63.02214,8,0,0,0.28158,0.79781,2.00000,232.71465,2.55440,297.22293,0.18125,0
909,224.98597,328.20049,63.48086,8,0,0,0.27273,0.77500,2.82843,329.10822,2.90937,338.52707,0.17773,0
910,224.98843,406.90584,63.93957,8,0,0,0.28342,0.77901,2.23607,260.18289,2.97635,346.31967,0.18118,0
911,224.99089,485.61119,64.39828,8,0,0,0.27529,0.78830,3.00000,349.07196,2.95417,343.73892,0.18042,0
912,224.99335,564.31654,64.85700,8,0,0,0.27931,0.80495,2.44949,285.01608,3.32583,386.98505,0.18522,0
913,224.99581,643.02189,65.31571,8,0,0,0.27958,0.82073,3.00000,349.07196,2.73697,318.46698,0.18797,0
914,224.99827,721.72724,65.77443,8,0,0,0.29215,0.84022,3.00000,349.07196,3.79349,441.40063,0.18432,0
915,225.26220,91.58801,140.15307,12,1,0,0.25193,1.00000,6.00000,698.14392,7.81122,908.89246,0.28627,0
916,225.26466,170.29336,140.61178,12,1,0,0.25140,1.00000,6.00000,698.14392,8.00846,931.84277,0.29805,0
917,225.26711,248.99871,141.07049,12,1,0,0.25207,1.00000,6.16441,717.27472,8.20279,954.45483,0.29574,0
918,225.12654,288.59960,102.27568,12,1,0,0.25299,1.00000,6.00000,698.14392,7.92990,922.70209,0.27488,0
919,225.26957,327.70406,141.52921,12,1,0,0.24983,1.00000,7.00000,814.50128,8.03468,934.89337,0.28294,0
920,225.12900,367.30495,102.73439,12,1,0,0.26579,1.00000,5.74456,668.42194,7.44186,865.91534,0.27219,0
921,225.27203,406.40941,141.98792,12,1,0,0.24505,1.00000,6.16441,717.27472,8.26957,962.22516,0.28045,0
922,225.13146,446.01030,103.19310,12,1,0,0.25486,1.00000,6.00000,698.14392,8.29851,965.59290,0.29626,0
923,225.27449,485.11476,142.44664,12,1,0,0.24861,1.00000,6.00000,698.14392,8.18326,952.18176,0.29229,0
924,225.13392,524.71565,103.65182,12,1,0,0.24759,1.00000,7.00000,814.50128,8.38377,975.51324,0.29542,0
925,225.27695,563.82012,142.90535,12,1,0,0.24846,1.00000,7.00000,814.50128,8.32880,969.11646,0.30285,0
926,225.13638,603.42100,104.11053,12,1,0,0.24536,1.00000,6.00000,698.14392,8.32008,968.10187,0.29824,0
927,225.27941,642.52547,143.36406,12,1,0,0.24704,1.00000,7.00000,814.50128,8.22786,957.37128,0.30342,0
928,225.13884,682.12636,104.56924,12,1,0,0.24570,1.00000,6.00000,698.14392,8.23688,958.42157,0.29946,0
929,225.28187,721.23082,143.82278,12,1,0,0.26056,1.00000,6.00000,698.14392,7.71121,897.25592,0.28877,0
930,225.14130,760.83171,105.02796,8,0,0,0.00000,0.00000,0.00000,0.00000,0.00000,0.00000,0.02374,0
931,225.40277,51.98712,178.94789,8,0,0,0.30723,0.85000,3.00000,349.07196,3.92189,456.34042,0.19930,0
932,225.54580,91.09158,218.20142,12,1,0,0.26839,0.98607,4.12311,479.75351,6.85646,797.79968,0.27603,0
933,225.40523,130.69247,179.40660,12,1,0,0.25214,1.00000,6.00000,698.14392,7.75681,902.56134,0.29696,0
934,225.54826,169.79693,218.66013,12,1,0,0.24653,1.00000,6.00000,698.14392,7.91328,920.76770,0.28198,0
935,225.40769,209.39782,179.86531,12,1,0,0.24688,1.00000,6.08276,707.77399,7.99049,929.75177,0.30925,0
936,225.55072,248.50229,219.11885,12,1,0,0.24896,1.00000,7.00000,814.50128,8.07551,939.64471,0.29146,0
937,225.41014,288.10317,180.32403,12,1,0,0.24588,1.00000,6.00000,698.14392,8.14525,947.75977,0.30368,0
938,225.55317,327.20764,219.57756,12,1,0,0.28036,0.96629,4.12311,479.75351,5.67925,660.82233,0.23302,0
939,225.41260,366.80852,180.78274,12,1,0,0.24655,1.00000,6.16441,717.27472,7.98353,928.94226,0.28768,0
940,225.55563,405.91299,220.03627,12,1,0,0.25194,1.00000,5.74456,668.42194,7.83835,912.04895,0.27462,0
941,225.41506,445.51388,181.24145,12,1,0,0.24178,1.00000,6.08276,707.77399,8.33439,969.76697,0.30502,0
942,225.55809,484.61834,220.49499,12,1,0,0.24390,1.00000,6.08276,707.77399,8.10911,943.55389,0.30093,0
943,225.41752,524.21923,181.70017,12,1,0,0.24483,1.00000,6.00000,698.14392,8.34082,970.51508,0.30938,0
944,225.56055,563.32369,220.95370,12,1,0,0.24708,1.00000,7.00000,814.50128,8.16091,949.58185,0.29408,0
945,225.41998,602.92458,182.15888,12,1,0,0.24845,1.00000,7.00000,814.50128,8.25651,960.70502,0.30560,0
946,225.56301,642.02904,221.41242,12,1,0,0.25225,1.00000,6.00000,698.14392,8.02942,934.28217,0.29741,0
947,225.42244,681.62993,182.61760,12,1,0,0.24965,1.00000,6.08276,707.77399,7.89180,918.26868,0.28986,0
948,225.56547,720.73439,221.87113,12,1,0,0.25680,1.00000,6.00000,698.14392,7.64669,889.74860,0.28717,0
949,225.42490,760.33528,183.07631,8,0,0,0.00000,0.00000,0.00000,0.00000,0.00000,0.00000,0.02874,0
950,225.68637,51.49069,256.99624,8,0,0,0.31315,0.83565,3.16228,367.95416,3.75444,436.85709,0.17011,0
951,225.82940,90.59516,296.24977,12,1,0,0.25867,1.00000,6.00000,698.14392,7.44172,865.89905,0.29190,0
952,225.68883,130.19605,257.45495,12,1,0,0.25249,1.00000,6.00000,698.14392,7.64647,889.72272,0.28038,0
953,225.83186,169.30051,296.70848,12,1,0,0.25844,1.00000,6.00000,698.14392,7.65168,890.32910,0.28845,0
954,225.69129,208.90140,257.91367,12,1,0,0.25470,1.00000,6.00000,698.14392,7.77156,904.27783,0.29523,0
955,225.83432,248.00586,297.16720,12,1,0,0.26148,1.00000,6.00000,698.14392,7.91220,920.64197,0.29350,0
956,225.69375,287.60675,258.37238,12,1,0,0.24895,1.00000,7.00000,814.50128,7.96007,926.21191,0.30298,0
957,225.83678,326.71121,297.62591,12,1,0,0.25017,1.00000,6.00000,698.14392,7.99669,930.47333,0.29472,0
958,225.69620,366.31210,258.83109,12,1,0,0.25175,1.00000,6.00000,698.14392,7.94810,924.81958,0.28806,0
959,225.83924,405.41656,298.08463,12,1,0,0.24965,1.00000,6.08276,707.77399,8.03721,935.18799,0.29574,0
960,225.69866,445.01745,259.28981,12,1,0,0.25226,1.00000,6.08276,707.77399,8.05470,937.22296,0.29779,0
961,225.84169,484.12191,298.54334,12,1,0,0.24965,1.00000,6.00000,698.14392,8.11830,944.62360,0.29882,0
962,225.70112,523.72280,259.74852,12,1,0,0.25157,1.00000,6.00000,698.14392,8.28725,964.28259,0.30675,0
963,225.84415,562.82726,299.00205,12,1,0,0.26059,1.00000,6.00000,698.14392,8.14574,947.81665,0.30810,0
964,225.70358,602.42815,260.20723,12,1,0,0.24653,1.00000,6.08276,707.77399,8.09609,942.03949,0.30170,0
965,225.84661,641.53262,299.46077,12,1,0,0.24809,1.00000,7.00000,814.50128,8.20316,954.49744,0.30630,0
966,225.70604,681.13350,260.66595,12,1,0,0.25605,1.00000,6.00000,698.14392,7.82682,910.70813,0.29837,0
967,225.84907,720.23797,299.91948,12,1,0,0.25686,1.00000,6.00000,698.14392,7.84213,912.48907,0.29107,0
968,225.70850,759.83885,261.12466,8,0,0,0.00000,0.00000,0.00000,0.00000,0.00000,0.00000,0.02874,0
969,225.96997,50.99427,335.04459,8,0,0,0.29118,0.75068,2.44949,285.01608,2.98846,347.72937,0.19872,0
970,226.11300,90.09873,374.29812,12,1,0,0.26106,1.00000,6.00000,698.14392,7.64089,889.07312,0.29107,0
971,225.97243,129.69962,335.50330,12,1,0,0.26017,1.00000,6.00000,698.14392,7.27822,846.87421,0.28589,0
972,226.11546,168.80408,374.75684,12,1,0,0.26034,1.00000,6.00000,698.14392,7.64218,889.22357,0.28621,0
973,225.97489,208.40497,335.96202,12,1,0,0.25352,1.00000,6.92820,806.14716,7.61115,885.61243,0.28410,0
974,226.11792,247.50943,375.21555,12,1,0,0.24965,1.00000,7.00000,814.50128,8.01734,932.87585,0.29274,0
975,225.97735,287.11032,336.42073,12,1,0,0.26304,1.00000,6.40312,745.05042,7.42653,864.13110,0.28570,0
976,226.12038,326.21478,375.67426,12,1,0,0.25619,1.00000,6.00000,698.14392,7.73216,899.69336,0.28429,0
977,225.97981,365.81567,336.87945,12,1,0,0.26441,1.00000,6.00000,698.14392,7.63945,888.90558,0.29562,0
978,226.12284,404.92014,376.13298,12,1,0,0.26248,1.00000,6.00000,698.14392,7.75364,902.19330,0.28339,0
979,225.98227,444.52102,337.33816,12,1,0,0.26033,1.00000,5.47723,637.31531,7.43840,865.51178,0.27104,0
980,225.98472,523.22638,337.79687,12,1,0,0.25804,1.00000,6.16441,717.27472,8.09034,941.36981,0.29933,0
981,225.98718,601.93173,338.25559,12,1,0,0.26022,1.00000,6.00000,698.14392,7.81882,909.77710,0.29203,0
982,225.98964,680.63708,338.71430,12,1,0,0.25193,1.00000,6.00000,698.14392,7.85453,913.93188,0.28352,0
983,225.99210,759.34243,339.17301,8,0,0,0.00000,0.00000,0.00000,0.00000,0.00000,0.00000,0.03034,0
984,226.25357,50.49784,413.09294,8,0,0,0.30769,0.83799,3.60555,419.53229,3.88571,452.13132,0.19981,0
985,226.25603,129.20319,413.55166,12,1,0,0.25483,1.00000,5.83095,678.47394,7.54448,877.85541,0.28474,0
986,226.25849,207.90854,414.01037,12,1,0,0.27185,1.00000,6.00000,698.14392,7.26502,845.33807,0.27827,0
987,226.26095,286.61390,414.46908,12,1,0,0.25449,1.00000,6.00000,698.14392,7.56555,880.30707,0.28768,0
988,226.26341,365.31925,414.92780,12,1,0,0.25371,1.00000,6.40312,745.05042,7.67855,893.45605,0.27789,0
989,226.26587,444.02460,415.38651,12,1,0,0.25105,1.00000,6.08276,707.77399,7.86679,915.35846,0.27962,0
990,226.12530,483.62549,376.59169,12,1,0,0.24896,1.00000,6.08276,707.77399,7.92121,921.69135,0.29856,0
991,226.26833,522.72995,415.84522,12,1,0,0.25400,1.00000,6.08276,707.77399,8.06392,938.29590,0.29299,0
992,226.12775,562.33084,377.05041,12,1,0,0.25086,1.00000,6.08276,707.77399,8.00194,931.08453,0.29382,0
993,226.27078,601.43530,416.30394,12,1,0,0.25123,1.00000,6.16441,717.27472,7.82382,910.35870,0.28813,0
994,226.13021,641.03619,377.50912,12,1,0,0.25174,1.00000,6.00000,698.14392,8.08092,940.27405,0.30618,0
995,226.27324,680.14065,416.76265,12,1,0,0.25759,1.00000,6.00000,698.14392,7.80230,907.85449,0.28582,0
996,226.13267,719.74154,377.96783,12,1,0,0.25400,1.00000,6.08276,707.77399,8.04490,936.08337,0.29274,0
997,226.27570,758.84600,417.22137,8,0,0,0.00000,0.00000,0.00000,0.00000,0.00000,0.00000,0.02675,0
998,226.53717,50.00142,491.14129,8,0,0,0.30586,0.85319,3.00000,349.07196,4.05686,472.04559,0.19667,0
999,226.39660,89.60230,452.34647,12,1,0,0.25160,1.00000,6.00000,698.14392,7.82350,910.32123,0.29421,0
1000,226.53963,128.70677,491.60001,12,1,0,0.25745,1.00000,6.00000,698.14392,7.54518,877.93701,0.27776,0
1001,226.39906,168.30766,452.80519,12,1,0,0.25140,1.00000,6.00000,698.14392,7.92080,921.64288,0.29101,0
1002,226.54209,207.41212,492.05872,12,1,0,0.25368,1.00000,6.00000,698.14392,7.76947,904.03497,0.28941,0
1003,226.40152,247.01301,453.26390,12,1,0,0.25087,1.00000,6.00000,698.14392,7.91383,920.83191,0.28710,0
1004,226.54455,286.11747,492.51744,12,1,0,0.25585,1.00000,6.00000,698.14392,7.75660,902.53723,0.28730,0
1005,226.40398,325.71836,453.72262,12,1,0,0.25035,1.00000,6.08276,707.77399,7.90767,920.11536,0.28819,0
1006,226.54701,364.82282,492.97615,12,1,0,0.24845,1.00000,6.40312,745.05042,8.12518,945.42419,0.29728,0
1007,226.40644,404.42371,454.18133,12,1,0,0.24582,1.00000,7.00000,814.50128,7.94478,924.43280,0.28595,0
1008,226.54947,443.52817,493.43486,12,1,0,0.24896,1.00000,6.00000,698.14392,7.95209,925.28387,0.29203,0
1009,226.40890,483.12906,454.64004,12,1,0,0.24455,1.00000,6.08276,707.77399,8.18328,952.18457,0.30317,0
1010,226.55193,522.23352,493.89358,12,1,0,0.24760,1.00000,6.08276,707.77399,8.21197,955.52313,0.28858,0
1011,226.41136,561.83441,455.09876,12,1,0,0.24658,1.00000,6.00000,698.14392,8.11319,944.02924,0.30982,0
1012,226.55439,600.93887,494.35229,12,1,0,0.25035,1.00000,6.00000,698.14392,8.03598,935.04535,0.29882,0
1013,226.41381,640.53976,455.55747,12,1,0,0.24326,1.00000,6.08276,707.77399,8.12069,944.90222,0.30432,0
1014,226.55684,679.64423,494.81100,12,1,0,0.24791,1.00000,6.08276,707.77399,7.86500,915.15051,0.28781,0
1015,226.41627,719.24511,456.01619,12,1,0,0.25157,1.00000,6.00000,698.14392,7.87600,916.43054,0.28467,0
1016,226.55930,758.34958,495.26972,8,0,0,0.00000,0.00000,0.00000,0.00000,0.00000,0.00000,0.02829,0
1017,226.82077,49.50499,569.18965,8,0,0,0.31208,0.91243,4.00000,465.42929,4.58487,533.48322,0.20845,0
1018,226.68020,89.10588,530.39483,12,1,0,0.24843,1.00000,6.00000,698.14392,7.89537,918.68365,0.28467,0
1019,226.82323,128.21034,569.64836,12,1,0,0.25319,1.00000,6.00000,698.14392,7.71829,898.07953,0.28192,0
1020,226.68266,167.81123,530.85354,12,1,0,0.25369,1.00000,6.08276,707.77399,7.88727,917.74121,0.28717,0
1021,226.82569,206.91569,570.10707,12,1,0,0.25740,1.00000,6.00000,698.14392,8.10915,943.55865,0.30285,0
1022,226.68512,246.51658,531.31225,12,1,0,0.24913,1.00000,7.00000,814.50128,8.15094,948.42163,0.30048,0
1023,226.82815,285.62104,570.56579,12,1,0,0.24653,1.00000,7.00000,814.50128,8.07615,939.71930,0.30477,0
1024,226.68758,325.22193,531.77097,12,1,0,0.24965,1.00000,6.00000,698.14392,8.15064,948.38629,0.29280,0
1025,226.83061,364.32639,571.02450,12,1,0,0.26838,1.00000,5.38516,626.60333,7.30674,850.19275,0.26246,0
1026,226.69004,403.92728,532.22968,12,1,0,0.24844,1.00000,6.08276,707.77399,8.10350,942.90125,0.29574,0
1027,226.83307,443.03175,571.48321,12,1,0,0.25104,1.00000,6.00000,698.14392,8.17849,951.62775,0.29062,0
1028,226.69250,482.63263,532.68840,12,1,0,0.25017,1.00000,6.00000,698.14392,8.26945,962.21106,0.30208,0
1029,226.83553,521.73710,571.94193,12,1,0,0.25086,1.00000,7.00000,814.50128,8.46940,985.47662,0.31213,0
1030,226.69496,561.33799,533.14711,12,1,0,0.24845,1.00000,6.08276,707.77399,8.26024,961.13959,0.29722,0
1031,226.83799,600.44245,572.40064,12,1,0,0.24500,1.00000,6.00000,698.14392,8.29981,965.74341,0.30010,0
1032,226.69742,640.04334,533.60582,12,1,0,0.24742,1.00000,7.00000,814.50128,8.27183,962.48785,0.31085,0
1033,226.84045,679.14780,572.85936,12,1,0,0.25611,1.00000,7.00000,814.50128,7.99432,930.19769,0.29325,0
1034,226.69988,718.74869,534.06454,12,1,0,0.25087,1.00000,6.00000,698.14392,7.95194,925.26636,0.29613,0
1035,226.84291,757.85315,573.31807,8,0,0,0.00000,0.00000,0.00000,0.00000,0.00000,0.00000,0.02746,0
1036,227.10438,49.00856,647.23800,8,0,0,0.32663,0.93169,3.60555,419.53229,4.76652,554.61926,0.19757,0
1037,226.96380,88.60945,608.44318,12,1,0,0.25386,1.00000,6.16441,717.27472,7.82442,910.42834,0.28538,0
1038,227.10684,127.71392,647.69671,12,1,0,0.25353,1.00000,6.00000,698.14392,7.91715,921.21826,0.28826,0
1039,226.96626,167.31480,608.90189,12,1,0,0.25634,1.00000,6.00000,698.14392,7.94281,924.20398,0.27994,0
1040,227.10929,206.41927,648.15543,12,1,0,0.25608,1.00000,5.83095,678.47394,7.59822,884.10889,0.27834,0
1041,226.96872,246.02016,609.36061,12,1,0,0.25961,1.00000,6.00000,698.14392,7.43164,864.72559,0.27770,0
1042,227.11175,285.12462,648.61414,12,1,0,0.24655,1.00000,7.00000,814.50128,8.27536,962.89929,0.29741,0
1043,226.97118,324.72551,609.81932,12,1,0,0.25578,1.00000,6.00000,698.14392,8.10948,943.59705,0.28301,0
1044,227.11421,363.82997,649.07285,12,1,0,0.25295,1.00000,6.08276,707.77399,8.28782,964.34875,0.29472,0
1045,226.97364,403.43086,610.27803,12,1,0,0.24504,1.00000,6.08276,707.77399,8.17211,950.88477,0.29376,0
1046,227.11667,442.53532,649.53157,12,1,0,0.24879,1.00000,6.00000,698.14392,8.35566,972.24261,0.30509,0
1047,226.97610,482.13621,610.73675,12,1,0,0.25034,1.00000,6.16441,717.27472,8.28237,963.71490,0.29741,0
1048,227.11913,521.24067,649.99028,12,1,0,0.25121,1.00000,6.00000,698.14392,8.40855,978.39661,0.30182,0
1049,226.97856,560.84156,611.19546,12,1,0,0.25646,1.00000,6.00000,698.14392,8.25824,960.90723,0.29683,0
1050,227.12159,599.94602,650.44899,12,1,0,0.24983,1.00000,6.08276,707.77399,8.42242,980.01019,0.30080,0
1051,226.98102,639.54691,611.65418,12,1,0,0.24862,1.00000,7.00000,814.50128,8.28936,964.52765,0.30739,0
1052,227.12405,678.65137,650.90771,12,1,0,0.24776,1.00000,6.08276,707.77399,8.18528,952.41760,0.29498,0
1053,226.98348,718.25226,612.11289,12,1,0,0.25455,1.00000,6.00000,698.14392,8.00738,931.71722,0.30016,0
1054,227.24741,88.11303,686.49153,12,1,0,0.24826,1.00000,6.00000,698.14392,7.97785,928.28168,0.28992,0
1055,227.24987,166.81838,686.95024,12,1,0,0.25740,1.00000,6.08276,707.77399,8.08712,940.99506,0.29350,0
1056,227.25232,245.52373,687.40896,12,1,0,0.24618,1.00000,6.00000,698.14392,8.05221,936.93359,0.28589,0
1057,227.25478,324.22908,687.86767,12,1,0,0.25259,1.00000,6.00000,698.14392,8.21124,955.43835,0.29690,0
1058,227.25724,402.93443,688.32639,12,1,0,0.24914,1.00000,6.00000,698.14392,8.27242,962.55652,0.28493,0
1059,227.25970,481.63978,688.78510,12,1,0,0.24588,1.00000,6.00000,698.14392,8.19327,953.34705,0.28416,0
1060,227.26216,560.34513,689.24381,12,1,0,0.24742,1.00000,6.08276,707.77399,8.39355,976.65131,0.30272,0
1061,227.26462,639.05049,689.70253,12,1,0,0.24897,1.00000,6.00000,698.14392,8.40638,978.14429,0.31034,0
1062,227.26708,717.75584,690.16124,12,1,0,0.25759,1.00000,6.00000,698.14392,7.77790,905.01514,0.28378,0
1063,227.12651,757.35672,651.36642,8,0,0,0.00000,0.00000,0.00000,0.00000,0.00000,0.00000,0.03149,0
1064,227.38798,48.51214,725.28635,8,0,0,0.30825,0.84703,3.16228,367.95416,3.82385,444.93326,0.21248,0
1065,227.53101,87.61660,764.53988,8,0,0,0.28147,0.78348,3.00000,349.07196,3.05794,355.81329,0.17978,0
1066,227.39044,127.21749,725.74506,12,1,0,0.25177,1.00000,5.74456,668.42194,7.78192,905.48297,0.28954,0
1067,227.53347,166.32195,764.99860,8,0,0,0.26343,0.71031,2.00000,232.71465,2.54099,295.66290,0.17613,0
1068,227.39290,205.92284,726.20378,12,1,0,0.25404,1.00000,6.00000,698.14392,7.93591,923.40131,0.29395,0
1069,227.53593,245.02730,765.45731,8,0,0,0.25241,0.65014,2.00000,232.71465,0.00000,0.00000,0.17805,0
1070,227.39535,284.62819,726.66249,12,1,0,0.24860,1.00000,7.00000,814.50128,7.99516,930.29547,0.28339,0
1071,227.53838,323.73265,765.91602,8,0,0,0.26514,0.70360,2.00000,232.71465,2.34333,272.66397,0.17293,0
1072,227.39781,363.33354,727.12121,12,1,0,0.24759,1.00000,6.16441,717.27472,8.31441,967.44226,0.29069,0
1073,227.54084,402.43801,766.37474,8,0,0,0.26365,0.73563,2.00000,232.71465,1.92895,224.44714,0.17178,0
1074,227.40027,442.03889,727.57992,12,1,0,0.24983,1.00000,6.00000,698.14392,8.15531,948.93024,0.29107,0
1075,227.54330,481.14336,766.83345,8,0,0,0.27115,0.74719,3.00000,349.07196,2.59591,302.05255,0.18214,0
1076,227.40273,520.74425,728.03863,12,1,0,0.24725,1.00000,6.08276,707.77399,8.23053,957.68250,0.28346,0
1077,227.54576,559.84871,767.29217,8,0,0,0.28079,0.79387,2.82843,329.10822,3.16446,368.20773,0.17568,0
1078,227.40519,599.44960,728.49735,12,1,0,0.24245,1.00000,7.00000,814.50128,8.32005,968.09845,0.29254,0
1079,227.54822,638.55406,767.75088,8,0,0,0.26706,0.76056,3.00000,349.07196,2.91731,339.45010,0.18022,0
1080,227.40765,678.15495,728.95606,12,1,0,0.24812,1.00000,6.08276,707.77399,8.30969,966.89325,0.29178,0
1081,227.55068,717.25941,768.20959,8,0,0,0.29256,0.84225,3.00000,349.07196,3.77560,439.31824,0.18688,0
1082,227.41011,756.86030,729.41477,8,0,0,0.00000,0.00000,0.00000,0.00000,0.00000,0.00000,0.02803,0
1083,264.18573,52.77984,61.79271,5,0,0,0.24284,0.48501,1.41421,164.55411,0.00000,0.00000,0.10822,0
1084,264.32876,91.88431,101.04624,12,1,0,0.25295,1.00000,6.00000,698.14392,8.12886,945.85266,0.30182,0
1085,264.18819,131.48519,62.25142,8,0,0,0.29182,0.88451,4.00000,465.42929,4.32389,503.11584,0.17690,0
1086,264.33122,170.58966,101.50495,12,1,0,0.24192,1.00000,6.08276,707.77399,8.54207,993.93213,0.31104,0
1087,264.19065,210.19054,62.71013,8,0,0,0.29048,0.83791,3.00000,349.07196,3.65650,425.46103,0.18406,0
1088,264.33368,249.29501,101.96367,12,1,0,0.24405,1.00000,7.00000,814.50128,8.41411,979.04333,0.30035,0
1089,264.19310,288.89590,63.16885,8,0,0,0.29519,0.83880,3.16228,367.95416,3.69978,430.49670,0.18118,0
1090,264.33613,328.00036,102.42238,12,1,0,0.24624,1.00000,6.40312,745.05042,8.36266,973.05688,0.29971,0
1091,264.19556,367.60125,63.62756,8,0,0,0.28322,0.82720,3.00000,349.07196,3.34457,389.16464,0.18246,0
1092,264.33859,406.70571,102.88109,12,1,0,0.24504,1.00000,6.08276,707.77399,8.42686,980.52631,0.29683,0
1093,264.19802,446.30660,64.08627,8,0,0,0.27838,0.77260,3.00000,349.07196,2.82994,329.28403,0.18406,0
1094,264.34105,485.41106,103.33981,12,1,0,0.24571,1.00000,6.00000,698.14392,8.52612,992.07697,0.30195,0
1095,264.20048,525.01195,64.54499,8,0,0,0.28320,0.80332,2.82843,329.10822,2.98656,347.50763,0.18822,0
1096,264.34351,564.11641,103.79852,12,1,0,0.24744,1.00000,7.00000,814.50128,8.57967,998.30756,0.30368,0
1097,264.20294,603.71730,65.00370,8,0,0,0.28447,0.81267,2.23607,260.18289,3.22466,375.21252,0.18797,0
1098,264.34597,642.82176,104.25724,12,1,0,0.24880,1.00000,6.08276,707.77399,8.65110,1006.61871,0.32173,0
1099,264.20540,682.42265,65.46242,8,0,0,0.27639,0.80899,3.00000,349.07196,3.31042,385.19122,0.17907,0
1100,264.34843,721.52711,104.71595,12,1,0,0.24582,1.00000,6.08276,707.77399,8.01778,932.92755,0.30982,0
1101,264.20786,761.12800,65.92113,5,0,0,0.00000,0.00000,0.00000,0.00000,0.00000,0.00000,0.01203,0
1102,264.46933,52.28342,139.84106,8,0,0,0.30344,0.89076,4.00000,465.42929,4.39374,511.24408,0.19942,0
1103,264.61236,91.38788,179.09459,12,1,0,0.25176,1.00000,6.00000,698.14392,7.82299,910.26215,0.28966,0
1104,264.47179,130.98877,140.29977,12,1,0,0.24691,1.00000,6.92820,806.14716,7.92427,922.04688,0.29050,0
1105,264.61482,170.09323,179.55330,12,1,0,0.24948,1.00000,6.00000,698.14392,7.95649,925.79602,0.28518,0
1106,264.47425,209.69412,140.75849,12,1,0,0.24604,1.00000,6.08276,707.77399,8.16791,950.39563,0.29357,0
1107,264.61728,248.79858,180.01202,12,1,0,0.25296,1.00000,6.00000,698.14392,8.00215,931.10883,0.28870,0
1108,264.47671,288.39947,141.21720,12,1,0,0.24688,1.00000,6.00000,698.14392,8.16445,949.99359,0.29056,0
1109,264.61974,327.50393,180.47073,12,1,0,0.24493,1.00000,6.00000,698.14392,8.07408,939.47864,0.29325,0
1110,264.47916,367.10482,141.67591,12,1,0,0.24861,1.00000,6.00000,698.14392,8.20120,954.26929,0.28486,0
1111,264.62219,406.20928,180.92945,12,1,0,0.24508,1.00000,7.00000,814.50128,8.34315,970.78625,0.30182,0
1112,264.48162,445.81017,142.13463,12,1,0,0.24725,1.00000,6.00000,698.14392,8.41570,979.22809,0.30259,0
1113,264.62465,484.91464,181.38816,12,1,0,0.24913,1.00000,7.00000,814.50128,8.28522,964.04584,0.29747,0
1114,264.48408,524.51552,142.59334,12,1,0,0.24791,1.00000,6.00000,698.14392,8.40319,977.77319,0.29632,0
1115,264.48654,603.22087,143.05205,12,1,0,0.24863,1.00000,6.00000,698.14392,8.12948,945.92444,0.28704,0
1116,264.48900,681.92623,143.51077,12,1,0,0.25035,1.00000,6.00000,698.14392,7.93663,923.48523,0.29139,0
1117,264.49146,760.63158,143.96948,8,0,0,0.00000,0.00000,0.00000,0.00000,0.00000,0.00000,0.02573,0
1118,264.75293,51.78699,217.88941,8,0,0,0.30263,0.81694,3.00000,349.07196,3.70660,431.29050,0.19002,0
1119,264.75539,130.49234,218.34812,12,1,0,0.25230,1.00000,6.08276,707.77399,7.67649,893.21594,0.27635,0
1120,264.75785,209.19769,218.80684,12,1,0,0.25138,1.00000,6.00000,698.14392,8.04572,936.17792,0.29446,0
1121,264.76031,287.90304,219.26555,12,1,0,0.26131,1.00000,5.65685,658.21643,7.55277,878.82056,0.26739,0
1122,264.76277,366.60840,219.72427,12,1,0,0.24721,1.00000,6.00000,698.14392,7.97666,928.14240,0.28570,0
1123,264.76522,445.31375,220.18298,12,1,0,0.25052,1.00000,6.08276,707.77399,8.14878,948.17078,0.29824,0
1124,264.76768,524.01910,220.64169,12,1,0,0.26037,1.00000,6.00000,698.14392,7.74932,901.68964,0.27290,0
1125,264.62711,563.61999,181.84687,12,1,0,0.24352,1.00000,7.00000,814.50128,8.42041,979.77686,0.30259,0
1126,264.77014,602.72445,221.10041,12,1,0,0.25069,1.00000,6.00000,698.14392,8.27014,962.29108,0.29971,0
1127,264.62957,642.32534,182.30559,12,1,0,0.25035,1.00000,7.00000,814.50128,8.22645,957.20715,0.31706,0
1128,264.77260,681.42980,221.55912,12,1,0,0.25106,1.00000,6.08276,707.77399,7.87465,916.27350,0.27693,0
1129,264.63203,721.03069,182.76430,12,1,0,0.25298,1.00000,6.00000,698.14392,7.95561,925.69318,0.30374,0
1130,264.77506,760.13515,222.01783,8,0,0,0.00000,0.00000,0.00000,0.00000,0.00000,0.00000,0.02912,0
1131,265.03653,51.29056,295.93776,8,0,0,0.30479,0.82369,3.16228,367.95416,3.75454,436.86832,0.20314,0
1132,264.89596,90.89145,257.14294,12,1,0,0.28858,0.90191,3.00000,349.07196,4.30717,501.17105,0.23725,0
1133,265.03899,129.99592,296.39648,12,1,0,0.25318,1.00000,6.00000,698.14392,7.76046,902.98676,0.29485,0
1134,264.89842,169.59680,257.60166,12,1,0,0.24965,1.00000,6.00000,698.14392,7.87376,916.16974,0.28934,0
1135,265.04145,208.70127,296.85519,12,1,0,0.25524,1.00000,6.00000,698.14392,7.96426,926.70020,0.28966,0
1136,264.90088,248.30216,258.06037,12,1,0,0.25400,1.00000,6.00000,698.14392,8.06903,938.89093,0.29472,0
1137,265.04391,287.40662,297.31390,12,1,0,0.25140,1.00000,7.00000,814.50128,7.97445,927.88586,0.29600,0
1138,264.90334,327.00751,258.51908,12,1,0,0.26215,1.00000,5.09902,593.30829,7.30033,849.44647,0.25888,0
1139,265.04637,366.11197,297.77262,12,1,0,0.25636,1.00000,6.00000,698.14392,8.10581,943.16980,0.29946,0
1140,264.90580,405.71286,258.97780,12,1,0,0.25434,1.00000,6.08276,707.77399,8.08034,940.20697,0.29082,0
1141,265.04883,444.81732,298.23133,12,1,0,0.25346,1.00000,7.00000,814.50128,8.31968,968.05573,0.30374,0
1142,264.90825,484.41821,259.43651,12,1,0,0.24897,1.00000,6.08276,707.77399,8.12603,945.52252,0.28902,0
1143,265.05129,523.52267,298.69004,12,1,0,0.26215,1.00000,5.00000,581.78662,7.30872,850.42352,0.27802,0
1144,264.91071,563.12356,259.89523,12,1,0,0.25645,1.00000,6.08276,707.77399,8.23017,957.64056,0.30624,0
1145,265.05374,602.22802,299.14876,12,1,0,0.25436,1.00000,7.00000,814.50128,8.10384,942.94067,0.29613,0
1146,264.91317,641.82891,260.35394,12,1,0,0.25243,1.00000,6.08276,707.77399,8.14163,947.33875,0.29862,0
1147,265.05620,680.93337,299.60747,12,1,0,0.25512,1.00000,6.00000,698.14392,7.82730,910.76331,0.28141,0
1148,264.91563,720.53426,260.81265,12,1,0,0.25175,1.00000,6.00000,698.14392,7.85490,913.97534,0.29088,0
1149,265.05866,759.63873,300.06619,8,0,0,0.00000,0.00000,0.00000,0.00000,0.00000,0.00000,0.03046,0
1150,265.32013,50.79414,373.98611,8,0,0,0.29196,0.78846,2.82843,329.10822,3.32541,386.93579,0.20019,0
1151,265.17956,90.39503,335.19129,12,1,0,0.25480,1.00000,6.00000,698.14392,7.66442,891.81097,0.29056,0
1152,265.32259,129.49949,374.44483,12,1,0,0.24982,1.00000,6.08276,707.77399,7.75245,902.05444,0.30144,0
1153,265.18202,169.10038,335.65001,12,1,0,0.25690,1.00000,6.00000,698.14392,7.66598,891.99268,0.27610,0
1154,265.32505,208.20484,374.90354,12,1,0,0.25637,1.00000,6.00000,698.14392,7.73052,899.50232,0.29325,0
1155,265.18448,247.80573,336.10872,12,1,0,0.26099,1.00000,6.08276,707.77399,7.76895,903.97394,0.28832,0
1156,265.32751,286.91019,375.36226,12,1,0,0.25035,1.00000,6.00000,698.14392,7.92072,921.63403,0.30765,0
1157,265.18694,326.51108,336.56744,12,1,0,0.24895,1.00000,6.00000,698.14392,7.90652,919.98169,0.28909,0
1158,265.32997,365.61554,375.82097,12,1,0,0.25247,1.00000,6.00000,698.14392,7.86242,914.85071,0.30816,0
1159,265.18940,405.21643,337.02615,12,1,0,0.25557,1.00000,6.08276,707.77399,7.96956,927.31628,0.28742,0
1160,265.33243,444.32089,376.27968,12,1,0,0.25438,1.00000,6.08276,707.77399,7.96077,926.29431,0.28634,0
1161,265.19186,483.92178,337.48486,12,1,0,0.24690,1.00000,6.16441,717.27472,8.03171,934.54822,0.28275,0
1162,265.33489,523.02625,376.73840,12,1,0,0.25017,1.00000,6.00000,698.14392,8.07576,939.67413,0.30522,0
1163,265.19432,562.62713,337.94358,12,1,0,0.25192,1.00000,6.00000,698.14392,7.95091,925.14648,0.28397,0
1164,265.33735,601.73160,377.19711,12,1,0,0.25333,1.00000,6.00000,698.14392,7.95085,925.13953,0.29325,0
1165,265.19677,641.33249,338.40229,12,1,0,0.24603,1.00000,7.00000,814.50128,8.17301,950.98987,0.30349,0
1166,265.33980,680.43695,377.65582,12,1,0,0.24774,1.00000,6.00000,698.14392,8.04803,936.44720,0.28986,0
1167,265.19923,720.03784,338.86101,12,1,0,0.25887,1.00000,6.00000,698.14392,7.88220,917.15186,0.28390,0
1168,265.34226,759.14230,378.11454,8,0,0,0.00000,0.00000,0.00000,0.00000,0.00000,0.00000,0.02797,0
1169,265.60373,50.29771,452.03447,8,0,0,0.32119,0.93315,4.12311,479.75351,4.63278,539.05829,0.19302,0
1170,265.46316,89.89860,413.23965,12,1,0,0.25663,1.00000,6.00000,698.14392,7.59958,884.26624,0.28416,0
1171,265.60619,129.00306,452.49318,12,1,0,0.25688,1.00000,6.00000,698.14392,7.75263,902.07532,0.29434,0
1172,265.46562,168.60395,413.69836,12,1,0,0.25449,1.00000,6.08276,707.77399,7.61726,886.32373,0.27424,0
1173,265.60865,207.70841,452.95189,12,1,0,0.24638,1.00000,6.40312,745.05042,7.95585,925.72162,0.29600,0
1174,265.46808,247.30930,414.15707,12,1,0,0.24947,1.00000,7.00000,814.50128,7.84218,912.49451,0.28429,0
1175,265.61111,286.41377,453.41061,12,1,0,0.24772,1.00000,7.00000,814.50128,7.92474,922.10107,0.29933,0
1176,265.47054,326.01465,414.61579,12,1,0,0.25121,1.00000,6.08276,707.77399,7.97806,928.30524,0.28045,0
1177,265.61357,365.11912,453.86932,12,1,0,0.24689,1.00000,6.08276,707.77399,8.05328,937.05853,0.29651,0
1178,265.47300,404.72001,415.07450,12,1,0,0.24879,1.00000,6.08276,707.77399,7.92831,922.51721,0.28179,0
1179,265.61603,443.82447,454.32803,12,1,0,0.24522,1.00000,7.00000,814.50128,8.40371,977.83356,0.31104,0
1180,265.47546,483.42536,415.53322,12,1,0,0.25087,1.00000,6.08276,707.77399,7.85377,913.84351,0.28397,0
1181,265.61849,522.52982,454.78675,12,1,0,0.24282,1.00000,6.08276,707.77399,8.34084,970.51819,0.30131,0
1182,265.47792,562.13071,415.99193,12,1,0,0.24606,1.00000,6.08276,707.77399,8.11316,944.02539,0.29779,0
1183,265.62095,601.23517,455.24546,12,1,0,0.24334,1.00000,7.00000,814.50128,8.30428,966.26324,0.30976,0
1184,265.48038,640.83606,416.45064,12,1,0,0.24930,1.00000,6.00000,698.14392,7.98762,929.41858,0.30144,0
1185,265.62341,679.94052,455.70418,12,1,0,0.24689,1.00000,6.00000,698.14392,8.03610,935.05859,0.29792,0
1186,265.48283,719.54141,416.90936,12,1,0,0.25279,1.00000,6.08276,707.77399,7.88270,917.20990,0.29107,0
1187,265.74676,89.40218,491.28800,12,1,0,0.25248,1.00000,6.08276,707.77399,7.76566,903.59131,0.28512,0
1188,265.74922,168.10753,491.74671,12,1,0,0.25905,1.00000,6.00000,698.14392,7.76410,903.40973,0.28442,0
1189,265.75168,246.81288,492.20543,12,1,0,0.25331,1.00000,6.00000,698.14392,7.92910,922.60846,0.28877,0
1190,265.75414,325.51823,492.66414,12,1,0,0.24947,1.00000,6.08276,707.77399,7.91281,920.71338,0.27962,0
1191,265.75660,404.22358,493.12285,12,1,0,0.25918,1.00000,7.00000,814.50128,7.76021,902.95734,0.28755,0
1192,265.75906,482.92893,493.58157,12,1,0,0.24811,1.00000,6.92820,806.14716,8.02678,933.97430,0.30035,0
1193,265.76152,561.63428,494.04028,12,1,0,0.24897,1.00000,6.08276,707.77399,8.12225,945.08331,0.29805,0
1194,265.76398,640.33963,494.49900,12,1,0,0.24722,1.00000,6.00000,698.14392,8.03630,935.08289,0.29395,0
1195,265.76644,719.04498,494.95771,12,1,0,0.25708,1.00000,6.00000,698.14392,7.82709,910.73962,0.28422,0
1196,265.62586,758.64587,456.16289,8,0,0,0.00000,0.00000,0.00000,0.00000,0.00000,0.00000,0.02931,0
1197,265.88734,49.80129,530.08282,8,0,0,0.30600,0.84066,3.00000,349.07196,3.72561,433.50198,0.20461,0
1198,266.03037,88.90575,569.33635,12,1,0,0.25299,1.00000,6.00000,698.14392,7.79998,907.58514,0.29165,0
1199,265.88979,128.50664,530.54153,12,1,0,0.25334,1.00000,6.92820,806.14716,7.69214,895.03717,0.28877,0
1200,266.03282,167.61110,569.79506,12,1,0,0.25404,1.00000,6.00000,698.14392,7.97640,928.11218,0.28954,0
1201,265.89225,207.21199,531.00025,12,1,0,0.25759,1.00000,7.00000,814.50128,7.89969,919.18738,0.29427,0
1202,266.03528,246.31645,570.25378,12,1,0,0.25035,1.00000,6.00000,698.14392,8.13440,946.49738,0.29453,0
1203,265.89471,285.91734,531.45896,12,1,0,0.25280,1.00000,6.00000,698.14392,8.16764,950.36426,0.29997,0
1204,266.03774,325.02180,570.71249,12,1,0,0.25297,1.00000,6.08276,707.77399,8.18783,952.71362,0.29165,0
1205,265.89717,364.62269,531.91767,12,1,0,0.27273,0.99443,5.00000,581.78662,6.88335,800.92841,0.26688,0
1206,266.04020,403.72715,571.17121,12,1,0,0.25365,1.00000,6.00000,698.14392,8.13380,946.42761,0.29139,0
1207,265.89963,443.32804,532.37639,12,1,0,0.24621,1.00000,6.00000,698.14392,8.29246,964.88873,0.30394,0
1208,266.04266,482.43251,571.62992,12,1,0,0.24948,1.00000,6.00000,698.14392,8.14421,947.63904,0.28614,0
1209,265.90209,522.03339,532.83510,12,1,0,0.25348,1.00000,7.00000,814.50128,8.38086,975.17493,0.30784,0
1210,266.04512,561.13786,572.08863,12,1,0,0.25260,1.00000,7.00000,814.50128,8.28204,963.67651,0.30278,0
1211,265.90455,600.73874,533.29381,12,1,0,0.25070,1.00000,6.00000,698.14392,8.22542,957.08777,0.30528,0
1212,266.04758,639.84321,572.54735,12,1,0,0.25035,1.00000,6.00000,698.14392,8.23827,958.58270,0.31814,0
1213,265.90701,679.44410,533.75253,12,1,0,0.25122,1.00000,7.00000,814.50128,8.03858,935.34753,0.29658,0
1214,266.05004,718.54856,573.00606,12,1,0,0.25193,1.00000,6.00000,698.14392,7.81915,909.81543,0.29165,0
1215,265.90947,758.14945,534.21124,8,0,0,0.00000,0.00000,0.00000,0.00000,0.00000,0.00000,0.02867,0
1216,266.17094,49.30486,608.13117,8,0,0,0.30916,0.89503,3.60555,419.53229,4.30770,501.23291,0.20051,0
1217,266.31397,88.40932,647.38470,12,1,0,0.24365,1.00000,6.40312,745.05042,8.35249,971.87341,0.28205,0
1218,266.17340,128.01021,608.58988,12,1,0,0.25618,1.00000,6.00000,698.14392,7.84200,912.47449,0.28115,0
1219,266.31643,167.11467,647.84342,12,1,0,0.25348,1.00000,6.16441,717.27472,8.05571,937.34106,0.28954,0
1220,266.17586,206.71556,609.04860,12,1,0,0.25577,1.00000,6.00000,698.14392,8.08466,940.70923,0.28896,0
1221,266.31889,245.82003,648.30213,12,1,0,0.27190,1.00000,5.38516,626.60333,7.04504,819.74194,0.26438,0
1222,266.17831,285.42091,609.50731,12,1,0,0.24569,1.00000,6.08276,707.77399,8.26854,962.10468,0.28928,0
1223,266.32134,324.52538,648.76084,12,1,0,0.24688,1.00000,7.00000,814.50128,8.14888,948.18207,0.29216,0
1224,266.18077,364.12627,609.96603,12,1,0,0.25612,1.00000,6.00000,698.14392,8.12601,945.52045,0.29152,0
1225,266.32380,403.23073,649.21956,12,1,0,0.25052,1.00000,6.00000,698.14392,8.14578,947.82068,0.28506,0
1226,266.18323,442.83162,610.42474,12,1,0,0.25035,1.00000,6.00000,698.14392,8.12492,945.39392,0.29414,0
1227,266.32626,481.93608,649.67827,12,1,0,0.25000,1.00000,6.00000,698.14392,8.23613,958.33392,0.29101,0
1228,266.18569,521.53697,610.88345,12,1,0,0.24589,1.00000,6.16441,717.27472,8.31992,968.08313,0.30022,0
1229,266.32872,560.64143,650.13699,12,1,0,0.24420,1.00000,7.00000,814.50128,8.39778,977.14368,0.29990,0
1230,266.18815,600.24232,611.34217,12,1,0,0.24879,1.00000,6.00000,698.14392,8.33448,969.77728,0.30189,0
1231,266.33118,639.34678,650.59570,12,1,0,0.24587,1.00000,7.00000,814.50128,8.33398,969.72009,0.30374,0
1232,266.19061,678.94767,611.80088,12,1,0,0.25738,1.00000,6.00000,698.14392,8.03986,935.49677,0.29331,0
1233,266.33364,718.05213,651.05441,12,1,0,0.24965,1.00000,6.08276,707.77399,8.08282,940.49518,0.30682,0
1234,266.19307,757.65302,612.25959,8,0,0,0.00000,0.00000,0.00000,0.00000,0.00000,0.00000,0.02784,0
1235,266.45454,48.80843,686.17952,8,0,0,0.31038,0.94944,3.74166,435.36926,5.04233,586.71185,0.19731,0
1236,266.59757,87.91290,725.43305,12,1,0,0.24931,1.00000,7.00000,814.50128,8.31832,967.89728,0.29139,0
1237,266.45700,127.51379,686.63824,12,1,0,0.24232,1.00000,7.00000,814.50128,8.18811,952.74670,0.29088,0
1238,266.60003,166.61825,725.89177,12,1,0,0.24536,1.00000,6.00000,698.14392,8.38224,975.33484,0.29702,0
1239,266.45946,206.21914,687.09695,12,1,0,0.25070,1.00000,6.00000,698.14392,7.89887,919.09149,0.28058,0
1240,266.60249,245.32360,726.35048,12,1,0,0.24706,1.00000,6.00000,698.14392,8.30325,966.14343,0.29715,0
1241,266.46192,284.92449,687.55566,12,1,0,0.25580,1.00000,6.00000,698.14392,7.97453,927.89532,0.27629,0
1242,266.60495,324.02895,726.80920,12,1,0,0.25226,1.00000,7.00000,814.50128,8.16237,949.75159,0.29114,0
1243,266.46437,363.62984,688.01438,12,1,0,0.24846,1.00000,6.00000,698.14392,8.32944,969.19177,0.28723,0
1244,266.60740,402.73430,727.26791,12,1,0,0.24861,1.00000,6.08276,707.77399,8.36486,973.31281,0.30522,0
1245,266.46683,442.33519,688.47309,12,1,0,0.24091,1.00000,7.00000,814.50128,8.34215,970.67041,0.30266,0
1246,266.60986,481.43965,727.72662,12,1,0,0.24463,1.00000,6.08276,707.77399,8.16961,950.59406,0.28454,0
1247,266.46929,521.04054,688.93180,12,1,0,0.24913,1.00000,6.00000,698.14392,8.15461,948.84833,0.28154,0
1248,266.61232,560.14500,728.18534,12,1,0,0.24776,1.00000,6.63325,771.82721,8.23283,957.95007,0.29075,0
1249,266.47175,599.74589,689.39052,12,1,0,0.24567,1.00000,6.00000,698.14392,8.18079,951.89471,0.28864,0
1250,266.61478,638.85036,728.64405,12,1,0,0.24896,1.00000,6.00000,698.14392,8.41211,978.81085,0.30106,0
1251,266.47421,678.45124,689.84923,12,1,0,0.24878,1.00000,6.00000,698.14392,8.02636,933.92535,0.28762,0
1252,266.61724,717.55571,729.10277,12,1,0,0.24689,1.00000,7.00000,814.50128,8.18854,952.79675,0.30707,0
1253,266.47667,757.15660,690.30795,8,0,0,0.00000,0.00000,0.00000,0.00000,0.00000,0.00000,0.03226,0
1254,266.73814,48.31201,764.22787,5,0,0,0.24795,0.50000,1.41421,164.55411,0.00000,0.00000,0.11328,0
1255,266.74060,127.01736,764.68659,8,0,0,0.29665,0.78177,3.00000,349.07196,3.08563,359.03537,0.16902,0
1256,266.74306,205.72271,765.14530,8,0,0,0.27407,0.71154,2.00000,232.71465,2.33571,271.77747,0.17158,0
1257,266.74552,284.42806,765.60402,8,0,0,0.24684,0.65730,2.00000,232.71465,0.00000,0.00000,0.16960,0
1258,266.74798,363.13341,766.06273,8,0,0,0.27216,0.72527,2.00000,232.71465,2.43323,283.12366,0.17651,0
1259,266.75043,441.83876,766.52144,8,0,0,0.27071,0.75493,2.44949,285.01608,2.74200,319.05179,0.17696,0
1260,266.75289,520.54412,766.98016,8,0,0,0.26043,0.71309,2.00000,232.71465,2.12681,247.47009,0.17357,0
1261,266.75535,599.24947,767.43887,8,0,0,0.27569,0.78371,3.00000,349.07196,3.12302,363.38620,0.18912,0
1262,266.75781,677.95482,767.89758,8,0,0,0.29366,0.82240,3.31662,385.91360,3.60555,419.53217,0.17990,0
1263,266.76027,756.66017,768.35630,5,0,0,0.00000,0.00000,0.00000,0.00000,0.00000,0.00000,0.02003,0
1264,303.53589,52.57971,100.73423,8,0,0,0.28709,0.75562,2.82843,329.10822,2.95058,343.32175,0.18598,0
1265,303.39532,92.18060,61.93941,8,0,0,0.30178,0.88950,3.00000,349.07196,4.37655,509.24405,0.17907,0
1266,303.53835,131.28506,101.19294,12,1,0,0.25212,1.00000,6.00000,698.14392,7.67436,892.96759,0.28314,0
1267,303.39778,170.88595,62.39812,8,0,0,0.30077,0.88451,3.60555,419.53229,4.23969,493.31924,0.17216,0
1268,303.54081,209.99042,101.65166,12,1,0,0.25157,1.00000,6.00000,698.14392,7.98959,929.64771,0.29075,0
1269,303.40024,249.59130,62.85684,8,0,0,0.29451,0.86197,3.00000,349.07196,3.89820,453.58441,0.17907,0
1270,303.54327,288.69577,102.11037,12,1,0,0.24570,1.00000,7.00000,814.50128,8.17903,951.69055,0.28390,0
1271,303.40270,328.29666,63.31555,8,0,0,0.26834,0.77222,3.00000,349.07196,2.95058,343.32175,0.17824,0
1272,303.54573,367.40112,102.56909,12,1,0,0.23986,1.00000,6.63325,771.82721,8.11034,943.69788,0.28006,0
1273,303.40515,407.00201,63.77427,8,0,0,0.27945,0.79501,2.82843,329.10822,3.32273,386.62363,0.18598,0
1274,303.54818,446.10647,103.02780,12,1,0,0.24555,1.00000,7.00000,814.50128,8.38401,975.54065,0.30643,0
1275,303.40761,485.70736,64.23298,8,0,0,0.28155,0.81690,3.00000,349.07196,3.38245,393.57288,0.17798,0
1276,303.55064,524.81182,103.48651,12,1,0,0.24619,1.00000,6.00000,698.14392,8.12644,945.57056,0.29382,0
1277,303.41007,564.41271,64.69169,8,0,0,0.28558,0.83003,3.00000,349.07196,3.61056,420.11484,0.18483,0
1278,303.55310,603.51717,103.94523,12,1,0,0.24728,1.00000,6.08276,707.77399,8.41757,979.44562,0.30618,0
1279,303.41253,643.11806,65.15041,8,0,0,0.28947,0.83427,3.16228,367.95416,3.47636,404.49945,0.17446,0
1280,303.55556,682.22252,104.40394,12,1,0,0.24515,1.00000,6.08276,707.77399,8.08030,940.20245,0.28858,0
1281,303.41499,721.82341,65.60912,8,0,0,0.30380,0.88636,3.60555,419.53229,4.28962,499.12857,0.18944,0
1282,303.55802,760.92787,104.86265,8,0,0,0.00000,0.00000,0.00000,0.00000,0.00000,0.00000,0.02598,0
1283,303.81949,52.08329,178.78258,8,0,0,0.31610,0.86885,3.60555,419.53229,4.03389,469.37244,0.19731,0
1284,303.67892,91.68418,139.98776,12,1,0,0.25781,1.00000,6.00000,698.14392,7.72453,898.80579,0.28090,0
1285,303.82195,130.78864,179.24130,12,1,0,0.25471,1.00000,6.00000,698.14392,7.87865,916.73914,0.29939,0
1286,303.68138,170.38953,140.44648,12,1,0,0.24982,1.00000,6.00000,698.14392,7.94297,924.22278,0.28256,0
1287,303.82441,209.49399,179.70001,12,1,0,0.24654,1.00000,6.00000,698.14392,8.08014,940.18378,0.30406,0
1288,303.68384,249.09488,140.90519,12,1,0,0.25172,1.00000,6.40312,745.05042,8.32540,968.72119,0.28422,0
1289,303.82687,288.19934,180.15872,12,1,0,0.25103,1.00000,7.00000,814.50128,8.31223,967.18860,0.29344,0
1290,303.68630,327.80023,141.36390,12,1,0,0.24861,1.00000,6.00000,698.14392,8.19259,953.26740,0.28416,0
1291,303.82933,366.90469,180.61744,12,1,0,0.25279,1.00000,6.00000,698.14392,8.09328,941.71216,0.28717,0
1292,303.68876,406.50558,141.82262,12,1,0,0.24150,1.00000,7.00000,814.50128,8.34104,970.54114,0.28749,0
1293,303.83179,445.61004,181.07615,12,1,0,0.25017,1.00000,7.00000,814.50128,8.19101,953.08374,0.28717,0
1294,303.69121,485.21093,142.28133,12,1,0,0.24897,1.00000,7.00000,814.50128,8.29391,965.05670,0.29216,0
1295,303.83424,524.31539,181.53486,12,1,0,0.24740,1.00000,6.00000,698.14392,8.40729,978.24969,0.29843,0
1296,303.69367,563.91628,142.74005,12,1,0,0.24793,1.00000,7.00000,814.50128,8.22336,956.84772,0.29638,0
1297,303.83670,603.02075,181.99358,12,1,0,0.25563,1.00000,6.08276,707.77399,8.08881,941.19226,0.29869,0
1298,303.69613,642.62163,143.19876,12,1,0,0.24588,1.00000,6.00000,698.14392,8.26645,961.86163,0.29779,0
1299,303.83916,681.72610,182.45229,12,1,0,0.24948,1.00000,6.63325,771.82721,7.87605,916.43634,0.29050,0
1300,303.69859,721.32699,143.65747,12,1,0,0.26458,1.00000,6.00000,698.14392,7.56894,880.70117,0.28058,0
1301,303.84162,760.43145,182.91101,8,0,0,0.00000,0.00000,0.00000,0.00000,0.00000,0.00000,0.02861,0
1302,304.10309,51.58686,256.83093,8,0,0,0.28310,0.77222,2.82843,329.10822,2.96904,345.46906,0.18880,0
1303,303.96252,91.18775,218.03611,12,1,0,0.26381,1.00000,6.00000,698.14392,7.56263,879.96790,0.28730,0
1304,304.10555,130.29221,257.28965,12,1,0,0.25993,1.00000,6.00000,698.14392,7.55156,878.67969,0.28858,0
1305,303.96498,169.89310,218.49483,12,1,0,0.25335,1.00000,6.00000,698.14392,7.84926,913.31866,0.28442,0
1306,304.10801,208.99756,257.74836,12,1,0,0.25650,1.00000,6.00000,698.14392,7.79036,906.46509,0.29210,0
1307,303.96744,248.59845,218.95354,12,1,0,0.25334,1.00000,6.00000,698.14392,7.89567,918.71844,0.28083,0
1308,304.11047,287.70291,258.20708,12,1,0,0.25652,1.00000,6.00000,698.14392,7.69899,895.83368,0.27680,0
1309,303.96990,327.30380,219.41226,12,1,0,0.25052,1.00000,6.00000,698.14392,7.86829,915.53369,0.27891,0
1310,304.11293,366.40827,258.66579,12,1,0,0.24965,1.00000,6.08276,707.77399,7.99014,929.71161,0.28250,0
1311,303.97236,406.00915,219.87097,12,1,0,0.25262,1.00000,7.00000,814.50128,8.07738,939.86188,0.29043,0
1312,304.11539,445.11362,259.12450,12,1,0,0.25554,1.00000,7.00000,814.50128,8.09939,942.42303,0.29184,0
1313,303.97482,484.71451,220.32968,12,1,0,0.24828,1.00000,7.00000,814.50128,8.11501,944.24066,0.28704,0
1314,304.11785,523.81897,259.58322,12,1,0,0.24604,1.00000,6.16441,717.27472,8.18792,952.72394,0.28979,0
1315,303.97727,563.41986,220.78840,12,1,0,0.26840,1.00000,5.09902,593.30829,7.23044,841.31421,0.27680,0
1316,304.12030,602.52432,260.04193,12,1,0,0.25279,1.00000,6.00000,698.14392,8.03414,934.83099,0.29965,0
1317,303.97973,642.12521,221.24711,12,1,0,0.25868,1.00000,7.00000,814.50128,7.91368,920.81470,0.29421,0
1318,304.12276,681.22967,260.50064,12,1,0,0.25211,1.00000,6.00000,698.14392,7.74486,901.17126,0.28141,0
1319,303.98219,720.83056,221.70583,12,1,0,0.26297,1.00000,6.00000,698.14392,7.64777,889.87396,0.28986,0
1320,304.24612,90.69132,296.08447,12,1,0,0.27878,0.94429,4.00000,465.42929,5.13702,597.72949,0.24192,0
1321,304.24858,169.39667,296.54318,12,1,0,0.24721,1.00000,6.00000,698.14392,7.90538,919.84912,0.28269,0
1322,304.25104,248.10203,297.00189,12,1,0,0.25666,1.00000,6.00000,698.14392,7.87399,916.19592,0.28128,0
1323,304.25350,326.80738,297.46061,12,1,0,0.24620,1.00000,6.92820,806.14716,7.94479,924.43451,0.28461,0
1324,304.25596,405.51273,297.91932,12,1,0,0.24844,1.00000,6.00000,698.14392,7.92956,922.66223,0.28806,0
1325,304.25842,484.21808,298.37804,12,1,0,0.25391,1.00000,6.00000,698.14392,7.62396,887.10309,0.26317,0
1326,304.26088,562.92343,298.83675,12,1,0,0.25017,1.00000,6.08276,707.77399,8.21960,956.41040,0.30509,0
1327,304.26334,641.62878,299.29546,12,1,0,0.25139,1.00000,6.16441,717.27472,8.07488,939.57129,0.29171,0
1328,304.26579,720.33413,299.75418,12,1,0,0.25710,1.00000,6.00000,698.14392,7.81435,909.25732,0.28282,0
1329,304.12522,759.93502,260.95936,8,0,0,0.00000,0.00000,0.00000,0.00000,0.00000,0.00000,0.02899,0
1330,304.38669,51.09043,334.87929,8,0,0,0.30869,0.85833,3.16228,367.95416,3.97579,462.61276,0.17715,0
1331,304.52972,90.19490,374.13282,12,1,0,0.25193,1.00000,6.08276,707.77399,7.82963,911.03473,0.28390,0
1332,304.38915,129.79579,335.33800,12,1,0,0.25774,1.00000,6.00000,698.14392,7.49672,872.29822,0.28986,0
1333,304.53218,168.90025,374.59153,12,1,0,0.25532,1.00000,6.00000,698.14392,7.78531,905.87830,0.27565,0
1334,304.39161,208.50114,335.79671,12,1,0,0.25212,1.00000,6.00000,698.14392,7.65212,890.38043,0.28013,0
1335,304.53464,247.60560,375.05025,12,1,0,0.25402,1.00000,6.00000,698.14392,7.89881,919.08459,0.28486,0
1336,304.39407,287.20649,336.25543,12,1,0,0.25535,1.00000,6.00000,698.14392,7.54888,878.36737,0.27366,0
1337,304.53710,326.31095,375.50896,12,1,0,0.24136,1.00000,6.08276,707.77399,7.99017,929.71429,0.28045,0
1338,304.39653,365.91184,336.71414,12,1,0,0.25533,1.00000,6.00000,698.14392,7.69785,895.70178,0.27904,0
1339,304.53956,405.01630,375.96767,12,1,0,0.25227,1.00000,6.00000,698.14392,7.86737,915.42651,0.28237,0
1340,304.39899,444.61719,337.17286,12,1,0,0.24429,1.00000,6.08276,707.77399,8.00780,931.76660,0.29050,0
1341,304.54202,483.72165,376.42639,12,1,0,0.24652,1.00000,7.00000,814.50128,7.97621,928.09015,0.29530,0
1342,304.40145,523.32254,337.63157,12,1,0,0.24983,1.00000,6.00000,698.14392,8.02723,934.02679,0.28646,0
1343,304.54448,562.42700,376.88510,12,1,0,0.24657,1.00000,6.00000,698.14392,8.17783,951.55090,0.28544,0
1344,304.40391,602.02789,338.09028,12,1,0,0.24692,1.00000,6.63325,771.82721,8.09214,941.58008,0.29882,0
1345,304.54694,641.13236,377.34382,12,1,0,0.24809,1.00000,6.00000,698.14392,7.93627,923.44360,0.28435,0
1346,304.40637,680.73324,338.54900,12,1,0,0.24549,1.00000,6.00000,698.14392,7.96823,927.16174,0.29075,0
1347,304.54940,719.83771,377.80253,12,1,0,0.25444,1.00000,6.00000,698.14392,7.68186,893.84076,0.28602,0
1348,304.40882,759.43860,339.00771,8,0,0,0.00000,0.00000,0.00000,0.00000,0.00000,0.00000,0.03008,0
1349,304.67030,50.59401,412.92764,8,0,0,0.29003,0.80672,3.00000,349.07196,3.43265,399.41431,0.19085,0
1350,304.81333,89.69847,452.18117,12,1,0,0.25619,1.00000,6.08276,707.77399,7.77964,905.21838,0.28877,0
1351,304.67275,129.29936,413.38635,12,1,0,0.25681,1.00000,6.92820,806.14716,7.58426,882.48462,0.27686,0
1352,304.81578,168.40382,452.63988,12,1,0,0.25485,1.00000,6.00000,698.14392,7.63682,888.60016,0.28506,0
1353,304.67521,208.00471,413.84507,12,1,0,0.27063,1.00000,5.19615,604.61035,7.22120,840.23907,0.27584,0
1354,304.81824,247.10917,453.09860,12,1,0,0.25976,1.00000,6.00000,698.14392,7.83854,912.07129,0.28800,0
1355,304.67767,286.71006,414.30378,12,1,0,0.25836,1.00000,6.00000,698.14392,7.67448,892.98199,0.29555,0
1356,304.82070,325.81453,453.55731,12,1,0,0.24722,1.00000,6.16441,717.27472,7.97348,927.77234,0.28570,0
1357,304.68013,365.41541,414.76249,12,1,0,0.25141,1.00000,6.00000,698.14392,7.75560,902.42139,0.29120,0
1358,304.82316,404.51988,454.01603,12,1,0,0.25315,1.00000,6.00000,698.14392,7.79323,906.79968,0.28339,0
1359,304.68259,444.12076,415.22121,12,1,0,0.26362,1.00000,6.00000,698.14392,7.38999,859.88000,0.27238,0
1360,304.82562,483.22523,454.47474,12,1,0,0.24451,1.00000,7.00000,814.50128,8.15525,948.92303,0.29408,0
1361,304.68505,522.82612,415.67992,12,1,0,0.25228,1.00000,6.00000,698.14392,7.85782,914.31439,0.28288,0
1362,304.82808,561.93058,454.93345,12,1,0,0.25563,1.00000,6.00000,698.14392,8.07317,939.37231,0.29786,0
1363,304.68751,601.53147,416.13863,12,1,0,0.24879,1.00000,6.08276,707.77399,7.94697,924.68805,0.28416,0
1364,304.83054,640.63593,455.39217,12,1,0,0.24860,1.00000,6.00000,698.14392,7.95717,925.87518,0.29990,0
1365,304.68997,680.23682,416.59735,12,1,0,0.27364,0.99720,4.58258,533.21625,6.65459,774.31055,0.26093,0
1366,304.83300,719.34128,455.85088,12,1,0,0.25823,1.00000,6.00000,698.14392,7.53386,876.62000,0.27789,0
1367,304.69243,758.94217,417.05606,8,0,0,0.00000,0.00000,0.00000,0.00000,0.00000,0.00000,0.02797,0
1368,304.95390,50.09758,490.97599,8,0,0,0.29900,0.81918,3.60555,419.53229,3.68587,428.87790,0.18752,0
1369,305.09693,89.20205,530.22952,12,1,0,0.25986,1.00000,6.00000,698.14392,7.77847,905.08221,0.28077,0
1370,304.95636,128.80293,491.43470,12,1,0,0.25460,1.00000,6.40312,745.05042,7.64323,889.34619,0.28000,0
1371,305.09939,167.90740,530.68824,12,1,0,0.25666,1.00000,6.00000,698.14392,7.90293,919.56390,0.29478,0
1372,304.95881,207.50829,491.89342,12,1,0,0.25606,1.00000,6.00000,698.14392,7.59025,883.18079,0.28294,0
1373,305.10184,246.61275,531.14695,12,1,0,0.25017,1.00000,7.00000,814.50128,8.13740,946.84570,0.29997,0
1374,304.96127,286.21364,492.35213,12,1,0,0.25712,1.00000,7.00000,814.50128,7.67625,893.18787,0.28173,0
1375,305.10430,325.31810,531.60566,12,1,0,0.25248,1.00000,6.00000,698.14392,7.75123,901.91187,0.28454,0
1376,304.96373,364.91899,492.81085,12,1,0,0.25984,1.00000,6.08276,707.77399,7.72040,898.32483,0.28493,0
1377,305.10676,404.02345,532.06438,12,1,0,0.25418,1.00000,6.16441,717.27472,8.08149,940.34082,0.29171,0
1378,304.96619,443.62434,493.26956,12,1,0,0.25070,1.00000,6.00000,698.14392,8.03108,934.47479,0.29094,0
1379,305.10922,482.72880,532.52309,12,1,0,0.24827,1.00000,6.16441,717.27472,8.05246,936.96277,0.28774,0
1380,304.96865,522.32969,493.72827,12,1,0,0.25139,1.00000,6.08276,707.77399,8.08110,940.29535,0.28832,0
1381,305.11168,561.43415,532.98181,12,1,0,0.24914,1.00000,7.00000,814.50128,8.12135,944.97858,0.29408,0
1382,304.97111,601.03504,494.18699,12,1,0,0.25421,1.00000,6.32456,735.90833,8.00181,931.06976,0.29766,0
1383,305.11414,640.13950,533.44052,12,1,0,0.25035,1.00000,6.00000,698.14392,8.05981,937.81757,0.30042,0
1384,304.97357,679.74039,494.64570,12,1,0,0.25245,1.00000,6.00000,698.14392,7.89240,918.33795,0.28346,0
1385,305.11660,718.84486,533.89923,12,1,0,0.26252,1.00000,6.00000,698.14392,7.66645,892.04712,0.28954,0
1386,304.97603,758.44574,495.10441,8,0,0,0.00000,0.00000,0.00000,0.00000,0.00000,0.00000,0.02867,0
1387,305.23750,49.60116,569.02434,8,0,0,0.29902,0.84254,3.16228,367.95416,3.87365,450.72702,0.19040,0
1388,305.23996,128.30651,569.48306,12,1,0,0.25445,1.00000,6.40312,745.05042,7.61968,886.60547,0.27546,0
1389,305.24242,207.01186,569.94177,12,1,0,0.25688,1.00000,6.00000,698.14392,7.85465,913.94556,0.27891,0
1390,305.24487,285.71721,570.40048,12,1,0,0.24895,1.00000,6.00000,698.14392,7.93581,923.39008,0.28992,0
1391,305.24733,364.42256,570.85920,12,1,0,0.24588,1.00000,6.00000,698.14392,8.13348,946.38983,0.28966,0
1392,305.24979,443.12791,571.31791,12,1,0,0.25172,1.00000,6.00000,698.14392,8.01443,932.53809,0.28902,0
1393,305.25225,521.83326,571.77662,12,1,0,0.25811,1.00000,6.00000,698.14392,8.00800,931.78949,0.28954,0
1394,305.25471,600.53862,572.23534,12,1,0,0.24653,1.00000,7.00000,814.50128,8.08191,940.38922,0.29069,0
1395,305.25717,679.24397,572.69405,12,1,0,0.25192,1.00000,7.00000,814.50128,7.92394,922.00836,0.27738,0
1396,305.25963,757.94932,573.15277,8,0,0,0.00000,0.00000,0.00000,0.00000,0.00000,0.00000,0.02950,0
1397,305.52110,49.10473,647.07269,8,0,0,0.32276,0.95845,3.60555,419.53229,5.15672,600.02179,0.18861,0
1398,305.38053,88.70562,608.27787,12,1,0,0.25299,1.00000,6.00000,698.14392,7.97051,927.42749,0.27546,0
1399,305.52356,127.81008,647.53141,12,1,0,0.24860,1.00000,6.00000,698.14392,7.98795,929.45636,0.29472,0
1400,305.38299,167.41097,608.73659,12,1,0,0.24434,1.00000,6.08276,707.77399,8.16988,950.62549,0.28602,0
1401,305.52602,206.51543,647.99012,12,1,0,0.25226,1.00000,6.00000,698.14392,8.03248,934.63770,0.29510,0
1402,305.38545,246.11632,609.19530,12,1,0,0.26354,1.00000,5.00000,581.78662,7.34274,854.38159,0.25792,0
1403,305.52848,285.22078,648.44884,12,1,0,0.25468,1.00000,5.65685,658.21643,7.74876,901.62482,0.27424,0
1404,305.38791,324.82167,609.65402,12,1,0,0.24740,1.00000,6.63325,771.82721,8.09210,941.57532,0.29203,0
1405,305.53094,363.92614,648.90755,12,1,0,0.25035,1.00000,6.00000,698.14392,8.12669,945.60046,0.28621,0
1406,305.39036,403.52702,610.11273,12,1,0,0.24810,1.00000,6.00000,698.14392,8.08482,940.72742,0.28326,0
1407,305.53339,442.63149,649.36626,12,1,0,0.24309,1.00000,6.00000,698.14392,8.18351,952.21088,0.27789,0
1408,305.39282,482.23238,610.57144,12,1,0,0.24228,1.00000,6.00000,698.14392,8.18182,952.01434,0.29754,0
1409,305.53585,521.33684,649.82498,12,1,0,0.24232,1.00000,6.08276,707.77399,8.33112,969.38678,0.29792,0
1410,305.39528,560.93773,611.03016,12,1,0,0.24845,1.00000,6.16441,717.27472,8.08795,941.09241,0.28666,0
1411,305.53831,600.04219,650.28369,12,1,0,0.24402,1.00000,6.00000,698.14392,8.20552,954.77283,0.29728,0
1412,305.39774,639.64308,611.48887,12,1,0,0.24528,1.00000,6.00000,698.14392,8.00902,931.90778,0.29530,0
1413,305.54077,678.74754,650.74240,12,1,0,0.24983,1.00000,6.00000,698.14392,7.98312,928.89471,0.29069,0
1414,305.40020,718.34843,611.94759,12,1,0,0.25499,1.00000,6.00000,698.14392,7.71379,897.55597,0.28813,0
1415,305.54323,757.45289,651.20112,8,0,0,0.00000,0.00000,0.00000,0.00000,0.00000,0.00000,0.02950,0
1416,305.80470,48.60830,725.12105,8,0,0,0.30227,1.00000,5.09902,593.30829,6.20937,722.50531,0.18272,0
1417,305.66413,88.20919,686.32623,12,1,0,0.27280,1.00000,5.19615,604.61035,6.93713,807.18622,0.19290,0
1418,305.80716,127.31366,725.57976,12,1,0,0.24791,1.00000,6.00000,698.14392,8.00705,931.67883,0.27475,0
1419,305.66659,166.91454,686.78494,12,1,0,0.24914,1.00000,6.08276,707.77399,8.11138,943.81842,0.26118,0
1420,305.80962,206.01901,726.03847,12,1,0,0.25802,1.00000,6.00000,698.14392,8.10292,942.83447,0.27622,0
1421,305.66905,245.61990,687.24365,12,1,0,0.25000,1.00000,6.08276,707.77399,7.86320,914.94104,0.27629,0
1422,305.81208,284.72436,726.49719,12,1,0,0.24758,1.00000,7.00000,814.50128,8.00366,931.28394,0.28269,0
1423,305.67151,324.32525,687.70237,12,1,0,0.25069,1.00000,7.00000,814.50128,8.12023,944.84875,0.27514,0
1424,305.81454,363.42971,726.95590,12,1,0,0.24931,1.00000,6.00000,698.14392,8.14096,947.26050,0.28890,0
1425,305.67397,403.03060,688.16108,12,1,0,0.25051,1.00000,7.00000,814.50128,8.29317,964.97083,0.29517,0
1426,305.81700,442.13506,727.41462,12,1,0,0.24689,1.00000,6.08276,707.77399,8.13866,946.99304,0.29088,0
1427,305.67642,481.73595,688.61980,12,1,0,0.24983,1.00000,6.08276,707.77399,8.16288,949.81110,0.29184,0
1428,305.81945,520.84041,727.87333,12,1,0,0.25879,1.00000,6.16441,717.27472,7.91816,921.33569,0.28896,0
1429,305.67888,560.44130,689.07851,12,1,0,0.24253,1.00000,6.08276,707.77399,8.44471,982.60327,0.30035,0
1430,305.82191,599.54576,728.33204,12,1,0,0.24553,1.00000,6.40312,745.05042,8.22970,957.58618,0.29338,0
1431,305.68134,639.14665,689.53722,12,1,0,0.24691,1.00000,6.00000,698.14392,8.12550,945.46161,0.29133,0
1432,305.82437,678.25111,728.79076,12,1,0,0.25523,1.00000,6.00000,698.14392,8.01573,932.68842,0.28320,0
1433,305.68380,717.85200,689.99594,12,1,0,0.25348,1.00000,6.00000,698.14392,7.86257,914.86743,0.29414,0
1434,305.82683,756.95647,729.24947,8,0,0,0.00000,0.00000,0.00000,0.00000,0.00000,0.00000,0.02771,0
1435,305.94773,87.71277,764.37458,8,0,0,0.25407,0.65363,2.00000,232.71465,0.00000,0.00000,0.16538,0
1436,305.95019,166.41812,764.83329,8,0,0,0.25789,0.65470,2.00000,232.71465,0.00000,0.00000,0.15763,0
1437,305.95265,245.12347,765.29201,8,0,0,0.25827,0.66301,2.00000,232.71465,2.01546,234.51358,0.17446,0
1438,305.95511,323.82882,765.75072,8,0,0,0.26860,0.70845,2.00000,232.71465,0.00000,0.00000,0.17030,0
1439,305.95757,402.53417,766.20943,8,0,0,0.25926,0.71745,2.00000,232.71465,2.15925,251.24455,0.17901,0
1440,305.96003,481.23952,766.66815,8,0,0,0.28850,0.78056,3.00000,349.07196,3.05494,355.46469,0.18042,0
1441,305.96248,559.94487,767.12686,8,0,0,0.27449,0.73699,2.00000,232.71465,2.22816,259.26221,0.17562,0
1442,305.96494,638.65023,767.58558,8,0,0,0.28586,0.80055,3.00000,349.07196,3.02160,351.58542,0.17728,0
1443,305.96740,717.35558,768.04429,8,0,0,0.29704,0.86389,3.00000,349.07196,3.98449,463.62402,0.18304,0
1444,342.60245,52.87601,61.62740,5,0,0,0.33464,0.71709,2.82843,329.10822,3.07692,358.02255,0.11667,0
1445,342.60491,131.58136,62.08612,8,0,0,0.29869,0.88858,3.00000,349.07196,4.27971,497.97595,0.17056,0
1446,342.60737,210.28671,62.54483,8,0,0,0.28408,0.84181,3.00000,349.07196,3.52984,410.72330,0.18272,0
1447,342.60983,288.99206,63.00354,8,0,0,0.27833,0.79096,2.23607,260.18289,3.08125,358.52600,0.17517,0
1448,342.61229,367.69741,63.46226,8,0,0,0.27805,0.80508,3.00000,349.07196,3.30046,384.03253,0.18400,0
1449,342.61475,446.40277,63.92097,8,0,0,0.26616,0.77994,2.00000,232.71465,2.72520,317.09662,0.18605,0
1450,342.61720,525.10812,64.37968,8,0,0,0.28252,0.81513,3.00000,349.07196,3.19200,371.41257,0.18022,0
1451,342.61966,603.81347,64.83840,8,0,0,0.29597,0.83611,3.00000,349.07196,3.62103,421.33313,0.17766,0
1452,342.62212,682.51882,65.29711,8,0,0,0.28571,0.82720,3.00000,349.07196,3.56351,414.63998,0.17600,0
1453,342.62458,761.22417,65.75583,5,0,0,0.00000,0.00000,0.00000,0.00000,0.00000,0.00000,0.01773,0
1454,342.74548,91.98047,100.88093,12,1,0,0.25455,1.00000,6.00000,698.14392,8.06020,937.86279,0.30042,0
1455,342.74794,170.68582,101.33965,12,1,0,0.24879,1.00000,6.08276,707.77399,8.36107,972.87158,0.29971,0
1456,342.75040,249.39117,101.79836,12,1,0,0.24521,1.00000,6.16441,717.27472,8.36550,973.38715,0.29107,0
1457,342.75286,328.09653,102.25708,12,1,0,0.25384,1.00000,6.00000,698.14392,8.19054,953.02887,0.29312,0
1458,342.75532,406.80188,102.71579,12,1,0,0.25069,1.00000,7.00000,814.50128,8.21064,955.36798,0.29370,0
1459,342.75778,485.50723,103.17450,12,1,0,0.24201,1.00000,6.08276,707.77399,8.39399,976.70172,0.30118,0
1460,342.76023,564.21258,103.63322,12,1,0,0.24469,1.00000,6.08276,707.77399,8.40248,977.69031,0.30771,0
1461,342.76269,642.91793,104.09193,12,1,0,0.25121,1.00000,6.32456,735.90833,8.48367,987.13672,0.31456,0
1462,342.76515,721.62328,104.55065,12,1,0,0.24860,1.00000,6.00000,698.14392,7.99442,930.20917,0.30112,0
1463,342.88605,52.37958,139.67575,8,0,0,0.28244,0.72549,2.82843,329.10822,2.63068,306.09909,0.17568,0
1464,343.02908,91.48405,178.92929,12,1,0,0.24878,1.00000,6.00000,698.14392,8.11656,944.42108,0.29984,0
1465,342.88851,131.08493,140.13447,12,1,0,0.26926,1.00000,6.00000,698.14392,7.30571,850.07336,0.26253,0
1466,343.03154,170.18940,179.38800,12,1,0,0.25052,1.00000,6.00000,698.14392,8.15655,949.07391,0.30272,0
1467,342.89097,209.79029,140.59318,12,1,0,0.25157,1.00000,6.00000,698.14392,7.94441,924.39075,0.28486,0
1468,343.03400,248.89475,179.84671,12,1,0,0.25666,1.00000,6.00000,698.14392,8.29085,964.70105,0.29658,0
1469,342.89343,288.49564,141.05190,12,1,0,0.25298,1.00000,6.16441,717.27472,7.84297,912.58661,0.28928,0
1470,343.03646,327.60010,180.30543,12,1,0,0.26499,0.99444,4.35890,507.18982,7.22019,840.12207,0.26272,0
1471,342.89589,367.20099,141.51061,12,1,0,0.24742,1.00000,6.00000,698.14392,7.99842,930.67456,0.27693,0
1472,343.03892,406.30545,180.76414,12,1,0,0.24554,1.00000,7.00000,814.50128,8.24250,959.07471,0.28928,0
1473,342.89835,445.90634,141.96932,12,1,0,0.25365,1.00000,6.08276,707.77399,8.36442,973.26093,0.29786,0
1474,343.04138,485.01080,181.22286,12,1,0,0.25382,1.00000,7.00000,814.50128,8.32871,969.10632,0.30579,0
1475,342.90081,524.61169,142.42804,12,1,0,0.24741,1.00000,6.00000,698.14392,8.18400,952.26843,0.29088,0
1476,343.04384,563.71615,181.68157,12,1,0,0.24845,1.00000,7.00000,814.50128,8.42083,979.82465,0.30214,0
1477,342.90326,603.31704,142.88675,12,1,0,0.25207,1.00000,6.00000,698.14392,8.13552,946.62720,0.29062,0
1478,343.04629,642.42150,182.14028,12,1,0,0.24966,1.00000,6.00000,698.14392,8.30355,966.17871,0.31226,0
1479,342.90572,682.02239,143.34546,12,1,0,0.25263,1.00000,6.08276,707.77399,7.85111,913.53400,0.27910,0
1480,343.04875,721.12686,182.59900,12,1,0,0.25298,1.00000,6.00000,698.14392,7.91669,921.16516,0.29760,0
1481,342.90818,760.72774,143.80418,8,0,0,0.00000,0.00000,0.00000,0.00000,0.00000,0.00000,0.02835,0
1482,343.16965,51.88316,217.72411,8,0,0,0.30578,0.84573,3.00000,349.07196,3.91732,455.80832,0.19808,0
1483,343.31268,90.98762,256.97764,12,1,0,0.26250,1.00000,5.00000,581.78662,7.34311,854.42462,0.26234,0
1484,343.17211,130.58851,218.18282,12,1,0,0.24843,1.00000,6.00000,698.14392,7.92479,922.10693,0.29024,0
1485,343.31514,169.69297,257.43635,12,1,0,0.25123,1.00000,6.00000,698.14392,7.87399,916.19672,0.27891,0
1486,343.17457,209.29386,218.64153,12,1,0,0.25122,1.00000,6.00000,698.14392,8.01151,932.19781,0.29498,0
1487,343.31760,248.39832,257.89507,12,1,0,0.24689,1.00000,6.08276,707.77399,8.07153,939.18121,0.29766,0
1488,343.17703,287.99921,219.10025,12,1,0,0.25453,1.00000,6.00000,698.14392,8.21885,956.32385,0.29254,0
1489,343.32006,327.10367,258.35378,12,1,0,0.25070,1.00000,6.00000,698.14392,7.96378,926.64374,0.28422,0
1490,343.17949,366.70456,219.55896,12,1,0,0.24792,1.00000,6.00000,698.14392,8.19846,953.95050,0.28845,0
1491,343.32252,405.80902,258.81249,12,1,0,0.25052,1.00000,6.08276,707.77399,8.10589,943.17993,0.29152,0
1492,343.18195,445.40991,220.01768,12,1,0,0.24948,1.00000,7.00000,814.50128,8.24087,958.88605,0.29952,0
1493,343.32498,484.51438,259.27121,12,1,0,0.24500,1.00000,7.00000,814.50128,8.21879,956.31653,0.29434,0
1494,343.18441,524.11526,220.47639,12,1,0,0.24862,1.00000,7.00000,814.50128,8.09091,941.43628,0.28947,0
1495,343.32744,563.21973,259.72992,12,1,0,0.24777,1.00000,6.00000,698.14392,8.34483,970.98193,0.30323,0
1496,343.18687,602.82062,220.93510,12,1,0,0.25752,1.00000,6.00000,698.14392,8.10611,943.20563,0.30234,0
1497,343.32990,641.92508,260.18864,12,1,0,0.25348,1.00000,6.00000,698.14392,8.04538,936.13916,0.30330,0
1498,343.18932,681.52597,221.39382,12,1,0,0.25070,1.00000,6.00000,698.14392,7.78926,906.33771,0.28442,0
1499,343.33235,720.63043,260.64735,12,1,0,0.25515,1.00000,6.00000,698.14392,7.79589,907.10944,0.28288,0
1500,343.19178,760.23132,221.85253,8,0,0,0.00000,0.00000,0.00000,0.00000,0.00000,0.00000,0.02995,0
1501,343.45325,51.38673,295.77246,8,0,0,0.29926,0.91292,4.00000,465.42929,4.61076,536.49530,0.18989,0
1502,343.59628,90.49119,335.02599,12,1,0,0.28123,0.98352,4.12311,479.75351,6.27485,730.12512,0.23955,0
1503,343.45571,130.09208,296.23117,12,1,0,0.27739,1.00000,5.00000,581.78662,6.75720,786.24982,0.26810,0
1504,343.59874,169.19655,335.48470,12,1,0,0.24877,1.00000,6.40312,745.05042,7.73536,900.06525,0.27091,0
1505,343.45817,208.79743,296.68989,12,1,0,0.24791,1.00000,6.00000,698.14392,7.89140,918.22241,0.29466,0
1506,343.60120,247.90190,335.94342,12,1,0,0.25476,1.00000,6.00000,698.14392,7.76316,903.30066,0.28333,0
1507,343.46063,287.50279,297.14860,12,1,0,0.25211,1.00000,6.08276,707.77399,7.83522,911.68573,0.29408,0
1508,343.60366,326.60725,336.40213,12,1,0,0.24789,1.00000,6.63325,771.82721,7.84638,912.98407,0.28038,0
1509,343.46309,366.20814,297.60731,12,1,0,0.25018,1.00000,6.00000,698.14392,7.85304,913.75848,0.29158,0
1510,343.60612,405.31260,336.86085,12,1,0,0.24913,1.00000,6.08276,707.77399,7.86372,915.00128,0.27437,0
1511,343.46555,444.91349,298.06603,12,1,0,0.24845,1.00000,7.00000,814.50128,8.18756,952.68237,0.30061,0
1512,343.60858,484.01795,337.31956,12,1,0,0.24624,1.00000,7.00000,814.50128,8.27702,963.09174,0.29939,0
1513,343.46801,523.61884,298.52474,12,1,0,0.24255,1.00000,6.08276,707.77399,8.30083,965.86255,0.30061,0
1514,343.61104,562.72330,337.77827,12,1,0,0.24552,1.00000,6.00000,698.14392,8.00000,930.85858,0.28730,0
1515,343.47047,602.32419,298.98345,12,1,0,0.24589,1.00000,6.08276,707.77399,8.07986,940.15094,0.29178,0
1516,343.61350,641.42865,338.23699,12,1,0,0.24773,1.00000,6.40312,745.05042,7.93678,923.50287,0.28666,0
1517,343.47293,681.02954,299.44217,12,1,0,0.25243,1.00000,6.00000,698.14392,7.98074,928.61798,0.29613,0
1518,343.61596,720.13400,338.69570,12,1,0,0.25193,1.00000,6.00000,698.14392,7.88999,918.05792,0.28819,0
1519,343.47539,759.73489,299.90088,8,0,0,0.00000,0.00000,0.00000,0.00000,0.00000,0.00000,0.02931,0
1520,343.73686,50.89031,373.82081,8,0,0,0.31555,0.96143,4.12311,479.75351,5.17659,602.33362,0.17414,0
1521,343.73932,129.59566,374.27952,12,1,0,0.25355,1.00000,6.00000,698.14392,7.65081,890.22821,0.28493,0
1522,343.74177,208.30101,374.73824,12,1,0,0.25352,1.00000,6.08276,707.77399,7.89692,918.86407,0.28941,0
1523,343.74423,287.00636,375.19695,12,1,0,0.25791,1.00000,6.00000,698.14392,7.97850,928.35669,0.30099,0
1524,343.74669,365.71171,375.65567,12,1,0,0.27344,0.96685,4.24264,493.66229,6.26686,729.19531,0.25709,0
1525,343.74915,444.41706,376.11438,12,1,0,0.24742,1.00000,7.00000,814.50128,8.14298,947.49487,0.29517,0
1526,343.75161,523.12241,376.57309,12,1,0,0.24589,1.00000,6.00000,698.14392,8.38226,975.33679,0.30816,0
1527,343.75407,601.82776,377.03181,12,1,0,0.25504,1.00000,6.08276,707.77399,8.06908,938.89661,0.29619,0
1528,343.75653,680.53312,377.49052,12,1,0,0.25035,1.00000,6.00000,698.14392,7.93133,922.86865,0.28934,0
1529,343.75899,759.23847,377.94923,8,0,0,0.00000,0.00000,0.00000,0.00000,0.00000,0.00000,0.02842,0
1530,344.02046,50.39388,451.86916,8,0,0,0.31450,0.91758,4.00000,465.42929,4.57137,531.91272,0.20186,0
1531,343.87989,89.99477,413.07434,12,1,0,0.26112,1.00000,6.00000,698.14392,7.59362,883.57385,0.22861,0
1532,344.02292,129.09923,452.32788,12,1,0,0.25405,1.00000,6.00000,698.14392,7.62054,886.70587,0.27309,0
1533,343.88235,168.70012,413.53306,12,1,0,0.25035,1.00000,6.92820,806.14716,7.81647,909.50311,0.29062,0
1534,344.02538,207.80458,452.78659,12,1,0,0.26081,1.00000,6.00000,698.14392,7.81697,909.56165,0.29203,0
1535,343.88480,247.40547,413.99177,12,1,0,0.25616,1.00000,6.00000,698.14392,7.71963,898.23596,0.27936,0
1536,344.02783,286.50993,453.24530,12,1,0,0.24879,1.00000,6.00000,698.14392,8.02959,934.30121,0.30150,0
1537,343.88726,326.11082,414.45048,12,1,0,0.25407,1.00000,6.00000,698.14392,7.66054,891.35950,0.25587,0
1538,344.03029,365.21528,453.70402,12,1,0,0.25692,1.00000,6.00000,698.14392,7.82636,910.65417,0.29114,0
1539,343.88972,404.81617,414.90920,12,1,0,0.25668,1.00000,6.00000,698.14392,7.81635,909.48950,0.26803,0
1540,344.03275,443.92064,454.16273,12,1,0,0.25907,1.00000,6.00000,698.14392,7.92600,922.24799,0.30080,0
1541,343.89218,483.52152,415.36791,12,1,0,0.27621,1.00000,5.00000,581.78662,6.88502,801.12201,0.23808,0
1542,344.03521,522.62599,454.62144,12,1,0,0.25017,1.00000,6.00000,698.14392,8.14381,947.59186,0.30221,0
1543,343.89464,562.22688,415.82663,12,1,0,0.25364,1.00000,6.00000,698.14392,7.94537,924.50159,0.28032,0
1544,344.03767,601.33134,455.08016,12,1,0,0.25245,1.00000,6.63325,771.82721,8.14138,947.30902,0.30189,0
1545,343.89710,640.93223,416.28534,12,1,0,0.26019,1.00000,6.00000,698.14392,7.74245,900.89081,0.27078,0
1546,344.04013,680.03669,455.53887,12,1,0,0.25035,1.00000,6.00000,698.14392,7.91453,920.91309,0.29363,0
1547,343.89956,719.63758,416.74405,12,1,0,0.25643,1.00000,6.00000,698.14392,7.55194,878.72345,0.26675,0
1548,344.04259,758.74204,455.99759,8,0,0,0.00000,0.00000,0.00000,0.00000,0.00000,0.00000,0.02662,0
1549,344.30406,49.89745,529.91751,8,0,0,0.30070,0.82240,2.82843,329.10822,3.57175,415.59964,0.19898,0
1550,344.16349,89.49834,491.12269,12,1,0,0.25336,1.00000,6.08276,707.77399,7.80039,907.63275,0.28045,0
1551,344.30652,128.60280,530.37623,12,1,0,0.25212,1.00000,6.00000,698.14392,7.75082,901.86438,0.28237,0
1552,344.16595,168.20369,491.58141,12,1,0,0.25194,1.00000,6.00000,698.14392,7.77260,904.39880,0.28096,0
1553,344.30898,207.30816,530.83494,12,1,0,0.25496,1.00000,6.00000,698.14392,7.82499,910.49493,0.28986,0
1554,344.16841,246.90904,492.04012,12,1,0,0.25419,1.00000,6.00000,698.14392,7.99816,930.64490,0.28134,0
1555,344.31144,286.01351,531.29366,12,1,0,0.25209,1.00000,6.00000,698.14392,7.99148,929.86774,0.30112,0
1556,344.17086,325.61440,492.49884,12,1,0,0.24686,1.00000,7.00000,814.50128,7.77592,904.78473,0.27942,0
1557,344.31389,364.71886,531.75237,12,1,0,0.24983,1.00000,6.08276,707.77399,8.17459,951.17377,0.29632,0
1558,344.17332,404.31975,492.95755,12,1,0,0.25866,1.00000,6.00000,698.14392,7.52661,875.77606,0.26234,0
1559,344.31635,443.42421,532.21108,12,1,0,0.24315,1.00000,7.00000,814.50128,8.19800,953.89722,0.29466,0
1560,344.17578,483.02510,493.41626,12,1,0,0.27041,0.99449,4.35890,507.18982,7.09889,826.00830,0.25773,0
1561,344.31881,522.12956,532.66980,12,1,0,0.24519,1.00000,6.08276,707.77399,8.46938,985.47400,0.31328,0
1562,344.17824,561.73045,493.87498,12,1,0,0.25208,1.00000,7.00000,814.50128,8.20815,955.07812,0.29760,0
1563,344.32127,600.83491,533.12851,12,1,0,0.25052,1.00000,6.00000,698.14392,8.19417,953.45160,0.30982,0
1564,344.18070,640.43580,494.33369,12,1,0,0.24758,1.00000,6.00000,698.14392,8.09824,942.28961,0.30074,0
1565,344.32373,679.54026,533.58722,12,1,0,0.24669,1.00000,6.08276,707.77399,8.04385,935.96106,0.28749,0
1566,344.18316,719.14115,494.79241,12,1,0,0.26143,1.00000,6.00000,698.14392,7.65295,890.47644,0.28045,0
1567,344.32619,758.24561,534.04594,8,0,0,0.00000,0.00000,0.00000,0.00000,0.00000,0.00000,0.03034,0
1568,344.58766,49.40103,607.96587,8,0,0,0.31483,0.91389,4.00000,465.42929,4.55936,530.51434,0.18797,0
1569,344.44709,89.00192,569.17105,12,1,0,0.25035,1.00000,6.08276,707.77399,7.93066,922.79041,0.28774,0
1570,344.59012,128.10638,608.42458,12,1,0,0.24791,1.00000,6.00000,698.14392,7.87776,916.63550,0.28160,0
1571,344.44955,167.70727,569.62976,12,1,0,0.24912,1.00000,6.00000,698.14392,7.93091,922.81891,0.28704,0
1572,344.59258,206.81173,608.88329,12,1,0,0.24861,1.00000,6.00000,698.14392,7.98086,928.63196,0.29094,0
1573,344.45201,246.41262,570.08847,12,1,0,0.25156,1.00000,6.00000,698.14392,8.11159,943.84271,0.29043,0
1574,344.59504,285.51708,609.34201,12,1,0,0.24719,1.00000,6.00000,698.14392,7.91261,920.69019,0.27763,0
1575,344.45447,325.11797,570.54719,12,1,0,0.24931,1.00000,6.00000,698.14392,8.09491,941.90167,0.29062,0
1576,344.59750,364.22243,609.80072,12,1,0,0.24404,1.00000,6.08276,707.77399,8.33229,969.52271,0.29690,0
1577,344.45692,403.82332,571.00590,12,1,0,0.24897,1.00000,6.08276,707.77399,8.13540,946.61359,0.29254,0
1578,344.59996,442.92778,610.25944,12,1,0,0.24674,1.00000,6.92820,806.14716,8.18109,951.92999,0.29357,0
1579,344.45938,482.52867,571.46462,12,1,0,0.25263,1.00000,6.00000,698.14392,7.96462,926.74207,0.29549,0
1580,344.60241,521.63313,610.71815,12,1,0,0.24792,1.00000,6.00000,698.14392,8.11527,944.27118,0.28858,0
1581,344.46184,561.23402,571.92333,12,1,0,0.24458,1.00000,6.08276,707.77399,8.37506,974.49988,0.29843,0
1582,344.60487,600.33849,611.17686,12,1,0,0.24419,1.00000,6.08276,707.77399,8.20621,954.85297,0.29683,0
1583,344.46430,639.93937,572.38204,12,1,0,0.25404,1.00000,6.00000,698.14392,8.04360,935.93188,0.29734,0
1584,344.60733,679.04384,611.63558,12,1,0,0.25157,1.00000,6.00000,698.14392,7.92093,921.65790,0.28096,0
1585,344.46676,718.64473,572.84076,12,1,0,0.24930,1.00000,6.00000,698.14392,7.87237,916.00769,0.28864,0
1586,344.60979,757.74919,612.09429,8,0,0,0.00000,0.00000,0.00000,0.00000,0.00000,0.00000,0.02842,0
1587,344.87126,48.90460,686.01422,8,0,0,0.32732,0.94521,3.74166,435.36926,5.01075,583.03784,0.19923,0
1588,344.73069,88.50549,647.21940,12,1,0,0.26677,1.00000,5.00000,581.78662,7.02866,817.83588,0.27347,0
1589,344.87372,127.60995,686.47293,12,1,0,0.25229,1.00000,6.00000,698.14392,7.87039,915.77716,0.27699,0
1590,344.73315,167.21084,647.67811,12,1,0,0.25226,1.00000,6.00000,698.14392,8.27110,962.40253,0.29331,0
1591,344.73561,245.91619,648.13683,12,1,0,0.25524,1.00000,6.00000,698.14392,8.00471,931.40607,0.28781,0
1592,344.73807,324.62154,648.59554,12,1,0,0.24774,1.00000,6.16441,717.27472,8.04928,936.59216,0.27706,0
1593,344.74053,403.32689,649.05425,12,1,0,0.24775,1.00000,6.00000,698.14392,8.08705,940.98700,0.27821,0
1594,344.74299,482.03225,649.51297,12,1,0,0.24708,1.00000,6.08276,707.77399,8.31473,967.47955,0.29299,0
1595,344.74544,560.73760,649.97168,12,1,0,0.24812,1.00000,6.08276,707.77399,8.34775,971.32135,0.29619,0
1596,344.74790,639.44295,650.43040,12,1,0,0.24534,1.00000,6.00000,698.14392,8.28389,963.89154,0.31290,0
1597,344.75036,718.14830,650.88911,12,1,0,0.25650,1.00000,6.00000,698.14392,7.95998,926.20209,0.29030,0
1598,345.01429,88.00906,725.26775,12,1,0,0.25226,1.00000,6.00000,698.14392,8.24379,959.22583,0.28518,0
1599,345.01675,166.71442,725.72646,12,1,0,0.25174,1.00000,6.00000,698.14392,8.24860,959.78534,0.26989,0
1600,344.87618,206.31530,686.93165,12,1,0,0.25471,1.00000,6.00000,698.14392,8.00651,931.61572,0.28640,0
1601,345.01921,245.41977,726.18518,12,1,0,0.25140,1.00000,6.00000,698.14392,8.17305,950.99420,0.29376,0
1602,344.87864,285.02066,687.39036,12,1,0,0.25456,1.00000,6.00000,698.14392,8.05771,937.57318,0.28506,0
1603,345.02167,324.12512,726.64389,12,1,0,0.25138,1.00000,7.00000,814.50128,8.06729,938.68805,0.27827,0
1604,344.88110,363.72601,687.84907,12,1,0,0.25069,1.00000,6.00000,698.14392,8.12629,945.55316,0.28211,0
1605,345.02413,402.83047,727.10261,12,1,0,0.25813,1.00000,6.00000,698.14392,8.04564,936.16858,0.28493,0
1606,344.88356,442.43136,688.30779,12,1,0,0.24570,1.00000,6.08276,707.77399,8.23970,958.74994,0.29139,0
1607,345.02659,481.53582,727.56132,12,1,0,0.24914,1.00000,6.32456,735.90833,8.20603,954.83203,0.29344,0
1608,344.88602,521.13671,688.76650,12,1,0,0.25486,1.00000,6.00000,698.14392,8.28730,964.28815,0.28416,0
1609,345.02905,560.24117,728.02003,12,1,0,0.25472,1.00000,6.00000,698.14392,8.26161,961.29895,0.29440,0
1610,344.88847,599.84206,689.22521,12,1,0,0.25398,1.00000,6.16441,717.27472,8.23991,958.77435,0.28960,0
1611,345.03150,638.94652,728.47875,12,1,0,0.24655,1.00000,6.00000,698.14392,8.50712,989.86560,0.30694,0
1612,344.89093,678.54741,689.68393,12,1,0,0.24741,1.00000,7.00000,814.50128,8.07414,939.48529,0.29760,0
1613,345.03396,717.65187,728.93746,12,1,0,0.25140,1.00000,6.08276,707.77399,8.08135,940.32416,0.30458,0
1614,344.89339,757.25276,690.14264,8,0,0,0.00000,0.00000,0.00000,0.00000,0.00000,0.00000,0.02925,0
1615,345.15486,48.40818,764.06257,5,0,0,0.28571,0.61878,2.00000,232.71465,2.04630,238.10156,0.10829,0
1616,345.15732,127.11353,764.52128,8,0,0,0.23295,0.57103,1.00000,116.35732,0.00000,0.00000,0.15290,0
1617,345.15978,205.81888,764.98000,8,0,0,0.26964,0.69399,2.00000,232.71465,2.00000,232.71465,0.17434,0
1618,345.16224,284.52423,765.43871,8,0,0,0.24948,0.68169,2.00000,232.71465,0.00000,0.00000,0.17581,0
1619,345.16470,363.22958,765.89743,8,0,0,0.27614,0.74317,3.00000,349.07196,2.69773,313.90033,0.18003,0
1620,345.16716,441.93493,766.35614,8,0,0,0.26754,0.73554,2.23607,260.18289,2.22500,258.89502,0.18266,0
1621,345.16962,520.64028,766.81485,8,0,0,0.26646,0.71745,2.44949,285.01608,2.59144,301.53317,0.16941,0
1622,345.17208,599.34563,767.27357,8,0,0,0.26745,0.75138,2.23607,260.18289,2.79179,324.84482,0.18003,0
1623,345.17453,678.05099,767.73228,8,0,0,0.28947,0.81148,3.00000,349.07196,3.15517,367.12741,0.17715,0
1624,345.17699,756.75634,768.19099,5,0,0,0.00000,0.00000,0.00000,0.00000,0.00000,0.00000,0.01133,0
1625,381.81204,92.27677,61.77411,8,0,0,0.34350,0.93370,4.00000,465.42929,4.86166,565.68982,0.16288,0
1626,381.81450,170.98212,62.23282,8,0,0,0.31710,0.90959,4.00000,465.42929,4.53719,527.93536,0.16890,0
1627,381.81696,249.68747,62.69153,8,0,0,0.28693,0.84167,3.00000,349.07196,3.69978,430.49670,0.18067,0
1628,381.81942,328.39282,63.15025,8,0,0,0.26468,0.76602,3.00000,349.07196,2.73839,318.63205,0.17414,0
1629,381.82188,407.09817,63.60896,8,0,0,0.28436,0.82645,3.00000,349.07196,3.53225,411.00299,0.18118,0
1630,381.82434,485.80352,64.06768,8,0,0,0.29476,0.80978,3.16228,367.95416,3.23165,376.02573,0.17773,0
1631,381.82680,564.50888,64.52639,8,0,0,0.28640,0.83056,3.00000,349.07196,3.47865,404.76678,0.18150,0
1632,381.82925,643.21423,64.98510,8,0,0,0.29400,0.81471,2.44949,285.01608,3.23691,376.63821,0.17133,0
1633,381.83171,721.91958,65.44382,8,0,0,0.30157,0.85278,3.00000,349.07196,3.66756,426.74777,0.17344,0
1634,381.95261,52.67588,100.56893,8,0,0,0.32146,0.90278,3.74166,435.36926,4.37933,509.56729,0.17830,0
1635,382.09564,91.78034,139.82246,12,1,0,0.26526,1.00000,6.00000,698.14392,7.47867,870.19824,0.27206,0
1636,381.95507,131.38123,101.02764,12,1,0,0.25017,1.00000,6.00000,698.14392,7.92643,922.29858,0.27034,0
1637,382.09810,170.48569,140.28117,12,1,0,0.24948,1.00000,6.00000,698.14392,7.89230,918.32697,0.27206,0
1638,381.95753,210.08658,101.48635,12,1,0,0.25158,1.00000,6.00000,698.14392,8.03662,935.11914,0.27840,0
1639,382.10056,249.19104,140.73989,12,1,0,0.25295,1.00000,6.00000,698.14392,8.10536,943.11810,0.28326,0
1640,381.95999,288.79193,101.94507,12,1,0,0.24983,1.00000,7.00000,814.50128,8.25108,960.07385,0.28378,0
1641,382.10302,327.89640,141.19860,12,1,0,0.25559,1.00000,6.00000,698.14392,8.15723,949.15381,0.28570,0
1642,381.96245,367.49728,102.40378,12,1,0,0.25260,1.00000,6.00000,698.14392,7.93855,923.70892,0.27482,0
1643,382.10548,406.60175,141.65731,12,1,0,0.24519,1.00000,7.00000,814.50128,8.37408,974.38605,0.29837,0
1644,381.96491,446.20264,102.86250,12,1,0,0.25225,1.00000,6.00000,698.14392,8.22617,957.17554,0.28992,0
1645,382.10794,485.30710,142.11603,12,1,0,0.24949,1.00000,7.00000,814.50128,8.24931,959.86810,0.29306,0
1646,381.96737,524.90799,103.32121,12,1,0,0.25087,1.00000,6.00000,698.14392,8.20282,954.45770,0.29280,0
1647,382.11040,564.01245,142.57474,12,1,0,0.25156,1.00000,6.08276,707.77399,8.21574,955.96167,0.30310,0
1648,381.96983,603.61334,103.77992,12,1,0,0.24931,1.00000,6.00000,698.14392,8.15555,948.95844,0.28506,0
1649,382.11286,642.71780,143.03346,12,1,0,0.25434,1.00000,6.00000,698.14392,8.11273,943.97546,0.29350,0
1650,381.97228,682.31869,104.23864,12,1,0,0.24810,1.00000,6.08276,707.77399,8.09058,941.39832,0.28339,0
1651,382.11531,721.42315,143.49217,12,1,0,0.25918,1.00000,6.00000,698.14392,7.54052,877.39453,0.27341,0
1652,381.97474,761.02404,104.69735,8,0,0,0.00000,0.00000,0.00000,0.00000,0.00000,0.00000,0.02701,0
1653,382.23621,52.17945,178.61728,8,0,0,0.28753,0.75766,2.82843,329.10822,3.04679,354.51669,0.18125,0
1654,382.23867,130.88481,179.07599,12,1,0,0.27568,1.00000,5.00000,581.78662,7.07717,823.48047,0.26554,0
1655,382.24113,209.59016,179.53471,12,1,0,0.25322,1.00000,6.00000,698.14392,7.66353,891.70807,0.28685,0
1656,382.24359,288.29551,179.99342,12,1,0,0.25368,1.00000,6.00000,698.14392,7.85984,914.54944,0.28346,0
1657,382.24605,367.00086,180.45213,12,1,0,0.25478,1.00000,6.00000,698.14392,7.92086,921.65009,0.27859,0
1658,382.24851,445.70621,180.91085,12,1,0,0.25017,1.00000,6.08276,707.77399,8.13437,946.49359,0.28352,0
1659,382.25097,524.41156,181.36956,12,1,0,0.24500,1.00000,6.00000,698.14392,8.20820,955.08392,0.29171,0
1660,382.25343,603.11691,181.82827,12,1,0,0.25349,1.00000,6.08276,707.77399,7.97984,928.51288,0.28467,0
1661,382.25589,681.82226,182.28699,12,1,0,0.25456,1.00000,6.63325,771.82721,7.85480,913.96405,0.28077,0
1662,382.25834,760.52761,182.74570,8,0,0,0.00000,0.00000,0.00000,0.00000,0.00000,0.00000,0.02406,0
1663,382.51982,51.68303,256.66563,8,0,0,0.31810,0.93820,4.00000,465.42929,4.74567,552.19354,0.18867,0
1664,382.37924,91.28392,217.87081,12,1,0,0.25462,1.00000,6.00000,698.14392,7.67307,892.81738,0.28134,0
1665,382.52227,130.38838,257.12434,12,1,0,0.24878,1.00000,6.00000,698.14392,7.85684,914.20081,0.28058,0
1666,382.38170,169.98927,218.32952,12,1,0,0.25017,1.00000,6.00000,698.14392,7.92393,922.00739,0.27814,0
1667,382.52473,209.09373,257.58306,12,1,0,0.25332,1.00000,6.00000,698.14392,7.82013,909.92963,0.28410,0
1668,382.38416,248.69462,218.78824,12,1,0,0.24844,1.00000,6.00000,698.14392,7.99119,929.83386,0.27821,0
1669,382.52719,287.79908,258.04177,12,1,0,0.25279,1.00000,6.00000,698.14392,7.97517,927.96936,0.29766,0
1670,382.38662,327.39997,219.24695,12,1,0,0.26662,1.00000,5.00000,581.78662,7.15517,832.55585,0.24819,0
1671,382.52965,366.50443,258.50049,12,1,0,0.25281,1.00000,6.00000,698.14392,7.91533,921.00696,0.28570,0
1672,382.38908,406.10532,219.70567,12,1,0,0.24691,1.00000,6.00000,698.14392,8.11301,944.00806,0.28672,0
1673,382.53211,445.20978,258.95920,12,1,0,0.24965,1.00000,6.00000,698.14392,8.03067,934.42719,0.28634,0
1674,382.39154,484.81067,220.16438,12,1,0,0.24657,1.00000,6.16441,717.27472,8.08986,941.31409,0.28723,0
1675,382.53457,523.91514,259.41791,12,1,0,0.24914,1.00000,7.00000,814.50128,8.14509,947.74121,0.29536,0
1676,382.39400,563.51602,220.62309,12,1,0,0.24424,1.00000,6.00000,698.14392,7.96881,927.22900,0.28685,0
1677,382.53703,602.62049,259.87663,12,1,0,0.25158,1.00000,6.00000,698.14392,7.79542,907.05414,0.27354,0
1678,382.39646,642.22137,221.08181,12,1,0,0.25296,1.00000,6.00000,698.14392,7.83226,911.34045,0.29485,0
1679,382.53949,681.32584,260.33534,12,1,0,0.25265,1.00000,6.00000,698.14392,7.67863,893.46490,0.27501,0
1680,382.39892,720.92673,221.54052,12,1,0,0.26078,1.00000,6.00000,698.14392,7.63948,888.90912,0.28186,0
1681,382.54195,760.03119,260.79405,8,0,0,0.00000,0.00000,0.00000,0.00000,0.00000,0.00000,0.02726,0
1682,382.80342,51.18660,334.71398,8,0,0,0.30140,1.00000,5.09902,593.30829,6.49765,756.04913,0.17901,0
1683,382.66285,90.78749,295.91916,12,1,0,0.25728,1.00000,6.00000,698.14392,7.62253,886.93665,0.25690,0
1684,382.80588,129.89195,335.17270,12,1,0,0.26594,1.00000,5.74456,668.42194,7.44632,866.43445,0.27878,0
1685,382.66530,169.49284,296.37788,12,1,0,0.25287,1.00000,6.00000,698.14392,7.59740,884.01270,0.27059,0
1686,382.80833,208.59730,335.63141,12,1,0,0.25250,1.00000,6.00000,698.14392,7.55500,879.07990,0.28762,0
1687,382.66776,248.19819,296.83659,12,1,0,0.25122,1.00000,6.08276,707.77399,7.91341,920.78320,0.27763,0
1688,382.81079,287.30266,336.09012,12,1,0,0.25688,1.00000,6.00000,698.14392,7.62613,887.35596,0.27910,0
1689,382.67022,326.90354,297.29530,12,1,0,0.24621,1.00000,6.16441,717.27472,8.12652,945.57977,0.28704,0
1690,382.81325,366.00801,336.54884,12,1,0,0.26046,1.00000,5.91608,688.37921,7.54697,878.14520,0.27290,0
1691,382.67268,405.60890,297.75402,12,1,0,0.25052,1.00000,6.00000,698.14392,7.90923,920.29633,0.28250,0
1692,382.81571,444.71336,337.00755,12,1,0,0.25472,1.00000,6.00000,698.14392,7.90347,919.62701,0.28582,0
1693,382.67514,484.31425,298.21273,12,1,0,0.24724,1.00000,7.00000,814.50128,8.12979,945.96008,0.28666,0
1694,382.81817,523.41871,337.46626,12,1,0,0.25266,1.00000,6.00000,698.14392,7.78753,906.13605,0.27482,0
1695,382.67760,563.01960,298.67145,12,1,0,0.25017,1.00000,6.00000,698.14392,8.02542,933.81671,0.28461,0
1696,382.82063,602.12406,337.92498,12,1,0,0.25347,1.00000,6.16441,717.27472,8.04946,936.61389,0.28435,0
1697,382.68006,641.72495,299.13016,12,1,0,0.25087,1.00000,6.00000,698.14392,7.92311,921.91199,0.28544,0
1698,382.82309,680.82941,338.38369,12,1,0,0.24930,1.00000,6.00000,698.14392,7.86303,914.92108,0.28557,0
1699,382.68252,720.43030,299.58887,12,1,0,0.25304,1.00000,6.08276,707.77399,7.72365,898.70361,0.27590,0
1700,382.82555,759.53476,338.84241,8,0,0,0.00000,0.00000,0.00000,0.00000,0.00000,0.00000,0.02733,0
1701,383.08702,50.69018,412.76233,8,0,0,0.32004,0.98056,4.47214,520.36578,5.51486,641.69464,0.17517,0
1702,382.94645,90.29106,373.96751,12,1,0,0.29734,0.96122,4.12311,479.75351,5.40771,629.22723,0.23219,0
1703,383.08948,129.39553,413.22105,12,1,0,0.25244,1.00000,6.08276,707.77399,7.75984,902.91443,0.26726,0
1704,382.94891,168.99642,374.42623,12,1,0,0.25388,1.00000,6.00000,698.14392,7.73194,899.66797,0.28595,0
1705,383.09194,208.10088,413.67976,12,1,0,0.25781,1.00000,6.00000,698.14392,7.58154,882.16821,0.27450,0
1706,382.95137,247.70177,374.88494,12,1,0,0.25596,1.00000,6.00000,698.14392,7.92720,922.38763,0.27802,0
1707,383.09440,286.80623,414.13848,12,1,0,0.26441,1.00000,6.00000,698.14392,7.44010,865.71063,0.26656,0
1708,382.95382,326.40712,375.34366,12,1,0,0.25388,1.00000,6.08276,707.77399,7.78372,905.69275,0.27136,0
1709,383.09685,365.51158,414.59719,12,1,0,0.25676,1.00000,6.00000,698.14392,7.61125,885.62488,0.27309,0
1710,382.95628,405.11247,375.80237,12,1,0,0.25688,1.00000,6.00000,698.14392,7.86301,914.91925,0.27546,0
1711,383.09931,444.21693,415.05590,12,1,0,0.25511,1.00000,6.00000,698.14392,7.80322,907.96198,0.27840,0
1712,382.95874,483.81782,376.26108,12,1,0,0.27321,0.98356,4.24264,493.66229,6.97941,812.10529,0.25395,0
1713,383.10177,522.92228,415.51462,12,1,0,0.25333,1.00000,6.00000,698.14392,8.05774,937.57764,0.27597,0
1714,382.96120,562.52317,376.71980,12,1,0,0.24826,1.00000,6.00000,698.14392,8.02719,934.02228,0.29728,0
1715,383.10423,601.62763,415.97333,12,1,0,0.24880,1.00000,6.00000,698.14392,8.17953,951.74823,0.28410,0
1716,382.96366,641.22852,377.17851,12,1,0,0.25417,1.00000,6.08276,707.77399,7.97741,928.22974,0.27949,0
1717,383.10669,680.33299,416.43204,12,1,0,0.24983,1.00000,6.00000,698.14392,7.97490,927.93842,0.28390,0
1718,382.96612,719.93387,377.63723,12,1,0,0.25458,1.00000,6.00000,698.14392,7.74068,900.68427,0.27501,0
1719,383.10915,759.03834,416.89076,8,0,0,0.00000,0.00000,0.00000,0.00000,0.00000,0.00000,0.02848,0
1720,383.37062,50.19375,490.81069,8,0,0,0.29209,0.79778,3.00000,349.07196,3.32369,386.73584,0.19110,0
1721,383.23005,89.79464,452.01587,12,1,0,0.26174,1.00000,6.00000,698.14392,7.66382,891.74182,0.27571,0
1722,383.37308,128.89910,491.26940,12,1,0,0.25480,1.00000,6.08276,707.77399,7.58426,882.48438,0.28563,0
1723,383.23251,168.49999,452.47458,12,1,0,0.25338,1.00000,6.00000,698.14392,7.74117,900.74213,0.27450,0
1724,383.23497,247.20534,452.93329,12,1,0,0.25879,1.00000,6.00000,698.14392,7.88351,917.30438,0.27718,0
1725,383.23743,325.91069,453.39201,12,1,0,0.25244,1.00000,6.00000,698.14392,7.85989,914.55548,0.26675,0
1726,383.23988,404.61604,453.85072,12,1,0,0.25443,1.00000,6.00000,698.14392,7.59303,883.50500,0.26669,0
1727,383.24234,483.32139,454.30944,12,1,0,0.25175,1.00000,6.16441,717.27472,7.98677,929.31927,0.28570,0
1728,383.24480,562.02675,454.76815,12,1,0,0.25295,1.00000,6.08276,707.77399,8.10592,943.18359,0.29242,0
1729,383.24726,640.73210,455.22686,12,1,0,0.25139,1.00000,6.00000,698.14392,8.09966,942.45483,0.29427,0
1730,383.24972,719.43745,455.68558,12,1,0,0.25468,1.00000,6.00000,698.14392,7.52156,875.18854,0.26874,0
1731,383.51365,89.29821,530.06422,12,1,0,0.25265,1.00000,6.08276,707.77399,7.62945,887.74255,0.28416,0
1732,383.51611,168.00356,530.52293,12,1,0,0.26366,1.00000,5.09902,593.30829,7.37944,858.65234,0.25382,0
1733,383.37554,207.60445,491.72811,12,1,0,0.25628,1.00000,6.00000,698.14392,7.53307,876.52734,0.28621,0
1734,383.51857,246.70891,530.98165,12,1,0,0.25282,1.00000,6.00000,698.14392,7.76821,903.88855,0.28454,0
1735,383.37800,286.30980,492.18683,12,1,0,0.25735,1.00000,6.00000,698.14392,7.53059,876.23981,0.27258,0
1736,383.52103,325.41427,531.44036,12,1,0,0.25000,1.00000,6.00000,698.14392,7.80295,907.92993,0.28538,0
1737,383.38046,365.01515,492.64554,12,1,0,0.25934,1.00000,5.83095,678.47394,7.57851,881.81476,0.27059,0
1738,383.52349,404.11962,531.89907,12,1,0,0.25497,1.00000,6.00000,698.14392,7.74167,900.79993,0.26720,0
1739,383.38291,443.72051,493.10426,12,1,0,0.25663,1.00000,6.08276,707.77399,7.48913,871.41559,0.25882,0
1740,383.52594,482.82497,532.35779,12,1,0,0.24721,1.00000,6.00000,698.14392,7.86743,915.43347,0.28986,0
1741,383.38537,522.42586,493.56297,12,1,0,0.24665,1.00000,6.00000,698.14392,7.83096,911.18945,0.28826,0
1742,383.52840,561.53032,532.81650,12,1,0,0.24965,1.00000,7.00000,814.50128,7.88189,917.11603,0.28646,0
1743,383.38783,601.13121,494.02168,12,1,0,0.25686,1.00000,6.00000,698.14392,7.78486,905.82501,0.27418,0
1744,383.53086,640.23567,533.27522,12,1,0,0.24670,1.00000,6.08276,707.77399,7.87021,915.75623,0.28787,0
1745,383.39029,679.83656,494.48040,12,1,0,0.24912,1.00000,6.00000,698.14392,7.87598,916.42792,0.28518,0
1746,383.53332,718.94102,533.73393,12,1,0,0.25300,1.00000,6.00000,698.14392,7.79610,907.13293,0.27904,0
1747,383.39275,758.54191,494.93911,8,0,0,0.00000,0.00000,0.00000,0.00000,0.00000,0.00000,0.02867,0
1748,383.65422,49.69732,568.85904,8,0,0,0.30272,0.83333,3.00000,349.07196,3.66027,425.89911,0.19494,0
1749,383.79725,88.80179,608.11257,12,1,0,0.25788,1.00000,6.40312,745.05042,7.72546,898.91370,0.27098,0
1750,383.65668,128.40268,569.31775,12,1,0,0.25229,1.00000,7.00000,814.50128,7.77139,904.25854,0.27565,0
1751,383.79971,167.50714,608.57128,12,1,0,0.24895,1.00000,6.00000,698.14392,7.83036,911.11932,0.26662,0
1752,383.65914,207.10803,569.77647,12,1,0,0.28072,1.00000,5.38516,626.60333,6.75750,786.28510,0.24992,0
1753,383.80217,246.21249,609.03000,12,1,0,0.25682,1.00000,6.00000,698.14392,8.00321,931.23254,0.27712,0
1754,383.66160,285.81338,570.23518,12,1,0,0.25122,1.00000,6.63325,771.82721,7.93198,922.94403,0.28243,0
1755,383.80463,324.91784,609.48871,12,1,0,0.25140,1.00000,6.00000,698.14392,7.90216,919.47412,0.27674,0
1756,383.66406,364.51873,570.69389,12,1,0,0.24808,1.00000,6.00000,698.14392,7.91191,920.60809,0.28314,0
1757,383.80709,403.62319,609.94743,12,1,0,0.25226,1.00000,6.63325,771.82721,8.00164,931.04944,0.27923,0
1758,383.66652,443.22408,571.15261,12,1,0,0.25583,1.00000,6.00000,698.14392,7.69984,895.93243,0.26170,0
1759,383.80955,482.32854,610.40614,12,1,0,0.24586,1.00000,6.00000,698.14392,8.04387,935.96338,0.29178,0
1760,383.66897,521.92943,571.61132,12,1,0,0.24775,1.00000,6.00000,698.14392,8.15695,949.12109,0.29261,0
1761,383.81201,561.03389,610.86485,12,1,0,0.25752,1.00000,6.00000,698.14392,8.06754,938.71692,0.29286,0
1762,383.67143,600.63478,572.07003,12,1,0,0.24774,1.00000,6.08276,707.77399,8.02174,933.38873,0.28154,0
1763,383.81446,639.73924,611.32357,12,1,0,0.26112,1.00000,6.00000,698.14392,7.61761,886.36517,0.26893,0
1764,383.67389,679.34013,572.52875,12,1,0,0.26827,1.00000,5.65685,658.21643,6.98344,812.57452,0.24461,0
1765,383.81692,718.44460,611.78228,12,1,0,0.27473,0.98315,4.24264,493.66229,6.45136,750.66345,0.25062,0
1766,383.67635,758.04548,572.98746,8,0,0,0.00000,0.00000,0.00000,0.00000,0.00000,0.00000,0.02784,0
1767,383.93782,49.20090,646.90739,8,0,0,0.31818,0.90884,4.00000,465.42929,4.43376,515.90088,0.19053,0
1768,384.08085,88.30536,686.16092,12,1,0,0.25475,1.00000,6.00000,698.14392,7.72275,898.59900,0.27475,0
1769,383.94028,127.90625,647.36610,12,1,0,0.25421,1.00000,6.00000,698.14392,7.80301,907.93707,0.28371,0
1770,384.08331,167.01071,686.61964,12,1,0,0.25460,1.00000,6.00000,698.14392,7.82745,910.78119,0.27181,0
1771,383.94274,206.61160,647.82482,12,1,0,0.25547,1.00000,6.00000,698.14392,7.90978,920.36090,0.27482,0
1772,384.08577,245.71606,687.07835,12,1,0,0.25654,1.00000,5.74456,668.42194,7.86720,915.40637,0.26694,0
1773,383.94520,285.31695,648.28353,12,1,0,0.25105,1.00000,6.00000,698.14392,7.89189,918.27905,0.27974,0
1774,384.08823,324.42141,687.53706,12,1,0,0.24983,1.00000,7.00000,814.50128,8.04130,935.66437,0.27757,0
1775,383.94766,364.02230,648.74225,12,1,0,0.25348,1.00000,7.00000,814.50128,8.20830,955.09546,0.28864,0
1776,384.09069,403.12677,687.99578,12,1,0,0.25437,1.00000,6.00000,698.14392,8.22068,956.53589,0.28749,0
1777,383.95012,442.72765,649.20096,12,1,0,0.25138,1.00000,7.00000,814.50128,8.29726,965.44733,0.28717,0
1778,384.09315,481.83212,688.45449,12,1,0,0.24588,1.00000,6.08276,707.77399,8.23621,958.34375,0.28947,0
1779,383.95258,521.43301,649.65967,12,1,0,0.25017,1.00000,6.00000,698.14392,8.06793,938.76318,0.28429,0
1780,384.09561,560.53747,688.91321,12,1,0,0.25000,1.00000,6.00000,698.14392,8.15125,948.45795,0.28653,0
1781,383.95504,600.13836,650.11839,12,1,0,0.25539,1.00000,6.08276,707.77399,8.06803,938.77472,0.29082,0
1782,384.09807,639.24282,689.37192,12,1,0,0.24896,1.00000,6.00000,698.14392,8.02175,933.38953,0.28397,0
1783,383.95749,678.84371,650.57710,12,1,0,0.27655,1.00000,5.00000,581.78662,6.92092,805.30017,0.25530,0
1784,384.10052,717.94817,689.83063,12,1,0,0.26411,1.00000,6.00000,698.14392,7.50787,873.59540,0.28538,0
1785,383.95995,757.54906,651.03581,8,0,0,0.00000,0.00000,0.00000,0.00000,0.00000,0.00000,0.02739,0
1786,384.22142,48.70447,724.95574,8,0,0,0.31745,0.92244,4.00000,465.42929,4.77041,555.07190,0.19354,0
1787,384.36445,87.80893,764.20927,8,0,0,0.29023,0.82584,3.00000,349.07196,3.62478,421.76968,0.15744,0
1788,384.22388,127.40982,725.41446,12,1,0,0.24582,1.00000,6.63325,771.82721,7.91931,921.47009,0.26912,0
1789,384.36691,166.51429,764.66799,8,0,0,0.26507,0.71629,2.23607,260.18289,2.46493,286.81210,0.15200,0
1790,384.22634,206.11517,725.87317,12,1,0,0.25401,1.00000,6.00000,698.14392,8.11649,944.41278,0.28653,0
1791,384.36937,245.21964,765.12670,8,0,0,0.26226,0.68524,1.00000,116.35732,0.00000,0.00000,0.16877,0
1792,384.22880,284.82053,726.33188,12,1,0,0.25209,1.00000,6.00000,698.14392,7.97788,928.28424,0.28038,0
1793,384.37183,323.92499,765.58542,8,0,0,0.26073,0.68975,2.00000,232.71465,0.00000,0.00000,0.15770,0
1794,384.23126,363.52588,726.79060,12,1,0,0.24703,1.00000,6.08276,707.77399,7.84429,912.74011,0.27840,0
1795,384.37429,402.63034,766.04413,8,0,0,0.29488,0.81440,3.00000,349.07196,3.37213,392.37164,0.17216,0
1796,384.23372,442.23123,727.24931,12,1,0,0.25122,1.00000,6.00000,698.14392,7.92274,921.86847,0.27603,0
1797,384.23618,520.93658,727.70803,12,1,0,0.24861,1.00000,6.08276,707.77399,8.16956,950.58765,0.29056,0
1798,384.23864,599.64193,728.16674,12,1,0,0.26320,1.00000,5.00000,581.78662,7.38434,859.22168,0.26189,0
1799,384.24110,678.34728,728.62545,12,1,0,0.25105,1.00000,6.00000,698.14392,7.87463,916.27045,0.27821,0
1800,384.24355,757.05263,729.08417,8,0,0,0.00000,0.00000,0.00000,0.00000,0.00000,0.00000,0.02394,0
1801,384.37675,481.33569,766.50284,8,0,0,0.27721,0.76487,2.82843,329.10822,2.88218,335.36319,0.16883,0
1802,384.37921,560.04104,766.96156,8,0,0,0.27293,0.68232,1.73205,201.53679,2.06184,239.91045,0.15213,0
1803,384.38167,638.74639,767.42027,8,0,0,0.28345,0.80337,3.00000,349.07196,3.39747,395.32074,0.17088,0
1804,384.38413,717.45174,767.87899,8,0,0,0.29026,0.81564,2.23607,260.18289,3.52403,410.04623,0.17165,0
1805,421.01917,52.97218,61.46210,5,0,0,0.32797,0.73204,3.00000,349.07196,3.14423,365.85428,0.10874,0
1806,421.02163,131.67753,61.92081,8,0,0,0.31045,0.86188,3.00000,349.07196,4.03002,468.92221,0.16749,0
1807,421.02409,210.38288,62.37953,8,0,0,0.30069,0.85278,3.31662,385.91360,3.74658,435.94247,0.17786,0
1808,421.02655,289.08823,62.83824,8,0,0,0.30508,0.83607,2.82843,329.10822,3.62897,422.25778,0.16269,0
1809,421.02901,367.79358,63.29695,8,0,0,0.28487,0.80110,2.82843,329.10822,3.01667,351.01126,0.18240,0
1810,421.03147,446.49893,63.75567,8,0,0,0.28749,0.83611,3.00000,349.07196,3.75809,437.28183,0.18458,0
1811,421.03393,525.20428,64.21438,8,0,0,0.28654,0.80654,3.00000,349.07196,3.23259,376.13611,0.17722,0
1812,421.03639,603.90963,64.67309,8,0,0,0.27529,0.78177,3.00000,349.07196,3.30421,384.46899,0.17472,0
1813,421.03885,682.61499,65.13181,8,0,0,0.30341,0.85912,3.60555,419.53229,4.05777,472.15091,0.17043,0
1814,421.04130,761.32034,65.59052,5,0,0,0.00000,0.00000,0.00000,0.00000,0.00000,0.00000,0.02010,0
1815,421.30278,52.47575,139.51045,8,0,0,0.31320,0.87679,3.16228,367.95416,3.95106,459.73517,0.17325,0
1816,421.16220,92.07664,100.71563,12,1,0,0.26419,1.00000,5.74456,668.42194,7.45268,867.17377,0.27917,0
1817,421.30523,131.18110,139.96916,12,1,0,0.25832,1.00000,5.09902,593.30829,7.72890,899.31415,0.26637,0
1818,421.16466,170.78199,101.17434,12,1,0,0.25761,1.00000,6.00000,698.14392,7.88157,917.07867,0.28877,0
1819,421.30769,209.88645,140.42788,12,1,0,0.24792,1.00000,7.00000,814.50128,8.07005,939.00977,0.28467,0
1820,421.16712,249.48734,101.63306,12,1,0,0.24722,1.00000,6.08276,707.77399,8.15103,948.43231,0.29069,0
1821,421.31015,288.59180,140.88659,12,1,0,0.24522,1.00000,7.00000,814.50128,8.27864,963.28033,0.28672,0
1822,421.16958,328.19269,102.09177,12,1,0,0.25757,1.00000,6.00000,698.14392,8.01100,932.13837,0.29184,0
1823,421.31261,367.29716,141.34531,12,1,0,0.24897,1.00000,7.00000,814.50128,8.33034,969.29578,0.29043,0
1824,421.17204,406.89804,102.55049,12,1,0,0.24948,1.00000,6.16441,717.27472,7.84346,912.64453,0.25779,0
1825,421.31507,446.00251,141.80402,12,1,0,0.25017,1.00000,6.08276,707.77399,8.23008,957.63037,0.29472,0
1826,421.17450,485.60339,103.00920,12,1,0,0.24829,1.00000,7.00000,814.50128,8.30838,966.74109,0.29702,0
1827,421.31753,524.70786,142.26273,12,1,0,0.24931,1.00000,6.16441,717.27472,8.21143,955.45966,0.28435,0
1828,421.17696,564.30875,103.46791,12,1,0,0.24469,1.00000,6.08276,707.77399,8.45204,983.45685,0.29958,0
1829,421.31999,603.41321,142.72145,12,1,0,0.25105,1.00000,6.00000,698.14392,7.98694,929.33905,0.28550,0
1830,421.17942,643.01410,103.92663,12,1,0,0.25243,1.00000,7.00000,814.50128,8.48770,987.60645,0.30240,0
1831,421.32245,682.11856,143.18016,12,1,0,0.25708,1.00000,6.00000,698.14392,7.71581,897.79102,0.27744,0
1832,421.18188,721.71945,104.38534,12,1,0,0.25105,1.00000,6.00000,698.14392,7.93071,922.79602,0.29190,0
1833,421.32491,760.82391,143.63887,8,0,0,0.00000,0.00000,0.00000,0.00000,0.00000,0.00000,0.02707,0
1834,421.58638,51.97932,217.55880,8,0,0,0.27047,0.69146,2.00000,232.71465,2.16610,252.04179,0.18637,0
1835,421.44581,91.58021,178.76398,12,1,0,0.25035,1.00000,6.00000,698.14392,7.91165,920.57880,0.29158,0
1836,421.58884,130.68468,218.01752,12,1,0,0.25774,1.00000,6.00000,698.14392,7.37942,858.64899,0.27629,0
1837,421.44826,170.28556,179.22270,12,1,0,0.24402,1.00000,6.00000,698.14392,8.31326,967.30890,0.29491,0
1838,421.59129,209.39003,218.47623,12,1,0,0.24893,1.00000,6.00000,698.14392,7.67020,892.48370,0.28646,0
1839,421.45072,248.99092,179.68141,12,1,0,0.24844,1.00000,6.00000,698.14392,8.10596,943.18756,0.28544,0
1840,421.59375,288.09538,218.93494,12,1,0,0.25530,1.00000,6.00000,698.14392,7.69393,895.24524,0.28832,0
1841,421.45318,327.69627,180.14012,12,1,0,0.24844,1.00000,6.00000,698.14392,8.09208,941.57269,0.29414,0
1842,421.59621,366.80073,219.39366,12,1,0,0.24754,1.00000,6.00000,698.14392,7.94874,924.89374,0.28077,0
1843,421.45564,406.40162,180.59884,12,1,0,0.23836,1.00000,6.08276,707.77399,8.33694,970.06390,0.28845,0
1844,421.59867,445.50608,219.85237,12,1,0,0.24554,1.00000,6.08276,707.77399,8.18078,951.89337,0.28262,0
1845,421.45810,485.10697,181.05755,12,1,0,0.24795,1.00000,6.08276,707.77399,8.24959,959.89978,0.29261,0
1846,421.60113,524.21143,220.31109,12,1,0,0.24587,1.00000,6.08276,707.77399,8.04891,936.54907,0.28614,0
1847,421.46056,563.81232,181.51627,12,1,0,0.24739,1.00000,6.00000,698.14392,8.20346,954.53284,0.29274,0
1848,421.60359,602.91678,220.76980,12,1,0,0.24966,1.00000,6.08276,707.77399,8.20417,954.61517,0.29299,0
1849,421.46302,642.51767,181.97498,12,1,0,0.25069,1.00000,7.00000,814.50128,8.16957,950.58972,0.30886,0
1850,421.60605,681.62213,221.22851,12,1,0,0.25176,1.00000,6.08276,707.77399,7.77259,904.39752,0.28832,0
1851,421.46548,721.22302,182.43369,12,1,0,0.25212,1.00000,6.00000,698.14392,7.76244,903.21686,0.28275,0
1852,421.60851,760.32749,221.68723,8,0,0,0.00000,0.00000,0.00000,0.00000,0.00000,0.00000,0.03078,0
1853,421.86998,51.48290,295.60715,8,0,0,0.29666,0.84358,3.00000,349.07196,3.65077,424.79373,0.18771,0
1854,421.72941,91.08379,256.81233,12,1,0,0.26016,1.00000,6.00000,698.14392,7.65002,890.13629,0.27738,0
1855,421.87244,130.18825,296.06587,12,1,0,0.25979,1.00000,6.00000,698.14392,7.81287,909.08411,0.28557,0
1856,421.73187,169.78914,257.27105,12,1,0,0.25781,1.00000,6.00000,698.14392,7.78696,906.06989,0.28064,0
1857,421.87490,208.89360,296.52458,12,1,0,0.25052,1.00000,6.00000,698.14392,7.96031,926.24060,0.29402,0
1858,421.73432,248.49449,257.72976,12,1,0,0.25318,1.00000,6.00000,698.14392,7.85613,914.11792,0.28621,0
1859,421.73678,327.19984,258.18848,12,1,0,0.25138,1.00000,7.00000,814.50128,8.06264,938.14764,0.28794,0
1860,421.73924,405.90519,258.64719,12,1,0,0.24809,1.00000,6.08276,707.77399,8.04247,935.80060,0.28518,0
1861,421.74170,484.61054,259.10590,12,1,0,0.24606,1.00000,7.00000,814.50128,8.19622,953.68994,0.29632,0
1862,421.74416,563.31589,259.56462,12,1,0,0.24808,1.00000,6.08276,707.77399,8.10776,943.39716,0.28192,0
1863,421.74662,642.02125,260.02333,12,1,0,0.25384,1.00000,6.00000,698.14392,8.12557,945.46936,0.28998,0
1864,421.74908,720.72660,260.48205,12,1,0,0.25194,1.00000,6.00000,698.14392,7.81370,909.18103,0.28358,0
1865,422.01301,90.58736,334.86069,12,1,0,0.25876,1.00000,6.00000,698.14392,7.49952,872.62372,0.27795,0
1866,422.01547,169.29271,335.31940,12,1,0,0.25512,1.00000,6.00000,698.14392,7.66785,892.21100,0.26182,0
1867,422.01793,247.99806,335.77811,12,1,0,0.26106,1.00000,6.00000,698.14392,7.71971,898.24438,0.27418,0
1868,421.87735,287.59895,296.98330,12,1,0,0.25365,1.00000,6.00000,698.14392,8.10817,943.44470,0.30253,0
1869,422.02038,326.70341,336.23683,12,1,0,0.25492,1.00000,6.55744,763.00598,7.73179,899.65070,0.26752,0
1870,421.87981,366.30430,297.44201,12,1,0,0.24502,1.00000,7.00000,814.50128,8.10335,942.88452,0.28781,0
1871,422.02284,405.40877,336.69554,12,1,0,0.24896,1.00000,7.00000,814.50128,7.79212,906.66968,0.26157,0
1872,421.88227,445.00965,297.90072,12,1,0,0.25563,1.00000,6.00000,698.14392,8.16414,949.95709,0.29766,0
1873,422.02530,484.11412,337.15426,12,1,0,0.25829,1.00000,7.00000,814.50128,7.85599,914.10223,0.28237,0
1874,421.88473,523.71501,298.35944,12,1,0,0.24879,1.00000,7.00000,814.50128,8.21395,955.75323,0.29875,0
1875,422.02776,562.81947,337.61297,12,1,0,0.25437,1.00000,6.00000,698.14392,7.94285,924.20850,0.28154,0
1876,421.88719,602.42036,298.81815,12,1,0,0.25176,1.00000,6.00000,698.14392,7.93028,922.74573,0.28538,0
1877,422.03022,641.52482,338.07168,12,1,0,0.25088,1.00000,6.00000,698.14392,7.92970,922.67908,0.27386,0
1878,421.88965,681.12571,299.27686,12,1,0,0.25438,1.00000,6.00000,698.14392,7.79179,906.63171,0.28269,0
1879,422.03268,720.23017,338.53040,12,1,0,0.25316,1.00000,6.00000,698.14392,7.79924,907.49921,0.28550,0
1880,421.89211,759.83106,299.73558,8,0,0,0.00000,0.00000,0.00000,0.00000,0.00000,0.00000,0.02688,0
1881,422.15358,50.98647,373.65551,8,0,0,0.28878,0.77534,2.00000,232.71465,3.06207,356.29413,0.19123,0
1882,422.29661,90.09093,412.90904,12,1,0,0.28501,0.94536,4.12311,479.75351,5.21294,606.56390,0.23667,0
1883,422.15604,129.69182,374.11422,12,1,0,0.26343,1.00000,6.00000,698.14392,7.41358,862.62451,0.28416,0
1884,422.29907,168.79629,413.36775,12,1,0,0.25300,1.00000,6.00000,698.14392,7.68753,894.50000,0.27219,0
1885,422.15850,208.39717,374.57293,12,1,0,0.24912,1.00000,6.00000,698.14392,7.82646,910.66644,0.28454,0
1886,422.30153,247.50164,413.82647,12,1,0,0.24826,1.00000,6.00000,698.14392,7.93125,922.85852,0.27962,0
1887,422.16096,287.10253,375.03165,12,1,0,0.26274,1.00000,6.00000,698.14392,7.73550,900.08258,0.29139,0
1888,422.30399,326.20699,414.28518,12,1,0,0.25586,1.00000,6.08276,707.77399,7.64561,889.62225,0.26739,0
1889,422.16342,365.80788,375.49036,12,1,0,0.25853,1.00000,5.38516,626.60333,7.56237,879.93677,0.27443,0
1890,422.30645,404.91234,414.74389,12,1,0,0.25605,1.00000,6.08276,707.77399,7.56317,880.02997,0.26458,0
1891,422.16587,444.51323,375.94908,12,1,0,0.24896,1.00000,6.16441,717.27472,8.03489,934.91840,0.28454,0
1892,422.30890,483.61769,415.20261,12,1,0,0.24913,1.00000,7.00000,814.50128,7.92697,922.36060,0.28320,0
1893,422.16833,523.21858,376.40779,12,1,0,0.24419,1.00000,7.00000,814.50128,8.33801,970.18896,0.30285,0
1894,422.31136,562.32304,415.66132,12,1,0,0.25295,1.00000,6.16441,717.27472,8.01258,932.32190,0.27808,0
1895,422.17079,601.92393,376.86650,12,1,0,0.25664,1.00000,6.08276,707.77399,8.14836,948.12128,0.29318,0
1896,422.31382,641.02839,416.12004,12,1,0,0.25400,1.00000,6.00000,698.14392,7.86333,914.95563,0.28083,0
1897,422.17325,680.62928,377.32522,12,1,0,0.25282,1.00000,6.00000,698.14392,7.96705,927.02448,0.28838,0
1898,422.31628,719.73374,416.57875,12,1,0,0.25320,1.00000,6.00000,698.14392,7.73350,899.84973,0.28013,0
1899,422.17571,759.33463,377.78393,8,0,0,0.00000,0.00000,0.00000,0.00000,0.00000,0.00000,0.02893,0
1900,422.43718,50.49005,451.70386,8,0,0,0.29626,0.87784,3.00000,349.07196,3.91536,455.58075,0.19552,0
1901,422.58021,89.59451,490.95739,12,1,0,0.25087,1.00000,6.00000,698.14392,7.85671,914.18585,0.28218,0
1902,422.43964,129.19540,452.16257,12,1,0,0.25499,1.00000,6.63325,771.82721,7.57385,881.27338,0.27405,0
1903,422.58267,168.29986,491.41610,12,1,0,0.25214,1.00000,6.00000,698.14392,7.70196,896.17944,0.27373,0
1904,422.44210,207.90075,452.62129,12,1,0,0.25070,1.00000,6.00000,698.14392,7.80538,908.21356,0.28397,0
1905,422.58513,247.00521,491.87482,12,1,0,0.25599,1.00000,6.00000,698.14392,7.78156,905.44098,0.27264,0
1906,422.44456,286.60610,453.08000,12,1,0,0.24913,1.00000,6.78233,789.17377,7.97574,928.03583,0.29728,0
1907,422.58759,325.71056,492.33353,12,1,0,0.25035,1.00000,6.08276,707.77399,7.90202,919.45807,0.27981,0
1908,422.44702,365.31145,453.53871,12,1,0,0.24859,1.00000,6.00000,698.14392,7.87779,916.63879,0.28640,0
1909,422.59005,404.41591,492.79225,12,1,0,0.25142,1.00000,6.00000,698.14392,7.67998,893.62189,0.26592,0
1910,422.44948,444.01680,453.99743,12,1,0,0.24863,1.00000,7.00000,814.50128,8.11034,943.69714,0.28934,0
1911,422.59251,483.12126,493.25096,12,1,0,0.24809,1.00000,6.00000,698.14392,7.95795,925.96527,0.27469,0
1912,422.45193,522.72215,454.45614,12,1,0,0.24224,1.00000,7.00000,814.50128,8.24361,959.20490,0.30029,0
1913,422.59496,561.82662,493.70967,12,1,0,0.24553,1.00000,6.63325,771.82721,8.07556,939.65002,0.29626,0
1914,422.45439,601.42750,454.91485,12,1,0,0.24966,1.00000,6.16441,717.27472,8.28541,964.06812,0.30490,0
1915,422.59742,640.53197,494.16839,12,1,0,0.24705,1.00000,6.00000,698.14392,7.96789,927.12231,0.27750,0
1916,422.45685,680.13286,455.37357,12,1,0,0.25958,1.00000,6.00000,698.14392,7.56433,880.16547,0.26381,0
1917,422.59988,719.23732,494.62710,12,1,0,0.25141,1.00000,6.00000,698.14392,7.72853,899.27069,0.28294,0
1918,422.45931,758.83821,455.83228,8,0,0,0.00000,0.00000,0.00000,0.00000,0.00000,0.00000,0.03002,0
1919,422.72078,49.99362,529.75221,8,0,0,0.29920,0.82548,2.82843,329.10822,3.45176,401.63791,0.20474,0
1920,422.86381,89.09808,569.00574,12,1,0,0.26090,1.00000,6.00000,698.14392,7.65451,890.65771,0.28147,0
1921,422.72324,128.69897,530.21092,12,1,0,0.25476,1.00000,6.00000,698.14392,7.65592,890.82251,0.27693,0
1922,422.86627,167.80343,569.46446,12,1,0,0.25211,1.00000,6.16441,717.27472,7.81128,908.89978,0.28154,0
1923,422.72570,207.40432,530.66964,12,1,0,0.25867,1.00000,6.00000,698.14392,7.58579,882.66193,0.28602,0
1924,422.86873,246.50879,569.92317,12,1,0,0.25105,1.00000,6.00000,698.14392,8.05898,937.72186,0.29216,0
1925,422.72816,286.10967,531.12835,12,1,0,0.25456,1.00000,6.08276,707.77399,7.92100,921.66663,0.29715,0
1926,422.87119,325.21414,570.38188,12,1,0,0.24913,1.00000,7.00000,814.50128,7.93863,923.71832,0.28506,0
1927,422.73062,364.81503,531.58707,12,1,0,0.25070,1.00000,6.00000,698.14392,7.87631,916.46613,0.29542,0
1928,422.87365,403.91949,570.84060,12,1,0,0.25791,1.00000,6.00000,698.14392,8.06863,938.84424,0.28762,0
1929,422.73308,443.52038,532.04578,12,1,0,0.24673,1.00000,7.00000,814.50128,8.01811,932.96582,0.29133,0
1930,422.73554,522.22573,532.50449,12,1,0,0.24464,1.00000,6.00000,698.14392,8.09392,941.78705,0.30355,0
1931,422.73799,600.93108,532.96321,12,1,0,0.26199,1.00000,6.00000,698.14392,7.73269,899.75500,0.28525,0
1932,422.74045,679.63643,533.42192,12,1,0,0.25018,1.00000,6.00000,698.14392,7.86139,914.73083,0.28339,0
1933,422.74291,758.34178,533.88063,8,0,0,0.00000,0.00000,0.00000,0.00000,0.00000,0.00000,0.03008,0
1934,423.00438,49.49719,607.80056,8,0,0,0.30470,0.83008,3.00000,349.07196,3.55938,414.16022,0.17837,0
1935,423.00684,128.20255,608.25928,12,1,0,0.25918,1.00000,6.00000,698.14392,7.86225,914.83020,0.28173,0
1936,423.00930,206.90790,608.71799,12,1,0,0.25957,1.00000,6.00000,698.14392,7.74437,901.11401,0.27994,0
1937,423.01176,285.61325,609.17670,12,1,0,0.25472,1.00000,6.00000,698.14392,7.96887,927.23676,0.28358,0
1938,423.01422,364.31860,609.63542,12,1,0,0.24776,1.00000,6.00000,698.14392,8.00111,930.98773,0.27347,0
1939,423.01668,443.02395,610.09413,12,1,0,0.25453,1.00000,6.16441,717.27472,8.11537,944.28284,0.28634,0
1940,422.87611,482.62484,571.29931,12,1,0,0.26782,0.99443,4.58258,533.21625,7.06023,821.50952,0.26758,0
1941,423.01914,521.72930,610.55285,12,1,0,0.24809,1.00000,6.00000,698.14392,8.02903,934.23651,0.27859,0
1942,422.87857,561.33019,571.75803,12,1,0,0.25191,1.00000,7.00000,814.50128,8.09571,941.99469,0.28934,0
1943,423.02160,600.43465,611.01156,12,1,0,0.24913,1.00000,6.00000,698.14392,8.10731,943.34491,0.29114,0
1944,422.88103,640.03554,572.21674,12,1,0,0.25947,1.00000,6.00000,698.14392,7.67213,892.70874,0.28006,0
1945,423.02406,679.14000,611.47027,12,1,0,0.00000,0.00000,0.00000,0.00000,0.00000,0.00000,0.00000,0
1946,422.88348,718.74089,572.67545,12,1,0,0.27101,0.99169,5.00000,581.78662,6.96663,810.61890,0.26048,0
1947,423.02651,757.84536,611.92899,8,0,0,0.00000,0.00000,0.00000,0.00000,0.00000,0.00000,0.02592,0
1948,423.28799,49.00077,685.84891,8,0,0,0.32100,0.87466,3.00000,349.07196,4.14230,481.98666,0.19302,0
1949,423.14741,88.60166,647.05409,12,1,0,0.25616,1.00000,6.00000,698.14392,7.86201,914.80231,0.29101,0
1950,423.29044,127.70612,686.30763,12,1,0,0.25457,1.00000,7.00000,814.50128,7.89020,918.08258,0.26688,0
1951,423.14987,167.30701,647.51281,12,1,0,0.24419,1.00000,6.00000,698.14392,8.24760,959.66870,0.29152,0
1952,423.29290,206.41147,686.76634,12,1,0,0.25000,1.00000,6.00000,698.14392,7.93167,922.90759,0.28064,0
1953,423.15233,246.01236,647.97152,12,1,0,0.25139,1.00000,6.63325,771.82721,8.18174,952.00488,0.28442,0
1954,423.29536,285.11682,687.22506,12,1,0,0.25244,1.00000,6.00000,698.14392,7.92944,922.64880,0.26726,0
1955,423.15479,324.71771,648.43024,12,1,0,0.24793,1.00000,7.00000,814.50128,8.18051,951.86255,0.28678,0
1956,423.29782,363.82217,687.68377,12,1,0,0.25458,1.00000,6.00000,698.14392,7.99415,930.17761,0.27917,0
1957,423.15725,403.42306,648.88895,12,1,0,0.24707,1.00000,6.00000,698.14392,8.05316,937.04376,0.28026,0
1958,423.30028,442.52752,688.14248,12,1,0,0.24454,1.00000,7.00000,814.50128,8.12883,945.84924,0.28122,0
1959,423.15971,482.12841,649.34766,12,1,0,0.24896,1.00000,6.08276,707.77399,8.06123,937.98364,0.28397,0
1960,423.30274,521.23288,688.60120,12,1,0,0.24792,1.00000,6.00000,698.14392,8.20057,954.19672,0.28512,0
1961,423.16217,560.83376,649.80638,12,1,0,0.25468,1.00000,6.00000,698.14392,8.16992,950.62970,0.29171,0
1962,423.30520,599.93823,689.05991,12,1,0,0.25313,1.00000,6.00000,698.14392,8.18232,952.07245,0.29133,0
1963,423.16463,639.53912,650.26509,12,1,0,0.25124,1.00000,6.08276,707.77399,7.86029,914.60236,0.27770,0
1964,423.30766,678.64358,689.51862,12,1,0,0.25284,1.00000,6.00000,698.14392,7.68568,894.28491,0.27974,0
1965,423.16709,718.24447,650.72381,12,1,0,0.27386,0.96712,4.24264,493.66229,6.30496,733.62848,0.27680,0
1966,423.31012,757.34893,689.97734,8,0,0,0.00000,0.00000,0.00000,0.00000,0.00000,0.00000,0.03091,0
1967,423.57159,48.50434,763.89727,5,0,0,0.28552,0.58678,2.00000,232.71465,2.16000,251.33183,0.10874,0
1968,423.43102,88.10523,725.10245,12,1,0,0.24793,1.00000,7.00000,814.50128,8.23920,958.69098,0.29606,0
1969,423.57405,127.20969,764.35598,8,0,0,0.26951,0.72753,2.44949,285.01608,2.68125,311.98309,0.16813,0
1970,423.43347,166.81058,725.56116,12,1,0,0.25106,1.00000,6.00000,698.14392,8.06503,938.42578,0.28186,0
1971,423.57650,205.91504,764.81469,8,0,0,0.27823,0.75069,2.82843,329.10822,2.47786,288.31714,0.16723,0
1972,423.43593,245.51593,726.01987,12,1,0,0.24983,1.00000,6.00000,698.14392,8.29541,965.23163,0.28608,0
1973,423.57896,284.62040,765.27341,8,0,0,0.26233,0.70621,2.00000,232.71465,0.00000,0.00000,0.17043,0
1974,423.43839,324.22128,726.47859,12,1,0,0.24704,1.00000,6.00000,698.14392,8.05375,937.11255,0.28262,0
1975,423.58142,363.32575,765.73212,8,0,0,0.26025,0.71148,2.23607,260.18289,2.14839,249.98058,0.17139,0
1976,423.44085,402.92664,726.93730,12,1,0,0.25052,1.00000,6.00000,698.14392,8.06515,938.43939,0.27878,0
1977,423.58388,442.03110,766.19084,8,0,0,0.25152,0.68975,2.00000,232.71465,2.12097,246.79012,0.16928,0
1978,423.44331,481.63199,727.39602,12,1,0,0.24309,1.00000,7.00000,814.50128,8.33081,969.35046,0.29613,0
1979,423.58634,520.73645,766.64955,8,0,0,0.24695,0.68451,2.00000,232.71465,0.00000,0.00000,0.17114,0
1980,423.44577,560.33734,727.85473,12,1,0,0.24304,1.00000,6.08276,707.77399,8.38395,975.53442,0.30054,0
1981,423.58880,599.44180,767.10826,8,0,0,0.26852,0.72702,2.00000,232.71465,2.32273,270.26633,0.16781,0
1982,423.44823,639.04269,728.31344,12,1,0,0.24486,1.00000,6.08276,707.77399,8.33372,969.68890,0.30477,0
1983,423.59126,678.14715,767.56698,8,0,0,0.28501,0.81180,3.00000,349.07196,3.29808,383.75540,0.17056,0
1984,423.45069,717.74804,728.77216,12,1,0,0.24549,1.00000,6.00000,698.14392,7.93598,923.40912,0.28896,0
1985,423.59372,756.85250,768.02569,5,0,0,0.00000,0.00000,0.00000,0.00000,0.00000,0.00000,0.01594,0
1986,460.36934,52.77205,100.40362,8,0,0,0.30141,0.83989,3.00000,349.07196,3.84753,447.68826,0.18477,0
1987,460.22876,92.37294,61.60880,8,0,0,0.29130,0.83473,3.00000,349.07196,3.53481,411.30072,0.17075,0
1988,460.37179,131.47740,100.86234,12,1,0,0.25425,1.00000,6.00000,698.14392,7.72654,899.03961,0.26656,0
1989,460.23122,171.07829,62.06752,8,0,0,0.27952,0.76099,3.00000,349.07196,2.51991,293.20969,0.16704,0
1990,460.37425,210.18275,101.32105,12,1,0,0.25499,1.00000,6.00000,698.14392,7.74046,900.65967,0.27546,0
1991,460.23368,249.78364,62.52623,8,0,0,0.28008,0.82670,3.00000,349.07196,3.39474,395.00333,0.17338,0
1992,460.23614,328.48899,62.98494,8,0,0,0.27385,0.79722,2.00000,232.71465,2.64235,307.45712,0.18477,0
1993,460.23860,407.19434,63.44366,8,0,0,0.28585,0.83099,3.00000,349.07196,3.39917,395.51791,0.17549,0
1994,460.24106,485.89969,63.90237,8,0,0,0.28039,0.78788,2.23607,260.18289,2.92903,340.81436,0.18010,0
1995,460.24352,564.60504,64.36109,8,0,0,0.28101,0.81232,3.16228,367.95416,3.42541,398.57101,0.17491,0
1996,460.24598,643.31039,64.81980,8,0,0,0.27976,0.77686,2.23607,260.18289,2.89250,336.56354,0.17325,0
1997,460.24844,722.01575,65.27851,8,0,0,0.31337,0.86264,3.60555,419.53229,3.90184,454.00760,0.16640,0
1998,460.51237,91.87651,139.65715,12,1,0,0.26573,1.00000,5.91608,688.37921,7.27331,846.30341,0.26579,0
1999,460.51483,170.58186,140.11587,12,1,0,0.25714,1.00000,6.00000,698.14392,7.58633,882.72504,0.27629,0
2000,460.51728,249.28721,140.57458,12,1,0,0.24789,1.00000,6.00000,698.14392,7.80911,908.64740,0.27635,0
2001,460.37671,288.88810,101.77976,12,1,0,0.25351,1.00000,6.00000,698.14392,7.82798,910.84283,0.26202,0
2002,460.51974,327.99256,141.03330,12,1,0,0.25783,1.00000,6.00000,698.14392,7.59687,883.95111,0.26720,0
2003,460.37917,367.59345,102.23848,12,1,0,0.24400,1.00000,6.08276,707.77399,8.14455,947.67786,0.27936,0
2004,460.52220,406.69791,141.49201,12,1,0,0.24372,1.00000,6.63325,771.82721,7.85584,914.08466,0.26842,0
2005,460.38163,446.29880,102.69719,12,1,0,0.25121,1.00000,6.16441,717.27472,8.12323,945.19696,0.28186,0
2006,460.52466,485.40327,141.95072,12,1,0,0.25086,1.00000,6.08276,707.77399,8.04904,936.56519,0.27264,0
2007,460.38409,525.00415,103.15591,12,1,0,0.25225,1.00000,6.00000,698.14392,8.09077,941.42065,0.27930,0
2008,460.52712,564.10862,142.40944,12,1,0,0.24845,1.00000,6.00000,698.14392,7.97518,927.97095,0.28019,0
2009,460.38655,603.70951,103.61462,12,1,0,0.24688,1.00000,6.00000,698.14392,8.26391,961.56683,0.28877,0
2010,460.52958,642.81397,142.86815,12,1,0,0.25716,1.00000,6.00000,698.14392,7.61319,885.85022,0.25882,0
2011,460.38901,682.41486,104.07333,12,1,0,0.27878,0.98889,4.35890,507.18982,6.50748,757.19354,0.24704,0
2012,460.53204,721.51932,143.32687,12,1,0,0.27353,0.97143,4.35890,507.18982,5.86283,682.18274,0.25222,0
2013,460.39147,761.12021,104.53205,8,0,0,0.00000,0.00000,0.00000,0.00000,0.00000,0.00000,0.02432,0
2014,460.65294,52.27562,178.45197,8,0,0,0.29516,0.84225,3.16228,367.95416,3.69873,430.37439,0.18656,0
2015,460.79597,91.38008,217.70551,12,1,0,0.25848,1.00000,6.00000,698.14392,7.48430,870.85345,0.27155,0
2016,460.65540,130.98097,178.91069,12,1,0,0.25334,1.00000,6.00000,698.14392,7.61983,886.62329,0.28352,0
2017,460.79843,170.08543,218.16422,12,1,0,0.25434,1.00000,7.00000,814.50128,7.94147,924.04865,0.27098,0
2018,460.65786,209.68632,179.36940,12,1,0,0.25897,1.00000,6.00000,698.14392,7.64598,889.66614,0.26624,0
2019,460.80089,248.79079,218.62293,12,1,0,0.25176,1.00000,6.00000,698.14392,7.80124,907.73151,0.27053,0
2020,460.66031,288.39167,179.82812,12,1,0,0.24656,1.00000,6.00000,698.14392,8.14132,947.30176,0.28666,0
2021,460.80334,327.49614,219.08165,12,1,0,0.24861,1.00000,6.16441,717.27472,7.94219,924.13177,0.27130,0
2022,460.66277,367.09703,180.28683,12,1,0,0.24948,1.00000,6.00000,698.14392,8.05835,937.64819,0.28544,0
2023,460.80580,406.20149,219.54036,12,1,0,0.24382,1.00000,6.08276,707.77399,8.08446,940.68646,0.27238,0
2024,460.66523,445.80238,180.74554,12,1,0,0.25174,1.00000,6.00000,698.14392,7.96955,927.31519,0.28224,0
2025,460.80826,484.90684,219.99908,12,1,0,0.25507,1.00000,6.08276,707.77399,7.83401,911.54425,0.27795,0
2026,460.66769,524.50773,181.20426,12,1,0,0.24689,1.00000,6.08276,707.77399,8.05892,937.71454,0.28192,0
2027,460.81072,563.61219,220.45779,12,1,0,0.24860,1.00000,6.00000,698.14392,7.91905,921.43933,0.28858,0
2028,460.67015,603.21308,181.66297,12,1,0,0.24931,1.00000,6.00000,698.14392,8.09722,942.17078,0.28544,0
2029,460.81318,642.31754,220.91650,12,1,0,0.25456,1.00000,6.00000,698.14392,7.83976,912.21393,0.27802,0
2030,460.67261,681.91843,182.12168,12,1,0,0.27466,1.00000,5.09902,593.30829,7.00951,815.60785,0.24986,0
2031,460.81564,721.02289,221.37522,12,1,0,0.25509,1.00000,6.00000,698.14392,7.75171,901.96783,0.27770,0
2032,460.67507,760.62378,182.58040,8,0,0,0.00000,0.00000,0.00000,0.00000,0.00000,0.00000,0.02790,0
2033,460.93654,51.77919,256.50033,8,0,0,0.26884,0.72928,2.00000,232.71465,2.15556,250.81467,0.18650,0
2034,461.07957,90.88366,295.75386,12,1,0,0.26388,1.00000,6.00000,698.14392,7.56922,880.73468,0.27610,0
2035,460.93900,130.48455,256.95904,12,1,0,0.26023,1.00000,6.00000,698.14392,7.29490,848.81525,0.27168,0
2036,461.08203,169.58901,296.21257,12,1,0,0.25297,1.00000,6.00000,698.14392,7.75637,902.51025,0.27443,0
2037,460.94146,209.18990,257.41775,12,1,0,0.26370,1.00000,5.74456,668.42194,7.39234,860.15344,0.27533,0
2038,461.08449,248.29436,296.67129,12,1,0,0.24965,1.00000,6.08276,707.77399,7.93540,923.34192,0.27462,0
2039,460.94392,287.89525,257.87647,12,1,0,0.26735,1.00000,6.00000,698.14392,7.41943,863.30499,0.27763,0
2040,461.08695,326.99971,297.13000,12,1,0,0.25508,1.00000,6.70820,780.54865,8.08591,940.85516,0.27942,0
2041,460.94637,366.60060,258.33518,12,1,0,0.25087,1.00000,6.00000,698.14392,7.78122,905.40149,0.27194,0
2042,461.08940,405.70506,297.58871,12,1,0,0.25194,1.00000,6.00000,698.14392,7.78884,906.28870,0.27264,0
2043,460.94883,445.30595,258.79390,12,1,0,0.25104,1.00000,6.00000,698.14392,8.02830,934.15143,0.27654,0
2044,461.09186,484.41041,298.04743,12,1,0,0.25000,1.00000,6.00000,698.14392,7.97935,928.45587,0.28378,0
2045,460.95129,524.01130,259.25261,12,1,0,0.25455,1.00000,6.00000,698.14392,8.04559,936.16345,0.27699,0
2046,461.09432,563.11576,298.50614,12,1,0,0.25193,1.00000,6.00000,698.14392,7.95398,925.50385,0.28666,0
2047,460.95375,602.71665,259.71132,12,1,0,0.25316,1.00000,6.00000,698.14392,7.91895,921.42786,0.28749,0
2048,461.09678,641.82112,298.96486,12,1,0,0.25634,1.00000,6.00000,698.14392,8.02649,933.94122,0.29312,0
2049,460.95621,681.42200,260.17004,12,1,0,0.25245,1.00000,6.92820,806.14716,7.76517,903.53448,0.27853,0
2050,461.09924,720.52647,299.42357,12,1,0,0.26065,1.00000,6.00000,698.14392,7.47199,869.42090,0.27904,0
2051,460.95867,760.12736,260.62875,8,0,0,0.00000,0.00000,0.00000,0.00000,0.00000,0.00000,0.02739,0
2052,461.22014,51.28277,334.54868,8,0,0,0.29626,0.84314,3.00000,349.07196,3.68046,428.24887,0.19008,0
2053,461.36317,90.38723,373.80221,12,1,0,0.25667,1.00000,6.00000,698.14392,7.55297,878.84332,0.27782,0
2054,461.22260,129.98812,335.00739,12,1,0,0.26308,1.00000,6.08276,707.77399,7.64934,890.05676,0.27366,0
2055,461.36563,169.09258,374.26092,12,1,0,0.25088,1.00000,6.00000,698.14392,7.70646,896.70258,0.26426,0
2056,461.22506,208.69347,335.46611,12,1,0,0.24861,1.00000,6.00000,698.14392,7.95344,925.44153,0.28557,0
2057,461.36809,247.79793,374.71964,12,1,0,0.25553,1.00000,6.00000,698.14392,7.64948,890.07257,0.27846,0
2058,461.22752,287.39882,335.92482,12,1,0,0.25315,1.00000,6.00000,698.14392,7.79588,907.10718,0.28570,0
2059,461.37055,326.50328,375.17835,12,1,0,0.25338,1.00000,6.00000,698.14392,7.58966,883.11304,0.26278,0
2060,461.22998,366.10417,336.38353,12,1,0,0.25478,1.00000,6.00000,698.14392,7.70365,896.37604,0.27661,0
2061,461.37301,405.20864,375.63707,12,1,0,0.25212,1.00000,6.00000,698.14392,7.66498,891.87683,0.26317,0
2062,461.23244,444.80952,336.84225,12,1,0,0.25577,1.00000,6.00000,698.14392,7.78366,905.68542,0.25766,0
2063,461.23489,523.51488,337.30096,12,1,0,0.24569,1.00000,6.16441,717.27472,7.96970,927.33282,0.28134,0
2064,461.23735,602.22023,337.75967,12,1,0,0.25017,1.00000,6.08276,707.77399,8.03192,934.57245,0.28832,0
2065,461.23981,680.92558,338.21839,12,1,0,0.25772,1.00000,6.08276,707.77399,7.82506,910.50262,0.27661,0
2066,461.24227,759.63093,338.67710,8,0,0,0.00000,0.00000,0.00000,0.00000,0.00000,0.00000,0.02605,0
2067,461.50374,50.78634,412.59703,8,0,0,0.29119,0.79155,2.82843,329.10822,3.15456,367.05569,0.18573,0
2068,461.50620,129.49169,413.05574,12,1,0,0.25857,1.00000,6.40312,745.05042,7.56311,880.02295,0.26803,0
2069,461.50866,208.19705,413.51446,12,1,0,0.25281,1.00000,6.16441,717.27472,7.70957,897.06494,0.27936,0
2070,461.51112,286.90240,413.97317,12,1,0,0.25851,1.00000,5.91608,688.37921,7.41908,863.26416,0.26669,0
2071,461.51358,365.60775,414.43189,12,1,0,0.26391,1.00000,5.38516,626.60333,7.04840,820.13251,0.25536,0
2072,461.51604,444.31310,414.89060,12,1,0,0.25070,1.00000,6.00000,698.14392,7.72146,898.44885,0.26246,0
2073,461.37547,483.91399,376.09578,12,1,0,0.25351,1.00000,6.08276,707.77399,7.70329,896.33368,0.27866,0
2074,461.51850,523.01845,415.34931,12,1,0,0.24965,1.00000,6.08276,707.77399,7.96498,926.78375,0.28102,0
2075,461.37792,562.61934,376.55449,12,1,0,0.24823,1.00000,6.00000,698.14392,7.94934,924.96375,0.28659,0
2076,461.52095,601.72380,415.80803,12,1,0,0.24739,1.00000,6.00000,698.14392,7.88825,917.85547,0.27930,0
2077,461.38038,641.32469,377.01321,12,1,0,0.24879,1.00000,6.00000,698.14392,7.93730,923.56268,0.28230,0
2078,461.52341,680.42915,416.26674,12,1,0,0.26809,1.00000,5.09902,593.30829,6.92856,806.18909,0.24493,0
2079,461.38284,720.03004,377.47192,12,1,0,0.26153,1.00000,6.00000,698.14392,7.62120,886.78247,0.26541,0
2080,461.52587,759.13450,416.72545,8,0,0,0.00000,0.00000,0.00000,0.00000,0.00000,0.00000,0.02944,0
2081,461.78734,50.28992,490.64538,8,0,0,0.28366,0.77095,3.00000,349.07196,2.79958,325.75119,0.17242,0
2082,461.64677,89.89081,451.85056,12,1,0,0.27432,1.00000,5.00000,581.78662,6.93808,807.29626,0.25741,0
2083,461.78980,128.99527,491.10410,12,1,0,0.25868,1.00000,6.16441,717.27472,7.64767,889.86224,0.28013,0
2084,461.64923,168.59616,452.30928,12,1,0,0.25159,1.00000,7.00000,814.50128,7.76764,903.82233,0.27405,0
2085,461.79226,207.70062,491.56281,12,1,0,0.25465,1.00000,6.00000,698.14392,7.52952,876.11511,0.27533,0
2086,461.65169,247.30151,452.76799,12,1,0,0.25317,1.00000,6.00000,698.14392,7.79634,907.16095,0.26842,0
2087,461.79472,286.40597,492.02152,12,1,0,0.25657,1.00000,6.00000,698.14392,7.50847,873.66559,0.26874,0
2088,461.65415,326.00686,453.22670,12,1,0,0.25474,1.00000,6.00000,698.14392,7.70602,896.65155,0.26739,0
2089,461.79718,365.11132,492.48024,12,1,0,0.25389,1.00000,5.91608,688.37921,7.74725,901.44922,0.27898,0
2090,461.65661,404.71221,453.68542,12,1,0,0.25873,1.00000,6.08276,707.77399,7.69968,895.91364,0.27488,0
2091,461.79964,443.81667,492.93895,12,1,0,0.25913,1.00000,6.08276,707.77399,7.86781,915.47681,0.27533,0
2092,461.65907,483.41756,454.14413,12,1,0,0.24757,1.00000,6.00000,698.14392,7.89955,919.17090,0.28429,0
2093,461.80210,522.52202,493.39767,12,1,0,0.24619,1.00000,6.08276,707.77399,8.02266,933.49561,0.28038,0
2094,461.66153,562.12291,454.60285,12,1,0,0.24793,1.00000,6.08276,707.77399,8.00386,931.30725,0.29203,0
2095,461.80456,601.22738,493.85638,12,1,0,0.25258,1.00000,6.08276,707.77399,8.04564,936.16943,0.28371,0
2096,461.66398,640.82826,455.06156,12,1,0,0.25402,1.00000,6.00000,698.14392,7.90018,919.24353,0.28851,0
2097,461.80701,679.93273,494.31509,12,1,0,0.25818,1.00000,6.00000,698.14392,7.67113,892.59235,0.27712,0
2098,461.66644,719.53362,455.52027,12,1,0,0.26861,1.00000,5.00000,581.78662,6.83074,794.80670,0.25926,0
2099,461.80947,758.63808,494.77381,8,0,0,0.00000,0.00000,0.00000,0.00000,0.00000,0.00000,0.02835,0
2100,462.07094,49.79349,568.69373,8,0,0,0.29251,0.79614,2.82843,329.10822,3.32317,386.67523,0.19040,0
2101,461.93037,89.39438,529.89891,12,1,0,0.25585,1.00000,6.00000,698.14392,7.51533,874.46411,0.27718,0
2102,462.07340,128.49884,569.15245,12,1,0,0.25733,1.00000,6.00000,698.14392,7.53112,876.30145,0.27181,0
2103,461.93283,168.09973,530.35763,12,1,0,0.25710,1.00000,6.00000,698.14392,7.57895,881.86670,0.26995,0
2104,462.07586,207.20419,569.61116,12,1,0,0.26043,1.00000,6.00000,698.14392,7.50832,873.64789,0.27469,0
2105,461.93529,246.80508,530.81634,12,1,0,0.25843,1.00000,6.00000,698.14392,7.94037,923.92053,0.27494,0
2106,462.07832,285.90954,570.06988,12,1,0,0.26090,1.00000,6.00000,698.14392,7.74229,900.87231,0.28659,0
2107,461.93775,325.51043,531.27506,12,1,0,0.24965,1.00000,6.08276,707.77399,7.78030,905.29523,0.27162,0
2108,462.08078,364.61490,570.52859,12,1,0,0.25894,1.00000,6.00000,698.14392,7.60899,885.36230,0.27501,0
2109,461.94021,404.21578,531.73377,12,1,0,0.26013,1.00000,6.00000,698.14392,7.67878,893.48199,0.27206,0
2110,462.08324,443.32025,570.98730,12,1,0,0.25405,1.00000,6.00000,698.14392,7.78297,905.60583,0.28685,0
2111,461.94267,482.92114,532.19248,12,1,0,0.25298,1.00000,6.00000,698.14392,7.90719,920.05963,0.27450,0
2112,462.08570,522.02560,571.44602,12,1,0,0.25300,1.00000,6.00000,698.14392,7.79295,906.76697,0.27200,0
2113,461.94513,561.62649,532.65120,12,1,0,0.25105,1.00000,6.32456,735.90833,7.99206,929.93512,0.27392,0
2114,462.08816,600.73095,571.90473,12,1,0,0.26074,1.00000,6.00000,698.14392,7.70025,895.98077,0.27667,0
2115,461.94759,640.33184,533.10991,12,1,0,0.25207,1.00000,6.00000,698.14392,7.99473,930.24530,0.29466,0
2116,462.09062,679.43630,572.36344,12,1,0,0.27817,1.00000,5.00000,581.78662,6.72583,782.59930,0.24301,0
2117,461.95004,719.03719,533.56863,12,1,0,0.26128,1.00000,6.00000,698.14392,7.42730,864.22040,0.26726,0
2118,462.09308,758.14165,572.82216,8,0,0,0.00000,0.00000,0.00000,0.00000,0.00000,0.00000,0.02822,0
2119,462.35455,49.29706,646.74209,8,0,0,0.31657,0.88674,4.00000,465.42929,4.33239,504.10522,0.18458,0
2120,462.21397,88.89795,607.94727,12,1,0,0.25526,1.00000,6.08276,707.77399,7.87662,916.50214,0.27642,0
2121,462.35700,128.00242,647.20080,12,1,0,0.25401,1.00000,6.16441,717.27472,7.72646,899.03027,0.26765,0
2122,462.21643,167.60330,608.40598,12,1,0,0.24930,1.00000,6.00000,698.14392,7.86270,914.88300,0.27558,0
2123,462.35946,206.70777,647.65951,12,1,0,0.25603,1.00000,6.00000,698.14392,7.76426,903.42804,0.27130,0
2124,462.21889,246.30866,608.86469,12,1,0,0.25708,1.00000,6.00000,698.14392,7.65631,890.86731,0.27162,0
2125,462.36192,285.41312,648.11823,12,1,0,0.25588,1.00000,6.00000,698.14392,7.71075,897.20197,0.27942,0
2126,462.22135,325.01401,609.32341,12,1,0,0.25226,1.00000,6.00000,698.14392,7.96666,926.97943,0.27731,0
2127,462.36438,364.11847,648.57694,12,1,0,0.24759,1.00000,6.08276,707.77399,8.00000,930.85858,0.27520,0
2128,462.22381,403.71936,609.78212,12,1,0,0.25475,1.00000,6.00000,698.14392,7.86310,914.92975,0.27450,0
2129,462.36684,442.82382,649.03566,12,1,0,0.25104,1.00000,6.08276,707.77399,7.96062,926.27631,0.27526,0
2130,462.22627,482.42471,610.24084,12,1,0,0.24948,1.00000,6.08276,707.77399,7.78150,905.43506,0.26854,0
2131,462.36930,521.52917,649.49437,12,1,0,0.23783,1.00000,7.00000,814.50128,8.33260,969.55896,0.28557,0
2132,462.22873,561.13006,610.69955,12,1,0,0.25331,1.00000,6.00000,698.14392,7.97328,927.74933,0.28147,0
2133,462.37176,600.23452,649.95308,12,1,0,0.24726,1.00000,6.32456,735.90833,8.09771,942.22736,0.28493,0
2134,462.23119,639.83541,611.15826,12,1,0,0.26358,1.00000,6.00000,698.14392,7.52741,875.86914,0.26483,0
2135,462.37422,678.93987,650.41180,12,1,0,0.27756,0.98338,5.00000,581.78662,6.62693,771.09149,0.23994,0
2136,462.23365,718.54076,611.61698,12,1,0,0.27230,0.98596,5.00000,581.78662,6.70794,780.51794,0.26144,0
2137,462.49758,88.40153,685.99562,12,1,0,0.25526,1.00000,6.00000,698.14392,7.82649,910.66962,0.27757,0
2138,462.50004,167.10688,686.45433,12,1,0,0.25140,1.00000,6.00000,698.14392,7.87859,916.73151,0.28134,0
2139,462.50249,245.81223,686.91305,12,1,0,0.24930,1.00000,6.40312,745.05042,8.06867,938.84912,0.28070,0
2140,462.50495,324.51758,687.37176,12,1,0,0.26312,0.97708,4.24264,493.66229,6.50906,757.37640,0.24154,0
2141,462.50741,403.22293,687.83047,12,1,0,0.24723,1.00000,6.00000,698.14392,7.97769,928.26215,0.27514,0
2142,462.50987,481.92828,688.28919,12,1,0,0.24638,1.00000,7.00000,814.50128,7.93411,923.19177,0.27622,0
2143,462.51233,560.63363,688.74790,12,1,0,0.24570,1.00000,6.00000,698.14392,8.10326,942.87378,0.27885,0
2144,462.51479,639.33899,689.20662,12,1,0,0.24965,1.00000,6.00000,698.14392,7.79024,906.45099,0.28474,0
2145,462.51725,718.04434,689.66533,12,1,0,0.26258,1.00000,5.00000,581.78662,7.39420,860.36957,0.27533,0
2146,462.37668,757.64523,650.87051,8,0,0,0.00000,0.00000,0.00000,0.00000,0.00000,0.00000,0.02880,0
2147,462.63815,48.80064,724.79044,8,0,0,0.31330,0.89076,3.60555,419.53229,4.26781,496.59097,0.18547,0
2148,462.78118,87.90510,764.04397,8,0,0,0.28270,0.77410,2.23607,260.18289,2.91500,339.18158,0.16979,0
2149,462.64061,127.50599,725.24915,12,1,0,0.26923,1.00000,5.09902,593.30829,7.02715,817.66046,0.25267,0
2150,462.78364,166.61045,764.50268,8,0,0,0.25694,0.70225,2.00000,232.71465,0.00000,0.00000,0.16000,0
2151,462.64307,206.21134,725.70787,12,1,0,0.25426,1.00000,6.00000,698.14392,7.72869,899.28925,0.26112,0
2152,462.78610,245.31580,764.96140,8,0,0,0.27732,0.74722,2.00000,232.71465,2.47412,287.88193,0.17382,0
2153,462.64552,284.91669,726.16658,12,1,0,0.25225,1.00000,6.63325,771.82721,7.98098,928.64551,0.27034,0
2154,462.78855,324.02115,765.42011,8,0,0,0.25286,0.67500,2.00000,232.71465,0.00000,0.00000,0.17139,0
2155,462.64798,363.62204,726.62529,12,1,0,0.24895,1.00000,6.32456,735.90833,7.92544,922.18323,0.27206,0
2156,462.79101,402.72651,765.87883,8,0,0,0.27433,0.73204,2.23607,260.18289,2.48782,289.47650,0.16461,0
2157,462.65044,442.32739,727.08401,12,1,0,0.24741,1.00000,6.00000,698.14392,8.16176,949.68091,0.27987,0
2158,462.79347,481.43186,766.33754,8,0,0,0.26283,0.71910,2.23607,260.18289,2.15750,251.04092,0.17318,0
2159,462.65290,521.03275,727.54272,12,1,0,0.25369,1.00000,6.00000,698.14392,7.96964,927.32648,0.28090,0
2160,462.79593,560.13721,766.79625,8,0,0,0.27699,0.74114,3.00000,349.07196,2.67230,310.94135,0.16858,0
2161,462.65536,599.73810,728.00143,12,1,0,0.25368,1.00000,6.00000,698.14392,8.05273,936.99451,0.28256,0
2162,462.79839,638.84256,767.25497,8,0,0,0.26311,0.73077,2.00000,232.71465,2.04138,237.52942,0.17107,0
2163,462.65782,678.44345,728.46015,12,1,0,0.24577,1.00000,6.00000,698.14392,7.88127,917.04401,0.27936,0
2164,462.80085,717.54791,767.71368,8,0,0,0.29205,0.79718,3.00000,349.07196,2.96091,344.52347,0.16614,0
2165,462.66028,757.14880,728.91886,8,0,0,0.00000,0.00000,0.00000,0.00000,0.00000,0.00000,0.02490,0
2166,499.43590,53.06834,61.29679,5,0,0,0.28513,0.58708,2.23607,260.18289,2.50972,292.02386,0.10112,0
2167,499.57893,92.17281,100.55033,12,1,0,0.24567,1.00000,6.00000,698.14392,8.09702,942.14758,0.28326,0
2168,499.43836,131.77369,61.75551,8,0,0,0.28599,0.81793,3.00000,349.07196,3.47535,404.38211,0.16621,0
2169,499.58139,170.87816,101.00904,12,1,0,0.25086,1.00000,7.00000,814.50128,8.25152,960.12427,0.27738,0
2170,499.44081,210.47905,62.21422,8,0,0,0.27898,0.79775,2.23607,260.18289,3.44988,401.41885,0.17466,0
2171,499.58385,249.58351,101.46775,12,1,0,0.24157,1.00000,7.00000,814.50128,8.25449,960.47021,0.28384,0
2172,499.44327,289.18440,62.67294,8,0,0,0.27469,0.81793,2.82843,329.10822,3.39048,394.50674,0.17920,0
2173,499.58630,328.28886,101.92647,12,1,0,0.24535,1.00000,6.00000,698.14392,8.12183,945.03485,0.28160,0
2174,499.44573,367.88975,63.13165,8,0,0,0.30019,0.86034,3.16228,367.95416,3.87000,450.30283,0.17606,0
2175,499.58876,406.99421,102.38518,12,1,0,0.24948,1.00000,6.00000,698.14392,8.10047,942.54950,0.28403,0
2176,499.44819,446.59510,63.59036,8,0,0,0.27538,0.78963,2.82843,329.10822,3.00857,350.06891,0.16525,0
2177,499.59122,485.69956,102.84390,12,1,0,0.24604,1.00000,6.00000,698.14392,8.00284,931.18860,0.27642,0
2178,499.45065,525.30045,64.04908,8,0,0,0.26745,0.76190,2.00000,232.71465,2.52895,294.26154,0.17107,0
2179,499.59368,564.40491,103.30261,12,1,0,0.24415,1.00000,6.00000,698.14392,8.31497,967.50757,0.29830,0
2180,499.45311,604.00580,64.50779,8,0,0,0.28280,0.79945,3.00000,349.07196,3.36727,391.80682,0.17254,0
2181,499.59614,643.11026,103.76132,12,1,0,0.25806,1.00000,5.19615,604.61035,7.66213,891.54535,0.27827,0
2182,499.45557,682.71115,64.96650,8,0,0,0.27893,0.78992,2.23607,260.18289,3.01254,350.53159,0.17126,0
2183,499.59860,721.81562,104.22004,12,1,0,0.27208,0.95531,3.60555,419.53229,5.97323,695.02856,0.26502,0
2184,499.45803,761.41650,65.42522,5,0,0,0.00000,0.00000,0.00000,0.00000,0.00000,0.00000,0.01696,0
2185,499.71950,52.57192,139.34515,8,0,0,0.28436,0.75562,2.82843,329.10822,2.96780,345.32562,0.18221,0
2186,499.86253,91.67638,178.59868,12,1,0,0.25926,1.00000,6.00000,698.14392,7.48832,871.32117,0.28218,0
2187,499.72196,131.27727,139.80386,12,1,0,0.25636,1.00000,6.92820,806.14716,7.71191,897.33722,0.27526,0
2188,499.86499,170.38173,179.05739,12,1,0,0.25404,1.00000,6.08276,707.77399,7.64181,889.18066,0.28493,0
2189,499.72442,209.98262,140.26257,12,1,0,0.25492,1.00000,6.08276,707.77399,7.78018,905.28076,0.28582,0
2190,499.86745,249.08708,179.51611,12,1,0,0.25643,1.00000,5.47723,637.31531,7.72962,899.39764,0.28518,0
2191,499.72688,288.68797,140.72129,12,1,0,0.25210,1.00000,6.00000,698.14392,7.87364,916.15546,0.27552,0
2192,499.86991,327.79243,179.97482,12,1,0,0.26297,1.00000,6.00000,698.14392,7.49411,871.99506,0.27398,0
2193,499.72933,367.39332,141.18000,12,1,0,0.24913,1.00000,6.00000,698.14392,7.93991,923.86633,0.27110,0
2194,499.87236,406.49778,180.43353,12,1,0,0.26243,1.00000,5.74456,668.42194,7.49109,871.64343,0.25696,0
2195,499.73179,446.09867,141.63872,12,1,0,0.24587,1.00000,6.00000,698.14392,8.34664,971.19275,0.28794,0
2196,499.87482,485.20314,180.89225,12,1,0,0.25523,1.00000,6.00000,698.14392,8.07688,939.80432,0.27955,0
2197,499.73425,524.80402,142.09743,12,1,0,0.25278,1.00000,6.00000,698.14392,8.16302,949.82751,0.28269,0
2198,499.73671,603.50938,142.55614,12,1,0,0.24686,1.00000,6.00000,698.14392,8.16493,950.04901,0.29408,0
2199,499.73917,682.21473,143.01486,12,1,0,0.00000,0.00000,0.00000,0.00000,0.00000,0.00000,0.00000,0
2200,499.74163,760.92008,143.47357,8,0,0,0.00000,0.00000,0.00000,0.00000,0.00000,0.00000,0.02714,0
2201,500.00310,52.07549,217.39350,8,0,0,0.31231,0.86908,3.00000,349.07196,4.12048,479.44852,0.18515,0
2202,500.00556,130.78084,217.85221,12,1,0,0.26358,1.00000,6.00000,698.14392,7.51878,874.86536,0.26931,0
2203,500.00802,209.48619,218.31093,12,1,0,0.25158,1.00000,6.92820,806.14716,7.72091,898.38470,0.27597,0
2204,500.01048,288.19154,218.76964,12,1,0,0.25738,1.00000,6.00000,698.14392,7.95942,926.13708,0.29274,0
2205,500.01294,366.89690,219.22835,12,1,0,0.25418,1.00000,6.08276,707.77399,7.90208,919.46429,0.27834,0
2206,500.01539,445.60225,219.68707,12,1,0,0.24931,1.00000,6.08276,707.77399,8.08495,940.74353,0.28346,0
2207,500.01785,524.30760,220.14578,12,1,0,0.25471,1.00000,6.08276,707.77399,7.87955,916.84375,0.27974,0
2208,499.87728,563.90849,181.35096,12,1,0,0.24948,1.00000,7.00000,814.50128,8.12633,945.55804,0.27955,0
2209,500.02031,603.01295,220.60449,12,1,0,0.24774,1.00000,6.08276,707.77399,8.16673,950.25873,0.30400,0
2210,499.87974,642.61384,181.80968,12,1,0,0.25586,1.00000,6.00000,698.14392,7.75539,902.39685,0.28480,0
2211,500.02277,681.71830,221.06321,12,1,0,0.25759,1.00000,6.00000,698.14392,7.68658,894.39026,0.27405,0
2212,499.88220,721.31919,182.26839,12,1,0,0.27335,1.00000,5.00000,581.78662,6.94212,807.76685,0.25811,0
2213,500.02523,760.42365,221.52192,8,0,0,0.00000,0.00000,0.00000,0.00000,0.00000,0.00000,0.02938,0
2214,500.28670,51.57907,295.44185,8,0,0,0.27899,0.71629,2.23607,260.18289,2.20783,256.89734,0.18496,0
2215,500.14613,91.17995,256.64703,12,1,0,0.25494,1.00000,6.00000,698.14392,7.68943,894.72144,0.26778,0
2216,500.28916,130.28442,295.90056,12,1,0,0.26354,1.00000,5.83095,678.47394,7.37591,858.24060,0.27347,0
2217,500.14859,169.88530,257.10574,12,1,0,0.26590,1.00000,6.00000,698.14392,7.65692,890.93896,0.27802,0
2218,500.29162,208.98977,296.35928,12,1,0,0.25811,1.00000,6.00000,698.14392,7.52439,875.51770,0.28070,0
2219,500.15105,248.59066,257.56446,12,1,0,0.24878,1.00000,6.00000,698.14392,7.88237,917.17175,0.27987,0
2220,500.29408,287.69512,296.81799,12,1,0,0.26235,1.00000,5.91608,688.37921,7.52854,876.00128,0.28128,0
2221,500.15351,327.29601,258.02317,12,1,0,0.25505,1.00000,6.00000,698.14392,7.79628,907.15454,0.27040,0
2222,500.29654,366.40047,297.27671,12,1,0,0.25158,1.00000,6.08276,707.77399,7.91911,921.44586,0.28800,0
2223,500.15597,406.00136,258.48189,12,1,0,0.25087,1.00000,6.00000,698.14392,7.95835,926.01276,0.29069,0
2224,500.29900,445.10582,297.73542,12,1,0,0.25000,1.00000,6.00000,698.14392,7.96087,926.30597,0.28698,0
2225,500.15842,484.70671,258.94060,12,1,0,0.25190,1.00000,6.00000,698.14392,8.11143,943.82416,0.29158,0
2226,500.30145,523.81117,298.19413,12,1,0,0.25313,1.00000,6.00000,698.14392,8.09874,942.34802,0.28947,0
2227,500.16088,563.41206,259.39931,12,1,0,0.24380,1.00000,7.00000,814.50128,8.14955,948.25964,0.28922,0
2228,500.30391,602.51652,298.65285,12,1,0,0.24982,1.00000,6.00000,698.14392,7.89104,918.18073,0.28141,0
2229,500.16334,642.11741,259.85803,12,1,0,0.25936,1.00000,6.00000,698.14392,7.79109,906.55066,0.28243,0
2230,500.30637,681.22187,299.11156,12,1,0,0.25527,1.00000,6.00000,698.14392,7.67183,892.67371,0.27155,0
2231,500.16580,720.82276,260.31674,12,1,0,0.25621,1.00000,6.00000,698.14392,7.61626,886.20734,0.26918,0
2232,500.30883,759.92723,299.57027,8,0,0,0.00000,0.00000,0.00000,0.00000,0.00000,0.00000,0.02771,0
2233,500.57030,51.08264,373.49020,8,0,0,0.31318,0.86813,3.00000,349.07196,4.19672,488.31921,0.18854,0
2234,500.42973,90.68353,334.69538,12,1,0,0.25105,1.00000,6.00000,698.14392,7.88259,917.19702,0.27936,0
2235,500.57276,129.78799,373.94892,12,1,0,0.25425,1.00000,6.00000,698.14392,7.59511,883.74707,0.27981,0
2236,500.43219,169.38888,335.15410,12,1,0,0.25088,1.00000,6.00000,698.14392,7.72441,898.79120,0.27693,0
2237,500.57522,208.49334,374.40763,12,1,0,0.24965,1.00000,6.00000,698.14392,7.84390,912.69531,0.28064,0
2238,500.43465,248.09423,335.61281,12,1,0,0.25247,1.00000,6.00000,698.14392,7.81575,909.41962,0.27763,0
2239,500.57768,287.19869,374.86634,12,1,0,0.24671,1.00000,6.00000,698.14392,8.02621,933.90808,0.29440,0
2240,500.43711,326.79958,336.07152,12,1,0,0.25000,1.00000,6.63325,771.82721,7.84978,913.37891,0.27584,0
2241,500.58014,365.90404,375.32506,12,1,0,0.25140,1.00000,6.00000,698.14392,7.89894,919.09930,0.28691,0
2242,500.43957,405.50493,336.53024,12,1,0,0.27878,0.98889,5.00000,581.78662,6.67176,776.30817,0.23872,0
2243,500.58260,444.60940,375.78377,12,1,0,0.24531,1.00000,7.00000,814.50128,8.06905,938.89258,0.28717,0
2244,500.44203,484.21028,336.98895,12,1,0,0.24862,1.00000,7.00000,814.50128,7.91525,920.99719,0.27930,0
2245,500.58506,523.31475,376.24249,12,1,0,0.24502,1.00000,7.00000,814.50128,8.33248,969.54553,0.29498,0
2246,500.44449,562.91564,337.44767,12,1,0,0.25779,1.00000,6.00000,698.14392,7.79257,906.72278,0.27526,0
2247,500.58752,602.02010,376.70120,12,1,0,0.25070,1.00000,6.00000,698.14392,7.86850,915.55780,0.27699,0
2248,500.44694,641.62099,337.90638,12,1,0,0.24672,1.00000,6.00000,698.14392,8.06059,937.90833,0.28339,0
2249,500.58997,680.72545,377.15991,12,1,0,0.24810,1.00000,6.08276,707.77399,7.94283,924.20660,0.28154,0
2250,500.44940,720.32634,338.36509,12,1,0,0.25480,1.00000,6.00000,698.14392,7.65983,891.27686,0.26931,0
2251,500.59243,759.43080,377.61863,8,0,0,0.00000,0.00000,0.00000,0.00000,0.00000,0.00000,0.03136,0
2252,500.85390,50.58621,451.53855,8,0,0,0.29344,0.79213,3.00000,349.07196,3.16621,368.41125,0.19174,0
2253,500.71333,90.18710,412.74373,12,1,0,0.25910,1.00000,6.00000,698.14392,7.61561,886.13165,0.26112,0
2254,500.85636,129.29156,451.99727,12,1,0,0.25994,1.00000,6.00000,698.14392,7.52025,875.03656,0.27539,0
2255,500.71579,168.89245,413.20245,12,1,0,0.26706,1.00000,5.38516,626.60333,7.27602,846.61841,0.26278,0
2256,500.85882,207.99692,452.45598,12,1,0,0.25369,1.00000,6.00000,698.14392,7.86044,914.61987,0.29504,0
2257,500.71825,247.59780,413.66116,12,1,0,0.25070,1.00000,6.08276,707.77399,7.82892,910.95172,0.27040,0
2258,500.86128,286.70227,452.91470,12,1,0,0.25722,1.00000,6.00000,698.14392,7.80109,907.71399,0.28454,0
2259,500.72071,326.30316,414.11988,12,1,0,0.25425,1.00000,6.00000,698.14392,7.73585,900.12225,0.27123,0
2260,500.86374,365.40762,453.37341,12,1,0,0.25373,1.00000,6.00000,698.14392,7.66585,891.97766,0.27718,0
2261,500.72317,405.00851,414.57859,12,1,0,0.25372,1.00000,6.00000,698.14392,7.70403,896.42047,0.25920,0
2262,500.86620,444.11297,453.83212,12,1,0,0.25505,1.00000,7.00000,814.50128,8.04451,936.03772,0.27706,0
2263,500.72563,483.71386,415.03730,12,1,0,0.25494,1.00000,6.00000,698.14392,7.67324,892.83820,0.25862,0
2264,500.86866,522.81832,454.29084,12,1,0,0.25226,1.00000,6.08276,707.77399,8.06814,938.78705,0.29075,0
2265,500.72809,562.41921,415.49602,12,1,0,0.24737,1.00000,6.00000,698.14392,7.87648,916.48596,0.28781,0
2266,500.87112,601.52367,454.74955,12,1,0,0.24792,1.00000,6.08276,707.77399,8.00989,932.00885,0.28979,0
2267,500.73055,641.12456,415.95473,12,1,0,0.26031,1.00000,6.16441,717.27472,7.68410,894.10114,0.27142,0
2268,500.87358,680.22902,455.20826,12,1,0,0.27423,0.99455,5.00000,581.78662,7.10088,826.23883,0.25267,0
2269,500.73300,719.82991,416.41345,12,1,0,0.25904,1.00000,6.00000,698.14392,7.54660,878.10248,0.27270,0
2270,500.99693,89.69068,490.79209,12,1,0,0.28457,0.97521,4.12311,479.75351,5.82143,677.36584,0.25069,0
2271,500.99939,168.39603,491.25080,12,1,0,0.25637,1.00000,6.00000,698.14392,7.57902,881.87445,0.26189,0
2272,501.00185,247.10138,491.70951,12,1,0,0.25761,1.00000,6.00000,698.14392,7.62537,887.26709,0.26771,0
2273,501.00431,325.80673,492.16823,12,1,0,0.26471,1.00000,6.00000,698.14392,7.55347,878.90131,0.27206,0
2274,501.00677,404.51208,492.62694,12,1,0,0.25381,1.00000,7.00000,814.50128,7.99417,930.18018,0.27590,0
2275,501.00923,483.21743,493.08566,12,1,0,0.25598,1.00000,6.63325,771.82721,7.77605,904.79980,0.27251,0
2276,501.01169,561.92278,493.54437,12,1,0,0.25070,1.00000,6.00000,698.14392,7.93438,923.22339,0.29491,0
2277,501.01415,640.62813,494.00308,12,1,0,0.25283,1.00000,6.08276,707.77399,7.82525,910.52527,0.28294,0
2278,501.01661,719.33349,494.46180,12,1,0,0.25716,1.00000,6.00000,698.14392,7.59106,883.27490,0.27405,0
2279,500.87603,758.93437,455.66698,8,0,0,0.00000,0.00000,0.00000,0.00000,0.00000,0.00000,0.02829,0
2280,501.13751,50.08979,529.58691,8,0,0,0.28106,0.76880,2.00000,232.71465,2.71814,316.27518,0.18054,0
2281,501.28054,89.19425,568.84044,12,1,0,0.25493,1.00000,6.00000,698.14392,7.81934,909.83765,0.27731,0
2282,501.13996,128.79514,530.04562,12,1,0,0.25963,1.00000,6.00000,698.14392,7.63020,887.82935,0.28269,0
2283,501.28299,167.89960,569.29915,12,1,0,0.25425,1.00000,6.00000,698.14392,7.77113,904.22772,0.27482,0
2284,501.14242,207.50049,530.50433,12,1,0,0.25406,1.00000,6.00000,698.14392,7.71149,897.28821,0.27398,0
2285,501.28545,246.60495,569.75787,12,1,0,0.24706,1.00000,6.08276,707.77399,7.97636,928.10822,0.27629,0
2286,501.14488,286.20584,530.96305,12,1,0,0.25688,1.00000,7.00000,814.50128,7.88994,918.05219,0.28493,0
2287,501.28791,325.31030,570.21658,12,1,0,0.24896,1.00000,7.00000,814.50128,7.97491,927.93884,0.27725,0
2288,501.14734,364.91119,531.42176,12,1,0,0.25070,1.00000,6.00000,698.14392,7.93606,923.41864,0.28960,0
2289,501.29037,404.01565,570.67529,12,1,0,0.25104,1.00000,6.00000,698.14392,7.82380,910.35681,0.28032,0
2290,501.14980,443.61654,531.88048,12,1,0,0.24879,1.00000,7.00000,814.50128,8.02904,934.23785,0.29203,0
2291,501.29283,482.72101,571.13401,12,1,0,0.24965,1.00000,6.08276,707.77399,8.10147,942.66479,0.28506,0
2292,501.15226,522.32189,532.33919,12,1,0,0.27017,0.99162,4.58258,533.21625,6.84483,796.44617,0.26291,0
2293,501.29529,561.42636,571.59272,12,1,0,0.24466,1.00000,6.40312,745.05042,8.06266,938.14990,0.28397,0
2294,501.15472,601.02725,532.79790,12,1,0,0.25791,1.00000,6.00000,698.14392,8.10685,943.29102,0.29139,0
2295,501.29775,640.13171,572.05144,12,1,0,0.25668,1.00000,6.00000,698.14392,7.73812,900.38721,0.28237,0
2296,501.15718,679.73260,533.25662,12,1,0,0.25887,1.00000,6.00000,698.14392,7.78050,905.31793,0.27539,0
2297,501.30021,718.83706,572.51015,12,1,0,0.25593,1.00000,6.00000,698.14392,7.54745,878.20111,0.27610,0
2298,501.15964,758.43795,533.71533,8,0,0,0.00000,0.00000,0.00000,0.00000,0.00000,0.00000,0.03149,0
2299,501.42111,49.59336,607.63526,8,0,0,0.30199,0.81870,3.00000,349.07196,3.56600,414.93076,0.19021,0
2300,501.56414,88.69782,646.88879,12,1,0,0.25000,1.00000,6.08276,707.77399,7.94732,924.72900,0.28166,0
2301,501.42357,128.29871,608.09397,12,1,0,0.25571,1.00000,5.83095,678.47394,7.49699,872.33008,0.24518,0
2302,501.56660,167.40318,647.34750,12,1,0,0.25159,1.00000,6.00000,698.14392,7.86295,914.91138,0.29107,0
2303,501.42602,207.00406,608.55269,12,1,0,0.25386,1.00000,6.00000,698.14392,7.83855,912.07239,0.28198,0
2304,501.56906,246.10853,647.80622,12,1,0,0.25105,1.00000,6.00000,698.14392,7.96008,926.21362,0.28710,0
2305,501.42848,285.70941,609.01140,12,1,0,0.27273,1.00000,5.00000,581.78662,6.83382,795.16547,0.26246,0
2306,501.57151,324.81388,648.26493,12,1,0,0.24774,1.00000,6.00000,698.14392,7.91399,920.85089,0.28192,0
2307,501.43094,364.41477,609.47011,12,1,0,0.24929,1.00000,6.00000,698.14392,7.79100,906.53937,0.27136,0
2308,501.57397,403.51923,648.72365,12,1,0,0.24789,1.00000,6.00000,698.14392,8.03007,934.35760,0.28621,0
2309,501.43340,443.12012,609.92883,12,1,0,0.25751,1.00000,6.00000,698.14392,7.62479,887.20068,0.28096,0
2310,501.57643,482.22458,649.18236,12,1,0,0.24467,1.00000,6.00000,698.14392,7.95513,925.63806,0.27475,0
2311,501.43586,521.82547,610.38754,12,1,0,0.25142,1.00000,6.00000,698.14392,7.85317,913.77435,0.28691,0
2312,501.57889,560.92993,649.64107,12,1,0,0.24896,1.00000,6.00000,698.14392,8.06857,938.83667,0.28442,0
2313,501.43832,600.53082,610.84626,12,1,0,0.25177,1.00000,6.00000,698.14392,7.74333,900.99286,0.28006,0
2314,501.58135,639.63528,650.09979,12,1,0,0.25193,1.00000,6.00000,698.14392,7.88257,917.19525,0.29651,0
2315,501.44078,679.23617,611.30497,12,1,0,0.25483,1.00000,6.00000,698.14392,7.66894,892.33728,0.27405,0
2316,501.58381,718.34063,650.55850,12,1,0,0.25323,1.00000,6.08276,707.77399,7.66010,891.30841,0.28179,0
2317,501.44324,757.94152,611.76368,8,0,0,0.00000,0.00000,0.00000,0.00000,0.00000,0.00000,0.02784,0
2318,501.70471,49.09694,685.68361,8,0,0,0.31327,0.85994,3.00000,349.07196,3.98516,463.70285,0.18816,0
2319,501.84774,88.20140,724.93714,12,1,0,0.27769,0.98904,4.24264,493.66229,6.86644,798.96008,0.25472,0
2320,501.70717,127.80229,686.14232,12,1,0,0.25527,1.00000,6.00000,698.14392,7.72755,899.15686,0.27334,0
2321,501.85020,166.90675,725.39586,12,1,0,0.24965,1.00000,6.08276,707.77399,8.28415,963.92120,0.29434,0
2322,501.70963,206.50764,686.60104,12,1,0,0.24929,1.00000,6.00000,698.14392,7.89636,918.79877,0.28045,0
2323,501.85266,245.61210,725.85457,12,1,0,0.24722,1.00000,6.40312,745.05042,8.04342,935.91034,0.28147,0
2324,501.71209,285.21299,687.05975,12,1,0,0.25439,1.00000,6.00000,698.14392,7.81670,909.53076,0.27648,0
2325,501.85512,324.31745,726.31328,12,1,0,0.26568,1.00000,5.65685,658.21643,7.30533,850.02905,0.25485,0
2326,501.71454,363.91834,687.51847,12,1,0,0.24519,1.00000,6.00000,698.14392,8.12691,945.62494,0.27130,0
2327,501.85757,403.02280,726.77200,12,1,0,0.25295,1.00000,6.00000,698.14392,8.17569,951.30115,0.27770,0
2328,501.71700,442.62369,687.97718,12,1,0,0.24607,1.00000,6.08276,707.77399,8.22506,957.04565,0.27629,0
2329,501.86003,481.72815,727.23071,12,1,0,0.25034,1.00000,7.00000,814.50128,8.24731,959.63544,0.28717,0
2330,501.71946,521.32904,688.43589,12,1,0,0.24861,1.00000,6.00000,698.14392,8.01662,932.79193,0.26662,0
2331,501.86249,560.43351,727.68943,12,1,0,0.24519,1.00000,6.08276,707.77399,8.14555,947.79401,0.28154,0
2332,501.72192,600.03439,688.89461,12,1,0,0.25276,1.00000,6.00000,698.14392,8.14672,947.93109,0.28435,0
2333,501.86495,639.13886,728.14814,12,1,0,0.25451,1.00000,6.00000,698.14392,8.32384,968.53943,0.30029,0
2334,501.72438,678.73974,689.35332,12,1,0,0.25678,1.00000,6.00000,698.14392,7.68654,894.38574,0.27891,0
2335,501.86741,717.84421,728.60685,12,1,0,0.25211,1.00000,6.00000,698.14392,7.78240,905.53979,0.28141,0
2336,501.72684,757.44510,689.81203,8,0,0,0.00000,0.00000,0.00000,0.00000,0.00000,0.00000,0.02886,0
2337,501.98831,48.60051,763.73196,5,0,0,0.27540,0.57222,2.23607,260.18289,0.00000,0.00000,0.10938,0
2338,501.99077,127.30586,764.19068,8,0,0,0.25750,0.68407,2.00000,232.71465,2.01154,234.05724,0.16365,0
2339,501.99323,206.01121,764.64939,8,0,0,0.26168,0.70588,2.82843,329.10822,2.60495,303.10513,0.16800,0
2340,501.99569,284.71656,765.10810,8,0,0,0.27311,0.71429,2.00000,232.71465,2.32836,270.92151,0.16928,0
2341,501.99815,363.42191,765.56682,8,0,0,0.25229,0.68132,2.00000,232.71465,0.00000,0.00000,0.16883,0
2342,502.00060,442.12727,766.02553,8,0,0,0.27433,0.73204,2.00000,232.71465,2.33075,271.20007,0.16774,0
2343,502.00306,520.83262,766.48425,8,0,0,0.27943,0.76257,2.82843,329.10822,2.83854,330.28461,0.17517,0
2344,502.00552,599.53797,766.94296,8,0,0,0.27000,0.75209,2.00000,232.71465,2.61735,304.54749,0.17030,0
2345,502.00798,678.24332,767.40167,8,0,0,0.28599,0.81768,3.00000,349.07196,3.55532,413.68741,0.17440,0
2346,502.01044,756.94867,767.86039,5,0,0,0.00000,0.00000,0.00000,0.00000,0.00000,0.00000,0.01709,0
2347,538.78606,52.86821,100.23832,8,0,0,0.31333,0.83696,3.00000,349.07196,3.83129,445.79846,0.19117,0
2348,538.64549,92.46910,61.44350,8,0,0,0.29486,0.86857,3.60555,419.53229,4.02863,468.76068,0.17434,0
2349,538.78852,131.57356,100.69703,12,1,0,0.24791,1.00000,6.00000,698.14392,7.75841,902.74829,0.26925,0
2350,538.64795,171.17445,61.90221,8,0,0,0.30136,0.85675,3.00000,349.07196,3.99014,464.28238,0.17030,0
2351,538.79098,210.27892,101.15575,12,1,0,0.25526,1.00000,6.00000,698.14392,7.94791,924.79761,0.28378,0
2352,538.65041,249.87980,62.36093,8,0,0,0.28586,0.79832,3.00000,349.07196,3.13500,364.78021,0.15827,0
2353,538.79344,288.98427,101.61446,12,1,0,0.25139,1.00000,6.00000,698.14392,8.02567,933.84515,0.27264,0
2354,538.65286,328.58516,62.81964,8,0,0,0.28246,0.79832,2.82843,329.10822,3.20405,372.81497,0.16243,0
2355,538.79590,367.68962,102.07317,12,1,0,0.25315,1.00000,6.00000,698.14392,8.10008,942.50403,0.27987,0
2356,538.65532,407.29051,63.27835,8,0,0,0.28040,0.76860,3.00000,349.07196,2.83654,330.05203,0.16698,0
2357,538.79835,446.39497,102.53189,12,1,0,0.24587,1.00000,6.08276,707.77399,8.21231,955.56183,0.28704,0
2358,538.65778,485.99586,63.73707,8,0,0,0.27228,0.77008,2.00000,232.71465,2.11324,245.89040,0.16736,0
2359,538.80081,525.10032,102.99060,12,1,0,0.25539,1.00000,7.00000,814.50128,8.12454,945.35022,0.27731,0
2360,538.66024,564.70121,64.19578,8,0,0,0.28557,0.81058,3.00000,349.07196,3.18700,370.83078,0.16966,0
2361,538.80327,603.80567,103.44931,12,1,0,0.24756,1.00000,6.00000,698.14392,8.10665,943.26855,0.28422,0
2362,538.66270,643.40656,64.65450,8,0,0,0.28825,0.81793,3.00000,349.07196,3.53879,411.76450,0.17926,0
2363,538.80573,682.51102,103.90803,12,1,0,0.26827,0.99164,4.24264,493.66229,7.00713,815.33081,0.24934,0
2364,538.66516,722.11191,65.11321,8,0,0,0.30881,0.88858,4.00000,465.42929,4.27111,496.97531,0.16877,0
2365,538.80819,761.21637,104.36674,8,0,0,0.00000,0.00000,0.00000,0.00000,0.00000,0.00000,0.02643,0
2366,539.06966,52.37179,178.28667,8,0,0,0.29661,0.77994,3.00000,349.07196,3.11452,362.39676,0.18189,0
2367,538.92909,91.97268,139.49185,12,1,0,0.25556,1.00000,6.00000,698.14392,7.50858,873.67804,0.26368,0
2368,539.07212,131.07714,178.74538,12,1,0,0.26963,1.00000,6.00000,698.14392,7.28613,847.79474,0.27027,0
2369,538.93155,170.67803,139.95056,12,1,0,0.25226,1.00000,6.16441,717.27472,8.01220,932.27808,0.27302,0
2370,539.07458,209.78249,179.20410,12,1,0,0.26028,1.00000,6.00000,698.14392,7.72646,899.03064,0.27757,0
2371,538.93401,249.38338,140.40928,12,1,0,0.24658,1.00000,7.00000,814.50128,8.15850,949.30084,0.27962,0
2372,539.07704,288.48784,179.66281,12,1,0,0.25565,1.00000,6.00000,698.14392,7.73484,900.00500,0.27910,0
2373,538.93647,328.08873,140.86799,12,1,0,0.25417,1.00000,6.16441,717.27472,8.14797,948.07642,0.28602,0
2374,539.07950,367.19319,180.12153,12,1,0,0.25722,1.00000,7.00000,814.50128,8.03814,935.29596,0.28531,0
2375,538.93893,406.79408,141.32671,12,1,0,0.25243,1.00000,6.00000,698.14392,8.11485,944.22247,0.27808,0
2376,539.08196,445.89854,180.58024,12,1,0,0.24913,1.00000,6.08276,707.77399,8.08942,941.26349,0.28454,0
2377,538.94138,485.49943,141.78542,12,1,0,0.27300,1.00000,5.00000,581.78662,7.03181,818.20270,0.23840,0
2378,539.08441,524.60389,181.03895,12,1,0,0.24863,1.00000,7.00000,814.50128,8.29638,965.34491,0.28461,0
2379,538.94384,564.20478,142.24413,12,1,0,0.27599,0.98634,5.00000,581.78662,6.77292,788.07861,0.24787,0
2380,539.08687,603.30925,181.49767,12,1,0,0.24587,1.00000,6.08276,707.77399,8.13529,946.60089,0.28275,0
2381,538.94630,642.91013,142.70285,12,1,0,0.26339,1.00000,5.65685,658.21643,7.47750,870.06146,0.26131,0
2382,539.08933,682.01460,181.95638,12,1,0,0.27396,0.99725,5.09902,593.30829,7.15241,832.23560,0.24800,0
2383,538.94876,721.61549,143.16156,12,1,0,0.27873,0.99171,4.35890,507.18982,6.59917,767.86176,0.24237,0
2384,539.09179,760.71995,182.41509,8,0,0,0.00000,0.00000,0.00000,0.00000,0.00000,0.00000,0.02797,0
2385,539.35326,51.87536,256.33502,8,0,0,0.30683,0.84789,3.00000,349.07196,3.81490,443.89200,0.19123,0
2386,539.21269,91.47625,217.54020,12,1,0,0.26512,1.00000,5.09902,593.30829,7.18829,836.41071,0.26189,0
2387,539.35572,130.58071,256.79374,12,1,0,0.25648,1.00000,6.00000,698.14392,7.50683,873.47424,0.27654,0
2388,539.21515,170.18160,217.99892,12,1,0,0.26643,1.00000,6.00000,698.14392,7.47222,869.44751,0.27386,0
2389,539.35818,209.28606,257.25245,12,1,0,0.25767,1.00000,6.00000,698.14392,7.62968,887.76953,0.27814,0
2390,539.21761,248.88695,218.45763,12,1,0,0.25407,1.00000,6.00000,698.14392,7.75000,901.76923,0.28256,0
2391,539.36064,287.99142,257.71116,12,1,0,0.25105,1.00000,6.00000,698.14392,7.81395,909.21002,0.28102,0
2392,539.22007,327.59230,218.91634,12,1,0,0.26385,1.00000,6.00000,698.14392,7.30469,849.95416,0.26605,0
2393,539.36310,366.69677,258.16988,12,1,0,0.25210,1.00000,6.08276,707.77399,7.90282,919.55127,0.27373,0
2394,539.22253,406.29766,219.37506,12,1,0,0.26324,1.00000,6.00000,698.14392,7.33208,853.14154,0.25466,0
2395,539.36556,445.40212,258.62859,12,1,0,0.24860,1.00000,6.00000,698.14392,8.01323,932.39771,0.28275,0
2396,539.22499,485.00301,219.83377,12,1,0,0.25646,1.00000,6.08276,707.77399,7.97388,927.81897,0.26989,0
2397,539.36802,524.10747,259.08731,12,1,0,0.24931,1.00000,6.00000,698.14392,8.04097,935.62518,0.28922,0
2398,539.22744,563.70836,220.29249,12,1,0,0.25087,1.00000,6.63325,771.82721,7.96041,926.25146,0.28134,0
2399,539.37047,602.81282,259.54602,12,1,0,0.24843,1.00000,6.00000,698.14392,7.90058,919.28992,0.28230,0
2400,539.22990,642.41371,220.75120,12,1,0,0.24896,1.00000,6.00000,698.14392,7.99600,930.39288,0.29434,0
2401,539.37293,681.51817,260.00473,12,1,0,0.25472,1.00000,6.00000,698.14392,7.87634,916.47009,0.27130,0
2402,539.23236,721.11906,221.20991,12,1,0,0.26248,1.00000,6.00000,698.14392,7.59780,884.05920,0.27091,0
2403,539.49629,90.97982,295.58855,12,1,0,0.25926,1.00000,6.00000,698.14392,7.69475,895.34070,0.27968,0
2404,539.49875,169.68518,296.04727,12,1,0,0.25442,1.00000,6.00000,698.14392,7.68280,893.95038,0.26739,0
2405,539.50121,248.39053,296.50598,12,1,0,0.24530,1.00000,6.08276,707.77399,7.90875,920.24146,0.27962,0
2406,539.50367,327.09588,296.96470,12,1,0,0.25000,1.00000,6.08276,707.77399,7.86265,914.87646,0.27821,0
2407,539.50613,405.80123,297.42341,12,1,0,0.26387,0.99435,5.00000,581.78662,7.09289,825.30908,0.24877,0
2408,539.50859,484.50658,297.88212,12,1,0,0.25262,1.00000,6.00000,698.14392,7.91148,920.55872,0.27994,0
2409,539.51105,563.21193,298.34084,12,1,0,0.25018,1.00000,7.00000,814.50128,7.81069,908.83075,0.27686,0
2410,539.51350,641.91728,298.79955,12,1,0,0.24930,1.00000,6.08276,707.77399,7.89222,918.31812,0.28256,0
2411,539.51596,720.62263,299.25827,12,1,0,0.25267,1.00000,6.00000,698.14392,7.67304,892.81445,0.27226,0
2412,539.37539,760.22352,260.46345,8,0,0,0.00000,0.00000,0.00000,0.00000,0.00000,0.00000,0.02707,0
2413,539.63686,51.37894,334.38337,8,0,0,0.28899,0.74859,3.00000,349.07196,2.95318,343.62466,0.18330,0
2414,539.77989,90.48340,373.63691,12,1,0,0.25035,1.00000,6.08276,707.77399,7.77765,904.98633,0.27014,0
2415,539.63932,130.08429,334.84209,12,1,0,0.27479,1.00000,6.08276,707.77399,6.98735,813.02899,0.25370,0
2416,539.78235,169.18875,374.09562,12,1,0,0.26044,1.00000,6.00000,698.14392,7.72727,899.12445,0.27238,0
2417,539.64178,208.78964,335.30080,12,1,0,0.29773,0.98883,4.35890,507.18982,6.07308,706.64789,0.22592,0
2418,539.78481,247.89410,374.55433,12,1,0,0.27169,0.99443,5.00000,581.78662,6.84720,796.72186,0.25210,0
2419,539.64424,287.49499,335.75952,12,1,0,0.26077,1.00000,5.91608,688.37921,7.39450,860.40375,0.26733,0
2420,539.78727,326.59945,375.01305,12,1,0,0.25261,1.00000,6.00000,698.14392,7.90681,920.01556,0.27808,0
2421,539.64670,366.20034,336.21823,12,1,0,0.25464,1.00000,6.00000,698.14392,7.51885,874.87347,0.26170,0
2422,539.78973,405.30480,375.47176,12,1,0,0.24895,1.00000,6.00000,698.14392,7.84711,913.06818,0.28909,0
2423,539.64916,444.90569,336.67694,12,1,0,0.25318,1.00000,6.00000,698.14392,7.73196,899.66986,0.26406,0
2424,539.79219,484.01015,375.93048,12,1,0,0.25439,1.00000,6.00000,698.14392,7.97969,928.49487,0.27827,0
2425,539.65162,523.61104,337.13566,12,1,0,0.25069,1.00000,6.63325,771.82721,8.02920,934.25629,0.28224,0
2426,539.79465,562.71551,376.38919,12,1,0,0.24878,1.00000,6.08276,707.77399,7.84130,912.39215,0.28755,0
2427,539.65408,602.31639,337.59437,12,1,0,0.25176,1.00000,6.00000,698.14392,7.81282,909.07916,0.27322,0
2428,539.79711,641.42086,376.84790,12,1,0,0.24983,1.00000,6.00000,698.14392,7.87129,915.88281,0.28301,0
2429,539.65654,681.02175,338.05308,12,1,0,0.25844,1.00000,6.00000,698.14392,7.56491,880.23303,0.27277,0
2430,539.79957,720.12621,377.30662,12,1,0,0.26093,1.00000,6.00000,698.14392,7.62501,887.22534,0.26874,0
2431,539.65899,759.72710,338.51180,8,0,0,0.00000,0.00000,0.00000,0.00000,0.00000,0.00000,0.02573,0
2432,539.92047,50.88251,412.43173,8,0,0,0.31082,0.86944,3.00000,349.07196,4.12715,480.22379,0.19027,0
2433,540.06350,89.98697,451.68526,12,1,0,0.25423,1.00000,6.00000,698.14392,7.76591,903.62042,0.27610,0
2434,539.92292,129.58786,412.89044,12,1,0,0.25955,1.00000,6.00000,698.14392,7.39714,860.71130,0.26298,0
2435,540.06595,168.69232,452.14397,12,1,0,0.25813,1.00000,6.00000,698.14392,7.64224,889.23016,0.27501,0
2436,539.92538,208.29321,413.34915,12,1,0,0.25605,1.00000,6.00000,698.14392,7.54879,878.35748,0.26733,0
2437,540.06841,247.39767,452.60269,12,1,0,0.25389,1.00000,6.00000,698.14392,7.80318,907.95679,0.27526,0
2438,539.92784,286.99856,413.80787,12,1,0,0.26297,1.00000,6.00000,698.14392,7.52735,875.86279,0.27206,0
2439,540.07087,326.10303,453.06140,12,1,0,0.26124,1.00000,7.00000,814.50128,7.72547,898.91461,0.27014,0
2440,539.93030,365.70391,414.26658,12,1,0,0.25070,1.00000,6.08276,707.77399,7.81483,909.31323,0.27405,0
2441,540.07333,404.80838,453.52011,12,1,0,0.25087,1.00000,6.00000,698.14392,7.90641,919.96838,0.27136,0
2442,539.93276,444.40927,414.72530,12,1,0,0.25575,1.00000,6.00000,698.14392,7.53066,876.24744,0.26080,0
2443,540.07579,483.51373,453.97883,12,1,0,0.24843,1.00000,6.55744,763.00598,7.89059,918.12744,0.27782,0
2444,539.93522,523.11462,415.18401,12,1,0,0.25419,1.00000,7.00000,814.50128,8.04714,936.34399,0.28429,0
2445,540.07825,562.21908,454.43754,12,1,0,0.25052,1.00000,6.00000,698.14392,7.90818,920.17432,0.29594,0
2446,539.93768,601.81997,415.64272,12,1,0,0.25708,1.00000,6.00000,698.14392,7.62084,886.74017,0.26541,0
2447,540.08071,640.92443,454.89626,12,1,0,0.26202,1.00000,6.00000,698.14392,7.74575,901.27429,0.28326,0
2448,539.94014,680.52532,416.10144,12,1,0,0.25475,1.00000,7.00000,814.50128,7.63098,887.92053,0.26611,0
2449,540.08317,719.62978,455.35497,12,1,0,0.25610,1.00000,6.00000,698.14392,7.50902,873.72949,0.27206,0
2450,539.94260,759.23067,416.56015,8,0,0,0.00000,0.00000,0.00000,0.00000,0.00000,0.00000,0.02579,0
2451,540.20407,50.38608,490.48008,8,0,0,0.28451,0.76056,3.00000,349.07196,2.95618,343.97266,0.17485,0
2452,540.34710,89.49055,529.73361,12,1,0,0.28048,0.98876,4.24264,493.66229,6.07202,706.52362,0.25677,0
2453,540.20653,129.09143,490.93879,12,1,0,0.26613,1.00000,6.00000,698.14392,7.36318,856.76031,0.26093,0
2454,540.34956,168.19590,530.19232,12,1,0,0.25388,1.00000,6.00000,698.14392,7.72177,898.48413,0.26682,0
2455,540.20898,207.79679,491.39751,12,1,0,0.25626,1.00000,6.00000,698.14392,7.54973,878.46613,0.27827,0
2456,540.35201,246.90125,530.65104,12,1,0,0.24741,1.00000,6.08276,707.77399,8.04416,935.99738,0.27258,0
2457,540.21144,286.50214,491.85622,12,1,0,0.26014,1.00000,6.00000,698.14392,7.39320,860.25342,0.27168,0
2458,540.35447,325.60660,531.10975,12,1,0,0.25175,1.00000,6.00000,698.14392,7.81493,909.32397,0.28115,0
2459,540.21390,365.20749,492.31493,12,1,0,0.27487,1.00000,5.09902,593.30829,6.94158,807.70337,0.25818,0
2460,540.35693,404.31195,531.56847,12,1,0,0.25283,1.00000,6.00000,698.14392,7.73091,899.54840,0.27699,0
2461,540.21636,443.91284,492.77365,12,1,0,0.26211,1.00000,6.00000,698.14392,7.80263,907.89264,0.27232,0
2462,540.35939,483.01730,532.02718,12,1,0,0.25480,1.00000,6.00000,698.14392,7.57529,881.44086,0.25626,0
2463,540.21882,522.61819,493.23236,12,1,0,0.24740,1.00000,6.00000,698.14392,7.89355,918.47217,0.27629,0
2464,540.36185,561.72265,532.48589,12,1,0,0.24534,1.00000,7.00000,814.50128,8.01687,932.82104,0.29734,0
2465,540.22128,601.32354,493.69108,12,1,0,0.25122,1.00000,7.00000,814.50128,7.91172,920.58649,0.29088,0
2466,540.36431,640.42800,532.94461,12,1,0,0.25404,1.00000,6.00000,698.14392,7.84595,912.93414,0.27552,0
2467,540.22374,680.02889,494.14979,12,1,0,0.25960,1.00000,6.00000,698.14392,7.73620,900.16400,0.27341,0
2468,540.36677,719.13336,533.40332,12,1,0,0.25680,1.00000,6.00000,698.14392,7.54988,878.48395,0.27219,0
2469,540.22620,758.73424,494.60850,8,0,0,0.00000,0.00000,0.00000,0.00000,0.00000,0.00000,0.02598,0
2470,540.48767,49.88966,568.52843,8,0,0,0.29990,0.80332,2.82843,329.10822,3.38403,393.75711,0.18400,0
2471,540.49013,128.59501,568.98714,12,1,0,0.25706,1.00000,6.40312,745.05042,7.67611,893.17108,0.27347,0
2472,540.49259,207.30036,569.44586,12,1,0,0.25251,1.00000,6.00000,698.14392,7.63777,888.71002,0.27629,0
2473,540.49504,286.00571,569.90457,12,1,0,0.25071,1.00000,6.08276,707.77399,7.77264,904.40344,0.27610,0
2474,540.49750,364.71106,570.36329,12,1,0,0.24947,1.00000,6.00000,698.14392,7.85767,914.29761,0.28186,0
2475,540.49996,443.41641,570.82200,12,1,0,0.24431,1.00000,6.08276,707.77399,7.96676,926.99097,0.27558,0
2476,540.50242,522.12176,571.28071,12,1,0,0.24741,1.00000,6.00000,698.14392,8.00227,931.12323,0.29184,0
2477,540.50488,600.82712,571.73943,12,1,0,0.24739,1.00000,7.00000,814.50128,7.97272,927.68390,0.28070,0
2478,540.50734,679.53247,572.19814,12,1,0,0.25628,1.00000,6.00000,698.14392,7.61458,886.01239,0.27034,0
2479,540.50980,758.23782,572.65685,8,0,0,0.00000,0.00000,0.00000,0.00000,0.00000,0.00000,0.03104,0
2480,540.77127,49.39323,646.57678,8,0,0,0.28689,0.79320,3.00000,349.07196,3.06332,356.43958,0.18163,0
2481,540.63070,88.99412,607.78196,12,1,0,0.25261,1.00000,6.00000,698.14392,7.83767,911.96991,0.27776,0
2482,540.77373,128.09858,647.03550,12,1,0,0.29412,0.95628,4.24264,493.66229,5.44524,633.59332,0.23942,0
2483,540.63316,167.69947,608.24068,12,1,0,0.27231,0.99443,4.58258,533.21625,6.90198,803.09607,0.25683,0
2484,540.77619,206.80393,647.49421,12,1,0,0.25035,1.00000,6.00000,698.14392,7.72345,898.68036,0.27270,0
2485,540.63562,246.40482,608.69939,12,1,0,0.25781,1.00000,6.08276,707.77399,7.47950,870.29443,0.25600,0
2486,540.77865,285.50929,647.95292,12,1,0,0.25315,1.00000,6.00000,698.14392,7.80797,908.51465,0.27302,0
2487,540.63807,325.11017,609.15810,12,1,0,0.24931,1.00000,6.00000,698.14392,7.97275,927.68732,0.28090,0
2488,540.78111,364.21464,648.41164,12,1,0,0.24983,1.00000,6.00000,698.14392,7.90123,919.36652,0.28032,0
2489,540.64053,403.81553,609.61682,12,1,0,0.24877,1.00000,6.00000,698.14392,7.79112,906.55383,0.26560,0
2490,540.78356,442.91999,648.87035,12,1,0,0.25682,1.00000,6.00000,698.14392,7.98906,929.58521,0.28544,0
2491,540.64299,482.52088,610.07553,12,1,0,0.25174,1.00000,6.00000,698.14392,7.84986,913.38898,0.26688,0
2492,540.78602,521.62534,649.32907,12,1,0,0.25070,1.00000,6.08276,707.77399,7.87404,916.20270,0.28557,0
2493,540.64545,561.22623,610.53425,12,1,0,0.24947,1.00000,6.00000,698.14392,7.76732,903.78436,0.27046,0
2494,540.78848,600.33069,649.78778,12,1,0,0.25334,1.00000,6.08276,707.77399,7.87618,916.45142,0.27565,0
2495,540.64791,639.93158,610.99296,12,1,0,0.25052,1.00000,6.08276,707.77399,7.94224,924.13745,0.28314,0
2496,540.79094,679.03604,650.24649,12,1,0,0.25524,1.00000,6.08276,707.77399,7.87149,915.90601,0.27373,0
2497,540.65037,718.63693,611.45167,12,1,0,0.25929,1.00000,6.00000,698.14392,7.48676,871.13922,0.27290,0
2498,540.79340,757.74139,650.70521,8,0,0,0.00000,0.00000,0.00000,0.00000,0.00000,0.00000,0.03046,0
2499,541.05487,48.89681,724.62513,8,0,0,0.30596,0.86944,3.00000,349.07196,4.02733,468.60901,0.18445,0
2500,540.91430,88.49769,685.83032,12,1,0,0.25881,1.00000,5.74456,668.42194,7.44462,866.23645,0.25690,0
2501,541.05733,127.60216,725.08385,12,1,0,0.25442,1.00000,6.00000,698.14392,7.96653,926.96356,0.27149,0
2502,540.91676,167.20305,686.28903,12,1,0,0.25690,1.00000,6.00000,698.14392,7.79772,907.32166,0.27795,0
2503,541.05979,206.30751,725.54256,12,1,0,0.24895,1.00000,6.00000,698.14392,7.97316,927.73608,0.27802,0
2504,540.91922,245.90840,686.74774,12,1,0,0.25547,1.00000,7.00000,814.50128,7.84164,912.43237,0.27206,0
2505,541.06225,285.01286,726.00128,12,1,0,0.25666,1.00000,6.00000,698.14392,8.04252,935.80658,0.27584,0
2506,540.92168,324.61375,687.20646,12,1,0,0.25279,1.00000,6.00000,698.14392,7.86533,915.18933,0.26778,0
2507,541.06471,363.71821,726.45999,12,1,0,0.24537,1.00000,7.00000,814.50128,8.30584,966.44525,0.29946,0
2508,540.92414,403.31910,687.66517,12,1,0,0.25035,1.00000,6.00000,698.14392,7.79495,906.99945,0.26586,0
2509,541.06717,442.42356,726.91870,12,1,0,0.24623,1.00000,7.00000,814.50128,8.19040,953.01257,0.27962,0
2510,540.92659,482.02445,688.12388,12,1,0,0.25471,1.00000,7.00000,814.50128,8.05875,937.69513,0.27194,0
2511,541.06962,521.12891,727.37742,12,1,0,0.24983,1.00000,7.00000,814.50128,8.11852,944.64899,0.27712,0
2512,540.92905,560.72980,688.58260,12,1,0,0.24896,1.00000,6.00000,698.14392,7.88109,917.02313,0.27002,0
2513,541.07208,599.83426,727.83613,12,1,0,0.25630,1.00000,6.00000,698.14392,8.17668,951.41687,0.27597,0
2514,540.93151,639.43515,689.04131,12,1,0,0.24655,1.00000,6.16441,717.27472,8.02056,933.25092,0.28416,0
2515,541.07454,678.53962,728.29484,12,1,0,0.24965,1.00000,6.00000,698.14392,7.93601,923.41339,0.28256,0
2516,540.93397,718.14050,689.50003,12,1,0,0.25931,1.00000,6.00000,698.14392,7.64175,889.17322,0.27584,0
2517,541.07700,757.24497,728.75356,8,0,0,0.00000,0.00000,0.00000,0.00000,0.00000,0.00000,0.02637,0
2518,541.19790,88.00127,763.87867,8,0,0,0.28760,0.77112,3.00000,349.07196,2.80189,326.02005,0.16960,0
2519,541.20036,166.70662,764.33738,8,0,0,0.26609,0.69081,2.00000,232.71465,0.00000,0.00000,0.16506,0
2520,541.20282,245.41197,764.79609,8,0,0,0.25697,0.69553,2.00000,232.71465,0.00000,0.00000,0.17069,0
2521,541.20528,324.11732,765.25481,8,0,0,0.26043,0.70523,2.00000,232.71465,2.03000,236.20537,0.16243,0
2522,541.20774,402.82267,765.71352,8,0,0,0.27710,0.74656,2.23607,260.18289,2.52263,293.52667,0.16288,0
2523,541.21020,481.52802,766.17224,8,0,0,0.25787,0.71148,2.00000,232.71465,2.22703,259.13089,0.16998,0
2524,541.21265,560.23338,766.63095,8,0,0,0.28355,0.78933,3.00000,349.07196,3.25457,378.69260,0.16557,0
2525,541.21511,638.93873,767.08966,8,0,0,0.29487,0.82597,2.82843,329.10822,3.62420,421.70279,0.17555,0
2526,541.21757,717.64408,767.54838,8,0,0,0.29442,0.80056,3.00000,349.07196,3.16162,367.87747,0.16704,0
2527,577.85262,53.16451,61.13149,5,0,0,0.32038,0.65123,2.82843,329.10822,2.70964,315.28659,0.10221,0
2528,577.85508,131.86986,61.59020,8,0,0,0.29130,0.83708,3.00000,349.07196,3.75000,436.33997,0.16442,0
2529,577.85754,210.57521,62.04892,8,0,0,0.28759,0.78729,2.00000,232.71465,2.47159,287.58771,0.16301,0
2530,577.86000,289.28056,62.50763,8,0,0,0.28165,0.80845,3.00000,349.07196,3.22136,374.82874,0.16499,0
2531,577.86246,367.98591,62.96635,8,0,0,0.27205,0.70718,2.00000,232.71465,2.22115,258.44751,0.15098,0
2532,577.86491,446.69127,63.42506,8,0,0,0.26667,0.75070,2.23607,260.18289,0.00000,0.00000,0.16538,0
2533,577.86737,525.39662,63.88377,8,0,0,0.28168,0.81180,2.23607,260.18289,3.20882,373.37012,0.17293,0
2534,577.86983,604.10197,64.34249,8,0,0,0.28487,0.80000,3.00000,349.07196,3.08129,358.53058,0.15878,0
2535,577.87229,682.80732,64.80120,8,0,0,0.29885,0.84783,3.00000,349.07196,3.81558,443.97089,0.17709,0
2536,577.87475,761.51267,65.25991,5,0,0,0.00000,0.00000,0.00000,0.00000,0.00000,0.00000,0.01850,0
2537,577.99565,92.26897,100.38502,12,1,0,0.25052,1.00000,6.00000,698.14392,7.84897,913.28571,0.27219,0
2538,577.99811,170.97432,100.84374,12,1,0,0.25439,1.00000,6.00000,698.14392,7.90058,919.29010,0.27091,0
2539,578.00057,249.67968,101.30245,12,1,0,0.25260,1.00000,6.00000,698.14392,8.10761,943.37946,0.26758,0
2540,578.00303,328.38503,101.76116,12,1,0,0.24948,1.00000,6.00000,698.14392,7.98307,928.88867,0.28077,0
2541,578.00549,407.09038,102.21988,12,1,0,0.25417,1.00000,6.00000,698.14392,8.25838,960.92340,0.28070,0
2542,578.00795,485.79573,102.67859,12,1,0,0.25138,1.00000,7.00000,814.50128,8.04499,936.09302,0.26944,0
2543,578.01040,564.50108,103.13731,12,1,0,0.24607,1.00000,7.00000,814.50128,8.24395,959.24341,0.28160,0
2544,578.01286,643.20643,103.59602,12,1,0,0.24914,1.00000,6.00000,698.14392,8.12956,945.93420,0.28288,0
2545,578.01532,721.91178,104.05473,12,1,0,0.26059,1.00000,6.00000,698.14392,7.72350,898.68567,0.27904,0
2546,578.13622,52.66808,139.17984,8,0,0,0.29543,0.80609,3.00000,349.07196,3.47094,403.86887,0.18099,0
2547,578.27925,91.77255,178.43338,12,1,0,0.25409,1.00000,6.00000,698.14392,7.72111,898.40747,0.27226,0
2548,578.13868,131.37344,139.63856,12,1,0,0.26243,1.00000,6.00000,698.14392,7.35827,856.18909,0.26746,0
2549,578.28171,170.47790,178.89209,12,1,0,0.25590,1.00000,6.00000,698.14392,7.51424,874.33649,0.25818,0
2550,578.14114,210.07879,140.09727,12,1,0,0.27782,1.00000,5.38516,626.60333,7.09205,825.21149,0.25318,0
2551,578.28417,249.18325,179.35080,12,1,0,0.26608,1.00000,5.38516,626.60333,7.41656,862.97095,0.26496,0
2552,578.14360,288.78414,140.55598,12,1,0,0.25427,1.00000,6.00000,698.14392,7.77183,904.30920,0.26803,0
2553,578.28663,327.88860,179.80952,12,1,0,0.25421,1.00000,6.00000,698.14392,7.79544,907.05676,0.26272,0
2554,578.14606,367.48949,141.01470,12,1,0,0.25017,1.00000,6.00000,698.14392,7.90699,920.03564,0.26643,0
2555,578.28909,406.59395,180.26823,12,1,0,0.25265,1.00000,6.00000,698.14392,7.93603,923.41522,0.27309,0
2556,578.14852,446.19484,141.47341,12,1,0,0.24896,1.00000,6.00000,698.14392,8.01012,932.03583,0.26566,0
2557,578.29155,485.29930,180.72694,12,1,0,0.26826,1.00000,5.09902,593.30829,7.25471,844.13910,0.24800,0
2558,578.15098,524.90019,141.93213,12,1,0,0.25331,1.00000,6.08276,707.77399,8.09586,942.01263,0.27738,0
2559,578.29401,564.00465,181.18566,12,1,0,0.27314,1.00000,5.00000,581.78662,7.14819,831.74420,0.25120,0
2560,578.15343,603.60554,142.39084,12,1,0,0.24773,1.00000,6.16441,717.27472,7.94166,924.07013,0.27462,0
2561,578.29646,642.71001,181.64437,12,1,0,0.25545,1.00000,6.00000,698.14392,7.93795,923.63910,0.28026,0
2562,578.15589,682.31089,142.84955,12,1,0,0.25210,1.00000,6.08276,707.77399,7.75053,901.83142,0.26541,0
2563,578.29892,721.41536,182.10309,12,1,0,0.25659,1.00000,6.00000,698.14392,7.66521,891.90289,0.27866,0
2564,578.15835,761.01625,143.30827,8,0,0,0.00000,0.00000,0.00000,0.00000,0.00000,0.00000,0.02701,0
2565,578.41982,52.17166,217.22819,8,0,0,0.27860,0.73669,3.00000,349.07196,2.73535,318.27789,0.18381,0
2566,578.56285,91.27612,256.48173,12,1,0,0.25581,1.00000,6.00000,698.14392,7.50731,873.53107,0.27130,0
2567,578.42228,130.87701,217.68691,12,1,0,0.26386,1.00000,5.74456,668.42194,7.27332,846.30463,0.26272,0
2568,578.56531,169.98147,256.94044,12,1,0,0.26131,1.00000,5.74456,668.42194,7.34039,854.10791,0.26867,0
2569,578.42474,209.58236,218.14562,12,1,0,0.25813,1.00000,6.00000,698.14392,7.40242,861.32599,0.27392,0
2570,578.56777,248.68682,257.39915,12,1,0,0.25504,1.00000,6.00000,698.14392,7.59136,883.31079,0.27462,0
2571,578.42720,288.28771,218.60434,12,1,0,0.25781,1.00000,6.08276,707.77399,7.47206,869.42853,0.26323,0
2572,578.57023,327.39217,257.85787,12,1,0,0.26848,1.00000,6.00000,698.14392,7.04970,820.28436,0.25824,0
2573,578.42966,366.99306,219.06305,12,1,0,0.25300,1.00000,6.00000,698.14392,7.72355,898.69153,0.26816,0
2574,578.57269,406.09753,258.31658,12,1,0,0.26436,1.00000,5.19615,604.61035,7.22125,840.24567,0.25562,0
2575,578.43212,445.69841,219.52176,12,1,0,0.24841,1.00000,6.08276,707.77399,7.82276,910.23596,0.27187,0
2576,578.57515,484.80288,258.77530,12,1,0,0.25445,1.00000,6.00000,698.14392,7.60788,885.23230,0.27270,0
2577,578.43458,524.40377,219.98048,12,1,0,0.25087,1.00000,6.08276,707.77399,7.98667,929.30756,0.27750,0
2578,578.57761,563.50823,259.23401,12,1,0,0.24738,1.00000,6.92820,806.14716,7.80463,908.12543,0.26976,0
2579,578.43704,603.10912,220.43919,12,1,0,0.25158,1.00000,6.00000,698.14392,7.80767,908.47919,0.27539,0
2580,578.58007,642.21358,259.69272,12,1,0,0.24912,1.00000,6.08276,707.77399,7.79347,906.82751,0.27578,0
2581,578.43949,681.81447,220.89790,12,1,0,0.25608,1.00000,6.00000,698.14392,7.61467,886.02307,0.26925,0
2582,578.58252,720.91893,260.15144,12,1,0,0.26049,1.00000,6.00000,698.14392,7.42527,863.98511,0.26515,0
2583,578.44195,760.51982,221.35662,8,0,0,0.00000,0.00000,0.00000,0.00000,0.00000,0.00000,0.02573,0
2584,578.70342,51.67523,295.27655,8,0,0,0.30777,0.82044,3.00000,349.07196,3.46690,403.39935,0.17984,0
2585,578.84645,90.77969,334.53008,12,1,0,0.25848,1.00000,6.00000,698.14392,7.50711,873.50714,0.26893,0
2586,578.70588,130.38058,295.73526,12,1,0,0.25878,1.00000,6.00000,698.14392,7.52471,875.55493,0.26918,0
2587,578.84891,169.48505,334.98879,12,1,0,0.25588,1.00000,6.08276,707.77399,7.38778,859.62213,0.25370,0
2588,578.70834,209.08593,296.19397,12,1,0,0.25726,1.00000,6.00000,698.14392,7.68987,894.77271,0.27539,0
2589,578.85137,248.19040,335.44751,12,1,0,0.30000,0.98045,4.12311,479.75351,5.65921,658.49097,0.22048,0
2590,578.71080,287.79129,296.65269,12,1,0,0.25087,1.00000,6.00000,698.14392,7.87742,916.59607,0.27098,0
2591,578.85383,326.89575,335.90622,12,1,0,0.25923,1.00000,6.08276,707.77399,7.70858,896.94971,0.26528,0
2592,578.71326,366.49664,297.11140,12,1,0,0.25282,1.00000,6.00000,698.14392,7.62733,887.49548,0.27072,0
2593,578.85629,405.60110,336.36493,12,1,0,0.25426,1.00000,6.08276,707.77399,7.64531,889.58795,0.26643,0
2594,578.71572,445.20199,297.57012,12,1,0,0.24670,1.00000,6.00000,698.14392,7.88213,917.14325,0.27763,0
2595,578.85875,484.30645,336.82365,12,1,0,0.25387,1.00000,6.00000,698.14392,7.63925,888.88220,0.26643,0
2596,578.71818,523.90734,298.02883,12,1,0,0.25594,1.00000,6.16441,717.27472,7.84757,913.12201,0.27392,0
2597,578.86121,563.01180,337.28236,12,1,0,0.25918,1.00000,6.00000,698.14392,7.71224,897.37512,0.27546,0
2598,578.72064,602.61269,298.48754,12,1,0,0.24721,1.00000,6.08276,707.77399,7.92247,921.83795,0.28198,0
2599,578.86367,641.71715,337.74108,12,1,0,0.25743,1.00000,6.00000,698.14392,7.72657,899.04254,0.26797,0
2600,578.72310,681.31804,298.94626,12,1,0,0.25462,1.00000,6.00000,698.14392,7.60025,884.34485,0.27104,0
2601,578.86613,720.42250,338.19979,12,1,0,0.25853,1.00000,6.00000,698.14392,7.34662,854.83356,0.26790,0
2602,578.72555,760.02339,299.40497,8,0,0,0.00000,0.00000,0.00000,0.00000,0.00000,0.00000,0.03002,0
2603,578.98703,51.17881,373.32490,8,0,0,0.27263,0.69505,2.82843,329.10822,2.38743,277.79440,0.18950,0
2604,578.98948,129.88416,373.78361,12,1,0,0.27631,1.00000,5.09902,593.30829,7.06363,821.90472,0.25466,0
2605,578.99194,208.58951,374.24233,12,1,0,0.29597,0.93629,3.74166,435.36926,4.96393,577.59015,0.20282,0
2606,578.99440,287.29486,374.70104,12,1,0,0.26608,1.00000,6.00000,698.14392,7.35182,855.43848,0.26586,0
2607,578.99686,366.00021,375.15975,12,1,0,0.26411,1.00000,6.00000,698.14392,7.58555,882.63477,0.26797,0
2608,578.99932,444.70556,375.61847,12,1,0,0.25371,1.00000,6.00000,698.14392,7.71241,897.39508,0.26822,0
2609,579.00178,523.41091,376.07718,12,1,0,0.25174,1.00000,7.00000,814.50128,7.82066,909.99115,0.26733,0
2610,579.00424,602.11626,376.53590,12,1,0,0.25246,1.00000,6.00000,698.14392,7.90891,920.25995,0.28058,0
2611,579.00670,680.82162,376.99461,12,1,0,0.25981,1.00000,6.08276,707.77399,7.64942,890.06616,0.27494,0
2612,579.00916,759.52697,377.45332,8,0,0,0.00000,0.00000,0.00000,0.00000,0.00000,0.00000,0.02842,0
2613,579.27063,50.68238,451.37325,8,0,0,0.30123,0.81667,2.82843,329.10822,3.22677,375.45850,0.18688,0
2614,579.13006,90.28327,412.57843,12,1,0,0.26706,1.00000,5.65685,658.21643,7.19631,837.34393,0.25030,0
2615,579.27309,129.38773,451.83196,12,1,0,0.27679,1.00000,5.00000,581.78662,6.75559,786.06189,0.25536,0
2616,579.13252,168.98862,413.03714,12,1,0,0.26423,1.00000,6.00000,698.14392,7.42733,864.22369,0.25869,0
2617,579.27555,208.09308,452.29068,12,1,0,0.25568,1.00000,6.00000,698.14392,7.75774,902.67017,0.28000,0
2618,579.13497,247.69397,413.49586,12,1,0,0.25247,1.00000,6.00000,698.14392,7.63251,888.09790,0.24896,0
2619,579.27800,286.79843,452.74939,12,1,0,0.25745,1.00000,6.00000,698.14392,7.78178,905.46722,0.28218,0
2620,579.13743,326.39932,413.95457,12,1,0,0.25457,1.00000,7.00000,814.50128,7.68670,894.40381,0.27373,0
2621,579.28046,365.50378,453.20811,12,1,0,0.25000,1.00000,6.08276,707.77399,7.67389,892.91339,0.26752,0
2622,579.13989,405.10467,414.41329,12,1,0,0.25482,1.00000,6.00000,698.14392,7.60434,884.82117,0.26240,0
2623,579.28292,444.20914,453.66682,12,1,0,0.25990,1.00000,6.40312,745.05042,7.53755,877.04950,0.26816,0
2624,579.14235,483.81002,414.87200,12,1,0,0.25684,1.00000,6.40312,745.05042,7.82917,910.98181,0.27155,0
2625,579.28538,522.91449,454.12553,12,1,0,0.25632,1.00000,6.00000,698.14392,7.76161,903.11981,0.27238,0
2626,579.14481,562.51538,415.33071,12,1,0,0.26122,1.00000,6.00000,698.14392,7.23677,842.05127,0.26368,0
2627,579.28784,601.61984,454.58425,12,1,0,0.25088,1.00000,6.16441,717.27472,7.75821,902.72479,0.28371,0
2628,579.14727,641.22073,415.78943,12,1,0,0.26196,1.00000,6.00000,698.14392,7.51701,874.65863,0.26848,0
2629,579.29030,680.32519,455.04296,12,1,0,0.25639,1.00000,6.00000,698.14392,7.59563,883.80695,0.26566,0
2630,579.14973,719.92608,416.24814,12,1,0,0.26168,1.00000,6.00000,698.14392,7.46696,868.83588,0.26758,0
2631,579.29276,759.03054,455.50167,8,0,0,0.00000,0.00000,0.00000,0.00000,0.00000,0.00000,0.02790,0
2632,579.55423,50.18595,529.42160,8,0,0,0.27463,0.73389,2.00000,232.71465,2.53333,294.77188,0.18086,0
2633,579.41366,89.78684,490.62678,12,1,0,0.25861,1.00000,6.00000,698.14392,7.41795,863.13232,0.26483,0
2634,579.55669,128.89131,529.88032,12,1,0,0.26281,1.00000,6.00000,698.14392,7.34801,854.99451,0.26899,0
2635,579.41612,168.49219,491.08550,12,1,0,0.26019,1.00000,6.00000,698.14392,7.59819,884.10468,0.26272,0
2636,579.55915,207.59666,530.33903,12,1,0,0.25178,1.00000,6.00000,698.14392,7.67247,892.74780,0.28621,0
2637,579.41858,247.19755,491.54421,12,1,0,0.25872,1.00000,5.47723,637.31531,7.49826,872.47699,0.26240,0
2638,579.56161,286.30201,530.79774,12,1,0,0.25230,1.00000,6.00000,698.14392,7.69283,895.11688,0.27008,0
2639,579.42103,325.90290,492.00292,12,1,0,0.25634,1.00000,6.16441,717.27472,7.74713,901.43549,0.26758,0
2640,579.56406,365.00736,531.25646,12,1,0,0.25897,1.00000,5.19615,604.61035,7.55687,879.29669,0.24922,0
2641,579.42349,404.60825,492.46164,12,1,0,0.24893,1.00000,6.00000,698.14392,7.60163,884.50513,0.26586,0
2642,579.56652,443.71271,531.71517,12,1,0,0.25336,1.00000,6.00000,698.14392,7.72057,898.34485,0.26464,0
2643,579.42595,483.31360,492.92035,12,1,0,0.25283,1.00000,6.63325,771.82721,7.64061,889.04132,0.26810,0
2644,579.56898,522.41806,532.17389,12,1,0,0.24584,1.00000,6.08276,707.77399,8.04996,936.67194,0.28102,0
2645,579.42841,562.01895,493.37907,12,1,0,0.25405,1.00000,6.00000,698.14392,7.75667,902.54523,0.28026,0
2646,579.57144,601.12341,532.63260,12,1,0,0.24844,1.00000,6.00000,698.14392,7.93418,923.20050,0.28358,0
2647,579.43087,640.72430,493.83778,12,1,0,0.25515,1.00000,6.00000,698.14392,7.65861,891.13580,0.27795,0
2648,579.57390,679.82876,533.09131,12,1,0,0.25496,1.00000,6.00000,698.14392,7.72136,898.43695,0.27597,0
2649,579.43333,719.42965,494.29649,12,1,0,0.25988,1.00000,6.00000,698.14392,7.40182,861.25555,0.25978,0
2650,579.57636,758.53412,533.55003,8,0,0,0.00000,0.00000,0.00000,0.00000,0.00000,0.00000,0.02656,0
2651,579.83783,49.68953,607.46995,8,0,0,0.29990,0.83146,3.00000,349.07196,3.48289,405.26028,0.19360,0
2652,579.69726,89.29042,568.67514,12,1,0,0.28390,0.98623,4.58258,533.21625,6.15308,715.95642,0.24627,0
2653,579.84029,128.39488,607.92867,12,1,0,0.25947,1.00000,6.00000,698.14392,7.48874,871.36920,0.27021,0
2654,579.69972,167.99577,569.13385,12,1,0,0.25208,1.00000,6.40312,745.05042,7.83304,911.43158,0.26925,0
2655,579.84275,207.10023,608.38738,12,1,0,0.25174,1.00000,6.16441,717.27472,7.77453,904.62372,0.26861,0
2656,579.70218,246.70112,569.59256,12,1,0,0.25623,1.00000,6.00000,698.14392,7.76791,903.85333,0.26778,0
2657,579.84521,285.80558,608.84610,12,1,0,0.26376,1.00000,6.00000,698.14392,7.66710,892.12274,0.27206,0
2658,579.70464,325.40647,570.05128,12,1,0,0.24826,1.00000,6.16441,717.27472,7.75638,902.51129,0.26362,0
2659,579.84767,364.51093,609.30481,12,1,0,0.24722,1.00000,6.00000,698.14392,7.91814,921.33392,0.27475,0
2660,579.70709,404.11182,570.50999,12,1,0,0.24553,1.00000,6.08276,707.77399,7.85885,914.43420,0.26733,0
2661,579.85012,443.21628,609.76352,12,1,0,0.25414,1.00000,6.08276,707.77399,7.99338,930.08789,0.27501,0
2662,579.70955,482.81717,570.96870,12,1,0,0.25311,1.00000,6.00000,698.14392,7.91519,920.99054,0.27712,0
2663,579.85258,521.92164,610.22224,12,1,0,0.25772,1.00000,6.00000,698.14392,7.99341,930.09229,0.27885,0
2664,579.71201,561.52252,571.42742,12,1,0,0.25107,1.00000,6.08276,707.77399,7.71218,897.36810,0.28224,0
2665,579.85504,600.62699,610.68095,12,1,0,0.25088,1.00000,6.00000,698.14392,7.89641,918.80554,0.27770,0
2666,579.71447,640.22788,571.88613,12,1,0,0.25654,1.00000,6.00000,698.14392,7.76339,903.32776,0.28179,0
2667,579.85750,679.33234,611.13966,12,1,0,0.25460,1.00000,6.00000,698.14392,7.55415,878.98102,0.27206,0
2668,579.71693,718.93323,572.34485,12,1,0,0.26087,1.00000,6.00000,698.14392,7.54359,877.75153,0.27347,0
2669,579.85996,758.03769,611.59838,8,0,0,0.00000,0.00000,0.00000,0.00000,0.00000,0.00000,0.02810,0
2670,580.12143,49.19310,685.51831,8,0,0,0.29683,0.80556,3.16228,367.95416,3.35846,390.78131,0.19002,0
2671,579.98086,88.79399,646.72349,12,1,0,0.28616,1.00000,5.00000,581.78662,6.70952,780.70221,0.21958,0
2672,580.12389,127.89845,685.97702,12,1,0,0.26407,1.00000,6.08276,707.77399,7.58488,882.55664,0.27117,0
2673,579.98332,167.49934,647.18220,12,1,0,0.25444,1.00000,6.00000,698.14392,7.66534,891.91791,0.26118,0
2674,579.98578,246.20469,647.64091,12,1,0,0.25052,1.00000,6.63325,771.82721,8.06049,937.89752,0.27776,0
2675,579.98824,324.91004,648.09963,12,1,0,0.25401,1.00000,7.00000,814.50128,8.06968,938.96674,0.26970,0
2676,579.99070,403.61540,648.55834,12,1,0,0.25262,1.00000,6.00000,698.14392,7.93214,922.96240,0.27219,0
2677,579.99316,482.32075,649.01706,12,1,0,0.24774,1.00000,6.32456,735.90833,8.12313,945.18585,0.27898,0
2678,579.99561,561.02610,649.47577,12,1,0,0.25367,1.00000,6.00000,698.14392,8.00399,931.32233,0.27802,0
2679,579.99807,639.73145,649.93448,12,1,0,0.25636,1.00000,6.00000,698.14392,7.65125,890.27942,0.28038,0
2680,580.00053,718.43680,650.39320,12,1,0,0.26062,1.00000,6.00000,698.14392,7.46535,868.64789,0.26253,0
2681,580.26446,88.29756,724.77184,12,1,0,0.25547,1.00000,6.00000,698.14392,7.92564,922.20581,0.27462,0
2682,580.26692,167.00292,725.23055,12,1,0,0.25457,1.00000,6.16441,717.27472,7.94028,923.91016,0.27475,0
2683,580.12635,206.60380,686.43573,12,1,0,0.25337,1.00000,6.00000,698.14392,7.71759,897.99805,0.27232,0
2684,580.26938,245.70827,725.68927,12,1,0,0.25458,1.00000,6.00000,698.14392,7.94617,924.59552,0.27104,0
2685,580.12881,285.30916,686.89445,12,1,0,0.25820,1.00000,6.00000,698.14392,7.56055,879.72559,0.26515,0
2686,580.27184,324.41362,726.14798,12,1,0,0.24983,1.00000,6.00000,698.14392,7.89589,918.74475,0.27424,0
2687,580.13127,364.01451,687.35316,12,1,0,0.25366,1.00000,6.00000,698.14392,7.85115,913.53827,0.27296,0
2688,580.27430,403.11897,726.60669,12,1,0,0.25087,1.00000,6.00000,698.14392,8.09752,942.20605,0.26618,0
2689,580.13373,442.71986,687.81188,12,1,0,0.25366,1.00000,6.08276,707.77399,7.86683,915.36316,0.27059,0
2690,580.27676,481.82432,727.06541,12,1,0,0.25017,1.00000,6.08276,707.77399,8.17420,951.12769,0.27590,0
2691,580.13619,521.42521,688.27059,12,1,0,0.25175,1.00000,6.00000,698.14392,7.92471,922.09833,0.27130,0
2692,580.27922,560.52967,727.52412,12,1,0,0.24720,1.00000,6.00000,698.14392,8.16536,950.09979,0.27782,0
2693,580.13864,600.13056,688.72930,12,1,0,0.27489,0.99446,5.00000,581.78662,6.87910,800.43396,0.24083,0
2694,580.28167,639.23502,727.98284,12,1,0,0.25544,1.00000,6.00000,698.14392,7.73763,900.32959,0.26784,0
2695,580.14110,678.83591,689.18802,12,1,0,0.26028,1.00000,6.00000,698.14392,7.67457,892.99207,0.27469,0
2696,580.28413,717.94037,728.44155,12,1,0,0.25923,1.00000,6.00000,698.14392,7.47534,869.81049,0.27936,0
2697,580.14356,757.54126,689.64673,8,0,0,0.00000,0.00000,0.00000,0.00000,0.00000,0.00000,0.02592,0
2698,580.40503,48.69668,763.56666,5,0,0,0.26415,0.55367,2.00000,232.71465,0.00000,0.00000,0.10720,0
2699,580.40749,127.40203,764.02537,8,0,0,0.27876,0.74722,2.00000,232.71465,2.43797,283.67621,0.16614,0
2700,580.40995,206.10738,764.48409,8,0,0,0.25158,0.66205,2.00000,232.71465,0.00000,0.00000,0.16275,0
2701,580.41241,284.81273,764.94280,8,0,0,0.27389,0.71667,2.00000,232.71465,2.42987,282.73273,0.15674,0
2702,580.41487,363.51808,765.40151,8,0,0,0.26210,0.73864,2.23607,260.18289,2.05952,239.64067,0.16896,0
2703,580.41733,442.22343,765.86023,8,0,0,0.27477,0.75140,3.00000,349.07196,2.72647,317.24481,0.16653,0
2704,580.41979,520.92878,766.31894,8,0,0,0.27670,0.75978,2.44949,285.01608,2.93919,341.99619,0.16851,0
2705,580.42225,599.63413,766.77766,8,0,0,0.26543,0.75910,3.00000,349.07196,2.72988,317.64130,0.16301,0
2706,580.42470,678.33949,767.23637,8,0,0,0.28372,0.80000,3.00000,349.07196,3.27373,380.92294,0.16890,0
2707,580.42716,757.04484,767.69508,5,0,0,0.00000,0.00000,0.00000,0.00000,0.00000,0.00000,0.01114,0
2708,617.06221,92.56527,61.27820,8,0,0,0.28571,0.73389,3.00000,349.07196,2.73495,318.23163,0.14022,0
2709,617.06467,171.27062,61.73691,8,0,0,0.27976,0.75967,2.23607,260.18289,2.72988,317.64130,0.16198,0
2710,617.06713,249.97597,62.19562,8,0,0,0.28557,0.76860,3.00000,349.07196,2.70964,315.28659,0.16454,0
2711,617.06959,328.68132,62.65434,8,0,0,0.26392,0.71309,2.23607,260.18289,2.17143,252.66162,0.16090,0
2712,617.07205,407.38667,63.11305,8,0,0,0.28292,0.76389,3.00000,349.07196,2.59016,301.38455,0.15923,0
2713,617.07451,486.09203,63.57176,8,0,0,0.26876,0.73611,2.23607,260.18289,2.23710,260.30258,0.16602,0
2714,617.07696,564.79738,64.03048,8,0,0,0.28169,0.77135,3.00000,349.07196,2.91500,339.18158,0.16211,0
2715,617.07942,643.50273,64.48919,8,0,0,0.28143,0.79945,3.00000,349.07196,3.15968,367.65161,0.16275,0
2716,617.08188,722.20808,64.94791,8,0,0,0.30845,0.86264,3.00000,349.07196,4.06772,473.30927,0.17056,0
2717,617.20278,52.96438,100.07301,8,0,0,0.28630,0.77135,2.00000,232.71465,2.78381,323.91656,0.17914,0
2718,617.34581,92.06884,139.32655,12,1,0,0.25942,1.00000,6.00000,698.14392,7.46176,868.23029,0.26272,0
2719,617.20524,131.66973,100.53173,12,1,0,0.24930,1.00000,6.00000,698.14392,7.81309,909.11005,0.27418,0
2720,617.34827,170.77419,139.78526,12,1,0,0.25426,1.00000,6.00000,698.14392,7.63471,888.35394,0.26227,0
2721,617.20770,210.37508,100.99044,12,1,0,0.25121,1.00000,6.00000,698.14392,8.03741,935.21094,0.27558,0
2722,617.35073,249.47955,140.24397,12,1,0,0.25124,1.00000,6.00000,698.14392,7.85287,913.73901,0.26842,0
2723,617.21016,289.08043,101.44916,12,1,0,0.24845,1.00000,6.00000,698.14392,8.23242,957.90277,0.28698,0
2724,617.35319,328.18490,140.70269,12,1,0,0.25017,1.00000,6.08276,707.77399,7.89214,918.30780,0.26502,0
2725,617.21262,367.78579,101.90787,12,1,0,0.25874,1.00000,6.00000,698.14392,8.07493,939.57715,0.27597,0
2726,617.35565,406.89025,141.16140,12,1,0,0.25210,1.00000,6.00000,698.14392,7.87360,916.15051,0.26451,0
2727,617.21508,446.49114,102.36658,12,1,0,0.24983,1.00000,6.00000,698.14392,8.00891,931.89569,0.27686,0
2728,617.35811,485.59560,141.62012,12,1,0,0.24531,1.00000,6.08276,707.77399,7.96043,926.25452,0.26502,0
2729,617.21754,525.19649,102.82530,12,1,0,0.25172,1.00000,7.00000,814.50128,8.31603,967.63062,0.28397,0
2730,617.36057,564.30095,142.07883,12,1,0,0.24810,1.00000,6.00000,698.14392,8.12104,944.94263,0.28128,0
2731,617.22000,603.90184,103.28401,12,1,0,0.25747,1.00000,5.91608,688.37921,7.77562,904.75018,0.26976,0
2732,617.36303,643.00630,142.53754,12,1,0,0.25000,1.00000,7.00000,814.50128,8.07316,939.37109,0.27718,0
2733,617.22245,682.60719,103.74272,12,1,0,0.25035,1.00000,6.00000,698.14392,7.79137,906.58319,0.27008,0
2734,617.36548,721.71165,142.99626,12,1,0,0.25996,1.00000,6.00000,698.14392,7.40327,861.42438,0.27238,0
2735,617.22491,761.31254,104.20144,8,0,0,0.00000,0.00000,0.00000,0.00000,0.00000,0.00000,0.02618,0
2736,617.48638,52.46795,178.12137,8,0,0,0.28265,0.77159,3.00000,349.07196,3.20870,373.35522,0.18464,0
2737,617.48884,131.17331,178.58008,12,1,0,0.25760,1.00000,6.00000,698.14392,7.45319,867.23291,0.26554,0
2738,617.49130,209.87866,179.03879,12,1,0,0.26701,1.00000,6.00000,698.14392,7.18492,836.01813,0.26906,0
2739,617.49376,288.58401,179.49751,12,1,0,0.25881,1.00000,6.00000,698.14392,7.65454,890.66229,0.27123,0
2740,617.49622,367.28936,179.95622,12,1,0,0.24688,1.00000,6.00000,698.14392,8.07428,939.50159,0.28083,0
2741,617.49868,445.99471,180.41494,12,1,0,0.25155,1.00000,6.00000,698.14392,8.15170,948.51007,0.28646,0
2742,617.50114,524.70006,180.87365,12,1,0,0.24554,1.00000,6.08276,707.77399,8.18538,952.42926,0.28486,0
2743,617.50360,603.40541,181.33236,12,1,0,0.25125,1.00000,6.00000,698.14392,7.73734,900.29590,0.26669,0
2744,617.50606,682.11076,181.79108,12,1,0,0.25515,1.00000,6.00000,698.14392,7.70387,896.40192,0.26637,0
2745,617.50851,760.81612,182.24979,8,0,0,0.00000,0.00000,0.00000,0.00000,0.00000,0.00000,0.02752,0
2746,617.76999,51.97153,256.16972,8,0,0,0.28404,0.72951,2.00000,232.71465,2.43269,283.06155,0.19450,0
2747,617.62941,91.57242,217.37490,12,1,0,0.25304,1.00000,6.08276,707.77399,7.68691,894.42828,0.27558,0
2748,617.77244,130.67688,256.62843,12,1,0,0.26751,1.00000,5.19615,604.61035,7.14179,831.00006,0.27181,0
2749,617.63187,170.27777,217.83361,12,1,0,0.25479,1.00000,6.00000,698.14392,7.66841,892.27563,0.26374,0
2750,617.77490,209.38223,257.08715,12,1,0,0.26194,1.00000,6.00000,698.14392,7.39948,860.98309,0.26822,0
2751,617.63433,248.98312,218.29233,12,1,0,0.25282,1.00000,6.00000,698.14392,7.78576,905.92993,0.26330,0
2752,617.77736,288.08758,257.54586,12,1,0,0.26895,1.00000,5.00000,581.78662,7.14139,830.95270,0.25600,0
2753,617.63679,327.68847,218.75104,12,1,0,0.25211,1.00000,6.00000,698.14392,7.78437,905.76825,0.26163,0
2754,617.77982,366.79293,258.00457,12,1,0,0.26600,1.00000,6.08276,707.77399,7.59280,883.47754,0.26003,0
2755,617.63925,406.39382,219.20975,12,1,0,0.24913,1.00000,6.00000,698.14392,7.85380,913.84668,0.25862,0
2756,617.78228,445.49828,258.46329,12,1,0,0.25483,1.00000,6.00000,698.14392,7.64773,889.86902,0.26867,0
2757,617.64171,485.09917,219.66847,12,1,0,0.25035,1.00000,6.00000,698.14392,7.81527,909.36383,0.26029,0
2758,617.78474,524.20364,258.92200,12,1,0,0.25593,1.00000,6.00000,698.14392,7.92573,922.21698,0.26688,0
2759,617.64417,563.80452,220.12718,12,1,0,0.25333,1.00000,6.00000,698.14392,7.76304,903.28607,0.27488,0
2760,617.78720,602.90899,259.38072,12,1,0,0.25121,1.00000,6.08276,707.77399,7.99771,930.59241,0.28314,0
2761,617.64663,642.50988,220.58590,12,1,0,0.27633,0.99430,4.58258,533.21625,6.64172,772.81256,0.24550,0
2762,617.78966,681.61434,259.83943,12,1,0,0.27726,0.98889,4.24264,493.66229,6.69237,778.70569,0.25107,0
2763,617.64909,721.21523,221.04461,12,1,0,0.25881,1.00000,6.00000,698.14392,7.49861,872.51862,0.26739,0
2764,617.79212,760.31969,260.29814,8,0,0,0.00000,0.00000,0.00000,0.00000,0.00000,0.00000,0.02810,0
2765,618.05359,51.47510,334.21807,8,0,0,0.29867,0.80716,3.00000,349.07196,3.15042,366.57413,0.17939,0
2766,617.91302,91.07599,295.42325,12,1,0,0.26052,1.00000,5.09902,593.30829,7.44983,866.84253,0.28467,0
2767,618.05605,130.18045,334.67678,12,1,0,0.25580,1.00000,6.00000,698.14392,7.70022,895.97754,0.26003,0
2768,617.91547,169.78134,295.88196,12,1,0,0.26754,1.00000,6.00000,698.14392,7.34079,854.15436,0.27699,0
2769,618.05850,208.88580,335.13550,12,1,0,0.26346,1.00000,6.00000,698.14392,7.56992,880.81616,0.25805,0
2770,617.91793,248.48669,296.34068,12,1,0,0.29412,0.99448,4.24264,493.66229,6.22041,723.78992,0.22368,0
2771,618.06096,287.59116,335.59421,12,1,0,0.25335,1.00000,6.16441,717.27472,7.59522,883.75934,0.26246,0
2772,617.92039,327.19204,296.79939,12,1,0,0.28009,1.00000,6.00000,698.14392,7.08147,823.98132,0.25818,0
2773,618.06342,366.29651,336.05293,12,1,0,0.26225,1.00000,6.00000,698.14392,7.52264,875.31378,0.26515,0
2774,617.92285,405.89740,297.25811,12,1,0,0.26701,1.00000,6.00000,698.14392,7.38087,858.81769,0.25088,0
2775,618.06588,445.00186,336.51164,12,1,0,0.25626,1.00000,5.83095,678.47394,7.58665,882.76257,0.25978,0
2776,617.92531,484.60275,297.71682,12,1,0,0.25159,1.00000,6.08276,707.77399,7.68148,893.79633,0.27341,0
2777,618.06834,523.70721,336.97035,12,1,0,0.25436,1.00000,6.08276,707.77399,7.95116,925.17627,0.26541,0
2778,617.92777,563.30810,298.17553,12,1,0,0.25367,1.00000,6.40312,745.05042,7.83143,911.24475,0.26656,0
2779,618.07080,602.41256,337.42907,12,1,0,0.25603,1.00000,6.16441,717.27472,7.74022,900.63098,0.27309,0
2780,617.93023,642.01345,298.63425,12,1,0,0.25532,1.00000,6.00000,698.14392,7.73708,900.26611,0.28691,0
2781,618.07326,681.11791,337.88778,12,1,0,0.26240,1.00000,6.00000,698.14392,7.54728,878.18109,0.26394,0
2782,617.93269,720.71880,299.09296,12,1,0,0.26003,1.00000,6.00000,698.14392,7.58451,882.51312,0.27776,0
2783,618.07572,759.82326,338.34649,8,0,0,0.00000,0.00000,0.00000,0.00000,0.00000,0.00000,0.02598,0
2784,618.33719,50.97868,412.26642,8,0,0,0.26506,0.67222,2.00000,232.71465,2.10909,245.40816,0.17344,0
2785,618.19662,90.57957,373.47160,12,1,0,0.25035,1.00000,6.00000,698.14392,7.86317,914.93744,0.28058,0
2786,618.33965,129.68403,412.72514,12,1,0,0.28161,1.00000,5.09902,593.30829,6.86681,799.00336,0.25702,0
2787,618.19908,169.28492,373.93032,12,1,0,0.25583,1.00000,6.00000,698.14392,7.76803,903.86761,0.27341,0
2788,618.34211,208.38938,413.18385,12,1,0,0.26425,1.00000,6.00000,698.14392,7.19844,837.59174,0.25114,0
2789,618.20153,247.99027,374.38903,12,1,0,0.25910,1.00000,6.00000,698.14392,7.63632,888.54175,0.26381,0
2790,618.34457,287.09473,413.64256,12,1,0,0.27169,1.00000,5.09902,593.30829,6.98076,812.26208,0.25427,0
2791,618.20399,326.69562,374.84774,12,1,0,0.25457,1.00000,6.55744,763.00598,7.75914,902.83246,0.27482,0
2792,618.34702,365.80008,414.10128,12,1,0,0.26730,1.00000,5.91608,688.37921,7.27191,846.14026,0.25952,0
2793,618.20645,405.40097,375.30646,12,1,0,0.25391,1.00000,6.00000,698.14392,7.61938,886.57086,0.27027,0
2794,618.34948,444.50543,414.55999,12,1,0,0.25072,1.00000,6.08276,707.77399,7.60421,884.80603,0.27328,0
2795,618.20891,484.10632,375.76517,12,1,0,0.26102,1.00000,6.00000,698.14392,7.66228,891.56207,0.27974,0
2796,618.35194,523.21078,415.01871,12,1,0,0.25767,1.00000,6.00000,698.14392,7.53550,876.81012,0.26342,0
2797,618.21137,562.81167,376.22389,12,1,0,0.25189,1.00000,6.63325,771.82721,8.07745,939.87097,0.29094,0
2798,618.35440,601.91614,415.47742,12,1,0,0.25913,1.00000,6.00000,698.14392,7.63141,887.97009,0.27040,0
2799,618.21383,641.51702,376.68260,12,1,0,0.25035,1.00000,6.00000,698.14392,7.83971,912.20776,0.29318,0
2800,618.35686,680.62149,415.93613,12,1,0,0.25407,1.00000,6.00000,698.14392,7.65587,890.81659,0.25293,0
2801,618.21629,720.22237,377.14131,12,1,0,0.25970,1.00000,6.00000,698.14392,7.74444,901.12225,0.27642,0
2802,618.35932,759.32684,416.39485,8,0,0,0.00000,0.00000,0.00000,0.00000,0.00000,0.00000,0.02598,0
2803,618.62079,50.48225,490.31477,8,0,0,0.28942,0.79261,3.00000,349.07196,3.32560,386.95807,0.17824,0
2804,618.48022,90.08314,451.51996,12,1,0,0.25580,1.00000,6.00000,698.14392,7.69764,895.67676,0.26970,0
2805,618.62325,129.18760,490.77349,12,1,0,0.25371,1.00000,6.00000,698.14392,7.63014,887.82318,0.25907,0
2806,618.48268,168.78849,451.97867,12,1,0,0.24845,1.00000,7.00000,814.50128,7.99620,930.41608,0.28691,0
2807,618.48514,247.49384,452.43738,12,1,0,0.25751,1.00000,6.00000,698.14392,7.67445,892.97833,0.26598,0
2808,618.48760,326.19919,452.89610,12,1,0,0.25228,1.00000,6.08276,707.77399,7.73695,900.25110,0.27213,0
2809,618.49005,404.90454,453.35481,12,1,0,0.25421,1.00000,6.08276,707.77399,7.72882,899.30493,0.25933,0
2810,618.49251,483.60990,453.81352,12,1,0,0.25141,1.00000,6.40312,745.05042,7.70787,896.86755,0.27910,0
2811,618.49497,562.31525,454.27224,12,1,0,0.25070,1.00000,6.00000,698.14392,7.79632,907.15948,0.28006,0
2812,618.49743,641.02060,454.73095,12,1,0,0.24674,1.00000,6.63325,771.82721,8.08028,940.20013,0.30202,0
2813,618.49989,719.72595,455.18967,12,1,0,0.25426,1.00000,6.00000,698.14392,7.67249,892.75000,0.28013,0
2814,618.76382,89.58671,529.56831,12,1,0,0.24929,1.00000,6.00000,698.14392,7.79411,906.90143,0.27981,0
2815,618.76628,168.29206,530.02702,12,1,0,0.25779,1.00000,6.00000,698.14392,7.66145,891.46625,0.26899,0
2816,618.62571,207.89295,491.23220,12,1,0,0.25442,1.00000,6.00000,698.14392,7.74670,901.38513,0.26976,0
2817,618.76874,246.99742,530.48573,12,1,0,0.25786,1.00000,5.91608,688.37921,7.61531,886.09729,0.26400,0
2818,618.62817,286.59830,491.69092,12,1,0,0.25948,1.00000,5.83095,678.47394,7.48476,870.90607,0.26042,0
2819,618.77120,325.70277,530.94445,12,1,0,0.25442,1.00000,6.16441,717.27472,7.81720,909.58856,0.26829,0
2820,618.63063,365.30366,492.14963,12,1,0,0.25793,1.00000,6.00000,698.14392,7.57200,881.05804,0.26707,0
2821,618.77366,404.40812,531.40316,12,1,0,0.25035,1.00000,6.00000,698.14392,7.75342,902.16730,0.25920,0
2822,618.63308,444.00901,492.60834,12,1,0,0.26178,1.00000,6.00000,698.14392,7.41114,862.33997,0.25523,0
2823,618.77611,483.11347,531.86188,12,1,0,0.25788,1.00000,6.40312,745.05042,7.78093,905.36810,0.27514,0
2824,618.63554,522.71436,493.06706,12,1,0,0.25282,1.00000,6.08276,707.77399,7.82542,910.54449,0.27450,0
2825,618.77857,561.81882,532.32059,12,1,0,0.25298,1.00000,6.00000,698.14392,7.85233,913.67645,0.27149,0
2826,618.63800,601.41971,493.52577,12,1,0,0.24982,1.00000,6.00000,698.14392,7.75379,902.21051,0.28045,0
2827,618.78103,640.52417,532.77930,12,1,0,0.24598,1.00000,6.00000,698.14392,7.85921,914.47681,0.29056,0
2828,618.64046,680.12506,493.98449,12,1,0,0.25672,1.00000,6.00000,698.14392,7.66084,891.39484,0.27366,0
2829,618.78349,719.22952,533.23802,12,1,0,0.26190,1.00000,6.00000,698.14392,7.51661,874.61298,0.27776,0
2830,618.64292,758.83041,494.44320,8,0,0,0.00000,0.00000,0.00000,0.00000,0.00000,0.00000,0.02566,0
2831,618.90439,49.98582,568.36313,8,0,0,0.27702,0.72928,2.00000,232.71465,2.45968,286.20148,0.18381,0
2832,619.04742,89.09029,607.61666,12,1,0,0.28177,0.98892,4.89898,570.03217,6.39153,743.70081,0.23258,0
2833,618.90685,128.69118,568.82184,12,1,0,0.26396,1.00000,6.00000,698.14392,7.41570,862.87103,0.26765,0
2834,619.04988,167.79564,608.07537,12,1,0,0.25781,1.00000,6.00000,698.14392,7.74521,901.21228,0.26163,0
2835,618.90931,207.39653,569.28055,12,1,0,0.25105,1.00000,6.08276,707.77399,7.76153,903.11072,0.27181,0
2836,619.05234,246.50099,608.53409,12,1,0,0.25616,1.00000,6.00000,698.14392,7.67189,892.68036,0.26426,0
2837,618.91177,286.10188,569.73927,12,1,0,0.26396,1.00000,6.00000,698.14392,7.44888,866.73157,0.25376,0
2838,619.05480,325.20634,608.99280,12,1,0,0.25440,1.00000,6.08276,707.77399,7.84564,912.89764,0.26899,0
2839,618.91423,364.80723,570.19798,12,1,0,0.26797,1.00000,6.00000,698.14392,7.47238,869.46655,0.26406,0
2840,619.05726,403.91169,609.45151,12,1,0,0.25158,1.00000,6.08276,707.77399,7.89064,918.13422,0.27418,0
2841,618.91669,443.51258,570.65670,12,1,0,0.25315,1.00000,6.00000,698.14392,7.90214,919.47241,0.27821,0
2842,619.05972,482.61704,609.91023,12,1,0,0.25692,1.00000,5.83095,678.47394,7.58703,882.80609,0.24928,0
2843,618.91914,522.21793,571.11541,12,1,0,0.25505,1.00000,6.08276,707.77399,7.90021,919.24774,0.27546,0
2844,619.06217,561.32239,610.36894,12,1,0,0.25140,1.00000,7.00000,814.50128,7.86162,914.75690,0.27962,0
2845,618.92160,600.92328,571.57412,12,1,0,0.24930,1.00000,6.08276,707.77399,7.93549,923.35278,0.28294,0
2846,619.06463,640.02775,610.82766,12,1,0,0.26040,1.00000,6.00000,698.14392,7.62499,887.22345,0.28602,0
2847,618.92406,679.62863,572.03284,12,1,0,0.26103,1.00000,6.00000,698.14392,7.44213,865.94586,0.26925,0
2848,619.06709,718.73310,611.28637,12,1,0,0.25659,1.00000,6.00000,698.14392,7.55111,878.62653,0.26918,0
2849,618.92652,758.33399,572.49155,8,0,0,0.00000,0.00000,0.00000,0.00000,0.00000,0.00000,0.02963,0
2850,619.18799,49.48940,646.41148,8,0,0,0.30122,0.83662,3.16228,367.95416,3.76069,437.58401,0.18522,0
2851,619.33102,88.59386,685.66501,12,1,0,0.27935,0.96369,4.24264,493.66229,5.85022,680.71564,0.22246,0
2852,619.19045,128.19475,646.87019,12,1,0,0.28125,0.97826,4.24264,493.66229,6.46758,752.55054,0.25427,0
2853,619.33348,167.29921,686.12372,12,1,0,0.25445,1.00000,6.00000,698.14392,7.66155,891.47687,0.26246,0
2854,619.19291,206.90010,647.32891,12,1,0,0.25873,1.00000,6.00000,698.14392,7.58313,882.35291,0.26118,0
2855,619.33594,246.00456,686.58244,12,1,0,0.25334,1.00000,6.00000,698.14392,7.82837,910.88849,0.26605,0
2856,619.19537,285.60545,647.78762,12,1,0,0.25140,1.00000,6.00000,698.14392,7.95691,925.84454,0.28390,0
2857,619.33840,324.70991,687.04115,12,1,0,0.24777,1.00000,6.08276,707.77399,8.15591,949.00024,0.27021,0
2858,619.19783,364.31080,648.24633,12,1,0,0.25243,1.00000,6.00000,698.14392,8.05848,937.66321,0.27872,0
2859,619.34086,403.41527,687.49987,12,1,0,0.24377,1.00000,6.08276,707.77399,8.02840,934.16284,0.27066,0
2860,619.20029,443.01615,648.70505,12,1,0,0.25331,1.00000,6.08276,707.77399,8.02962,934.30524,0.27597,0
2861,619.34332,482.12062,687.95858,12,1,0,0.24932,1.00000,6.00000,698.14392,8.19264,953.27393,0.26867,0
2862,619.20275,521.72151,649.16376,12,1,0,0.25086,1.00000,6.08276,707.77399,8.24205,959.02277,0.28595,0
2863,619.34578,560.82597,688.41729,12,1,0,0.25739,1.00000,5.65685,658.21643,7.63903,888.85718,0.25683,0
2864,619.20521,600.42686,649.62248,12,1,0,0.24877,1.00000,6.00000,698.14392,7.86414,915.05017,0.28006,0
2865,619.34824,639.53132,688.87601,12,1,0,0.25372,1.00000,6.00000,698.14392,7.70240,896.23053,0.27322,0
2866,619.20766,679.13221,650.08119,12,1,0,0.26479,1.00000,6.00000,698.14392,7.50414,873.16162,0.26554,0
2867,619.35069,718.23667,689.33472,12,1,0,0.26612,1.00000,5.83095,678.47394,7.25359,844.00873,0.25312,0
2868,619.21012,757.83756,650.53990,8,0,0,0.00000,0.00000,0.00000,0.00000,0.00000,0.00000,0.02848,0
2869,619.47159,48.99297,724.45983,8,0,0,0.30031,0.81215,3.00000,349.07196,3.48605,405.62704,0.18816,0
2870,619.61462,88.09744,763.71336,8,0,0,0.28263,0.77031,3.00000,349.07196,2.95056,343.31876,0.17114,0
2871,619.47405,127.69832,724.91854,12,1,0,0.24913,1.00000,6.08276,707.77399,7.91095,920.49713,0.27392,0
2872,619.61708,166.80279,764.17208,8,0,0,0.26585,0.72423,2.00000,232.71465,2.22609,259.02151,0.16570,0
2873,619.47651,206.40367,725.37726,12,1,0,0.24458,1.00000,7.00000,814.50128,7.98033,928.56989,0.27648,0
2874,619.61954,245.50814,764.63079,8,0,0,0.25239,0.68195,2.23607,260.18289,0.00000,0.00000,0.16454,0
2875,619.47897,285.10903,725.83597,12,1,0,0.24845,1.00000,7.00000,814.50128,8.18683,952.59766,0.28787,0
2876,619.62200,324.21349,765.08950,8,0,0,0.26971,0.71823,2.00000,232.71465,2.35484,274.00272,0.16531,0
2877,619.48143,363.81438,726.29469,12,1,0,0.24519,1.00000,6.08276,707.77399,8.30406,966.23877,0.28992,0
2878,619.62446,402.91884,765.54822,8,0,0,0.27614,0.75556,2.23607,260.18289,2.68333,312.22549,0.16000,0
2879,619.48389,442.51973,726.75340,12,1,0,0.24773,1.00000,6.00000,698.14392,8.27872,963.28912,0.28595,0
2880,619.48635,521.22508,727.21211,12,1,0,0.24309,1.00000,6.00000,698.14392,8.19827,953.92828,0.28128,0
2881,619.48881,599.93043,727.67083,12,1,0,0.24948,1.00000,6.00000,698.14392,8.05700,937.49042,0.27405,0
2882,619.49127,678.63578,728.12954,12,1,0,0.25316,1.00000,6.00000,698.14392,7.80537,908.21143,0.27283,0
2883,619.49372,757.34113,728.58825,8,0,0,0.00000,0.00000,0.00000,0.00000,0.00000,0.00000,0.02720,0
2884,619.62692,481.62419,766.00693,8,0,0,0.26590,0.70833,2.00000,232.71465,2.40577,279.92889,0.15898,0
2885,619.62938,560.32954,766.46565,8,0,0,0.27555,0.77247,2.44949,285.01608,2.68043,311.88821,0.16890,0
2886,619.63184,639.03489,766.92436,8,0,0,0.29261,0.82271,3.16228,367.95416,3.38000,393.28775,0.16845,0
2887,619.63430,717.74024,767.38307,8,0,0,0.29890,0.83240,3.00000,349.07196,3.57228,415.66064,0.17427,0
2888,656.26934,53.26068,60.96619,5,0,0,0.29563,0.53994,2.23607,260.18289,2.36667,275.37900,0.07859,0
2889,656.27180,131.96603,61.42490,8,0,0,0.28684,0.81006,3.00000,349.07196,3.11073,361.95657,0.15155,0
2890,656.27426,210.67138,61.88361,8,0,0,0.26895,0.72145,2.00000,232.71465,2.34333,272.66397,0.15616,0
2891,656.27672,289.37673,62.34233,8,0,0,0.27830,0.74860,2.82843,329.10822,2.82632,328.86255,0.15398,0
2892,656.27918,368.08208,62.80104,8,0,0,0.26305,0.69421,2.00000,232.71465,2.11667,246.28966,0.15258,0
2893,656.28164,446.78743,63.25976,8,0,0,0.27419,0.70637,2.23607,260.18289,2.31111,268.91470,0.15117,0
2894,656.28410,525.49278,63.71847,8,0,0,0.26492,0.70670,2.00000,232.71465,0.00000,0.00000,0.16122,0
2895,656.28656,604.19814,64.17718,8,0,0,0.27604,0.75207,3.00000,349.07196,2.81699,327.77692,0.16064,0
2896,656.28902,682.90349,64.63590,8,0,0,0.27549,0.78492,2.44949,285.01608,3.05697,355.70108,0.16787,0
2897,656.29147,761.60884,65.09461,5,0,0,0.00000,0.00000,0.00000,0.00000,0.00000,0.00000,0.01805,0
2898,656.55294,52.76425,139.01454,8,0,0,0.28061,0.76602,2.23607,260.18289,2.88501,335.69238,0.17338,0
2899,656.41237,92.36514,100.21972,12,1,0,0.25687,1.00000,6.00000,698.14392,7.52868,876.01697,0.24845,0
2900,656.55540,131.46960,139.47325,12,1,0,0.25806,1.00000,6.00000,698.14392,7.61614,886.19397,0.25030,0
2901,656.41483,171.07049,100.67843,12,1,0,0.25194,1.00000,6.00000,698.14392,7.83283,911.40729,0.25760,0
2902,656.55786,210.17495,139.93197,12,1,0,0.25352,1.00000,6.00000,698.14392,7.64417,889.45483,0.26797,0
2903,656.41729,249.77584,101.13715,12,1,0,0.25176,1.00000,6.00000,698.14392,7.85534,914.02582,0.26035,0
2904,656.56032,288.88030,140.39068,12,1,0,0.25176,1.00000,6.16441,717.27472,7.80907,908.64215,0.26330,0
2905,656.41975,328.48119,101.59586,12,1,0,0.24598,1.00000,6.00000,698.14392,7.81978,909.88922,0.25606,0
2906,656.56278,367.58566,140.84939,12,1,0,0.25176,1.00000,6.00000,698.14392,7.76750,903.80566,0.26579,0
2907,656.42221,407.18654,102.05457,12,1,0,0.25316,1.00000,6.00000,698.14392,7.79611,907.13428,0.25459,0
2908,656.56524,446.29101,141.30811,12,1,0,0.25123,1.00000,6.00000,698.14392,7.92767,922.44287,0.26701,0
2909,656.42467,485.89190,102.51329,12,1,0,0.25350,1.00000,6.00000,698.14392,7.94847,924.86292,0.26816,0
2910,656.56770,524.99636,141.76682,12,1,0,0.25245,1.00000,6.00000,698.14392,7.99539,930.32239,0.27008,0
2911,656.42713,564.59725,102.97200,12,1,0,0.25175,1.00000,6.00000,698.14392,8.03256,934.64722,0.26989,0
2912,656.57016,603.70171,142.22554,12,1,0,0.25393,1.00000,6.00000,698.14392,7.57475,881.37738,0.25818,0
2913,656.42959,643.30260,103.43072,12,1,0,0.24930,1.00000,6.00000,698.14392,7.89211,918.30463,0.26528,0
2914,656.57262,682.40706,142.68425,12,1,0,0.25413,1.00000,6.00000,698.14392,7.66780,892.20459,0.27040,0
2915,656.43205,722.00795,103.88943,12,1,0,0.28120,0.98072,5.00000,581.78662,6.44197,749.57001,0.23181,0
2916,656.57508,761.11241,143.14296,8,0,0,0.00000,0.00000,0.00000,0.00000,0.00000,0.00000,0.02554,0
2917,656.83655,52.26782,217.06289,8,0,0,0.31405,0.83288,3.16228,367.95416,3.69331,429.74350,0.17971,0
2918,656.69598,91.86871,178.26807,12,1,0,0.26024,1.00000,6.00000,698.14392,7.53015,876.18756,0.25382,0
2919,656.83901,130.97318,217.52160,12,1,0,0.26755,1.00000,6.00000,698.14392,7.24106,842.55084,0.26746,0
2920,656.69843,170.57406,178.72678,12,1,0,0.25373,1.00000,6.00000,698.14392,7.56348,880.06573,0.26387,0
2921,656.84146,209.67853,217.98032,12,1,0,0.28197,1.00000,5.47723,637.31531,6.90429,803.36511,0.25190,0
2922,656.70089,249.27942,179.18550,12,1,0,0.25726,1.00000,6.00000,698.14392,7.83646,911.82910,0.26784,0
2923,656.84392,288.38388,218.43903,12,1,0,0.26807,1.00000,6.00000,698.14392,7.04015,819.17310,0.25638,0
2924,656.70335,327.98477,179.64421,12,1,0,0.25317,1.00000,6.00000,698.14392,7.65540,890.76215,0.26438,0
2925,656.84638,367.08923,218.89775,12,1,0,0.26430,1.00000,6.00000,698.14392,7.47174,869.39136,0.26208,0
2926,656.70581,406.69012,180.10293,12,1,0,0.25479,1.00000,6.00000,698.14392,7.67625,893.18756,0.26195,0
2927,656.84884,445.79458,219.35646,12,1,0,0.25530,1.00000,6.00000,698.14392,7.74222,900.86450,0.27149,0
2928,656.70827,485.39547,180.56164,12,1,0,0.24431,1.00000,6.08276,707.77399,8.01168,932.21759,0.27014,0
2929,656.85130,524.49993,219.81517,12,1,0,0.25426,1.00000,6.00000,698.14392,7.71476,897.66858,0.27136,0
2930,656.71073,564.10082,181.02035,12,1,0,0.25330,1.00000,6.00000,698.14392,7.86105,914.69116,0.27315,0
2931,656.85376,603.20528,220.27389,12,1,0,0.25654,1.00000,6.00000,698.14392,7.71634,897.85297,0.26611,0
2932,656.71319,642.80617,181.47907,12,1,0,0.24965,1.00000,6.00000,698.14392,7.73708,900.26575,0.27264,0
2933,656.85622,681.91063,220.73260,12,1,0,0.25724,1.00000,6.00000,698.14392,7.75629,902.50073,0.26042,0
2934,656.71565,721.51152,181.93778,12,1,0,0.26192,1.00000,5.19615,604.61035,7.24796,843.35352,0.25632,0
2935,656.85868,760.61599,221.19131,8,0,0,0.00000,0.00000,0.00000,0.00000,0.00000,0.00000,0.01741,0
2936,657.12015,51.77140,295.11124,8,0,0,0.27664,0.70604,2.00000,232.71465,2.04608,238.07620,0.17690,0
2937,656.97958,91.37229,256.31642,12,1,0,0.25479,1.00000,6.00000,698.14392,7.61153,885.65704,0.27238,0
2938,657.12261,130.47675,295.56996,12,1,0,0.26471,1.00000,6.00000,698.14392,7.29437,848.75342,0.25926,0
2939,656.98204,170.07764,256.77514,12,1,0,0.26270,1.00000,6.00000,698.14392,7.38319,859.08783,0.26054,0
2940,656.98449,248.78299,257.23385,12,1,0,0.26323,1.00000,6.00000,698.14392,7.59934,884.23938,0.26099,0
2941,656.98695,327.48834,257.69256,12,1,0,0.25753,1.00000,5.74456,668.42194,7.45098,866.97571,0.25197,0
2942,656.98941,406.19369,258.15128,12,1,0,0.26633,1.00000,6.00000,698.14392,7.47035,869.23035,0.25856,0
2943,656.99187,484.89904,258.60999,12,1,0,0.25850,1.00000,6.00000,698.14392,7.62659,887.40979,0.27059,0
2944,656.99433,563.60439,259.06871,12,1,0,0.25408,1.00000,6.00000,698.14392,7.58398,882.45209,0.27194,0
2945,656.99679,642.30975,259.52742,12,1,0,0.26891,1.00000,5.00000,581.78662,7.07594,823.33728,0.23302,0
2946,656.99925,721.01510,259.98613,12,1,0,0.26565,1.00000,6.00000,698.14392,7.56190,879.88220,0.27482,0
2947,657.26318,90.87586,334.36478,12,1,0,0.26612,1.00000,5.47723,637.31531,7.26986,845.90186,0.27578,0
2948,657.26564,169.58121,334.82349,12,1,0,0.26058,1.00000,6.00000,698.14392,7.32774,852.63672,0.26298,0
2949,657.12507,209.18210,296.02867,12,1,0,0.27039,1.00000,6.00000,698.14392,7.30811,850.35187,0.25722,0
2950,657.26810,248.28656,335.28220,12,1,0,0.26667,1.00000,5.74456,668.42194,7.29622,848.96857,0.25440,0
2951,657.12752,287.88745,296.48738,12,1,0,0.27552,1.00000,5.00000,581.78662,6.87864,800.38043,0.24410,0
2952,657.27055,326.99192,335.74092,12,1,0,0.28425,1.00000,5.00000,581.78662,6.61364,769.54547,0.23648,0
2953,657.12998,366.59280,296.94610,12,1,0,0.26935,1.00000,5.38516,626.60333,7.16305,833.47314,0.24979,0
2954,657.27301,405.69727,336.19963,12,1,0,0.27438,1.00000,5.47723,637.31531,7.02338,817.22180,0.26234,0
2955,657.13244,445.29816,297.40481,12,1,0,0.25663,1.00000,6.00000,698.14392,7.61156,885.66077,0.27200,0
2956,657.27547,484.40262,336.65834,12,1,0,0.25741,1.00000,6.16441,717.27472,7.46310,868.38641,0.26656,0
2957,657.13490,524.00351,297.86353,12,1,0,0.25994,1.00000,6.08276,707.77399,7.75742,902.63275,0.27558,0
2958,657.27793,563.10797,337.11706,12,1,0,0.26093,1.00000,6.92820,806.14716,7.46953,869.13464,0.27142,0
2959,657.13736,602.70886,298.32224,12,1,0,0.25353,1.00000,6.08276,707.77399,7.73130,899.59357,0.27795,0
2960,657.28039,641.81332,337.57577,12,1,0,0.25356,1.00000,6.00000,698.14392,7.67213,892.70898,0.27533,0
2961,657.13982,681.41421,298.78095,12,1,0,0.27632,0.99721,5.09902,593.30829,6.79874,791.08319,0.24582,0
2962,657.28285,720.51867,338.03449,12,1,0,0.25265,1.00000,6.00000,698.14392,7.46674,868.80969,0.25376,0
2963,657.14228,760.11956,299.23967,8,0,0,0.00000,0.00000,0.00000,0.00000,0.00000,0.00000,0.02662,0
2964,657.40375,51.27497,373.15959,8,0,0,0.28901,0.76880,3.00000,349.07196,2.90937,338.52707,0.17370,0
2965,657.54678,90.37944,412.41313,12,1,0,0.25888,1.00000,6.00000,698.14392,7.31245,850.85754,0.25939,0
2966,657.40621,129.98032,373.61831,12,1,0,0.25827,1.00000,6.00000,698.14392,7.53006,876.17725,0.25120,0
2967,657.54924,169.08479,412.87184,12,1,0,0.26055,1.00000,6.00000,698.14392,7.43337,864.92731,0.25133,0
2968,657.40867,208.68568,374.07702,12,1,0,0.25354,1.00000,6.00000,698.14392,7.56010,879.67261,0.25952,0
2969,657.55170,247.79014,413.33055,12,1,0,0.25377,1.00000,6.08276,707.77399,7.50593,873.37048,0.25414,0
2970,657.41113,287.39103,374.53574,12,1,0,0.25456,1.00000,6.00000,698.14392,7.43145,864.70312,0.26208,0
2971,657.55416,326.49549,413.78927,12,1,0,0.25858,1.00000,6.16441,717.27472,7.43044,864.58569,0.25824,0
2972,657.41358,366.09638,374.99445,12,1,0,0.26434,1.00000,6.00000,698.14392,7.39330,860.26489,0.26317,0
2973,657.55662,405.20084,414.24798,12,1,0,0.25648,1.00000,6.00000,698.14392,7.50220,872.93555,0.26310,0
2974,657.41604,444.80173,375.45316,12,1,0,0.25853,1.00000,5.74456,668.42194,7.46042,868.07465,0.26342,0
2975,657.55907,483.90619,414.70670,12,1,0,0.25407,1.00000,6.08276,707.77399,7.66476,891.85065,0.27622,0
2976,657.41850,523.50708,375.91188,12,1,0,0.25907,1.00000,6.00000,698.14392,7.61436,885.98669,0.27482,0
2977,657.56153,562.61154,415.16541,12,1,0,0.25632,1.00000,6.00000,698.14392,7.50000,872.67993,0.26573,0
2978,657.42096,602.21243,376.37059,12,1,0,0.24807,1.00000,6.00000,698.14392,7.78798,906.18890,0.27283,0
2979,657.56399,641.31689,415.62412,12,1,0,0.25778,1.00000,6.00000,698.14392,7.53008,876.17969,0.26586,0
2980,657.42342,680.91778,376.82931,12,1,0,0.25918,1.00000,6.00000,698.14392,7.49481,872.07660,0.26342,0
2981,657.56645,720.02225,416.08284,12,1,0,0.26049,1.00000,6.00000,698.14392,7.43843,865.51611,0.26509,0
2982,657.42588,759.62313,377.28802,8,0,0,0.00000,0.00000,0.00000,0.00000,0.00000,0.00000,0.02074,0
2983,657.68735,50.77855,451.20795,8,0,0,0.25534,0.62707,2.00000,232.71465,0.00000,0.00000,0.17440,0
2984,657.83038,89.88301,490.46148,12,1,0,0.26052,1.00000,6.00000,698.14392,7.41936,863.29645,0.26739,0
2985,657.68981,129.48390,451.66666,12,1,0,0.27099,1.00000,5.47723,637.31531,6.89954,802.81177,0.25318,0
2986,657.83284,168.58836,490.92019,12,1,0,0.25352,1.00000,6.08276,707.77399,7.65167,890.32745,0.26342,0
2987,657.69227,208.18925,452.12537,12,1,0,0.26554,1.00000,6.00000,698.14392,7.33999,854.06110,0.26118,0
2988,657.83530,247.29371,491.37891,12,1,0,0.25211,1.00000,6.00000,698.14392,7.73568,900.10248,0.26669,0
2989,657.69473,286.89460,452.58409,12,1,0,0.26343,1.00000,5.19615,604.61035,7.35513,855.82336,0.27174,0
2990,657.83776,325.99906,491.83762,12,1,0,0.26734,1.00000,6.00000,698.14392,7.55908,879.55450,0.26803,0
2991,657.69719,365.59995,453.04280,12,1,0,0.26258,1.00000,5.83095,678.47394,7.34923,855.13623,0.25491,0
2992,657.84022,404.70441,492.29633,12,1,0,0.26239,1.00000,6.00000,698.14392,7.43809,865.47595,0.26893,0
2993,657.69965,444.30530,453.50152,12,1,0,0.26170,1.00000,6.00000,698.14392,7.40563,861.69879,0.25350,0
2994,657.84268,483.40977,492.75505,12,1,0,0.25123,1.00000,6.00000,698.14392,7.73954,900.55188,0.27053,0
2995,657.70210,523.01065,453.96023,12,1,0,0.25140,1.00000,6.16441,717.27472,7.93668,923.49109,0.27142,0
2996,657.84513,562.11512,493.21376,12,1,0,0.25939,1.00000,6.00000,698.14392,7.79741,907.28558,0.28090,0
2997,657.70456,601.71601,454.41894,12,1,0,0.25265,1.00000,6.16441,717.27472,7.78695,906.06879,0.28038,0
2998,657.84759,640.82047,493.67248,12,1,0,0.25105,1.00000,6.40312,745.05042,7.87153,915.90985,0.27603,0
2999,657.70702,680.42136,454.87766,12,1,0,0.25515,1.00000,6.00000,698.14392,7.55725,879.34106,0.27501,0
3000,657.85005,719.52582,494.13119,12,1,0,0.26189,1.00000,6.00000,698.14392,7.34706,854.88373,0.26214,0
3001,657.70948,759.12671,455.33637,8,0,0,0.00000,0.00000,0.00000,0.00000,0.00000,0.00000,0.02688,0
3002,657.97095,50.28212,529.25630,8,0,0,0.29990,0.81768,3.00000,349.07196,3.35054,389.86026,0.18522,0
3003,658.11398,89.38658,568.50983,12,1,0,0.25825,1.00000,6.00000,698.14392,7.59163,883.34131,0.27443,0
3004,657.97341,128.98747,529.71501,12,1,0,0.25637,1.00000,6.00000,698.14392,7.82254,910.21014,0.27757,0
3005,658.11644,168.09193,568.96855,12,1,0,0.25994,1.00000,6.08276,707.77399,7.71667,897.89154,0.27232,0
3006,657.97587,207.69282,530.17373,12,1,0,0.27756,0.98630,4.24264,493.66229,6.78899,789.94818,0.24173,0
3007,658.11890,246.79729,569.42726,12,1,0,0.25301,1.00000,6.00000,698.14392,7.63854,888.79968,0.26906,0
3008,657.97833,286.39817,530.63244,12,1,0,0.25282,1.00000,6.08276,707.77399,7.67411,892.93903,0.27162,0
3009,658.12136,325.50264,569.88597,12,1,0,0.25371,1.00000,6.08276,707.77399,7.69333,895.17578,0.26963,0
3010,657.98079,365.10353,531.09115,12,1,0,0.25616,1.00000,6.08276,707.77399,7.87419,916.21967,0.27955,0
3011,658.12382,404.20799,570.34469,12,1,0,0.25316,1.00000,6.16441,717.27472,7.76593,903.62305,0.27309,0
3012,657.98325,443.80888,531.54987,12,1,0,0.25603,1.00000,6.00000,698.14392,7.73914,900.50574,0.27706,0
3013,657.98571,522.51423,532.00858,12,1,0,0.25698,1.00000,6.08276,707.77399,8.00030,930.89355,0.27802,0
3014,657.98816,601.21958,532.46730,12,1,0,0.25980,1.00000,6.00000,698.14392,7.42901,864.41925,0.27520,0
3015,657.99062,679.92493,532.92601,12,1,0,0.26053,1.00000,6.00000,698.14392,7.72372,898.71173,0.27334,0
3016,657.99308,758.63028,533.38472,8,0,0,0.00000,0.00000,0.00000,0.00000,0.00000,0.00000,0.02835,0
3017,658.25455,49.78569,607.30465,8,0,0,0.28749,0.76796,2.23607,260.18289,2.95264,343.56165,0.19264,0
3018,658.25701,128.49105,607.76336,12,1,0,0.25818,1.00000,6.00000,698.14392,7.40440,861.55560,0.25786,0
3019,658.25947,207.19640,608.22208,12,1,0,0.25670,1.00000,6.08276,707.77399,7.66774,892.19714,0.27174,0
3020,658.26193,285.90175,608.68079,12,1,0,0.25354,1.00000,6.16441,717.27472,7.64464,889.50995,0.26842,0
3021,658.26439,364.60710,609.13951,12,1,0,0.26416,1.00000,5.91608,688.37921,7.24803,843.36151,0.26586,0
3022,658.26685,443.31245,609.59822,12,1,0,0.25372,1.00000,7.00000,814.50128,7.71713,897.94434,0.28147,0
3023,658.12628,482.91334,570.80340,12,1,0,0.25952,1.00000,6.40312,745.05042,7.73247,899.72913,0.27526,0
3024,658.26931,522.01780,610.05693,12,1,0,0.29014,0.97802,4.12311,479.75351,5.97328,695.03479,0.23680,0
3025,658.12874,561.61869,571.26211,12,1,0,0.27101,0.96369,3.74166,435.36926,6.14311,714.79523,0.26771,0
3026,658.27177,600.72315,610.51565,12,1,0,0.25140,1.00000,6.08276,707.77399,7.78412,905.73956,0.27955,0
3027,658.13119,640.32404,571.72083,12,1,0,0.25405,1.00000,6.00000,698.14392,7.74690,901.40875,0.28346,0
3028,658.27423,679.42850,610.97436,12,1,0,0.25645,1.00000,6.00000,698.14392,7.50902,873.72986,0.26739,0
3029,658.13365,719.02939,572.17954,12,1,0,0.26965,1.00000,6.00000,698.14392,7.36068,856.46912,0.26522,0
3030,658.27668,758.13386,611.43307,8,0,0,0.00000,0.00000,0.00000,0.00000,0.00000,0.00000,0.02950,0
3031,658.53815,49.28927,685.35300,8,0,0,0.30465,0.86761,4.00000,465.42929,4.20168,488.89642,0.19117,0
3032,658.39758,88.89016,646.55818,12,1,0,0.27912,1.00000,4.89898,570.03217,6.71273,781.07495,0.23955,0
3033,658.54061,127.99462,685.81172,12,1,0,0.25550,1.00000,6.00000,698.14392,7.76348,903.33765,0.28365,0
3034,658.40004,167.59551,647.01690,12,1,0,0.25087,1.00000,6.40312,745.05042,7.99424,930.18872,0.28166,0
3035,658.54307,206.69997,686.27043,12,1,0,0.24844,1.00000,6.92820,806.14716,7.90409,919.69910,0.26810,0
3036,658.40250,246.30086,647.47561,12,1,0,0.24616,1.00000,6.08276,707.77399,7.92979,922.68958,0.28038,0
3037,658.54553,285.40532,686.72914,12,1,0,0.24737,1.00000,6.08276,707.77399,7.83209,911.32080,0.27334,0
3038,658.40496,325.00621,647.93432,12,1,0,0.24776,1.00000,6.40312,745.05042,8.08335,940.55719,0.27712,0
3039,658.54799,364.11067,687.18786,12,1,0,0.25000,1.00000,6.00000,698.14392,7.84498,912.82043,0.27277,0
3040,658.40742,403.71156,648.39304,12,1,0,0.24791,1.00000,6.00000,698.14392,7.88295,917.23950,0.27059,0
3041,658.55045,442.81603,687.64657,12,1,0,0.24722,1.00000,6.00000,698.14392,7.99044,929.74585,0.27162,0
3042,658.40988,482.41691,648.85175,12,1,0,0.25320,1.00000,5.74456,668.42194,7.64848,889.95685,0.26272,0
3043,658.55291,521.52138,688.10529,12,1,0,0.24983,1.00000,6.08276,707.77399,8.02641,933.93170,0.26656,0
3044,658.41234,561.12226,649.31047,12,1,0,0.24913,1.00000,6.08276,707.77399,7.94433,924.38141,0.28154,0
3045,658.55537,600.22673,688.56400,12,1,0,0.24671,1.00000,6.16441,717.27472,7.93223,922.97351,0.27091,0
3046,658.41480,639.82762,649.76918,12,1,0,0.25445,1.00000,6.00000,698.14392,7.61171,885.67871,0.27251,0
3047,658.55783,678.93208,689.02271,12,1,0,0.25390,1.00000,6.00000,698.14392,7.63620,888.52808,0.26765,0
3048,658.41726,718.53297,650.22789,12,1,0,0.25818,1.00000,6.00000,698.14392,7.47613,869.90192,0.27206,0
3049,658.56029,757.63743,689.48143,8,0,0,0.00000,0.00000,0.00000,0.00000,0.00000,0.00000,0.02586,0
3050,658.82176,48.79284,763.40135,5,0,0,0.25566,0.53631,1.73205,201.53679,0.00000,0.00000,0.11866,0
3051,658.68119,88.39373,724.60654,12,1,0,0.25035,1.00000,6.00000,698.14392,7.92080,921.64270,0.28070,0
3052,658.82422,127.49819,763.86007,8,0,0,0.27909,0.75278,2.00000,232.71465,2.54135,295.70422,0.17472,0
3053,658.68364,167.09908,725.06525,12,1,0,0.25905,1.00000,6.00000,698.14392,7.80052,907.64764,0.27501,0
3054,658.82667,206.20355,764.31878,8,0,0,0.26273,0.71667,2.00000,232.71465,2.06667,240.47179,0.17210,0
3055,658.68610,245.80443,725.52396,12,1,0,0.24807,1.00000,6.00000,698.14392,7.86399,915.03284,0.27558,0
3056,658.82913,284.90890,764.77750,8,0,0,0.26979,0.70765,2.23607,260.18289,2.10909,245.40816,0.16774,0
3057,658.68856,324.50979,725.98268,12,1,0,0.24879,1.00000,6.00000,698.14392,8.02446,933.70502,0.28499,0
3058,658.83159,363.61425,765.23621,8,0,0,0.26777,0.72423,2.00000,232.71465,2.08000,242.02322,0.16691,0
3059,658.69102,403.21514,726.44139,12,1,0,0.24791,1.00000,6.00000,698.14392,7.97686,928.16663,0.27245,0
3060,658.83405,442.31960,765.69492,8,0,0,0.29184,0.79444,3.00000,349.07196,3.27795,381.41351,0.16749,0
3061,658.69348,481.92049,726.90010,12,1,0,0.25190,1.00000,7.00000,814.50128,8.20132,954.28369,0.28909,0
3062,658.83651,521.02495,766.15364,8,0,0,0.28109,0.76164,2.00000,232.71465,2.86934,333.86838,0.16781,0
3063,658.69594,560.62584,727.35882,12,1,0,0.24861,1.00000,6.40312,745.05042,8.07004,939.00842,0.27078,0
3064,658.83897,599.73030,766.61235,8,0,0,0.29470,0.83565,3.00000,349.07196,3.27157,380.67059,0.16032,0
3065,658.69840,639.33119,727.81753,12,1,0,0.25035,1.00000,7.00000,814.50128,8.01716,932.85535,0.28141,0
3066,658.84143,678.43565,767.07107,8,0,0,0.29014,0.83333,3.00000,349.07196,3.86150,449.31363,0.16986,0
3067,658.70086,718.03654,728.27625,12,1,0,0.26529,1.00000,5.19615,604.61035,7.32669,852.51453,0.26592,0
3068,658.84389,757.14100,767.52978,5,0,0,0.00000,0.00000,0.00000,0.00000,0.00000,0.00000,0.01958,0
3069,695.61951,53.06055,99.90771,8,0,0,0.30185,0.85873,2.44949,285.01608,3.70463,431.06039,0.18976,0
3070,695.47893,92.66144,61.11289,8,0,0,0.28889,0.79888,2.00000,232.71465,3.27582,381.16528,0.16365,0
3071,695.62196,131.76590,100.36642,12,1,0,0.25158,1.00000,6.00000,698.14392,7.83390,911.53162,0.28768,0
3072,695.48139,171.36679,61.57160,8,0,0,0.25876,0.72126,2.23607,260.18289,2.34687,273.07608,0.16186,0
3073,695.62442,210.47125,100.82514,12,1,0,0.24620,1.00000,6.00000,698.14392,8.11596,944.35181,0.28653,0
3074,695.48385,250.07214,62.03032,8,0,0,0.27263,0.74438,2.00000,232.71465,2.57055,299.10257,0.16582,0
3075,695.48631,328.77749,62.48903,8,0,0,0.26737,0.71348,2.23607,260.18289,2.20000,255.98611,0.15296,0
3076,695.48877,407.48284,62.94775,8,0,0,0.28070,0.70330,2.00000,232.71465,2.45714,285.90656,0.15251,0
3077,695.49123,486.18819,63.40646,8,0,0,0.25000,0.65352,2.00000,232.71465,0.00000,0.00000,0.14944,0
3078,695.49369,564.89354,63.86517,8,0,0,0.28660,0.76667,2.23607,260.18289,3.00880,350.09607,0.16134,0
3079,695.49615,643.59889,64.32389,8,0,0,0.26912,0.77208,3.00000,349.07196,2.98423,347.23709,0.16378,0
3080,695.49861,722.30425,64.78260,8,0,0,0.29644,0.84034,3.00000,349.07196,3.85526,448.58810,0.16115,0
3081,695.76254,92.16501,139.16124,12,1,0,0.26339,1.00000,6.00000,698.14392,7.47127,869.33655,0.27744,0
3082,695.76499,170.87036,139.61996,12,1,0,0.25407,1.00000,6.16441,717.27472,7.79615,907.13928,0.27552,0
3083,695.76745,249.57571,140.07867,12,1,0,0.25404,1.00000,6.00000,698.14392,7.93147,922.88477,0.27635,0
3084,695.62688,289.17660,101.28385,12,1,0,0.25052,1.00000,6.00000,698.14392,8.16325,949.85358,0.28941,0
3085,695.76991,328.28106,140.53738,12,1,0,0.25105,1.00000,6.00000,698.14392,7.83113,911.20892,0.27155,0
3086,695.62934,367.88195,101.74257,12,1,0,0.24965,1.00000,6.00000,698.14392,8.16597,950.17072,0.27507,0
3087,695.77237,406.98641,140.99610,12,1,0,0.26199,1.00000,6.00000,698.14392,7.94832,924.84473,0.26445,0
3088,695.63180,446.58730,102.20128,12,1,0,0.24825,1.00000,6.00000,698.14392,7.98484,929.09424,0.28691,0
3089,695.77483,485.69177,141.45481,12,1,0,0.24965,1.00000,6.00000,698.14392,8.01118,932.15887,0.26534,0
3090,695.63426,525.29265,102.65999,12,1,0,0.25035,1.00000,6.00000,698.14392,8.20432,954.63239,0.28339,0
3091,695.77729,564.39712,141.91353,12,1,0,0.25243,1.00000,6.00000,698.14392,7.94925,924.95392,0.26176,0
3092,695.63672,603.99801,103.11871,12,1,0,0.25104,1.00000,6.00000,698.14392,8.09917,942.39758,0.26867,0
3093,695.77975,643.10247,142.37224,12,1,0,0.24965,1.00000,6.08276,707.77399,7.92879,922.57281,0.27258,0
3094,695.63918,682.70336,103.57742,12,1,0,0.25141,1.00000,6.00000,698.14392,7.93959,923.82996,0.27085,0
3095,695.78221,721.80782,142.83095,12,1,0,0.27973,1.00000,5.09902,593.30829,6.97890,812.04578,0.23795,0
3096,695.64164,761.40871,104.03613,8,0,0,0.00000,0.00000,0.00000,0.00000,0.00000,0.00000,0.02502,0
3097,695.90311,52.56412,177.95606,8,0,0,0.29552,0.82500,3.00000,349.07196,3.38023,393.31500,0.20461,0
3098,696.04614,91.66858,217.20960,12,1,0,0.25351,1.00000,6.00000,698.14392,7.97694,928.17584,0.29722,0
3099,695.90557,131.26947,178.41478,12,1,0,0.25606,1.00000,6.08276,707.77399,7.72847,899.26385,0.28166,0
3100,696.04860,170.37394,217.66831,12,1,0,0.25194,1.00000,6.00000,698.14392,7.82693,910.72046,0.28570,0
3101,695.90803,209.97482,178.87349,12,1,0,0.26293,1.00000,6.00000,698.14392,7.79737,907.28076,0.29613,0
3102,696.05106,249.07929,218.12702,12,1,0,0.25666,1.00000,6.08276,707.77399,8.08907,941.22198,0.28448,0
3103,695.91048,288.68018,179.33220,12,1,0,0.24895,1.00000,6.08276,707.77399,8.10746,943.36188,0.29734,0
3104,696.05351,327.78464,218.58574,12,1,0,0.25387,1.00000,6.16441,717.27472,7.79488,906.99170,0.28250,0
3105,695.91294,367.38553,179.79092,12,1,0,0.25244,1.00000,6.08276,707.77399,7.99533,930.31494,0.28397,0
3106,696.05597,406.48999,219.04445,12,1,0,0.25482,1.00000,6.00000,698.14392,7.66204,891.53430,0.27770,0
3107,695.91540,446.09088,180.24963,12,1,0,0.25404,1.00000,6.00000,698.14392,7.94205,924.11578,0.28186,0
3108,696.05843,485.19534,219.50316,12,1,0,0.25567,1.00000,6.00000,698.14392,7.71896,898.15771,0.26790,0
3109,695.91786,524.79623,180.70835,12,1,0,0.25296,1.00000,6.00000,698.14392,8.07720,939.84155,0.28672,0
3110,696.06089,563.90069,219.96188,12,1,0,0.26047,1.00000,6.00000,698.14392,7.76565,903.58984,0.27904,0
3111,695.92032,603.50158,181.16706,12,1,0,0.25211,1.00000,6.00000,698.14392,7.83563,911.73273,0.27635,0
3112,696.06335,642.60604,220.42059,12,1,0,0.25476,1.00000,6.00000,698.14392,7.76115,903.06720,0.27315,0
3113,695.92278,682.20693,181.62577,12,1,0,0.25712,1.00000,6.00000,698.14392,7.62789,887.56110,0.26771,0
3114,696.06581,721.31139,220.87931,12,1,0,0.26589,1.00000,6.00000,698.14392,7.35103,855.34650,0.26451,0
3115,695.92524,760.91228,182.08449,8,0,0,0.00000,0.00000,0.00000,0.00000,0.00000,0.00000,0.02118,0
3116,696.18671,52.06770,256.00441,8,0,0,0.27544,0.73829,3.00000,349.07196,2.54118,295.68451,0.21018,0
3117,696.32974,91.17216,295.25795,12,1,0,0.25349,1.00000,6.00000,698.14392,7.95516,925.64148,0.31245,0
3118,696.18917,130.77305,256.46313,12,1,0,0.25249,1.00000,6.00000,698.14392,7.79127,906.57129,0.29843,0
3119,696.33220,169.87751,295.71666,12,1,0,0.25017,1.00000,6.16441,717.27472,8.03376,934.78735,0.30765,0
3120,696.19163,209.47840,256.92184,12,1,0,0.26147,1.00000,6.00000,698.14392,7.34840,855.04047,0.28864,0
3121,696.33466,248.58286,296.17537,12,1,0,0.24775,1.00000,6.40312,745.05042,8.04897,936.55707,0.31046,0
3122,696.19409,288.18375,257.38056,12,1,0,0.26455,1.00000,6.00000,698.14392,7.31084,850.66931,0.27987,0
3123,696.33712,327.28821,296.63409,12,1,0,0.25335,1.00000,6.08276,707.77399,7.89951,919.16632,0.29619,0
3124,696.19654,366.88910,257.83927,12,1,0,0.26316,1.00000,6.00000,698.14392,7.58642,882.73517,0.27846,0
3125,696.33957,405.99356,297.09280,12,1,0,0.25229,1.00000,6.08276,707.77399,7.87101,915.84985,0.29152,0
3126,696.19900,445.59445,258.29798,12,1,0,0.25303,1.00000,6.08276,707.77399,7.66503,891.88275,0.28378,0
3127,696.34203,484.69891,297.55152,12,1,0,0.25265,1.00000,6.32456,735.90833,7.73433,899.94653,0.28467,0
3128,696.20146,524.29980,258.75670,12,1,0,0.25545,1.00000,6.00000,698.14392,7.91266,920.69580,0.27994,0
3129,696.34449,563.40427,298.01023,12,1,0,0.25157,1.00000,7.00000,814.50128,7.93384,923.16003,0.28698,0
3130,696.20392,603.00515,259.21541,12,1,0,0.26831,1.00000,6.00000,698.14392,7.56849,880.64972,0.27706,0
3131,696.34695,642.10962,298.46894,12,1,0,0.25497,1.00000,6.00000,698.14392,7.70954,897.06195,0.29517,0
3132,696.20638,681.71051,259.67413,12,1,0,0.25913,1.00000,6.00000,698.14392,7.67498,893.03973,0.26995,0
3133,696.34941,720.81497,298.92766,12,1,0,0.25296,1.00000,6.08276,707.77399,7.82481,910.47339,0.28768,0
3134,696.20884,760.41586,260.13284,8,0,0,0.00000,0.00000,0.00000,0.00000,0.00000,0.00000,0.01939,0
3135,696.47031,51.57127,334.05277,8,0,0,0.26082,0.69505,2.00000,232.71465,0.00000,0.00000,0.20723,0
3136,696.61334,90.67573,373.30630,12,1,0,0.25714,1.00000,6.00000,698.14392,7.78809,906.20142,0.31392,0
3137,696.47277,130.27662,334.51148,12,1,0,0.25323,1.00000,6.00000,698.14392,7.62689,887.44415,0.30451,0
3138,696.61580,169.38108,373.76501,12,1,0,0.25462,1.00000,6.00000,698.14392,7.80131,907.73987,0.31610,0
3139,696.47523,208.98197,334.97019,12,1,0,0.26118,1.00000,5.74456,668.42194,7.54130,877.48492,0.30778,0
3140,696.61826,248.08643,374.22373,12,1,0,0.26815,1.00000,5.00000,581.78662,7.23808,842.20386,0.30470,0
3141,696.47769,287.68732,335.42891,12,1,0,0.25639,1.00000,5.91608,688.37921,7.57777,881.72919,0.29197,0
3142,696.62072,326.79179,374.68244,12,1,0,0.26358,1.00000,5.19615,604.61035,7.37036,857.59570,0.29184,0
3143,696.48015,366.39267,335.88762,12,1,0,0.28333,0.98892,5.00000,581.78662,6.46219,751.92297,0.24333,0
3144,696.62318,405.49714,375.14115,12,1,0,0.27033,1.00000,5.00000,581.78662,7.00302,814.85321,0.27974,0
3145,696.48260,445.09803,336.34634,12,1,0,0.25806,1.00000,5.91608,688.37921,7.61245,885.76434,0.28147,0
3146,696.48506,523.80338,336.80505,12,1,0,0.25142,1.00000,6.00000,698.14392,7.69007,894.79645,0.28960,0
3147,696.48752,602.50873,337.26376,12,1,0,0.25071,1.00000,6.00000,698.14392,7.79747,907.29285,0.29242,0
3148,696.48998,681.21408,337.72248,12,1,0,0.25413,1.00000,6.00000,698.14392,7.51086,873.94342,0.27053,0
3149,696.49244,759.91943,338.18119,8,0,0,0.00000,0.00000,0.00000,0.00000,0.00000,0.00000,0.02790,0
3150,696.75391,51.07484,412.10112,8,0,0,0.28311,0.76923,3.16228,367.95416,3.06326,356.43307,0.19270,0
3151,696.75637,129.78019,412.55983,12,1,0,0.25106,1.00000,6.08276,707.77399,7.78476,905.81348,0.29728,0
3152,696.75883,208.48555,413.01855,12,1,0,0.24896,1.00000,6.16441,717.27472,7.91244,920.66980,0.29434,0
3153,696.76129,287.19090,413.47726,12,1,0,0.25088,1.00000,6.08276,707.77399,7.77921,905.16827,0.28710,0
3154,696.76375,365.89625,413.93597,12,1,0,0.26225,1.00000,6.00000,698.14392,7.68869,894.63562,0.28710,0
3155,696.76621,444.60160,414.39469,12,1,0,0.25321,1.00000,6.00000,698.14392,7.69100,894.90442,0.27482,0
3156,696.62564,484.20249,375.59987,12,1,0,0.25142,1.00000,6.00000,698.14392,7.67865,893.46729,0.29286,0
3157,696.76867,523.30695,414.85340,12,1,0,0.26172,1.00000,6.00000,698.14392,7.51098,873.95721,0.29331,0
3158,696.62809,562.90784,376.05858,12,1,0,0.25262,1.00000,6.00000,698.14392,7.94732,924.72852,0.29312,0
3159,696.77112,602.01230,415.31212,12,1,0,0.26062,1.00000,6.00000,698.14392,7.64885,890.00018,0.28186,0
3160,696.63055,641.61319,376.51730,12,1,0,0.24735,1.00000,6.00000,698.14392,7.85896,914.44775,0.29818,0
3161,696.77358,680.71765,415.77083,12,1,0,0.25619,1.00000,6.00000,698.14392,7.71219,897.36945,0.27309,0
3162,696.63301,720.31854,376.97601,12,1,0,0.25035,1.00000,6.08276,707.77399,7.88459,917.42938,0.28416,0
3163,696.77604,759.42300,416.22954,8,0,0,0.00000,0.00000,0.00000,0.00000,0.00000,0.00000,0.02669,0
3164,697.03751,50.57842,490.14947,8,0,0,0.25525,0.63812,2.00000,232.71465,0.00000,0.00000,0.19066,0
3165,696.89694,90.17931,451.35465,12,1,0,0.25191,1.00000,6.08276,707.77399,8.11648,944.41241,0.31904,0
3166,697.03997,129.28377,490.60818,12,1,0,0.26147,1.00000,6.00000,698.14392,7.38153,858.89490,0.28467,0
3167,696.89940,168.88466,451.81337,12,1,0,0.25470,1.00000,7.00000,814.50128,8.27413,962.75616,0.32390,0
3168,697.04243,207.98912,491.06690,12,1,0,0.26623,1.00000,6.00000,698.14392,7.59177,883.35797,0.29811,0
3169,696.90186,247.59001,452.27208,12,1,0,0.25017,1.00000,6.08276,707.77399,8.01012,932.03583,0.30093,0
3170,697.04489,286.69447,491.52561,12,1,0,0.25683,1.00000,5.19615,604.61035,7.65898,891.17834,0.30477,0
3171,696.90432,326.29536,452.73079,12,1,0,0.25087,1.00000,6.08276,707.77399,7.97735,928.22339,0.29792,0
3172,697.04735,365.39982,491.98433,12,1,0,0.26204,1.00000,6.00000,698.14392,7.43750,865.40759,0.28454,0
3173,696.90678,405.00071,453.18951,12,1,0,0.26507,1.00000,6.00000,698.14392,7.62105,886.76526,0.29664,0
3174,697.04981,444.10517,492.44304,12,1,0,0.27751,0.96667,3.74166,435.36926,6.01172,699.50714,0.26106,0
3175,696.90924,483.70606,453.64822,12,1,0,0.25716,1.00000,6.00000,698.14392,7.73679,900.23230,0.30022,0
3176,697.05227,522.81052,492.90175,12,1,0,0.25857,1.00000,6.00000,698.14392,7.82298,910.26111,0.29139,0
3177,696.91170,562.41141,454.10693,12,1,0,0.25140,1.00000,6.00000,698.14392,7.93635,923.45221,0.30170,0
3178,697.05473,601.51588,493.36047,12,1,0,0.25836,1.00000,6.00000,698.14392,7.72054,898.34131,0.28070,0
3179,696.91415,641.11676,454.56565,12,1,0,0.24983,1.00000,6.08276,707.77399,7.98091,928.63684,0.29235,0
3180,697.05718,680.22123,493.81918,12,1,0,0.26433,1.00000,6.00000,698.14392,7.59141,883.31628,0.26925,0
3181,696.91661,719.82212,455.02436,12,1,0,0.26190,1.00000,6.00000,698.14392,7.58479,882.54565,0.27590,0
3182,697.05964,758.92658,494.27789,8,0,0,0.00000,0.00000,0.00000,0.00000,0.00000,0.00000,0.02765,0
3183,697.32111,50.08199,568.19782,8,0,0,0.30217,0.84807,3.60555,419.53229,3.86946,450.24014,0.20928,0
3184,697.18054,89.68288,529.40300,12,1,0,0.24931,1.00000,6.00000,698.14392,8.11619,944.37848,0.31264,0
3185,697.32357,128.78734,568.65654,12,1,0,0.25087,1.00000,6.08276,707.77399,8.03495,934.92566,0.30022,0
3186,697.18300,168.38823,529.86172,12,1,0,0.24810,1.00000,6.00000,698.14392,8.18029,951.83722,0.30880,0
3187,697.32603,207.49269,569.11525,12,1,0,0.26632,0.99162,4.35890,507.18982,6.99153,813.51581,0.27104,0
3188,697.18546,247.09358,530.32043,12,1,0,0.25493,1.00000,6.00000,698.14392,7.85833,914.37457,0.29926,0
3189,697.32849,286.19805,569.57396,12,1,0,0.24705,1.00000,6.16441,717.27472,7.90845,920.20624,0.30285,0
3190,697.18792,325.79893,530.77914,12,1,0,0.25487,1.00000,6.32456,735.90833,8.03510,934.94281,0.29760,0
3191,697.33095,364.90340,570.03268,12,1,0,0.25281,1.00000,6.00000,698.14392,7.90960,920.33942,0.29856,0
3192,697.19038,404.50428,531.23786,12,1,0,0.25124,1.00000,6.08276,707.77399,7.76399,903.39734,0.29459,0
3193,697.33341,443.60875,570.49139,12,1,0,0.25018,1.00000,6.08276,707.77399,7.77511,904.69049,0.28512,0
3194,697.19284,483.20964,531.69657,12,1,0,0.25907,1.00000,6.00000,698.14392,7.78315,905.62604,0.29184,0
3195,697.33587,522.31410,570.95011,12,1,0,0.25122,1.00000,6.00000,698.14392,7.75173,901.97015,0.26758,0
3196,697.19530,561.91499,532.15529,12,1,0,0.25868,1.00000,6.08276,707.77399,7.94993,925.03229,0.28909,0
3197,697.33833,601.01945,571.40882,12,1,0,0.25605,1.00000,6.08276,707.77399,7.78085,905.35919,0.27706,0
3198,697.19776,640.62034,532.61400,12,1,0,0.25035,1.00000,6.00000,698.14392,7.88852,917.88654,0.29664,0
3199,697.34079,679.72480,571.86753,12,1,0,0.26118,1.00000,6.00000,698.14392,7.51562,874.49725,0.27418,0
3200,697.20021,719.32569,533.07271,12,1,0,0.25818,1.00000,6.00000,698.14392,7.63905,888.85944,0.28102,0
3201,697.34324,758.43015,572.32625,8,0,0,0.00000,0.00000,0.00000,0.00000,0.00000,0.00000,0.02694,0
3202,697.60472,49.58557,646.24617,8,0,0,0.29243,0.80337,3.00000,349.07196,3.23384,376.28143,0.19987,0
3203,697.46414,89.18645,607.45136,12,1,0,0.25212,1.00000,6.00000,698.14392,7.80367,908.01428,0.29248,0
3204,697.60717,128.29092,646.70489,12,1,0,0.25565,1.00000,6.00000,698.14392,7.89365,918.48376,0.30266,0
3205,697.46660,167.89181,607.91007,12,1,0,0.25087,1.00000,6.40312,745.05042,7.95211,925.28583,0.29658,0
3206,697.60963,206.99627,647.16360,12,1,0,0.25243,1.00000,6.08276,707.77399,7.95334,925.42883,0.30029,0
3207,697.46906,246.59716,608.36878,12,1,0,0.24460,1.00000,6.08276,707.77399,7.94653,924.63721,0.29830,0
3208,697.61209,285.70162,647.62232,12,1,0,0.24451,1.00000,6.40312,745.05042,8.41969,979.69281,0.30835,0
3209,697.47152,325.30251,608.82750,12,1,0,0.25018,1.00000,6.40312,745.05042,7.84987,913.38983,0.29382,0
3210,697.61455,364.40697,648.08103,12,1,0,0.25228,1.00000,6.00000,698.14392,7.96803,927.13904,0.29152,0
3211,697.47398,404.00786,609.28621,12,1,0,0.24759,1.00000,6.08276,707.77399,8.13010,945.99713,0.29274,0
3212,697.61701,443.11232,648.53974,12,1,0,0.24759,1.00000,7.00000,814.50128,8.35562,972.23798,0.30150,0
3213,697.47644,482.71321,609.74492,12,1,0,0.24947,1.00000,7.00000,814.50128,7.90162,919.41125,0.28538,0
3214,697.61947,521.81767,648.99846,12,1,0,0.25330,1.00000,6.00000,698.14392,8.23089,957.72467,0.29619,0
3215,697.47890,561.41856,610.20364,12,1,0,0.24913,1.00000,6.00000,698.14392,7.91412,920.86566,0.27603,0
3216,697.62193,600.52302,649.45717,12,1,0,0.24664,1.00000,6.00000,698.14392,7.88533,917.51617,0.28762,0
3217,697.48136,640.12391,610.66235,12,1,0,0.25517,1.00000,6.00000,698.14392,7.63704,888.62543,0.27674,0
3218,697.62439,679.22838,649.91589,12,1,0,0.26140,1.00000,6.00000,698.14392,7.46551,868.66718,0.26771,0
3219,697.48382,718.82926,611.12107,12,1,0,0.26220,1.00000,5.09902,593.30829,7.47729,870.03754,0.27322,0
3220,697.74775,88.69003,685.49971,12,1,0,0.26848,1.00000,5.09902,593.30829,7.00700,815.31628,0.26566,0
3221,697.75020,167.39538,685.95842,12,1,0,0.25210,1.00000,6.00000,698.14392,7.75147,901.93976,0.27654,0
3222,697.75266,246.10073,686.41713,12,1,0,0.24862,1.00000,7.00000,814.50128,8.16739,950.33606,0.29293,0
3223,697.75512,324.80608,686.87585,12,1,0,0.25399,1.00000,6.00000,698.14392,8.09447,941.85089,0.28045,0
3224,697.75758,403.51143,687.33456,12,1,0,0.24466,1.00000,6.08276,707.77399,8.15031,948.34833,0.27488,0
3225,697.76004,482.21678,687.79328,12,1,0,0.25172,1.00000,7.00000,814.50128,8.04636,936.25323,0.27283,0
3226,697.76250,560.92214,688.25199,12,1,0,0.25243,1.00000,6.08276,707.77399,8.22951,957.56378,0.28166,0
3227,697.76496,639.62749,688.71070,12,1,0,0.25426,1.00000,6.00000,698.14392,7.74386,901.05481,0.26579,0
3228,697.76742,718.33284,689.16942,12,1,0,0.26960,1.00000,6.00000,698.14392,7.13450,830.15143,0.25504,0
3229,697.62685,757.93373,650.37460,8,0,0,0.00000,0.00000,0.00000,0.00000,0.00000,0.00000,0.02387,0
3230,697.88832,49.08914,724.29453,8,0,0,0.31080,0.84153,3.16228,367.95416,3.60042,418.93506,0.18304,0
3231,698.03135,88.19360,763.54806,8,0,0,0.28815,0.79501,3.00000,349.07196,3.19086,371.27997,0.16704,0
3232,697.89078,127.79449,724.75324,12,1,0,0.25560,1.00000,6.00000,698.14392,8.09483,941.89282,0.28531,0
3233,698.03381,166.89895,764.00677,8,0,0,0.27090,0.70330,2.00000,232.71465,2.33975,272.24753,0.17338,0
3234,697.89324,206.49984,725.21195,12,1,0,0.24913,1.00000,6.00000,698.14392,8.30684,966.56165,0.30189,0
3235,698.03627,245.60430,764.46549,8,0,0,0.25938,0.68595,2.00000,232.71465,0.00000,0.00000,0.17293,0
3236,697.89569,285.20519,725.67067,12,1,0,0.25654,1.00000,6.00000,698.14392,7.97518,927.97052,0.29574,0
3237,698.03872,324.30966,764.92420,8,0,0,0.27226,0.72452,3.00000,349.07196,2.47579,288.07623,0.17075,0
3238,697.89815,363.91054,726.12938,12,1,0,0.25556,1.00000,7.00000,814.50128,8.31585,967.61017,0.29754,0
3239,698.04118,403.01501,765.38291,8,0,0,0.26577,0.71788,2.00000,232.71465,0.00000,0.00000,0.16301,0
3240,697.90061,442.61590,726.58810,12,1,0,0.24570,1.00000,6.00000,698.14392,8.30385,966.21344,0.28998,0
3241,698.04364,481.72036,765.84163,8,0,0,0.26780,0.68852,2.44949,285.01608,2.41164,280.61191,0.15674,0
3242,697.90307,521.32125,727.04681,12,1,0,0.25017,1.00000,6.00000,698.14392,8.24193,959.00934,0.28288,0
3243,698.04610,560.42571,766.30034,8,0,0,0.27576,0.76471,2.23607,260.18289,2.65015,308.36475,0.16064,0
3244,697.90553,600.02660,727.50552,12,1,0,0.25000,1.00000,6.00000,698.14392,7.97553,928.01166,0.27546,0
3245,698.04856,639.13106,766.75906,8,0,0,0.28902,0.78846,3.00000,349.07196,2.72593,317.18216,0.15840,0
3246,697.90799,678.73195,727.96424,12,1,0,0.25973,1.00000,6.00000,698.14392,7.68769,894.51929,0.25869,0
3247,698.05102,717.83641,767.21777,8,0,0,0.31867,0.81148,3.00000,349.07196,3.45461,401.96878,0.14355,0
3248,697.91045,757.43730,728.42295,8,0,0,0.00000,0.00000,0.00000,0.00000,0.00000,0.00000,0.02419,0
3249,734.68607,53.35684,60.80088,3,0,0,0.17685,0.30726,1.00000,116.35732,0.00000,0.00000,0.10835,0
3250,734.82910,92.46131,100.05442,8,0,0,0.24641,1.00000,6.16441,717.27472,9.99580,1163.08447,0.57670,0
3251,734.68853,132.06220,61.25960,5,0,0,0.28236,0.90278,3.74166,435.36926,4.41361,513.55585,0.38515,0
3252,734.83156,171.16666,100.51313,8,0,0,0.24098,1.00000,7.07107,822.77051,12.00000,1396.28784,0.65133,0
3253,734.69098,210.76755,61.71831,5,0,0,0.26898,0.90556,3.31662,385.91360,4.63669,539.51239,0.44422,0
3254,734.83401,249.87201,100.97184,8,0,0,0.25241,1.00000,8.00000,930.85858,12.00000,1396.28784,0.69651,0
3255,734.69344,289.47290,62.17702,5,0,0,0.26294,0.89636,4.00000,465.42929,4.36132,507.47174,0.47635,0
3256,734.83647,328.57736,101.43056,8,0,0,0.24103,1.00000,8.30662,966.53644,12.00000,1396.28784,0.70534,0
3257,734.69590,368.17825,62.63574,5,0,0,0.26446,0.88889,3.00000,349.07196,4.15120,483.02249,0.51456,0
3258,734.83893,407.28271,101.88927,8,0,0,0.24610,1.00000,9.05539,1053.66040,12.00000,1396.28784,0.71994,0
3259,734.69836,446.88360,63.09445,5,0,0,0.26705,0.87705,3.31662,385.91360,4.03325,469.29855,0.51315,0
3260,734.84139,485.98806,102.34798,8,0,0,0.24661,1.00000,9.21954,1072.76147,12.00000,1396.28784,0.72250,0
3261,734.70082,525.58895,63.55317,5,0,0,0.26098,0.88732,3.00000,349.07196,3.92375,456.55655,0.51373,0
3262,734.84385,564.69341,102.80670,8,0,0,0.24491,1.00000,8.12404,945.29138,12.00000,1396.28784,0.71309,0
3263,734.70328,604.29430,64.01188,5,0,0,0.26427,0.89256,3.00000,349.07196,4.38918,510.71280,0.48410,0
3264,734.84631,643.39877,103.26541,8,0,0,0.24341,1.00000,8.00000,930.85858,12.00000,1396.28784,0.69043,0
3265,734.70574,682.99965,64.47059,5,0,0,0.26861,0.87465,3.16228,367.95416,3.87545,450.93707,0.40813,0
3266,734.84877,722.10412,103.72413,8,0,0,0.24914,1.00000,6.63325,771.82721,10.40488,1210.68384,0.62016,0
3267,734.70820,761.70500,64.92931,3,0,0,0.00000,0.00000,0.00000,0.00000,0.00000,0.00000,0.01824,0
3268,734.96967,52.86042,138.84923,5,0,0,0.28048,0.83379,2.44949,285.01608,3.55323,413.44455,0.35226,0
3269,735.11270,91.96488,178.10277,8,0,0,0.25172,1.00000,7.28011,847.09412,10.15114,1181.15967,0.58080,0
3270,734.97213,131.56577,139.30795,8,0,0,0.24189,1.00000,7.07107,822.77051,11.36952,1322.92749,0.62598,0
3271,735.11516,170.67023,178.56148,8,0,0,0.24290,1.00000,7.34847,855.04822,12.00000,1396.28784,0.65760,0
3272,734.97459,210.27112,139.76666,8,0,0,0.24678,1.00000,7.28011,847.09412,12.00000,1396.28784,0.68614,0
3273,735.11762,249.37558,179.02019,8,0,0,0.24644,1.00000,9.05539,1053.66040,12.00000,1396.28784,0.69709,0
3274,734.97705,288.97647,140.22538,8,0,0,0.25069,1.00000,8.06226,938.10272,12.00000,1396.28784,0.70413,0
3275,735.12008,328.08093,179.47891,8,0,0,0.24540,1.00000,9.05539,1053.66040,12.00000,1396.28784,0.71763,0
3276,734.97950,367.68182,140.68409,8,0,0,0.24544,1.00000,9.21954,1072.76147,12.00000,1396.28784,0.72326,0
3277,735.12253,406.78629,179.93762,8,0,0,0.25034,1.00000,10.09950,1175.15125,12.00000,1396.28784,0.72794,0
3278,734.98196,446.38717,141.14280,8,0,0,0.24728,1.00000,9.43398,1097.71277,12.00000,1396.28784,0.73069,0
3279,735.12499,485.49164,180.39634,8,0,0,0.24308,1.00000,9.05539,1053.66040,12.00000,1396.28784,0.72710,0
3280,734.98442,525.09253,141.60152,8,0,0,0.24524,1.00000,9.00000,1047.21594,12.00000,1396.28784,0.73562,0
3281,734.98688,603.79788,142.06023,8,0,0,0.24794,1.00000,8.12404,945.29138,12.00000,1396.28784,0.72070,0
3282,734.98934,682.50323,142.51895,8,0,0,0.24430,1.00000,7.07107,822.77051,12.00000,1396.28784,0.67014,0
3283,734.99180,761.20858,142.97766,5,0,0,0.00000,0.00000,0.00000,0.00000,0.00000,0.00000,0.13632,0
3284,735.25327,52.36399,216.89759,5,0,0,0.26335,0.79666,2.82843,329.10822,2.72241,316.77277,0.33466,0
3285,735.25573,131.06934,217.35630,8,0,0,0.24355,1.00000,8.00000,930.85858,11.24293,1308.19690,0.62067,0
3286,735.25819,209.77469,217.81501,8,0,0,0.24796,1.00000,9.00000,1047.21594,12.00000,1396.28784,0.67859,0
3287,735.26065,288.48005,218.27373,8,0,0,0.24222,1.00000,10.09950,1175.15125,12.00000,1396.28784,0.69446,0
3288,735.26311,367.18540,218.73244,8,0,0,0.24677,1.00000,10.04988,1169.37659,12.00000,1396.28784,0.71341,0
3289,735.26556,445.89075,219.19116,8,0,0,0.24610,1.00000,9.94987,1157.74072,12.00000,1396.28784,0.72634,0
3290,735.26802,524.59610,219.64987,8,0,0,0.24087,1.00000,9.11043,1060.06567,12.00000,1396.28784,0.72090,0
3291,735.12745,564.19699,180.85505,8,0,0,0.25000,1.00000,9.27362,1079.05347,12.00000,1396.28784,0.72390,0
3292,735.27048,603.30145,220.10858,8,0,0,0.24372,1.00000,9.48683,1103.86243,12.00000,1396.28784,0.71597,0
3293,735.12991,642.90234,181.31376,8,0,0,0.24542,1.00000,8.36660,973.51520,12.00000,1396.28784,0.70099,0
3294,735.27294,682.00680,220.56730,8,0,0,0.24208,1.00000,8.06226,938.10272,12.00000,1396.28784,0.67098,0
3295,735.13237,721.60769,181.77248,8,0,0,0.24290,1.00000,7.34847,855.04822,11.64836,1355.37207,0.63584,0
3296,735.27540,760.71215,221.02601,5,0,0,0.00000,0.00000,0.00000,0.00000,0.00000,0.00000,0.14720,0
3297,735.53687,51.86757,294.94594,5,0,0,0.24741,0.72452,2.00000,232.71465,2.11752,246.38911,0.37670,0
3298,735.39630,91.46845,256.15112,8,0,0,0.24251,1.00000,7.07107,822.77051,9.84982,1146.09888,0.56730,0
3299,735.53933,130.57292,295.40465,8,0,0,0.23665,1.00000,8.00000,930.85858,11.09083,1290.49988,0.62829,0
3300,735.39876,170.17381,256.60983,8,0,0,0.23986,1.00000,8.24621,959.50702,12.00000,1396.28784,0.63456,0
3301,735.54179,209.27827,295.86337,8,0,0,0.24240,1.00000,8.48528,987.32458,12.00000,1396.28784,0.66912,0
3302,735.40122,248.87916,257.06855,8,0,0,0.24558,1.00000,9.00000,1047.21594,12.00000,1396.28784,0.67507,0
3303,735.54425,287.98362,296.32208,8,0,0,0.24273,1.00000,9.79796,1140.06433,12.00000,1396.28784,0.70259,0
3304,735.40368,327.58451,257.52726,8,0,0,0.23629,1.00000,10.04988,1169.37659,12.00000,1396.28784,0.69568,0
3305,735.54671,366.68897,296.78079,8,0,0,0.23986,1.00000,9.89950,1151.87878,12.00000,1396.28784,0.70630,0
3306,735.40614,406.28986,257.98597,8,0,0,0.24122,1.00000,10.09950,1175.15125,12.00000,1396.28784,0.70630,0
3307,735.54917,445.39432,297.23951,8,0,0,0.23968,1.00000,9.94987,1157.74072,12.00000,1396.28784,0.71968,0
3308,735.40859,484.99521,258.44469,8,0,0,0.24528,1.00000,10.04988,1169.37659,12.00000,1396.28784,0.70918,0
3309,735.55162,524.09967,297.69822,8,0,0,0.24173,1.00000,9.69536,1128.12610,12.00000,1396.28784,0.72730,0
3310,735.41105,563.70056,258.90340,8,0,0,0.24290,1.00000,9.43398,1097.71277,12.00000,1396.28784,0.71430,0
3311,735.55408,602.80502,298.15694,8,0,0,0.24222,1.00000,9.27362,1079.05347,12.00000,1396.28784,0.71827,0
3312,735.41351,642.40591,259.36212,8,0,0,0.23965,1.00000,9.05539,1053.66040,12.00000,1396.28784,0.69888,0
3313,735.55654,681.51038,298.61565,8,0,0,0.23729,1.00000,8.48528,987.32458,12.00000,1396.28784,0.69062,0
3314,735.41597,721.11126,259.82083,8,0,0,0.24222,1.00000,7.34847,855.04822,11.94077,1389.39551,0.63949,0
3315,735.55900,760.21573,299.07436,5,0,0,0.00000,0.00000,0.00000,0.00000,0.00000,0.00000,0.18157,0
3316,735.82047,51.37114,372.99429,5,0,0,0.23851,0.68219,2.00000,232.71465,0.00000,0.00000,0.34784,0
3317,735.67990,90.97203,334.19947,8,0,0,0.24761,1.00000,7.00000,814.50128,9.85359,1146.53711,0.58528,0
3318,735.82293,130.07649,373.45300,8,0,0,0.24355,1.00000,7.07107,822.77051,10.31953,1200.75342,0.59974,0
3319,735.68236,169.67738,334.65819,8,0,0,0.24711,1.00000,8.00000,930.85858,11.83367,1376.93457,0.64314,0
3320,735.82539,208.78184,373.91172,8,0,0,0.24949,1.00000,9.00000,1047.21594,12.00000,1396.28784,0.65626,0
3321,735.68482,248.38273,335.11690,8,0,0,0.24390,1.00000,9.00000,1047.21594,12.00000,1396.28784,0.68358,0
3322,735.82785,287.48719,374.37043,8,0,0,0.23922,1.00000,8.60233,1000.94354,12.00000,1396.28784,0.67046,0
3323,735.68728,327.08808,335.57561,8,0,0,0.24154,1.00000,9.38083,1091.52844,12.00000,1396.28784,0.68320,0
3324,735.83031,366.19254,374.82915,8,0,0,0.24898,1.00000,9.11043,1060.06567,12.00000,1396.28784,0.69210,0
3325,735.68974,405.79343,336.03433,8,0,0,0.24677,1.00000,9.43398,1097.71277,12.00000,1396.28784,0.70490,0
3326,735.83277,444.89790,375.28786,8,0,0,0.24542,1.00000,9.69536,1128.12610,12.00000,1396.28784,0.69517,0
3327,735.69220,484.49878,336.49304,8,0,0,0.23697,1.00000,9.69536,1128.12610,12.00000,1396.28784,0.70624,0
3328,735.83523,523.60325,375.74657,8,0,0,0.24273,1.00000,9.43398,1097.71277,12.00000,1396.28784,0.70547,0
3329,735.69465,563.20414,336.95175,8,0,0,0.24728,1.00000,9.05539,1053.66040,12.00000,1396.28784,0.71622,0
3330,735.83769,602.30860,376.20529,8,0,0,0.24475,1.00000,9.21954,1072.76147,12.00000,1396.28784,0.71258,0
3331,735.69711,641.90949,337.41047,8,0,0,0.24171,1.00000,8.77496,1021.03137,12.00000,1396.28784,0.71040,0
3332,735.84014,681.01395,376.66400,8,0,0,0.24628,1.00000,8.06226,938.10272,12.00000,1396.28784,0.67462,0
3333,735.69957,720.61484,337.86918,8,0,0,0.24339,1.00000,7.14143,830.95752,11.92989,1388.12964,0.64979,0
3334,735.84260,759.71930,377.12272,5,0,0,0.00000,0.00000,0.00000,0.00000,0.00000,0.00000,0.17421,0
3335,736.10407,50.87471,451.04264,5,0,0,0.26531,0.78142,2.00000,232.71465,2.21429,257.64835,0.36109,0
3336,735.96350,90.47560,412.24782,8,0,0,0.24691,1.00000,6.40312,745.05042,9.55390,1111.66663,0.56858,0
3337,736.10653,129.58007,451.50136,8,0,0,0.24509,1.00000,7.00000,814.50128,10.23426,1190.83118,0.58048,0
3338,735.96596,169.18095,412.70654,8,0,0,0.24847,1.00000,8.00000,930.85858,11.38582,1324.82397,0.61683,0
3339,736.10899,208.28542,451.96007,8,0,0,0.24932,1.00000,8.30662,966.53644,12.00000,1396.28784,0.63110,0
3340,735.96842,247.88630,413.16525,8,0,0,0.25189,1.00000,8.24621,959.50702,12.00000,1396.28784,0.65056,0
3341,736.11145,286.99077,452.41878,8,0,0,0.24694,1.00000,8.60233,1000.94354,12.00000,1396.28784,0.65677,0
3342,735.97088,326.59166,413.62396,8,0,0,0.24290,1.00000,8.30662,966.53644,12.00000,1396.28784,0.66611,0
3343,736.11391,365.69612,452.87750,8,0,0,0.24526,1.00000,9.11043,1060.06567,12.00000,1396.28784,0.66099,0
3344,735.97334,405.29701,414.08268,8,0,0,0.24829,1.00000,8.77496,1021.03137,12.00000,1396.28784,0.68608,0
3345,736.11637,444.40147,453.33621,8,0,0,0.24206,1.00000,7.21110,839.06458,11.95724,1391.31201,0.63462,0
3346,735.97580,484.00236,414.54139,8,0,0,0.24659,1.00000,9.11043,1060.06567,12.00000,1396.28784,0.68826,0
3347,736.11883,523.10682,453.79493,8,0,0,0.24932,1.00000,10.00000,1163.57324,12.00000,1396.28784,0.68160,0
3348,735.97826,562.70771,415.00011,8,0,0,0.24743,1.00000,9.05539,1053.66040,12.00000,1396.28784,0.70086,0
3349,736.12129,601.81217,454.25364,8,0,0,0.24627,1.00000,9.11043,1060.06567,12.00000,1396.28784,0.68365,0
3350,735.98072,641.41306,415.45882,8,0,0,0.24528,1.00000,8.48528,987.32458,12.00000,1396.28784,0.69018,0
3351,736.12375,680.51752,454.71235,8,0,0,0.24157,1.00000,8.00000,930.85858,12.00000,1396.28784,0.65779,0
3352,735.98317,720.11841,415.91753,8,0,0,0.25224,1.00000,8.00000,930.85858,11.73498,1365.45129,0.62515,0
3353,736.24710,89.97918,490.29618,8,0,0,0.24541,1.00000,7.14143,830.95752,9.80806,1141.23950,0.56128,0
3354,736.24956,168.68453,490.75489,8,0,0,0.24440,1.00000,8.00000,930.85858,10.97435,1276.94629,0.59270,0
3355,736.25202,247.38988,491.21360,8,0,0,0.24038,1.00000,9.16515,1066.43250,11.84048,1377.72681,0.62298,0
3356,736.25448,326.09523,491.67232,8,0,0,0.24458,1.00000,8.06226,938.10272,12.00000,1396.28784,0.63443,0
3357,736.25694,404.80058,492.13103,8,0,0,0.24678,1.00000,8.77496,1021.03137,12.00000,1396.28784,0.64723,0
3358,736.25940,483.50593,492.58974,8,0,0,0.23935,1.00000,9.38083,1091.52844,12.00000,1396.28784,0.65402,0
3359,736.26186,562.21128,493.04846,8,0,0,0.24915,1.00000,9.00000,1047.21594,12.00000,1396.28784,0.66752,0
3360,736.26432,640.91664,493.50717,8,0,0,0.24224,1.00000,9.00000,1047.21594,12.00000,1396.28784,0.65536,0
3361,736.26678,719.62199,493.96589,8,0,0,0.24357,1.00000,7.68115,893.75757,11.17045,1299.76428,0.59936,0
3362,736.12620,759.22287,455.17107,5,0,0,0.00000,0.00000,0.00000,0.00000,0.00000,0.00000,0.17773,0
3363,736.38768,50.37829,529.09099,5,0,0,0.23737,0.69553,2.00000,232.71465,0.00000,0.00000,0.33242,0
3364,736.53071,89.48275,568.34453,8,0,0,0.23871,1.00000,7.07107,822.77051,9.41630,1095.65564,0.56032,0
3365,736.39013,129.08364,529.54971,8,0,0,0.24257,1.00000,7.07107,822.77051,9.87045,1148.49963,0.55891,0
3366,736.53316,168.18810,568.80324,8,0,0,0.24051,1.00000,8.00000,930.85858,10.57845,1230.87976,0.59738,0
3367,736.39259,207.78899,530.00842,8,0,0,0.24509,1.00000,7.28011,847.09412,11.15436,1297.89172,0.60262,0
3368,736.53562,246.89345,569.26195,8,0,0,0.24189,1.00000,8.12404,945.29138,11.08871,1290.25232,0.61446,0
3369,736.39505,286.49434,530.46714,8,0,0,0.23784,1.00000,8.06226,938.10272,11.54466,1343.30591,0.60909,0
3370,736.53808,325.59880,569.72067,8,0,0,0.23984,1.00000,8.60233,1000.94354,11.70016,1361.39966,0.63494,0
3371,736.39751,365.19969,530.92585,8,0,0,0.24644,1.00000,7.00000,814.50128,11.96410,1392.11047,0.62746,0
3372,736.54054,404.30416,570.17938,8,0,0,0.24073,1.00000,8.60233,1000.94354,11.95809,1391.41162,0.64077,0
3373,736.39997,443.90504,531.38456,8,0,0,0.24271,1.00000,8.30662,966.53644,12.00000,1396.28784,0.63475,0
3374,736.54300,483.00951,570.63810,8,0,0,0.24377,1.00000,8.60233,1000.94354,11.82797,1376.27051,0.63974,0
3375,736.40243,522.61040,531.84328,8,0,0,0.23938,1.00000,8.94427,1040.73157,12.00000,1396.28784,0.64237,0
3376,736.54546,561.71486,571.09681,8,0,0,0.24240,1.00000,8.00000,930.85858,11.73811,1365.81458,0.63789,0
3377,736.40489,601.31575,532.30199,8,0,0,0.24475,1.00000,9.00000,1047.21594,12.00000,1396.28784,0.63827,0
3378,736.54792,640.42021,571.55552,8,0,0,0.23736,1.00000,8.00000,930.85858,11.81610,1374.88965,0.64346,0
3379,736.40735,680.02110,532.76071,8,0,0,0.24408,1.00000,7.61577,886.15100,11.82084,1375.44092,0.61523,0
3380,736.55038,719.12556,572.01424,8,0,0,0.24676,1.00000,7.28011,847.09412,10.46715,1217.92944,0.60173,0
3381,736.40981,758.72645,533.21942,5,0,0,0.00000,0.00000,0.00000,0.00000,0.00000,0.00000,0.15789,0
3382,736.67128,49.88186,607.13935,5,0,0,0.27758,0.85042,3.00000,349.07196,3.90560,454.44556,0.35296,0
3383,736.81431,88.98632,646.39288,8,0,0,0.25138,1.00000,6.00000,698.14392,8.97830,1044.69092,0.53357,0
3384,736.67374,128.58721,607.59806,8,0,0,0.24197,1.00000,7.00000,814.50128,9.44513,1099.01001,0.56128,0
3385,736.81677,167.69168,646.85159,8,0,0,0.24726,1.00000,7.00000,814.50128,9.59593,1116.55615,0.55731,0
3386,736.67619,207.29256,608.05677,8,0,0,0.24339,1.00000,8.00000,930.85858,10.63897,1237.92261,0.59597,0
3387,736.81922,246.39703,647.31031,8,0,0,0.24224,1.00000,7.81025,908.77979,9.98568,1161.90735,0.57331,0
3388,736.67865,285.99792,608.51549,8,0,0,0.24208,1.00000,7.48331,870.73853,10.73584,1249.19397,0.60346,0
3389,736.82168,325.10238,647.76902,8,0,0,0.24847,1.00000,8.00000,930.85858,10.11773,1177.27173,0.57299,0
3390,736.68111,364.70327,608.97420,8,0,0,0.24407,1.00000,8.00000,930.85858,11.09986,1291.54968,0.61472,0
3391,736.82414,403.80773,648.22773,8,0,0,0.24712,1.00000,7.87401,916.19843,10.42770,1213.33899,0.58675,0
3392,736.68357,443.40862,609.43292,8,0,0,0.23968,1.00000,7.61577,886.15100,11.10472,1292.11572,0.61491,0
3393,736.82660,482.51308,648.68645,8,0,0,0.24100,1.00000,7.00000,814.50128,10.02315,1166.26721,0.58125,0
3394,736.68603,522.11397,609.89163,8,0,0,0.24745,1.00000,8.00000,930.85858,10.91796,1270.38513,0.61344,0
3395,736.82906,561.21843,649.14516,8,0,0,0.25034,1.00000,7.00000,814.50128,10.22511,1189.76648,0.58778,0
3396,736.68849,600.81932,610.35034,8,0,0,0.24440,1.00000,7.54983,878.47852,10.84849,1262.30127,0.61197,0
3397,736.83152,639.92378,649.60388,8,0,0,0.24727,1.00000,7.00000,814.50128,10.03342,1167.46228,0.57907,0
3398,736.69095,679.52467,610.80906,8,0,0,0.24133,1.00000,7.00000,814.50128,10.20230,1187.11206,0.59245,0
3399,736.83398,718.62913,650.06259,8,0,0,0.25156,1.00000,6.32456,735.90833,9.50252,1105.68787,0.56096,0
3400,736.69341,758.23002,611.26777,5,0,0,0.00000,0.00000,0.00000,0.00000,0.00000,0.00000,0.15866,0
3401,736.95488,49.38544,685.18770,5,0,0,0.28584,0.88430,3.31662,385.91360,4.18232,486.64395,0.32448,0
3402,737.09791,88.48990,724.44123,8,0,0,0.25894,1.00000,6.00000,698.14392,7.71556,897.76208,0.48026,0
3403,736.95734,128.09079,685.64641,8,0,0,0.25421,1.00000,6.00000,698.14392,8.18398,952.26569,0.50995,0
3404,737.10037,167.19525,724.89995,8,0,0,0.26725,1.00000,5.65685,658.21643,7.87342,916.12958,0.49030,0
3405,736.95980,206.79614,686.10513,8,0,0,0.25121,1.00000,6.92820,806.14716,8.98867,1045.89709,0.53715,0
3406,737.10283,245.90060,725.35866,8,0,0,0.24965,1.00000,6.32456,735.90833,8.17126,950.78571,0.50330,0
3407,736.96226,285.50149,686.56384,8,0,0,0.24661,1.00000,7.00000,814.50128,9.36198,1089.33545,0.54899,0
3408,737.10529,324.60595,725.81737,8,0,0,0.24644,1.00000,7.00000,814.50128,8.42167,979.92261,0.50720,0
3409,736.96471,364.20684,687.02255,8,0,0,0.25156,1.00000,7.00000,814.50128,9.22699,1073.62732,0.55174,0
3410,737.10774,403.31130,726.27609,8,0,0,0.24708,1.00000,6.40312,745.05042,8.33576,969.92664,0.50387,0
3411,736.96717,442.91219,687.48127,8,0,0,0.24486,1.00000,6.16441,717.27472,9.34320,1087.14929,0.54874,0
3412,737.11020,482.01665,726.73480,8,0,0,0.25612,1.00000,6.55744,763.00598,8.18966,952.92700,0.49619,0
3413,736.96963,521.61754,687.93998,8,0,0,0.24760,1.00000,6.00000,698.14392,9.01036,1048.42163,0.53856,0
3414,737.11266,560.72201,727.19351,8,0,0,0.25474,1.00000,6.00000,698.14392,8.18296,952.14685,0.48858,0
3415,736.97209,600.32289,688.39870,8,0,0,0.24624,1.00000,6.32456,735.90833,9.04566,1052.52893,0.54035,0
3416,737.11512,639.42736,727.65223,8,0,0,0.25229,1.00000,5.38516,626.60333,7.93046,922.76703,0.48352,0
3417,736.97455,679.02825,688.85741,8,0,0,0.25511,1.00000,6.08276,707.77399,8.78931,1022.70062,0.52467,0
3418,737.11758,718.13271,728.11094,8,0,0,0.27206,1.00000,5.38516,626.60333,7.56449,880.18384,0.47776,0
3419,736.97701,757.73360,689.31612,5,0,0,0.00000,0.00000,0.00000,0.00000,0.00000,0.00000,0.13082,0
3420,737.23848,48.88901,763.23605,3,0,0,0.23172,0.45777,1.41421,164.55411,0.00000,0.00000,0.15494,0
3421,737.24094,127.59436,763.69476,5,0,0,0.22748,0.55337,1.41421,164.55411,0.00000,0.00000,0.24570,0
3422,737.24340,206.29971,764.15348,5,0,0,0.21411,0.49176,1.00000,116.35732,0.00000,0.00000,0.25722,0
3423,737.24586,285.00506,764.61219,5,0,0,0.19053,0.43370,0.00000,0.00000,0.00000,0.00000,0.24256,0
3424,737.24832,363.71041,765.07091,5,0,0,0.16137,0.35180,0.00000,0.00000,0.00000,0.00000,0.24179,0
3425,737.25077,442.41577,765.52962,5,0,0,0.14820,0.31445,0.00000,0.00000,0.00000,0.00000,0.22618,0
3426,737.25323,521.12112,765.98833,5,0,0,0.12789,0.25895,0.00000,0.00000,0.00000,0.00000,0.22131,0
3427,737.25569,599.82647,766.44705,5,0,0,0.17139,0.35674,0.00000,0.00000,0.00000,0.00000,0.22970,0
3428,737.25815,678.53182,766.90576,5,0,0,0.15021,0.29167,0.00000,0.00000,0.00000,0.00000,0.20941,0
3429,737.26061,757.23717,767.36448,3,0,0,0.00000,0.00000,0.00000,0.00000,0.00000,0.00000,0.00710,0
